experiment_id,run_id,timestamp,environment,measurement_type,architecture,processor,cpu_cores,ram_mb,os,compiler,compiler_version,optimization_flags,implementation,implementation_version,mlkem_variant,operation,iteration,execution_time_ns,memory_bytes,success,error_message
d7fff568-167f-493a-a0a4-a1951de7ce0b,2c3aeb11-0975-4471-b3a2-4847e2a502eb,2026-08-12T16:53:20.763177+00:00,native_windows_x86_64,NATIVE_SOFTWARE,x86_64,"AMD64 Family 23 Model 96 Stepping 1, AuthenticAMD",12,7598,Windows-11-10.0.26200-SP0,N/A (prebuilt Python extension wheel),N/A,N/A (prebuilt wheel),pqcrypto,0.4.0,ML-KEM-512,keygen,1,1565600,,True,
d7fff568-167f-493a-a0a4-a1951de7ce0b,2c3aeb11-0975-4471-b3a2-4847e2a502eb,2026-08-12T16:53:20.765082+00:00,native_windows_x86_64,NATIVE_SOFTWARE,x86_64,"AMD64 Family 23 Model 96 Stepping 1, AuthenticAMD",12,7598,Windows-11-10.0.26200-SP0,N/A (prebuilt Python extension wheel),N/A,N/A (prebuilt wheel),pqcrypto,0.4.0,ML-KEM-512,encapsulation,1,174300,,True,
d7fff568-167f-493a-a0a4-a1951de7ce0b,2c3aeb11-0975-4471-b3a2-4847e2a502eb,2026-08-12T16:53:20.765331+00:00,native_windows_x86_64,NATIVE_SOFTWARE,x86_64,"AMD64 Family 23 Model 96 Stepping 1, AuthenticAMD",12,7598,Windows-11-10.0.26200-SP0,N/A (prebuilt Python extension wheel),N/A,N/A (prebuilt wheel),pqcrypto,0.4.0,ML-KEM-512,decapsulation,1,48600,,True,
d7fff568-167f-493a-a0a4-a1951de7ce0b,2c3aeb11-0975-4471-b3a2-4847e2a502eb,2026-08-12T16:53:20.765436+00:00,native_windows_x86_64,NATIVE_SOFTWARE,x86_64,"AMD64 Family 23 Model 96 Stepping 1, AuthenticAMD",12,7598,Windows-11-10.0.26200-SP0,N/A (prebuilt Python extension wheel),N/A,N/A (prebuilt wheel),pqcrypto,0.4.0,ML-KEM-512,keygen,2,160600,,True,
d7fff568-167f-493a-a0a4-a1951de7ce0b,2c3aeb11-0975-4471-b3a2-4847e2a502eb,2026-08-12T16:53:20.765806+00:00,native_windows_x86_64,NATIVE_SOFTWARE,x86_64,"AMD64 Family 23 Model 96 Stepping 1, AuthenticAMD",12,7598,Windows-11-10.0.26200-SP0,N/A (prebuilt Python extension wheel),N/A,N/A (prebuilt wheel),pqcrypto,0.4.0,ML-KEM-512,encapsulation,2,156000,,True,
d7fff568-167f-493a-a0a4-a1951de7ce0b,2c3aeb11-0975-4471-b3a2-4847e2a502eb,2026-08-12T16:53:20.766023+00:00,native_windows_x86_64,NATIVE_SOFTWARE,x86_64,"AMD64 Family 23 Model 96 Stepping 1, AuthenticAMD",12,7598,Windows-11-10.0.26200-SP0,N/A (prebuilt Python extension wheel),N/A,N/A (prebuilt wheel),pqcrypto,0.4.0,ML-KEM-512,decapsulation,2,46200,,True,
d7fff568-167f-493a-a0a4-a1951de7ce0b,2c3aeb11-0975-4471-b3a2-4847e2a502eb,2026-08-12T16:53:20.766111+00:00,native_windows_x86_64,NATIVE_SOFTWARE,x86_64,"AMD64 Family 23 Model 96 Stepping 1, AuthenticAMD",12,7598,Windows-11-10.0.26200-SP0,N/A (prebuilt Python extension wheel),N/A,N/A (prebuilt wheel),pqcrypto,0.4.0,ML-KEM-512,keygen,3,185700,,True,
d7fff568-167f-493a-a0a4-a1951de7ce0b,2c3aeb11-0975-4471-b3a2-4847e2a502eb,2026-08-12T16:53:20.766516+00:00,native_windows_x86_64,NATIVE_SOFTWARE,x86_64,"AMD64 Family 23 Model 96 Stepping 1, AuthenticAMD",12,7598,Windows-11-10.0.26200-SP0,N/A (prebuilt Python extension wheel),N/A,N/A (prebuilt wheel),pqcrypto,0.4.0,ML-KEM-512,encapsulation,3,154700,,True,
d7fff568-167f-493a-a0a4-a1951de7ce0b,2c3aeb11-0975-4471-b3a2-4847e2a502eb,2026-08-12T16:53:20.766733+00:00,native_windows_x86_64,NATIVE_SOFTWARE,x86_64,"AMD64 Family 23 Model 96 Stepping 1, AuthenticAMD",12,7598,Windows-11-10.0.26200-SP0,N/A (prebuilt Python extension wheel),N/A,N/A (prebuilt wheel),pqcrypto,0.4.0,ML-KEM-512,decapsulation,3,44800,,True,
d7fff568-167f-493a-a0a4-a1951de7ce0b,2c3aeb11-0975-4471-b3a2-4847e2a502eb,2026-08-12T16:53:20.766824+00:00,native_windows_x86_64,NATIVE_SOFTWARE,x86_64,"AMD64 Family 23 Model 96 Stepping 1, AuthenticAMD",12,7598,Windows-11-10.0.26200-SP0,N/A (prebuilt Python extension wheel),N/A,N/A (prebuilt wheel),pqcrypto,0.4.0,ML-KEM-512,keygen,4,178400,,True,
d7fff568-167f-493a-a0a4-a1951de7ce0b,2c3aeb11-0975-4471-b3a2-4847e2a502eb,2026-08-12T16:53:20.767205+00:00,native_windows_x86_64,NATIVE_SOFTWARE,x86_64,"AMD64 Family 23 Model 96 Stepping 1, AuthenticAMD",12,7598,Windows-11-10.0.26200-SP0,N/A (prebuilt Python extension wheel),N/A,N/A (prebuilt wheel),pqcrypto,0.4.0,ML-KEM-512,encapsulation,4,150800,,True,
d7fff568-167f-493a-a0a4-a1951de7ce0b,2c3aeb11-0975-4471-b3a2-4847e2a502eb,2026-08-12T16:53:20.767419+00:00,native_windows_x86_64,NATIVE_SOFTWARE,x86_64,"AMD64 Family 23 Model 96 Stepping 1, AuthenticAMD",12,7598,Windows-11-10.0.26200-SP0,N/A (prebuilt Python extension wheel),N/A,N/A (prebuilt wheel),pqcrypto,0.4.0,ML-KEM-512,decapsulation,4,45900,,True,
d7fff568-167f-493a-a0a4-a1951de7ce0b,2c3aeb11-0975-4471-b3a2-4847e2a502eb,2026-08-12T16:53:20.767508+00:00,native_windows_x86_64,NATIVE_SOFTWARE,x86_64,"AMD64 Family 23 Model 96 Stepping 1, AuthenticAMD",12,7598,Windows-11-10.0.26200-SP0,N/A (prebuilt Python extension wheel),N/A,N/A (prebuilt wheel),pqcrypto,0.4.0,ML-KEM-512,keygen,5,156600,,True,
d7fff568-167f-493a-a0a4-a1951de7ce0b,2c3aeb11-0975-4471-b3a2-4847e2a502eb,2026-08-12T16:53:20.767873+00:00,native_windows_x86_64,NATIVE_SOFTWARE,x86_64,"AMD64 Family 23 Model 96 Stepping 1, AuthenticAMD",12,7598,Windows-11-10.0.26200-SP0,N/A (prebuilt Python extension wheel),N/A,N/A (prebuilt wheel),pqcrypto,0.4.0,ML-KEM-512,encapsulation,5,155500,,True,
d7fff568-167f-493a-a0a4-a1951de7ce0b,2c3aeb11-0975-4471-b3a2-4847e2a502eb,2026-08-12T16:53:20.768093+00:00,native_windows_x86_64,NATIVE_SOFTWARE,x86_64,"AMD64 Family 23 Model 96 Stepping 1, AuthenticAMD",12,7598,Windows-11-10.0.26200-SP0,N/A (prebuilt Python extension wheel),N/A,N/A (prebuilt wheel),pqcrypto,0.4.0,ML-KEM-512,decapsulation,5,45700,,True,
d7fff568-167f-493a-a0a4-a1951de7ce0b,2c3aeb11-0975-4471-b3a2-4847e2a502eb,2026-08-12T16:53:20.768180+00:00,native_windows_x86_64,NATIVE_SOFTWARE,x86_64,"AMD64 Family 23 Model 96 Stepping 1, AuthenticAMD",12,7598,Windows-11-10.0.26200-SP0,N/A (prebuilt Python extension wheel),N/A,N/A (prebuilt wheel),pqcrypto,0.4.0,ML-KEM-512,keygen,6,177700,,True,
d7fff568-167f-493a-a0a4-a1951de7ce0b,2c3aeb11-0975-4471-b3a2-4847e2a502eb,2026-08-12T16:53:20.768569+00:00,native_windows_x86_64,NATIVE_SOFTWARE,x86_64,"AMD64 Family 23 Model 96 Stepping 1, AuthenticAMD",12,7598,Windows-11-10.0.26200-SP0,N/A (prebuilt Python extension wheel),N/A,N/A (prebuilt wheel),pqcrypto,0.4.0,ML-KEM-512,encapsulation,6,154900,,True,
d7fff568-167f-493a-a0a4-a1951de7ce0b,2c3aeb11-0975-4471-b3a2-4847e2a502eb,2026-08-12T16:53:20.768779+00:00,native_windows_x86_64,NATIVE_SOFTWARE,x86_64,"AMD64 Family 23 Model 96 Stepping 1, AuthenticAMD",12,7598,Windows-11-10.0.26200-SP0,N/A (prebuilt Python extension wheel),N/A,N/A (prebuilt wheel),pqcrypto,0.4.0,ML-KEM-512,decapsulation,6,44700,,True,
d7fff568-167f-493a-a0a4-a1951de7ce0b,2c3aeb11-0975-4471-b3a2-4847e2a502eb,2026-08-12T16:53:20.768884+00:00,native_windows_x86_64,NATIVE_SOFTWARE,x86_64,"AMD64 Family 23 Model 96 Stepping 1, AuthenticAMD",12,7598,Windows-11-10.0.26200-SP0,N/A (prebuilt Python extension wheel),N/A,N/A (prebuilt wheel),pqcrypto,0.4.0,ML-KEM-512,keygen,7,162300,,True,
d7fff568-167f-493a-a0a4-a1951de7ce0b,2c3aeb11-0975-4471-b3a2-4847e2a502eb,2026-08-12T16:53:20.769247+00:00,native_windows_x86_64,NATIVE_SOFTWARE,x86_64,"AMD64 Family 23 Model 96 Stepping 1, AuthenticAMD",12,7598,Windows-11-10.0.26200-SP0,N/A (prebuilt Python extension wheel),N/A,N/A (prebuilt wheel),pqcrypto,0.4.0,ML-KEM-512,encapsulation,7,150100,,True,
d7fff568-167f-493a-a0a4-a1951de7ce0b,2c3aeb11-0975-4471-b3a2-4847e2a502eb,2026-08-12T16:53:20.769457+00:00,native_windows_x86_64,NATIVE_SOFTWARE,x86_64,"AMD64 Family 23 Model 96 Stepping 1, AuthenticAMD",12,7598,Windows-11-10.0.26200-SP0,N/A (prebuilt Python extension wheel),N/A,N/A (prebuilt wheel),pqcrypto,0.4.0,ML-KEM-512,decapsulation,7,44500,,True,
d7fff568-167f-493a-a0a4-a1951de7ce0b,2c3aeb11-0975-4471-b3a2-4847e2a502eb,2026-08-12T16:53:20.769546+00:00,native_windows_x86_64,NATIVE_SOFTWARE,x86_64,"AMD64 Family 23 Model 96 Stepping 1, AuthenticAMD",12,7598,Windows-11-10.0.26200-SP0,N/A (prebuilt Python extension wheel),N/A,N/A (prebuilt wheel),pqcrypto,0.4.0,ML-KEM-512,keygen,8,152700,,True,
d7fff568-167f-493a-a0a4-a1951de7ce0b,2c3aeb11-0975-4471-b3a2-4847e2a502eb,2026-08-12T16:53:20.769900+00:00,native_windows_x86_64,NATIVE_SOFTWARE,x86_64,"AMD64 Family 23 Model 96 Stepping 1, AuthenticAMD",12,7598,Windows-11-10.0.26200-SP0,N/A (prebuilt Python extension wheel),N/A,N/A (prebuilt wheel),pqcrypto,0.4.0,ML-KEM-512,encapsulation,8,151200,,True,
d7fff568-167f-493a-a0a4-a1951de7ce0b,2c3aeb11-0975-4471-b3a2-4847e2a502eb,2026-08-12T16:53:20.770109+00:00,native_windows_x86_64,NATIVE_SOFTWARE,x86_64,"AMD64 Family 23 Model 96 Stepping 1, AuthenticAMD",12,7598,Windows-11-10.0.26200-SP0,N/A (prebuilt Python extension wheel),N/A,N/A (prebuilt wheel),pqcrypto,0.4.0,ML-KEM-512,decapsulation,8,44300,,True,
d7fff568-167f-493a-a0a4-a1951de7ce0b,2c3aeb11-0975-4471-b3a2-4847e2a502eb,2026-08-12T16:53:20.770196+00:00,native_windows_x86_64,NATIVE_SOFTWARE,x86_64,"AMD64 Family 23 Model 96 Stepping 1, AuthenticAMD",12,7598,Windows-11-10.0.26200-SP0,N/A (prebuilt Python extension wheel),N/A,N/A (prebuilt wheel),pqcrypto,0.4.0,ML-KEM-512,keygen,9,152400,,True,
d7fff568-167f-493a-a0a4-a1951de7ce0b,2c3aeb11-0975-4471-b3a2-4847e2a502eb,2026-08-12T16:53:20.770578+00:00,native_windows_x86_64,NATIVE_SOFTWARE,x86_64,"AMD64 Family 23 Model 96 Stepping 1, AuthenticAMD",12,7598,Windows-11-10.0.26200-SP0,N/A (prebuilt Python extension wheel),N/A,N/A (prebuilt wheel),pqcrypto,0.4.0,ML-KEM-512,encapsulation,9,149500,,True,
d7fff568-167f-493a-a0a4-a1951de7ce0b,2c3aeb11-0975-4471-b3a2-4847e2a502eb,2026-08-12T16:53:20.770972+00:00,native_windows_x86_64,NATIVE_SOFTWARE,x86_64,"AMD64 Family 23 Model 96 Stepping 1, AuthenticAMD",12,7598,Windows-11-10.0.26200-SP0,N/A (prebuilt Python extension wheel),N/A,N/A (prebuilt wheel),pqcrypto,0.4.0,ML-KEM-512,decapsulation,9,45700,,True,
d7fff568-167f-493a-a0a4-a1951de7ce0b,2c3aeb11-0975-4471-b3a2-4847e2a502eb,2026-08-12T16:53:20.771060+00:00,native_windows_x86_64,NATIVE_SOFTWARE,x86_64,"AMD64 Family 23 Model 96 Stepping 1, AuthenticAMD",12,7598,Windows-11-10.0.26200-SP0,N/A (prebuilt Python extension wheel),N/A,N/A (prebuilt wheel),pqcrypto,0.4.0,ML-KEM-512,keygen,10,159300,,True,
d7fff568-167f-493a-a0a4-a1951de7ce0b,2c3aeb11-0975-4471-b3a2-4847e2a502eb,2026-08-12T16:53:20.771416+00:00,native_windows_x86_64,NATIVE_SOFTWARE,x86_64,"AMD64 Family 23 Model 96 Stepping 1, AuthenticAMD",12,7598,Windows-11-10.0.26200-SP0,N/A (prebuilt Python extension wheel),N/A,N/A (prebuilt wheel),pqcrypto,0.4.0,ML-KEM-512,encapsulation,10,150400,,True,
d7fff568-167f-493a-a0a4-a1951de7ce0b,2c3aeb11-0975-4471-b3a2-4847e2a502eb,2026-08-12T16:53:20.771621+00:00,native_windows_x86_64,NATIVE_SOFTWARE,x86_64,"AMD64 Family 23 Model 96 Stepping 1, AuthenticAMD",12,7598,Windows-11-10.0.26200-SP0,N/A (prebuilt Python extension wheel),N/A,N/A (prebuilt wheel),pqcrypto,0.4.0,ML-KEM-512,decapsulation,10,44200,,True,
d7fff568-167f-493a-a0a4-a1951de7ce0b,2c3aeb11-0975-4471-b3a2-4847e2a502eb,2026-08-12T16:53:20.771704+00:00,native_windows_x86_64,NATIVE_SOFTWARE,x86_64,"AMD64 Family 23 Model 96 Stepping 1, AuthenticAMD",12,7598,Windows-11-10.0.26200-SP0,N/A (prebuilt Python extension wheel),N/A,N/A (prebuilt wheel),pqcrypto,0.4.0,ML-KEM-512,keygen,11,150500,,True,
d7fff568-167f-493a-a0a4-a1951de7ce0b,2c3aeb11-0975-4471-b3a2-4847e2a502eb,2026-08-12T16:53:20.772053+00:00,native_windows_x86_64,NATIVE_SOFTWARE,x86_64,"AMD64 Family 23 Model 96 Stepping 1, AuthenticAMD",12,7598,Windows-11-10.0.26200-SP0,N/A (prebuilt Python extension wheel),N/A,N/A (prebuilt wheel),pqcrypto,0.4.0,ML-KEM-512,encapsulation,11,148300,,True,
d7fff568-167f-493a-a0a4-a1951de7ce0b,2c3aeb11-0975-4471-b3a2-4847e2a502eb,2026-08-12T16:53:20.772251+00:00,native_windows_x86_64,NATIVE_SOFTWARE,x86_64,"AMD64 Family 23 Model 96 Stepping 1, AuthenticAMD",12,7598,Windows-11-10.0.26200-SP0,N/A (prebuilt Python extension wheel),N/A,N/A (prebuilt wheel),pqcrypto,0.4.0,ML-KEM-512,decapsulation,11,44100,,True,
d7fff568-167f-493a-a0a4-a1951de7ce0b,2c3aeb11-0975-4471-b3a2-4847e2a502eb,2026-08-12T16:53:20.772336+00:00,native_windows_x86_64,NATIVE_SOFTWARE,x86_64,"AMD64 Family 23 Model 96 Stepping 1, AuthenticAMD",12,7598,Windows-11-10.0.26200-SP0,N/A (prebuilt Python extension wheel),N/A,N/A (prebuilt wheel),pqcrypto,0.4.0,ML-KEM-512,keygen,12,153900,,True,
d7fff568-167f-493a-a0a4-a1951de7ce0b,2c3aeb11-0975-4471-b3a2-4847e2a502eb,2026-08-12T16:53:20.772686+00:00,native_windows_x86_64,NATIVE_SOFTWARE,x86_64,"AMD64 Family 23 Model 96 Stepping 1, AuthenticAMD",12,7598,Windows-11-10.0.26200-SP0,N/A (prebuilt Python extension wheel),N/A,N/A (prebuilt wheel),pqcrypto,0.4.0,ML-KEM-512,encapsulation,12,149700,,True,
d7fff568-167f-493a-a0a4-a1951de7ce0b,2c3aeb11-0975-4471-b3a2-4847e2a502eb,2026-08-12T16:53:20.772886+00:00,native_windows_x86_64,NATIVE_SOFTWARE,x86_64,"AMD64 Family 23 Model 96 Stepping 1, AuthenticAMD",12,7598,Windows-11-10.0.26200-SP0,N/A (prebuilt Python extension wheel),N/A,N/A (prebuilt wheel),pqcrypto,0.4.0,ML-KEM-512,decapsulation,12,44500,,True,
d7fff568-167f-493a-a0a4-a1951de7ce0b,2c3aeb11-0975-4471-b3a2-4847e2a502eb,2026-08-12T16:53:20.772973+00:00,native_windows_x86_64,NATIVE_SOFTWARE,x86_64,"AMD64 Family 23 Model 96 Stepping 1, AuthenticAMD",12,7598,Windows-11-10.0.26200-SP0,N/A (prebuilt Python extension wheel),N/A,N/A (prebuilt wheel),pqcrypto,0.4.0,ML-KEM-512,keygen,13,162600,,True,
d7fff568-167f-493a-a0a4-a1951de7ce0b,2c3aeb11-0975-4471-b3a2-4847e2a502eb,2026-08-12T16:53:20.773340+00:00,native_windows_x86_64,NATIVE_SOFTWARE,x86_64,"AMD64 Family 23 Model 96 Stepping 1, AuthenticAMD",12,7598,Windows-11-10.0.26200-SP0,N/A (prebuilt Python extension wheel),N/A,N/A (prebuilt wheel),pqcrypto,0.4.0,ML-KEM-512,encapsulation,13,151700,,True,
d7fff568-167f-493a-a0a4-a1951de7ce0b,2c3aeb11-0975-4471-b3a2-4847e2a502eb,2026-08-12T16:53:20.773545+00:00,native_windows_x86_64,NATIVE_SOFTWARE,x86_64,"AMD64 Family 23 Model 96 Stepping 1, AuthenticAMD",12,7598,Windows-11-10.0.26200-SP0,N/A (prebuilt Python extension wheel),N/A,N/A (prebuilt wheel),pqcrypto,0.4.0,ML-KEM-512,decapsulation,13,44400,,True,
d7fff568-167f-493a-a0a4-a1951de7ce0b,2c3aeb11-0975-4471-b3a2-4847e2a502eb,2026-08-12T16:53:20.773628+00:00,native_windows_x86_64,NATIVE_SOFTWARE,x86_64,"AMD64 Family 23 Model 96 Stepping 1, AuthenticAMD",12,7598,Windows-11-10.0.26200-SP0,N/A (prebuilt Python extension wheel),N/A,N/A (prebuilt wheel),pqcrypto,0.4.0,ML-KEM-512,keygen,14,156500,,True,
d7fff568-167f-493a-a0a4-a1951de7ce0b,2c3aeb11-0975-4471-b3a2-4847e2a502eb,2026-08-12T16:53:20.773989+00:00,native_windows_x86_64,NATIVE_SOFTWARE,x86_64,"AMD64 Family 23 Model 96 Stepping 1, AuthenticAMD",12,7598,Windows-11-10.0.26200-SP0,N/A (prebuilt Python extension wheel),N/A,N/A (prebuilt wheel),pqcrypto,0.4.0,ML-KEM-512,encapsulation,14,152400,,True,
d7fff568-167f-493a-a0a4-a1951de7ce0b,2c3aeb11-0975-4471-b3a2-4847e2a502eb,2026-08-12T16:53:20.774194+00:00,native_windows_x86_64,NATIVE_SOFTWARE,x86_64,"AMD64 Family 23 Model 96 Stepping 1, AuthenticAMD",12,7598,Windows-11-10.0.26200-SP0,N/A (prebuilt Python extension wheel),N/A,N/A (prebuilt wheel),pqcrypto,0.4.0,ML-KEM-512,decapsulation,14,44300,,True,
d7fff568-167f-493a-a0a4-a1951de7ce0b,2c3aeb11-0975-4471-b3a2-4847e2a502eb,2026-08-12T16:53:20.774278+00:00,native_windows_x86_64,NATIVE_SOFTWARE,x86_64,"AMD64 Family 23 Model 96 Stepping 1, AuthenticAMD",12,7598,Windows-11-10.0.26200-SP0,N/A (prebuilt Python extension wheel),N/A,N/A (prebuilt wheel),pqcrypto,0.4.0,ML-KEM-512,keygen,15,152000,,True,
d7fff568-167f-493a-a0a4-a1951de7ce0b,2c3aeb11-0975-4471-b3a2-4847e2a502eb,2026-08-12T16:53:20.774632+00:00,native_windows_x86_64,NATIVE_SOFTWARE,x86_64,"AMD64 Family 23 Model 96 Stepping 1, AuthenticAMD",12,7598,Windows-11-10.0.26200-SP0,N/A (prebuilt Python extension wheel),N/A,N/A (prebuilt wheel),pqcrypto,0.4.0,ML-KEM-512,encapsulation,15,153700,,True,
d7fff568-167f-493a-a0a4-a1951de7ce0b,2c3aeb11-0975-4471-b3a2-4847e2a502eb,2026-08-12T16:53:20.774845+00:00,native_windows_x86_64,NATIVE_SOFTWARE,x86_64,"AMD64 Family 23 Model 96 Stepping 1, AuthenticAMD",12,7598,Windows-11-10.0.26200-SP0,N/A (prebuilt Python extension wheel),N/A,N/A (prebuilt wheel),pqcrypto,0.4.0,ML-KEM-512,decapsulation,15,44700,,True,
d7fff568-167f-493a-a0a4-a1951de7ce0b,2c3aeb11-0975-4471-b3a2-4847e2a502eb,2026-08-12T16:53:20.774930+00:00,native_windows_x86_64,NATIVE_SOFTWARE,x86_64,"AMD64 Family 23 Model 96 Stepping 1, AuthenticAMD",12,7598,Windows-11-10.0.26200-SP0,N/A (prebuilt Python extension wheel),N/A,N/A (prebuilt wheel),pqcrypto,0.4.0,ML-KEM-512,keygen,16,155100,,True,
d7fff568-167f-493a-a0a4-a1951de7ce0b,2c3aeb11-0975-4471-b3a2-4847e2a502eb,2026-08-12T16:53:20.775281+00:00,native_windows_x86_64,NATIVE_SOFTWARE,x86_64,"AMD64 Family 23 Model 96 Stepping 1, AuthenticAMD",12,7598,Windows-11-10.0.26200-SP0,N/A (prebuilt Python extension wheel),N/A,N/A (prebuilt wheel),pqcrypto,0.4.0,ML-KEM-512,encapsulation,16,164500,,True,
d7fff568-167f-493a-a0a4-a1951de7ce0b,2c3aeb11-0975-4471-b3a2-4847e2a502eb,2026-08-12T16:53:20.775496+00:00,native_windows_x86_64,NATIVE_SOFTWARE,x86_64,"AMD64 Family 23 Model 96 Stepping 1, AuthenticAMD",12,7598,Windows-11-10.0.26200-SP0,N/A (prebuilt Python extension wheel),N/A,N/A (prebuilt wheel),pqcrypto,0.4.0,ML-KEM-512,decapsulation,16,44400,,True,
d7fff568-167f-493a-a0a4-a1951de7ce0b,2c3aeb11-0975-4471-b3a2-4847e2a502eb,2026-08-12T16:53:20.775582+00:00,native_windows_x86_64,NATIVE_SOFTWARE,x86_64,"AMD64 Family 23 Model 96 Stepping 1, AuthenticAMD",12,7598,Windows-11-10.0.26200-SP0,N/A (prebuilt Python extension wheel),N/A,N/A (prebuilt wheel),pqcrypto,0.4.0,ML-KEM-512,keygen,17,152700,,True,
d7fff568-167f-493a-a0a4-a1951de7ce0b,2c3aeb11-0975-4471-b3a2-4847e2a502eb,2026-08-12T16:53:20.775931+00:00,native_windows_x86_64,NATIVE_SOFTWARE,x86_64,"AMD64 Family 23 Model 96 Stepping 1, AuthenticAMD",12,7598,Windows-11-10.0.26200-SP0,N/A (prebuilt Python extension wheel),N/A,N/A (prebuilt wheel),pqcrypto,0.4.0,ML-KEM-512,encapsulation,17,162500,,True,
d7fff568-167f-493a-a0a4-a1951de7ce0b,2c3aeb11-0975-4471-b3a2-4847e2a502eb,2026-08-12T16:53:20.776145+00:00,native_windows_x86_64,NATIVE_SOFTWARE,x86_64,"AMD64 Family 23 Model 96 Stepping 1, AuthenticAMD",12,7598,Windows-11-10.0.26200-SP0,N/A (prebuilt Python extension wheel),N/A,N/A (prebuilt wheel),pqcrypto,0.4.0,ML-KEM-512,decapsulation,17,44200,,True,
d7fff568-167f-493a-a0a4-a1951de7ce0b,2c3aeb11-0975-4471-b3a2-4847e2a502eb,2026-08-12T16:53:20.776236+00:00,native_windows_x86_64,NATIVE_SOFTWARE,x86_64,"AMD64 Family 23 Model 96 Stepping 1, AuthenticAMD",12,7598,Windows-11-10.0.26200-SP0,N/A (prebuilt Python extension wheel),N/A,N/A (prebuilt wheel),pqcrypto,0.4.0,ML-KEM-512,keygen,18,151500,,True,
d7fff568-167f-493a-a0a4-a1951de7ce0b,2c3aeb11-0975-4471-b3a2-4847e2a502eb,2026-08-12T16:53:20.776617+00:00,native_windows_x86_64,NATIVE_SOFTWARE,x86_64,"AMD64 Family 23 Model 96 Stepping 1, AuthenticAMD",12,7598,Windows-11-10.0.26200-SP0,N/A (prebuilt Python extension wheel),N/A,N/A (prebuilt wheel),pqcrypto,0.4.0,ML-KEM-512,encapsulation,18,148400,,True,
d7fff568-167f-493a-a0a4-a1951de7ce0b,2c3aeb11-0975-4471-b3a2-4847e2a502eb,2026-08-12T16:53:20.776851+00:00,native_windows_x86_64,NATIVE_SOFTWARE,x86_64,"AMD64 Family 23 Model 96 Stepping 1, AuthenticAMD",12,7598,Windows-11-10.0.26200-SP0,N/A (prebuilt Python extension wheel),N/A,N/A (prebuilt wheel),pqcrypto,0.4.0,ML-KEM-512,decapsulation,18,44800,,True,
d7fff568-167f-493a-a0a4-a1951de7ce0b,2c3aeb11-0975-4471-b3a2-4847e2a502eb,2026-08-12T16:53:20.776939+00:00,native_windows_x86_64,NATIVE_SOFTWARE,x86_64,"AMD64 Family 23 Model 96 Stepping 1, AuthenticAMD",12,7598,Windows-11-10.0.26200-SP0,N/A (prebuilt Python extension wheel),N/A,N/A (prebuilt wheel),pqcrypto,0.4.0,ML-KEM-512,keygen,19,363100,,True,
d7fff568-167f-493a-a0a4-a1951de7ce0b,2c3aeb11-0975-4471-b3a2-4847e2a502eb,2026-08-12T16:53:20.777504+00:00,native_windows_x86_64,NATIVE_SOFTWARE,x86_64,"AMD64 Family 23 Model 96 Stepping 1, AuthenticAMD",12,7598,Windows-11-10.0.26200-SP0,N/A (prebuilt Python extension wheel),N/A,N/A (prebuilt wheel),pqcrypto,0.4.0,ML-KEM-512,encapsulation,19,188800,,True,
d7fff568-167f-493a-a0a4-a1951de7ce0b,2c3aeb11-0975-4471-b3a2-4847e2a502eb,2026-08-12T16:53:20.777754+00:00,native_windows_x86_64,NATIVE_SOFTWARE,x86_64,"AMD64 Family 23 Model 96 Stepping 1, AuthenticAMD",12,7598,Windows-11-10.0.26200-SP0,N/A (prebuilt Python extension wheel),N/A,N/A (prebuilt wheel),pqcrypto,0.4.0,ML-KEM-512,decapsulation,19,44500,,True,
d7fff568-167f-493a-a0a4-a1951de7ce0b,2c3aeb11-0975-4471-b3a2-4847e2a502eb,2026-08-12T16:53:20.777852+00:00,native_windows_x86_64,NATIVE_SOFTWARE,x86_64,"AMD64 Family 23 Model 96 Stepping 1, AuthenticAMD",12,7598,Windows-11-10.0.26200-SP0,N/A (prebuilt Python extension wheel),N/A,N/A (prebuilt wheel),pqcrypto,0.4.0,ML-KEM-512,keygen,20,157000,,True,
d7fff568-167f-493a-a0a4-a1951de7ce0b,2c3aeb11-0975-4471-b3a2-4847e2a502eb,2026-08-12T16:53:20.778212+00:00,native_windows_x86_64,NATIVE_SOFTWARE,x86_64,"AMD64 Family 23 Model 96 Stepping 1, AuthenticAMD",12,7598,Windows-11-10.0.26200-SP0,N/A (prebuilt Python extension wheel),N/A,N/A (prebuilt wheel),pqcrypto,0.4.0,ML-KEM-512,encapsulation,20,148900,,True,
d7fff568-167f-493a-a0a4-a1951de7ce0b,2c3aeb11-0975-4471-b3a2-4847e2a502eb,2026-08-12T16:53:20.778412+00:00,native_windows_x86_64,NATIVE_SOFTWARE,x86_64,"AMD64 Family 23 Model 96 Stepping 1, AuthenticAMD",12,7598,Windows-11-10.0.26200-SP0,N/A (prebuilt Python extension wheel),N/A,N/A (prebuilt wheel),pqcrypto,0.4.0,ML-KEM-512,decapsulation,20,44300,,True,
d7fff568-167f-493a-a0a4-a1951de7ce0b,2c3aeb11-0975-4471-b3a2-4847e2a502eb,2026-08-12T16:53:20.778499+00:00,native_windows_x86_64,NATIVE_SOFTWARE,x86_64,"AMD64 Family 23 Model 96 Stepping 1, AuthenticAMD",12,7598,Windows-11-10.0.26200-SP0,N/A (prebuilt Python extension wheel),N/A,N/A (prebuilt wheel),pqcrypto,0.4.0,ML-KEM-512,keygen,21,152100,,True,
d7fff568-167f-493a-a0a4-a1951de7ce0b,2c3aeb11-0975-4471-b3a2-4847e2a502eb,2026-08-12T16:53:20.778847+00:00,native_windows_x86_64,NATIVE_SOFTWARE,x86_64,"AMD64 Family 23 Model 96 Stepping 1, AuthenticAMD",12,7598,Windows-11-10.0.26200-SP0,N/A (prebuilt Python extension wheel),N/A,N/A (prebuilt wheel),pqcrypto,0.4.0,ML-KEM-512,encapsulation,21,149400,,True,
d7fff568-167f-493a-a0a4-a1951de7ce0b,2c3aeb11-0975-4471-b3a2-4847e2a502eb,2026-08-12T16:53:20.779051+00:00,native_windows_x86_64,NATIVE_SOFTWARE,x86_64,"AMD64 Family 23 Model 96 Stepping 1, AuthenticAMD",12,7598,Windows-11-10.0.26200-SP0,N/A (prebuilt Python extension wheel),N/A,N/A (prebuilt wheel),pqcrypto,0.4.0,ML-KEM-512,decapsulation,21,44400,,True,
d7fff568-167f-493a-a0a4-a1951de7ce0b,2c3aeb11-0975-4471-b3a2-4847e2a502eb,2026-08-12T16:53:20.779137+00:00,native_windows_x86_64,NATIVE_SOFTWARE,x86_64,"AMD64 Family 23 Model 96 Stepping 1, AuthenticAMD",12,7598,Windows-11-10.0.26200-SP0,N/A (prebuilt Python extension wheel),N/A,N/A (prebuilt wheel),pqcrypto,0.4.0,ML-KEM-512,keygen,22,152200,,True,
d7fff568-167f-493a-a0a4-a1951de7ce0b,2c3aeb11-0975-4471-b3a2-4847e2a502eb,2026-08-12T16:53:20.779500+00:00,native_windows_x86_64,NATIVE_SOFTWARE,x86_64,"AMD64 Family 23 Model 96 Stepping 1, AuthenticAMD",12,7598,Windows-11-10.0.26200-SP0,N/A (prebuilt Python extension wheel),N/A,N/A (prebuilt wheel),pqcrypto,0.4.0,ML-KEM-512,encapsulation,22,149000,,True,
d7fff568-167f-493a-a0a4-a1951de7ce0b,2c3aeb11-0975-4471-b3a2-4847e2a502eb,2026-08-12T16:53:20.779700+00:00,native_windows_x86_64,NATIVE_SOFTWARE,x86_64,"AMD64 Family 23 Model 96 Stepping 1, AuthenticAMD",12,7598,Windows-11-10.0.26200-SP0,N/A (prebuilt Python extension wheel),N/A,N/A (prebuilt wheel),pqcrypto,0.4.0,ML-KEM-512,decapsulation,22,44200,,True,
d7fff568-167f-493a-a0a4-a1951de7ce0b,2c3aeb11-0975-4471-b3a2-4847e2a502eb,2026-08-12T16:53:20.779788+00:00,native_windows_x86_64,NATIVE_SOFTWARE,x86_64,"AMD64 Family 23 Model 96 Stepping 1, AuthenticAMD",12,7598,Windows-11-10.0.26200-SP0,N/A (prebuilt Python extension wheel),N/A,N/A (prebuilt wheel),pqcrypto,0.4.0,ML-KEM-512,keygen,23,165000,,True,
d7fff568-167f-493a-a0a4-a1951de7ce0b,2c3aeb11-0975-4471-b3a2-4847e2a502eb,2026-08-12T16:53:20.780151+00:00,native_windows_x86_64,NATIVE_SOFTWARE,x86_64,"AMD64 Family 23 Model 96 Stepping 1, AuthenticAMD",12,7598,Windows-11-10.0.26200-SP0,N/A (prebuilt Python extension wheel),N/A,N/A (prebuilt wheel),pqcrypto,0.4.0,ML-KEM-512,encapsulation,23,153600,,True,
d7fff568-167f-493a-a0a4-a1951de7ce0b,2c3aeb11-0975-4471-b3a2-4847e2a502eb,2026-08-12T16:53:20.780362+00:00,native_windows_x86_64,NATIVE_SOFTWARE,x86_64,"AMD64 Family 23 Model 96 Stepping 1, AuthenticAMD",12,7598,Windows-11-10.0.26200-SP0,N/A (prebuilt Python extension wheel),N/A,N/A (prebuilt wheel),pqcrypto,0.4.0,ML-KEM-512,decapsulation,23,44700,,True,
d7fff568-167f-493a-a0a4-a1951de7ce0b,2c3aeb11-0975-4471-b3a2-4847e2a502eb,2026-08-12T16:53:20.780449+00:00,native_windows_x86_64,NATIVE_SOFTWARE,x86_64,"AMD64 Family 23 Model 96 Stepping 1, AuthenticAMD",12,7598,Windows-11-10.0.26200-SP0,N/A (prebuilt Python extension wheel),N/A,N/A (prebuilt wheel),pqcrypto,0.4.0,ML-KEM-512,keygen,24,174300,,True,
d7fff568-167f-493a-a0a4-a1951de7ce0b,2c3aeb11-0975-4471-b3a2-4847e2a502eb,2026-08-12T16:53:20.780842+00:00,native_windows_x86_64,NATIVE_SOFTWARE,x86_64,"AMD64 Family 23 Model 96 Stepping 1, AuthenticAMD",12,7598,Windows-11-10.0.26200-SP0,N/A (prebuilt Python extension wheel),N/A,N/A (prebuilt wheel),pqcrypto,0.4.0,ML-KEM-512,encapsulation,24,156300,,True,
d7fff568-167f-493a-a0a4-a1951de7ce0b,2c3aeb11-0975-4471-b3a2-4847e2a502eb,2026-08-12T16:53:20.781054+00:00,native_windows_x86_64,NATIVE_SOFTWARE,x86_64,"AMD64 Family 23 Model 96 Stepping 1, AuthenticAMD",12,7598,Windows-11-10.0.26200-SP0,N/A (prebuilt Python extension wheel),N/A,N/A (prebuilt wheel),pqcrypto,0.4.0,ML-KEM-512,decapsulation,24,44500,,True,
d7fff568-167f-493a-a0a4-a1951de7ce0b,2c3aeb11-0975-4471-b3a2-4847e2a502eb,2026-08-12T16:53:20.781146+00:00,native_windows_x86_64,NATIVE_SOFTWARE,x86_64,"AMD64 Family 23 Model 96 Stepping 1, AuthenticAMD",12,7598,Windows-11-10.0.26200-SP0,N/A (prebuilt Python extension wheel),N/A,N/A (prebuilt wheel),pqcrypto,0.4.0,ML-KEM-512,keygen,25,152100,,True,
d7fff568-167f-493a-a0a4-a1951de7ce0b,2c3aeb11-0975-4471-b3a2-4847e2a502eb,2026-08-12T16:53:20.781502+00:00,native_windows_x86_64,NATIVE_SOFTWARE,x86_64,"AMD64 Family 23 Model 96 Stepping 1, AuthenticAMD",12,7598,Windows-11-10.0.26200-SP0,N/A (prebuilt Python extension wheel),N/A,N/A (prebuilt wheel),pqcrypto,0.4.0,ML-KEM-512,encapsulation,25,185700,,True,
d7fff568-167f-493a-a0a4-a1951de7ce0b,2c3aeb11-0975-4471-b3a2-4847e2a502eb,2026-08-12T16:53:20.781772+00:00,native_windows_x86_64,NATIVE_SOFTWARE,x86_64,"AMD64 Family 23 Model 96 Stepping 1, AuthenticAMD",12,7598,Windows-11-10.0.26200-SP0,N/A (prebuilt Python extension wheel),N/A,N/A (prebuilt wheel),pqcrypto,0.4.0,ML-KEM-512,decapsulation,25,47900,,True,
d7fff568-167f-493a-a0a4-a1951de7ce0b,2c3aeb11-0975-4471-b3a2-4847e2a502eb,2026-08-12T16:53:20.782141+00:00,native_windows_x86_64,NATIVE_SOFTWARE,x86_64,"AMD64 Family 23 Model 96 Stepping 1, AuthenticAMD",12,7598,Windows-11-10.0.26200-SP0,N/A (prebuilt Python extension wheel),N/A,N/A (prebuilt wheel),pqcrypto,0.4.0,ML-KEM-512,keygen,26,242900,,True,
d7fff568-167f-493a-a0a4-a1951de7ce0b,2c3aeb11-0975-4471-b3a2-4847e2a502eb,2026-08-12T16:53:20.782613+00:00,native_windows_x86_64,NATIVE_SOFTWARE,x86_64,"AMD64 Family 23 Model 96 Stepping 1, AuthenticAMD",12,7598,Windows-11-10.0.26200-SP0,N/A (prebuilt Python extension wheel),N/A,N/A (prebuilt wheel),pqcrypto,0.4.0,ML-KEM-512,encapsulation,26,159700,,True,
d7fff568-167f-493a-a0a4-a1951de7ce0b,2c3aeb11-0975-4471-b3a2-4847e2a502eb,2026-08-12T16:53:20.782835+00:00,native_windows_x86_64,NATIVE_SOFTWARE,x86_64,"AMD64 Family 23 Model 96 Stepping 1, AuthenticAMD",12,7598,Windows-11-10.0.26200-SP0,N/A (prebuilt Python extension wheel),N/A,N/A (prebuilt wheel),pqcrypto,0.4.0,ML-KEM-512,decapsulation,26,48700,,True,
d7fff568-167f-493a-a0a4-a1951de7ce0b,2c3aeb11-0975-4471-b3a2-4847e2a502eb,2026-08-12T16:53:20.782926+00:00,native_windows_x86_64,NATIVE_SOFTWARE,x86_64,"AMD64 Family 23 Model 96 Stepping 1, AuthenticAMD",12,7598,Windows-11-10.0.26200-SP0,N/A (prebuilt Python extension wheel),N/A,N/A (prebuilt wheel),pqcrypto,0.4.0,ML-KEM-512,keygen,27,177800,,True,
d7fff568-167f-493a-a0a4-a1951de7ce0b,2c3aeb11-0975-4471-b3a2-4847e2a502eb,2026-08-12T16:53:20.783318+00:00,native_windows_x86_64,NATIVE_SOFTWARE,x86_64,"AMD64 Family 23 Model 96 Stepping 1, AuthenticAMD",12,7598,Windows-11-10.0.26200-SP0,N/A (prebuilt Python extension wheel),N/A,N/A (prebuilt wheel),pqcrypto,0.4.0,ML-KEM-512,encapsulation,27,158600,,True,
d7fff568-167f-493a-a0a4-a1951de7ce0b,2c3aeb11-0975-4471-b3a2-4847e2a502eb,2026-08-12T16:53:20.783529+00:00,native_windows_x86_64,NATIVE_SOFTWARE,x86_64,"AMD64 Family 23 Model 96 Stepping 1, AuthenticAMD",12,7598,Windows-11-10.0.26200-SP0,N/A (prebuilt Python extension wheel),N/A,N/A (prebuilt wheel),pqcrypto,0.4.0,ML-KEM-512,decapsulation,27,45300,,True,
d7fff568-167f-493a-a0a4-a1951de7ce0b,2c3aeb11-0975-4471-b3a2-4847e2a502eb,2026-08-12T16:53:20.783615+00:00,native_windows_x86_64,NATIVE_SOFTWARE,x86_64,"AMD64 Family 23 Model 96 Stepping 1, AuthenticAMD",12,7598,Windows-11-10.0.26200-SP0,N/A (prebuilt Python extension wheel),N/A,N/A (prebuilt wheel),pqcrypto,0.4.0,ML-KEM-512,keygen,28,153400,,True,
d7fff568-167f-493a-a0a4-a1951de7ce0b,2c3aeb11-0975-4471-b3a2-4847e2a502eb,2026-08-12T16:53:20.783993+00:00,native_windows_x86_64,NATIVE_SOFTWARE,x86_64,"AMD64 Family 23 Model 96 Stepping 1, AuthenticAMD",12,7598,Windows-11-10.0.26200-SP0,N/A (prebuilt Python extension wheel),N/A,N/A (prebuilt wheel),pqcrypto,0.4.0,ML-KEM-512,encapsulation,28,149100,,True,
d7fff568-167f-493a-a0a4-a1951de7ce0b,2c3aeb11-0975-4471-b3a2-4847e2a502eb,2026-08-12T16:53:20.784194+00:00,native_windows_x86_64,NATIVE_SOFTWARE,x86_64,"AMD64 Family 23 Model 96 Stepping 1, AuthenticAMD",12,7598,Windows-11-10.0.26200-SP0,N/A (prebuilt Python extension wheel),N/A,N/A (prebuilt wheel),pqcrypto,0.4.0,ML-KEM-512,decapsulation,28,44300,,True,
d7fff568-167f-493a-a0a4-a1951de7ce0b,2c3aeb11-0975-4471-b3a2-4847e2a502eb,2026-08-12T16:53:20.784279+00:00,native_windows_x86_64,NATIVE_SOFTWARE,x86_64,"AMD64 Family 23 Model 96 Stepping 1, AuthenticAMD",12,7598,Windows-11-10.0.26200-SP0,N/A (prebuilt Python extension wheel),N/A,N/A (prebuilt wheel),pqcrypto,0.4.0,ML-KEM-512,keygen,29,151200,,True,
d7fff568-167f-493a-a0a4-a1951de7ce0b,2c3aeb11-0975-4471-b3a2-4847e2a502eb,2026-08-12T16:53:20.784682+00:00,native_windows_x86_64,NATIVE_SOFTWARE,x86_64,"AMD64 Family 23 Model 96 Stepping 1, AuthenticAMD",12,7598,Windows-11-10.0.26200-SP0,N/A (prebuilt Python extension wheel),N/A,N/A (prebuilt wheel),pqcrypto,0.4.0,ML-KEM-512,encapsulation,29,151600,,True,
d7fff568-167f-493a-a0a4-a1951de7ce0b,2c3aeb11-0975-4471-b3a2-4847e2a502eb,2026-08-12T16:53:20.784885+00:00,native_windows_x86_64,NATIVE_SOFTWARE,x86_64,"AMD64 Family 23 Model 96 Stepping 1, AuthenticAMD",12,7598,Windows-11-10.0.26200-SP0,N/A (prebuilt Python extension wheel),N/A,N/A (prebuilt wheel),pqcrypto,0.4.0,ML-KEM-512,decapsulation,29,44300,,True,
d7fff568-167f-493a-a0a4-a1951de7ce0b,2c3aeb11-0975-4471-b3a2-4847e2a502eb,2026-08-12T16:53:20.784973+00:00,native_windows_x86_64,NATIVE_SOFTWARE,x86_64,"AMD64 Family 23 Model 96 Stepping 1, AuthenticAMD",12,7598,Windows-11-10.0.26200-SP0,N/A (prebuilt Python extension wheel),N/A,N/A (prebuilt wheel),pqcrypto,0.4.0,ML-KEM-512,keygen,30,151800,,True,
d7fff568-167f-493a-a0a4-a1951de7ce0b,2c3aeb11-0975-4471-b3a2-4847e2a502eb,2026-08-12T16:53:20.785320+00:00,native_windows_x86_64,NATIVE_SOFTWARE,x86_64,"AMD64 Family 23 Model 96 Stepping 1, AuthenticAMD",12,7598,Windows-11-10.0.26200-SP0,N/A (prebuilt Python extension wheel),N/A,N/A (prebuilt wheel),pqcrypto,0.4.0,ML-KEM-512,encapsulation,30,150900,,True,
d7fff568-167f-493a-a0a4-a1951de7ce0b,2c3aeb11-0975-4471-b3a2-4847e2a502eb,2026-08-12T16:53:20.785522+00:00,native_windows_x86_64,NATIVE_SOFTWARE,x86_64,"AMD64 Family 23 Model 96 Stepping 1, AuthenticAMD",12,7598,Windows-11-10.0.26200-SP0,N/A (prebuilt Python extension wheel),N/A,N/A (prebuilt wheel),pqcrypto,0.4.0,ML-KEM-512,decapsulation,30,44100,,True,
d7fff568-167f-493a-a0a4-a1951de7ce0b,2c3aeb11-0975-4471-b3a2-4847e2a502eb,2026-08-12T16:53:20.785606+00:00,native_windows_x86_64,NATIVE_SOFTWARE,x86_64,"AMD64 Family 23 Model 96 Stepping 1, AuthenticAMD",12,7598,Windows-11-10.0.26200-SP0,N/A (prebuilt Python extension wheel),N/A,N/A (prebuilt wheel),pqcrypto,0.4.0,ML-KEM-512,keygen,31,162200,,True,
d7fff568-167f-493a-a0a4-a1951de7ce0b,2c3aeb11-0975-4471-b3a2-4847e2a502eb,2026-08-12T16:53:20.785965+00:00,native_windows_x86_64,NATIVE_SOFTWARE,x86_64,"AMD64 Family 23 Model 96 Stepping 1, AuthenticAMD",12,7598,Windows-11-10.0.26200-SP0,N/A (prebuilt Python extension wheel),N/A,N/A (prebuilt wheel),pqcrypto,0.4.0,ML-KEM-512,encapsulation,31,152700,,True,
d7fff568-167f-493a-a0a4-a1951de7ce0b,2c3aeb11-0975-4471-b3a2-4847e2a502eb,2026-08-12T16:53:20.786169+00:00,native_windows_x86_64,NATIVE_SOFTWARE,x86_64,"AMD64 Family 23 Model 96 Stepping 1, AuthenticAMD",12,7598,Windows-11-10.0.26200-SP0,N/A (prebuilt Python extension wheel),N/A,N/A (prebuilt wheel),pqcrypto,0.4.0,ML-KEM-512,decapsulation,31,44000,,True,
d7fff568-167f-493a-a0a4-a1951de7ce0b,2c3aeb11-0975-4471-b3a2-4847e2a502eb,2026-08-12T16:53:20.786255+00:00,native_windows_x86_64,NATIVE_SOFTWARE,x86_64,"AMD64 Family 23 Model 96 Stepping 1, AuthenticAMD",12,7598,Windows-11-10.0.26200-SP0,N/A (prebuilt Python extension wheel),N/A,N/A (prebuilt wheel),pqcrypto,0.4.0,ML-KEM-512,keygen,32,152800,,True,
d7fff568-167f-493a-a0a4-a1951de7ce0b,2c3aeb11-0975-4471-b3a2-4847e2a502eb,2026-08-12T16:53:20.786604+00:00,native_windows_x86_64,NATIVE_SOFTWARE,x86_64,"AMD64 Family 23 Model 96 Stepping 1, AuthenticAMD",12,7598,Windows-11-10.0.26200-SP0,N/A (prebuilt Python extension wheel),N/A,N/A (prebuilt wheel),pqcrypto,0.4.0,ML-KEM-512,encapsulation,32,159100,,True,
d7fff568-167f-493a-a0a4-a1951de7ce0b,2c3aeb11-0975-4471-b3a2-4847e2a502eb,2026-08-12T16:53:20.786814+00:00,native_windows_x86_64,NATIVE_SOFTWARE,x86_64,"AMD64 Family 23 Model 96 Stepping 1, AuthenticAMD",12,7598,Windows-11-10.0.26200-SP0,N/A (prebuilt Python extension wheel),N/A,N/A (prebuilt wheel),pqcrypto,0.4.0,ML-KEM-512,decapsulation,32,43900,,True,
d7fff568-167f-493a-a0a4-a1951de7ce0b,2c3aeb11-0975-4471-b3a2-4847e2a502eb,2026-08-12T16:53:20.786898+00:00,native_windows_x86_64,NATIVE_SOFTWARE,x86_64,"AMD64 Family 23 Model 96 Stepping 1, AuthenticAMD",12,7598,Windows-11-10.0.26200-SP0,N/A (prebuilt Python extension wheel),N/A,N/A (prebuilt wheel),pqcrypto,0.4.0,ML-KEM-512,keygen,33,162200,,True,
d7fff568-167f-493a-a0a4-a1951de7ce0b,2c3aeb11-0975-4471-b3a2-4847e2a502eb,2026-08-12T16:53:20.787261+00:00,native_windows_x86_64,NATIVE_SOFTWARE,x86_64,"AMD64 Family 23 Model 96 Stepping 1, AuthenticAMD",12,7598,Windows-11-10.0.26200-SP0,N/A (prebuilt Python extension wheel),N/A,N/A (prebuilt wheel),pqcrypto,0.4.0,ML-KEM-512,encapsulation,33,150500,,True,
d7fff568-167f-493a-a0a4-a1951de7ce0b,2c3aeb11-0975-4471-b3a2-4847e2a502eb,2026-08-12T16:53:20.787472+00:00,native_windows_x86_64,NATIVE_SOFTWARE,x86_64,"AMD64 Family 23 Model 96 Stepping 1, AuthenticAMD",12,7598,Windows-11-10.0.26200-SP0,N/A (prebuilt Python extension wheel),N/A,N/A (prebuilt wheel),pqcrypto,0.4.0,ML-KEM-512,decapsulation,33,44200,,True,
d7fff568-167f-493a-a0a4-a1951de7ce0b,2c3aeb11-0975-4471-b3a2-4847e2a502eb,2026-08-12T16:53:20.787559+00:00,native_windows_x86_64,NATIVE_SOFTWARE,x86_64,"AMD64 Family 23 Model 96 Stepping 1, AuthenticAMD",12,7598,Windows-11-10.0.26200-SP0,N/A (prebuilt Python extension wheel),N/A,N/A (prebuilt wheel),pqcrypto,0.4.0,ML-KEM-512,keygen,34,158100,,True,
d7fff568-167f-493a-a0a4-a1951de7ce0b,2c3aeb11-0975-4471-b3a2-4847e2a502eb,2026-08-12T16:53:20.787935+00:00,native_windows_x86_64,NATIVE_SOFTWARE,x86_64,"AMD64 Family 23 Model 96 Stepping 1, AuthenticAMD",12,7598,Windows-11-10.0.26200-SP0,N/A (prebuilt Python extension wheel),N/A,N/A (prebuilt wheel),pqcrypto,0.4.0,ML-KEM-512,encapsulation,34,153700,,True,
d7fff568-167f-493a-a0a4-a1951de7ce0b,2c3aeb11-0975-4471-b3a2-4847e2a502eb,2026-08-12T16:53:20.788142+00:00,native_windows_x86_64,NATIVE_SOFTWARE,x86_64,"AMD64 Family 23 Model 96 Stepping 1, AuthenticAMD",12,7598,Windows-11-10.0.26200-SP0,N/A (prebuilt Python extension wheel),N/A,N/A (prebuilt wheel),pqcrypto,0.4.0,ML-KEM-512,decapsulation,34,44300,,True,
d7fff568-167f-493a-a0a4-a1951de7ce0b,2c3aeb11-0975-4471-b3a2-4847e2a502eb,2026-08-12T16:53:20.788230+00:00,native_windows_x86_64,NATIVE_SOFTWARE,x86_64,"AMD64 Family 23 Model 96 Stepping 1, AuthenticAMD",12,7598,Windows-11-10.0.26200-SP0,N/A (prebuilt Python extension wheel),N/A,N/A (prebuilt wheel),pqcrypto,0.4.0,ML-KEM-512,keygen,35,152300,,True,
d7fff568-167f-493a-a0a4-a1951de7ce0b,2c3aeb11-0975-4471-b3a2-4847e2a502eb,2026-08-12T16:53:20.788589+00:00,native_windows_x86_64,NATIVE_SOFTWARE,x86_64,"AMD64 Family 23 Model 96 Stepping 1, AuthenticAMD",12,7598,Windows-11-10.0.26200-SP0,N/A (prebuilt Python extension wheel),N/A,N/A (prebuilt wheel),pqcrypto,0.4.0,ML-KEM-512,encapsulation,35,157600,,True,
d7fff568-167f-493a-a0a4-a1951de7ce0b,2c3aeb11-0975-4471-b3a2-4847e2a502eb,2026-08-12T16:53:20.788816+00:00,native_windows_x86_64,NATIVE_SOFTWARE,x86_64,"AMD64 Family 23 Model 96 Stepping 1, AuthenticAMD",12,7598,Windows-11-10.0.26200-SP0,N/A (prebuilt Python extension wheel),N/A,N/A (prebuilt wheel),pqcrypto,0.4.0,ML-KEM-512,decapsulation,35,44900,,True,
d7fff568-167f-493a-a0a4-a1951de7ce0b,2c3aeb11-0975-4471-b3a2-4847e2a502eb,2026-08-12T16:53:20.788905+00:00,native_windows_x86_64,NATIVE_SOFTWARE,x86_64,"AMD64 Family 23 Model 96 Stepping 1, AuthenticAMD",12,7598,Windows-11-10.0.26200-SP0,N/A (prebuilt Python extension wheel),N/A,N/A (prebuilt wheel),pqcrypto,0.4.0,ML-KEM-512,keygen,36,160500,,True,
d7fff568-167f-493a-a0a4-a1951de7ce0b,2c3aeb11-0975-4471-b3a2-4847e2a502eb,2026-08-12T16:53:20.789272+00:00,native_windows_x86_64,NATIVE_SOFTWARE,x86_64,"AMD64 Family 23 Model 96 Stepping 1, AuthenticAMD",12,7598,Windows-11-10.0.26200-SP0,N/A (prebuilt Python extension wheel),N/A,N/A (prebuilt wheel),pqcrypto,0.4.0,ML-KEM-512,encapsulation,36,158700,,True,
d7fff568-167f-493a-a0a4-a1951de7ce0b,2c3aeb11-0975-4471-b3a2-4847e2a502eb,2026-08-12T16:53:20.789502+00:00,native_windows_x86_64,NATIVE_SOFTWARE,x86_64,"AMD64 Family 23 Model 96 Stepping 1, AuthenticAMD",12,7598,Windows-11-10.0.26200-SP0,N/A (prebuilt Python extension wheel),N/A,N/A (prebuilt wheel),pqcrypto,0.4.0,ML-KEM-512,decapsulation,36,45600,,True,
d7fff568-167f-493a-a0a4-a1951de7ce0b,2c3aeb11-0975-4471-b3a2-4847e2a502eb,2026-08-12T16:53:20.789589+00:00,native_windows_x86_64,NATIVE_SOFTWARE,x86_64,"AMD64 Family 23 Model 96 Stepping 1, AuthenticAMD",12,7598,Windows-11-10.0.26200-SP0,N/A (prebuilt Python extension wheel),N/A,N/A (prebuilt wheel),pqcrypto,0.4.0,ML-KEM-512,keygen,37,165800,,True,
d7fff568-167f-493a-a0a4-a1951de7ce0b,2c3aeb11-0975-4471-b3a2-4847e2a502eb,2026-08-12T16:53:20.789965+00:00,native_windows_x86_64,NATIVE_SOFTWARE,x86_64,"AMD64 Family 23 Model 96 Stepping 1, AuthenticAMD",12,7598,Windows-11-10.0.26200-SP0,N/A (prebuilt Python extension wheel),N/A,N/A (prebuilt wheel),pqcrypto,0.4.0,ML-KEM-512,encapsulation,37,150800,,True,
d7fff568-167f-493a-a0a4-a1951de7ce0b,2c3aeb11-0975-4471-b3a2-4847e2a502eb,2026-08-12T16:53:20.790177+00:00,native_windows_x86_64,NATIVE_SOFTWARE,x86_64,"AMD64 Family 23 Model 96 Stepping 1, AuthenticAMD",12,7598,Windows-11-10.0.26200-SP0,N/A (prebuilt Python extension wheel),N/A,N/A (prebuilt wheel),pqcrypto,0.4.0,ML-KEM-512,decapsulation,37,44600,,True,
d7fff568-167f-493a-a0a4-a1951de7ce0b,2c3aeb11-0975-4471-b3a2-4847e2a502eb,2026-08-12T16:53:20.790262+00:00,native_windows_x86_64,NATIVE_SOFTWARE,x86_64,"AMD64 Family 23 Model 96 Stepping 1, AuthenticAMD",12,7598,Windows-11-10.0.26200-SP0,N/A (prebuilt Python extension wheel),N/A,N/A (prebuilt wheel),pqcrypto,0.4.0,ML-KEM-512,keygen,38,154100,,True,
d7fff568-167f-493a-a0a4-a1951de7ce0b,2c3aeb11-0975-4471-b3a2-4847e2a502eb,2026-08-12T16:53:20.790614+00:00,native_windows_x86_64,NATIVE_SOFTWARE,x86_64,"AMD64 Family 23 Model 96 Stepping 1, AuthenticAMD",12,7598,Windows-11-10.0.26200-SP0,N/A (prebuilt Python extension wheel),N/A,N/A (prebuilt wheel),pqcrypto,0.4.0,ML-KEM-512,encapsulation,38,149200,,True,
d7fff568-167f-493a-a0a4-a1951de7ce0b,2c3aeb11-0975-4471-b3a2-4847e2a502eb,2026-08-12T16:53:20.790858+00:00,native_windows_x86_64,NATIVE_SOFTWARE,x86_64,"AMD64 Family 23 Model 96 Stepping 1, AuthenticAMD",12,7598,Windows-11-10.0.26200-SP0,N/A (prebuilt Python extension wheel),N/A,N/A (prebuilt wheel),pqcrypto,0.4.0,ML-KEM-512,decapsulation,38,44500,,True,
d7fff568-167f-493a-a0a4-a1951de7ce0b,2c3aeb11-0975-4471-b3a2-4847e2a502eb,2026-08-12T16:53:20.790942+00:00,native_windows_x86_64,NATIVE_SOFTWARE,x86_64,"AMD64 Family 23 Model 96 Stepping 1, AuthenticAMD",12,7598,Windows-11-10.0.26200-SP0,N/A (prebuilt Python extension wheel),N/A,N/A (prebuilt wheel),pqcrypto,0.4.0,ML-KEM-512,keygen,39,158100,,True,
d7fff568-167f-493a-a0a4-a1951de7ce0b,2c3aeb11-0975-4471-b3a2-4847e2a502eb,2026-08-12T16:53:20.791297+00:00,native_windows_x86_64,NATIVE_SOFTWARE,x86_64,"AMD64 Family 23 Model 96 Stepping 1, AuthenticAMD",12,7598,Windows-11-10.0.26200-SP0,N/A (prebuilt Python extension wheel),N/A,N/A (prebuilt wheel),pqcrypto,0.4.0,ML-KEM-512,encapsulation,39,149300,,True,
d7fff568-167f-493a-a0a4-a1951de7ce0b,2c3aeb11-0975-4471-b3a2-4847e2a502eb,2026-08-12T16:53:20.791505+00:00,native_windows_x86_64,NATIVE_SOFTWARE,x86_64,"AMD64 Family 23 Model 96 Stepping 1, AuthenticAMD",12,7598,Windows-11-10.0.26200-SP0,N/A (prebuilt Python extension wheel),N/A,N/A (prebuilt wheel),pqcrypto,0.4.0,ML-KEM-512,decapsulation,39,44400,,True,
d7fff568-167f-493a-a0a4-a1951de7ce0b,2c3aeb11-0975-4471-b3a2-4847e2a502eb,2026-08-12T16:53:20.791589+00:00,native_windows_x86_64,NATIVE_SOFTWARE,x86_64,"AMD64 Family 23 Model 96 Stepping 1, AuthenticAMD",12,7598,Windows-11-10.0.26200-SP0,N/A (prebuilt Python extension wheel),N/A,N/A (prebuilt wheel),pqcrypto,0.4.0,ML-KEM-512,keygen,40,153000,,True,
d7fff568-167f-493a-a0a4-a1951de7ce0b,2c3aeb11-0975-4471-b3a2-4847e2a502eb,2026-08-12T16:53:20.791974+00:00,native_windows_x86_64,NATIVE_SOFTWARE,x86_64,"AMD64 Family 23 Model 96 Stepping 1, AuthenticAMD",12,7598,Windows-11-10.0.26200-SP0,N/A (prebuilt Python extension wheel),N/A,N/A (prebuilt wheel),pqcrypto,0.4.0,ML-KEM-512,encapsulation,40,151300,,True,
d7fff568-167f-493a-a0a4-a1951de7ce0b,2c3aeb11-0975-4471-b3a2-4847e2a502eb,2026-08-12T16:53:20.792177+00:00,native_windows_x86_64,NATIVE_SOFTWARE,x86_64,"AMD64 Family 23 Model 96 Stepping 1, AuthenticAMD",12,7598,Windows-11-10.0.26200-SP0,N/A (prebuilt Python extension wheel),N/A,N/A (prebuilt wheel),pqcrypto,0.4.0,ML-KEM-512,decapsulation,40,44700,,True,
d7fff568-167f-493a-a0a4-a1951de7ce0b,2c3aeb11-0975-4471-b3a2-4847e2a502eb,2026-08-12T16:53:20.792262+00:00,native_windows_x86_64,NATIVE_SOFTWARE,x86_64,"AMD64 Family 23 Model 96 Stepping 1, AuthenticAMD",12,7598,Windows-11-10.0.26200-SP0,N/A (prebuilt Python extension wheel),N/A,N/A (prebuilt wheel),pqcrypto,0.4.0,ML-KEM-512,keygen,41,151700,,True,
d7fff568-167f-493a-a0a4-a1951de7ce0b,2c3aeb11-0975-4471-b3a2-4847e2a502eb,2026-08-12T16:53:20.792608+00:00,native_windows_x86_64,NATIVE_SOFTWARE,x86_64,"AMD64 Family 23 Model 96 Stepping 1, AuthenticAMD",12,7598,Windows-11-10.0.26200-SP0,N/A (prebuilt Python extension wheel),N/A,N/A (prebuilt wheel),pqcrypto,0.4.0,ML-KEM-512,encapsulation,41,150500,,True,
d7fff568-167f-493a-a0a4-a1951de7ce0b,2c3aeb11-0975-4471-b3a2-4847e2a502eb,2026-08-12T16:53:20.792809+00:00,native_windows_x86_64,NATIVE_SOFTWARE,x86_64,"AMD64 Family 23 Model 96 Stepping 1, AuthenticAMD",12,7598,Windows-11-10.0.26200-SP0,N/A (prebuilt Python extension wheel),N/A,N/A (prebuilt wheel),pqcrypto,0.4.0,ML-KEM-512,decapsulation,41,44500,,True,
d7fff568-167f-493a-a0a4-a1951de7ce0b,2c3aeb11-0975-4471-b3a2-4847e2a502eb,2026-08-12T16:53:20.792898+00:00,native_windows_x86_64,NATIVE_SOFTWARE,x86_64,"AMD64 Family 23 Model 96 Stepping 1, AuthenticAMD",12,7598,Windows-11-10.0.26200-SP0,N/A (prebuilt Python extension wheel),N/A,N/A (prebuilt wheel),pqcrypto,0.4.0,ML-KEM-512,keygen,42,156900,,True,
d7fff568-167f-493a-a0a4-a1951de7ce0b,2c3aeb11-0975-4471-b3a2-4847e2a502eb,2026-08-12T16:53:20.793249+00:00,native_windows_x86_64,NATIVE_SOFTWARE,x86_64,"AMD64 Family 23 Model 96 Stepping 1, AuthenticAMD",12,7598,Windows-11-10.0.26200-SP0,N/A (prebuilt Python extension wheel),N/A,N/A (prebuilt wheel),pqcrypto,0.4.0,ML-KEM-512,encapsulation,42,148500,,True,
d7fff568-167f-493a-a0a4-a1951de7ce0b,2c3aeb11-0975-4471-b3a2-4847e2a502eb,2026-08-12T16:53:20.793451+00:00,native_windows_x86_64,NATIVE_SOFTWARE,x86_64,"AMD64 Family 23 Model 96 Stepping 1, AuthenticAMD",12,7598,Windows-11-10.0.26200-SP0,N/A (prebuilt Python extension wheel),N/A,N/A (prebuilt wheel),pqcrypto,0.4.0,ML-KEM-512,decapsulation,42,48200,,True,
d7fff568-167f-493a-a0a4-a1951de7ce0b,2c3aeb11-0975-4471-b3a2-4847e2a502eb,2026-08-12T16:53:20.793540+00:00,native_windows_x86_64,NATIVE_SOFTWARE,x86_64,"AMD64 Family 23 Model 96 Stepping 1, AuthenticAMD",12,7598,Windows-11-10.0.26200-SP0,N/A (prebuilt Python extension wheel),N/A,N/A (prebuilt wheel),pqcrypto,0.4.0,ML-KEM-512,keygen,43,164600,,True,
d7fff568-167f-493a-a0a4-a1951de7ce0b,2c3aeb11-0975-4471-b3a2-4847e2a502eb,2026-08-12T16:53:20.793902+00:00,native_windows_x86_64,NATIVE_SOFTWARE,x86_64,"AMD64 Family 23 Model 96 Stepping 1, AuthenticAMD",12,7598,Windows-11-10.0.26200-SP0,N/A (prebuilt Python extension wheel),N/A,N/A (prebuilt wheel),pqcrypto,0.4.0,ML-KEM-512,encapsulation,43,149000,,True,
d7fff568-167f-493a-a0a4-a1951de7ce0b,2c3aeb11-0975-4471-b3a2-4847e2a502eb,2026-08-12T16:53:20.794106+00:00,native_windows_x86_64,NATIVE_SOFTWARE,x86_64,"AMD64 Family 23 Model 96 Stepping 1, AuthenticAMD",12,7598,Windows-11-10.0.26200-SP0,N/A (prebuilt Python extension wheel),N/A,N/A (prebuilt wheel),pqcrypto,0.4.0,ML-KEM-512,decapsulation,43,44500,,True,
d7fff568-167f-493a-a0a4-a1951de7ce0b,2c3aeb11-0975-4471-b3a2-4847e2a502eb,2026-08-12T16:53:20.794195+00:00,native_windows_x86_64,NATIVE_SOFTWARE,x86_64,"AMD64 Family 23 Model 96 Stepping 1, AuthenticAMD",12,7598,Windows-11-10.0.26200-SP0,N/A (prebuilt Python extension wheel),N/A,N/A (prebuilt wheel),pqcrypto,0.4.0,ML-KEM-512,keygen,44,154400,,True,
d7fff568-167f-493a-a0a4-a1951de7ce0b,2c3aeb11-0975-4471-b3a2-4847e2a502eb,2026-08-12T16:53:20.794546+00:00,native_windows_x86_64,NATIVE_SOFTWARE,x86_64,"AMD64 Family 23 Model 96 Stepping 1, AuthenticAMD",12,7598,Windows-11-10.0.26200-SP0,N/A (prebuilt Python extension wheel),N/A,N/A (prebuilt wheel),pqcrypto,0.4.0,ML-KEM-512,encapsulation,44,161400,,True,
d7fff568-167f-493a-a0a4-a1951de7ce0b,2c3aeb11-0975-4471-b3a2-4847e2a502eb,2026-08-12T16:53:20.794758+00:00,native_windows_x86_64,NATIVE_SOFTWARE,x86_64,"AMD64 Family 23 Model 96 Stepping 1, AuthenticAMD",12,7598,Windows-11-10.0.26200-SP0,N/A (prebuilt Python extension wheel),N/A,N/A (prebuilt wheel),pqcrypto,0.4.0,ML-KEM-512,decapsulation,44,44300,,True,
d7fff568-167f-493a-a0a4-a1951de7ce0b,2c3aeb11-0975-4471-b3a2-4847e2a502eb,2026-08-12T16:53:20.794865+00:00,native_windows_x86_64,NATIVE_SOFTWARE,x86_64,"AMD64 Family 23 Model 96 Stepping 1, AuthenticAMD",12,7598,Windows-11-10.0.26200-SP0,N/A (prebuilt Python extension wheel),N/A,N/A (prebuilt wheel),pqcrypto,0.4.0,ML-KEM-512,keygen,45,152900,,True,
d7fff568-167f-493a-a0a4-a1951de7ce0b,2c3aeb11-0975-4471-b3a2-4847e2a502eb,2026-08-12T16:53:20.795219+00:00,native_windows_x86_64,NATIVE_SOFTWARE,x86_64,"AMD64 Family 23 Model 96 Stepping 1, AuthenticAMD",12,7598,Windows-11-10.0.26200-SP0,N/A (prebuilt Python extension wheel),N/A,N/A (prebuilt wheel),pqcrypto,0.4.0,ML-KEM-512,encapsulation,45,149900,,True,
d7fff568-167f-493a-a0a4-a1951de7ce0b,2c3aeb11-0975-4471-b3a2-4847e2a502eb,2026-08-12T16:53:20.795710+00:00,native_windows_x86_64,NATIVE_SOFTWARE,x86_64,"AMD64 Family 23 Model 96 Stepping 1, AuthenticAMD",12,7598,Windows-11-10.0.26200-SP0,N/A (prebuilt Python extension wheel),N/A,N/A (prebuilt wheel),pqcrypto,0.4.0,ML-KEM-512,decapsulation,45,45900,,True,
d7fff568-167f-493a-a0a4-a1951de7ce0b,2c3aeb11-0975-4471-b3a2-4847e2a502eb,2026-08-12T16:53:20.795804+00:00,native_windows_x86_64,NATIVE_SOFTWARE,x86_64,"AMD64 Family 23 Model 96 Stepping 1, AuthenticAMD",12,7598,Windows-11-10.0.26200-SP0,N/A (prebuilt Python extension wheel),N/A,N/A (prebuilt wheel),pqcrypto,0.4.0,ML-KEM-512,keygen,46,190100,,True,
d7fff568-167f-493a-a0a4-a1951de7ce0b,2c3aeb11-0975-4471-b3a2-4847e2a502eb,2026-08-12T16:53:20.796253+00:00,native_windows_x86_64,NATIVE_SOFTWARE,x86_64,"AMD64 Family 23 Model 96 Stepping 1, AuthenticAMD",12,7598,Windows-11-10.0.26200-SP0,N/A (prebuilt Python extension wheel),N/A,N/A (prebuilt wheel),pqcrypto,0.4.0,ML-KEM-512,encapsulation,46,164400,,True,
d7fff568-167f-493a-a0a4-a1951de7ce0b,2c3aeb11-0975-4471-b3a2-4847e2a502eb,2026-08-12T16:53:20.796487+00:00,native_windows_x86_64,NATIVE_SOFTWARE,x86_64,"AMD64 Family 23 Model 96 Stepping 1, AuthenticAMD",12,7598,Windows-11-10.0.26200-SP0,N/A (prebuilt Python extension wheel),N/A,N/A (prebuilt wheel),pqcrypto,0.4.0,ML-KEM-512,decapsulation,46,46300,,True,
d7fff568-167f-493a-a0a4-a1951de7ce0b,2c3aeb11-0975-4471-b3a2-4847e2a502eb,2026-08-12T16:53:20.796582+00:00,native_windows_x86_64,NATIVE_SOFTWARE,x86_64,"AMD64 Family 23 Model 96 Stepping 1, AuthenticAMD",12,7598,Windows-11-10.0.26200-SP0,N/A (prebuilt Python extension wheel),N/A,N/A (prebuilt wheel),pqcrypto,0.4.0,ML-KEM-512,keygen,47,177800,,True,
d7fff568-167f-493a-a0a4-a1951de7ce0b,2c3aeb11-0975-4471-b3a2-4847e2a502eb,2026-08-12T16:53:20.796970+00:00,native_windows_x86_64,NATIVE_SOFTWARE,x86_64,"AMD64 Family 23 Model 96 Stepping 1, AuthenticAMD",12,7598,Windows-11-10.0.26200-SP0,N/A (prebuilt Python extension wheel),N/A,N/A (prebuilt wheel),pqcrypto,0.4.0,ML-KEM-512,encapsulation,47,169700,,True,
d7fff568-167f-493a-a0a4-a1951de7ce0b,2c3aeb11-0975-4471-b3a2-4847e2a502eb,2026-08-12T16:53:20.797214+00:00,native_windows_x86_64,NATIVE_SOFTWARE,x86_64,"AMD64 Family 23 Model 96 Stepping 1, AuthenticAMD",12,7598,Windows-11-10.0.26200-SP0,N/A (prebuilt Python extension wheel),N/A,N/A (prebuilt wheel),pqcrypto,0.4.0,ML-KEM-512,decapsulation,47,47200,,True,
d7fff568-167f-493a-a0a4-a1951de7ce0b,2c3aeb11-0975-4471-b3a2-4847e2a502eb,2026-08-12T16:53:20.797304+00:00,native_windows_x86_64,NATIVE_SOFTWARE,x86_64,"AMD64 Family 23 Model 96 Stepping 1, AuthenticAMD",12,7598,Windows-11-10.0.26200-SP0,N/A (prebuilt Python extension wheel),N/A,N/A (prebuilt wheel),pqcrypto,0.4.0,ML-KEM-512,keygen,48,159100,,True,
d7fff568-167f-493a-a0a4-a1951de7ce0b,2c3aeb11-0975-4471-b3a2-4847e2a502eb,2026-08-12T16:53:20.797724+00:00,native_windows_x86_64,NATIVE_SOFTWARE,x86_64,"AMD64 Family 23 Model 96 Stepping 1, AuthenticAMD",12,7598,Windows-11-10.0.26200-SP0,N/A (prebuilt Python extension wheel),N/A,N/A (prebuilt wheel),pqcrypto,0.4.0,ML-KEM-512,encapsulation,48,150500,,True,
d7fff568-167f-493a-a0a4-a1951de7ce0b,2c3aeb11-0975-4471-b3a2-4847e2a502eb,2026-08-12T16:53:20.797928+00:00,native_windows_x86_64,NATIVE_SOFTWARE,x86_64,"AMD64 Family 23 Model 96 Stepping 1, AuthenticAMD",12,7598,Windows-11-10.0.26200-SP0,N/A (prebuilt Python extension wheel),N/A,N/A (prebuilt wheel),pqcrypto,0.4.0,ML-KEM-512,decapsulation,48,44300,,True,
d7fff568-167f-493a-a0a4-a1951de7ce0b,2c3aeb11-0975-4471-b3a2-4847e2a502eb,2026-08-12T16:53:20.798013+00:00,native_windows_x86_64,NATIVE_SOFTWARE,x86_64,"AMD64 Family 23 Model 96 Stepping 1, AuthenticAMD",12,7598,Windows-11-10.0.26200-SP0,N/A (prebuilt Python extension wheel),N/A,N/A (prebuilt wheel),pqcrypto,0.4.0,ML-KEM-512,keygen,49,152400,,True,
d7fff568-167f-493a-a0a4-a1951de7ce0b,2c3aeb11-0975-4471-b3a2-4847e2a502eb,2026-08-12T16:53:20.798362+00:00,native_windows_x86_64,NATIVE_SOFTWARE,x86_64,"AMD64 Family 23 Model 96 Stepping 1, AuthenticAMD",12,7598,Windows-11-10.0.26200-SP0,N/A (prebuilt Python extension wheel),N/A,N/A (prebuilt wheel),pqcrypto,0.4.0,ML-KEM-512,encapsulation,49,150700,,True,
d7fff568-167f-493a-a0a4-a1951de7ce0b,2c3aeb11-0975-4471-b3a2-4847e2a502eb,2026-08-12T16:53:20.798564+00:00,native_windows_x86_64,NATIVE_SOFTWARE,x86_64,"AMD64 Family 23 Model 96 Stepping 1, AuthenticAMD",12,7598,Windows-11-10.0.26200-SP0,N/A (prebuilt Python extension wheel),N/A,N/A (prebuilt wheel),pqcrypto,0.4.0,ML-KEM-512,decapsulation,49,44100,,True,
d7fff568-167f-493a-a0a4-a1951de7ce0b,2c3aeb11-0975-4471-b3a2-4847e2a502eb,2026-08-12T16:53:20.798649+00:00,native_windows_x86_64,NATIVE_SOFTWARE,x86_64,"AMD64 Family 23 Model 96 Stepping 1, AuthenticAMD",12,7598,Windows-11-10.0.26200-SP0,N/A (prebuilt Python extension wheel),N/A,N/A (prebuilt wheel),pqcrypto,0.4.0,ML-KEM-512,keygen,50,150000,,True,
d7fff568-167f-493a-a0a4-a1951de7ce0b,2c3aeb11-0975-4471-b3a2-4847e2a502eb,2026-08-12T16:53:20.798999+00:00,native_windows_x86_64,NATIVE_SOFTWARE,x86_64,"AMD64 Family 23 Model 96 Stepping 1, AuthenticAMD",12,7598,Windows-11-10.0.26200-SP0,N/A (prebuilt Python extension wheel),N/A,N/A (prebuilt wheel),pqcrypto,0.4.0,ML-KEM-512,encapsulation,50,148100,,True,
d7fff568-167f-493a-a0a4-a1951de7ce0b,2c3aeb11-0975-4471-b3a2-4847e2a502eb,2026-08-12T16:53:20.799200+00:00,native_windows_x86_64,NATIVE_SOFTWARE,x86_64,"AMD64 Family 23 Model 96 Stepping 1, AuthenticAMD",12,7598,Windows-11-10.0.26200-SP0,N/A (prebuilt Python extension wheel),N/A,N/A (prebuilt wheel),pqcrypto,0.4.0,ML-KEM-512,decapsulation,50,43900,,True,
d7fff568-167f-493a-a0a4-a1951de7ce0b,2c3aeb11-0975-4471-b3a2-4847e2a502eb,2026-08-12T16:53:20.799284+00:00,native_windows_x86_64,NATIVE_SOFTWARE,x86_64,"AMD64 Family 23 Model 96 Stepping 1, AuthenticAMD",12,7598,Windows-11-10.0.26200-SP0,N/A (prebuilt Python extension wheel),N/A,N/A (prebuilt wheel),pqcrypto,0.4.0,ML-KEM-512,keygen,51,150300,,True,
d7fff568-167f-493a-a0a4-a1951de7ce0b,2c3aeb11-0975-4471-b3a2-4847e2a502eb,2026-08-12T16:53:20.799634+00:00,native_windows_x86_64,NATIVE_SOFTWARE,x86_64,"AMD64 Family 23 Model 96 Stepping 1, AuthenticAMD",12,7598,Windows-11-10.0.26200-SP0,N/A (prebuilt Python extension wheel),N/A,N/A (prebuilt wheel),pqcrypto,0.4.0,ML-KEM-512,encapsulation,51,165700,,True,
d7fff568-167f-493a-a0a4-a1951de7ce0b,2c3aeb11-0975-4471-b3a2-4847e2a502eb,2026-08-12T16:53:20.799850+00:00,native_windows_x86_64,NATIVE_SOFTWARE,x86_64,"AMD64 Family 23 Model 96 Stepping 1, AuthenticAMD",12,7598,Windows-11-10.0.26200-SP0,N/A (prebuilt Python extension wheel),N/A,N/A (prebuilt wheel),pqcrypto,0.4.0,ML-KEM-512,decapsulation,51,44300,,True,
d7fff568-167f-493a-a0a4-a1951de7ce0b,2c3aeb11-0975-4471-b3a2-4847e2a502eb,2026-08-12T16:53:20.799935+00:00,native_windows_x86_64,NATIVE_SOFTWARE,x86_64,"AMD64 Family 23 Model 96 Stepping 1, AuthenticAMD",12,7598,Windows-11-10.0.26200-SP0,N/A (prebuilt Python extension wheel),N/A,N/A (prebuilt wheel),pqcrypto,0.4.0,ML-KEM-512,keygen,52,152000,,True,
d7fff568-167f-493a-a0a4-a1951de7ce0b,2c3aeb11-0975-4471-b3a2-4847e2a502eb,2026-08-12T16:53:20.800283+00:00,native_windows_x86_64,NATIVE_SOFTWARE,x86_64,"AMD64 Family 23 Model 96 Stepping 1, AuthenticAMD",12,7598,Windows-11-10.0.26200-SP0,N/A (prebuilt Python extension wheel),N/A,N/A (prebuilt wheel),pqcrypto,0.4.0,ML-KEM-512,encapsulation,52,148500,,True,
d7fff568-167f-493a-a0a4-a1951de7ce0b,2c3aeb11-0975-4471-b3a2-4847e2a502eb,2026-08-12T16:53:20.800483+00:00,native_windows_x86_64,NATIVE_SOFTWARE,x86_64,"AMD64 Family 23 Model 96 Stepping 1, AuthenticAMD",12,7598,Windows-11-10.0.26200-SP0,N/A (prebuilt Python extension wheel),N/A,N/A (prebuilt wheel),pqcrypto,0.4.0,ML-KEM-512,decapsulation,52,44300,,True,
d7fff568-167f-493a-a0a4-a1951de7ce0b,2c3aeb11-0975-4471-b3a2-4847e2a502eb,2026-08-12T16:53:20.800568+00:00,native_windows_x86_64,NATIVE_SOFTWARE,x86_64,"AMD64 Family 23 Model 96 Stepping 1, AuthenticAMD",12,7598,Windows-11-10.0.26200-SP0,N/A (prebuilt Python extension wheel),N/A,N/A (prebuilt wheel),pqcrypto,0.4.0,ML-KEM-512,keygen,53,162700,,True,
d7fff568-167f-493a-a0a4-a1951de7ce0b,2c3aeb11-0975-4471-b3a2-4847e2a502eb,2026-08-12T16:53:20.800925+00:00,native_windows_x86_64,NATIVE_SOFTWARE,x86_64,"AMD64 Family 23 Model 96 Stepping 1, AuthenticAMD",12,7598,Windows-11-10.0.26200-SP0,N/A (prebuilt Python extension wheel),N/A,N/A (prebuilt wheel),pqcrypto,0.4.0,ML-KEM-512,encapsulation,53,154900,,True,
d7fff568-167f-493a-a0a4-a1951de7ce0b,2c3aeb11-0975-4471-b3a2-4847e2a502eb,2026-08-12T16:53:20.801130+00:00,native_windows_x86_64,NATIVE_SOFTWARE,x86_64,"AMD64 Family 23 Model 96 Stepping 1, AuthenticAMD",12,7598,Windows-11-10.0.26200-SP0,N/A (prebuilt Python extension wheel),N/A,N/A (prebuilt wheel),pqcrypto,0.4.0,ML-KEM-512,decapsulation,53,44200,,True,
d7fff568-167f-493a-a0a4-a1951de7ce0b,2c3aeb11-0975-4471-b3a2-4847e2a502eb,2026-08-12T16:53:20.801217+00:00,native_windows_x86_64,NATIVE_SOFTWARE,x86_64,"AMD64 Family 23 Model 96 Stepping 1, AuthenticAMD",12,7598,Windows-11-10.0.26200-SP0,N/A (prebuilt Python extension wheel),N/A,N/A (prebuilt wheel),pqcrypto,0.4.0,ML-KEM-512,keygen,54,151200,,True,
d7fff568-167f-493a-a0a4-a1951de7ce0b,2c3aeb11-0975-4471-b3a2-4847e2a502eb,2026-08-12T16:53:20.801568+00:00,native_windows_x86_64,NATIVE_SOFTWARE,x86_64,"AMD64 Family 23 Model 96 Stepping 1, AuthenticAMD",12,7598,Windows-11-10.0.26200-SP0,N/A (prebuilt Python extension wheel),N/A,N/A (prebuilt wheel),pqcrypto,0.4.0,ML-KEM-512,encapsulation,54,148900,,True,
d7fff568-167f-493a-a0a4-a1951de7ce0b,2c3aeb11-0975-4471-b3a2-4847e2a502eb,2026-08-12T16:53:20.801768+00:00,native_windows_x86_64,NATIVE_SOFTWARE,x86_64,"AMD64 Family 23 Model 96 Stepping 1, AuthenticAMD",12,7598,Windows-11-10.0.26200-SP0,N/A (prebuilt Python extension wheel),N/A,N/A (prebuilt wheel),pqcrypto,0.4.0,ML-KEM-512,decapsulation,54,44200,,True,
d7fff568-167f-493a-a0a4-a1951de7ce0b,2c3aeb11-0975-4471-b3a2-4847e2a502eb,2026-08-12T16:53:20.801859+00:00,native_windows_x86_64,NATIVE_SOFTWARE,x86_64,"AMD64 Family 23 Model 96 Stepping 1, AuthenticAMD",12,7598,Windows-11-10.0.26200-SP0,N/A (prebuilt Python extension wheel),N/A,N/A (prebuilt wheel),pqcrypto,0.4.0,ML-KEM-512,keygen,55,178100,,True,
d7fff568-167f-493a-a0a4-a1951de7ce0b,2c3aeb11-0975-4471-b3a2-4847e2a502eb,2026-08-12T16:53:20.802232+00:00,native_windows_x86_64,NATIVE_SOFTWARE,x86_64,"AMD64 Family 23 Model 96 Stepping 1, AuthenticAMD",12,7598,Windows-11-10.0.26200-SP0,N/A (prebuilt Python extension wheel),N/A,N/A (prebuilt wheel),pqcrypto,0.4.0,ML-KEM-512,encapsulation,55,149700,,True,
d7fff568-167f-493a-a0a4-a1951de7ce0b,2c3aeb11-0975-4471-b3a2-4847e2a502eb,2026-08-12T16:53:20.802434+00:00,native_windows_x86_64,NATIVE_SOFTWARE,x86_64,"AMD64 Family 23 Model 96 Stepping 1, AuthenticAMD",12,7598,Windows-11-10.0.26200-SP0,N/A (prebuilt Python extension wheel),N/A,N/A (prebuilt wheel),pqcrypto,0.4.0,ML-KEM-512,decapsulation,55,44400,,True,
d7fff568-167f-493a-a0a4-a1951de7ce0b,2c3aeb11-0975-4471-b3a2-4847e2a502eb,2026-08-12T16:53:20.802518+00:00,native_windows_x86_64,NATIVE_SOFTWARE,x86_64,"AMD64 Family 23 Model 96 Stepping 1, AuthenticAMD",12,7598,Windows-11-10.0.26200-SP0,N/A (prebuilt Python extension wheel),N/A,N/A (prebuilt wheel),pqcrypto,0.4.0,ML-KEM-512,keygen,56,155500,,True,
d7fff568-167f-493a-a0a4-a1951de7ce0b,2c3aeb11-0975-4471-b3a2-4847e2a502eb,2026-08-12T16:53:20.802883+00:00,native_windows_x86_64,NATIVE_SOFTWARE,x86_64,"AMD64 Family 23 Model 96 Stepping 1, AuthenticAMD",12,7598,Windows-11-10.0.26200-SP0,N/A (prebuilt Python extension wheel),N/A,N/A (prebuilt wheel),pqcrypto,0.4.0,ML-KEM-512,encapsulation,56,150400,,True,
d7fff568-167f-493a-a0a4-a1951de7ce0b,2c3aeb11-0975-4471-b3a2-4847e2a502eb,2026-08-12T16:53:20.803087+00:00,native_windows_x86_64,NATIVE_SOFTWARE,x86_64,"AMD64 Family 23 Model 96 Stepping 1, AuthenticAMD",12,7598,Windows-11-10.0.26200-SP0,N/A (prebuilt Python extension wheel),N/A,N/A (prebuilt wheel),pqcrypto,0.4.0,ML-KEM-512,decapsulation,56,44300,,True,
d7fff568-167f-493a-a0a4-a1951de7ce0b,2c3aeb11-0975-4471-b3a2-4847e2a502eb,2026-08-12T16:53:20.803174+00:00,native_windows_x86_64,NATIVE_SOFTWARE,x86_64,"AMD64 Family 23 Model 96 Stepping 1, AuthenticAMD",12,7598,Windows-11-10.0.26200-SP0,N/A (prebuilt Python extension wheel),N/A,N/A (prebuilt wheel),pqcrypto,0.4.0,ML-KEM-512,keygen,57,156600,,True,
d7fff568-167f-493a-a0a4-a1951de7ce0b,2c3aeb11-0975-4471-b3a2-4847e2a502eb,2026-08-12T16:53:20.803544+00:00,native_windows_x86_64,NATIVE_SOFTWARE,x86_64,"AMD64 Family 23 Model 96 Stepping 1, AuthenticAMD",12,7598,Windows-11-10.0.26200-SP0,N/A (prebuilt Python extension wheel),N/A,N/A (prebuilt wheel),pqcrypto,0.4.0,ML-KEM-512,encapsulation,57,149900,,True,
d7fff568-167f-493a-a0a4-a1951de7ce0b,2c3aeb11-0975-4471-b3a2-4847e2a502eb,2026-08-12T16:53:20.803746+00:00,native_windows_x86_64,NATIVE_SOFTWARE,x86_64,"AMD64 Family 23 Model 96 Stepping 1, AuthenticAMD",12,7598,Windows-11-10.0.26200-SP0,N/A (prebuilt Python extension wheel),N/A,N/A (prebuilt wheel),pqcrypto,0.4.0,ML-KEM-512,decapsulation,57,44100,,True,
d7fff568-167f-493a-a0a4-a1951de7ce0b,2c3aeb11-0975-4471-b3a2-4847e2a502eb,2026-08-12T16:53:20.803833+00:00,native_windows_x86_64,NATIVE_SOFTWARE,x86_64,"AMD64 Family 23 Model 96 Stepping 1, AuthenticAMD",12,7598,Windows-11-10.0.26200-SP0,N/A (prebuilt Python extension wheel),N/A,N/A (prebuilt wheel),pqcrypto,0.4.0,ML-KEM-512,keygen,58,154300,,True,
d7fff568-167f-493a-a0a4-a1951de7ce0b,2c3aeb11-0975-4471-b3a2-4847e2a502eb,2026-08-12T16:53:20.804196+00:00,native_windows_x86_64,NATIVE_SOFTWARE,x86_64,"AMD64 Family 23 Model 96 Stepping 1, AuthenticAMD",12,7598,Windows-11-10.0.26200-SP0,N/A (prebuilt Python extension wheel),N/A,N/A (prebuilt wheel),pqcrypto,0.4.0,ML-KEM-512,encapsulation,58,149200,,True,
d7fff568-167f-493a-a0a4-a1951de7ce0b,2c3aeb11-0975-4471-b3a2-4847e2a502eb,2026-08-12T16:53:20.804399+00:00,native_windows_x86_64,NATIVE_SOFTWARE,x86_64,"AMD64 Family 23 Model 96 Stepping 1, AuthenticAMD",12,7598,Windows-11-10.0.26200-SP0,N/A (prebuilt Python extension wheel),N/A,N/A (prebuilt wheel),pqcrypto,0.4.0,ML-KEM-512,decapsulation,58,44500,,True,
d7fff568-167f-493a-a0a4-a1951de7ce0b,2c3aeb11-0975-4471-b3a2-4847e2a502eb,2026-08-12T16:53:20.804485+00:00,native_windows_x86_64,NATIVE_SOFTWARE,x86_64,"AMD64 Family 23 Model 96 Stepping 1, AuthenticAMD",12,7598,Windows-11-10.0.26200-SP0,N/A (prebuilt Python extension wheel),N/A,N/A (prebuilt wheel),pqcrypto,0.4.0,ML-KEM-512,keygen,59,152000,,True,
d7fff568-167f-493a-a0a4-a1951de7ce0b,2c3aeb11-0975-4471-b3a2-4847e2a502eb,2026-08-12T16:53:20.804831+00:00,native_windows_x86_64,NATIVE_SOFTWARE,x86_64,"AMD64 Family 23 Model 96 Stepping 1, AuthenticAMD",12,7598,Windows-11-10.0.26200-SP0,N/A (prebuilt Python extension wheel),N/A,N/A (prebuilt wheel),pqcrypto,0.4.0,ML-KEM-512,encapsulation,59,149000,,True,
d7fff568-167f-493a-a0a4-a1951de7ce0b,2c3aeb11-0975-4471-b3a2-4847e2a502eb,2026-08-12T16:53:20.805031+00:00,native_windows_x86_64,NATIVE_SOFTWARE,x86_64,"AMD64 Family 23 Model 96 Stepping 1, AuthenticAMD",12,7598,Windows-11-10.0.26200-SP0,N/A (prebuilt Python extension wheel),N/A,N/A (prebuilt wheel),pqcrypto,0.4.0,ML-KEM-512,decapsulation,59,44400,,True,
d7fff568-167f-493a-a0a4-a1951de7ce0b,2c3aeb11-0975-4471-b3a2-4847e2a502eb,2026-08-12T16:53:20.805117+00:00,native_windows_x86_64,NATIVE_SOFTWARE,x86_64,"AMD64 Family 23 Model 96 Stepping 1, AuthenticAMD",12,7598,Windows-11-10.0.26200-SP0,N/A (prebuilt Python extension wheel),N/A,N/A (prebuilt wheel),pqcrypto,0.4.0,ML-KEM-512,keygen,60,167400,,True,
d7fff568-167f-493a-a0a4-a1951de7ce0b,2c3aeb11-0975-4471-b3a2-4847e2a502eb,2026-08-12T16:53:20.805481+00:00,native_windows_x86_64,NATIVE_SOFTWARE,x86_64,"AMD64 Family 23 Model 96 Stepping 1, AuthenticAMD",12,7598,Windows-11-10.0.26200-SP0,N/A (prebuilt Python extension wheel),N/A,N/A (prebuilt wheel),pqcrypto,0.4.0,ML-KEM-512,encapsulation,60,149400,,True,
d7fff568-167f-493a-a0a4-a1951de7ce0b,2c3aeb11-0975-4471-b3a2-4847e2a502eb,2026-08-12T16:53:20.805685+00:00,native_windows_x86_64,NATIVE_SOFTWARE,x86_64,"AMD64 Family 23 Model 96 Stepping 1, AuthenticAMD",12,7598,Windows-11-10.0.26200-SP0,N/A (prebuilt Python extension wheel),N/A,N/A (prebuilt wheel),pqcrypto,0.4.0,ML-KEM-512,decapsulation,60,44100,,True,
d7fff568-167f-493a-a0a4-a1951de7ce0b,2c3aeb11-0975-4471-b3a2-4847e2a502eb,2026-08-12T16:53:20.805769+00:00,native_windows_x86_64,NATIVE_SOFTWARE,x86_64,"AMD64 Family 23 Model 96 Stepping 1, AuthenticAMD",12,7598,Windows-11-10.0.26200-SP0,N/A (prebuilt Python extension wheel),N/A,N/A (prebuilt wheel),pqcrypto,0.4.0,ML-KEM-512,keygen,61,172100,,True,
d7fff568-167f-493a-a0a4-a1951de7ce0b,2c3aeb11-0975-4471-b3a2-4847e2a502eb,2026-08-12T16:53:20.806136+00:00,native_windows_x86_64,NATIVE_SOFTWARE,x86_64,"AMD64 Family 23 Model 96 Stepping 1, AuthenticAMD",12,7598,Windows-11-10.0.26200-SP0,N/A (prebuilt Python extension wheel),N/A,N/A (prebuilt wheel),pqcrypto,0.4.0,ML-KEM-512,encapsulation,61,183200,,True,
d7fff568-167f-493a-a0a4-a1951de7ce0b,2c3aeb11-0975-4471-b3a2-4847e2a502eb,2026-08-12T16:53:20.806372+00:00,native_windows_x86_64,NATIVE_SOFTWARE,x86_64,"AMD64 Family 23 Model 96 Stepping 1, AuthenticAMD",12,7598,Windows-11-10.0.26200-SP0,N/A (prebuilt Python extension wheel),N/A,N/A (prebuilt wheel),pqcrypto,0.4.0,ML-KEM-512,decapsulation,61,44300,,True,
d7fff568-167f-493a-a0a4-a1951de7ce0b,2c3aeb11-0975-4471-b3a2-4847e2a502eb,2026-08-12T16:53:20.806458+00:00,native_windows_x86_64,NATIVE_SOFTWARE,x86_64,"AMD64 Family 23 Model 96 Stepping 1, AuthenticAMD",12,7598,Windows-11-10.0.26200-SP0,N/A (prebuilt Python extension wheel),N/A,N/A (prebuilt wheel),pqcrypto,0.4.0,ML-KEM-512,keygen,62,154500,,True,
d7fff568-167f-493a-a0a4-a1951de7ce0b,2c3aeb11-0975-4471-b3a2-4847e2a502eb,2026-08-12T16:53:20.806807+00:00,native_windows_x86_64,NATIVE_SOFTWARE,x86_64,"AMD64 Family 23 Model 96 Stepping 1, AuthenticAMD",12,7598,Windows-11-10.0.26200-SP0,N/A (prebuilt Python extension wheel),N/A,N/A (prebuilt wheel),pqcrypto,0.4.0,ML-KEM-512,encapsulation,62,147200,,True,
d7fff568-167f-493a-a0a4-a1951de7ce0b,2c3aeb11-0975-4471-b3a2-4847e2a502eb,2026-08-12T16:53:20.807006+00:00,native_windows_x86_64,NATIVE_SOFTWARE,x86_64,"AMD64 Family 23 Model 96 Stepping 1, AuthenticAMD",12,7598,Windows-11-10.0.26200-SP0,N/A (prebuilt Python extension wheel),N/A,N/A (prebuilt wheel),pqcrypto,0.4.0,ML-KEM-512,decapsulation,62,44200,,True,
d7fff568-167f-493a-a0a4-a1951de7ce0b,2c3aeb11-0975-4471-b3a2-4847e2a502eb,2026-08-12T16:53:20.807092+00:00,native_windows_x86_64,NATIVE_SOFTWARE,x86_64,"AMD64 Family 23 Model 96 Stepping 1, AuthenticAMD",12,7598,Windows-11-10.0.26200-SP0,N/A (prebuilt Python extension wheel),N/A,N/A (prebuilt wheel),pqcrypto,0.4.0,ML-KEM-512,keygen,63,160700,,True,
d7fff568-167f-493a-a0a4-a1951de7ce0b,2c3aeb11-0975-4471-b3a2-4847e2a502eb,2026-08-12T16:53:20.807450+00:00,native_windows_x86_64,NATIVE_SOFTWARE,x86_64,"AMD64 Family 23 Model 96 Stepping 1, AuthenticAMD",12,7598,Windows-11-10.0.26200-SP0,N/A (prebuilt Python extension wheel),N/A,N/A (prebuilt wheel),pqcrypto,0.4.0,ML-KEM-512,encapsulation,63,151800,,True,
d7fff568-167f-493a-a0a4-a1951de7ce0b,2c3aeb11-0975-4471-b3a2-4847e2a502eb,2026-08-12T16:53:20.807652+00:00,native_windows_x86_64,NATIVE_SOFTWARE,x86_64,"AMD64 Family 23 Model 96 Stepping 1, AuthenticAMD",12,7598,Windows-11-10.0.26200-SP0,N/A (prebuilt Python extension wheel),N/A,N/A (prebuilt wheel),pqcrypto,0.4.0,ML-KEM-512,decapsulation,63,44600,,True,
d7fff568-167f-493a-a0a4-a1951de7ce0b,2c3aeb11-0975-4471-b3a2-4847e2a502eb,2026-08-12T16:53:20.807737+00:00,native_windows_x86_64,NATIVE_SOFTWARE,x86_64,"AMD64 Family 23 Model 96 Stepping 1, AuthenticAMD",12,7598,Windows-11-10.0.26200-SP0,N/A (prebuilt Python extension wheel),N/A,N/A (prebuilt wheel),pqcrypto,0.4.0,ML-KEM-512,keygen,64,150900,,True,
d7fff568-167f-493a-a0a4-a1951de7ce0b,2c3aeb11-0975-4471-b3a2-4847e2a502eb,2026-08-12T16:53:20.808096+00:00,native_windows_x86_64,NATIVE_SOFTWARE,x86_64,"AMD64 Family 23 Model 96 Stepping 1, AuthenticAMD",12,7598,Windows-11-10.0.26200-SP0,N/A (prebuilt Python extension wheel),N/A,N/A (prebuilt wheel),pqcrypto,0.4.0,ML-KEM-512,encapsulation,64,149000,,True,
d7fff568-167f-493a-a0a4-a1951de7ce0b,2c3aeb11-0975-4471-b3a2-4847e2a502eb,2026-08-12T16:53:20.808298+00:00,native_windows_x86_64,NATIVE_SOFTWARE,x86_64,"AMD64 Family 23 Model 96 Stepping 1, AuthenticAMD",12,7598,Windows-11-10.0.26200-SP0,N/A (prebuilt Python extension wheel),N/A,N/A (prebuilt wheel),pqcrypto,0.4.0,ML-KEM-512,decapsulation,64,44300,,True,
d7fff568-167f-493a-a0a4-a1951de7ce0b,2c3aeb11-0975-4471-b3a2-4847e2a502eb,2026-08-12T16:53:20.808382+00:00,native_windows_x86_64,NATIVE_SOFTWARE,x86_64,"AMD64 Family 23 Model 96 Stepping 1, AuthenticAMD",12,7598,Windows-11-10.0.26200-SP0,N/A (prebuilt Python extension wheel),N/A,N/A (prebuilt wheel),pqcrypto,0.4.0,ML-KEM-512,keygen,65,159300,,True,
d7fff568-167f-493a-a0a4-a1951de7ce0b,2c3aeb11-0975-4471-b3a2-4847e2a502eb,2026-08-12T16:53:20.808748+00:00,native_windows_x86_64,NATIVE_SOFTWARE,x86_64,"AMD64 Family 23 Model 96 Stepping 1, AuthenticAMD",12,7598,Windows-11-10.0.26200-SP0,N/A (prebuilt Python extension wheel),N/A,N/A (prebuilt wheel),pqcrypto,0.4.0,ML-KEM-512,encapsulation,65,183400,,True,
d7fff568-167f-493a-a0a4-a1951de7ce0b,2c3aeb11-0975-4471-b3a2-4847e2a502eb,2026-08-12T16:53:20.808984+00:00,native_windows_x86_64,NATIVE_SOFTWARE,x86_64,"AMD64 Family 23 Model 96 Stepping 1, AuthenticAMD",12,7598,Windows-11-10.0.26200-SP0,N/A (prebuilt Python extension wheel),N/A,N/A (prebuilt wheel),pqcrypto,0.4.0,ML-KEM-512,decapsulation,65,47400,,True,
d7fff568-167f-493a-a0a4-a1951de7ce0b,2c3aeb11-0975-4471-b3a2-4847e2a502eb,2026-08-12T16:53:20.809073+00:00,native_windows_x86_64,NATIVE_SOFTWARE,x86_64,"AMD64 Family 23 Model 96 Stepping 1, AuthenticAMD",12,7598,Windows-11-10.0.26200-SP0,N/A (prebuilt Python extension wheel),N/A,N/A (prebuilt wheel),pqcrypto,0.4.0,ML-KEM-512,keygen,66,151300,,True,
d7fff568-167f-493a-a0a4-a1951de7ce0b,2c3aeb11-0975-4471-b3a2-4847e2a502eb,2026-08-12T16:53:20.809422+00:00,native_windows_x86_64,NATIVE_SOFTWARE,x86_64,"AMD64 Family 23 Model 96 Stepping 1, AuthenticAMD",12,7598,Windows-11-10.0.26200-SP0,N/A (prebuilt Python extension wheel),N/A,N/A (prebuilt wheel),pqcrypto,0.4.0,ML-KEM-512,encapsulation,66,156800,,True,
d7fff568-167f-493a-a0a4-a1951de7ce0b,2c3aeb11-0975-4471-b3a2-4847e2a502eb,2026-08-12T16:53:20.809634+00:00,native_windows_x86_64,NATIVE_SOFTWARE,x86_64,"AMD64 Family 23 Model 96 Stepping 1, AuthenticAMD",12,7598,Windows-11-10.0.26200-SP0,N/A (prebuilt Python extension wheel),N/A,N/A (prebuilt wheel),pqcrypto,0.4.0,ML-KEM-512,decapsulation,66,44200,,True,
d7fff568-167f-493a-a0a4-a1951de7ce0b,2c3aeb11-0975-4471-b3a2-4847e2a502eb,2026-08-12T16:53:20.810059+00:00,native_windows_x86_64,NATIVE_SOFTWARE,x86_64,"AMD64 Family 23 Model 96 Stepping 1, AuthenticAMD",12,7598,Windows-11-10.0.26200-SP0,N/A (prebuilt Python extension wheel),N/A,N/A (prebuilt wheel),pqcrypto,0.4.0,ML-KEM-512,keygen,67,168800,,True,
d7fff568-167f-493a-a0a4-a1951de7ce0b,2c3aeb11-0975-4471-b3a2-4847e2a502eb,2026-08-12T16:53:20.810429+00:00,native_windows_x86_64,NATIVE_SOFTWARE,x86_64,"AMD64 Family 23 Model 96 Stepping 1, AuthenticAMD",12,7598,Windows-11-10.0.26200-SP0,N/A (prebuilt Python extension wheel),N/A,N/A (prebuilt wheel),pqcrypto,0.4.0,ML-KEM-512,encapsulation,67,149100,,True,
d7fff568-167f-493a-a0a4-a1951de7ce0b,2c3aeb11-0975-4471-b3a2-4847e2a502eb,2026-08-12T16:53:20.810627+00:00,native_windows_x86_64,NATIVE_SOFTWARE,x86_64,"AMD64 Family 23 Model 96 Stepping 1, AuthenticAMD",12,7598,Windows-11-10.0.26200-SP0,N/A (prebuilt Python extension wheel),N/A,N/A (prebuilt wheel),pqcrypto,0.4.0,ML-KEM-512,decapsulation,67,44400,,True,
d7fff568-167f-493a-a0a4-a1951de7ce0b,2c3aeb11-0975-4471-b3a2-4847e2a502eb,2026-08-12T16:53:20.810712+00:00,native_windows_x86_64,NATIVE_SOFTWARE,x86_64,"AMD64 Family 23 Model 96 Stepping 1, AuthenticAMD",12,7598,Windows-11-10.0.26200-SP0,N/A (prebuilt Python extension wheel),N/A,N/A (prebuilt wheel),pqcrypto,0.4.0,ML-KEM-512,keygen,68,151800,,True,
d7fff568-167f-493a-a0a4-a1951de7ce0b,2c3aeb11-0975-4471-b3a2-4847e2a502eb,2026-08-12T16:53:20.811058+00:00,native_windows_x86_64,NATIVE_SOFTWARE,x86_64,"AMD64 Family 23 Model 96 Stepping 1, AuthenticAMD",12,7598,Windows-11-10.0.26200-SP0,N/A (prebuilt Python extension wheel),N/A,N/A (prebuilt wheel),pqcrypto,0.4.0,ML-KEM-512,encapsulation,68,148000,,True,
d7fff568-167f-493a-a0a4-a1951de7ce0b,2c3aeb11-0975-4471-b3a2-4847e2a502eb,2026-08-12T16:53:20.811256+00:00,native_windows_x86_64,NATIVE_SOFTWARE,x86_64,"AMD64 Family 23 Model 96 Stepping 1, AuthenticAMD",12,7598,Windows-11-10.0.26200-SP0,N/A (prebuilt Python extension wheel),N/A,N/A (prebuilt wheel),pqcrypto,0.4.0,ML-KEM-512,decapsulation,68,44200,,True,
d7fff568-167f-493a-a0a4-a1951de7ce0b,2c3aeb11-0975-4471-b3a2-4847e2a502eb,2026-08-12T16:53:20.811339+00:00,native_windows_x86_64,NATIVE_SOFTWARE,x86_64,"AMD64 Family 23 Model 96 Stepping 1, AuthenticAMD",12,7598,Windows-11-10.0.26200-SP0,N/A (prebuilt Python extension wheel),N/A,N/A (prebuilt wheel),pqcrypto,0.4.0,ML-KEM-512,keygen,69,150700,,True,
d7fff568-167f-493a-a0a4-a1951de7ce0b,2c3aeb11-0975-4471-b3a2-4847e2a502eb,2026-08-12T16:53:20.811690+00:00,native_windows_x86_64,NATIVE_SOFTWARE,x86_64,"AMD64 Family 23 Model 96 Stepping 1, AuthenticAMD",12,7598,Windows-11-10.0.26200-SP0,N/A (prebuilt Python extension wheel),N/A,N/A (prebuilt wheel),pqcrypto,0.4.0,ML-KEM-512,encapsulation,69,149800,,True,
d7fff568-167f-493a-a0a4-a1951de7ce0b,2c3aeb11-0975-4471-b3a2-4847e2a502eb,2026-08-12T16:53:20.811889+00:00,native_windows_x86_64,NATIVE_SOFTWARE,x86_64,"AMD64 Family 23 Model 96 Stepping 1, AuthenticAMD",12,7598,Windows-11-10.0.26200-SP0,N/A (prebuilt Python extension wheel),N/A,N/A (prebuilt wheel),pqcrypto,0.4.0,ML-KEM-512,decapsulation,69,44800,,True,
d7fff568-167f-493a-a0a4-a1951de7ce0b,2c3aeb11-0975-4471-b3a2-4847e2a502eb,2026-08-12T16:53:20.811974+00:00,native_windows_x86_64,NATIVE_SOFTWARE,x86_64,"AMD64 Family 23 Model 96 Stepping 1, AuthenticAMD",12,7598,Windows-11-10.0.26200-SP0,N/A (prebuilt Python extension wheel),N/A,N/A (prebuilt wheel),pqcrypto,0.4.0,ML-KEM-512,keygen,70,153100,,True,
d7fff568-167f-493a-a0a4-a1951de7ce0b,2c3aeb11-0975-4471-b3a2-4847e2a502eb,2026-08-12T16:53:20.812318+00:00,native_windows_x86_64,NATIVE_SOFTWARE,x86_64,"AMD64 Family 23 Model 96 Stepping 1, AuthenticAMD",12,7598,Windows-11-10.0.26200-SP0,N/A (prebuilt Python extension wheel),N/A,N/A (prebuilt wheel),pqcrypto,0.4.0,ML-KEM-512,encapsulation,70,149000,,True,
d7fff568-167f-493a-a0a4-a1951de7ce0b,2c3aeb11-0975-4471-b3a2-4847e2a502eb,2026-08-12T16:53:20.812527+00:00,native_windows_x86_64,NATIVE_SOFTWARE,x86_64,"AMD64 Family 23 Model 96 Stepping 1, AuthenticAMD",12,7598,Windows-11-10.0.26200-SP0,N/A (prebuilt Python extension wheel),N/A,N/A (prebuilt wheel),pqcrypto,0.4.0,ML-KEM-512,decapsulation,70,57400,,True,
d7fff568-167f-493a-a0a4-a1951de7ce0b,2c3aeb11-0975-4471-b3a2-4847e2a502eb,2026-08-12T16:53:20.812656+00:00,native_windows_x86_64,NATIVE_SOFTWARE,x86_64,"AMD64 Family 23 Model 96 Stepping 1, AuthenticAMD",12,7598,Windows-11-10.0.26200-SP0,N/A (prebuilt Python extension wheel),N/A,N/A (prebuilt wheel),pqcrypto,0.4.0,ML-KEM-512,keygen,71,190000,,True,
d7fff568-167f-493a-a0a4-a1951de7ce0b,2c3aeb11-0975-4471-b3a2-4847e2a502eb,2026-08-12T16:53:20.813065+00:00,native_windows_x86_64,NATIVE_SOFTWARE,x86_64,"AMD64 Family 23 Model 96 Stepping 1, AuthenticAMD",12,7598,Windows-11-10.0.26200-SP0,N/A (prebuilt Python extension wheel),N/A,N/A (prebuilt wheel),pqcrypto,0.4.0,ML-KEM-512,encapsulation,71,164400,,True,
d7fff568-167f-493a-a0a4-a1951de7ce0b,2c3aeb11-0975-4471-b3a2-4847e2a502eb,2026-08-12T16:53:20.813281+00:00,native_windows_x86_64,NATIVE_SOFTWARE,x86_64,"AMD64 Family 23 Model 96 Stepping 1, AuthenticAMD",12,7598,Windows-11-10.0.26200-SP0,N/A (prebuilt Python extension wheel),N/A,N/A (prebuilt wheel),pqcrypto,0.4.0,ML-KEM-512,decapsulation,71,45000,,True,
d7fff568-167f-493a-a0a4-a1951de7ce0b,2c3aeb11-0975-4471-b3a2-4847e2a502eb,2026-08-12T16:53:20.813366+00:00,native_windows_x86_64,NATIVE_SOFTWARE,x86_64,"AMD64 Family 23 Model 96 Stepping 1, AuthenticAMD",12,7598,Windows-11-10.0.26200-SP0,N/A (prebuilt Python extension wheel),N/A,N/A (prebuilt wheel),pqcrypto,0.4.0,ML-KEM-512,keygen,72,158100,,True,
d7fff568-167f-493a-a0a4-a1951de7ce0b,2c3aeb11-0975-4471-b3a2-4847e2a502eb,2026-08-12T16:53:20.813721+00:00,native_windows_x86_64,NATIVE_SOFTWARE,x86_64,"AMD64 Family 23 Model 96 Stepping 1, AuthenticAMD",12,7598,Windows-11-10.0.26200-SP0,N/A (prebuilt Python extension wheel),N/A,N/A (prebuilt wheel),pqcrypto,0.4.0,ML-KEM-512,encapsulation,72,147700,,True,
d7fff568-167f-493a-a0a4-a1951de7ce0b,2c3aeb11-0975-4471-b3a2-4847e2a502eb,2026-08-12T16:53:20.813919+00:00,native_windows_x86_64,NATIVE_SOFTWARE,x86_64,"AMD64 Family 23 Model 96 Stepping 1, AuthenticAMD",12,7598,Windows-11-10.0.26200-SP0,N/A (prebuilt Python extension wheel),N/A,N/A (prebuilt wheel),pqcrypto,0.4.0,ML-KEM-512,decapsulation,72,44100,,True,
d7fff568-167f-493a-a0a4-a1951de7ce0b,2c3aeb11-0975-4471-b3a2-4847e2a502eb,2026-08-12T16:53:20.814004+00:00,native_windows_x86_64,NATIVE_SOFTWARE,x86_64,"AMD64 Family 23 Model 96 Stepping 1, AuthenticAMD",12,7598,Windows-11-10.0.26200-SP0,N/A (prebuilt Python extension wheel),N/A,N/A (prebuilt wheel),pqcrypto,0.4.0,ML-KEM-512,keygen,73,168300,,True,
d7fff568-167f-493a-a0a4-a1951de7ce0b,2c3aeb11-0975-4471-b3a2-4847e2a502eb,2026-08-12T16:53:20.814369+00:00,native_windows_x86_64,NATIVE_SOFTWARE,x86_64,"AMD64 Family 23 Model 96 Stepping 1, AuthenticAMD",12,7598,Windows-11-10.0.26200-SP0,N/A (prebuilt Python extension wheel),N/A,N/A (prebuilt wheel),pqcrypto,0.4.0,ML-KEM-512,encapsulation,73,148300,,True,
d7fff568-167f-493a-a0a4-a1951de7ce0b,2c3aeb11-0975-4471-b3a2-4847e2a502eb,2026-08-12T16:53:20.814570+00:00,native_windows_x86_64,NATIVE_SOFTWARE,x86_64,"AMD64 Family 23 Model 96 Stepping 1, AuthenticAMD",12,7598,Windows-11-10.0.26200-SP0,N/A (prebuilt Python extension wheel),N/A,N/A (prebuilt wheel),pqcrypto,0.4.0,ML-KEM-512,decapsulation,73,44100,,True,
d7fff568-167f-493a-a0a4-a1951de7ce0b,2c3aeb11-0975-4471-b3a2-4847e2a502eb,2026-08-12T16:53:20.814655+00:00,native_windows_x86_64,NATIVE_SOFTWARE,x86_64,"AMD64 Family 23 Model 96 Stepping 1, AuthenticAMD",12,7598,Windows-11-10.0.26200-SP0,N/A (prebuilt Python extension wheel),N/A,N/A (prebuilt wheel),pqcrypto,0.4.0,ML-KEM-512,keygen,74,150600,,True,
d7fff568-167f-493a-a0a4-a1951de7ce0b,2c3aeb11-0975-4471-b3a2-4847e2a502eb,2026-08-12T16:53:20.815002+00:00,native_windows_x86_64,NATIVE_SOFTWARE,x86_64,"AMD64 Family 23 Model 96 Stepping 1, AuthenticAMD",12,7598,Windows-11-10.0.26200-SP0,N/A (prebuilt Python extension wheel),N/A,N/A (prebuilt wheel),pqcrypto,0.4.0,ML-KEM-512,encapsulation,74,151900,,True,
d7fff568-167f-493a-a0a4-a1951de7ce0b,2c3aeb11-0975-4471-b3a2-4847e2a502eb,2026-08-12T16:53:20.815205+00:00,native_windows_x86_64,NATIVE_SOFTWARE,x86_64,"AMD64 Family 23 Model 96 Stepping 1, AuthenticAMD",12,7598,Windows-11-10.0.26200-SP0,N/A (prebuilt Python extension wheel),N/A,N/A (prebuilt wheel),pqcrypto,0.4.0,ML-KEM-512,decapsulation,74,44300,,True,
d7fff568-167f-493a-a0a4-a1951de7ce0b,2c3aeb11-0975-4471-b3a2-4847e2a502eb,2026-08-12T16:53:20.815291+00:00,native_windows_x86_64,NATIVE_SOFTWARE,x86_64,"AMD64 Family 23 Model 96 Stepping 1, AuthenticAMD",12,7598,Windows-11-10.0.26200-SP0,N/A (prebuilt Python extension wheel),N/A,N/A (prebuilt wheel),pqcrypto,0.4.0,ML-KEM-512,keygen,75,156100,,True,
d7fff568-167f-493a-a0a4-a1951de7ce0b,2c3aeb11-0975-4471-b3a2-4847e2a502eb,2026-08-12T16:53:20.815646+00:00,native_windows_x86_64,NATIVE_SOFTWARE,x86_64,"AMD64 Family 23 Model 96 Stepping 1, AuthenticAMD",12,7598,Windows-11-10.0.26200-SP0,N/A (prebuilt Python extension wheel),N/A,N/A (prebuilt wheel),pqcrypto,0.4.0,ML-KEM-512,encapsulation,75,151500,,True,
d7fff568-167f-493a-a0a4-a1951de7ce0b,2c3aeb11-0975-4471-b3a2-4847e2a502eb,2026-08-12T16:53:20.815854+00:00,native_windows_x86_64,NATIVE_SOFTWARE,x86_64,"AMD64 Family 23 Model 96 Stepping 1, AuthenticAMD",12,7598,Windows-11-10.0.26200-SP0,N/A (prebuilt Python extension wheel),N/A,N/A (prebuilt wheel),pqcrypto,0.4.0,ML-KEM-512,decapsulation,75,44200,,True,
d7fff568-167f-493a-a0a4-a1951de7ce0b,2c3aeb11-0975-4471-b3a2-4847e2a502eb,2026-08-12T16:53:20.815939+00:00,native_windows_x86_64,NATIVE_SOFTWARE,x86_64,"AMD64 Family 23 Model 96 Stepping 1, AuthenticAMD",12,7598,Windows-11-10.0.26200-SP0,N/A (prebuilt Python extension wheel),N/A,N/A (prebuilt wheel),pqcrypto,0.4.0,ML-KEM-512,keygen,76,150300,,True,
d7fff568-167f-493a-a0a4-a1951de7ce0b,2c3aeb11-0975-4471-b3a2-4847e2a502eb,2026-08-12T16:53:20.816322+00:00,native_windows_x86_64,NATIVE_SOFTWARE,x86_64,"AMD64 Family 23 Model 96 Stepping 1, AuthenticAMD",12,7598,Windows-11-10.0.26200-SP0,N/A (prebuilt Python extension wheel),N/A,N/A (prebuilt wheel),pqcrypto,0.4.0,ML-KEM-512,encapsulation,76,151800,,True,
d7fff568-167f-493a-a0a4-a1951de7ce0b,2c3aeb11-0975-4471-b3a2-4847e2a502eb,2026-08-12T16:53:20.816527+00:00,native_windows_x86_64,NATIVE_SOFTWARE,x86_64,"AMD64 Family 23 Model 96 Stepping 1, AuthenticAMD",12,7598,Windows-11-10.0.26200-SP0,N/A (prebuilt Python extension wheel),N/A,N/A (prebuilt wheel),pqcrypto,0.4.0,ML-KEM-512,decapsulation,76,44100,,True,
d7fff568-167f-493a-a0a4-a1951de7ce0b,2c3aeb11-0975-4471-b3a2-4847e2a502eb,2026-08-12T16:53:20.816612+00:00,native_windows_x86_64,NATIVE_SOFTWARE,x86_64,"AMD64 Family 23 Model 96 Stepping 1, AuthenticAMD",12,7598,Windows-11-10.0.26200-SP0,N/A (prebuilt Python extension wheel),N/A,N/A (prebuilt wheel),pqcrypto,0.4.0,ML-KEM-512,keygen,77,158600,,True,
d7fff568-167f-493a-a0a4-a1951de7ce0b,2c3aeb11-0975-4471-b3a2-4847e2a502eb,2026-08-12T16:53:20.816978+00:00,native_windows_x86_64,NATIVE_SOFTWARE,x86_64,"AMD64 Family 23 Model 96 Stepping 1, AuthenticAMD",12,7598,Windows-11-10.0.26200-SP0,N/A (prebuilt Python extension wheel),N/A,N/A (prebuilt wheel),pqcrypto,0.4.0,ML-KEM-512,encapsulation,77,158500,,True,
d7fff568-167f-493a-a0a4-a1951de7ce0b,2c3aeb11-0975-4471-b3a2-4847e2a502eb,2026-08-12T16:53:20.817196+00:00,native_windows_x86_64,NATIVE_SOFTWARE,x86_64,"AMD64 Family 23 Model 96 Stepping 1, AuthenticAMD",12,7598,Windows-11-10.0.26200-SP0,N/A (prebuilt Python extension wheel),N/A,N/A (prebuilt wheel),pqcrypto,0.4.0,ML-KEM-512,decapsulation,77,45400,,True,
d7fff568-167f-493a-a0a4-a1951de7ce0b,2c3aeb11-0975-4471-b3a2-4847e2a502eb,2026-08-12T16:53:20.817287+00:00,native_windows_x86_64,NATIVE_SOFTWARE,x86_64,"AMD64 Family 23 Model 96 Stepping 1, AuthenticAMD",12,7598,Windows-11-10.0.26200-SP0,N/A (prebuilt Python extension wheel),N/A,N/A (prebuilt wheel),pqcrypto,0.4.0,ML-KEM-512,keygen,78,164000,,True,
d7fff568-167f-493a-a0a4-a1951de7ce0b,2c3aeb11-0975-4471-b3a2-4847e2a502eb,2026-08-12T16:53:20.817666+00:00,native_windows_x86_64,NATIVE_SOFTWARE,x86_64,"AMD64 Family 23 Model 96 Stepping 1, AuthenticAMD",12,7598,Windows-11-10.0.26200-SP0,N/A (prebuilt Python extension wheel),N/A,N/A (prebuilt wheel),pqcrypto,0.4.0,ML-KEM-512,encapsulation,78,158700,,True,
d7fff568-167f-493a-a0a4-a1951de7ce0b,2c3aeb11-0975-4471-b3a2-4847e2a502eb,2026-08-12T16:53:20.817889+00:00,native_windows_x86_64,NATIVE_SOFTWARE,x86_64,"AMD64 Family 23 Model 96 Stepping 1, AuthenticAMD",12,7598,Windows-11-10.0.26200-SP0,N/A (prebuilt Python extension wheel),N/A,N/A (prebuilt wheel),pqcrypto,0.4.0,ML-KEM-512,decapsulation,78,45200,,True,
d7fff568-167f-493a-a0a4-a1951de7ce0b,2c3aeb11-0975-4471-b3a2-4847e2a502eb,2026-08-12T16:53:20.817976+00:00,native_windows_x86_64,NATIVE_SOFTWARE,x86_64,"AMD64 Family 23 Model 96 Stepping 1, AuthenticAMD",12,7598,Windows-11-10.0.26200-SP0,N/A (prebuilt Python extension wheel),N/A,N/A (prebuilt wheel),pqcrypto,0.4.0,ML-KEM-512,keygen,79,155700,,True,
d7fff568-167f-493a-a0a4-a1951de7ce0b,2c3aeb11-0975-4471-b3a2-4847e2a502eb,2026-08-12T16:53:20.818329+00:00,native_windows_x86_64,NATIVE_SOFTWARE,x86_64,"AMD64 Family 23 Model 96 Stepping 1, AuthenticAMD",12,7598,Windows-11-10.0.26200-SP0,N/A (prebuilt Python extension wheel),N/A,N/A (prebuilt wheel),pqcrypto,0.4.0,ML-KEM-512,encapsulation,79,150000,,True,
d7fff568-167f-493a-a0a4-a1951de7ce0b,2c3aeb11-0975-4471-b3a2-4847e2a502eb,2026-08-12T16:53:20.818530+00:00,native_windows_x86_64,NATIVE_SOFTWARE,x86_64,"AMD64 Family 23 Model 96 Stepping 1, AuthenticAMD",12,7598,Windows-11-10.0.26200-SP0,N/A (prebuilt Python extension wheel),N/A,N/A (prebuilt wheel),pqcrypto,0.4.0,ML-KEM-512,decapsulation,79,44200,,True,
d7fff568-167f-493a-a0a4-a1951de7ce0b,2c3aeb11-0975-4471-b3a2-4847e2a502eb,2026-08-12T16:53:20.818615+00:00,native_windows_x86_64,NATIVE_SOFTWARE,x86_64,"AMD64 Family 23 Model 96 Stepping 1, AuthenticAMD",12,7598,Windows-11-10.0.26200-SP0,N/A (prebuilt Python extension wheel),N/A,N/A (prebuilt wheel),pqcrypto,0.4.0,ML-KEM-512,keygen,80,164100,,True,
d7fff568-167f-493a-a0a4-a1951de7ce0b,2c3aeb11-0975-4471-b3a2-4847e2a502eb,2026-08-12T16:53:20.818973+00:00,native_windows_x86_64,NATIVE_SOFTWARE,x86_64,"AMD64 Family 23 Model 96 Stepping 1, AuthenticAMD",12,7598,Windows-11-10.0.26200-SP0,N/A (prebuilt Python extension wheel),N/A,N/A (prebuilt wheel),pqcrypto,0.4.0,ML-KEM-512,encapsulation,80,148100,,True,
d7fff568-167f-493a-a0a4-a1951de7ce0b,2c3aeb11-0975-4471-b3a2-4847e2a502eb,2026-08-12T16:53:20.819172+00:00,native_windows_x86_64,NATIVE_SOFTWARE,x86_64,"AMD64 Family 23 Model 96 Stepping 1, AuthenticAMD",12,7598,Windows-11-10.0.26200-SP0,N/A (prebuilt Python extension wheel),N/A,N/A (prebuilt wheel),pqcrypto,0.4.0,ML-KEM-512,decapsulation,80,44200,,True,
d7fff568-167f-493a-a0a4-a1951de7ce0b,2c3aeb11-0975-4471-b3a2-4847e2a502eb,2026-08-12T16:53:20.819257+00:00,native_windows_x86_64,NATIVE_SOFTWARE,x86_64,"AMD64 Family 23 Model 96 Stepping 1, AuthenticAMD",12,7598,Windows-11-10.0.26200-SP0,N/A (prebuilt Python extension wheel),N/A,N/A (prebuilt wheel),pqcrypto,0.4.0,ML-KEM-512,keygen,81,151000,,True,
d7fff568-167f-493a-a0a4-a1951de7ce0b,2c3aeb11-0975-4471-b3a2-4847e2a502eb,2026-08-12T16:53:20.819608+00:00,native_windows_x86_64,NATIVE_SOFTWARE,x86_64,"AMD64 Family 23 Model 96 Stepping 1, AuthenticAMD",12,7598,Windows-11-10.0.26200-SP0,N/A (prebuilt Python extension wheel),N/A,N/A (prebuilt wheel),pqcrypto,0.4.0,ML-KEM-512,encapsulation,81,172700,,True,
d7fff568-167f-493a-a0a4-a1951de7ce0b,2c3aeb11-0975-4471-b3a2-4847e2a502eb,2026-08-12T16:53:20.819831+00:00,native_windows_x86_64,NATIVE_SOFTWARE,x86_64,"AMD64 Family 23 Model 96 Stepping 1, AuthenticAMD",12,7598,Windows-11-10.0.26200-SP0,N/A (prebuilt Python extension wheel),N/A,N/A (prebuilt wheel),pqcrypto,0.4.0,ML-KEM-512,decapsulation,81,44200,,True,
d7fff568-167f-493a-a0a4-a1951de7ce0b,2c3aeb11-0975-4471-b3a2-4847e2a502eb,2026-08-12T16:53:20.819915+00:00,native_windows_x86_64,NATIVE_SOFTWARE,x86_64,"AMD64 Family 23 Model 96 Stepping 1, AuthenticAMD",12,7598,Windows-11-10.0.26200-SP0,N/A (prebuilt Python extension wheel),N/A,N/A (prebuilt wheel),pqcrypto,0.4.0,ML-KEM-512,keygen,82,155300,,True,
d7fff568-167f-493a-a0a4-a1951de7ce0b,2c3aeb11-0975-4471-b3a2-4847e2a502eb,2026-08-12T16:53:20.820266+00:00,native_windows_x86_64,NATIVE_SOFTWARE,x86_64,"AMD64 Family 23 Model 96 Stepping 1, AuthenticAMD",12,7598,Windows-11-10.0.26200-SP0,N/A (prebuilt Python extension wheel),N/A,N/A (prebuilt wheel),pqcrypto,0.4.0,ML-KEM-512,encapsulation,82,147700,,True,
d7fff568-167f-493a-a0a4-a1951de7ce0b,2c3aeb11-0975-4471-b3a2-4847e2a502eb,2026-08-12T16:53:20.820465+00:00,native_windows_x86_64,NATIVE_SOFTWARE,x86_64,"AMD64 Family 23 Model 96 Stepping 1, AuthenticAMD",12,7598,Windows-11-10.0.26200-SP0,N/A (prebuilt Python extension wheel),N/A,N/A (prebuilt wheel),pqcrypto,0.4.0,ML-KEM-512,decapsulation,82,44100,,True,
d7fff568-167f-493a-a0a4-a1951de7ce0b,2c3aeb11-0975-4471-b3a2-4847e2a502eb,2026-08-12T16:53:20.820549+00:00,native_windows_x86_64,NATIVE_SOFTWARE,x86_64,"AMD64 Family 23 Model 96 Stepping 1, AuthenticAMD",12,7598,Windows-11-10.0.26200-SP0,N/A (prebuilt Python extension wheel),N/A,N/A (prebuilt wheel),pqcrypto,0.4.0,ML-KEM-512,keygen,83,163300,,True,
d7fff568-167f-493a-a0a4-a1951de7ce0b,2c3aeb11-0975-4471-b3a2-4847e2a502eb,2026-08-12T16:53:20.820909+00:00,native_windows_x86_64,NATIVE_SOFTWARE,x86_64,"AMD64 Family 23 Model 96 Stepping 1, AuthenticAMD",12,7598,Windows-11-10.0.26200-SP0,N/A (prebuilt Python extension wheel),N/A,N/A (prebuilt wheel),pqcrypto,0.4.0,ML-KEM-512,encapsulation,83,151400,,True,
d7fff568-167f-493a-a0a4-a1951de7ce0b,2c3aeb11-0975-4471-b3a2-4847e2a502eb,2026-08-12T16:53:20.821111+00:00,native_windows_x86_64,NATIVE_SOFTWARE,x86_64,"AMD64 Family 23 Model 96 Stepping 1, AuthenticAMD",12,7598,Windows-11-10.0.26200-SP0,N/A (prebuilt Python extension wheel),N/A,N/A (prebuilt wheel),pqcrypto,0.4.0,ML-KEM-512,decapsulation,83,44100,,True,
d7fff568-167f-493a-a0a4-a1951de7ce0b,2c3aeb11-0975-4471-b3a2-4847e2a502eb,2026-08-12T16:53:20.821196+00:00,native_windows_x86_64,NATIVE_SOFTWARE,x86_64,"AMD64 Family 23 Model 96 Stepping 1, AuthenticAMD",12,7598,Windows-11-10.0.26200-SP0,N/A (prebuilt Python extension wheel),N/A,N/A (prebuilt wheel),pqcrypto,0.4.0,ML-KEM-512,keygen,84,149500,,True,
d7fff568-167f-493a-a0a4-a1951de7ce0b,2c3aeb11-0975-4471-b3a2-4847e2a502eb,2026-08-12T16:53:20.821588+00:00,native_windows_x86_64,NATIVE_SOFTWARE,x86_64,"AMD64 Family 23 Model 96 Stepping 1, AuthenticAMD",12,7598,Windows-11-10.0.26200-SP0,N/A (prebuilt Python extension wheel),N/A,N/A (prebuilt wheel),pqcrypto,0.4.0,ML-KEM-512,encapsulation,84,175400,,True,
d7fff568-167f-493a-a0a4-a1951de7ce0b,2c3aeb11-0975-4471-b3a2-4847e2a502eb,2026-08-12T16:53:20.821814+00:00,native_windows_x86_64,NATIVE_SOFTWARE,x86_64,"AMD64 Family 23 Model 96 Stepping 1, AuthenticAMD",12,7598,Windows-11-10.0.26200-SP0,N/A (prebuilt Python extension wheel),N/A,N/A (prebuilt wheel),pqcrypto,0.4.0,ML-KEM-512,decapsulation,84,44100,,True,
d7fff568-167f-493a-a0a4-a1951de7ce0b,2c3aeb11-0975-4471-b3a2-4847e2a502eb,2026-08-12T16:53:20.821903+00:00,native_windows_x86_64,NATIVE_SOFTWARE,x86_64,"AMD64 Family 23 Model 96 Stepping 1, AuthenticAMD",12,7598,Windows-11-10.0.26200-SP0,N/A (prebuilt Python extension wheel),N/A,N/A (prebuilt wheel),pqcrypto,0.4.0,ML-KEM-512,keygen,85,158200,,True,
d7fff568-167f-493a-a0a4-a1951de7ce0b,2c3aeb11-0975-4471-b3a2-4847e2a502eb,2026-08-12T16:53:20.822274+00:00,native_windows_x86_64,NATIVE_SOFTWARE,x86_64,"AMD64 Family 23 Model 96 Stepping 1, AuthenticAMD",12,7598,Windows-11-10.0.26200-SP0,N/A (prebuilt Python extension wheel),N/A,N/A (prebuilt wheel),pqcrypto,0.4.0,ML-KEM-512,encapsulation,85,148100,,True,
d7fff568-167f-493a-a0a4-a1951de7ce0b,2c3aeb11-0975-4471-b3a2-4847e2a502eb,2026-08-12T16:53:20.822473+00:00,native_windows_x86_64,NATIVE_SOFTWARE,x86_64,"AMD64 Family 23 Model 96 Stepping 1, AuthenticAMD",12,7598,Windows-11-10.0.26200-SP0,N/A (prebuilt Python extension wheel),N/A,N/A (prebuilt wheel),pqcrypto,0.4.0,ML-KEM-512,decapsulation,85,44600,,True,
d7fff568-167f-493a-a0a4-a1951de7ce0b,2c3aeb11-0975-4471-b3a2-4847e2a502eb,2026-08-12T16:53:20.822557+00:00,native_windows_x86_64,NATIVE_SOFTWARE,x86_64,"AMD64 Family 23 Model 96 Stepping 1, AuthenticAMD",12,7598,Windows-11-10.0.26200-SP0,N/A (prebuilt Python extension wheel),N/A,N/A (prebuilt wheel),pqcrypto,0.4.0,ML-KEM-512,keygen,86,149400,,True,
d7fff568-167f-493a-a0a4-a1951de7ce0b,2c3aeb11-0975-4471-b3a2-4847e2a502eb,2026-08-12T16:53:20.822908+00:00,native_windows_x86_64,NATIVE_SOFTWARE,x86_64,"AMD64 Family 23 Model 96 Stepping 1, AuthenticAMD",12,7598,Windows-11-10.0.26200-SP0,N/A (prebuilt Python extension wheel),N/A,N/A (prebuilt wheel),pqcrypto,0.4.0,ML-KEM-512,encapsulation,86,151200,,True,
d7fff568-167f-493a-a0a4-a1951de7ce0b,2c3aeb11-0975-4471-b3a2-4847e2a502eb,2026-08-12T16:53:20.823116+00:00,native_windows_x86_64,NATIVE_SOFTWARE,x86_64,"AMD64 Family 23 Model 96 Stepping 1, AuthenticAMD",12,7598,Windows-11-10.0.26200-SP0,N/A (prebuilt Python extension wheel),N/A,N/A (prebuilt wheel),pqcrypto,0.4.0,ML-KEM-512,decapsulation,86,44300,,True,
d7fff568-167f-493a-a0a4-a1951de7ce0b,2c3aeb11-0975-4471-b3a2-4847e2a502eb,2026-08-12T16:53:20.823199+00:00,native_windows_x86_64,NATIVE_SOFTWARE,x86_64,"AMD64 Family 23 Model 96 Stepping 1, AuthenticAMD",12,7598,Windows-11-10.0.26200-SP0,N/A (prebuilt Python extension wheel),N/A,N/A (prebuilt wheel),pqcrypto,0.4.0,ML-KEM-512,keygen,87,161500,,True,
d7fff568-167f-493a-a0a4-a1951de7ce0b,2c3aeb11-0975-4471-b3a2-4847e2a502eb,2026-08-12T16:53:20.823577+00:00,native_windows_x86_64,NATIVE_SOFTWARE,x86_64,"AMD64 Family 23 Model 96 Stepping 1, AuthenticAMD",12,7598,Windows-11-10.0.26200-SP0,N/A (prebuilt Python extension wheel),N/A,N/A (prebuilt wheel),pqcrypto,0.4.0,ML-KEM-512,encapsulation,87,156500,,True,
d7fff568-167f-493a-a0a4-a1951de7ce0b,2c3aeb11-0975-4471-b3a2-4847e2a502eb,2026-08-12T16:53:20.823788+00:00,native_windows_x86_64,NATIVE_SOFTWARE,x86_64,"AMD64 Family 23 Model 96 Stepping 1, AuthenticAMD",12,7598,Windows-11-10.0.26200-SP0,N/A (prebuilt Python extension wheel),N/A,N/A (prebuilt wheel),pqcrypto,0.4.0,ML-KEM-512,decapsulation,87,46300,,True,
d7fff568-167f-493a-a0a4-a1951de7ce0b,2c3aeb11-0975-4471-b3a2-4847e2a502eb,2026-08-12T16:53:20.823876+00:00,native_windows_x86_64,NATIVE_SOFTWARE,x86_64,"AMD64 Family 23 Model 96 Stepping 1, AuthenticAMD",12,7598,Windows-11-10.0.26200-SP0,N/A (prebuilt Python extension wheel),N/A,N/A (prebuilt wheel),pqcrypto,0.4.0,ML-KEM-512,keygen,88,158500,,True,
d7fff568-167f-493a-a0a4-a1951de7ce0b,2c3aeb11-0975-4471-b3a2-4847e2a502eb,2026-08-12T16:53:20.824248+00:00,native_windows_x86_64,NATIVE_SOFTWARE,x86_64,"AMD64 Family 23 Model 96 Stepping 1, AuthenticAMD",12,7598,Windows-11-10.0.26200-SP0,N/A (prebuilt Python extension wheel),N/A,N/A (prebuilt wheel),pqcrypto,0.4.0,ML-KEM-512,encapsulation,88,156300,,True,
d7fff568-167f-493a-a0a4-a1951de7ce0b,2c3aeb11-0975-4471-b3a2-4847e2a502eb,2026-08-12T16:53:20.824476+00:00,native_windows_x86_64,NATIVE_SOFTWARE,x86_64,"AMD64 Family 23 Model 96 Stepping 1, AuthenticAMD",12,7598,Windows-11-10.0.26200-SP0,N/A (prebuilt Python extension wheel),N/A,N/A (prebuilt wheel),pqcrypto,0.4.0,ML-KEM-512,decapsulation,88,45100,,True,
d7fff568-167f-493a-a0a4-a1951de7ce0b,2c3aeb11-0975-4471-b3a2-4847e2a502eb,2026-08-12T16:53:20.824949+00:00,native_windows_x86_64,NATIVE_SOFTWARE,x86_64,"AMD64 Family 23 Model 96 Stepping 1, AuthenticAMD",12,7598,Windows-11-10.0.26200-SP0,N/A (prebuilt Python extension wheel),N/A,N/A (prebuilt wheel),pqcrypto,0.4.0,ML-KEM-512,keygen,89,181400,,True,
d7fff568-167f-493a-a0a4-a1951de7ce0b,2c3aeb11-0975-4471-b3a2-4847e2a502eb,2026-08-12T16:53:20.825334+00:00,native_windows_x86_64,NATIVE_SOFTWARE,x86_64,"AMD64 Family 23 Model 96 Stepping 1, AuthenticAMD",12,7598,Windows-11-10.0.26200-SP0,N/A (prebuilt Python extension wheel),N/A,N/A (prebuilt wheel),pqcrypto,0.4.0,ML-KEM-512,encapsulation,89,151500,,True,
d7fff568-167f-493a-a0a4-a1951de7ce0b,2c3aeb11-0975-4471-b3a2-4847e2a502eb,2026-08-12T16:53:20.825543+00:00,native_windows_x86_64,NATIVE_SOFTWARE,x86_64,"AMD64 Family 23 Model 96 Stepping 1, AuthenticAMD",12,7598,Windows-11-10.0.26200-SP0,N/A (prebuilt Python extension wheel),N/A,N/A (prebuilt wheel),pqcrypto,0.4.0,ML-KEM-512,decapsulation,89,45400,,True,
d7fff568-167f-493a-a0a4-a1951de7ce0b,2c3aeb11-0975-4471-b3a2-4847e2a502eb,2026-08-12T16:53:20.825628+00:00,native_windows_x86_64,NATIVE_SOFTWARE,x86_64,"AMD64 Family 23 Model 96 Stepping 1, AuthenticAMD",12,7598,Windows-11-10.0.26200-SP0,N/A (prebuilt Python extension wheel),N/A,N/A (prebuilt wheel),pqcrypto,0.4.0,ML-KEM-512,keygen,90,151400,,True,
d7fff568-167f-493a-a0a4-a1951de7ce0b,2c3aeb11-0975-4471-b3a2-4847e2a502eb,2026-08-12T16:53:20.825973+00:00,native_windows_x86_64,NATIVE_SOFTWARE,x86_64,"AMD64 Family 23 Model 96 Stepping 1, AuthenticAMD",12,7598,Windows-11-10.0.26200-SP0,N/A (prebuilt Python extension wheel),N/A,N/A (prebuilt wheel),pqcrypto,0.4.0,ML-KEM-512,encapsulation,90,151800,,True,
d7fff568-167f-493a-a0a4-a1951de7ce0b,2c3aeb11-0975-4471-b3a2-4847e2a502eb,2026-08-12T16:53:20.826176+00:00,native_windows_x86_64,NATIVE_SOFTWARE,x86_64,"AMD64 Family 23 Model 96 Stepping 1, AuthenticAMD",12,7598,Windows-11-10.0.26200-SP0,N/A (prebuilt Python extension wheel),N/A,N/A (prebuilt wheel),pqcrypto,0.4.0,ML-KEM-512,decapsulation,90,44300,,True,
d7fff568-167f-493a-a0a4-a1951de7ce0b,2c3aeb11-0975-4471-b3a2-4847e2a502eb,2026-08-12T16:53:20.826259+00:00,native_windows_x86_64,NATIVE_SOFTWARE,x86_64,"AMD64 Family 23 Model 96 Stepping 1, AuthenticAMD",12,7598,Windows-11-10.0.26200-SP0,N/A (prebuilt Python extension wheel),N/A,N/A (prebuilt wheel),pqcrypto,0.4.0,ML-KEM-512,keygen,91,150500,,True,
d7fff568-167f-493a-a0a4-a1951de7ce0b,2c3aeb11-0975-4471-b3a2-4847e2a502eb,2026-08-12T16:53:20.826604+00:00,native_windows_x86_64,NATIVE_SOFTWARE,x86_64,"AMD64 Family 23 Model 96 Stepping 1, AuthenticAMD",12,7598,Windows-11-10.0.26200-SP0,N/A (prebuilt Python extension wheel),N/A,N/A (prebuilt wheel),pqcrypto,0.4.0,ML-KEM-512,encapsulation,91,148900,,True,
d7fff568-167f-493a-a0a4-a1951de7ce0b,2c3aeb11-0975-4471-b3a2-4847e2a502eb,2026-08-12T16:53:20.826803+00:00,native_windows_x86_64,NATIVE_SOFTWARE,x86_64,"AMD64 Family 23 Model 96 Stepping 1, AuthenticAMD",12,7598,Windows-11-10.0.26200-SP0,N/A (prebuilt Python extension wheel),N/A,N/A (prebuilt wheel),pqcrypto,0.4.0,ML-KEM-512,decapsulation,91,44300,,True,
d7fff568-167f-493a-a0a4-a1951de7ce0b,2c3aeb11-0975-4471-b3a2-4847e2a502eb,2026-08-12T16:53:20.826886+00:00,native_windows_x86_64,NATIVE_SOFTWARE,x86_64,"AMD64 Family 23 Model 96 Stepping 1, AuthenticAMD",12,7598,Windows-11-10.0.26200-SP0,N/A (prebuilt Python extension wheel),N/A,N/A (prebuilt wheel),pqcrypto,0.4.0,ML-KEM-512,keygen,92,152900,,True,
d7fff568-167f-493a-a0a4-a1951de7ce0b,2c3aeb11-0975-4471-b3a2-4847e2a502eb,2026-08-12T16:53:20.827234+00:00,native_windows_x86_64,NATIVE_SOFTWARE,x86_64,"AMD64 Family 23 Model 96 Stepping 1, AuthenticAMD",12,7598,Windows-11-10.0.26200-SP0,N/A (prebuilt Python extension wheel),N/A,N/A (prebuilt wheel),pqcrypto,0.4.0,ML-KEM-512,encapsulation,92,147900,,True,
d7fff568-167f-493a-a0a4-a1951de7ce0b,2c3aeb11-0975-4471-b3a2-4847e2a502eb,2026-08-12T16:53:20.827431+00:00,native_windows_x86_64,NATIVE_SOFTWARE,x86_64,"AMD64 Family 23 Model 96 Stepping 1, AuthenticAMD",12,7598,Windows-11-10.0.26200-SP0,N/A (prebuilt Python extension wheel),N/A,N/A (prebuilt wheel),pqcrypto,0.4.0,ML-KEM-512,decapsulation,92,44200,,True,
d7fff568-167f-493a-a0a4-a1951de7ce0b,2c3aeb11-0975-4471-b3a2-4847e2a502eb,2026-08-12T16:53:20.827514+00:00,native_windows_x86_64,NATIVE_SOFTWARE,x86_64,"AMD64 Family 23 Model 96 Stepping 1, AuthenticAMD",12,7598,Windows-11-10.0.26200-SP0,N/A (prebuilt Python extension wheel),N/A,N/A (prebuilt wheel),pqcrypto,0.4.0,ML-KEM-512,keygen,93,168700,,True,
d7fff568-167f-493a-a0a4-a1951de7ce0b,2c3aeb11-0975-4471-b3a2-4847e2a502eb,2026-08-12T16:53:20.827877+00:00,native_windows_x86_64,NATIVE_SOFTWARE,x86_64,"AMD64 Family 23 Model 96 Stepping 1, AuthenticAMD",12,7598,Windows-11-10.0.26200-SP0,N/A (prebuilt Python extension wheel),N/A,N/A (prebuilt wheel),pqcrypto,0.4.0,ML-KEM-512,encapsulation,93,148000,,True,
d7fff568-167f-493a-a0a4-a1951de7ce0b,2c3aeb11-0975-4471-b3a2-4847e2a502eb,2026-08-12T16:53:20.828074+00:00,native_windows_x86_64,NATIVE_SOFTWARE,x86_64,"AMD64 Family 23 Model 96 Stepping 1, AuthenticAMD",12,7598,Windows-11-10.0.26200-SP0,N/A (prebuilt Python extension wheel),N/A,N/A (prebuilt wheel),pqcrypto,0.4.0,ML-KEM-512,decapsulation,93,44100,,True,
d7fff568-167f-493a-a0a4-a1951de7ce0b,2c3aeb11-0975-4471-b3a2-4847e2a502eb,2026-08-12T16:53:20.828157+00:00,native_windows_x86_64,NATIVE_SOFTWARE,x86_64,"AMD64 Family 23 Model 96 Stepping 1, AuthenticAMD",12,7598,Windows-11-10.0.26200-SP0,N/A (prebuilt Python extension wheel),N/A,N/A (prebuilt wheel),pqcrypto,0.4.0,ML-KEM-512,keygen,94,235300,,True,
d7fff568-167f-493a-a0a4-a1951de7ce0b,2c3aeb11-0975-4471-b3a2-4847e2a502eb,2026-08-12T16:53:20.828618+00:00,native_windows_x86_64,NATIVE_SOFTWARE,x86_64,"AMD64 Family 23 Model 96 Stepping 1, AuthenticAMD",12,7598,Windows-11-10.0.26200-SP0,N/A (prebuilt Python extension wheel),N/A,N/A (prebuilt wheel),pqcrypto,0.4.0,ML-KEM-512,encapsulation,94,158300,,True,
d7fff568-167f-493a-a0a4-a1951de7ce0b,2c3aeb11-0975-4471-b3a2-4847e2a502eb,2026-08-12T16:53:20.828838+00:00,native_windows_x86_64,NATIVE_SOFTWARE,x86_64,"AMD64 Family 23 Model 96 Stepping 1, AuthenticAMD",12,7598,Windows-11-10.0.26200-SP0,N/A (prebuilt Python extension wheel),N/A,N/A (prebuilt wheel),pqcrypto,0.4.0,ML-KEM-512,decapsulation,94,45800,,True,
d7fff568-167f-493a-a0a4-a1951de7ce0b,2c3aeb11-0975-4471-b3a2-4847e2a502eb,2026-08-12T16:53:20.828924+00:00,native_windows_x86_64,NATIVE_SOFTWARE,x86_64,"AMD64 Family 23 Model 96 Stepping 1, AuthenticAMD",12,7598,Windows-11-10.0.26200-SP0,N/A (prebuilt Python extension wheel),N/A,N/A (prebuilt wheel),pqcrypto,0.4.0,ML-KEM-512,keygen,95,156900,,True,
d7fff568-167f-493a-a0a4-a1951de7ce0b,2c3aeb11-0975-4471-b3a2-4847e2a502eb,2026-08-12T16:53:20.829283+00:00,native_windows_x86_64,NATIVE_SOFTWARE,x86_64,"AMD64 Family 23 Model 96 Stepping 1, AuthenticAMD",12,7598,Windows-11-10.0.26200-SP0,N/A (prebuilt Python extension wheel),N/A,N/A (prebuilt wheel),pqcrypto,0.4.0,ML-KEM-512,encapsulation,95,149700,,True,
d7fff568-167f-493a-a0a4-a1951de7ce0b,2c3aeb11-0975-4471-b3a2-4847e2a502eb,2026-08-12T16:53:20.829487+00:00,native_windows_x86_64,NATIVE_SOFTWARE,x86_64,"AMD64 Family 23 Model 96 Stepping 1, AuthenticAMD",12,7598,Windows-11-10.0.26200-SP0,N/A (prebuilt Python extension wheel),N/A,N/A (prebuilt wheel),pqcrypto,0.4.0,ML-KEM-512,decapsulation,95,49600,,True,
d7fff568-167f-493a-a0a4-a1951de7ce0b,2c3aeb11-0975-4471-b3a2-4847e2a502eb,2026-08-12T16:53:20.829578+00:00,native_windows_x86_64,NATIVE_SOFTWARE,x86_64,"AMD64 Family 23 Model 96 Stepping 1, AuthenticAMD",12,7598,Windows-11-10.0.26200-SP0,N/A (prebuilt Python extension wheel),N/A,N/A (prebuilt wheel),pqcrypto,0.4.0,ML-KEM-512,keygen,96,190100,,True,
d7fff568-167f-493a-a0a4-a1951de7ce0b,2c3aeb11-0975-4471-b3a2-4847e2a502eb,2026-08-12T16:53:20.829973+00:00,native_windows_x86_64,NATIVE_SOFTWARE,x86_64,"AMD64 Family 23 Model 96 Stepping 1, AuthenticAMD",12,7598,Windows-11-10.0.26200-SP0,N/A (prebuilt Python extension wheel),N/A,N/A (prebuilt wheel),pqcrypto,0.4.0,ML-KEM-512,encapsulation,96,149600,,True,
d7fff568-167f-493a-a0a4-a1951de7ce0b,2c3aeb11-0975-4471-b3a2-4847e2a502eb,2026-08-12T16:53:20.830174+00:00,native_windows_x86_64,NATIVE_SOFTWARE,x86_64,"AMD64 Family 23 Model 96 Stepping 1, AuthenticAMD",12,7598,Windows-11-10.0.26200-SP0,N/A (prebuilt Python extension wheel),N/A,N/A (prebuilt wheel),pqcrypto,0.4.0,ML-KEM-512,decapsulation,96,44500,,True,
d7fff568-167f-493a-a0a4-a1951de7ce0b,2c3aeb11-0975-4471-b3a2-4847e2a502eb,2026-08-12T16:53:20.830259+00:00,native_windows_x86_64,NATIVE_SOFTWARE,x86_64,"AMD64 Family 23 Model 96 Stepping 1, AuthenticAMD",12,7598,Windows-11-10.0.26200-SP0,N/A (prebuilt Python extension wheel),N/A,N/A (prebuilt wheel),pqcrypto,0.4.0,ML-KEM-512,keygen,97,156600,,True,
d7fff568-167f-493a-a0a4-a1951de7ce0b,2c3aeb11-0975-4471-b3a2-4847e2a502eb,2026-08-12T16:53:20.830614+00:00,native_windows_x86_64,NATIVE_SOFTWARE,x86_64,"AMD64 Family 23 Model 96 Stepping 1, AuthenticAMD",12,7598,Windows-11-10.0.26200-SP0,N/A (prebuilt Python extension wheel),N/A,N/A (prebuilt wheel),pqcrypto,0.4.0,ML-KEM-512,encapsulation,97,152200,,True,
d7fff568-167f-493a-a0a4-a1951de7ce0b,2c3aeb11-0975-4471-b3a2-4847e2a502eb,2026-08-12T16:53:20.830819+00:00,native_windows_x86_64,NATIVE_SOFTWARE,x86_64,"AMD64 Family 23 Model 96 Stepping 1, AuthenticAMD",12,7598,Windows-11-10.0.26200-SP0,N/A (prebuilt Python extension wheel),N/A,N/A (prebuilt wheel),pqcrypto,0.4.0,ML-KEM-512,decapsulation,97,44100,,True,
d7fff568-167f-493a-a0a4-a1951de7ce0b,2c3aeb11-0975-4471-b3a2-4847e2a502eb,2026-08-12T16:53:20.830903+00:00,native_windows_x86_64,NATIVE_SOFTWARE,x86_64,"AMD64 Family 23 Model 96 Stepping 1, AuthenticAMD",12,7598,Windows-11-10.0.26200-SP0,N/A (prebuilt Python extension wheel),N/A,N/A (prebuilt wheel),pqcrypto,0.4.0,ML-KEM-512,keygen,98,151900,,True,
d7fff568-167f-493a-a0a4-a1951de7ce0b,2c3aeb11-0975-4471-b3a2-4847e2a502eb,2026-08-12T16:53:20.831249+00:00,native_windows_x86_64,NATIVE_SOFTWARE,x86_64,"AMD64 Family 23 Model 96 Stepping 1, AuthenticAMD",12,7598,Windows-11-10.0.26200-SP0,N/A (prebuilt Python extension wheel),N/A,N/A (prebuilt wheel),pqcrypto,0.4.0,ML-KEM-512,encapsulation,98,160300,,True,
d7fff568-167f-493a-a0a4-a1951de7ce0b,2c3aeb11-0975-4471-b3a2-4847e2a502eb,2026-08-12T16:53:20.831459+00:00,native_windows_x86_64,NATIVE_SOFTWARE,x86_64,"AMD64 Family 23 Model 96 Stepping 1, AuthenticAMD",12,7598,Windows-11-10.0.26200-SP0,N/A (prebuilt Python extension wheel),N/A,N/A (prebuilt wheel),pqcrypto,0.4.0,ML-KEM-512,decapsulation,98,44400,,True,
d7fff568-167f-493a-a0a4-a1951de7ce0b,2c3aeb11-0975-4471-b3a2-4847e2a502eb,2026-08-12T16:53:20.831548+00:00,native_windows_x86_64,NATIVE_SOFTWARE,x86_64,"AMD64 Family 23 Model 96 Stepping 1, AuthenticAMD",12,7598,Windows-11-10.0.26200-SP0,N/A (prebuilt Python extension wheel),N/A,N/A (prebuilt wheel),pqcrypto,0.4.0,ML-KEM-512,keygen,99,152400,,True,
d7fff568-167f-493a-a0a4-a1951de7ce0b,2c3aeb11-0975-4471-b3a2-4847e2a502eb,2026-08-12T16:53:20.831894+00:00,native_windows_x86_64,NATIVE_SOFTWARE,x86_64,"AMD64 Family 23 Model 96 Stepping 1, AuthenticAMD",12,7598,Windows-11-10.0.26200-SP0,N/A (prebuilt Python extension wheel),N/A,N/A (prebuilt wheel),pqcrypto,0.4.0,ML-KEM-512,encapsulation,99,147500,,True,
d7fff568-167f-493a-a0a4-a1951de7ce0b,2c3aeb11-0975-4471-b3a2-4847e2a502eb,2026-08-12T16:53:20.832092+00:00,native_windows_x86_64,NATIVE_SOFTWARE,x86_64,"AMD64 Family 23 Model 96 Stepping 1, AuthenticAMD",12,7598,Windows-11-10.0.26200-SP0,N/A (prebuilt Python extension wheel),N/A,N/A (prebuilt wheel),pqcrypto,0.4.0,ML-KEM-512,decapsulation,99,44100,,True,
d7fff568-167f-493a-a0a4-a1951de7ce0b,2c3aeb11-0975-4471-b3a2-4847e2a502eb,2026-08-12T16:53:20.832176+00:00,native_windows_x86_64,NATIVE_SOFTWARE,x86_64,"AMD64 Family 23 Model 96 Stepping 1, AuthenticAMD",12,7598,Windows-11-10.0.26200-SP0,N/A (prebuilt Python extension wheel),N/A,N/A (prebuilt wheel),pqcrypto,0.4.0,ML-KEM-512,keygen,100,150400,,True,
d7fff568-167f-493a-a0a4-a1951de7ce0b,2c3aeb11-0975-4471-b3a2-4847e2a502eb,2026-08-12T16:53:20.832519+00:00,native_windows_x86_64,NATIVE_SOFTWARE,x86_64,"AMD64 Family 23 Model 96 Stepping 1, AuthenticAMD",12,7598,Windows-11-10.0.26200-SP0,N/A (prebuilt Python extension wheel),N/A,N/A (prebuilt wheel),pqcrypto,0.4.0,ML-KEM-512,encapsulation,100,148000,,True,
d7fff568-167f-493a-a0a4-a1951de7ce0b,2c3aeb11-0975-4471-b3a2-4847e2a502eb,2026-08-12T16:53:20.832718+00:00,native_windows_x86_64,NATIVE_SOFTWARE,x86_64,"AMD64 Family 23 Model 96 Stepping 1, AuthenticAMD",12,7598,Windows-11-10.0.26200-SP0,N/A (prebuilt Python extension wheel),N/A,N/A (prebuilt wheel),pqcrypto,0.4.0,ML-KEM-512,decapsulation,100,44200,,True,
d7fff568-167f-493a-a0a4-a1951de7ce0b,2c3aeb11-0975-4471-b3a2-4847e2a502eb,2026-08-12T16:53:20.832805+00:00,native_windows_x86_64,NATIVE_SOFTWARE,x86_64,"AMD64 Family 23 Model 96 Stepping 1, AuthenticAMD",12,7598,Windows-11-10.0.26200-SP0,N/A (prebuilt Python extension wheel),N/A,N/A (prebuilt wheel),pqcrypto,0.4.0,ML-KEM-768,keygen,1,210200,,True,
d7fff568-167f-493a-a0a4-a1951de7ce0b,2c3aeb11-0975-4471-b3a2-4847e2a502eb,2026-08-12T16:53:20.833239+00:00,native_windows_x86_64,NATIVE_SOFTWARE,x86_64,"AMD64 Family 23 Model 96 Stepping 1, AuthenticAMD",12,7598,Windows-11-10.0.26200-SP0,N/A (prebuilt Python extension wheel),N/A,N/A (prebuilt wheel),pqcrypto,0.4.0,ML-KEM-768,encapsulation,1,183000,,True,
d7fff568-167f-493a-a0a4-a1951de7ce0b,2c3aeb11-0975-4471-b3a2-4847e2a502eb,2026-08-12T16:53:20.833482+00:00,native_windows_x86_64,NATIVE_SOFTWARE,x86_64,"AMD64 Family 23 Model 96 Stepping 1, AuthenticAMD",12,7598,Windows-11-10.0.26200-SP0,N/A (prebuilt Python extension wheel),N/A,N/A (prebuilt wheel),pqcrypto,0.4.0,ML-KEM-768,decapsulation,1,74800,,True,
d7fff568-167f-493a-a0a4-a1951de7ce0b,2c3aeb11-0975-4471-b3a2-4847e2a502eb,2026-08-12T16:53:20.833601+00:00,native_windows_x86_64,NATIVE_SOFTWARE,x86_64,"AMD64 Family 23 Model 96 Stepping 1, AuthenticAMD",12,7598,Windows-11-10.0.26200-SP0,N/A (prebuilt Python extension wheel),N/A,N/A (prebuilt wheel),pqcrypto,0.4.0,ML-KEM-768,keygen,2,174400,,True,
d7fff568-167f-493a-a0a4-a1951de7ce0b,2c3aeb11-0975-4471-b3a2-4847e2a502eb,2026-08-12T16:53:20.833992+00:00,native_windows_x86_64,NATIVE_SOFTWARE,x86_64,"AMD64 Family 23 Model 96 Stepping 1, AuthenticAMD",12,7598,Windows-11-10.0.26200-SP0,N/A (prebuilt Python extension wheel),N/A,N/A (prebuilt wheel),pqcrypto,0.4.0,ML-KEM-768,encapsulation,2,175200,,True,
d7fff568-167f-493a-a0a4-a1951de7ce0b,2c3aeb11-0975-4471-b3a2-4847e2a502eb,2026-08-12T16:53:20.834220+00:00,native_windows_x86_64,NATIVE_SOFTWARE,x86_64,"AMD64 Family 23 Model 96 Stepping 1, AuthenticAMD",12,7598,Windows-11-10.0.26200-SP0,N/A (prebuilt Python extension wheel),N/A,N/A (prebuilt wheel),pqcrypto,0.4.0,ML-KEM-768,decapsulation,2,69000,,True,
d7fff568-167f-493a-a0a4-a1951de7ce0b,2c3aeb11-0975-4471-b3a2-4847e2a502eb,2026-08-12T16:53:20.834329+00:00,native_windows_x86_64,NATIVE_SOFTWARE,x86_64,"AMD64 Family 23 Model 96 Stepping 1, AuthenticAMD",12,7598,Windows-11-10.0.26200-SP0,N/A (prebuilt Python extension wheel),N/A,N/A (prebuilt wheel),pqcrypto,0.4.0,ML-KEM-768,keygen,3,182900,,True,
d7fff568-167f-493a-a0a4-a1951de7ce0b,2c3aeb11-0975-4471-b3a2-4847e2a502eb,2026-08-12T16:53:20.834729+00:00,native_windows_x86_64,NATIVE_SOFTWARE,x86_64,"AMD64 Family 23 Model 96 Stepping 1, AuthenticAMD",12,7598,Windows-11-10.0.26200-SP0,N/A (prebuilt Python extension wheel),N/A,N/A (prebuilt wheel),pqcrypto,0.4.0,ML-KEM-768,encapsulation,3,196700,,True,
d7fff568-167f-493a-a0a4-a1951de7ce0b,2c3aeb11-0975-4471-b3a2-4847e2a502eb,2026-08-12T16:53:20.834977+00:00,native_windows_x86_64,NATIVE_SOFTWARE,x86_64,"AMD64 Family 23 Model 96 Stepping 1, AuthenticAMD",12,7598,Windows-11-10.0.26200-SP0,N/A (prebuilt Python extension wheel),N/A,N/A (prebuilt wheel),pqcrypto,0.4.0,ML-KEM-768,decapsulation,3,67900,,True,
d7fff568-167f-493a-a0a4-a1951de7ce0b,2c3aeb11-0975-4471-b3a2-4847e2a502eb,2026-08-12T16:53:20.835086+00:00,native_windows_x86_64,NATIVE_SOFTWARE,x86_64,"AMD64 Family 23 Model 96 Stepping 1, AuthenticAMD",12,7598,Windows-11-10.0.26200-SP0,N/A (prebuilt Python extension wheel),N/A,N/A (prebuilt wheel),pqcrypto,0.4.0,ML-KEM-768,keygen,4,170900,,True,
d7fff568-167f-493a-a0a4-a1951de7ce0b,2c3aeb11-0975-4471-b3a2-4847e2a502eb,2026-08-12T16:53:20.835471+00:00,native_windows_x86_64,NATIVE_SOFTWARE,x86_64,"AMD64 Family 23 Model 96 Stepping 1, AuthenticAMD",12,7598,Windows-11-10.0.26200-SP0,N/A (prebuilt Python extension wheel),N/A,N/A (prebuilt wheel),pqcrypto,0.4.0,ML-KEM-768,encapsulation,4,174100,,True,
d7fff568-167f-493a-a0a4-a1951de7ce0b,2c3aeb11-0975-4471-b3a2-4847e2a502eb,2026-08-12T16:53:20.835697+00:00,native_windows_x86_64,NATIVE_SOFTWARE,x86_64,"AMD64 Family 23 Model 96 Stepping 1, AuthenticAMD",12,7598,Windows-11-10.0.26200-SP0,N/A (prebuilt Python extension wheel),N/A,N/A (prebuilt wheel),pqcrypto,0.4.0,ML-KEM-768,decapsulation,4,71000,,True,
d7fff568-167f-493a-a0a4-a1951de7ce0b,2c3aeb11-0975-4471-b3a2-4847e2a502eb,2026-08-12T16:53:20.835810+00:00,native_windows_x86_64,NATIVE_SOFTWARE,x86_64,"AMD64 Family 23 Model 96 Stepping 1, AuthenticAMD",12,7598,Windows-11-10.0.26200-SP0,N/A (prebuilt Python extension wheel),N/A,N/A (prebuilt wheel),pqcrypto,0.4.0,ML-KEM-768,keygen,5,171900,,True,
d7fff568-167f-493a-a0a4-a1951de7ce0b,2c3aeb11-0975-4471-b3a2-4847e2a502eb,2026-08-12T16:53:20.836209+00:00,native_windows_x86_64,NATIVE_SOFTWARE,x86_64,"AMD64 Family 23 Model 96 Stepping 1, AuthenticAMD",12,7598,Windows-11-10.0.26200-SP0,N/A (prebuilt Python extension wheel),N/A,N/A (prebuilt wheel),pqcrypto,0.4.0,ML-KEM-768,encapsulation,5,179900,,True,
d7fff568-167f-493a-a0a4-a1951de7ce0b,2c3aeb11-0975-4471-b3a2-4847e2a502eb,2026-08-12T16:53:20.836441+00:00,native_windows_x86_64,NATIVE_SOFTWARE,x86_64,"AMD64 Family 23 Model 96 Stepping 1, AuthenticAMD",12,7598,Windows-11-10.0.26200-SP0,N/A (prebuilt Python extension wheel),N/A,N/A (prebuilt wheel),pqcrypto,0.4.0,ML-KEM-768,decapsulation,5,68100,,True,
d7fff568-167f-493a-a0a4-a1951de7ce0b,2c3aeb11-0975-4471-b3a2-4847e2a502eb,2026-08-12T16:53:20.836549+00:00,native_windows_x86_64,NATIVE_SOFTWARE,x86_64,"AMD64 Family 23 Model 96 Stepping 1, AuthenticAMD",12,7598,Windows-11-10.0.26200-SP0,N/A (prebuilt Python extension wheel),N/A,N/A (prebuilt wheel),pqcrypto,0.4.0,ML-KEM-768,keygen,6,200600,,True,
d7fff568-167f-493a-a0a4-a1951de7ce0b,2c3aeb11-0975-4471-b3a2-4847e2a502eb,2026-08-12T16:53:20.836975+00:00,native_windows_x86_64,NATIVE_SOFTWARE,x86_64,"AMD64 Family 23 Model 96 Stepping 1, AuthenticAMD",12,7598,Windows-11-10.0.26200-SP0,N/A (prebuilt Python extension wheel),N/A,N/A (prebuilt wheel),pqcrypto,0.4.0,ML-KEM-768,encapsulation,6,175000,,True,
d7fff568-167f-493a-a0a4-a1951de7ce0b,2c3aeb11-0975-4471-b3a2-4847e2a502eb,2026-08-12T16:53:20.837202+00:00,native_windows_x86_64,NATIVE_SOFTWARE,x86_64,"AMD64 Family 23 Model 96 Stepping 1, AuthenticAMD",12,7598,Windows-11-10.0.26200-SP0,N/A (prebuilt Python extension wheel),N/A,N/A (prebuilt wheel),pqcrypto,0.4.0,ML-KEM-768,decapsulation,6,67900,,True,
d7fff568-167f-493a-a0a4-a1951de7ce0b,2c3aeb11-0975-4471-b3a2-4847e2a502eb,2026-08-12T16:53:20.837312+00:00,native_windows_x86_64,NATIVE_SOFTWARE,x86_64,"AMD64 Family 23 Model 96 Stepping 1, AuthenticAMD",12,7598,Windows-11-10.0.26200-SP0,N/A (prebuilt Python extension wheel),N/A,N/A (prebuilt wheel),pqcrypto,0.4.0,ML-KEM-768,keygen,7,175900,,True,
d7fff568-167f-493a-a0a4-a1951de7ce0b,2c3aeb11-0975-4471-b3a2-4847e2a502eb,2026-08-12T16:53:20.837713+00:00,native_windows_x86_64,NATIVE_SOFTWARE,x86_64,"AMD64 Family 23 Model 96 Stepping 1, AuthenticAMD",12,7598,Windows-11-10.0.26200-SP0,N/A (prebuilt Python extension wheel),N/A,N/A (prebuilt wheel),pqcrypto,0.4.0,ML-KEM-768,encapsulation,7,171400,,True,
d7fff568-167f-493a-a0a4-a1951de7ce0b,2c3aeb11-0975-4471-b3a2-4847e2a502eb,2026-08-12T16:53:20.837938+00:00,native_windows_x86_64,NATIVE_SOFTWARE,x86_64,"AMD64 Family 23 Model 96 Stepping 1, AuthenticAMD",12,7598,Windows-11-10.0.26200-SP0,N/A (prebuilt Python extension wheel),N/A,N/A (prebuilt wheel),pqcrypto,0.4.0,ML-KEM-768,decapsulation,7,67900,,True,
d7fff568-167f-493a-a0a4-a1951de7ce0b,2c3aeb11-0975-4471-b3a2-4847e2a502eb,2026-08-12T16:53:20.838047+00:00,native_windows_x86_64,NATIVE_SOFTWARE,x86_64,"AMD64 Family 23 Model 96 Stepping 1, AuthenticAMD",12,7598,Windows-11-10.0.26200-SP0,N/A (prebuilt Python extension wheel),N/A,N/A (prebuilt wheel),pqcrypto,0.4.0,ML-KEM-768,keygen,8,171700,,True,
d7fff568-167f-493a-a0a4-a1951de7ce0b,2c3aeb11-0975-4471-b3a2-4847e2a502eb,2026-08-12T16:53:20.838435+00:00,native_windows_x86_64,NATIVE_SOFTWARE,x86_64,"AMD64 Family 23 Model 96 Stepping 1, AuthenticAMD",12,7598,Windows-11-10.0.26200-SP0,N/A (prebuilt Python extension wheel),N/A,N/A (prebuilt wheel),pqcrypto,0.4.0,ML-KEM-768,encapsulation,8,194300,,True,
d7fff568-167f-493a-a0a4-a1951de7ce0b,2c3aeb11-0975-4471-b3a2-4847e2a502eb,2026-08-12T16:53:20.838680+00:00,native_windows_x86_64,NATIVE_SOFTWARE,x86_64,"AMD64 Family 23 Model 96 Stepping 1, AuthenticAMD",12,7598,Windows-11-10.0.26200-SP0,N/A (prebuilt Python extension wheel),N/A,N/A (prebuilt wheel),pqcrypto,0.4.0,ML-KEM-768,decapsulation,8,67700,,True,
d7fff568-167f-493a-a0a4-a1951de7ce0b,2c3aeb11-0975-4471-b3a2-4847e2a502eb,2026-08-12T16:53:20.838788+00:00,native_windows_x86_64,NATIVE_SOFTWARE,x86_64,"AMD64 Family 23 Model 96 Stepping 1, AuthenticAMD",12,7598,Windows-11-10.0.26200-SP0,N/A (prebuilt Python extension wheel),N/A,N/A (prebuilt wheel),pqcrypto,0.4.0,ML-KEM-768,keygen,9,171100,,True,
d7fff568-167f-493a-a0a4-a1951de7ce0b,2c3aeb11-0975-4471-b3a2-4847e2a502eb,2026-08-12T16:53:20.839178+00:00,native_windows_x86_64,NATIVE_SOFTWARE,x86_64,"AMD64 Family 23 Model 96 Stepping 1, AuthenticAMD",12,7598,Windows-11-10.0.26200-SP0,N/A (prebuilt Python extension wheel),N/A,N/A (prebuilt wheel),pqcrypto,0.4.0,ML-KEM-768,encapsulation,9,171100,,True,
d7fff568-167f-493a-a0a4-a1951de7ce0b,2c3aeb11-0975-4471-b3a2-4847e2a502eb,2026-08-12T16:53:20.839401+00:00,native_windows_x86_64,NATIVE_SOFTWARE,x86_64,"AMD64 Family 23 Model 96 Stepping 1, AuthenticAMD",12,7598,Windows-11-10.0.26200-SP0,N/A (prebuilt Python extension wheel),N/A,N/A (prebuilt wheel),pqcrypto,0.4.0,ML-KEM-768,decapsulation,9,68000,,True,
d7fff568-167f-493a-a0a4-a1951de7ce0b,2c3aeb11-0975-4471-b3a2-4847e2a502eb,2026-08-12T16:53:20.839508+00:00,native_windows_x86_64,NATIVE_SOFTWARE,x86_64,"AMD64 Family 23 Model 96 Stepping 1, AuthenticAMD",12,7598,Windows-11-10.0.26200-SP0,N/A (prebuilt Python extension wheel),N/A,N/A (prebuilt wheel),pqcrypto,0.4.0,ML-KEM-768,keygen,10,173200,,True,
d7fff568-167f-493a-a0a4-a1951de7ce0b,2c3aeb11-0975-4471-b3a2-4847e2a502eb,2026-08-12T16:53:20.839898+00:00,native_windows_x86_64,NATIVE_SOFTWARE,x86_64,"AMD64 Family 23 Model 96 Stepping 1, AuthenticAMD",12,7598,Windows-11-10.0.26200-SP0,N/A (prebuilt Python extension wheel),N/A,N/A (prebuilt wheel),pqcrypto,0.4.0,ML-KEM-768,encapsulation,10,171500,,True,
d7fff568-167f-493a-a0a4-a1951de7ce0b,2c3aeb11-0975-4471-b3a2-4847e2a502eb,2026-08-12T16:53:20.840122+00:00,native_windows_x86_64,NATIVE_SOFTWARE,x86_64,"AMD64 Family 23 Model 96 Stepping 1, AuthenticAMD",12,7598,Windows-11-10.0.26200-SP0,N/A (prebuilt Python extension wheel),N/A,N/A (prebuilt wheel),pqcrypto,0.4.0,ML-KEM-768,decapsulation,10,67900,,True,
d7fff568-167f-493a-a0a4-a1951de7ce0b,2c3aeb11-0975-4471-b3a2-4847e2a502eb,2026-08-12T16:53:20.840230+00:00,native_windows_x86_64,NATIVE_SOFTWARE,x86_64,"AMD64 Family 23 Model 96 Stepping 1, AuthenticAMD",12,7598,Windows-11-10.0.26200-SP0,N/A (prebuilt Python extension wheel),N/A,N/A (prebuilt wheel),pqcrypto,0.4.0,ML-KEM-768,keygen,11,171600,,True,
d7fff568-167f-493a-a0a4-a1951de7ce0b,2c3aeb11-0975-4471-b3a2-4847e2a502eb,2026-08-12T16:53:20.840967+00:00,native_windows_x86_64,NATIVE_SOFTWARE,x86_64,"AMD64 Family 23 Model 96 Stepping 1, AuthenticAMD",12,7598,Windows-11-10.0.26200-SP0,N/A (prebuilt Python extension wheel),N/A,N/A (prebuilt wheel),pqcrypto,0.4.0,ML-KEM-768,encapsulation,11,171300,,True,
d7fff568-167f-493a-a0a4-a1951de7ce0b,2c3aeb11-0975-4471-b3a2-4847e2a502eb,2026-08-12T16:53:20.841190+00:00,native_windows_x86_64,NATIVE_SOFTWARE,x86_64,"AMD64 Family 23 Model 96 Stepping 1, AuthenticAMD",12,7598,Windows-11-10.0.26200-SP0,N/A (prebuilt Python extension wheel),N/A,N/A (prebuilt wheel),pqcrypto,0.4.0,ML-KEM-768,decapsulation,11,69000,,True,
d7fff568-167f-493a-a0a4-a1951de7ce0b,2c3aeb11-0975-4471-b3a2-4847e2a502eb,2026-08-12T16:53:20.841298+00:00,native_windows_x86_64,NATIVE_SOFTWARE,x86_64,"AMD64 Family 23 Model 96 Stepping 1, AuthenticAMD",12,7598,Windows-11-10.0.26200-SP0,N/A (prebuilt Python extension wheel),N/A,N/A (prebuilt wheel),pqcrypto,0.4.0,ML-KEM-768,keygen,12,183000,,True,
d7fff568-167f-493a-a0a4-a1951de7ce0b,2c3aeb11-0975-4471-b3a2-4847e2a502eb,2026-08-12T16:53:20.841712+00:00,native_windows_x86_64,NATIVE_SOFTWARE,x86_64,"AMD64 Family 23 Model 96 Stepping 1, AuthenticAMD",12,7598,Windows-11-10.0.26200-SP0,N/A (prebuilt Python extension wheel),N/A,N/A (prebuilt wheel),pqcrypto,0.4.0,ML-KEM-768,encapsulation,12,171400,,True,
d7fff568-167f-493a-a0a4-a1951de7ce0b,2c3aeb11-0975-4471-b3a2-4847e2a502eb,2026-08-12T16:53:20.841934+00:00,native_windows_x86_64,NATIVE_SOFTWARE,x86_64,"AMD64 Family 23 Model 96 Stepping 1, AuthenticAMD",12,7598,Windows-11-10.0.26200-SP0,N/A (prebuilt Python extension wheel),N/A,N/A (prebuilt wheel),pqcrypto,0.4.0,ML-KEM-768,decapsulation,12,68000,,True,
d7fff568-167f-493a-a0a4-a1951de7ce0b,2c3aeb11-0975-4471-b3a2-4847e2a502eb,2026-08-12T16:53:20.842041+00:00,native_windows_x86_64,NATIVE_SOFTWARE,x86_64,"AMD64 Family 23 Model 96 Stepping 1, AuthenticAMD",12,7598,Windows-11-10.0.26200-SP0,N/A (prebuilt Python extension wheel),N/A,N/A (prebuilt wheel),pqcrypto,0.4.0,ML-KEM-768,keygen,13,181800,,True,
d7fff568-167f-493a-a0a4-a1951de7ce0b,2c3aeb11-0975-4471-b3a2-4847e2a502eb,2026-08-12T16:53:20.842436+00:00,native_windows_x86_64,NATIVE_SOFTWARE,x86_64,"AMD64 Family 23 Model 96 Stepping 1, AuthenticAMD",12,7598,Windows-11-10.0.26200-SP0,N/A (prebuilt Python extension wheel),N/A,N/A (prebuilt wheel),pqcrypto,0.4.0,ML-KEM-768,encapsulation,13,169800,,True,
d7fff568-167f-493a-a0a4-a1951de7ce0b,2c3aeb11-0975-4471-b3a2-4847e2a502eb,2026-08-12T16:53:20.842656+00:00,native_windows_x86_64,NATIVE_SOFTWARE,x86_64,"AMD64 Family 23 Model 96 Stepping 1, AuthenticAMD",12,7598,Windows-11-10.0.26200-SP0,N/A (prebuilt Python extension wheel),N/A,N/A (prebuilt wheel),pqcrypto,0.4.0,ML-KEM-768,decapsulation,13,70900,,True,
d7fff568-167f-493a-a0a4-a1951de7ce0b,2c3aeb11-0975-4471-b3a2-4847e2a502eb,2026-08-12T16:53:20.842766+00:00,native_windows_x86_64,NATIVE_SOFTWARE,x86_64,"AMD64 Family 23 Model 96 Stepping 1, AuthenticAMD",12,7598,Windows-11-10.0.26200-SP0,N/A (prebuilt Python extension wheel),N/A,N/A (prebuilt wheel),pqcrypto,0.4.0,ML-KEM-768,keygen,14,172000,,True,
d7fff568-167f-493a-a0a4-a1951de7ce0b,2c3aeb11-0975-4471-b3a2-4847e2a502eb,2026-08-12T16:53:20.843154+00:00,native_windows_x86_64,NATIVE_SOFTWARE,x86_64,"AMD64 Family 23 Model 96 Stepping 1, AuthenticAMD",12,7598,Windows-11-10.0.26200-SP0,N/A (prebuilt Python extension wheel),N/A,N/A (prebuilt wheel),pqcrypto,0.4.0,ML-KEM-768,encapsulation,14,170100,,True,
d7fff568-167f-493a-a0a4-a1951de7ce0b,2c3aeb11-0975-4471-b3a2-4847e2a502eb,2026-08-12T16:53:20.843375+00:00,native_windows_x86_64,NATIVE_SOFTWARE,x86_64,"AMD64 Family 23 Model 96 Stepping 1, AuthenticAMD",12,7598,Windows-11-10.0.26200-SP0,N/A (prebuilt Python extension wheel),N/A,N/A (prebuilt wheel),pqcrypto,0.4.0,ML-KEM-768,decapsulation,14,67700,,True,
d7fff568-167f-493a-a0a4-a1951de7ce0b,2c3aeb11-0975-4471-b3a2-4847e2a502eb,2026-08-12T16:53:20.843481+00:00,native_windows_x86_64,NATIVE_SOFTWARE,x86_64,"AMD64 Family 23 Model 96 Stepping 1, AuthenticAMD",12,7598,Windows-11-10.0.26200-SP0,N/A (prebuilt Python extension wheel),N/A,N/A (prebuilt wheel),pqcrypto,0.4.0,ML-KEM-768,keygen,15,174300,,True,
d7fff568-167f-493a-a0a4-a1951de7ce0b,2c3aeb11-0975-4471-b3a2-4847e2a502eb,2026-08-12T16:53:20.843875+00:00,native_windows_x86_64,NATIVE_SOFTWARE,x86_64,"AMD64 Family 23 Model 96 Stepping 1, AuthenticAMD",12,7598,Windows-11-10.0.26200-SP0,N/A (prebuilt Python extension wheel),N/A,N/A (prebuilt wheel),pqcrypto,0.4.0,ML-KEM-768,encapsulation,15,282900,,True,
d7fff568-167f-493a-a0a4-a1951de7ce0b,2c3aeb11-0975-4471-b3a2-4847e2a502eb,2026-08-12T16:53:20.844243+00:00,native_windows_x86_64,NATIVE_SOFTWARE,x86_64,"AMD64 Family 23 Model 96 Stepping 1, AuthenticAMD",12,7598,Windows-11-10.0.26200-SP0,N/A (prebuilt Python extension wheel),N/A,N/A (prebuilt wheel),pqcrypto,0.4.0,ML-KEM-768,decapsulation,15,73600,,True,
d7fff568-167f-493a-a0a4-a1951de7ce0b,2c3aeb11-0975-4471-b3a2-4847e2a502eb,2026-08-12T16:53:20.844365+00:00,native_windows_x86_64,NATIVE_SOFTWARE,x86_64,"AMD64 Family 23 Model 96 Stepping 1, AuthenticAMD",12,7598,Windows-11-10.0.26200-SP0,N/A (prebuilt Python extension wheel),N/A,N/A (prebuilt wheel),pqcrypto,0.4.0,ML-KEM-768,keygen,16,289400,,True,
d7fff568-167f-493a-a0a4-a1951de7ce0b,2c3aeb11-0975-4471-b3a2-4847e2a502eb,2026-08-12T16:53:20.844891+00:00,native_windows_x86_64,NATIVE_SOFTWARE,x86_64,"AMD64 Family 23 Model 96 Stepping 1, AuthenticAMD",12,7598,Windows-11-10.0.26200-SP0,N/A (prebuilt Python extension wheel),N/A,N/A (prebuilt wheel),pqcrypto,0.4.0,ML-KEM-768,encapsulation,16,173700,,True,
d7fff568-167f-493a-a0a4-a1951de7ce0b,2c3aeb11-0975-4471-b3a2-4847e2a502eb,2026-08-12T16:53:20.845120+00:00,native_windows_x86_64,NATIVE_SOFTWARE,x86_64,"AMD64 Family 23 Model 96 Stepping 1, AuthenticAMD",12,7598,Windows-11-10.0.26200-SP0,N/A (prebuilt Python extension wheel),N/A,N/A (prebuilt wheel),pqcrypto,0.4.0,ML-KEM-768,decapsulation,16,68100,,True,
d7fff568-167f-493a-a0a4-a1951de7ce0b,2c3aeb11-0975-4471-b3a2-4847e2a502eb,2026-08-12T16:53:20.845229+00:00,native_windows_x86_64,NATIVE_SOFTWARE,x86_64,"AMD64 Family 23 Model 96 Stepping 1, AuthenticAMD",12,7598,Windows-11-10.0.26200-SP0,N/A (prebuilt Python extension wheel),N/A,N/A (prebuilt wheel),pqcrypto,0.4.0,ML-KEM-768,keygen,17,174900,,True,
d7fff568-167f-493a-a0a4-a1951de7ce0b,2c3aeb11-0975-4471-b3a2-4847e2a502eb,2026-08-12T16:53:20.845622+00:00,native_windows_x86_64,NATIVE_SOFTWARE,x86_64,"AMD64 Family 23 Model 96 Stepping 1, AuthenticAMD",12,7598,Windows-11-10.0.26200-SP0,N/A (prebuilt Python extension wheel),N/A,N/A (prebuilt wheel),pqcrypto,0.4.0,ML-KEM-768,encapsulation,17,177100,,True,
d7fff568-167f-493a-a0a4-a1951de7ce0b,2c3aeb11-0975-4471-b3a2-4847e2a502eb,2026-08-12T16:53:20.845851+00:00,native_windows_x86_64,NATIVE_SOFTWARE,x86_64,"AMD64 Family 23 Model 96 Stepping 1, AuthenticAMD",12,7598,Windows-11-10.0.26200-SP0,N/A (prebuilt Python extension wheel),N/A,N/A (prebuilt wheel),pqcrypto,0.4.0,ML-KEM-768,decapsulation,17,68200,,True,
d7fff568-167f-493a-a0a4-a1951de7ce0b,2c3aeb11-0975-4471-b3a2-4847e2a502eb,2026-08-12T16:53:20.845960+00:00,native_windows_x86_64,NATIVE_SOFTWARE,x86_64,"AMD64 Family 23 Model 96 Stepping 1, AuthenticAMD",12,7598,Windows-11-10.0.26200-SP0,N/A (prebuilt Python extension wheel),N/A,N/A (prebuilt wheel),pqcrypto,0.4.0,ML-KEM-768,keygen,18,172500,,True,
d7fff568-167f-493a-a0a4-a1951de7ce0b,2c3aeb11-0975-4471-b3a2-4847e2a502eb,2026-08-12T16:53:20.846349+00:00,native_windows_x86_64,NATIVE_SOFTWARE,x86_64,"AMD64 Family 23 Model 96 Stepping 1, AuthenticAMD",12,7598,Windows-11-10.0.26200-SP0,N/A (prebuilt Python extension wheel),N/A,N/A (prebuilt wheel),pqcrypto,0.4.0,ML-KEM-768,encapsulation,18,170900,,True,
d7fff568-167f-493a-a0a4-a1951de7ce0b,2c3aeb11-0975-4471-b3a2-4847e2a502eb,2026-08-12T16:53:20.846573+00:00,native_windows_x86_64,NATIVE_SOFTWARE,x86_64,"AMD64 Family 23 Model 96 Stepping 1, AuthenticAMD",12,7598,Windows-11-10.0.26200-SP0,N/A (prebuilt Python extension wheel),N/A,N/A (prebuilt wheel),pqcrypto,0.4.0,ML-KEM-768,decapsulation,18,67900,,True,
d7fff568-167f-493a-a0a4-a1951de7ce0b,2c3aeb11-0975-4471-b3a2-4847e2a502eb,2026-08-12T16:53:20.846682+00:00,native_windows_x86_64,NATIVE_SOFTWARE,x86_64,"AMD64 Family 23 Model 96 Stepping 1, AuthenticAMD",12,7598,Windows-11-10.0.26200-SP0,N/A (prebuilt Python extension wheel),N/A,N/A (prebuilt wheel),pqcrypto,0.4.0,ML-KEM-768,keygen,19,171800,,True,
d7fff568-167f-493a-a0a4-a1951de7ce0b,2c3aeb11-0975-4471-b3a2-4847e2a502eb,2026-08-12T16:53:20.847070+00:00,native_windows_x86_64,NATIVE_SOFTWARE,x86_64,"AMD64 Family 23 Model 96 Stepping 1, AuthenticAMD",12,7598,Windows-11-10.0.26200-SP0,N/A (prebuilt Python extension wheel),N/A,N/A (prebuilt wheel),pqcrypto,0.4.0,ML-KEM-768,encapsulation,19,175300,,True,
d7fff568-167f-493a-a0a4-a1951de7ce0b,2c3aeb11-0975-4471-b3a2-4847e2a502eb,2026-08-12T16:53:20.847296+00:00,native_windows_x86_64,NATIVE_SOFTWARE,x86_64,"AMD64 Family 23 Model 96 Stepping 1, AuthenticAMD",12,7598,Windows-11-10.0.26200-SP0,N/A (prebuilt Python extension wheel),N/A,N/A (prebuilt wheel),pqcrypto,0.4.0,ML-KEM-768,decapsulation,19,68200,,True,
d7fff568-167f-493a-a0a4-a1951de7ce0b,2c3aeb11-0975-4471-b3a2-4847e2a502eb,2026-08-12T16:53:20.847405+00:00,native_windows_x86_64,NATIVE_SOFTWARE,x86_64,"AMD64 Family 23 Model 96 Stepping 1, AuthenticAMD",12,7598,Windows-11-10.0.26200-SP0,N/A (prebuilt Python extension wheel),N/A,N/A (prebuilt wheel),pqcrypto,0.4.0,ML-KEM-768,keygen,20,172100,,True,
d7fff568-167f-493a-a0a4-a1951de7ce0b,2c3aeb11-0975-4471-b3a2-4847e2a502eb,2026-08-12T16:53:20.847798+00:00,native_windows_x86_64,NATIVE_SOFTWARE,x86_64,"AMD64 Family 23 Model 96 Stepping 1, AuthenticAMD",12,7598,Windows-11-10.0.26200-SP0,N/A (prebuilt Python extension wheel),N/A,N/A (prebuilt wheel),pqcrypto,0.4.0,ML-KEM-768,encapsulation,20,172900,,True,
d7fff568-167f-493a-a0a4-a1951de7ce0b,2c3aeb11-0975-4471-b3a2-4847e2a502eb,2026-08-12T16:53:20.848022+00:00,native_windows_x86_64,NATIVE_SOFTWARE,x86_64,"AMD64 Family 23 Model 96 Stepping 1, AuthenticAMD",12,7598,Windows-11-10.0.26200-SP0,N/A (prebuilt Python extension wheel),N/A,N/A (prebuilt wheel),pqcrypto,0.4.0,ML-KEM-768,decapsulation,20,67800,,True,
d7fff568-167f-493a-a0a4-a1951de7ce0b,2c3aeb11-0975-4471-b3a2-4847e2a502eb,2026-08-12T16:53:20.848131+00:00,native_windows_x86_64,NATIVE_SOFTWARE,x86_64,"AMD64 Family 23 Model 96 Stepping 1, AuthenticAMD",12,7598,Windows-11-10.0.26200-SP0,N/A (prebuilt Python extension wheel),N/A,N/A (prebuilt wheel),pqcrypto,0.4.0,ML-KEM-768,keygen,21,171200,,True,
d7fff568-167f-493a-a0a4-a1951de7ce0b,2c3aeb11-0975-4471-b3a2-4847e2a502eb,2026-08-12T16:53:20.848526+00:00,native_windows_x86_64,NATIVE_SOFTWARE,x86_64,"AMD64 Family 23 Model 96 Stepping 1, AuthenticAMD",12,7598,Windows-11-10.0.26200-SP0,N/A (prebuilt Python extension wheel),N/A,N/A (prebuilt wheel),pqcrypto,0.4.0,ML-KEM-768,encapsulation,21,170600,,True,
d7fff568-167f-493a-a0a4-a1951de7ce0b,2c3aeb11-0975-4471-b3a2-4847e2a502eb,2026-08-12T16:53:20.848749+00:00,native_windows_x86_64,NATIVE_SOFTWARE,x86_64,"AMD64 Family 23 Model 96 Stepping 1, AuthenticAMD",12,7598,Windows-11-10.0.26200-SP0,N/A (prebuilt Python extension wheel),N/A,N/A (prebuilt wheel),pqcrypto,0.4.0,ML-KEM-768,decapsulation,21,68100,,True,
d7fff568-167f-493a-a0a4-a1951de7ce0b,2c3aeb11-0975-4471-b3a2-4847e2a502eb,2026-08-12T16:53:20.848857+00:00,native_windows_x86_64,NATIVE_SOFTWARE,x86_64,"AMD64 Family 23 Model 96 Stepping 1, AuthenticAMD",12,7598,Windows-11-10.0.26200-SP0,N/A (prebuilt Python extension wheel),N/A,N/A (prebuilt wheel),pqcrypto,0.4.0,ML-KEM-768,keygen,22,174800,,True,
d7fff568-167f-493a-a0a4-a1951de7ce0b,2c3aeb11-0975-4471-b3a2-4847e2a502eb,2026-08-12T16:53:20.849250+00:00,native_windows_x86_64,NATIVE_SOFTWARE,x86_64,"AMD64 Family 23 Model 96 Stepping 1, AuthenticAMD",12,7598,Windows-11-10.0.26200-SP0,N/A (prebuilt Python extension wheel),N/A,N/A (prebuilt wheel),pqcrypto,0.4.0,ML-KEM-768,encapsulation,22,175500,,True,
d7fff568-167f-493a-a0a4-a1951de7ce0b,2c3aeb11-0975-4471-b3a2-4847e2a502eb,2026-08-12T16:53:20.849477+00:00,native_windows_x86_64,NATIVE_SOFTWARE,x86_64,"AMD64 Family 23 Model 96 Stepping 1, AuthenticAMD",12,7598,Windows-11-10.0.26200-SP0,N/A (prebuilt Python extension wheel),N/A,N/A (prebuilt wheel),pqcrypto,0.4.0,ML-KEM-768,decapsulation,22,68000,,True,
d7fff568-167f-493a-a0a4-a1951de7ce0b,2c3aeb11-0975-4471-b3a2-4847e2a502eb,2026-08-12T16:53:20.849586+00:00,native_windows_x86_64,NATIVE_SOFTWARE,x86_64,"AMD64 Family 23 Model 96 Stepping 1, AuthenticAMD",12,7598,Windows-11-10.0.26200-SP0,N/A (prebuilt Python extension wheel),N/A,N/A (prebuilt wheel),pqcrypto,0.4.0,ML-KEM-768,keygen,23,196200,,True,
d7fff568-167f-493a-a0a4-a1951de7ce0b,2c3aeb11-0975-4471-b3a2-4847e2a502eb,2026-08-12T16:53:20.850006+00:00,native_windows_x86_64,NATIVE_SOFTWARE,x86_64,"AMD64 Family 23 Model 96 Stepping 1, AuthenticAMD",12,7598,Windows-11-10.0.26200-SP0,N/A (prebuilt Python extension wheel),N/A,N/A (prebuilt wheel),pqcrypto,0.4.0,ML-KEM-768,encapsulation,23,171200,,True,
d7fff568-167f-493a-a0a4-a1951de7ce0b,2c3aeb11-0975-4471-b3a2-4847e2a502eb,2026-08-12T16:53:20.850228+00:00,native_windows_x86_64,NATIVE_SOFTWARE,x86_64,"AMD64 Family 23 Model 96 Stepping 1, AuthenticAMD",12,7598,Windows-11-10.0.26200-SP0,N/A (prebuilt Python extension wheel),N/A,N/A (prebuilt wheel),pqcrypto,0.4.0,ML-KEM-768,decapsulation,23,68100,,True,
d7fff568-167f-493a-a0a4-a1951de7ce0b,2c3aeb11-0975-4471-b3a2-4847e2a502eb,2026-08-12T16:53:20.850338+00:00,native_windows_x86_64,NATIVE_SOFTWARE,x86_64,"AMD64 Family 23 Model 96 Stepping 1, AuthenticAMD",12,7598,Windows-11-10.0.26200-SP0,N/A (prebuilt Python extension wheel),N/A,N/A (prebuilt wheel),pqcrypto,0.4.0,ML-KEM-768,keygen,24,170600,,True,
d7fff568-167f-493a-a0a4-a1951de7ce0b,2c3aeb11-0975-4471-b3a2-4847e2a502eb,2026-08-12T16:53:20.850724+00:00,native_windows_x86_64,NATIVE_SOFTWARE,x86_64,"AMD64 Family 23 Model 96 Stepping 1, AuthenticAMD",12,7598,Windows-11-10.0.26200-SP0,N/A (prebuilt Python extension wheel),N/A,N/A (prebuilt wheel),pqcrypto,0.4.0,ML-KEM-768,encapsulation,24,179000,,True,
d7fff568-167f-493a-a0a4-a1951de7ce0b,2c3aeb11-0975-4471-b3a2-4847e2a502eb,2026-08-12T16:53:20.850955+00:00,native_windows_x86_64,NATIVE_SOFTWARE,x86_64,"AMD64 Family 23 Model 96 Stepping 1, AuthenticAMD",12,7598,Windows-11-10.0.26200-SP0,N/A (prebuilt Python extension wheel),N/A,N/A (prebuilt wheel),pqcrypto,0.4.0,ML-KEM-768,decapsulation,24,68500,,True,
d7fff568-167f-493a-a0a4-a1951de7ce0b,2c3aeb11-0975-4471-b3a2-4847e2a502eb,2026-08-12T16:53:20.851064+00:00,native_windows_x86_64,NATIVE_SOFTWARE,x86_64,"AMD64 Family 23 Model 96 Stepping 1, AuthenticAMD",12,7598,Windows-11-10.0.26200-SP0,N/A (prebuilt Python extension wheel),N/A,N/A (prebuilt wheel),pqcrypto,0.4.0,ML-KEM-768,keygen,25,172600,,True,
d7fff568-167f-493a-a0a4-a1951de7ce0b,2c3aeb11-0975-4471-b3a2-4847e2a502eb,2026-08-12T16:53:20.851460+00:00,native_windows_x86_64,NATIVE_SOFTWARE,x86_64,"AMD64 Family 23 Model 96 Stepping 1, AuthenticAMD",12,7598,Windows-11-10.0.26200-SP0,N/A (prebuilt Python extension wheel),N/A,N/A (prebuilt wheel),pqcrypto,0.4.0,ML-KEM-768,encapsulation,25,175900,,True,
d7fff568-167f-493a-a0a4-a1951de7ce0b,2c3aeb11-0975-4471-b3a2-4847e2a502eb,2026-08-12T16:53:20.851689+00:00,native_windows_x86_64,NATIVE_SOFTWARE,x86_64,"AMD64 Family 23 Model 96 Stepping 1, AuthenticAMD",12,7598,Windows-11-10.0.26200-SP0,N/A (prebuilt Python extension wheel),N/A,N/A (prebuilt wheel),pqcrypto,0.4.0,ML-KEM-768,decapsulation,25,80900,,True,
d7fff568-167f-493a-a0a4-a1951de7ce0b,2c3aeb11-0975-4471-b3a2-4847e2a502eb,2026-08-12T16:53:20.851818+00:00,native_windows_x86_64,NATIVE_SOFTWARE,x86_64,"AMD64 Family 23 Model 96 Stepping 1, AuthenticAMD",12,7598,Windows-11-10.0.26200-SP0,N/A (prebuilt Python extension wheel),N/A,N/A (prebuilt wheel),pqcrypto,0.4.0,ML-KEM-768,keygen,26,191100,,True,
d7fff568-167f-493a-a0a4-a1951de7ce0b,2c3aeb11-0975-4471-b3a2-4847e2a502eb,2026-08-12T16:53:20.852225+00:00,native_windows_x86_64,NATIVE_SOFTWARE,x86_64,"AMD64 Family 23 Model 96 Stepping 1, AuthenticAMD",12,7598,Windows-11-10.0.26200-SP0,N/A (prebuilt Python extension wheel),N/A,N/A (prebuilt wheel),pqcrypto,0.4.0,ML-KEM-768,encapsulation,26,170200,,True,
d7fff568-167f-493a-a0a4-a1951de7ce0b,2c3aeb11-0975-4471-b3a2-4847e2a502eb,2026-08-12T16:53:20.852446+00:00,native_windows_x86_64,NATIVE_SOFTWARE,x86_64,"AMD64 Family 23 Model 96 Stepping 1, AuthenticAMD",12,7598,Windows-11-10.0.26200-SP0,N/A (prebuilt Python extension wheel),N/A,N/A (prebuilt wheel),pqcrypto,0.4.0,ML-KEM-768,decapsulation,26,68200,,True,
d7fff568-167f-493a-a0a4-a1951de7ce0b,2c3aeb11-0975-4471-b3a2-4847e2a502eb,2026-08-12T16:53:20.852554+00:00,native_windows_x86_64,NATIVE_SOFTWARE,x86_64,"AMD64 Family 23 Model 96 Stepping 1, AuthenticAMD",12,7598,Windows-11-10.0.26200-SP0,N/A (prebuilt Python extension wheel),N/A,N/A (prebuilt wheel),pqcrypto,0.4.0,ML-KEM-768,keygen,27,174600,,True,
d7fff568-167f-493a-a0a4-a1951de7ce0b,2c3aeb11-0975-4471-b3a2-4847e2a502eb,2026-08-12T16:53:20.852947+00:00,native_windows_x86_64,NATIVE_SOFTWARE,x86_64,"AMD64 Family 23 Model 96 Stepping 1, AuthenticAMD",12,7598,Windows-11-10.0.26200-SP0,N/A (prebuilt Python extension wheel),N/A,N/A (prebuilt wheel),pqcrypto,0.4.0,ML-KEM-768,encapsulation,27,188800,,True,
d7fff568-167f-493a-a0a4-a1951de7ce0b,2c3aeb11-0975-4471-b3a2-4847e2a502eb,2026-08-12T16:53:20.853189+00:00,native_windows_x86_64,NATIVE_SOFTWARE,x86_64,"AMD64 Family 23 Model 96 Stepping 1, AuthenticAMD",12,7598,Windows-11-10.0.26200-SP0,N/A (prebuilt Python extension wheel),N/A,N/A (prebuilt wheel),pqcrypto,0.4.0,ML-KEM-768,decapsulation,27,68200,,True,
d7fff568-167f-493a-a0a4-a1951de7ce0b,2c3aeb11-0975-4471-b3a2-4847e2a502eb,2026-08-12T16:53:20.853298+00:00,native_windows_x86_64,NATIVE_SOFTWARE,x86_64,"AMD64 Family 23 Model 96 Stepping 1, AuthenticAMD",12,7598,Windows-11-10.0.26200-SP0,N/A (prebuilt Python extension wheel),N/A,N/A (prebuilt wheel),pqcrypto,0.4.0,ML-KEM-768,keygen,28,171300,,True,
d7fff568-167f-493a-a0a4-a1951de7ce0b,2c3aeb11-0975-4471-b3a2-4847e2a502eb,2026-08-12T16:53:20.853695+00:00,native_windows_x86_64,NATIVE_SOFTWARE,x86_64,"AMD64 Family 23 Model 96 Stepping 1, AuthenticAMD",12,7598,Windows-11-10.0.26200-SP0,N/A (prebuilt Python extension wheel),N/A,N/A (prebuilt wheel),pqcrypto,0.4.0,ML-KEM-768,encapsulation,28,174900,,True,
d7fff568-167f-493a-a0a4-a1951de7ce0b,2c3aeb11-0975-4471-b3a2-4847e2a502eb,2026-08-12T16:53:20.853922+00:00,native_windows_x86_64,NATIVE_SOFTWARE,x86_64,"AMD64 Family 23 Model 96 Stepping 1, AuthenticAMD",12,7598,Windows-11-10.0.26200-SP0,N/A (prebuilt Python extension wheel),N/A,N/A (prebuilt wheel),pqcrypto,0.4.0,ML-KEM-768,decapsulation,28,68500,,True,
d7fff568-167f-493a-a0a4-a1951de7ce0b,2c3aeb11-0975-4471-b3a2-4847e2a502eb,2026-08-12T16:53:20.854031+00:00,native_windows_x86_64,NATIVE_SOFTWARE,x86_64,"AMD64 Family 23 Model 96 Stepping 1, AuthenticAMD",12,7598,Windows-11-10.0.26200-SP0,N/A (prebuilt Python extension wheel),N/A,N/A (prebuilt wheel),pqcrypto,0.4.0,ML-KEM-768,keygen,29,171800,,True,
d7fff568-167f-493a-a0a4-a1951de7ce0b,2c3aeb11-0975-4471-b3a2-4847e2a502eb,2026-08-12T16:53:20.854423+00:00,native_windows_x86_64,NATIVE_SOFTWARE,x86_64,"AMD64 Family 23 Model 96 Stepping 1, AuthenticAMD",12,7598,Windows-11-10.0.26200-SP0,N/A (prebuilt Python extension wheel),N/A,N/A (prebuilt wheel),pqcrypto,0.4.0,ML-KEM-768,encapsulation,29,174800,,True,
d7fff568-167f-493a-a0a4-a1951de7ce0b,2c3aeb11-0975-4471-b3a2-4847e2a502eb,2026-08-12T16:53:20.854650+00:00,native_windows_x86_64,NATIVE_SOFTWARE,x86_64,"AMD64 Family 23 Model 96 Stepping 1, AuthenticAMD",12,7598,Windows-11-10.0.26200-SP0,N/A (prebuilt Python extension wheel),N/A,N/A (prebuilt wheel),pqcrypto,0.4.0,ML-KEM-768,decapsulation,29,68000,,True,
d7fff568-167f-493a-a0a4-a1951de7ce0b,2c3aeb11-0975-4471-b3a2-4847e2a502eb,2026-08-12T16:53:20.854760+00:00,native_windows_x86_64,NATIVE_SOFTWARE,x86_64,"AMD64 Family 23 Model 96 Stepping 1, AuthenticAMD",12,7598,Windows-11-10.0.26200-SP0,N/A (prebuilt Python extension wheel),N/A,N/A (prebuilt wheel),pqcrypto,0.4.0,ML-KEM-768,keygen,30,185700,,True,
d7fff568-167f-493a-a0a4-a1951de7ce0b,2c3aeb11-0975-4471-b3a2-4847e2a502eb,2026-08-12T16:53:20.855162+00:00,native_windows_x86_64,NATIVE_SOFTWARE,x86_64,"AMD64 Family 23 Model 96 Stepping 1, AuthenticAMD",12,7598,Windows-11-10.0.26200-SP0,N/A (prebuilt Python extension wheel),N/A,N/A (prebuilt wheel),pqcrypto,0.4.0,ML-KEM-768,encapsulation,30,171700,,True,
d7fff568-167f-493a-a0a4-a1951de7ce0b,2c3aeb11-0975-4471-b3a2-4847e2a502eb,2026-08-12T16:53:20.855395+00:00,native_windows_x86_64,NATIVE_SOFTWARE,x86_64,"AMD64 Family 23 Model 96 Stepping 1, AuthenticAMD",12,7598,Windows-11-10.0.26200-SP0,N/A (prebuilt Python extension wheel),N/A,N/A (prebuilt wheel),pqcrypto,0.4.0,ML-KEM-768,decapsulation,30,68200,,True,
d7fff568-167f-493a-a0a4-a1951de7ce0b,2c3aeb11-0975-4471-b3a2-4847e2a502eb,2026-08-12T16:53:20.855504+00:00,native_windows_x86_64,NATIVE_SOFTWARE,x86_64,"AMD64 Family 23 Model 96 Stepping 1, AuthenticAMD",12,7598,Windows-11-10.0.26200-SP0,N/A (prebuilt Python extension wheel),N/A,N/A (prebuilt wheel),pqcrypto,0.4.0,ML-KEM-768,keygen,31,172800,,True,
d7fff568-167f-493a-a0a4-a1951de7ce0b,2c3aeb11-0975-4471-b3a2-4847e2a502eb,2026-08-12T16:53:20.855903+00:00,native_windows_x86_64,NATIVE_SOFTWARE,x86_64,"AMD64 Family 23 Model 96 Stepping 1, AuthenticAMD",12,7598,Windows-11-10.0.26200-SP0,N/A (prebuilt Python extension wheel),N/A,N/A (prebuilt wheel),pqcrypto,0.4.0,ML-KEM-768,encapsulation,31,176100,,True,
d7fff568-167f-493a-a0a4-a1951de7ce0b,2c3aeb11-0975-4471-b3a2-4847e2a502eb,2026-08-12T16:53:20.856131+00:00,native_windows_x86_64,NATIVE_SOFTWARE,x86_64,"AMD64 Family 23 Model 96 Stepping 1, AuthenticAMD",12,7598,Windows-11-10.0.26200-SP0,N/A (prebuilt Python extension wheel),N/A,N/A (prebuilt wheel),pqcrypto,0.4.0,ML-KEM-768,decapsulation,31,68100,,True,
d7fff568-167f-493a-a0a4-a1951de7ce0b,2c3aeb11-0975-4471-b3a2-4847e2a502eb,2026-08-12T16:53:20.856286+00:00,native_windows_x86_64,NATIVE_SOFTWARE,x86_64,"AMD64 Family 23 Model 96 Stepping 1, AuthenticAMD",12,7598,Windows-11-10.0.26200-SP0,N/A (prebuilt Python extension wheel),N/A,N/A (prebuilt wheel),pqcrypto,0.4.0,ML-KEM-768,keygen,32,174200,,True,
d7fff568-167f-493a-a0a4-a1951de7ce0b,2c3aeb11-0975-4471-b3a2-4847e2a502eb,2026-08-12T16:53:20.856683+00:00,native_windows_x86_64,NATIVE_SOFTWARE,x86_64,"AMD64 Family 23 Model 96 Stepping 1, AuthenticAMD",12,7598,Windows-11-10.0.26200-SP0,N/A (prebuilt Python extension wheel),N/A,N/A (prebuilt wheel),pqcrypto,0.4.0,ML-KEM-768,encapsulation,32,170500,,True,
d7fff568-167f-493a-a0a4-a1951de7ce0b,2c3aeb11-0975-4471-b3a2-4847e2a502eb,2026-08-12T16:53:20.856910+00:00,native_windows_x86_64,NATIVE_SOFTWARE,x86_64,"AMD64 Family 23 Model 96 Stepping 1, AuthenticAMD",12,7598,Windows-11-10.0.26200-SP0,N/A (prebuilt Python extension wheel),N/A,N/A (prebuilt wheel),pqcrypto,0.4.0,ML-KEM-768,decapsulation,32,68100,,True,
d7fff568-167f-493a-a0a4-a1951de7ce0b,2c3aeb11-0975-4471-b3a2-4847e2a502eb,2026-08-12T16:53:20.857018+00:00,native_windows_x86_64,NATIVE_SOFTWARE,x86_64,"AMD64 Family 23 Model 96 Stepping 1, AuthenticAMD",12,7598,Windows-11-10.0.26200-SP0,N/A (prebuilt Python extension wheel),N/A,N/A (prebuilt wheel),pqcrypto,0.4.0,ML-KEM-768,keygen,33,174300,,True,
d7fff568-167f-493a-a0a4-a1951de7ce0b,2c3aeb11-0975-4471-b3a2-4847e2a502eb,2026-08-12T16:53:20.857417+00:00,native_windows_x86_64,NATIVE_SOFTWARE,x86_64,"AMD64 Family 23 Model 96 Stepping 1, AuthenticAMD",12,7598,Windows-11-10.0.26200-SP0,N/A (prebuilt Python extension wheel),N/A,N/A (prebuilt wheel),pqcrypto,0.4.0,ML-KEM-768,encapsulation,33,186200,,True,
d7fff568-167f-493a-a0a4-a1951de7ce0b,2c3aeb11-0975-4471-b3a2-4847e2a502eb,2026-08-12T16:53:20.858021+00:00,native_windows_x86_64,NATIVE_SOFTWARE,x86_64,"AMD64 Family 23 Model 96 Stepping 1, AuthenticAMD",12,7598,Windows-11-10.0.26200-SP0,N/A (prebuilt Python extension wheel),N/A,N/A (prebuilt wheel),pqcrypto,0.4.0,ML-KEM-768,decapsulation,33,70400,,True,
d7fff568-167f-493a-a0a4-a1951de7ce0b,2c3aeb11-0975-4471-b3a2-4847e2a502eb,2026-08-12T16:53:20.858132+00:00,native_windows_x86_64,NATIVE_SOFTWARE,x86_64,"AMD64 Family 23 Model 96 Stepping 1, AuthenticAMD",12,7598,Windows-11-10.0.26200-SP0,N/A (prebuilt Python extension wheel),N/A,N/A (prebuilt wheel),pqcrypto,0.4.0,ML-KEM-768,keygen,34,185500,,True,
d7fff568-167f-493a-a0a4-a1951de7ce0b,2c3aeb11-0975-4471-b3a2-4847e2a502eb,2026-08-12T16:53:20.858546+00:00,native_windows_x86_64,NATIVE_SOFTWARE,x86_64,"AMD64 Family 23 Model 96 Stepping 1, AuthenticAMD",12,7598,Windows-11-10.0.26200-SP0,N/A (prebuilt Python extension wheel),N/A,N/A (prebuilt wheel),pqcrypto,0.4.0,ML-KEM-768,encapsulation,34,192800,,True,
d7fff568-167f-493a-a0a4-a1951de7ce0b,2c3aeb11-0975-4471-b3a2-4847e2a502eb,2026-08-12T16:53:20.858796+00:00,native_windows_x86_64,NATIVE_SOFTWARE,x86_64,"AMD64 Family 23 Model 96 Stepping 1, AuthenticAMD",12,7598,Windows-11-10.0.26200-SP0,N/A (prebuilt Python extension wheel),N/A,N/A (prebuilt wheel),pqcrypto,0.4.0,ML-KEM-768,decapsulation,34,68800,,True,
d7fff568-167f-493a-a0a4-a1951de7ce0b,2c3aeb11-0975-4471-b3a2-4847e2a502eb,2026-08-12T16:53:20.858907+00:00,native_windows_x86_64,NATIVE_SOFTWARE,x86_64,"AMD64 Family 23 Model 96 Stepping 1, AuthenticAMD",12,7598,Windows-11-10.0.26200-SP0,N/A (prebuilt Python extension wheel),N/A,N/A (prebuilt wheel),pqcrypto,0.4.0,ML-KEM-768,keygen,35,175300,,True,
d7fff568-167f-493a-a0a4-a1951de7ce0b,2c3aeb11-0975-4471-b3a2-4847e2a502eb,2026-08-12T16:53:20.859303+00:00,native_windows_x86_64,NATIVE_SOFTWARE,x86_64,"AMD64 Family 23 Model 96 Stepping 1, AuthenticAMD",12,7598,Windows-11-10.0.26200-SP0,N/A (prebuilt Python extension wheel),N/A,N/A (prebuilt wheel),pqcrypto,0.4.0,ML-KEM-768,encapsulation,35,183300,,True,
d7fff568-167f-493a-a0a4-a1951de7ce0b,2c3aeb11-0975-4471-b3a2-4847e2a502eb,2026-08-12T16:53:20.859537+00:00,native_windows_x86_64,NATIVE_SOFTWARE,x86_64,"AMD64 Family 23 Model 96 Stepping 1, AuthenticAMD",12,7598,Windows-11-10.0.26200-SP0,N/A (prebuilt Python extension wheel),N/A,N/A (prebuilt wheel),pqcrypto,0.4.0,ML-KEM-768,decapsulation,35,68700,,True,
d7fff568-167f-493a-a0a4-a1951de7ce0b,2c3aeb11-0975-4471-b3a2-4847e2a502eb,2026-08-12T16:53:20.859645+00:00,native_windows_x86_64,NATIVE_SOFTWARE,x86_64,"AMD64 Family 23 Model 96 Stepping 1, AuthenticAMD",12,7598,Windows-11-10.0.26200-SP0,N/A (prebuilt Python extension wheel),N/A,N/A (prebuilt wheel),pqcrypto,0.4.0,ML-KEM-768,keygen,36,181100,,True,
d7fff568-167f-493a-a0a4-a1951de7ce0b,2c3aeb11-0975-4471-b3a2-4847e2a502eb,2026-08-12T16:53:20.860055+00:00,native_windows_x86_64,NATIVE_SOFTWARE,x86_64,"AMD64 Family 23 Model 96 Stepping 1, AuthenticAMD",12,7598,Windows-11-10.0.26200-SP0,N/A (prebuilt Python extension wheel),N/A,N/A (prebuilt wheel),pqcrypto,0.4.0,ML-KEM-768,encapsulation,36,252300,,True,
d7fff568-167f-493a-a0a4-a1951de7ce0b,2c3aeb11-0975-4471-b3a2-4847e2a502eb,2026-08-12T16:53:20.860372+00:00,native_windows_x86_64,NATIVE_SOFTWARE,x86_64,"AMD64 Family 23 Model 96 Stepping 1, AuthenticAMD",12,7598,Windows-11-10.0.26200-SP0,N/A (prebuilt Python extension wheel),N/A,N/A (prebuilt wheel),pqcrypto,0.4.0,ML-KEM-768,decapsulation,36,70000,,True,
d7fff568-167f-493a-a0a4-a1951de7ce0b,2c3aeb11-0975-4471-b3a2-4847e2a502eb,2026-08-12T16:53:20.860485+00:00,native_windows_x86_64,NATIVE_SOFTWARE,x86_64,"AMD64 Family 23 Model 96 Stepping 1, AuthenticAMD",12,7598,Windows-11-10.0.26200-SP0,N/A (prebuilt Python extension wheel),N/A,N/A (prebuilt wheel),pqcrypto,0.4.0,ML-KEM-768,keygen,37,176500,,True,
d7fff568-167f-493a-a0a4-a1951de7ce0b,2c3aeb11-0975-4471-b3a2-4847e2a502eb,2026-08-12T16:53:20.860879+00:00,native_windows_x86_64,NATIVE_SOFTWARE,x86_64,"AMD64 Family 23 Model 96 Stepping 1, AuthenticAMD",12,7598,Windows-11-10.0.26200-SP0,N/A (prebuilt Python extension wheel),N/A,N/A (prebuilt wheel),pqcrypto,0.4.0,ML-KEM-768,encapsulation,37,170400,,True,
d7fff568-167f-493a-a0a4-a1951de7ce0b,2c3aeb11-0975-4471-b3a2-4847e2a502eb,2026-08-12T16:53:20.861104+00:00,native_windows_x86_64,NATIVE_SOFTWARE,x86_64,"AMD64 Family 23 Model 96 Stepping 1, AuthenticAMD",12,7598,Windows-11-10.0.26200-SP0,N/A (prebuilt Python extension wheel),N/A,N/A (prebuilt wheel),pqcrypto,0.4.0,ML-KEM-768,decapsulation,37,68100,,True,
d7fff568-167f-493a-a0a4-a1951de7ce0b,2c3aeb11-0975-4471-b3a2-4847e2a502eb,2026-08-12T16:53:20.861216+00:00,native_windows_x86_64,NATIVE_SOFTWARE,x86_64,"AMD64 Family 23 Model 96 Stepping 1, AuthenticAMD",12,7598,Windows-11-10.0.26200-SP0,N/A (prebuilt Python extension wheel),N/A,N/A (prebuilt wheel),pqcrypto,0.4.0,ML-KEM-768,keygen,38,172900,,True,
d7fff568-167f-493a-a0a4-a1951de7ce0b,2c3aeb11-0975-4471-b3a2-4847e2a502eb,2026-08-12T16:53:20.861609+00:00,native_windows_x86_64,NATIVE_SOFTWARE,x86_64,"AMD64 Family 23 Model 96 Stepping 1, AuthenticAMD",12,7598,Windows-11-10.0.26200-SP0,N/A (prebuilt Python extension wheel),N/A,N/A (prebuilt wheel),pqcrypto,0.4.0,ML-KEM-768,encapsulation,38,175000,,True,
d7fff568-167f-493a-a0a4-a1951de7ce0b,2c3aeb11-0975-4471-b3a2-4847e2a502eb,2026-08-12T16:53:20.861837+00:00,native_windows_x86_64,NATIVE_SOFTWARE,x86_64,"AMD64 Family 23 Model 96 Stepping 1, AuthenticAMD",12,7598,Windows-11-10.0.26200-SP0,N/A (prebuilt Python extension wheel),N/A,N/A (prebuilt wheel),pqcrypto,0.4.0,ML-KEM-768,decapsulation,38,68300,,True,
d7fff568-167f-493a-a0a4-a1951de7ce0b,2c3aeb11-0975-4471-b3a2-4847e2a502eb,2026-08-12T16:53:20.861947+00:00,native_windows_x86_64,NATIVE_SOFTWARE,x86_64,"AMD64 Family 23 Model 96 Stepping 1, AuthenticAMD",12,7598,Windows-11-10.0.26200-SP0,N/A (prebuilt Python extension wheel),N/A,N/A (prebuilt wheel),pqcrypto,0.4.0,ML-KEM-768,keygen,39,171300,,True,
d7fff568-167f-493a-a0a4-a1951de7ce0b,2c3aeb11-0975-4471-b3a2-4847e2a502eb,2026-08-12T16:53:20.862346+00:00,native_windows_x86_64,NATIVE_SOFTWARE,x86_64,"AMD64 Family 23 Model 96 Stepping 1, AuthenticAMD",12,7598,Windows-11-10.0.26200-SP0,N/A (prebuilt Python extension wheel),N/A,N/A (prebuilt wheel),pqcrypto,0.4.0,ML-KEM-768,encapsulation,39,170900,,True,
d7fff568-167f-493a-a0a4-a1951de7ce0b,2c3aeb11-0975-4471-b3a2-4847e2a502eb,2026-08-12T16:53:20.862567+00:00,native_windows_x86_64,NATIVE_SOFTWARE,x86_64,"AMD64 Family 23 Model 96 Stepping 1, AuthenticAMD",12,7598,Windows-11-10.0.26200-SP0,N/A (prebuilt Python extension wheel),N/A,N/A (prebuilt wheel),pqcrypto,0.4.0,ML-KEM-768,decapsulation,39,68000,,True,
d7fff568-167f-493a-a0a4-a1951de7ce0b,2c3aeb11-0975-4471-b3a2-4847e2a502eb,2026-08-12T16:53:20.862677+00:00,native_windows_x86_64,NATIVE_SOFTWARE,x86_64,"AMD64 Family 23 Model 96 Stepping 1, AuthenticAMD",12,7598,Windows-11-10.0.26200-SP0,N/A (prebuilt Python extension wheel),N/A,N/A (prebuilt wheel),pqcrypto,0.4.0,ML-KEM-768,keygen,40,170500,,True,
d7fff568-167f-493a-a0a4-a1951de7ce0b,2c3aeb11-0975-4471-b3a2-4847e2a502eb,2026-08-12T16:53:20.863064+00:00,native_windows_x86_64,NATIVE_SOFTWARE,x86_64,"AMD64 Family 23 Model 96 Stepping 1, AuthenticAMD",12,7598,Windows-11-10.0.26200-SP0,N/A (prebuilt Python extension wheel),N/A,N/A (prebuilt wheel),pqcrypto,0.4.0,ML-KEM-768,encapsulation,40,178200,,True,
d7fff568-167f-493a-a0a4-a1951de7ce0b,2c3aeb11-0975-4471-b3a2-4847e2a502eb,2026-08-12T16:53:20.863294+00:00,native_windows_x86_64,NATIVE_SOFTWARE,x86_64,"AMD64 Family 23 Model 96 Stepping 1, AuthenticAMD",12,7598,Windows-11-10.0.26200-SP0,N/A (prebuilt Python extension wheel),N/A,N/A (prebuilt wheel),pqcrypto,0.4.0,ML-KEM-768,decapsulation,40,68000,,True,
d7fff568-167f-493a-a0a4-a1951de7ce0b,2c3aeb11-0975-4471-b3a2-4847e2a502eb,2026-08-12T16:53:20.863402+00:00,native_windows_x86_64,NATIVE_SOFTWARE,x86_64,"AMD64 Family 23 Model 96 Stepping 1, AuthenticAMD",12,7598,Windows-11-10.0.26200-SP0,N/A (prebuilt Python extension wheel),N/A,N/A (prebuilt wheel),pqcrypto,0.4.0,ML-KEM-768,keygen,41,174400,,True,
d7fff568-167f-493a-a0a4-a1951de7ce0b,2c3aeb11-0975-4471-b3a2-4847e2a502eb,2026-08-12T16:53:20.863798+00:00,native_windows_x86_64,NATIVE_SOFTWARE,x86_64,"AMD64 Family 23 Model 96 Stepping 1, AuthenticAMD",12,7598,Windows-11-10.0.26200-SP0,N/A (prebuilt Python extension wheel),N/A,N/A (prebuilt wheel),pqcrypto,0.4.0,ML-KEM-768,encapsulation,41,170600,,True,
d7fff568-167f-493a-a0a4-a1951de7ce0b,2c3aeb11-0975-4471-b3a2-4847e2a502eb,2026-08-12T16:53:20.864020+00:00,native_windows_x86_64,NATIVE_SOFTWARE,x86_64,"AMD64 Family 23 Model 96 Stepping 1, AuthenticAMD",12,7598,Windows-11-10.0.26200-SP0,N/A (prebuilt Python extension wheel),N/A,N/A (prebuilt wheel),pqcrypto,0.4.0,ML-KEM-768,decapsulation,41,68000,,True,
d7fff568-167f-493a-a0a4-a1951de7ce0b,2c3aeb11-0975-4471-b3a2-4847e2a502eb,2026-08-12T16:53:20.864129+00:00,native_windows_x86_64,NATIVE_SOFTWARE,x86_64,"AMD64 Family 23 Model 96 Stepping 1, AuthenticAMD",12,7598,Windows-11-10.0.26200-SP0,N/A (prebuilt Python extension wheel),N/A,N/A (prebuilt wheel),pqcrypto,0.4.0,ML-KEM-768,keygen,42,172400,,True,
d7fff568-167f-493a-a0a4-a1951de7ce0b,2c3aeb11-0975-4471-b3a2-4847e2a502eb,2026-08-12T16:53:20.864518+00:00,native_windows_x86_64,NATIVE_SOFTWARE,x86_64,"AMD64 Family 23 Model 96 Stepping 1, AuthenticAMD",12,7598,Windows-11-10.0.26200-SP0,N/A (prebuilt Python extension wheel),N/A,N/A (prebuilt wheel),pqcrypto,0.4.0,ML-KEM-768,encapsulation,42,173600,,True,
d7fff568-167f-493a-a0a4-a1951de7ce0b,2c3aeb11-0975-4471-b3a2-4847e2a502eb,2026-08-12T16:53:20.864744+00:00,native_windows_x86_64,NATIVE_SOFTWARE,x86_64,"AMD64 Family 23 Model 96 Stepping 1, AuthenticAMD",12,7598,Windows-11-10.0.26200-SP0,N/A (prebuilt Python extension wheel),N/A,N/A (prebuilt wheel),pqcrypto,0.4.0,ML-KEM-768,decapsulation,42,70500,,True,
d7fff568-167f-493a-a0a4-a1951de7ce0b,2c3aeb11-0975-4471-b3a2-4847e2a502eb,2026-08-12T16:53:20.864858+00:00,native_windows_x86_64,NATIVE_SOFTWARE,x86_64,"AMD64 Family 23 Model 96 Stepping 1, AuthenticAMD",12,7598,Windows-11-10.0.26200-SP0,N/A (prebuilt Python extension wheel),N/A,N/A (prebuilt wheel),pqcrypto,0.4.0,ML-KEM-768,keygen,43,174800,,True,
d7fff568-167f-493a-a0a4-a1951de7ce0b,2c3aeb11-0975-4471-b3a2-4847e2a502eb,2026-08-12T16:53:20.865251+00:00,native_windows_x86_64,NATIVE_SOFTWARE,x86_64,"AMD64 Family 23 Model 96 Stepping 1, AuthenticAMD",12,7598,Windows-11-10.0.26200-SP0,N/A (prebuilt Python extension wheel),N/A,N/A (prebuilt wheel),pqcrypto,0.4.0,ML-KEM-768,encapsulation,43,175600,,True,
d7fff568-167f-493a-a0a4-a1951de7ce0b,2c3aeb11-0975-4471-b3a2-4847e2a502eb,2026-08-12T16:53:20.865479+00:00,native_windows_x86_64,NATIVE_SOFTWARE,x86_64,"AMD64 Family 23 Model 96 Stepping 1, AuthenticAMD",12,7598,Windows-11-10.0.26200-SP0,N/A (prebuilt Python extension wheel),N/A,N/A (prebuilt wheel),pqcrypto,0.4.0,ML-KEM-768,decapsulation,43,69900,,True,
d7fff568-167f-493a-a0a4-a1951de7ce0b,2c3aeb11-0975-4471-b3a2-4847e2a502eb,2026-08-12T16:53:20.865591+00:00,native_windows_x86_64,NATIVE_SOFTWARE,x86_64,"AMD64 Family 23 Model 96 Stepping 1, AuthenticAMD",12,7598,Windows-11-10.0.26200-SP0,N/A (prebuilt Python extension wheel),N/A,N/A (prebuilt wheel),pqcrypto,0.4.0,ML-KEM-768,keygen,44,182400,,True,
d7fff568-167f-493a-a0a4-a1951de7ce0b,2c3aeb11-0975-4471-b3a2-4847e2a502eb,2026-08-12T16:53:20.866001+00:00,native_windows_x86_64,NATIVE_SOFTWARE,x86_64,"AMD64 Family 23 Model 96 Stepping 1, AuthenticAMD",12,7598,Windows-11-10.0.26200-SP0,N/A (prebuilt Python extension wheel),N/A,N/A (prebuilt wheel),pqcrypto,0.4.0,ML-KEM-768,encapsulation,44,175300,,True,
d7fff568-167f-493a-a0a4-a1951de7ce0b,2c3aeb11-0975-4471-b3a2-4847e2a502eb,2026-08-12T16:53:20.866229+00:00,native_windows_x86_64,NATIVE_SOFTWARE,x86_64,"AMD64 Family 23 Model 96 Stepping 1, AuthenticAMD",12,7598,Windows-11-10.0.26200-SP0,N/A (prebuilt Python extension wheel),N/A,N/A (prebuilt wheel),pqcrypto,0.4.0,ML-KEM-768,decapsulation,44,68400,,True,
d7fff568-167f-493a-a0a4-a1951de7ce0b,2c3aeb11-0975-4471-b3a2-4847e2a502eb,2026-08-12T16:53:20.866337+00:00,native_windows_x86_64,NATIVE_SOFTWARE,x86_64,"AMD64 Family 23 Model 96 Stepping 1, AuthenticAMD",12,7598,Windows-11-10.0.26200-SP0,N/A (prebuilt Python extension wheel),N/A,N/A (prebuilt wheel),pqcrypto,0.4.0,ML-KEM-768,keygen,45,207500,,True,
d7fff568-167f-493a-a0a4-a1951de7ce0b,2c3aeb11-0975-4471-b3a2-4847e2a502eb,2026-08-12T16:53:20.866764+00:00,native_windows_x86_64,NATIVE_SOFTWARE,x86_64,"AMD64 Family 23 Model 96 Stepping 1, AuthenticAMD",12,7598,Windows-11-10.0.26200-SP0,N/A (prebuilt Python extension wheel),N/A,N/A (prebuilt wheel),pqcrypto,0.4.0,ML-KEM-768,encapsulation,45,172800,,True,
d7fff568-167f-493a-a0a4-a1951de7ce0b,2c3aeb11-0975-4471-b3a2-4847e2a502eb,2026-08-12T16:53:20.866989+00:00,native_windows_x86_64,NATIVE_SOFTWARE,x86_64,"AMD64 Family 23 Model 96 Stepping 1, AuthenticAMD",12,7598,Windows-11-10.0.26200-SP0,N/A (prebuilt Python extension wheel),N/A,N/A (prebuilt wheel),pqcrypto,0.4.0,ML-KEM-768,decapsulation,45,68000,,True,
d7fff568-167f-493a-a0a4-a1951de7ce0b,2c3aeb11-0975-4471-b3a2-4847e2a502eb,2026-08-12T16:53:20.867099+00:00,native_windows_x86_64,NATIVE_SOFTWARE,x86_64,"AMD64 Family 23 Model 96 Stepping 1, AuthenticAMD",12,7598,Windows-11-10.0.26200-SP0,N/A (prebuilt Python extension wheel),N/A,N/A (prebuilt wheel),pqcrypto,0.4.0,ML-KEM-768,keygen,46,171100,,True,
d7fff568-167f-493a-a0a4-a1951de7ce0b,2c3aeb11-0975-4471-b3a2-4847e2a502eb,2026-08-12T16:53:20.867487+00:00,native_windows_x86_64,NATIVE_SOFTWARE,x86_64,"AMD64 Family 23 Model 96 Stepping 1, AuthenticAMD",12,7598,Windows-11-10.0.26200-SP0,N/A (prebuilt Python extension wheel),N/A,N/A (prebuilt wheel),pqcrypto,0.4.0,ML-KEM-768,encapsulation,46,171200,,True,
d7fff568-167f-493a-a0a4-a1951de7ce0b,2c3aeb11-0975-4471-b3a2-4847e2a502eb,2026-08-12T16:53:20.867709+00:00,native_windows_x86_64,NATIVE_SOFTWARE,x86_64,"AMD64 Family 23 Model 96 Stepping 1, AuthenticAMD",12,7598,Windows-11-10.0.26200-SP0,N/A (prebuilt Python extension wheel),N/A,N/A (prebuilt wheel),pqcrypto,0.4.0,ML-KEM-768,decapsulation,46,71900,,True,
d7fff568-167f-493a-a0a4-a1951de7ce0b,2c3aeb11-0975-4471-b3a2-4847e2a502eb,2026-08-12T16:53:20.867822+00:00,native_windows_x86_64,NATIVE_SOFTWARE,x86_64,"AMD64 Family 23 Model 96 Stepping 1, AuthenticAMD",12,7598,Windows-11-10.0.26200-SP0,N/A (prebuilt Python extension wheel),N/A,N/A (prebuilt wheel),pqcrypto,0.4.0,ML-KEM-768,keygen,47,174200,,True,
d7fff568-167f-493a-a0a4-a1951de7ce0b,2c3aeb11-0975-4471-b3a2-4847e2a502eb,2026-08-12T16:53:20.868215+00:00,native_windows_x86_64,NATIVE_SOFTWARE,x86_64,"AMD64 Family 23 Model 96 Stepping 1, AuthenticAMD",12,7598,Windows-11-10.0.26200-SP0,N/A (prebuilt Python extension wheel),N/A,N/A (prebuilt wheel),pqcrypto,0.4.0,ML-KEM-768,encapsulation,47,171200,,True,
d7fff568-167f-493a-a0a4-a1951de7ce0b,2c3aeb11-0975-4471-b3a2-4847e2a502eb,2026-08-12T16:53:20.868437+00:00,native_windows_x86_64,NATIVE_SOFTWARE,x86_64,"AMD64 Family 23 Model 96 Stepping 1, AuthenticAMD",12,7598,Windows-11-10.0.26200-SP0,N/A (prebuilt Python extension wheel),N/A,N/A (prebuilt wheel),pqcrypto,0.4.0,ML-KEM-768,decapsulation,47,68300,,True,
d7fff568-167f-493a-a0a4-a1951de7ce0b,2c3aeb11-0975-4471-b3a2-4847e2a502eb,2026-08-12T16:53:20.868545+00:00,native_windows_x86_64,NATIVE_SOFTWARE,x86_64,"AMD64 Family 23 Model 96 Stepping 1, AuthenticAMD",12,7598,Windows-11-10.0.26200-SP0,N/A (prebuilt Python extension wheel),N/A,N/A (prebuilt wheel),pqcrypto,0.4.0,ML-KEM-768,keygen,48,171200,,True,
d7fff568-167f-493a-a0a4-a1951de7ce0b,2c3aeb11-0975-4471-b3a2-4847e2a502eb,2026-08-12T16:53:20.868933+00:00,native_windows_x86_64,NATIVE_SOFTWARE,x86_64,"AMD64 Family 23 Model 96 Stepping 1, AuthenticAMD",12,7598,Windows-11-10.0.26200-SP0,N/A (prebuilt Python extension wheel),N/A,N/A (prebuilt wheel),pqcrypto,0.4.0,ML-KEM-768,encapsulation,48,175100,,True,
d7fff568-167f-493a-a0a4-a1951de7ce0b,2c3aeb11-0975-4471-b3a2-4847e2a502eb,2026-08-12T16:53:20.869159+00:00,native_windows_x86_64,NATIVE_SOFTWARE,x86_64,"AMD64 Family 23 Model 96 Stepping 1, AuthenticAMD",12,7598,Windows-11-10.0.26200-SP0,N/A (prebuilt Python extension wheel),N/A,N/A (prebuilt wheel),pqcrypto,0.4.0,ML-KEM-768,decapsulation,48,68000,,True,
d7fff568-167f-493a-a0a4-a1951de7ce0b,2c3aeb11-0975-4471-b3a2-4847e2a502eb,2026-08-12T16:53:20.869267+00:00,native_windows_x86_64,NATIVE_SOFTWARE,x86_64,"AMD64 Family 23 Model 96 Stepping 1, AuthenticAMD",12,7598,Windows-11-10.0.26200-SP0,N/A (prebuilt Python extension wheel),N/A,N/A (prebuilt wheel),pqcrypto,0.4.0,ML-KEM-768,keygen,49,171000,,True,
d7fff568-167f-493a-a0a4-a1951de7ce0b,2c3aeb11-0975-4471-b3a2-4847e2a502eb,2026-08-12T16:53:20.869654+00:00,native_windows_x86_64,NATIVE_SOFTWARE,x86_64,"AMD64 Family 23 Model 96 Stepping 1, AuthenticAMD",12,7598,Windows-11-10.0.26200-SP0,N/A (prebuilt Python extension wheel),N/A,N/A (prebuilt wheel),pqcrypto,0.4.0,ML-KEM-768,encapsulation,49,179600,,True,
d7fff568-167f-493a-a0a4-a1951de7ce0b,2c3aeb11-0975-4471-b3a2-4847e2a502eb,2026-08-12T16:53:20.869886+00:00,native_windows_x86_64,NATIVE_SOFTWARE,x86_64,"AMD64 Family 23 Model 96 Stepping 1, AuthenticAMD",12,7598,Windows-11-10.0.26200-SP0,N/A (prebuilt Python extension wheel),N/A,N/A (prebuilt wheel),pqcrypto,0.4.0,ML-KEM-768,decapsulation,49,68300,,True,
d7fff568-167f-493a-a0a4-a1951de7ce0b,2c3aeb11-0975-4471-b3a2-4847e2a502eb,2026-08-12T16:53:20.869995+00:00,native_windows_x86_64,NATIVE_SOFTWARE,x86_64,"AMD64 Family 23 Model 96 Stepping 1, AuthenticAMD",12,7598,Windows-11-10.0.26200-SP0,N/A (prebuilt Python extension wheel),N/A,N/A (prebuilt wheel),pqcrypto,0.4.0,ML-KEM-768,keygen,50,176000,,True,
d7fff568-167f-493a-a0a4-a1951de7ce0b,2c3aeb11-0975-4471-b3a2-4847e2a502eb,2026-08-12T16:53:20.870386+00:00,native_windows_x86_64,NATIVE_SOFTWARE,x86_64,"AMD64 Family 23 Model 96 Stepping 1, AuthenticAMD",12,7598,Windows-11-10.0.26200-SP0,N/A (prebuilt Python extension wheel),N/A,N/A (prebuilt wheel),pqcrypto,0.4.0,ML-KEM-768,encapsulation,50,174200,,True,
d7fff568-167f-493a-a0a4-a1951de7ce0b,2c3aeb11-0975-4471-b3a2-4847e2a502eb,2026-08-12T16:53:20.870613+00:00,native_windows_x86_64,NATIVE_SOFTWARE,x86_64,"AMD64 Family 23 Model 96 Stepping 1, AuthenticAMD",12,7598,Windows-11-10.0.26200-SP0,N/A (prebuilt Python extension wheel),N/A,N/A (prebuilt wheel),pqcrypto,0.4.0,ML-KEM-768,decapsulation,50,68700,,True,
d7fff568-167f-493a-a0a4-a1951de7ce0b,2c3aeb11-0975-4471-b3a2-4847e2a502eb,2026-08-12T16:53:20.870722+00:00,native_windows_x86_64,NATIVE_SOFTWARE,x86_64,"AMD64 Family 23 Model 96 Stepping 1, AuthenticAMD",12,7598,Windows-11-10.0.26200-SP0,N/A (prebuilt Python extension wheel),N/A,N/A (prebuilt wheel),pqcrypto,0.4.0,ML-KEM-768,keygen,51,171400,,True,
d7fff568-167f-493a-a0a4-a1951de7ce0b,2c3aeb11-0975-4471-b3a2-4847e2a502eb,2026-08-12T16:53:20.871113+00:00,native_windows_x86_64,NATIVE_SOFTWARE,x86_64,"AMD64 Family 23 Model 96 Stepping 1, AuthenticAMD",12,7598,Windows-11-10.0.26200-SP0,N/A (prebuilt Python extension wheel),N/A,N/A (prebuilt wheel),pqcrypto,0.4.0,ML-KEM-768,encapsulation,51,169800,,True,
d7fff568-167f-493a-a0a4-a1951de7ce0b,2c3aeb11-0975-4471-b3a2-4847e2a502eb,2026-08-12T16:53:20.871334+00:00,native_windows_x86_64,NATIVE_SOFTWARE,x86_64,"AMD64 Family 23 Model 96 Stepping 1, AuthenticAMD",12,7598,Windows-11-10.0.26200-SP0,N/A (prebuilt Python extension wheel),N/A,N/A (prebuilt wheel),pqcrypto,0.4.0,ML-KEM-768,decapsulation,51,68100,,True,
d7fff568-167f-493a-a0a4-a1951de7ce0b,2c3aeb11-0975-4471-b3a2-4847e2a502eb,2026-08-12T16:53:20.871442+00:00,native_windows_x86_64,NATIVE_SOFTWARE,x86_64,"AMD64 Family 23 Model 96 Stepping 1, AuthenticAMD",12,7598,Windows-11-10.0.26200-SP0,N/A (prebuilt Python extension wheel),N/A,N/A (prebuilt wheel),pqcrypto,0.4.0,ML-KEM-768,keygen,52,172100,,True,
d7fff568-167f-493a-a0a4-a1951de7ce0b,2c3aeb11-0975-4471-b3a2-4847e2a502eb,2026-08-12T16:53:20.871838+00:00,native_windows_x86_64,NATIVE_SOFTWARE,x86_64,"AMD64 Family 23 Model 96 Stepping 1, AuthenticAMD",12,7598,Windows-11-10.0.26200-SP0,N/A (prebuilt Python extension wheel),N/A,N/A (prebuilt wheel),pqcrypto,0.4.0,ML-KEM-768,encapsulation,52,171100,,True,
d7fff568-167f-493a-a0a4-a1951de7ce0b,2c3aeb11-0975-4471-b3a2-4847e2a502eb,2026-08-12T16:53:20.872062+00:00,native_windows_x86_64,NATIVE_SOFTWARE,x86_64,"AMD64 Family 23 Model 96 Stepping 1, AuthenticAMD",12,7598,Windows-11-10.0.26200-SP0,N/A (prebuilt Python extension wheel),N/A,N/A (prebuilt wheel),pqcrypto,0.4.0,ML-KEM-768,decapsulation,52,71800,,True,
d7fff568-167f-493a-a0a4-a1951de7ce0b,2c3aeb11-0975-4471-b3a2-4847e2a502eb,2026-08-12T16:53:20.872174+00:00,native_windows_x86_64,NATIVE_SOFTWARE,x86_64,"AMD64 Family 23 Model 96 Stepping 1, AuthenticAMD",12,7598,Windows-11-10.0.26200-SP0,N/A (prebuilt Python extension wheel),N/A,N/A (prebuilt wheel),pqcrypto,0.4.0,ML-KEM-768,keygen,53,184100,,True,
d7fff568-167f-493a-a0a4-a1951de7ce0b,2c3aeb11-0975-4471-b3a2-4847e2a502eb,2026-08-12T16:53:20.872587+00:00,native_windows_x86_64,NATIVE_SOFTWARE,x86_64,"AMD64 Family 23 Model 96 Stepping 1, AuthenticAMD",12,7598,Windows-11-10.0.26200-SP0,N/A (prebuilt Python extension wheel),N/A,N/A (prebuilt wheel),pqcrypto,0.4.0,ML-KEM-768,encapsulation,53,175900,,True,
d7fff568-167f-493a-a0a4-a1951de7ce0b,2c3aeb11-0975-4471-b3a2-4847e2a502eb,2026-08-12T16:53:20.872818+00:00,native_windows_x86_64,NATIVE_SOFTWARE,x86_64,"AMD64 Family 23 Model 96 Stepping 1, AuthenticAMD",12,7598,Windows-11-10.0.26200-SP0,N/A (prebuilt Python extension wheel),N/A,N/A (prebuilt wheel),pqcrypto,0.4.0,ML-KEM-768,decapsulation,53,68400,,True,
d7fff568-167f-493a-a0a4-a1951de7ce0b,2c3aeb11-0975-4471-b3a2-4847e2a502eb,2026-08-12T16:53:20.872928+00:00,native_windows_x86_64,NATIVE_SOFTWARE,x86_64,"AMD64 Family 23 Model 96 Stepping 1, AuthenticAMD",12,7598,Windows-11-10.0.26200-SP0,N/A (prebuilt Python extension wheel),N/A,N/A (prebuilt wheel),pqcrypto,0.4.0,ML-KEM-768,keygen,54,201000,,True,
d7fff568-167f-493a-a0a4-a1951de7ce0b,2c3aeb11-0975-4471-b3a2-4847e2a502eb,2026-08-12T16:53:20.873354+00:00,native_windows_x86_64,NATIVE_SOFTWARE,x86_64,"AMD64 Family 23 Model 96 Stepping 1, AuthenticAMD",12,7598,Windows-11-10.0.26200-SP0,N/A (prebuilt Python extension wheel),N/A,N/A (prebuilt wheel),pqcrypto,0.4.0,ML-KEM-768,encapsulation,54,172700,,True,
d7fff568-167f-493a-a0a4-a1951de7ce0b,2c3aeb11-0975-4471-b3a2-4847e2a502eb,2026-08-12T16:53:20.873578+00:00,native_windows_x86_64,NATIVE_SOFTWARE,x86_64,"AMD64 Family 23 Model 96 Stepping 1, AuthenticAMD",12,7598,Windows-11-10.0.26200-SP0,N/A (prebuilt Python extension wheel),N/A,N/A (prebuilt wheel),pqcrypto,0.4.0,ML-KEM-768,decapsulation,54,68500,,True,
d7fff568-167f-493a-a0a4-a1951de7ce0b,2c3aeb11-0975-4471-b3a2-4847e2a502eb,2026-08-12T16:53:20.873686+00:00,native_windows_x86_64,NATIVE_SOFTWARE,x86_64,"AMD64 Family 23 Model 96 Stepping 1, AuthenticAMD",12,7598,Windows-11-10.0.26200-SP0,N/A (prebuilt Python extension wheel),N/A,N/A (prebuilt wheel),pqcrypto,0.4.0,ML-KEM-768,keygen,55,186400,,True,
d7fff568-167f-493a-a0a4-a1951de7ce0b,2c3aeb11-0975-4471-b3a2-4847e2a502eb,2026-08-12T16:53:20.874096+00:00,native_windows_x86_64,NATIVE_SOFTWARE,x86_64,"AMD64 Family 23 Model 96 Stepping 1, AuthenticAMD",12,7598,Windows-11-10.0.26200-SP0,N/A (prebuilt Python extension wheel),N/A,N/A (prebuilt wheel),pqcrypto,0.4.0,ML-KEM-768,encapsulation,55,171000,,True,
d7fff568-167f-493a-a0a4-a1951de7ce0b,2c3aeb11-0975-4471-b3a2-4847e2a502eb,2026-08-12T16:53:20.874320+00:00,native_windows_x86_64,NATIVE_SOFTWARE,x86_64,"AMD64 Family 23 Model 96 Stepping 1, AuthenticAMD",12,7598,Windows-11-10.0.26200-SP0,N/A (prebuilt Python extension wheel),N/A,N/A (prebuilt wheel),pqcrypto,0.4.0,ML-KEM-768,decapsulation,55,68000,,True,
d7fff568-167f-493a-a0a4-a1951de7ce0b,2c3aeb11-0975-4471-b3a2-4847e2a502eb,2026-08-12T16:53:20.874787+00:00,native_windows_x86_64,NATIVE_SOFTWARE,x86_64,"AMD64 Family 23 Model 96 Stepping 1, AuthenticAMD",12,7598,Windows-11-10.0.26200-SP0,N/A (prebuilt Python extension wheel),N/A,N/A (prebuilt wheel),pqcrypto,0.4.0,ML-KEM-768,keygen,56,174500,,True,
d7fff568-167f-493a-a0a4-a1951de7ce0b,2c3aeb11-0975-4471-b3a2-4847e2a502eb,2026-08-12T16:53:20.875178+00:00,native_windows_x86_64,NATIVE_SOFTWARE,x86_64,"AMD64 Family 23 Model 96 Stepping 1, AuthenticAMD",12,7598,Windows-11-10.0.26200-SP0,N/A (prebuilt Python extension wheel),N/A,N/A (prebuilt wheel),pqcrypto,0.4.0,ML-KEM-768,encapsulation,56,170500,,True,
d7fff568-167f-493a-a0a4-a1951de7ce0b,2c3aeb11-0975-4471-b3a2-4847e2a502eb,2026-08-12T16:53:20.875400+00:00,native_windows_x86_64,NATIVE_SOFTWARE,x86_64,"AMD64 Family 23 Model 96 Stepping 1, AuthenticAMD",12,7598,Windows-11-10.0.26200-SP0,N/A (prebuilt Python extension wheel),N/A,N/A (prebuilt wheel),pqcrypto,0.4.0,ML-KEM-768,decapsulation,56,68000,,True,
d7fff568-167f-493a-a0a4-a1951de7ce0b,2c3aeb11-0975-4471-b3a2-4847e2a502eb,2026-08-12T16:53:20.875506+00:00,native_windows_x86_64,NATIVE_SOFTWARE,x86_64,"AMD64 Family 23 Model 96 Stepping 1, AuthenticAMD",12,7598,Windows-11-10.0.26200-SP0,N/A (prebuilt Python extension wheel),N/A,N/A (prebuilt wheel),pqcrypto,0.4.0,ML-KEM-768,keygen,57,182800,,True,
d7fff568-167f-493a-a0a4-a1951de7ce0b,2c3aeb11-0975-4471-b3a2-4847e2a502eb,2026-08-12T16:53:20.876009+00:00,native_windows_x86_64,NATIVE_SOFTWARE,x86_64,"AMD64 Family 23 Model 96 Stepping 1, AuthenticAMD",12,7598,Windows-11-10.0.26200-SP0,N/A (prebuilt Python extension wheel),N/A,N/A (prebuilt wheel),pqcrypto,0.4.0,ML-KEM-768,encapsulation,57,180700,,True,
d7fff568-167f-493a-a0a4-a1951de7ce0b,2c3aeb11-0975-4471-b3a2-4847e2a502eb,2026-08-12T16:53:20.876249+00:00,native_windows_x86_64,NATIVE_SOFTWARE,x86_64,"AMD64 Family 23 Model 96 Stepping 1, AuthenticAMD",12,7598,Windows-11-10.0.26200-SP0,N/A (prebuilt Python extension wheel),N/A,N/A (prebuilt wheel),pqcrypto,0.4.0,ML-KEM-768,decapsulation,57,68400,,True,
d7fff568-167f-493a-a0a4-a1951de7ce0b,2c3aeb11-0975-4471-b3a2-4847e2a502eb,2026-08-12T16:53:20.876358+00:00,native_windows_x86_64,NATIVE_SOFTWARE,x86_64,"AMD64 Family 23 Model 96 Stepping 1, AuthenticAMD",12,7598,Windows-11-10.0.26200-SP0,N/A (prebuilt Python extension wheel),N/A,N/A (prebuilt wheel),pqcrypto,0.4.0,ML-KEM-768,keygen,58,194900,,True,
d7fff568-167f-493a-a0a4-a1951de7ce0b,2c3aeb11-0975-4471-b3a2-4847e2a502eb,2026-08-12T16:53:20.876776+00:00,native_windows_x86_64,NATIVE_SOFTWARE,x86_64,"AMD64 Family 23 Model 96 Stepping 1, AuthenticAMD",12,7598,Windows-11-10.0.26200-SP0,N/A (prebuilt Python extension wheel),N/A,N/A (prebuilt wheel),pqcrypto,0.4.0,ML-KEM-768,encapsulation,58,172200,,True,
d7fff568-167f-493a-a0a4-a1951de7ce0b,2c3aeb11-0975-4471-b3a2-4847e2a502eb,2026-08-12T16:53:20.877000+00:00,native_windows_x86_64,NATIVE_SOFTWARE,x86_64,"AMD64 Family 23 Model 96 Stepping 1, AuthenticAMD",12,7598,Windows-11-10.0.26200-SP0,N/A (prebuilt Python extension wheel),N/A,N/A (prebuilt wheel),pqcrypto,0.4.0,ML-KEM-768,decapsulation,58,68900,,True,
d7fff568-167f-493a-a0a4-a1951de7ce0b,2c3aeb11-0975-4471-b3a2-4847e2a502eb,2026-08-12T16:53:20.877109+00:00,native_windows_x86_64,NATIVE_SOFTWARE,x86_64,"AMD64 Family 23 Model 96 Stepping 1, AuthenticAMD",12,7598,Windows-11-10.0.26200-SP0,N/A (prebuilt Python extension wheel),N/A,N/A (prebuilt wheel),pqcrypto,0.4.0,ML-KEM-768,keygen,59,209300,,True,
d7fff568-167f-493a-a0a4-a1951de7ce0b,2c3aeb11-0975-4471-b3a2-4847e2a502eb,2026-08-12T16:53:20.877534+00:00,native_windows_x86_64,NATIVE_SOFTWARE,x86_64,"AMD64 Family 23 Model 96 Stepping 1, AuthenticAMD",12,7598,Windows-11-10.0.26200-SP0,N/A (prebuilt Python extension wheel),N/A,N/A (prebuilt wheel),pqcrypto,0.4.0,ML-KEM-768,encapsulation,59,170800,,True,
d7fff568-167f-493a-a0a4-a1951de7ce0b,2c3aeb11-0975-4471-b3a2-4847e2a502eb,2026-08-12T16:53:20.877761+00:00,native_windows_x86_64,NATIVE_SOFTWARE,x86_64,"AMD64 Family 23 Model 96 Stepping 1, AuthenticAMD",12,7598,Windows-11-10.0.26200-SP0,N/A (prebuilt Python extension wheel),N/A,N/A (prebuilt wheel),pqcrypto,0.4.0,ML-KEM-768,decapsulation,59,67900,,True,
d7fff568-167f-493a-a0a4-a1951de7ce0b,2c3aeb11-0975-4471-b3a2-4847e2a502eb,2026-08-12T16:53:20.877869+00:00,native_windows_x86_64,NATIVE_SOFTWARE,x86_64,"AMD64 Family 23 Model 96 Stepping 1, AuthenticAMD",12,7598,Windows-11-10.0.26200-SP0,N/A (prebuilt Python extension wheel),N/A,N/A (prebuilt wheel),pqcrypto,0.4.0,ML-KEM-768,keygen,60,171500,,True,
d7fff568-167f-493a-a0a4-a1951de7ce0b,2c3aeb11-0975-4471-b3a2-4847e2a502eb,2026-08-12T16:53:20.878257+00:00,native_windows_x86_64,NATIVE_SOFTWARE,x86_64,"AMD64 Family 23 Model 96 Stepping 1, AuthenticAMD",12,7598,Windows-11-10.0.26200-SP0,N/A (prebuilt Python extension wheel),N/A,N/A (prebuilt wheel),pqcrypto,0.4.0,ML-KEM-768,encapsulation,60,171200,,True,
d7fff568-167f-493a-a0a4-a1951de7ce0b,2c3aeb11-0975-4471-b3a2-4847e2a502eb,2026-08-12T16:53:20.878478+00:00,native_windows_x86_64,NATIVE_SOFTWARE,x86_64,"AMD64 Family 23 Model 96 Stepping 1, AuthenticAMD",12,7598,Windows-11-10.0.26200-SP0,N/A (prebuilt Python extension wheel),N/A,N/A (prebuilt wheel),pqcrypto,0.4.0,ML-KEM-768,decapsulation,60,68700,,True,
d7fff568-167f-493a-a0a4-a1951de7ce0b,2c3aeb11-0975-4471-b3a2-4847e2a502eb,2026-08-12T16:53:20.878587+00:00,native_windows_x86_64,NATIVE_SOFTWARE,x86_64,"AMD64 Family 23 Model 96 Stepping 1, AuthenticAMD",12,7598,Windows-11-10.0.26200-SP0,N/A (prebuilt Python extension wheel),N/A,N/A (prebuilt wheel),pqcrypto,0.4.0,ML-KEM-768,keygen,61,175000,,True,
d7fff568-167f-493a-a0a4-a1951de7ce0b,2c3aeb11-0975-4471-b3a2-4847e2a502eb,2026-08-12T16:53:20.878978+00:00,native_windows_x86_64,NATIVE_SOFTWARE,x86_64,"AMD64 Family 23 Model 96 Stepping 1, AuthenticAMD",12,7598,Windows-11-10.0.26200-SP0,N/A (prebuilt Python extension wheel),N/A,N/A (prebuilt wheel),pqcrypto,0.4.0,ML-KEM-768,encapsulation,61,174100,,True,
d7fff568-167f-493a-a0a4-a1951de7ce0b,2c3aeb11-0975-4471-b3a2-4847e2a502eb,2026-08-12T16:53:20.879204+00:00,native_windows_x86_64,NATIVE_SOFTWARE,x86_64,"AMD64 Family 23 Model 96 Stepping 1, AuthenticAMD",12,7598,Windows-11-10.0.26200-SP0,N/A (prebuilt Python extension wheel),N/A,N/A (prebuilt wheel),pqcrypto,0.4.0,ML-KEM-768,decapsulation,61,68000,,True,
d7fff568-167f-493a-a0a4-a1951de7ce0b,2c3aeb11-0975-4471-b3a2-4847e2a502eb,2026-08-12T16:53:20.879312+00:00,native_windows_x86_64,NATIVE_SOFTWARE,x86_64,"AMD64 Family 23 Model 96 Stepping 1, AuthenticAMD",12,7598,Windows-11-10.0.26200-SP0,N/A (prebuilt Python extension wheel),N/A,N/A (prebuilt wheel),pqcrypto,0.4.0,ML-KEM-768,keygen,62,170800,,True,
d7fff568-167f-493a-a0a4-a1951de7ce0b,2c3aeb11-0975-4471-b3a2-4847e2a502eb,2026-08-12T16:53:20.879698+00:00,native_windows_x86_64,NATIVE_SOFTWARE,x86_64,"AMD64 Family 23 Model 96 Stepping 1, AuthenticAMD",12,7598,Windows-11-10.0.26200-SP0,N/A (prebuilt Python extension wheel),N/A,N/A (prebuilt wheel),pqcrypto,0.4.0,ML-KEM-768,encapsulation,62,173700,,True,
d7fff568-167f-493a-a0a4-a1951de7ce0b,2c3aeb11-0975-4471-b3a2-4847e2a502eb,2026-08-12T16:53:20.879923+00:00,native_windows_x86_64,NATIVE_SOFTWARE,x86_64,"AMD64 Family 23 Model 96 Stepping 1, AuthenticAMD",12,7598,Windows-11-10.0.26200-SP0,N/A (prebuilt Python extension wheel),N/A,N/A (prebuilt wheel),pqcrypto,0.4.0,ML-KEM-768,decapsulation,62,67800,,True,
d7fff568-167f-493a-a0a4-a1951de7ce0b,2c3aeb11-0975-4471-b3a2-4847e2a502eb,2026-08-12T16:53:20.880030+00:00,native_windows_x86_64,NATIVE_SOFTWARE,x86_64,"AMD64 Family 23 Model 96 Stepping 1, AuthenticAMD",12,7598,Windows-11-10.0.26200-SP0,N/A (prebuilt Python extension wheel),N/A,N/A (prebuilt wheel),pqcrypto,0.4.0,ML-KEM-768,keygen,63,171200,,True,
d7fff568-167f-493a-a0a4-a1951de7ce0b,2c3aeb11-0975-4471-b3a2-4847e2a502eb,2026-08-12T16:53:20.880421+00:00,native_windows_x86_64,NATIVE_SOFTWARE,x86_64,"AMD64 Family 23 Model 96 Stepping 1, AuthenticAMD",12,7598,Windows-11-10.0.26200-SP0,N/A (prebuilt Python extension wheel),N/A,N/A (prebuilt wheel),pqcrypto,0.4.0,ML-KEM-768,encapsulation,63,169900,,True,
d7fff568-167f-493a-a0a4-a1951de7ce0b,2c3aeb11-0975-4471-b3a2-4847e2a502eb,2026-08-12T16:53:20.880641+00:00,native_windows_x86_64,NATIVE_SOFTWARE,x86_64,"AMD64 Family 23 Model 96 Stepping 1, AuthenticAMD",12,7598,Windows-11-10.0.26200-SP0,N/A (prebuilt Python extension wheel),N/A,N/A (prebuilt wheel),pqcrypto,0.4.0,ML-KEM-768,decapsulation,63,67900,,True,
d7fff568-167f-493a-a0a4-a1951de7ce0b,2c3aeb11-0975-4471-b3a2-4847e2a502eb,2026-08-12T16:53:20.880749+00:00,native_windows_x86_64,NATIVE_SOFTWARE,x86_64,"AMD64 Family 23 Model 96 Stepping 1, AuthenticAMD",12,7598,Windows-11-10.0.26200-SP0,N/A (prebuilt Python extension wheel),N/A,N/A (prebuilt wheel),pqcrypto,0.4.0,ML-KEM-768,keygen,64,174400,,True,
d7fff568-167f-493a-a0a4-a1951de7ce0b,2c3aeb11-0975-4471-b3a2-4847e2a502eb,2026-08-12T16:53:20.881177+00:00,native_windows_x86_64,NATIVE_SOFTWARE,x86_64,"AMD64 Family 23 Model 96 Stepping 1, AuthenticAMD",12,7598,Windows-11-10.0.26200-SP0,N/A (prebuilt Python extension wheel),N/A,N/A (prebuilt wheel),pqcrypto,0.4.0,ML-KEM-768,encapsulation,64,176100,,True,
d7fff568-167f-493a-a0a4-a1951de7ce0b,2c3aeb11-0975-4471-b3a2-4847e2a502eb,2026-08-12T16:53:20.881404+00:00,native_windows_x86_64,NATIVE_SOFTWARE,x86_64,"AMD64 Family 23 Model 96 Stepping 1, AuthenticAMD",12,7598,Windows-11-10.0.26200-SP0,N/A (prebuilt Python extension wheel),N/A,N/A (prebuilt wheel),pqcrypto,0.4.0,ML-KEM-768,decapsulation,64,71600,,True,
d7fff568-167f-493a-a0a4-a1951de7ce0b,2c3aeb11-0975-4471-b3a2-4847e2a502eb,2026-08-12T16:53:20.881518+00:00,native_windows_x86_64,NATIVE_SOFTWARE,x86_64,"AMD64 Family 23 Model 96 Stepping 1, AuthenticAMD",12,7598,Windows-11-10.0.26200-SP0,N/A (prebuilt Python extension wheel),N/A,N/A (prebuilt wheel),pqcrypto,0.4.0,ML-KEM-768,keygen,65,170700,,True,
d7fff568-167f-493a-a0a4-a1951de7ce0b,2c3aeb11-0975-4471-b3a2-4847e2a502eb,2026-08-12T16:53:20.881908+00:00,native_windows_x86_64,NATIVE_SOFTWARE,x86_64,"AMD64 Family 23 Model 96 Stepping 1, AuthenticAMD",12,7598,Windows-11-10.0.26200-SP0,N/A (prebuilt Python extension wheel),N/A,N/A (prebuilt wheel),pqcrypto,0.4.0,ML-KEM-768,encapsulation,65,171200,,True,
d7fff568-167f-493a-a0a4-a1951de7ce0b,2c3aeb11-0975-4471-b3a2-4847e2a502eb,2026-08-12T16:53:20.882134+00:00,native_windows_x86_64,NATIVE_SOFTWARE,x86_64,"AMD64 Family 23 Model 96 Stepping 1, AuthenticAMD",12,7598,Windows-11-10.0.26200-SP0,N/A (prebuilt Python extension wheel),N/A,N/A (prebuilt wheel),pqcrypto,0.4.0,ML-KEM-768,decapsulation,65,68800,,True,
d7fff568-167f-493a-a0a4-a1951de7ce0b,2c3aeb11-0975-4471-b3a2-4847e2a502eb,2026-08-12T16:53:20.882243+00:00,native_windows_x86_64,NATIVE_SOFTWARE,x86_64,"AMD64 Family 23 Model 96 Stepping 1, AuthenticAMD",12,7598,Windows-11-10.0.26200-SP0,N/A (prebuilt Python extension wheel),N/A,N/A (prebuilt wheel),pqcrypto,0.4.0,ML-KEM-768,keygen,66,179100,,True,
d7fff568-167f-493a-a0a4-a1951de7ce0b,2c3aeb11-0975-4471-b3a2-4847e2a502eb,2026-08-12T16:53:20.882638+00:00,native_windows_x86_64,NATIVE_SOFTWARE,x86_64,"AMD64 Family 23 Model 96 Stepping 1, AuthenticAMD",12,7598,Windows-11-10.0.26200-SP0,N/A (prebuilt Python extension wheel),N/A,N/A (prebuilt wheel),pqcrypto,0.4.0,ML-KEM-768,encapsulation,66,181800,,True,
d7fff568-167f-493a-a0a4-a1951de7ce0b,2c3aeb11-0975-4471-b3a2-4847e2a502eb,2026-08-12T16:53:20.882870+00:00,native_windows_x86_64,NATIVE_SOFTWARE,x86_64,"AMD64 Family 23 Model 96 Stepping 1, AuthenticAMD",12,7598,Windows-11-10.0.26200-SP0,N/A (prebuilt Python extension wheel),N/A,N/A (prebuilt wheel),pqcrypto,0.4.0,ML-KEM-768,decapsulation,66,67800,,True,
d7fff568-167f-493a-a0a4-a1951de7ce0b,2c3aeb11-0975-4471-b3a2-4847e2a502eb,2026-08-12T16:53:20.882978+00:00,native_windows_x86_64,NATIVE_SOFTWARE,x86_64,"AMD64 Family 23 Model 96 Stepping 1, AuthenticAMD",12,7598,Windows-11-10.0.26200-SP0,N/A (prebuilt Python extension wheel),N/A,N/A (prebuilt wheel),pqcrypto,0.4.0,ML-KEM-768,keygen,67,171900,,True,
d7fff568-167f-493a-a0a4-a1951de7ce0b,2c3aeb11-0975-4471-b3a2-4847e2a502eb,2026-08-12T16:53:20.883364+00:00,native_windows_x86_64,NATIVE_SOFTWARE,x86_64,"AMD64 Family 23 Model 96 Stepping 1, AuthenticAMD",12,7598,Windows-11-10.0.26200-SP0,N/A (prebuilt Python extension wheel),N/A,N/A (prebuilt wheel),pqcrypto,0.4.0,ML-KEM-768,encapsulation,67,168600,,True,
d7fff568-167f-493a-a0a4-a1951de7ce0b,2c3aeb11-0975-4471-b3a2-4847e2a502eb,2026-08-12T16:53:20.883582+00:00,native_windows_x86_64,NATIVE_SOFTWARE,x86_64,"AMD64 Family 23 Model 96 Stepping 1, AuthenticAMD",12,7598,Windows-11-10.0.26200-SP0,N/A (prebuilt Python extension wheel),N/A,N/A (prebuilt wheel),pqcrypto,0.4.0,ML-KEM-768,decapsulation,67,67900,,True,
d7fff568-167f-493a-a0a4-a1951de7ce0b,2c3aeb11-0975-4471-b3a2-4847e2a502eb,2026-08-12T16:53:20.883689+00:00,native_windows_x86_64,NATIVE_SOFTWARE,x86_64,"AMD64 Family 23 Model 96 Stepping 1, AuthenticAMD",12,7598,Windows-11-10.0.26200-SP0,N/A (prebuilt Python extension wheel),N/A,N/A (prebuilt wheel),pqcrypto,0.4.0,ML-KEM-768,keygen,68,177500,,True,
d7fff568-167f-493a-a0a4-a1951de7ce0b,2c3aeb11-0975-4471-b3a2-4847e2a502eb,2026-08-12T16:53:20.884086+00:00,native_windows_x86_64,NATIVE_SOFTWARE,x86_64,"AMD64 Family 23 Model 96 Stepping 1, AuthenticAMD",12,7598,Windows-11-10.0.26200-SP0,N/A (prebuilt Python extension wheel),N/A,N/A (prebuilt wheel),pqcrypto,0.4.0,ML-KEM-768,encapsulation,68,174200,,True,
d7fff568-167f-493a-a0a4-a1951de7ce0b,2c3aeb11-0975-4471-b3a2-4847e2a502eb,2026-08-12T16:53:20.884311+00:00,native_windows_x86_64,NATIVE_SOFTWARE,x86_64,"AMD64 Family 23 Model 96 Stepping 1, AuthenticAMD",12,7598,Windows-11-10.0.26200-SP0,N/A (prebuilt Python extension wheel),N/A,N/A (prebuilt wheel),pqcrypto,0.4.0,ML-KEM-768,decapsulation,68,68100,,True,
d7fff568-167f-493a-a0a4-a1951de7ce0b,2c3aeb11-0975-4471-b3a2-4847e2a502eb,2026-08-12T16:53:20.884419+00:00,native_windows_x86_64,NATIVE_SOFTWARE,x86_64,"AMD64 Family 23 Model 96 Stepping 1, AuthenticAMD",12,7598,Windows-11-10.0.26200-SP0,N/A (prebuilt Python extension wheel),N/A,N/A (prebuilt wheel),pqcrypto,0.4.0,ML-KEM-768,keygen,69,171400,,True,
d7fff568-167f-493a-a0a4-a1951de7ce0b,2c3aeb11-0975-4471-b3a2-4847e2a502eb,2026-08-12T16:53:20.884805+00:00,native_windows_x86_64,NATIVE_SOFTWARE,x86_64,"AMD64 Family 23 Model 96 Stepping 1, AuthenticAMD",12,7598,Windows-11-10.0.26200-SP0,N/A (prebuilt Python extension wheel),N/A,N/A (prebuilt wheel),pqcrypto,0.4.0,ML-KEM-768,encapsulation,69,171800,,True,
d7fff568-167f-493a-a0a4-a1951de7ce0b,2c3aeb11-0975-4471-b3a2-4847e2a502eb,2026-08-12T16:53:20.885027+00:00,native_windows_x86_64,NATIVE_SOFTWARE,x86_64,"AMD64 Family 23 Model 96 Stepping 1, AuthenticAMD",12,7598,Windows-11-10.0.26200-SP0,N/A (prebuilt Python extension wheel),N/A,N/A (prebuilt wheel),pqcrypto,0.4.0,ML-KEM-768,decapsulation,69,68700,,True,
d7fff568-167f-493a-a0a4-a1951de7ce0b,2c3aeb11-0975-4471-b3a2-4847e2a502eb,2026-08-12T16:53:20.885137+00:00,native_windows_x86_64,NATIVE_SOFTWARE,x86_64,"AMD64 Family 23 Model 96 Stepping 1, AuthenticAMD",12,7598,Windows-11-10.0.26200-SP0,N/A (prebuilt Python extension wheel),N/A,N/A (prebuilt wheel),pqcrypto,0.4.0,ML-KEM-768,keygen,70,170000,,True,
d7fff568-167f-493a-a0a4-a1951de7ce0b,2c3aeb11-0975-4471-b3a2-4847e2a502eb,2026-08-12T16:53:20.885520+00:00,native_windows_x86_64,NATIVE_SOFTWARE,x86_64,"AMD64 Family 23 Model 96 Stepping 1, AuthenticAMD",12,7598,Windows-11-10.0.26200-SP0,N/A (prebuilt Python extension wheel),N/A,N/A (prebuilt wheel),pqcrypto,0.4.0,ML-KEM-768,encapsulation,70,170500,,True,
d7fff568-167f-493a-a0a4-a1951de7ce0b,2c3aeb11-0975-4471-b3a2-4847e2a502eb,2026-08-12T16:53:20.885741+00:00,native_windows_x86_64,NATIVE_SOFTWARE,x86_64,"AMD64 Family 23 Model 96 Stepping 1, AuthenticAMD",12,7598,Windows-11-10.0.26200-SP0,N/A (prebuilt Python extension wheel),N/A,N/A (prebuilt wheel),pqcrypto,0.4.0,ML-KEM-768,decapsulation,70,71500,,True,
d7fff568-167f-493a-a0a4-a1951de7ce0b,2c3aeb11-0975-4471-b3a2-4847e2a502eb,2026-08-12T16:53:20.885852+00:00,native_windows_x86_64,NATIVE_SOFTWARE,x86_64,"AMD64 Family 23 Model 96 Stepping 1, AuthenticAMD",12,7598,Windows-11-10.0.26200-SP0,N/A (prebuilt Python extension wheel),N/A,N/A (prebuilt wheel),pqcrypto,0.4.0,ML-KEM-768,keygen,71,171700,,True,
d7fff568-167f-493a-a0a4-a1951de7ce0b,2c3aeb11-0975-4471-b3a2-4847e2a502eb,2026-08-12T16:53:20.886248+00:00,native_windows_x86_64,NATIVE_SOFTWARE,x86_64,"AMD64 Family 23 Model 96 Stepping 1, AuthenticAMD",12,7598,Windows-11-10.0.26200-SP0,N/A (prebuilt Python extension wheel),N/A,N/A (prebuilt wheel),pqcrypto,0.4.0,ML-KEM-768,encapsulation,71,169200,,True,
d7fff568-167f-493a-a0a4-a1951de7ce0b,2c3aeb11-0975-4471-b3a2-4847e2a502eb,2026-08-12T16:53:20.886468+00:00,native_windows_x86_64,NATIVE_SOFTWARE,x86_64,"AMD64 Family 23 Model 96 Stepping 1, AuthenticAMD",12,7598,Windows-11-10.0.26200-SP0,N/A (prebuilt Python extension wheel),N/A,N/A (prebuilt wheel),pqcrypto,0.4.0,ML-KEM-768,decapsulation,71,68100,,True,
d7fff568-167f-493a-a0a4-a1951de7ce0b,2c3aeb11-0975-4471-b3a2-4847e2a502eb,2026-08-12T16:53:20.886576+00:00,native_windows_x86_64,NATIVE_SOFTWARE,x86_64,"AMD64 Family 23 Model 96 Stepping 1, AuthenticAMD",12,7598,Windows-11-10.0.26200-SP0,N/A (prebuilt Python extension wheel),N/A,N/A (prebuilt wheel),pqcrypto,0.4.0,ML-KEM-768,keygen,72,172100,,True,
d7fff568-167f-493a-a0a4-a1951de7ce0b,2c3aeb11-0975-4471-b3a2-4847e2a502eb,2026-08-12T16:53:20.886964+00:00,native_windows_x86_64,NATIVE_SOFTWARE,x86_64,"AMD64 Family 23 Model 96 Stepping 1, AuthenticAMD",12,7598,Windows-11-10.0.26200-SP0,N/A (prebuilt Python extension wheel),N/A,N/A (prebuilt wheel),pqcrypto,0.4.0,ML-KEM-768,encapsulation,72,173500,,True,
d7fff568-167f-493a-a0a4-a1951de7ce0b,2c3aeb11-0975-4471-b3a2-4847e2a502eb,2026-08-12T16:53:20.887189+00:00,native_windows_x86_64,NATIVE_SOFTWARE,x86_64,"AMD64 Family 23 Model 96 Stepping 1, AuthenticAMD",12,7598,Windows-11-10.0.26200-SP0,N/A (prebuilt Python extension wheel),N/A,N/A (prebuilt wheel),pqcrypto,0.4.0,ML-KEM-768,decapsulation,72,68400,,True,
d7fff568-167f-493a-a0a4-a1951de7ce0b,2c3aeb11-0975-4471-b3a2-4847e2a502eb,2026-08-12T16:53:20.887296+00:00,native_windows_x86_64,NATIVE_SOFTWARE,x86_64,"AMD64 Family 23 Model 96 Stepping 1, AuthenticAMD",12,7598,Windows-11-10.0.26200-SP0,N/A (prebuilt Python extension wheel),N/A,N/A (prebuilt wheel),pqcrypto,0.4.0,ML-KEM-768,keygen,73,170200,,True,
d7fff568-167f-493a-a0a4-a1951de7ce0b,2c3aeb11-0975-4471-b3a2-4847e2a502eb,2026-08-12T16:53:20.887686+00:00,native_windows_x86_64,NATIVE_SOFTWARE,x86_64,"AMD64 Family 23 Model 96 Stepping 1, AuthenticAMD",12,7598,Windows-11-10.0.26200-SP0,N/A (prebuilt Python extension wheel),N/A,N/A (prebuilt wheel),pqcrypto,0.4.0,ML-KEM-768,encapsulation,73,178700,,True,
d7fff568-167f-493a-a0a4-a1951de7ce0b,2c3aeb11-0975-4471-b3a2-4847e2a502eb,2026-08-12T16:53:20.887915+00:00,native_windows_x86_64,NATIVE_SOFTWARE,x86_64,"AMD64 Family 23 Model 96 Stepping 1, AuthenticAMD",12,7598,Windows-11-10.0.26200-SP0,N/A (prebuilt Python extension wheel),N/A,N/A (prebuilt wheel),pqcrypto,0.4.0,ML-KEM-768,decapsulation,73,68000,,True,
d7fff568-167f-493a-a0a4-a1951de7ce0b,2c3aeb11-0975-4471-b3a2-4847e2a502eb,2026-08-12T16:53:20.888024+00:00,native_windows_x86_64,NATIVE_SOFTWARE,x86_64,"AMD64 Family 23 Model 96 Stepping 1, AuthenticAMD",12,7598,Windows-11-10.0.26200-SP0,N/A (prebuilt Python extension wheel),N/A,N/A (prebuilt wheel),pqcrypto,0.4.0,ML-KEM-768,keygen,74,169600,,True,
d7fff568-167f-493a-a0a4-a1951de7ce0b,2c3aeb11-0975-4471-b3a2-4847e2a502eb,2026-08-12T16:53:20.888408+00:00,native_windows_x86_64,NATIVE_SOFTWARE,x86_64,"AMD64 Family 23 Model 96 Stepping 1, AuthenticAMD",12,7598,Windows-11-10.0.26200-SP0,N/A (prebuilt Python extension wheel),N/A,N/A (prebuilt wheel),pqcrypto,0.4.0,ML-KEM-768,encapsulation,74,170900,,True,
d7fff568-167f-493a-a0a4-a1951de7ce0b,2c3aeb11-0975-4471-b3a2-4847e2a502eb,2026-08-12T16:53:20.888631+00:00,native_windows_x86_64,NATIVE_SOFTWARE,x86_64,"AMD64 Family 23 Model 96 Stepping 1, AuthenticAMD",12,7598,Windows-11-10.0.26200-SP0,N/A (prebuilt Python extension wheel),N/A,N/A (prebuilt wheel),pqcrypto,0.4.0,ML-KEM-768,decapsulation,74,68900,,True,
d7fff568-167f-493a-a0a4-a1951de7ce0b,2c3aeb11-0975-4471-b3a2-4847e2a502eb,2026-08-12T16:53:20.888740+00:00,native_windows_x86_64,NATIVE_SOFTWARE,x86_64,"AMD64 Family 23 Model 96 Stepping 1, AuthenticAMD",12,7598,Windows-11-10.0.26200-SP0,N/A (prebuilt Python extension wheel),N/A,N/A (prebuilt wheel),pqcrypto,0.4.0,ML-KEM-768,keygen,75,170400,,True,
d7fff568-167f-493a-a0a4-a1951de7ce0b,2c3aeb11-0975-4471-b3a2-4847e2a502eb,2026-08-12T16:53:20.889127+00:00,native_windows_x86_64,NATIVE_SOFTWARE,x86_64,"AMD64 Family 23 Model 96 Stepping 1, AuthenticAMD",12,7598,Windows-11-10.0.26200-SP0,N/A (prebuilt Python extension wheel),N/A,N/A (prebuilt wheel),pqcrypto,0.4.0,ML-KEM-768,encapsulation,75,171200,,True,
d7fff568-167f-493a-a0a4-a1951de7ce0b,2c3aeb11-0975-4471-b3a2-4847e2a502eb,2026-08-12T16:53:20.889356+00:00,native_windows_x86_64,NATIVE_SOFTWARE,x86_64,"AMD64 Family 23 Model 96 Stepping 1, AuthenticAMD",12,7598,Windows-11-10.0.26200-SP0,N/A (prebuilt Python extension wheel),N/A,N/A (prebuilt wheel),pqcrypto,0.4.0,ML-KEM-768,decapsulation,75,67800,,True,
d7fff568-167f-493a-a0a4-a1951de7ce0b,2c3aeb11-0975-4471-b3a2-4847e2a502eb,2026-08-12T16:53:20.889464+00:00,native_windows_x86_64,NATIVE_SOFTWARE,x86_64,"AMD64 Family 23 Model 96 Stepping 1, AuthenticAMD",12,7598,Windows-11-10.0.26200-SP0,N/A (prebuilt Python extension wheel),N/A,N/A (prebuilt wheel),pqcrypto,0.4.0,ML-KEM-768,keygen,76,170700,,True,
d7fff568-167f-493a-a0a4-a1951de7ce0b,2c3aeb11-0975-4471-b3a2-4847e2a502eb,2026-08-12T16:53:20.889854+00:00,native_windows_x86_64,NATIVE_SOFTWARE,x86_64,"AMD64 Family 23 Model 96 Stepping 1, AuthenticAMD",12,7598,Windows-11-10.0.26200-SP0,N/A (prebuilt Python extension wheel),N/A,N/A (prebuilt wheel),pqcrypto,0.4.0,ML-KEM-768,encapsulation,76,174600,,True,
d7fff568-167f-493a-a0a4-a1951de7ce0b,2c3aeb11-0975-4471-b3a2-4847e2a502eb,2026-08-12T16:53:20.890083+00:00,native_windows_x86_64,NATIVE_SOFTWARE,x86_64,"AMD64 Family 23 Model 96 Stepping 1, AuthenticAMD",12,7598,Windows-11-10.0.26200-SP0,N/A (prebuilt Python extension wheel),N/A,N/A (prebuilt wheel),pqcrypto,0.4.0,ML-KEM-768,decapsulation,76,68900,,True,
d7fff568-167f-493a-a0a4-a1951de7ce0b,2c3aeb11-0975-4471-b3a2-4847e2a502eb,2026-08-12T16:53:20.890192+00:00,native_windows_x86_64,NATIVE_SOFTWARE,x86_64,"AMD64 Family 23 Model 96 Stepping 1, AuthenticAMD",12,7598,Windows-11-10.0.26200-SP0,N/A (prebuilt Python extension wheel),N/A,N/A (prebuilt wheel),pqcrypto,0.4.0,ML-KEM-768,keygen,77,174800,,True,
d7fff568-167f-493a-a0a4-a1951de7ce0b,2c3aeb11-0975-4471-b3a2-4847e2a502eb,2026-08-12T16:53:20.890581+00:00,native_windows_x86_64,NATIVE_SOFTWARE,x86_64,"AMD64 Family 23 Model 96 Stepping 1, AuthenticAMD",12,7598,Windows-11-10.0.26200-SP0,N/A (prebuilt Python extension wheel),N/A,N/A (prebuilt wheel),pqcrypto,0.4.0,ML-KEM-768,encapsulation,77,169200,,True,
d7fff568-167f-493a-a0a4-a1951de7ce0b,2c3aeb11-0975-4471-b3a2-4847e2a502eb,2026-08-12T16:53:20.890801+00:00,native_windows_x86_64,NATIVE_SOFTWARE,x86_64,"AMD64 Family 23 Model 96 Stepping 1, AuthenticAMD",12,7598,Windows-11-10.0.26200-SP0,N/A (prebuilt Python extension wheel),N/A,N/A (prebuilt wheel),pqcrypto,0.4.0,ML-KEM-768,decapsulation,77,68000,,True,
d7fff568-167f-493a-a0a4-a1951de7ce0b,2c3aeb11-0975-4471-b3a2-4847e2a502eb,2026-08-12T16:53:20.890909+00:00,native_windows_x86_64,NATIVE_SOFTWARE,x86_64,"AMD64 Family 23 Model 96 Stepping 1, AuthenticAMD",12,7598,Windows-11-10.0.26200-SP0,N/A (prebuilt Python extension wheel),N/A,N/A (prebuilt wheel),pqcrypto,0.4.0,ML-KEM-768,keygen,78,171200,,True,
d7fff568-167f-493a-a0a4-a1951de7ce0b,2c3aeb11-0975-4471-b3a2-4847e2a502eb,2026-08-12T16:53:20.891695+00:00,native_windows_x86_64,NATIVE_SOFTWARE,x86_64,"AMD64 Family 23 Model 96 Stepping 1, AuthenticAMD",12,7598,Windows-11-10.0.26200-SP0,N/A (prebuilt Python extension wheel),N/A,N/A (prebuilt wheel),pqcrypto,0.4.0,ML-KEM-768,encapsulation,78,189600,,True,
d7fff568-167f-493a-a0a4-a1951de7ce0b,2c3aeb11-0975-4471-b3a2-4847e2a502eb,2026-08-12T16:53:20.891953+00:00,native_windows_x86_64,NATIVE_SOFTWARE,x86_64,"AMD64 Family 23 Model 96 Stepping 1, AuthenticAMD",12,7598,Windows-11-10.0.26200-SP0,N/A (prebuilt Python extension wheel),N/A,N/A (prebuilt wheel),pqcrypto,0.4.0,ML-KEM-768,decapsulation,78,69500,,True,
d7fff568-167f-493a-a0a4-a1951de7ce0b,2c3aeb11-0975-4471-b3a2-4847e2a502eb,2026-08-12T16:53:20.892062+00:00,native_windows_x86_64,NATIVE_SOFTWARE,x86_64,"AMD64 Family 23 Model 96 Stepping 1, AuthenticAMD",12,7598,Windows-11-10.0.26200-SP0,N/A (prebuilt Python extension wheel),N/A,N/A (prebuilt wheel),pqcrypto,0.4.0,ML-KEM-768,keygen,79,176100,,True,
d7fff568-167f-493a-a0a4-a1951de7ce0b,2c3aeb11-0975-4471-b3a2-4847e2a502eb,2026-08-12T16:53:20.892456+00:00,native_windows_x86_64,NATIVE_SOFTWARE,x86_64,"AMD64 Family 23 Model 96 Stepping 1, AuthenticAMD",12,7598,Windows-11-10.0.26200-SP0,N/A (prebuilt Python extension wheel),N/A,N/A (prebuilt wheel),pqcrypto,0.4.0,ML-KEM-768,encapsulation,79,171600,,True,
d7fff568-167f-493a-a0a4-a1951de7ce0b,2c3aeb11-0975-4471-b3a2-4847e2a502eb,2026-08-12T16:53:20.892677+00:00,native_windows_x86_64,NATIVE_SOFTWARE,x86_64,"AMD64 Family 23 Model 96 Stepping 1, AuthenticAMD",12,7598,Windows-11-10.0.26200-SP0,N/A (prebuilt Python extension wheel),N/A,N/A (prebuilt wheel),pqcrypto,0.4.0,ML-KEM-768,decapsulation,79,67800,,True,
d7fff568-167f-493a-a0a4-a1951de7ce0b,2c3aeb11-0975-4471-b3a2-4847e2a502eb,2026-08-12T16:53:20.892785+00:00,native_windows_x86_64,NATIVE_SOFTWARE,x86_64,"AMD64 Family 23 Model 96 Stepping 1, AuthenticAMD",12,7598,Windows-11-10.0.26200-SP0,N/A (prebuilt Python extension wheel),N/A,N/A (prebuilt wheel),pqcrypto,0.4.0,ML-KEM-768,keygen,80,197900,,True,
d7fff568-167f-493a-a0a4-a1951de7ce0b,2c3aeb11-0975-4471-b3a2-4847e2a502eb,2026-08-12T16:53:20.893201+00:00,native_windows_x86_64,NATIVE_SOFTWARE,x86_64,"AMD64 Family 23 Model 96 Stepping 1, AuthenticAMD",12,7598,Windows-11-10.0.26200-SP0,N/A (prebuilt Python extension wheel),N/A,N/A (prebuilt wheel),pqcrypto,0.4.0,ML-KEM-768,encapsulation,80,170700,,True,
d7fff568-167f-493a-a0a4-a1951de7ce0b,2c3aeb11-0975-4471-b3a2-4847e2a502eb,2026-08-12T16:53:20.893423+00:00,native_windows_x86_64,NATIVE_SOFTWARE,x86_64,"AMD64 Family 23 Model 96 Stepping 1, AuthenticAMD",12,7598,Windows-11-10.0.26200-SP0,N/A (prebuilt Python extension wheel),N/A,N/A (prebuilt wheel),pqcrypto,0.4.0,ML-KEM-768,decapsulation,80,67800,,True,
d7fff568-167f-493a-a0a4-a1951de7ce0b,2c3aeb11-0975-4471-b3a2-4847e2a502eb,2026-08-12T16:53:20.893530+00:00,native_windows_x86_64,NATIVE_SOFTWARE,x86_64,"AMD64 Family 23 Model 96 Stepping 1, AuthenticAMD",12,7598,Windows-11-10.0.26200-SP0,N/A (prebuilt Python extension wheel),N/A,N/A (prebuilt wheel),pqcrypto,0.4.0,ML-KEM-768,keygen,81,170900,,True,
d7fff568-167f-493a-a0a4-a1951de7ce0b,2c3aeb11-0975-4471-b3a2-4847e2a502eb,2026-08-12T16:53:20.893921+00:00,native_windows_x86_64,NATIVE_SOFTWARE,x86_64,"AMD64 Family 23 Model 96 Stepping 1, AuthenticAMD",12,7598,Windows-11-10.0.26200-SP0,N/A (prebuilt Python extension wheel),N/A,N/A (prebuilt wheel),pqcrypto,0.4.0,ML-KEM-768,encapsulation,81,169100,,True,
d7fff568-167f-493a-a0a4-a1951de7ce0b,2c3aeb11-0975-4471-b3a2-4847e2a502eb,2026-08-12T16:53:20.894140+00:00,native_windows_x86_64,NATIVE_SOFTWARE,x86_64,"AMD64 Family 23 Model 96 Stepping 1, AuthenticAMD",12,7598,Windows-11-10.0.26200-SP0,N/A (prebuilt Python extension wheel),N/A,N/A (prebuilt wheel),pqcrypto,0.4.0,ML-KEM-768,decapsulation,81,71200,,True,
d7fff568-167f-493a-a0a4-a1951de7ce0b,2c3aeb11-0975-4471-b3a2-4847e2a502eb,2026-08-12T16:53:20.894251+00:00,native_windows_x86_64,NATIVE_SOFTWARE,x86_64,"AMD64 Family 23 Model 96 Stepping 1, AuthenticAMD",12,7598,Windows-11-10.0.26200-SP0,N/A (prebuilt Python extension wheel),N/A,N/A (prebuilt wheel),pqcrypto,0.4.0,ML-KEM-768,keygen,82,171900,,True,
d7fff568-167f-493a-a0a4-a1951de7ce0b,2c3aeb11-0975-4471-b3a2-4847e2a502eb,2026-08-12T16:53:20.894640+00:00,native_windows_x86_64,NATIVE_SOFTWARE,x86_64,"AMD64 Family 23 Model 96 Stepping 1, AuthenticAMD",12,7598,Windows-11-10.0.26200-SP0,N/A (prebuilt Python extension wheel),N/A,N/A (prebuilt wheel),pqcrypto,0.4.0,ML-KEM-768,encapsulation,82,170300,,True,
d7fff568-167f-493a-a0a4-a1951de7ce0b,2c3aeb11-0975-4471-b3a2-4847e2a502eb,2026-08-12T16:53:20.894862+00:00,native_windows_x86_64,NATIVE_SOFTWARE,x86_64,"AMD64 Family 23 Model 96 Stepping 1, AuthenticAMD",12,7598,Windows-11-10.0.26200-SP0,N/A (prebuilt Python extension wheel),N/A,N/A (prebuilt wheel),pqcrypto,0.4.0,ML-KEM-768,decapsulation,82,67700,,True,
d7fff568-167f-493a-a0a4-a1951de7ce0b,2c3aeb11-0975-4471-b3a2-4847e2a502eb,2026-08-12T16:53:20.894969+00:00,native_windows_x86_64,NATIVE_SOFTWARE,x86_64,"AMD64 Family 23 Model 96 Stepping 1, AuthenticAMD",12,7598,Windows-11-10.0.26200-SP0,N/A (prebuilt Python extension wheel),N/A,N/A (prebuilt wheel),pqcrypto,0.4.0,ML-KEM-768,keygen,83,170900,,True,
d7fff568-167f-493a-a0a4-a1951de7ce0b,2c3aeb11-0975-4471-b3a2-4847e2a502eb,2026-08-12T16:53:20.895356+00:00,native_windows_x86_64,NATIVE_SOFTWARE,x86_64,"AMD64 Family 23 Model 96 Stepping 1, AuthenticAMD",12,7598,Windows-11-10.0.26200-SP0,N/A (prebuilt Python extension wheel),N/A,N/A (prebuilt wheel),pqcrypto,0.4.0,ML-KEM-768,encapsulation,83,183000,,True,
d7fff568-167f-493a-a0a4-a1951de7ce0b,2c3aeb11-0975-4471-b3a2-4847e2a502eb,2026-08-12T16:53:20.895591+00:00,native_windows_x86_64,NATIVE_SOFTWARE,x86_64,"AMD64 Family 23 Model 96 Stepping 1, AuthenticAMD",12,7598,Windows-11-10.0.26200-SP0,N/A (prebuilt Python extension wheel),N/A,N/A (prebuilt wheel),pqcrypto,0.4.0,ML-KEM-768,decapsulation,83,68000,,True,
d7fff568-167f-493a-a0a4-a1951de7ce0b,2c3aeb11-0975-4471-b3a2-4847e2a502eb,2026-08-12T16:53:20.895699+00:00,native_windows_x86_64,NATIVE_SOFTWARE,x86_64,"AMD64 Family 23 Model 96 Stepping 1, AuthenticAMD",12,7598,Windows-11-10.0.26200-SP0,N/A (prebuilt Python extension wheel),N/A,N/A (prebuilt wheel),pqcrypto,0.4.0,ML-KEM-768,keygen,84,174500,,True,
d7fff568-167f-493a-a0a4-a1951de7ce0b,2c3aeb11-0975-4471-b3a2-4847e2a502eb,2026-08-12T16:53:20.896090+00:00,native_windows_x86_64,NATIVE_SOFTWARE,x86_64,"AMD64 Family 23 Model 96 Stepping 1, AuthenticAMD",12,7598,Windows-11-10.0.26200-SP0,N/A (prebuilt Python extension wheel),N/A,N/A (prebuilt wheel),pqcrypto,0.4.0,ML-KEM-768,encapsulation,84,172700,,True,
d7fff568-167f-493a-a0a4-a1951de7ce0b,2c3aeb11-0975-4471-b3a2-4847e2a502eb,2026-08-12T16:53:20.896313+00:00,native_windows_x86_64,NATIVE_SOFTWARE,x86_64,"AMD64 Family 23 Model 96 Stepping 1, AuthenticAMD",12,7598,Windows-11-10.0.26200-SP0,N/A (prebuilt Python extension wheel),N/A,N/A (prebuilt wheel),pqcrypto,0.4.0,ML-KEM-768,decapsulation,84,68700,,True,
d7fff568-167f-493a-a0a4-a1951de7ce0b,2c3aeb11-0975-4471-b3a2-4847e2a502eb,2026-08-12T16:53:20.896422+00:00,native_windows_x86_64,NATIVE_SOFTWARE,x86_64,"AMD64 Family 23 Model 96 Stepping 1, AuthenticAMD",12,7598,Windows-11-10.0.26200-SP0,N/A (prebuilt Python extension wheel),N/A,N/A (prebuilt wheel),pqcrypto,0.4.0,ML-KEM-768,keygen,85,171200,,True,
d7fff568-167f-493a-a0a4-a1951de7ce0b,2c3aeb11-0975-4471-b3a2-4847e2a502eb,2026-08-12T16:53:20.896808+00:00,native_windows_x86_64,NATIVE_SOFTWARE,x86_64,"AMD64 Family 23 Model 96 Stepping 1, AuthenticAMD",12,7598,Windows-11-10.0.26200-SP0,N/A (prebuilt Python extension wheel),N/A,N/A (prebuilt wheel),pqcrypto,0.4.0,ML-KEM-768,encapsulation,85,213600,,True,
d7fff568-167f-493a-a0a4-a1951de7ce0b,2c3aeb11-0975-4471-b3a2-4847e2a502eb,2026-08-12T16:53:20.897074+00:00,native_windows_x86_64,NATIVE_SOFTWARE,x86_64,"AMD64 Family 23 Model 96 Stepping 1, AuthenticAMD",12,7598,Windows-11-10.0.26200-SP0,N/A (prebuilt Python extension wheel),N/A,N/A (prebuilt wheel),pqcrypto,0.4.0,ML-KEM-768,decapsulation,85,75300,,True,
d7fff568-167f-493a-a0a4-a1951de7ce0b,2c3aeb11-0975-4471-b3a2-4847e2a502eb,2026-08-12T16:53:20.897189+00:00,native_windows_x86_64,NATIVE_SOFTWARE,x86_64,"AMD64 Family 23 Model 96 Stepping 1, AuthenticAMD",12,7598,Windows-11-10.0.26200-SP0,N/A (prebuilt Python extension wheel),N/A,N/A (prebuilt wheel),pqcrypto,0.4.0,ML-KEM-768,keygen,86,178400,,True,
d7fff568-167f-493a-a0a4-a1951de7ce0b,2c3aeb11-0975-4471-b3a2-4847e2a502eb,2026-08-12T16:53:20.897582+00:00,native_windows_x86_64,NATIVE_SOFTWARE,x86_64,"AMD64 Family 23 Model 96 Stepping 1, AuthenticAMD",12,7598,Windows-11-10.0.26200-SP0,N/A (prebuilt Python extension wheel),N/A,N/A (prebuilt wheel),pqcrypto,0.4.0,ML-KEM-768,encapsulation,86,169300,,True,
d7fff568-167f-493a-a0a4-a1951de7ce0b,2c3aeb11-0975-4471-b3a2-4847e2a502eb,2026-08-12T16:53:20.897806+00:00,native_windows_x86_64,NATIVE_SOFTWARE,x86_64,"AMD64 Family 23 Model 96 Stepping 1, AuthenticAMD",12,7598,Windows-11-10.0.26200-SP0,N/A (prebuilt Python extension wheel),N/A,N/A (prebuilt wheel),pqcrypto,0.4.0,ML-KEM-768,decapsulation,86,67800,,True,
d7fff568-167f-493a-a0a4-a1951de7ce0b,2c3aeb11-0975-4471-b3a2-4847e2a502eb,2026-08-12T16:53:20.897913+00:00,native_windows_x86_64,NATIVE_SOFTWARE,x86_64,"AMD64 Family 23 Model 96 Stepping 1, AuthenticAMD",12,7598,Windows-11-10.0.26200-SP0,N/A (prebuilt Python extension wheel),N/A,N/A (prebuilt wheel),pqcrypto,0.4.0,ML-KEM-768,keygen,87,172400,,True,
d7fff568-167f-493a-a0a4-a1951de7ce0b,2c3aeb11-0975-4471-b3a2-4847e2a502eb,2026-08-12T16:53:20.898306+00:00,native_windows_x86_64,NATIVE_SOFTWARE,x86_64,"AMD64 Family 23 Model 96 Stepping 1, AuthenticAMD",12,7598,Windows-11-10.0.26200-SP0,N/A (prebuilt Python extension wheel),N/A,N/A (prebuilt wheel),pqcrypto,0.4.0,ML-KEM-768,encapsulation,87,169300,,True,
d7fff568-167f-493a-a0a4-a1951de7ce0b,2c3aeb11-0975-4471-b3a2-4847e2a502eb,2026-08-12T16:53:20.898527+00:00,native_windows_x86_64,NATIVE_SOFTWARE,x86_64,"AMD64 Family 23 Model 96 Stepping 1, AuthenticAMD",12,7598,Windows-11-10.0.26200-SP0,N/A (prebuilt Python extension wheel),N/A,N/A (prebuilt wheel),pqcrypto,0.4.0,ML-KEM-768,decapsulation,87,67900,,True,
d7fff568-167f-493a-a0a4-a1951de7ce0b,2c3aeb11-0975-4471-b3a2-4847e2a502eb,2026-08-12T16:53:20.898635+00:00,native_windows_x86_64,NATIVE_SOFTWARE,x86_64,"AMD64 Family 23 Model 96 Stepping 1, AuthenticAMD",12,7598,Windows-11-10.0.26200-SP0,N/A (prebuilt Python extension wheel),N/A,N/A (prebuilt wheel),pqcrypto,0.4.0,ML-KEM-768,keygen,88,170100,,True,
d7fff568-167f-493a-a0a4-a1951de7ce0b,2c3aeb11-0975-4471-b3a2-4847e2a502eb,2026-08-12T16:53:20.899020+00:00,native_windows_x86_64,NATIVE_SOFTWARE,x86_64,"AMD64 Family 23 Model 96 Stepping 1, AuthenticAMD",12,7598,Windows-11-10.0.26200-SP0,N/A (prebuilt Python extension wheel),N/A,N/A (prebuilt wheel),pqcrypto,0.4.0,ML-KEM-768,encapsulation,88,169300,,True,
d7fff568-167f-493a-a0a4-a1951de7ce0b,2c3aeb11-0975-4471-b3a2-4847e2a502eb,2026-08-12T16:53:20.899240+00:00,native_windows_x86_64,NATIVE_SOFTWARE,x86_64,"AMD64 Family 23 Model 96 Stepping 1, AuthenticAMD",12,7598,Windows-11-10.0.26200-SP0,N/A (prebuilt Python extension wheel),N/A,N/A (prebuilt wheel),pqcrypto,0.4.0,ML-KEM-768,decapsulation,88,67900,,True,
d7fff568-167f-493a-a0a4-a1951de7ce0b,2c3aeb11-0975-4471-b3a2-4847e2a502eb,2026-08-12T16:53:20.899349+00:00,native_windows_x86_64,NATIVE_SOFTWARE,x86_64,"AMD64 Family 23 Model 96 Stepping 1, AuthenticAMD",12,7598,Windows-11-10.0.26200-SP0,N/A (prebuilt Python extension wheel),N/A,N/A (prebuilt wheel),pqcrypto,0.4.0,ML-KEM-768,keygen,89,169800,,True,
d7fff568-167f-493a-a0a4-a1951de7ce0b,2c3aeb11-0975-4471-b3a2-4847e2a502eb,2026-08-12T16:53:20.899734+00:00,native_windows_x86_64,NATIVE_SOFTWARE,x86_64,"AMD64 Family 23 Model 96 Stepping 1, AuthenticAMD",12,7598,Windows-11-10.0.26200-SP0,N/A (prebuilt Python extension wheel),N/A,N/A (prebuilt wheel),pqcrypto,0.4.0,ML-KEM-768,encapsulation,89,174600,,True,
d7fff568-167f-493a-a0a4-a1951de7ce0b,2c3aeb11-0975-4471-b3a2-4847e2a502eb,2026-08-12T16:53:20.899960+00:00,native_windows_x86_64,NATIVE_SOFTWARE,x86_64,"AMD64 Family 23 Model 96 Stepping 1, AuthenticAMD",12,7598,Windows-11-10.0.26200-SP0,N/A (prebuilt Python extension wheel),N/A,N/A (prebuilt wheel),pqcrypto,0.4.0,ML-KEM-768,decapsulation,89,67900,,True,
d7fff568-167f-493a-a0a4-a1951de7ce0b,2c3aeb11-0975-4471-b3a2-4847e2a502eb,2026-08-12T16:53:20.900068+00:00,native_windows_x86_64,NATIVE_SOFTWARE,x86_64,"AMD64 Family 23 Model 96 Stepping 1, AuthenticAMD",12,7598,Windows-11-10.0.26200-SP0,N/A (prebuilt Python extension wheel),N/A,N/A (prebuilt wheel),pqcrypto,0.4.0,ML-KEM-768,keygen,90,174000,,True,
d7fff568-167f-493a-a0a4-a1951de7ce0b,2c3aeb11-0975-4471-b3a2-4847e2a502eb,2026-08-12T16:53:20.900458+00:00,native_windows_x86_64,NATIVE_SOFTWARE,x86_64,"AMD64 Family 23 Model 96 Stepping 1, AuthenticAMD",12,7598,Windows-11-10.0.26200-SP0,N/A (prebuilt Python extension wheel),N/A,N/A (prebuilt wheel),pqcrypto,0.4.0,ML-KEM-768,encapsulation,90,183200,,True,
d7fff568-167f-493a-a0a4-a1951de7ce0b,2c3aeb11-0975-4471-b3a2-4847e2a502eb,2026-08-12T16:53:20.900693+00:00,native_windows_x86_64,NATIVE_SOFTWARE,x86_64,"AMD64 Family 23 Model 96 Stepping 1, AuthenticAMD",12,7598,Windows-11-10.0.26200-SP0,N/A (prebuilt Python extension wheel),N/A,N/A (prebuilt wheel),pqcrypto,0.4.0,ML-KEM-768,decapsulation,90,68400,,True,
d7fff568-167f-493a-a0a4-a1951de7ce0b,2c3aeb11-0975-4471-b3a2-4847e2a502eb,2026-08-12T16:53:20.900802+00:00,native_windows_x86_64,NATIVE_SOFTWARE,x86_64,"AMD64 Family 23 Model 96 Stepping 1, AuthenticAMD",12,7598,Windows-11-10.0.26200-SP0,N/A (prebuilt Python extension wheel),N/A,N/A (prebuilt wheel),pqcrypto,0.4.0,ML-KEM-768,keygen,91,170500,,True,
d7fff568-167f-493a-a0a4-a1951de7ce0b,2c3aeb11-0975-4471-b3a2-4847e2a502eb,2026-08-12T16:53:20.901188+00:00,native_windows_x86_64,NATIVE_SOFTWARE,x86_64,"AMD64 Family 23 Model 96 Stepping 1, AuthenticAMD",12,7598,Windows-11-10.0.26200-SP0,N/A (prebuilt Python extension wheel),N/A,N/A (prebuilt wheel),pqcrypto,0.4.0,ML-KEM-768,encapsulation,91,168400,,True,
d7fff568-167f-493a-a0a4-a1951de7ce0b,2c3aeb11-0975-4471-b3a2-4847e2a502eb,2026-08-12T16:53:20.901407+00:00,native_windows_x86_64,NATIVE_SOFTWARE,x86_64,"AMD64 Family 23 Model 96 Stepping 1, AuthenticAMD",12,7598,Windows-11-10.0.26200-SP0,N/A (prebuilt Python extension wheel),N/A,N/A (prebuilt wheel),pqcrypto,0.4.0,ML-KEM-768,decapsulation,91,67700,,True,
d7fff568-167f-493a-a0a4-a1951de7ce0b,2c3aeb11-0975-4471-b3a2-4847e2a502eb,2026-08-12T16:53:20.901516+00:00,native_windows_x86_64,NATIVE_SOFTWARE,x86_64,"AMD64 Family 23 Model 96 Stepping 1, AuthenticAMD",12,7598,Windows-11-10.0.26200-SP0,N/A (prebuilt Python extension wheel),N/A,N/A (prebuilt wheel),pqcrypto,0.4.0,ML-KEM-768,keygen,92,172200,,True,
d7fff568-167f-493a-a0a4-a1951de7ce0b,2c3aeb11-0975-4471-b3a2-4847e2a502eb,2026-08-12T16:53:20.901906+00:00,native_windows_x86_64,NATIVE_SOFTWARE,x86_64,"AMD64 Family 23 Model 96 Stepping 1, AuthenticAMD",12,7598,Windows-11-10.0.26200-SP0,N/A (prebuilt Python extension wheel),N/A,N/A (prebuilt wheel),pqcrypto,0.4.0,ML-KEM-768,encapsulation,92,172600,,True,
d7fff568-167f-493a-a0a4-a1951de7ce0b,2c3aeb11-0975-4471-b3a2-4847e2a502eb,2026-08-12T16:53:20.902129+00:00,native_windows_x86_64,NATIVE_SOFTWARE,x86_64,"AMD64 Family 23 Model 96 Stepping 1, AuthenticAMD",12,7598,Windows-11-10.0.26200-SP0,N/A (prebuilt Python extension wheel),N/A,N/A (prebuilt wheel),pqcrypto,0.4.0,ML-KEM-768,decapsulation,92,68600,,True,
d7fff568-167f-493a-a0a4-a1951de7ce0b,2c3aeb11-0975-4471-b3a2-4847e2a502eb,2026-08-12T16:53:20.902238+00:00,native_windows_x86_64,NATIVE_SOFTWARE,x86_64,"AMD64 Family 23 Model 96 Stepping 1, AuthenticAMD",12,7598,Windows-11-10.0.26200-SP0,N/A (prebuilt Python extension wheel),N/A,N/A (prebuilt wheel),pqcrypto,0.4.0,ML-KEM-768,keygen,93,191600,,True,
d7fff568-167f-493a-a0a4-a1951de7ce0b,2c3aeb11-0975-4471-b3a2-4847e2a502eb,2026-08-12T16:53:20.902645+00:00,native_windows_x86_64,NATIVE_SOFTWARE,x86_64,"AMD64 Family 23 Model 96 Stepping 1, AuthenticAMD",12,7598,Windows-11-10.0.26200-SP0,N/A (prebuilt Python extension wheel),N/A,N/A (prebuilt wheel),pqcrypto,0.4.0,ML-KEM-768,encapsulation,93,174100,,True,
d7fff568-167f-493a-a0a4-a1951de7ce0b,2c3aeb11-0975-4471-b3a2-4847e2a502eb,2026-08-12T16:53:20.902870+00:00,native_windows_x86_64,NATIVE_SOFTWARE,x86_64,"AMD64 Family 23 Model 96 Stepping 1, AuthenticAMD",12,7598,Windows-11-10.0.26200-SP0,N/A (prebuilt Python extension wheel),N/A,N/A (prebuilt wheel),pqcrypto,0.4.0,ML-KEM-768,decapsulation,93,67800,,True,
d7fff568-167f-493a-a0a4-a1951de7ce0b,2c3aeb11-0975-4471-b3a2-4847e2a502eb,2026-08-12T16:53:20.902978+00:00,native_windows_x86_64,NATIVE_SOFTWARE,x86_64,"AMD64 Family 23 Model 96 Stepping 1, AuthenticAMD",12,7598,Windows-11-10.0.26200-SP0,N/A (prebuilt Python extension wheel),N/A,N/A (prebuilt wheel),pqcrypto,0.4.0,ML-KEM-768,keygen,94,173100,,True,
d7fff568-167f-493a-a0a4-a1951de7ce0b,2c3aeb11-0975-4471-b3a2-4847e2a502eb,2026-08-12T16:53:20.903380+00:00,native_windows_x86_64,NATIVE_SOFTWARE,x86_64,"AMD64 Family 23 Model 96 Stepping 1, AuthenticAMD",12,7598,Windows-11-10.0.26200-SP0,N/A (prebuilt Python extension wheel),N/A,N/A (prebuilt wheel),pqcrypto,0.4.0,ML-KEM-768,encapsulation,94,171200,,True,
d7fff568-167f-493a-a0a4-a1951de7ce0b,2c3aeb11-0975-4471-b3a2-4847e2a502eb,2026-08-12T16:53:20.903653+00:00,native_windows_x86_64,NATIVE_SOFTWARE,x86_64,"AMD64 Family 23 Model 96 Stepping 1, AuthenticAMD",12,7598,Windows-11-10.0.26200-SP0,N/A (prebuilt Python extension wheel),N/A,N/A (prebuilt wheel),pqcrypto,0.4.0,ML-KEM-768,decapsulation,94,68400,,True,
d7fff568-167f-493a-a0a4-a1951de7ce0b,2c3aeb11-0975-4471-b3a2-4847e2a502eb,2026-08-12T16:53:20.903762+00:00,native_windows_x86_64,NATIVE_SOFTWARE,x86_64,"AMD64 Family 23 Model 96 Stepping 1, AuthenticAMD",12,7598,Windows-11-10.0.26200-SP0,N/A (prebuilt Python extension wheel),N/A,N/A (prebuilt wheel),pqcrypto,0.4.0,ML-KEM-768,keygen,95,177800,,True,
d7fff568-167f-493a-a0a4-a1951de7ce0b,2c3aeb11-0975-4471-b3a2-4847e2a502eb,2026-08-12T16:53:20.904163+00:00,native_windows_x86_64,NATIVE_SOFTWARE,x86_64,"AMD64 Family 23 Model 96 Stepping 1, AuthenticAMD",12,7598,Windows-11-10.0.26200-SP0,N/A (prebuilt Python extension wheel),N/A,N/A (prebuilt wheel),pqcrypto,0.4.0,ML-KEM-768,encapsulation,95,170900,,True,
d7fff568-167f-493a-a0a4-a1951de7ce0b,2c3aeb11-0975-4471-b3a2-4847e2a502eb,2026-08-12T16:53:20.904385+00:00,native_windows_x86_64,NATIVE_SOFTWARE,x86_64,"AMD64 Family 23 Model 96 Stepping 1, AuthenticAMD",12,7598,Windows-11-10.0.26200-SP0,N/A (prebuilt Python extension wheel),N/A,N/A (prebuilt wheel),pqcrypto,0.4.0,ML-KEM-768,decapsulation,95,67800,,True,
d7fff568-167f-493a-a0a4-a1951de7ce0b,2c3aeb11-0975-4471-b3a2-4847e2a502eb,2026-08-12T16:53:20.904492+00:00,native_windows_x86_64,NATIVE_SOFTWARE,x86_64,"AMD64 Family 23 Model 96 Stepping 1, AuthenticAMD",12,7598,Windows-11-10.0.26200-SP0,N/A (prebuilt Python extension wheel),N/A,N/A (prebuilt wheel),pqcrypto,0.4.0,ML-KEM-768,keygen,96,171400,,True,
d7fff568-167f-493a-a0a4-a1951de7ce0b,2c3aeb11-0975-4471-b3a2-4847e2a502eb,2026-08-12T16:53:20.904879+00:00,native_windows_x86_64,NATIVE_SOFTWARE,x86_64,"AMD64 Family 23 Model 96 Stepping 1, AuthenticAMD",12,7598,Windows-11-10.0.26200-SP0,N/A (prebuilt Python extension wheel),N/A,N/A (prebuilt wheel),pqcrypto,0.4.0,ML-KEM-768,encapsulation,96,169300,,True,
d7fff568-167f-493a-a0a4-a1951de7ce0b,2c3aeb11-0975-4471-b3a2-4847e2a502eb,2026-08-12T16:53:20.905105+00:00,native_windows_x86_64,NATIVE_SOFTWARE,x86_64,"AMD64 Family 23 Model 96 Stepping 1, AuthenticAMD",12,7598,Windows-11-10.0.26200-SP0,N/A (prebuilt Python extension wheel),N/A,N/A (prebuilt wheel),pqcrypto,0.4.0,ML-KEM-768,decapsulation,96,71600,,True,
d7fff568-167f-493a-a0a4-a1951de7ce0b,2c3aeb11-0975-4471-b3a2-4847e2a502eb,2026-08-12T16:53:20.905218+00:00,native_windows_x86_64,NATIVE_SOFTWARE,x86_64,"AMD64 Family 23 Model 96 Stepping 1, AuthenticAMD",12,7598,Windows-11-10.0.26200-SP0,N/A (prebuilt Python extension wheel),N/A,N/A (prebuilt wheel),pqcrypto,0.4.0,ML-KEM-768,keygen,97,171300,,True,
d7fff568-167f-493a-a0a4-a1951de7ce0b,2c3aeb11-0975-4471-b3a2-4847e2a502eb,2026-08-12T16:53:20.905605+00:00,native_windows_x86_64,NATIVE_SOFTWARE,x86_64,"AMD64 Family 23 Model 96 Stepping 1, AuthenticAMD",12,7598,Windows-11-10.0.26200-SP0,N/A (prebuilt Python extension wheel),N/A,N/A (prebuilt wheel),pqcrypto,0.4.0,ML-KEM-768,encapsulation,97,169200,,True,
d7fff568-167f-493a-a0a4-a1951de7ce0b,2c3aeb11-0975-4471-b3a2-4847e2a502eb,2026-08-12T16:53:20.905829+00:00,native_windows_x86_64,NATIVE_SOFTWARE,x86_64,"AMD64 Family 23 Model 96 Stepping 1, AuthenticAMD",12,7598,Windows-11-10.0.26200-SP0,N/A (prebuilt Python extension wheel),N/A,N/A (prebuilt wheel),pqcrypto,0.4.0,ML-KEM-768,decapsulation,97,67900,,True,
d7fff568-167f-493a-a0a4-a1951de7ce0b,2c3aeb11-0975-4471-b3a2-4847e2a502eb,2026-08-12T16:53:20.905937+00:00,native_windows_x86_64,NATIVE_SOFTWARE,x86_64,"AMD64 Family 23 Model 96 Stepping 1, AuthenticAMD",12,7598,Windows-11-10.0.26200-SP0,N/A (prebuilt Python extension wheel),N/A,N/A (prebuilt wheel),pqcrypto,0.4.0,ML-KEM-768,keygen,98,171000,,True,
d7fff568-167f-493a-a0a4-a1951de7ce0b,2c3aeb11-0975-4471-b3a2-4847e2a502eb,2026-08-12T16:53:20.906330+00:00,native_windows_x86_64,NATIVE_SOFTWARE,x86_64,"AMD64 Family 23 Model 96 Stepping 1, AuthenticAMD",12,7598,Windows-11-10.0.26200-SP0,N/A (prebuilt Python extension wheel),N/A,N/A (prebuilt wheel),pqcrypto,0.4.0,ML-KEM-768,encapsulation,98,170000,,True,
d7fff568-167f-493a-a0a4-a1951de7ce0b,2c3aeb11-0975-4471-b3a2-4847e2a502eb,2026-08-12T16:53:20.906554+00:00,native_windows_x86_64,NATIVE_SOFTWARE,x86_64,"AMD64 Family 23 Model 96 Stepping 1, AuthenticAMD",12,7598,Windows-11-10.0.26200-SP0,N/A (prebuilt Python extension wheel),N/A,N/A (prebuilt wheel),pqcrypto,0.4.0,ML-KEM-768,decapsulation,98,68000,,True,
d7fff568-167f-493a-a0a4-a1951de7ce0b,2c3aeb11-0975-4471-b3a2-4847e2a502eb,2026-08-12T16:53:20.906665+00:00,native_windows_x86_64,NATIVE_SOFTWARE,x86_64,"AMD64 Family 23 Model 96 Stepping 1, AuthenticAMD",12,7598,Windows-11-10.0.26200-SP0,N/A (prebuilt Python extension wheel),N/A,N/A (prebuilt wheel),pqcrypto,0.4.0,ML-KEM-768,keygen,99,192600,,True,
d7fff568-167f-493a-a0a4-a1951de7ce0b,2c3aeb11-0975-4471-b3a2-4847e2a502eb,2026-08-12T16:53:20.907080+00:00,native_windows_x86_64,NATIVE_SOFTWARE,x86_64,"AMD64 Family 23 Model 96 Stepping 1, AuthenticAMD",12,7598,Windows-11-10.0.26200-SP0,N/A (prebuilt Python extension wheel),N/A,N/A (prebuilt wheel),pqcrypto,0.4.0,ML-KEM-768,encapsulation,99,180600,,True,
d7fff568-167f-493a-a0a4-a1951de7ce0b,2c3aeb11-0975-4471-b3a2-4847e2a502eb,2026-08-12T16:53:20.907317+00:00,native_windows_x86_64,NATIVE_SOFTWARE,x86_64,"AMD64 Family 23 Model 96 Stepping 1, AuthenticAMD",12,7598,Windows-11-10.0.26200-SP0,N/A (prebuilt Python extension wheel),N/A,N/A (prebuilt wheel),pqcrypto,0.4.0,ML-KEM-768,decapsulation,99,67500,,True,
d7fff568-167f-493a-a0a4-a1951de7ce0b,2c3aeb11-0975-4471-b3a2-4847e2a502eb,2026-08-12T16:53:20.907426+00:00,native_windows_x86_64,NATIVE_SOFTWARE,x86_64,"AMD64 Family 23 Model 96 Stepping 1, AuthenticAMD",12,7598,Windows-11-10.0.26200-SP0,N/A (prebuilt Python extension wheel),N/A,N/A (prebuilt wheel),pqcrypto,0.4.0,ML-KEM-768,keygen,100,170900,,True,
d7fff568-167f-493a-a0a4-a1951de7ce0b,2c3aeb11-0975-4471-b3a2-4847e2a502eb,2026-08-12T16:53:20.907815+00:00,native_windows_x86_64,NATIVE_SOFTWARE,x86_64,"AMD64 Family 23 Model 96 Stepping 1, AuthenticAMD",12,7598,Windows-11-10.0.26200-SP0,N/A (prebuilt Python extension wheel),N/A,N/A (prebuilt wheel),pqcrypto,0.4.0,ML-KEM-768,encapsulation,100,171100,,True,
d7fff568-167f-493a-a0a4-a1951de7ce0b,2c3aeb11-0975-4471-b3a2-4847e2a502eb,2026-08-12T16:53:20.908876+00:00,native_windows_x86_64,NATIVE_SOFTWARE,x86_64,"AMD64 Family 23 Model 96 Stepping 1, AuthenticAMD",12,7598,Windows-11-10.0.26200-SP0,N/A (prebuilt Python extension wheel),N/A,N/A (prebuilt wheel),pqcrypto,0.4.0,ML-KEM-768,decapsulation,100,74800,,True,
d7fff568-167f-493a-a0a4-a1951de7ce0b,2c3aeb11-0975-4471-b3a2-4847e2a502eb,2026-08-12T16:53:20.909007+00:00,native_windows_x86_64,NATIVE_SOFTWARE,x86_64,"AMD64 Family 23 Model 96 Stepping 1, AuthenticAMD",12,7598,Windows-11-10.0.26200-SP0,N/A (prebuilt Python extension wheel),N/A,N/A (prebuilt wheel),pqcrypto,0.4.0,ML-KEM-1024,keygen,1,286000,,True,
d7fff568-167f-493a-a0a4-a1951de7ce0b,2c3aeb11-0975-4471-b3a2-4847e2a502eb,2026-08-12T16:53:20.909552+00:00,native_windows_x86_64,NATIVE_SOFTWARE,x86_64,"AMD64 Family 23 Model 96 Stepping 1, AuthenticAMD",12,7598,Windows-11-10.0.26200-SP0,N/A (prebuilt Python extension wheel),N/A,N/A (prebuilt wheel),pqcrypto,0.4.0,ML-KEM-1024,encapsulation,1,211300,,True,
d7fff568-167f-493a-a0a4-a1951de7ce0b,2c3aeb11-0975-4471-b3a2-4847e2a502eb,2026-08-12T16:53:20.909826+00:00,native_windows_x86_64,NATIVE_SOFTWARE,x86_64,"AMD64 Family 23 Model 96 Stepping 1, AuthenticAMD",12,7598,Windows-11-10.0.26200-SP0,N/A (prebuilt Python extension wheel),N/A,N/A (prebuilt wheel),pqcrypto,0.4.0,ML-KEM-1024,decapsulation,1,102100,,True,
d7fff568-167f-493a-a0a4-a1951de7ce0b,2c3aeb11-0975-4471-b3a2-4847e2a502eb,2026-08-12T16:53:20.909969+00:00,native_windows_x86_64,NATIVE_SOFTWARE,x86_64,"AMD64 Family 23 Model 96 Stepping 1, AuthenticAMD",12,7598,Windows-11-10.0.26200-SP0,N/A (prebuilt Python extension wheel),N/A,N/A (prebuilt wheel),pqcrypto,0.4.0,ML-KEM-1024,keygen,2,201000,,True,
d7fff568-167f-493a-a0a4-a1951de7ce0b,2c3aeb11-0975-4471-b3a2-4847e2a502eb,2026-08-12T16:53:20.910413+00:00,native_windows_x86_64,NATIVE_SOFTWARE,x86_64,"AMD64 Family 23 Model 96 Stepping 1, AuthenticAMD",12,7598,Windows-11-10.0.26200-SP0,N/A (prebuilt Python extension wheel),N/A,N/A (prebuilt wheel),pqcrypto,0.4.0,ML-KEM-1024,encapsulation,2,200700,,True,
d7fff568-167f-493a-a0a4-a1951de7ce0b,2c3aeb11-0975-4471-b3a2-4847e2a502eb,2026-08-12T16:53:20.910664+00:00,native_windows_x86_64,NATIVE_SOFTWARE,x86_64,"AMD64 Family 23 Model 96 Stepping 1, AuthenticAMD",12,7598,Windows-11-10.0.26200-SP0,N/A (prebuilt Python extension wheel),N/A,N/A (prebuilt wheel),pqcrypto,0.4.0,ML-KEM-1024,decapsulation,2,98400,,True,
d7fff568-167f-493a-a0a4-a1951de7ce0b,2c3aeb11-0975-4471-b3a2-4847e2a502eb,2026-08-12T16:53:20.910803+00:00,native_windows_x86_64,NATIVE_SOFTWARE,x86_64,"AMD64 Family 23 Model 96 Stepping 1, AuthenticAMD",12,7598,Windows-11-10.0.26200-SP0,N/A (prebuilt Python extension wheel),N/A,N/A (prebuilt wheel),pqcrypto,0.4.0,ML-KEM-1024,keygen,3,197400,,True,
d7fff568-167f-493a-a0a4-a1951de7ce0b,2c3aeb11-0975-4471-b3a2-4847e2a502eb,2026-08-12T16:53:20.911246+00:00,native_windows_x86_64,NATIVE_SOFTWARE,x86_64,"AMD64 Family 23 Model 96 Stepping 1, AuthenticAMD",12,7598,Windows-11-10.0.26200-SP0,N/A (prebuilt Python extension wheel),N/A,N/A (prebuilt wheel),pqcrypto,0.4.0,ML-KEM-1024,encapsulation,3,235200,,True,
d7fff568-167f-493a-a0a4-a1951de7ce0b,2c3aeb11-0975-4471-b3a2-4847e2a502eb,2026-08-12T16:53:20.911533+00:00,native_windows_x86_64,NATIVE_SOFTWARE,x86_64,"AMD64 Family 23 Model 96 Stepping 1, AuthenticAMD",12,7598,Windows-11-10.0.26200-SP0,N/A (prebuilt Python extension wheel),N/A,N/A (prebuilt wheel),pqcrypto,0.4.0,ML-KEM-1024,decapsulation,3,97700,,True,
d7fff568-167f-493a-a0a4-a1951de7ce0b,2c3aeb11-0975-4471-b3a2-4847e2a502eb,2026-08-12T16:53:20.911671+00:00,native_windows_x86_64,NATIVE_SOFTWARE,x86_64,"AMD64 Family 23 Model 96 Stepping 1, AuthenticAMD",12,7598,Windows-11-10.0.26200-SP0,N/A (prebuilt Python extension wheel),N/A,N/A (prebuilt wheel),pqcrypto,0.4.0,ML-KEM-1024,keygen,4,202500,,True,
d7fff568-167f-493a-a0a4-a1951de7ce0b,2c3aeb11-0975-4471-b3a2-4847e2a502eb,2026-08-12T16:53:20.912126+00:00,native_windows_x86_64,NATIVE_SOFTWARE,x86_64,"AMD64 Family 23 Model 96 Stepping 1, AuthenticAMD",12,7598,Windows-11-10.0.26200-SP0,N/A (prebuilt Python extension wheel),N/A,N/A (prebuilt wheel),pqcrypto,0.4.0,ML-KEM-1024,encapsulation,4,205200,,True,
d7fff568-167f-493a-a0a4-a1951de7ce0b,2c3aeb11-0975-4471-b3a2-4847e2a502eb,2026-08-12T16:53:20.912382+00:00,native_windows_x86_64,NATIVE_SOFTWARE,x86_64,"AMD64 Family 23 Model 96 Stepping 1, AuthenticAMD",12,7598,Windows-11-10.0.26200-SP0,N/A (prebuilt Python extension wheel),N/A,N/A (prebuilt wheel),pqcrypto,0.4.0,ML-KEM-1024,decapsulation,4,98200,,True,
d7fff568-167f-493a-a0a4-a1951de7ce0b,2c3aeb11-0975-4471-b3a2-4847e2a502eb,2026-08-12T16:53:20.912521+00:00,native_windows_x86_64,NATIVE_SOFTWARE,x86_64,"AMD64 Family 23 Model 96 Stepping 1, AuthenticAMD",12,7598,Windows-11-10.0.26200-SP0,N/A (prebuilt Python extension wheel),N/A,N/A (prebuilt wheel),pqcrypto,0.4.0,ML-KEM-1024,keygen,5,207200,,True,
d7fff568-167f-493a-a0a4-a1951de7ce0b,2c3aeb11-0975-4471-b3a2-4847e2a502eb,2026-08-12T16:53:20.912969+00:00,native_windows_x86_64,NATIVE_SOFTWARE,x86_64,"AMD64 Family 23 Model 96 Stepping 1, AuthenticAMD",12,7598,Windows-11-10.0.26200-SP0,N/A (prebuilt Python extension wheel),N/A,N/A (prebuilt wheel),pqcrypto,0.4.0,ML-KEM-1024,encapsulation,5,198900,,True,
d7fff568-167f-493a-a0a4-a1951de7ce0b,2c3aeb11-0975-4471-b3a2-4847e2a502eb,2026-08-12T16:53:20.913219+00:00,native_windows_x86_64,NATIVE_SOFTWARE,x86_64,"AMD64 Family 23 Model 96 Stepping 1, AuthenticAMD",12,7598,Windows-11-10.0.26200-SP0,N/A (prebuilt Python extension wheel),N/A,N/A (prebuilt wheel),pqcrypto,0.4.0,ML-KEM-1024,decapsulation,5,98300,,True,
d7fff568-167f-493a-a0a4-a1951de7ce0b,2c3aeb11-0975-4471-b3a2-4847e2a502eb,2026-08-12T16:53:20.913358+00:00,native_windows_x86_64,NATIVE_SOFTWARE,x86_64,"AMD64 Family 23 Model 96 Stepping 1, AuthenticAMD",12,7598,Windows-11-10.0.26200-SP0,N/A (prebuilt Python extension wheel),N/A,N/A (prebuilt wheel),pqcrypto,0.4.0,ML-KEM-1024,keygen,6,196800,,True,
d7fff568-167f-493a-a0a4-a1951de7ce0b,2c3aeb11-0975-4471-b3a2-4847e2a502eb,2026-08-12T16:53:20.913809+00:00,native_windows_x86_64,NATIVE_SOFTWARE,x86_64,"AMD64 Family 23 Model 96 Stepping 1, AuthenticAMD",12,7598,Windows-11-10.0.26200-SP0,N/A (prebuilt Python extension wheel),N/A,N/A (prebuilt wheel),pqcrypto,0.4.0,ML-KEM-1024,encapsulation,6,197300,,True,
d7fff568-167f-493a-a0a4-a1951de7ce0b,2c3aeb11-0975-4471-b3a2-4847e2a502eb,2026-08-12T16:53:20.914057+00:00,native_windows_x86_64,NATIVE_SOFTWARE,x86_64,"AMD64 Family 23 Model 96 Stepping 1, AuthenticAMD",12,7598,Windows-11-10.0.26200-SP0,N/A (prebuilt Python extension wheel),N/A,N/A (prebuilt wheel),pqcrypto,0.4.0,ML-KEM-1024,decapsulation,6,98200,,True,
d7fff568-167f-493a-a0a4-a1951de7ce0b,2c3aeb11-0975-4471-b3a2-4847e2a502eb,2026-08-12T16:53:20.914198+00:00,native_windows_x86_64,NATIVE_SOFTWARE,x86_64,"AMD64 Family 23 Model 96 Stepping 1, AuthenticAMD",12,7598,Windows-11-10.0.26200-SP0,N/A (prebuilt Python extension wheel),N/A,N/A (prebuilt wheel),pqcrypto,0.4.0,ML-KEM-1024,keygen,7,202500,,True,
d7fff568-167f-493a-a0a4-a1951de7ce0b,2c3aeb11-0975-4471-b3a2-4847e2a502eb,2026-08-12T16:53:20.914654+00:00,native_windows_x86_64,NATIVE_SOFTWARE,x86_64,"AMD64 Family 23 Model 96 Stepping 1, AuthenticAMD",12,7598,Windows-11-10.0.26200-SP0,N/A (prebuilt Python extension wheel),N/A,N/A (prebuilt wheel),pqcrypto,0.4.0,ML-KEM-1024,encapsulation,7,199100,,True,
d7fff568-167f-493a-a0a4-a1951de7ce0b,2c3aeb11-0975-4471-b3a2-4847e2a502eb,2026-08-12T16:53:20.914911+00:00,native_windows_x86_64,NATIVE_SOFTWARE,x86_64,"AMD64 Family 23 Model 96 Stepping 1, AuthenticAMD",12,7598,Windows-11-10.0.26200-SP0,N/A (prebuilt Python extension wheel),N/A,N/A (prebuilt wheel),pqcrypto,0.4.0,ML-KEM-1024,decapsulation,7,98900,,True,
d7fff568-167f-493a-a0a4-a1951de7ce0b,2c3aeb11-0975-4471-b3a2-4847e2a502eb,2026-08-12T16:53:20.915053+00:00,native_windows_x86_64,NATIVE_SOFTWARE,x86_64,"AMD64 Family 23 Model 96 Stepping 1, AuthenticAMD",12,7598,Windows-11-10.0.26200-SP0,N/A (prebuilt Python extension wheel),N/A,N/A (prebuilt wheel),pqcrypto,0.4.0,ML-KEM-1024,keygen,8,211000,,True,
d7fff568-167f-493a-a0a4-a1951de7ce0b,2c3aeb11-0975-4471-b3a2-4847e2a502eb,2026-08-12T16:53:20.915506+00:00,native_windows_x86_64,NATIVE_SOFTWARE,x86_64,"AMD64 Family 23 Model 96 Stepping 1, AuthenticAMD",12,7598,Windows-11-10.0.26200-SP0,N/A (prebuilt Python extension wheel),N/A,N/A (prebuilt wheel),pqcrypto,0.4.0,ML-KEM-1024,encapsulation,8,195900,,True,
d7fff568-167f-493a-a0a4-a1951de7ce0b,2c3aeb11-0975-4471-b3a2-4847e2a502eb,2026-08-12T16:53:20.915752+00:00,native_windows_x86_64,NATIVE_SOFTWARE,x86_64,"AMD64 Family 23 Model 96 Stepping 1, AuthenticAMD",12,7598,Windows-11-10.0.26200-SP0,N/A (prebuilt Python extension wheel),N/A,N/A (prebuilt wheel),pqcrypto,0.4.0,ML-KEM-1024,decapsulation,8,101500,,True,
d7fff568-167f-493a-a0a4-a1951de7ce0b,2c3aeb11-0975-4471-b3a2-4847e2a502eb,2026-08-12T16:53:20.915895+00:00,native_windows_x86_64,NATIVE_SOFTWARE,x86_64,"AMD64 Family 23 Model 96 Stepping 1, AuthenticAMD",12,7598,Windows-11-10.0.26200-SP0,N/A (prebuilt Python extension wheel),N/A,N/A (prebuilt wheel),pqcrypto,0.4.0,ML-KEM-1024,keygen,9,195100,,True,
d7fff568-167f-493a-a0a4-a1951de7ce0b,2c3aeb11-0975-4471-b3a2-4847e2a502eb,2026-08-12T16:53:20.916334+00:00,native_windows_x86_64,NATIVE_SOFTWARE,x86_64,"AMD64 Family 23 Model 96 Stepping 1, AuthenticAMD",12,7598,Windows-11-10.0.26200-SP0,N/A (prebuilt Python extension wheel),N/A,N/A (prebuilt wheel),pqcrypto,0.4.0,ML-KEM-1024,encapsulation,9,197300,,True,
d7fff568-167f-493a-a0a4-a1951de7ce0b,2c3aeb11-0975-4471-b3a2-4847e2a502eb,2026-08-12T16:53:20.916582+00:00,native_windows_x86_64,NATIVE_SOFTWARE,x86_64,"AMD64 Family 23 Model 96 Stepping 1, AuthenticAMD",12,7598,Windows-11-10.0.26200-SP0,N/A (prebuilt Python extension wheel),N/A,N/A (prebuilt wheel),pqcrypto,0.4.0,ML-KEM-1024,decapsulation,9,97100,,True,
d7fff568-167f-493a-a0a4-a1951de7ce0b,2c3aeb11-0975-4471-b3a2-4847e2a502eb,2026-08-12T16:53:20.916719+00:00,native_windows_x86_64,NATIVE_SOFTWARE,x86_64,"AMD64 Family 23 Model 96 Stepping 1, AuthenticAMD",12,7598,Windows-11-10.0.26200-SP0,N/A (prebuilt Python extension wheel),N/A,N/A (prebuilt wheel),pqcrypto,0.4.0,ML-KEM-1024,keygen,10,195400,,True,
d7fff568-167f-493a-a0a4-a1951de7ce0b,2c3aeb11-0975-4471-b3a2-4847e2a502eb,2026-08-12T16:53:20.917153+00:00,native_windows_x86_64,NATIVE_SOFTWARE,x86_64,"AMD64 Family 23 Model 96 Stepping 1, AuthenticAMD",12,7598,Windows-11-10.0.26200-SP0,N/A (prebuilt Python extension wheel),N/A,N/A (prebuilt wheel),pqcrypto,0.4.0,ML-KEM-1024,encapsulation,10,197500,,True,
d7fff568-167f-493a-a0a4-a1951de7ce0b,2c3aeb11-0975-4471-b3a2-4847e2a502eb,2026-08-12T16:53:20.917402+00:00,native_windows_x86_64,NATIVE_SOFTWARE,x86_64,"AMD64 Family 23 Model 96 Stepping 1, AuthenticAMD",12,7598,Windows-11-10.0.26200-SP0,N/A (prebuilt Python extension wheel),N/A,N/A (prebuilt wheel),pqcrypto,0.4.0,ML-KEM-1024,decapsulation,10,97300,,True,
d7fff568-167f-493a-a0a4-a1951de7ce0b,2c3aeb11-0975-4471-b3a2-4847e2a502eb,2026-08-12T16:53:20.917540+00:00,native_windows_x86_64,NATIVE_SOFTWARE,x86_64,"AMD64 Family 23 Model 96 Stepping 1, AuthenticAMD",12,7598,Windows-11-10.0.26200-SP0,N/A (prebuilt Python extension wheel),N/A,N/A (prebuilt wheel),pqcrypto,0.4.0,ML-KEM-1024,keygen,11,196100,,True,
d7fff568-167f-493a-a0a4-a1951de7ce0b,2c3aeb11-0975-4471-b3a2-4847e2a502eb,2026-08-12T16:53:20.917980+00:00,native_windows_x86_64,NATIVE_SOFTWARE,x86_64,"AMD64 Family 23 Model 96 Stepping 1, AuthenticAMD",12,7598,Windows-11-10.0.26200-SP0,N/A (prebuilt Python extension wheel),N/A,N/A (prebuilt wheel),pqcrypto,0.4.0,ML-KEM-1024,encapsulation,11,194900,,True,
d7fff568-167f-493a-a0a4-a1951de7ce0b,2c3aeb11-0975-4471-b3a2-4847e2a502eb,2026-08-12T16:53:20.918225+00:00,native_windows_x86_64,NATIVE_SOFTWARE,x86_64,"AMD64 Family 23 Model 96 Stepping 1, AuthenticAMD",12,7598,Windows-11-10.0.26200-SP0,N/A (prebuilt Python extension wheel),N/A,N/A (prebuilt wheel),pqcrypto,0.4.0,ML-KEM-1024,decapsulation,11,97200,,True,
d7fff568-167f-493a-a0a4-a1951de7ce0b,2c3aeb11-0975-4471-b3a2-4847e2a502eb,2026-08-12T16:53:20.918363+00:00,native_windows_x86_64,NATIVE_SOFTWARE,x86_64,"AMD64 Family 23 Model 96 Stepping 1, AuthenticAMD",12,7598,Windows-11-10.0.26200-SP0,N/A (prebuilt Python extension wheel),N/A,N/A (prebuilt wheel),pqcrypto,0.4.0,ML-KEM-1024,keygen,12,196100,,True,
d7fff568-167f-493a-a0a4-a1951de7ce0b,2c3aeb11-0975-4471-b3a2-4847e2a502eb,2026-08-12T16:53:20.918799+00:00,native_windows_x86_64,NATIVE_SOFTWARE,x86_64,"AMD64 Family 23 Model 96 Stepping 1, AuthenticAMD",12,7598,Windows-11-10.0.26200-SP0,N/A (prebuilt Python extension wheel),N/A,N/A (prebuilt wheel),pqcrypto,0.4.0,ML-KEM-1024,encapsulation,12,202900,,True,
d7fff568-167f-493a-a0a4-a1951de7ce0b,2c3aeb11-0975-4471-b3a2-4847e2a502eb,2026-08-12T16:53:20.919053+00:00,native_windows_x86_64,NATIVE_SOFTWARE,x86_64,"AMD64 Family 23 Model 96 Stepping 1, AuthenticAMD",12,7598,Windows-11-10.0.26200-SP0,N/A (prebuilt Python extension wheel),N/A,N/A (prebuilt wheel),pqcrypto,0.4.0,ML-KEM-1024,decapsulation,12,97900,,True,
d7fff568-167f-493a-a0a4-a1951de7ce0b,2c3aeb11-0975-4471-b3a2-4847e2a502eb,2026-08-12T16:53:20.919193+00:00,native_windows_x86_64,NATIVE_SOFTWARE,x86_64,"AMD64 Family 23 Model 96 Stepping 1, AuthenticAMD",12,7598,Windows-11-10.0.26200-SP0,N/A (prebuilt Python extension wheel),N/A,N/A (prebuilt wheel),pqcrypto,0.4.0,ML-KEM-1024,keygen,13,196300,,True,
d7fff568-167f-493a-a0a4-a1951de7ce0b,2c3aeb11-0975-4471-b3a2-4847e2a502eb,2026-08-12T16:53:20.919633+00:00,native_windows_x86_64,NATIVE_SOFTWARE,x86_64,"AMD64 Family 23 Model 96 Stepping 1, AuthenticAMD",12,7598,Windows-11-10.0.26200-SP0,N/A (prebuilt Python extension wheel),N/A,N/A (prebuilt wheel),pqcrypto,0.4.0,ML-KEM-1024,encapsulation,13,203000,,True,
d7fff568-167f-493a-a0a4-a1951de7ce0b,2c3aeb11-0975-4471-b3a2-4847e2a502eb,2026-08-12T16:53:20.919887+00:00,native_windows_x86_64,NATIVE_SOFTWARE,x86_64,"AMD64 Family 23 Model 96 Stepping 1, AuthenticAMD",12,7598,Windows-11-10.0.26200-SP0,N/A (prebuilt Python extension wheel),N/A,N/A (prebuilt wheel),pqcrypto,0.4.0,ML-KEM-1024,decapsulation,13,97500,,True,
d7fff568-167f-493a-a0a4-a1951de7ce0b,2c3aeb11-0975-4471-b3a2-4847e2a502eb,2026-08-12T16:53:20.920023+00:00,native_windows_x86_64,NATIVE_SOFTWARE,x86_64,"AMD64 Family 23 Model 96 Stepping 1, AuthenticAMD",12,7598,Windows-11-10.0.26200-SP0,N/A (prebuilt Python extension wheel),N/A,N/A (prebuilt wheel),pqcrypto,0.4.0,ML-KEM-1024,keygen,14,203800,,True,
d7fff568-167f-493a-a0a4-a1951de7ce0b,2c3aeb11-0975-4471-b3a2-4847e2a502eb,2026-08-12T16:53:20.920467+00:00,native_windows_x86_64,NATIVE_SOFTWARE,x86_64,"AMD64 Family 23 Model 96 Stepping 1, AuthenticAMD",12,7598,Windows-11-10.0.26200-SP0,N/A (prebuilt Python extension wheel),N/A,N/A (prebuilt wheel),pqcrypto,0.4.0,ML-KEM-1024,encapsulation,14,197700,,True,
d7fff568-167f-493a-a0a4-a1951de7ce0b,2c3aeb11-0975-4471-b3a2-4847e2a502eb,2026-08-12T16:53:20.920718+00:00,native_windows_x86_64,NATIVE_SOFTWARE,x86_64,"AMD64 Family 23 Model 96 Stepping 1, AuthenticAMD",12,7598,Windows-11-10.0.26200-SP0,N/A (prebuilt Python extension wheel),N/A,N/A (prebuilt wheel),pqcrypto,0.4.0,ML-KEM-1024,decapsulation,14,97300,,True,
d7fff568-167f-493a-a0a4-a1951de7ce0b,2c3aeb11-0975-4471-b3a2-4847e2a502eb,2026-08-12T16:53:20.920855+00:00,native_windows_x86_64,NATIVE_SOFTWARE,x86_64,"AMD64 Family 23 Model 96 Stepping 1, AuthenticAMD",12,7598,Windows-11-10.0.26200-SP0,N/A (prebuilt Python extension wheel),N/A,N/A (prebuilt wheel),pqcrypto,0.4.0,ML-KEM-1024,keygen,15,196900,,True,
d7fff568-167f-493a-a0a4-a1951de7ce0b,2c3aeb11-0975-4471-b3a2-4847e2a502eb,2026-08-12T16:53:20.921298+00:00,native_windows_x86_64,NATIVE_SOFTWARE,x86_64,"AMD64 Family 23 Model 96 Stepping 1, AuthenticAMD",12,7598,Windows-11-10.0.26200-SP0,N/A (prebuilt Python extension wheel),N/A,N/A (prebuilt wheel),pqcrypto,0.4.0,ML-KEM-1024,encapsulation,15,196600,,True,
d7fff568-167f-493a-a0a4-a1951de7ce0b,2c3aeb11-0975-4471-b3a2-4847e2a502eb,2026-08-12T16:53:20.921545+00:00,native_windows_x86_64,NATIVE_SOFTWARE,x86_64,"AMD64 Family 23 Model 96 Stepping 1, AuthenticAMD",12,7598,Windows-11-10.0.26200-SP0,N/A (prebuilt Python extension wheel),N/A,N/A (prebuilt wheel),pqcrypto,0.4.0,ML-KEM-1024,decapsulation,15,97200,,True,
d7fff568-167f-493a-a0a4-a1951de7ce0b,2c3aeb11-0975-4471-b3a2-4847e2a502eb,2026-08-12T16:53:20.921682+00:00,native_windows_x86_64,NATIVE_SOFTWARE,x86_64,"AMD64 Family 23 Model 96 Stepping 1, AuthenticAMD",12,7598,Windows-11-10.0.26200-SP0,N/A (prebuilt Python extension wheel),N/A,N/A (prebuilt wheel),pqcrypto,0.4.0,ML-KEM-1024,keygen,16,198600,,True,
d7fff568-167f-493a-a0a4-a1951de7ce0b,2c3aeb11-0975-4471-b3a2-4847e2a502eb,2026-08-12T16:53:20.922121+00:00,native_windows_x86_64,NATIVE_SOFTWARE,x86_64,"AMD64 Family 23 Model 96 Stepping 1, AuthenticAMD",12,7598,Windows-11-10.0.26200-SP0,N/A (prebuilt Python extension wheel),N/A,N/A (prebuilt wheel),pqcrypto,0.4.0,ML-KEM-1024,encapsulation,16,205000,,True,
d7fff568-167f-493a-a0a4-a1951de7ce0b,2c3aeb11-0975-4471-b3a2-4847e2a502eb,2026-08-12T16:53:20.922377+00:00,native_windows_x86_64,NATIVE_SOFTWARE,x86_64,"AMD64 Family 23 Model 96 Stepping 1, AuthenticAMD",12,7598,Windows-11-10.0.26200-SP0,N/A (prebuilt Python extension wheel),N/A,N/A (prebuilt wheel),pqcrypto,0.4.0,ML-KEM-1024,decapsulation,16,97300,,True,
d7fff568-167f-493a-a0a4-a1951de7ce0b,2c3aeb11-0975-4471-b3a2-4847e2a502eb,2026-08-12T16:53:20.922515+00:00,native_windows_x86_64,NATIVE_SOFTWARE,x86_64,"AMD64 Family 23 Model 96 Stepping 1, AuthenticAMD",12,7598,Windows-11-10.0.26200-SP0,N/A (prebuilt Python extension wheel),N/A,N/A (prebuilt wheel),pqcrypto,0.4.0,ML-KEM-1024,keygen,17,197400,,True,
d7fff568-167f-493a-a0a4-a1951de7ce0b,2c3aeb11-0975-4471-b3a2-4847e2a502eb,2026-08-12T16:53:20.923018+00:00,native_windows_x86_64,NATIVE_SOFTWARE,x86_64,"AMD64 Family 23 Model 96 Stepping 1, AuthenticAMD",12,7598,Windows-11-10.0.26200-SP0,N/A (prebuilt Python extension wheel),N/A,N/A (prebuilt wheel),pqcrypto,0.4.0,ML-KEM-1024,encapsulation,17,219100,,True,
d7fff568-167f-493a-a0a4-a1951de7ce0b,2c3aeb11-0975-4471-b3a2-4847e2a502eb,2026-08-12T16:53:20.923299+00:00,native_windows_x86_64,NATIVE_SOFTWARE,x86_64,"AMD64 Family 23 Model 96 Stepping 1, AuthenticAMD",12,7598,Windows-11-10.0.26200-SP0,N/A (prebuilt Python extension wheel),N/A,N/A (prebuilt wheel),pqcrypto,0.4.0,ML-KEM-1024,decapsulation,17,100400,,True,
d7fff568-167f-493a-a0a4-a1951de7ce0b,2c3aeb11-0975-4471-b3a2-4847e2a502eb,2026-08-12T16:53:20.923443+00:00,native_windows_x86_64,NATIVE_SOFTWARE,x86_64,"AMD64 Family 23 Model 96 Stepping 1, AuthenticAMD",12,7598,Windows-11-10.0.26200-SP0,N/A (prebuilt Python extension wheel),N/A,N/A (prebuilt wheel),pqcrypto,0.4.0,ML-KEM-1024,keygen,18,198100,,True,
d7fff568-167f-493a-a0a4-a1951de7ce0b,2c3aeb11-0975-4471-b3a2-4847e2a502eb,2026-08-12T16:53:20.923925+00:00,native_windows_x86_64,NATIVE_SOFTWARE,x86_64,"AMD64 Family 23 Model 96 Stepping 1, AuthenticAMD",12,7598,Windows-11-10.0.26200-SP0,N/A (prebuilt Python extension wheel),N/A,N/A (prebuilt wheel),pqcrypto,0.4.0,ML-KEM-1024,encapsulation,18,197300,,True,
d7fff568-167f-493a-a0a4-a1951de7ce0b,2c3aeb11-0975-4471-b3a2-4847e2a502eb,2026-08-12T16:53:20.924174+00:00,native_windows_x86_64,NATIVE_SOFTWARE,x86_64,"AMD64 Family 23 Model 96 Stepping 1, AuthenticAMD",12,7598,Windows-11-10.0.26200-SP0,N/A (prebuilt Python extension wheel),N/A,N/A (prebuilt wheel),pqcrypto,0.4.0,ML-KEM-1024,decapsulation,18,100700,,True,
d7fff568-167f-493a-a0a4-a1951de7ce0b,2c3aeb11-0975-4471-b3a2-4847e2a502eb,2026-08-12T16:53:20.924316+00:00,native_windows_x86_64,NATIVE_SOFTWARE,x86_64,"AMD64 Family 23 Model 96 Stepping 1, AuthenticAMD",12,7598,Windows-11-10.0.26200-SP0,N/A (prebuilt Python extension wheel),N/A,N/A (prebuilt wheel),pqcrypto,0.4.0,ML-KEM-1024,keygen,19,195900,,True,
d7fff568-167f-493a-a0a4-a1951de7ce0b,2c3aeb11-0975-4471-b3a2-4847e2a502eb,2026-08-12T16:53:20.924753+00:00,native_windows_x86_64,NATIVE_SOFTWARE,x86_64,"AMD64 Family 23 Model 96 Stepping 1, AuthenticAMD",12,7598,Windows-11-10.0.26200-SP0,N/A (prebuilt Python extension wheel),N/A,N/A (prebuilt wheel),pqcrypto,0.4.0,ML-KEM-1024,encapsulation,19,196800,,True,
d7fff568-167f-493a-a0a4-a1951de7ce0b,2c3aeb11-0975-4471-b3a2-4847e2a502eb,2026-08-12T16:53:20.925001+00:00,native_windows_x86_64,NATIVE_SOFTWARE,x86_64,"AMD64 Family 23 Model 96 Stepping 1, AuthenticAMD",12,7598,Windows-11-10.0.26200-SP0,N/A (prebuilt Python extension wheel),N/A,N/A (prebuilt wheel),pqcrypto,0.4.0,ML-KEM-1024,decapsulation,19,97200,,True,
d7fff568-167f-493a-a0a4-a1951de7ce0b,2c3aeb11-0975-4471-b3a2-4847e2a502eb,2026-08-12T16:53:20.925140+00:00,native_windows_x86_64,NATIVE_SOFTWARE,x86_64,"AMD64 Family 23 Model 96 Stepping 1, AuthenticAMD",12,7598,Windows-11-10.0.26200-SP0,N/A (prebuilt Python extension wheel),N/A,N/A (prebuilt wheel),pqcrypto,0.4.0,ML-KEM-1024,keygen,20,207500,,True,
d7fff568-167f-493a-a0a4-a1951de7ce0b,2c3aeb11-0975-4471-b3a2-4847e2a502eb,2026-08-12T16:53:20.925589+00:00,native_windows_x86_64,NATIVE_SOFTWARE,x86_64,"AMD64 Family 23 Model 96 Stepping 1, AuthenticAMD",12,7598,Windows-11-10.0.26200-SP0,N/A (prebuilt Python extension wheel),N/A,N/A (prebuilt wheel),pqcrypto,0.4.0,ML-KEM-1024,encapsulation,20,206100,,True,
d7fff568-167f-493a-a0a4-a1951de7ce0b,2c3aeb11-0975-4471-b3a2-4847e2a502eb,2026-08-12T16:53:20.925850+00:00,native_windows_x86_64,NATIVE_SOFTWARE,x86_64,"AMD64 Family 23 Model 96 Stepping 1, AuthenticAMD",12,7598,Windows-11-10.0.26200-SP0,N/A (prebuilt Python extension wheel),N/A,N/A (prebuilt wheel),pqcrypto,0.4.0,ML-KEM-1024,decapsulation,20,97500,,True,
d7fff568-167f-493a-a0a4-a1951de7ce0b,2c3aeb11-0975-4471-b3a2-4847e2a502eb,2026-08-12T16:53:20.925988+00:00,native_windows_x86_64,NATIVE_SOFTWARE,x86_64,"AMD64 Family 23 Model 96 Stepping 1, AuthenticAMD",12,7598,Windows-11-10.0.26200-SP0,N/A (prebuilt Python extension wheel),N/A,N/A (prebuilt wheel),pqcrypto,0.4.0,ML-KEM-1024,keygen,21,231200,,True,
d7fff568-167f-493a-a0a4-a1951de7ce0b,2c3aeb11-0975-4471-b3a2-4847e2a502eb,2026-08-12T16:53:20.926467+00:00,native_windows_x86_64,NATIVE_SOFTWARE,x86_64,"AMD64 Family 23 Model 96 Stepping 1, AuthenticAMD",12,7598,Windows-11-10.0.26200-SP0,N/A (prebuilt Python extension wheel),N/A,N/A (prebuilt wheel),pqcrypto,0.4.0,ML-KEM-1024,encapsulation,21,196300,,True,
d7fff568-167f-493a-a0a4-a1951de7ce0b,2c3aeb11-0975-4471-b3a2-4847e2a502eb,2026-08-12T16:53:20.926714+00:00,native_windows_x86_64,NATIVE_SOFTWARE,x86_64,"AMD64 Family 23 Model 96 Stepping 1, AuthenticAMD",12,7598,Windows-11-10.0.26200-SP0,N/A (prebuilt Python extension wheel),N/A,N/A (prebuilt wheel),pqcrypto,0.4.0,ML-KEM-1024,decapsulation,21,97600,,True,
d7fff568-167f-493a-a0a4-a1951de7ce0b,2c3aeb11-0975-4471-b3a2-4847e2a502eb,2026-08-12T16:53:20.926852+00:00,native_windows_x86_64,NATIVE_SOFTWARE,x86_64,"AMD64 Family 23 Model 96 Stepping 1, AuthenticAMD",12,7598,Windows-11-10.0.26200-SP0,N/A (prebuilt Python extension wheel),N/A,N/A (prebuilt wheel),pqcrypto,0.4.0,ML-KEM-1024,keygen,22,197800,,True,
d7fff568-167f-493a-a0a4-a1951de7ce0b,2c3aeb11-0975-4471-b3a2-4847e2a502eb,2026-08-12T16:53:20.927330+00:00,native_windows_x86_64,NATIVE_SOFTWARE,x86_64,"AMD64 Family 23 Model 96 Stepping 1, AuthenticAMD",12,7598,Windows-11-10.0.26200-SP0,N/A (prebuilt Python extension wheel),N/A,N/A (prebuilt wheel),pqcrypto,0.4.0,ML-KEM-1024,encapsulation,22,209900,,True,
d7fff568-167f-493a-a0a4-a1951de7ce0b,2c3aeb11-0975-4471-b3a2-4847e2a502eb,2026-08-12T16:53:20.927592+00:00,native_windows_x86_64,NATIVE_SOFTWARE,x86_64,"AMD64 Family 23 Model 96 Stepping 1, AuthenticAMD",12,7598,Windows-11-10.0.26200-SP0,N/A (prebuilt Python extension wheel),N/A,N/A (prebuilt wheel),pqcrypto,0.4.0,ML-KEM-1024,decapsulation,22,97600,,True,
d7fff568-167f-493a-a0a4-a1951de7ce0b,2c3aeb11-0975-4471-b3a2-4847e2a502eb,2026-08-12T16:53:20.927730+00:00,native_windows_x86_64,NATIVE_SOFTWARE,x86_64,"AMD64 Family 23 Model 96 Stepping 1, AuthenticAMD",12,7598,Windows-11-10.0.26200-SP0,N/A (prebuilt Python extension wheel),N/A,N/A (prebuilt wheel),pqcrypto,0.4.0,ML-KEM-1024,keygen,23,200200,,True,
d7fff568-167f-493a-a0a4-a1951de7ce0b,2c3aeb11-0975-4471-b3a2-4847e2a502eb,2026-08-12T16:53:20.928542+00:00,native_windows_x86_64,NATIVE_SOFTWARE,x86_64,"AMD64 Family 23 Model 96 Stepping 1, AuthenticAMD",12,7598,Windows-11-10.0.26200-SP0,N/A (prebuilt Python extension wheel),N/A,N/A (prebuilt wheel),pqcrypto,0.4.0,ML-KEM-1024,encapsulation,23,197500,,True,
d7fff568-167f-493a-a0a4-a1951de7ce0b,2c3aeb11-0975-4471-b3a2-4847e2a502eb,2026-08-12T16:53:20.928790+00:00,native_windows_x86_64,NATIVE_SOFTWARE,x86_64,"AMD64 Family 23 Model 96 Stepping 1, AuthenticAMD",12,7598,Windows-11-10.0.26200-SP0,N/A (prebuilt Python extension wheel),N/A,N/A (prebuilt wheel),pqcrypto,0.4.0,ML-KEM-1024,decapsulation,23,97900,,True,
d7fff568-167f-493a-a0a4-a1951de7ce0b,2c3aeb11-0975-4471-b3a2-4847e2a502eb,2026-08-12T16:53:20.928928+00:00,native_windows_x86_64,NATIVE_SOFTWARE,x86_64,"AMD64 Family 23 Model 96 Stepping 1, AuthenticAMD",12,7598,Windows-11-10.0.26200-SP0,N/A (prebuilt Python extension wheel),N/A,N/A (prebuilt wheel),pqcrypto,0.4.0,ML-KEM-1024,keygen,24,197200,,True,
d7fff568-167f-493a-a0a4-a1951de7ce0b,2c3aeb11-0975-4471-b3a2-4847e2a502eb,2026-08-12T16:53:20.929364+00:00,native_windows_x86_64,NATIVE_SOFTWARE,x86_64,"AMD64 Family 23 Model 96 Stepping 1, AuthenticAMD",12,7598,Windows-11-10.0.26200-SP0,N/A (prebuilt Python extension wheel),N/A,N/A (prebuilt wheel),pqcrypto,0.4.0,ML-KEM-1024,encapsulation,24,203200,,True,
d7fff568-167f-493a-a0a4-a1951de7ce0b,2c3aeb11-0975-4471-b3a2-4847e2a502eb,2026-08-12T16:53:20.929617+00:00,native_windows_x86_64,NATIVE_SOFTWARE,x86_64,"AMD64 Family 23 Model 96 Stepping 1, AuthenticAMD",12,7598,Windows-11-10.0.26200-SP0,N/A (prebuilt Python extension wheel),N/A,N/A (prebuilt wheel),pqcrypto,0.4.0,ML-KEM-1024,decapsulation,24,97300,,True,
d7fff568-167f-493a-a0a4-a1951de7ce0b,2c3aeb11-0975-4471-b3a2-4847e2a502eb,2026-08-12T16:53:20.929753+00:00,native_windows_x86_64,NATIVE_SOFTWARE,x86_64,"AMD64 Family 23 Model 96 Stepping 1, AuthenticAMD",12,7598,Windows-11-10.0.26200-SP0,N/A (prebuilt Python extension wheel),N/A,N/A (prebuilt wheel),pqcrypto,0.4.0,ML-KEM-1024,keygen,25,200900,,True,
d7fff568-167f-493a-a0a4-a1951de7ce0b,2c3aeb11-0975-4471-b3a2-4847e2a502eb,2026-08-12T16:53:20.930198+00:00,native_windows_x86_64,NATIVE_SOFTWARE,x86_64,"AMD64 Family 23 Model 96 Stepping 1, AuthenticAMD",12,7598,Windows-11-10.0.26200-SP0,N/A (prebuilt Python extension wheel),N/A,N/A (prebuilt wheel),pqcrypto,0.4.0,ML-KEM-1024,encapsulation,25,198500,,True,
d7fff568-167f-493a-a0a4-a1951de7ce0b,2c3aeb11-0975-4471-b3a2-4847e2a502eb,2026-08-12T16:53:20.930449+00:00,native_windows_x86_64,NATIVE_SOFTWARE,x86_64,"AMD64 Family 23 Model 96 Stepping 1, AuthenticAMD",12,7598,Windows-11-10.0.26200-SP0,N/A (prebuilt Python extension wheel),N/A,N/A (prebuilt wheel),pqcrypto,0.4.0,ML-KEM-1024,decapsulation,25,96800,,True,
d7fff568-167f-493a-a0a4-a1951de7ce0b,2c3aeb11-0975-4471-b3a2-4847e2a502eb,2026-08-12T16:53:20.930585+00:00,native_windows_x86_64,NATIVE_SOFTWARE,x86_64,"AMD64 Family 23 Model 96 Stepping 1, AuthenticAMD",12,7598,Windows-11-10.0.26200-SP0,N/A (prebuilt Python extension wheel),N/A,N/A (prebuilt wheel),pqcrypto,0.4.0,ML-KEM-1024,keygen,26,196100,,True,
d7fff568-167f-493a-a0a4-a1951de7ce0b,2c3aeb11-0975-4471-b3a2-4847e2a502eb,2026-08-12T16:53:20.931019+00:00,native_windows_x86_64,NATIVE_SOFTWARE,x86_64,"AMD64 Family 23 Model 96 Stepping 1, AuthenticAMD",12,7598,Windows-11-10.0.26200-SP0,N/A (prebuilt Python extension wheel),N/A,N/A (prebuilt wheel),pqcrypto,0.4.0,ML-KEM-1024,encapsulation,26,200200,,True,
d7fff568-167f-493a-a0a4-a1951de7ce0b,2c3aeb11-0975-4471-b3a2-4847e2a502eb,2026-08-12T16:53:20.931270+00:00,native_windows_x86_64,NATIVE_SOFTWARE,x86_64,"AMD64 Family 23 Model 96 Stepping 1, AuthenticAMD",12,7598,Windows-11-10.0.26200-SP0,N/A (prebuilt Python extension wheel),N/A,N/A (prebuilt wheel),pqcrypto,0.4.0,ML-KEM-1024,decapsulation,26,97700,,True,
d7fff568-167f-493a-a0a4-a1951de7ce0b,2c3aeb11-0975-4471-b3a2-4847e2a502eb,2026-08-12T16:53:20.931408+00:00,native_windows_x86_64,NATIVE_SOFTWARE,x86_64,"AMD64 Family 23 Model 96 Stepping 1, AuthenticAMD",12,7598,Windows-11-10.0.26200-SP0,N/A (prebuilt Python extension wheel),N/A,N/A (prebuilt wheel),pqcrypto,0.4.0,ML-KEM-1024,keygen,27,197200,,True,
d7fff568-167f-493a-a0a4-a1951de7ce0b,2c3aeb11-0975-4471-b3a2-4847e2a502eb,2026-08-12T16:53:20.931847+00:00,native_windows_x86_64,NATIVE_SOFTWARE,x86_64,"AMD64 Family 23 Model 96 Stepping 1, AuthenticAMD",12,7598,Windows-11-10.0.26200-SP0,N/A (prebuilt Python extension wheel),N/A,N/A (prebuilt wheel),pqcrypto,0.4.0,ML-KEM-1024,encapsulation,27,196700,,True,
d7fff568-167f-493a-a0a4-a1951de7ce0b,2c3aeb11-0975-4471-b3a2-4847e2a502eb,2026-08-12T16:53:20.932095+00:00,native_windows_x86_64,NATIVE_SOFTWARE,x86_64,"AMD64 Family 23 Model 96 Stepping 1, AuthenticAMD",12,7598,Windows-11-10.0.26200-SP0,N/A (prebuilt Python extension wheel),N/A,N/A (prebuilt wheel),pqcrypto,0.4.0,ML-KEM-1024,decapsulation,27,99400,,True,
d7fff568-167f-493a-a0a4-a1951de7ce0b,2c3aeb11-0975-4471-b3a2-4847e2a502eb,2026-08-12T16:53:20.932236+00:00,native_windows_x86_64,NATIVE_SOFTWARE,x86_64,"AMD64 Family 23 Model 96 Stepping 1, AuthenticAMD",12,7598,Windows-11-10.0.26200-SP0,N/A (prebuilt Python extension wheel),N/A,N/A (prebuilt wheel),pqcrypto,0.4.0,ML-KEM-1024,keygen,28,196900,,True,
d7fff568-167f-493a-a0a4-a1951de7ce0b,2c3aeb11-0975-4471-b3a2-4847e2a502eb,2026-08-12T16:53:20.932677+00:00,native_windows_x86_64,NATIVE_SOFTWARE,x86_64,"AMD64 Family 23 Model 96 Stepping 1, AuthenticAMD",12,7598,Windows-11-10.0.26200-SP0,N/A (prebuilt Python extension wheel),N/A,N/A (prebuilt wheel),pqcrypto,0.4.0,ML-KEM-1024,encapsulation,28,194600,,True,
d7fff568-167f-493a-a0a4-a1951de7ce0b,2c3aeb11-0975-4471-b3a2-4847e2a502eb,2026-08-12T16:53:20.932925+00:00,native_windows_x86_64,NATIVE_SOFTWARE,x86_64,"AMD64 Family 23 Model 96 Stepping 1, AuthenticAMD",12,7598,Windows-11-10.0.26200-SP0,N/A (prebuilt Python extension wheel),N/A,N/A (prebuilt wheel),pqcrypto,0.4.0,ML-KEM-1024,decapsulation,28,97200,,True,
d7fff568-167f-493a-a0a4-a1951de7ce0b,2c3aeb11-0975-4471-b3a2-4847e2a502eb,2026-08-12T16:53:20.933062+00:00,native_windows_x86_64,NATIVE_SOFTWARE,x86_64,"AMD64 Family 23 Model 96 Stepping 1, AuthenticAMD",12,7598,Windows-11-10.0.26200-SP0,N/A (prebuilt Python extension wheel),N/A,N/A (prebuilt wheel),pqcrypto,0.4.0,ML-KEM-1024,keygen,29,200700,,True,
d7fff568-167f-493a-a0a4-a1951de7ce0b,2c3aeb11-0975-4471-b3a2-4847e2a502eb,2026-08-12T16:53:20.933503+00:00,native_windows_x86_64,NATIVE_SOFTWARE,x86_64,"AMD64 Family 23 Model 96 Stepping 1, AuthenticAMD",12,7598,Windows-11-10.0.26200-SP0,N/A (prebuilt Python extension wheel),N/A,N/A (prebuilt wheel),pqcrypto,0.4.0,ML-KEM-1024,encapsulation,29,198200,,True,
d7fff568-167f-493a-a0a4-a1951de7ce0b,2c3aeb11-0975-4471-b3a2-4847e2a502eb,2026-08-12T16:53:20.933752+00:00,native_windows_x86_64,NATIVE_SOFTWARE,x86_64,"AMD64 Family 23 Model 96 Stepping 1, AuthenticAMD",12,7598,Windows-11-10.0.26200-SP0,N/A (prebuilt Python extension wheel),N/A,N/A (prebuilt wheel),pqcrypto,0.4.0,ML-KEM-1024,decapsulation,29,100400,,True,
d7fff568-167f-493a-a0a4-a1951de7ce0b,2c3aeb11-0975-4471-b3a2-4847e2a502eb,2026-08-12T16:53:20.933893+00:00,native_windows_x86_64,NATIVE_SOFTWARE,x86_64,"AMD64 Family 23 Model 96 Stepping 1, AuthenticAMD",12,7598,Windows-11-10.0.26200-SP0,N/A (prebuilt Python extension wheel),N/A,N/A (prebuilt wheel),pqcrypto,0.4.0,ML-KEM-1024,keygen,30,204600,,True,
d7fff568-167f-493a-a0a4-a1951de7ce0b,2c3aeb11-0975-4471-b3a2-4847e2a502eb,2026-08-12T16:53:20.934336+00:00,native_windows_x86_64,NATIVE_SOFTWARE,x86_64,"AMD64 Family 23 Model 96 Stepping 1, AuthenticAMD",12,7598,Windows-11-10.0.26200-SP0,N/A (prebuilt Python extension wheel),N/A,N/A (prebuilt wheel),pqcrypto,0.4.0,ML-KEM-1024,encapsulation,30,197300,,True,
d7fff568-167f-493a-a0a4-a1951de7ce0b,2c3aeb11-0975-4471-b3a2-4847e2a502eb,2026-08-12T16:53:20.934584+00:00,native_windows_x86_64,NATIVE_SOFTWARE,x86_64,"AMD64 Family 23 Model 96 Stepping 1, AuthenticAMD",12,7598,Windows-11-10.0.26200-SP0,N/A (prebuilt Python extension wheel),N/A,N/A (prebuilt wheel),pqcrypto,0.4.0,ML-KEM-1024,decapsulation,30,97100,,True,
d7fff568-167f-493a-a0a4-a1951de7ce0b,2c3aeb11-0975-4471-b3a2-4847e2a502eb,2026-08-12T16:53:20.934721+00:00,native_windows_x86_64,NATIVE_SOFTWARE,x86_64,"AMD64 Family 23 Model 96 Stepping 1, AuthenticAMD",12,7598,Windows-11-10.0.26200-SP0,N/A (prebuilt Python extension wheel),N/A,N/A (prebuilt wheel),pqcrypto,0.4.0,ML-KEM-1024,keygen,31,202400,,True,
d7fff568-167f-493a-a0a4-a1951de7ce0b,2c3aeb11-0975-4471-b3a2-4847e2a502eb,2026-08-12T16:53:20.935163+00:00,native_windows_x86_64,NATIVE_SOFTWARE,x86_64,"AMD64 Family 23 Model 96 Stepping 1, AuthenticAMD",12,7598,Windows-11-10.0.26200-SP0,N/A (prebuilt Python extension wheel),N/A,N/A (prebuilt wheel),pqcrypto,0.4.0,ML-KEM-1024,encapsulation,31,202400,,True,
d7fff568-167f-493a-a0a4-a1951de7ce0b,2c3aeb11-0975-4471-b3a2-4847e2a502eb,2026-08-12T16:53:20.935416+00:00,native_windows_x86_64,NATIVE_SOFTWARE,x86_64,"AMD64 Family 23 Model 96 Stepping 1, AuthenticAMD",12,7598,Windows-11-10.0.26200-SP0,N/A (prebuilt Python extension wheel),N/A,N/A (prebuilt wheel),pqcrypto,0.4.0,ML-KEM-1024,decapsulation,31,97900,,True,
d7fff568-167f-493a-a0a4-a1951de7ce0b,2c3aeb11-0975-4471-b3a2-4847e2a502eb,2026-08-12T16:53:20.935554+00:00,native_windows_x86_64,NATIVE_SOFTWARE,x86_64,"AMD64 Family 23 Model 96 Stepping 1, AuthenticAMD",12,7598,Windows-11-10.0.26200-SP0,N/A (prebuilt Python extension wheel),N/A,N/A (prebuilt wheel),pqcrypto,0.4.0,ML-KEM-1024,keygen,32,219400,,True,
d7fff568-167f-493a-a0a4-a1951de7ce0b,2c3aeb11-0975-4471-b3a2-4847e2a502eb,2026-08-12T16:53:20.936016+00:00,native_windows_x86_64,NATIVE_SOFTWARE,x86_64,"AMD64 Family 23 Model 96 Stepping 1, AuthenticAMD",12,7598,Windows-11-10.0.26200-SP0,N/A (prebuilt Python extension wheel),N/A,N/A (prebuilt wheel),pqcrypto,0.4.0,ML-KEM-1024,encapsulation,32,210600,,True,
d7fff568-167f-493a-a0a4-a1951de7ce0b,2c3aeb11-0975-4471-b3a2-4847e2a502eb,2026-08-12T16:53:20.936278+00:00,native_windows_x86_64,NATIVE_SOFTWARE,x86_64,"AMD64 Family 23 Model 96 Stepping 1, AuthenticAMD",12,7598,Windows-11-10.0.26200-SP0,N/A (prebuilt Python extension wheel),N/A,N/A (prebuilt wheel),pqcrypto,0.4.0,ML-KEM-1024,decapsulation,32,97300,,True,
d7fff568-167f-493a-a0a4-a1951de7ce0b,2c3aeb11-0975-4471-b3a2-4847e2a502eb,2026-08-12T16:53:20.936415+00:00,native_windows_x86_64,NATIVE_SOFTWARE,x86_64,"AMD64 Family 23 Model 96 Stepping 1, AuthenticAMD",12,7598,Windows-11-10.0.26200-SP0,N/A (prebuilt Python extension wheel),N/A,N/A (prebuilt wheel),pqcrypto,0.4.0,ML-KEM-1024,keygen,33,196000,,True,
d7fff568-167f-493a-a0a4-a1951de7ce0b,2c3aeb11-0975-4471-b3a2-4847e2a502eb,2026-08-12T16:53:20.936853+00:00,native_windows_x86_64,NATIVE_SOFTWARE,x86_64,"AMD64 Family 23 Model 96 Stepping 1, AuthenticAMD",12,7598,Windows-11-10.0.26200-SP0,N/A (prebuilt Python extension wheel),N/A,N/A (prebuilt wheel),pqcrypto,0.4.0,ML-KEM-1024,encapsulation,33,195200,,True,
d7fff568-167f-493a-a0a4-a1951de7ce0b,2c3aeb11-0975-4471-b3a2-4847e2a502eb,2026-08-12T16:53:20.937098+00:00,native_windows_x86_64,NATIVE_SOFTWARE,x86_64,"AMD64 Family 23 Model 96 Stepping 1, AuthenticAMD",12,7598,Windows-11-10.0.26200-SP0,N/A (prebuilt Python extension wheel),N/A,N/A (prebuilt wheel),pqcrypto,0.4.0,ML-KEM-1024,decapsulation,33,97200,,True,
d7fff568-167f-493a-a0a4-a1951de7ce0b,2c3aeb11-0975-4471-b3a2-4847e2a502eb,2026-08-12T16:53:20.937235+00:00,native_windows_x86_64,NATIVE_SOFTWARE,x86_64,"AMD64 Family 23 Model 96 Stepping 1, AuthenticAMD",12,7598,Windows-11-10.0.26200-SP0,N/A (prebuilt Python extension wheel),N/A,N/A (prebuilt wheel),pqcrypto,0.4.0,ML-KEM-1024,keygen,34,195400,,True,
d7fff568-167f-493a-a0a4-a1951de7ce0b,2c3aeb11-0975-4471-b3a2-4847e2a502eb,2026-08-12T16:53:20.937675+00:00,native_windows_x86_64,NATIVE_SOFTWARE,x86_64,"AMD64 Family 23 Model 96 Stepping 1, AuthenticAMD",12,7598,Windows-11-10.0.26200-SP0,N/A (prebuilt Python extension wheel),N/A,N/A (prebuilt wheel),pqcrypto,0.4.0,ML-KEM-1024,encapsulation,34,200100,,True,
d7fff568-167f-493a-a0a4-a1951de7ce0b,2c3aeb11-0975-4471-b3a2-4847e2a502eb,2026-08-12T16:53:20.937925+00:00,native_windows_x86_64,NATIVE_SOFTWARE,x86_64,"AMD64 Family 23 Model 96 Stepping 1, AuthenticAMD",12,7598,Windows-11-10.0.26200-SP0,N/A (prebuilt Python extension wheel),N/A,N/A (prebuilt wheel),pqcrypto,0.4.0,ML-KEM-1024,decapsulation,34,97700,,True,
d7fff568-167f-493a-a0a4-a1951de7ce0b,2c3aeb11-0975-4471-b3a2-4847e2a502eb,2026-08-12T16:53:20.938062+00:00,native_windows_x86_64,NATIVE_SOFTWARE,x86_64,"AMD64 Family 23 Model 96 Stepping 1, AuthenticAMD",12,7598,Windows-11-10.0.26200-SP0,N/A (prebuilt Python extension wheel),N/A,N/A (prebuilt wheel),pqcrypto,0.4.0,ML-KEM-1024,keygen,35,196600,,True,
d7fff568-167f-493a-a0a4-a1951de7ce0b,2c3aeb11-0975-4471-b3a2-4847e2a502eb,2026-08-12T16:53:20.938500+00:00,native_windows_x86_64,NATIVE_SOFTWARE,x86_64,"AMD64 Family 23 Model 96 Stepping 1, AuthenticAMD",12,7598,Windows-11-10.0.26200-SP0,N/A (prebuilt Python extension wheel),N/A,N/A (prebuilt wheel),pqcrypto,0.4.0,ML-KEM-1024,encapsulation,35,277900,,True,
d7fff568-167f-493a-a0a4-a1951de7ce0b,2c3aeb11-0975-4471-b3a2-4847e2a502eb,2026-08-12T16:53:20.938845+00:00,native_windows_x86_64,NATIVE_SOFTWARE,x86_64,"AMD64 Family 23 Model 96 Stepping 1, AuthenticAMD",12,7598,Windows-11-10.0.26200-SP0,N/A (prebuilt Python extension wheel),N/A,N/A (prebuilt wheel),pqcrypto,0.4.0,ML-KEM-1024,decapsulation,35,102000,,True,
d7fff568-167f-493a-a0a4-a1951de7ce0b,2c3aeb11-0975-4471-b3a2-4847e2a502eb,2026-08-12T16:53:20.938993+00:00,native_windows_x86_64,NATIVE_SOFTWARE,x86_64,"AMD64 Family 23 Model 96 Stepping 1, AuthenticAMD",12,7598,Windows-11-10.0.26200-SP0,N/A (prebuilt Python extension wheel),N/A,N/A (prebuilt wheel),pqcrypto,0.4.0,ML-KEM-1024,keygen,36,240400,,True,
d7fff568-167f-493a-a0a4-a1951de7ce0b,2c3aeb11-0975-4471-b3a2-4847e2a502eb,2026-08-12T16:53:20.939486+00:00,native_windows_x86_64,NATIVE_SOFTWARE,x86_64,"AMD64 Family 23 Model 96 Stepping 1, AuthenticAMD",12,7598,Windows-11-10.0.26200-SP0,N/A (prebuilt Python extension wheel),N/A,N/A (prebuilt wheel),pqcrypto,0.4.0,ML-KEM-1024,encapsulation,36,196900,,True,
d7fff568-167f-493a-a0a4-a1951de7ce0b,2c3aeb11-0975-4471-b3a2-4847e2a502eb,2026-08-12T16:53:20.939735+00:00,native_windows_x86_64,NATIVE_SOFTWARE,x86_64,"AMD64 Family 23 Model 96 Stepping 1, AuthenticAMD",12,7598,Windows-11-10.0.26200-SP0,N/A (prebuilt Python extension wheel),N/A,N/A (prebuilt wheel),pqcrypto,0.4.0,ML-KEM-1024,decapsulation,36,97200,,True,
d7fff568-167f-493a-a0a4-a1951de7ce0b,2c3aeb11-0975-4471-b3a2-4847e2a502eb,2026-08-12T16:53:20.939884+00:00,native_windows_x86_64,NATIVE_SOFTWARE,x86_64,"AMD64 Family 23 Model 96 Stepping 1, AuthenticAMD",12,7598,Windows-11-10.0.26200-SP0,N/A (prebuilt Python extension wheel),N/A,N/A (prebuilt wheel),pqcrypto,0.4.0,ML-KEM-1024,keygen,37,198600,,True,
d7fff568-167f-493a-a0a4-a1951de7ce0b,2c3aeb11-0975-4471-b3a2-4847e2a502eb,2026-08-12T16:53:20.940327+00:00,native_windows_x86_64,NATIVE_SOFTWARE,x86_64,"AMD64 Family 23 Model 96 Stepping 1, AuthenticAMD",12,7598,Windows-11-10.0.26200-SP0,N/A (prebuilt Python extension wheel),N/A,N/A (prebuilt wheel),pqcrypto,0.4.0,ML-KEM-1024,encapsulation,37,196900,,True,
d7fff568-167f-493a-a0a4-a1951de7ce0b,2c3aeb11-0975-4471-b3a2-4847e2a502eb,2026-08-12T16:53:20.940577+00:00,native_windows_x86_64,NATIVE_SOFTWARE,x86_64,"AMD64 Family 23 Model 96 Stepping 1, AuthenticAMD",12,7598,Windows-11-10.0.26200-SP0,N/A (prebuilt Python extension wheel),N/A,N/A (prebuilt wheel),pqcrypto,0.4.0,ML-KEM-1024,decapsulation,37,97300,,True,
d7fff568-167f-493a-a0a4-a1951de7ce0b,2c3aeb11-0975-4471-b3a2-4847e2a502eb,2026-08-12T16:53:20.940716+00:00,native_windows_x86_64,NATIVE_SOFTWARE,x86_64,"AMD64 Family 23 Model 96 Stepping 1, AuthenticAMD",12,7598,Windows-11-10.0.26200-SP0,N/A (prebuilt Python extension wheel),N/A,N/A (prebuilt wheel),pqcrypto,0.4.0,ML-KEM-1024,keygen,38,196900,,True,
d7fff568-167f-493a-a0a4-a1951de7ce0b,2c3aeb11-0975-4471-b3a2-4847e2a502eb,2026-08-12T16:53:20.941155+00:00,native_windows_x86_64,NATIVE_SOFTWARE,x86_64,"AMD64 Family 23 Model 96 Stepping 1, AuthenticAMD",12,7598,Windows-11-10.0.26200-SP0,N/A (prebuilt Python extension wheel),N/A,N/A (prebuilt wheel),pqcrypto,0.4.0,ML-KEM-1024,encapsulation,38,201200,,True,
d7fff568-167f-493a-a0a4-a1951de7ce0b,2c3aeb11-0975-4471-b3a2-4847e2a502eb,2026-08-12T16:53:20.941408+00:00,native_windows_x86_64,NATIVE_SOFTWARE,x86_64,"AMD64 Family 23 Model 96 Stepping 1, AuthenticAMD",12,7598,Windows-11-10.0.26200-SP0,N/A (prebuilt Python extension wheel),N/A,N/A (prebuilt wheel),pqcrypto,0.4.0,ML-KEM-1024,decapsulation,38,97200,,True,
d7fff568-167f-493a-a0a4-a1951de7ce0b,2c3aeb11-0975-4471-b3a2-4847e2a502eb,2026-08-12T16:53:20.941545+00:00,native_windows_x86_64,NATIVE_SOFTWARE,x86_64,"AMD64 Family 23 Model 96 Stepping 1, AuthenticAMD",12,7598,Windows-11-10.0.26200-SP0,N/A (prebuilt Python extension wheel),N/A,N/A (prebuilt wheel),pqcrypto,0.4.0,ML-KEM-1024,keygen,39,196100,,True,
d7fff568-167f-493a-a0a4-a1951de7ce0b,2c3aeb11-0975-4471-b3a2-4847e2a502eb,2026-08-12T16:53:20.942021+00:00,native_windows_x86_64,NATIVE_SOFTWARE,x86_64,"AMD64 Family 23 Model 96 Stepping 1, AuthenticAMD",12,7598,Windows-11-10.0.26200-SP0,N/A (prebuilt Python extension wheel),N/A,N/A (prebuilt wheel),pqcrypto,0.4.0,ML-KEM-1024,encapsulation,39,198900,,True,
d7fff568-167f-493a-a0a4-a1951de7ce0b,2c3aeb11-0975-4471-b3a2-4847e2a502eb,2026-08-12T16:53:20.942273+00:00,native_windows_x86_64,NATIVE_SOFTWARE,x86_64,"AMD64 Family 23 Model 96 Stepping 1, AuthenticAMD",12,7598,Windows-11-10.0.26200-SP0,N/A (prebuilt Python extension wheel),N/A,N/A (prebuilt wheel),pqcrypto,0.4.0,ML-KEM-1024,decapsulation,39,97500,,True,
d7fff568-167f-493a-a0a4-a1951de7ce0b,2c3aeb11-0975-4471-b3a2-4847e2a502eb,2026-08-12T16:53:20.942412+00:00,native_windows_x86_64,NATIVE_SOFTWARE,x86_64,"AMD64 Family 23 Model 96 Stepping 1, AuthenticAMD",12,7598,Windows-11-10.0.26200-SP0,N/A (prebuilt Python extension wheel),N/A,N/A (prebuilt wheel),pqcrypto,0.4.0,ML-KEM-1024,keygen,40,196400,,True,
d7fff568-167f-493a-a0a4-a1951de7ce0b,2c3aeb11-0975-4471-b3a2-4847e2a502eb,2026-08-12T16:53:20.942848+00:00,native_windows_x86_64,NATIVE_SOFTWARE,x86_64,"AMD64 Family 23 Model 96 Stepping 1, AuthenticAMD",12,7598,Windows-11-10.0.26200-SP0,N/A (prebuilt Python extension wheel),N/A,N/A (prebuilt wheel),pqcrypto,0.4.0,ML-KEM-1024,encapsulation,40,205000,,True,
d7fff568-167f-493a-a0a4-a1951de7ce0b,2c3aeb11-0975-4471-b3a2-4847e2a502eb,2026-08-12T16:53:20.943105+00:00,native_windows_x86_64,NATIVE_SOFTWARE,x86_64,"AMD64 Family 23 Model 96 Stepping 1, AuthenticAMD",12,7598,Windows-11-10.0.26200-SP0,N/A (prebuilt Python extension wheel),N/A,N/A (prebuilt wheel),pqcrypto,0.4.0,ML-KEM-1024,decapsulation,40,98000,,True,
d7fff568-167f-493a-a0a4-a1951de7ce0b,2c3aeb11-0975-4471-b3a2-4847e2a502eb,2026-08-12T16:53:20.943246+00:00,native_windows_x86_64,NATIVE_SOFTWARE,x86_64,"AMD64 Family 23 Model 96 Stepping 1, AuthenticAMD",12,7598,Windows-11-10.0.26200-SP0,N/A (prebuilt Python extension wheel),N/A,N/A (prebuilt wheel),pqcrypto,0.4.0,ML-KEM-1024,keygen,41,196000,,True,
d7fff568-167f-493a-a0a4-a1951de7ce0b,2c3aeb11-0975-4471-b3a2-4847e2a502eb,2026-08-12T16:53:20.943684+00:00,native_windows_x86_64,NATIVE_SOFTWARE,x86_64,"AMD64 Family 23 Model 96 Stepping 1, AuthenticAMD",12,7598,Windows-11-10.0.26200-SP0,N/A (prebuilt Python extension wheel),N/A,N/A (prebuilt wheel),pqcrypto,0.4.0,ML-KEM-1024,encapsulation,41,200500,,True,
d7fff568-167f-493a-a0a4-a1951de7ce0b,2c3aeb11-0975-4471-b3a2-4847e2a502eb,2026-08-12T16:53:20.943935+00:00,native_windows_x86_64,NATIVE_SOFTWARE,x86_64,"AMD64 Family 23 Model 96 Stepping 1, AuthenticAMD",12,7598,Windows-11-10.0.26200-SP0,N/A (prebuilt Python extension wheel),N/A,N/A (prebuilt wheel),pqcrypto,0.4.0,ML-KEM-1024,decapsulation,41,97800,,True,
d7fff568-167f-493a-a0a4-a1951de7ce0b,2c3aeb11-0975-4471-b3a2-4847e2a502eb,2026-08-12T16:53:20.944073+00:00,native_windows_x86_64,NATIVE_SOFTWARE,x86_64,"AMD64 Family 23 Model 96 Stepping 1, AuthenticAMD",12,7598,Windows-11-10.0.26200-SP0,N/A (prebuilt Python extension wheel),N/A,N/A (prebuilt wheel),pqcrypto,0.4.0,ML-KEM-1024,keygen,42,201500,,True,
d7fff568-167f-493a-a0a4-a1951de7ce0b,2c3aeb11-0975-4471-b3a2-4847e2a502eb,2026-08-12T16:53:20.944524+00:00,native_windows_x86_64,NATIVE_SOFTWARE,x86_64,"AMD64 Family 23 Model 96 Stepping 1, AuthenticAMD",12,7598,Windows-11-10.0.26200-SP0,N/A (prebuilt Python extension wheel),N/A,N/A (prebuilt wheel),pqcrypto,0.4.0,ML-KEM-1024,encapsulation,42,199300,,True,
d7fff568-167f-493a-a0a4-a1951de7ce0b,2c3aeb11-0975-4471-b3a2-4847e2a502eb,2026-08-12T16:53:20.944776+00:00,native_windows_x86_64,NATIVE_SOFTWARE,x86_64,"AMD64 Family 23 Model 96 Stepping 1, AuthenticAMD",12,7598,Windows-11-10.0.26200-SP0,N/A (prebuilt Python extension wheel),N/A,N/A (prebuilt wheel),pqcrypto,0.4.0,ML-KEM-1024,decapsulation,42,97000,,True,
d7fff568-167f-493a-a0a4-a1951de7ce0b,2c3aeb11-0975-4471-b3a2-4847e2a502eb,2026-08-12T16:53:20.944914+00:00,native_windows_x86_64,NATIVE_SOFTWARE,x86_64,"AMD64 Family 23 Model 96 Stepping 1, AuthenticAMD",12,7598,Windows-11-10.0.26200-SP0,N/A (prebuilt Python extension wheel),N/A,N/A (prebuilt wheel),pqcrypto,0.4.0,ML-KEM-1024,keygen,43,197000,,True,
d7fff568-167f-493a-a0a4-a1951de7ce0b,2c3aeb11-0975-4471-b3a2-4847e2a502eb,2026-08-12T16:53:20.945354+00:00,native_windows_x86_64,NATIVE_SOFTWARE,x86_64,"AMD64 Family 23 Model 96 Stepping 1, AuthenticAMD",12,7598,Windows-11-10.0.26200-SP0,N/A (prebuilt Python extension wheel),N/A,N/A (prebuilt wheel),pqcrypto,0.4.0,ML-KEM-1024,encapsulation,43,195200,,True,
d7fff568-167f-493a-a0a4-a1951de7ce0b,2c3aeb11-0975-4471-b3a2-4847e2a502eb,2026-08-12T16:53:20.945602+00:00,native_windows_x86_64,NATIVE_SOFTWARE,x86_64,"AMD64 Family 23 Model 96 Stepping 1, AuthenticAMD",12,7598,Windows-11-10.0.26200-SP0,N/A (prebuilt Python extension wheel),N/A,N/A (prebuilt wheel),pqcrypto,0.4.0,ML-KEM-1024,decapsulation,43,97100,,True,
d7fff568-167f-493a-a0a4-a1951de7ce0b,2c3aeb11-0975-4471-b3a2-4847e2a502eb,2026-08-12T16:53:20.945747+00:00,native_windows_x86_64,NATIVE_SOFTWARE,x86_64,"AMD64 Family 23 Model 96 Stepping 1, AuthenticAMD",12,7598,Windows-11-10.0.26200-SP0,N/A (prebuilt Python extension wheel),N/A,N/A (prebuilt wheel),pqcrypto,0.4.0,ML-KEM-1024,keygen,44,199700,,True,
d7fff568-167f-493a-a0a4-a1951de7ce0b,2c3aeb11-0975-4471-b3a2-4847e2a502eb,2026-08-12T16:53:20.946249+00:00,native_windows_x86_64,NATIVE_SOFTWARE,x86_64,"AMD64 Family 23 Model 96 Stepping 1, AuthenticAMD",12,7598,Windows-11-10.0.26200-SP0,N/A (prebuilt Python extension wheel),N/A,N/A (prebuilt wheel),pqcrypto,0.4.0,ML-KEM-1024,encapsulation,44,198900,,True,
d7fff568-167f-493a-a0a4-a1951de7ce0b,2c3aeb11-0975-4471-b3a2-4847e2a502eb,2026-08-12T16:53:20.946500+00:00,native_windows_x86_64,NATIVE_SOFTWARE,x86_64,"AMD64 Family 23 Model 96 Stepping 1, AuthenticAMD",12,7598,Windows-11-10.0.26200-SP0,N/A (prebuilt Python extension wheel),N/A,N/A (prebuilt wheel),pqcrypto,0.4.0,ML-KEM-1024,decapsulation,44,96900,,True,
d7fff568-167f-493a-a0a4-a1951de7ce0b,2c3aeb11-0975-4471-b3a2-4847e2a502eb,2026-08-12T16:53:20.946638+00:00,native_windows_x86_64,NATIVE_SOFTWARE,x86_64,"AMD64 Family 23 Model 96 Stepping 1, AuthenticAMD",12,7598,Windows-11-10.0.26200-SP0,N/A (prebuilt Python extension wheel),N/A,N/A (prebuilt wheel),pqcrypto,0.4.0,ML-KEM-1024,keygen,45,196000,,True,
d7fff568-167f-493a-a0a4-a1951de7ce0b,2c3aeb11-0975-4471-b3a2-4847e2a502eb,2026-08-12T16:53:20.947078+00:00,native_windows_x86_64,NATIVE_SOFTWARE,x86_64,"AMD64 Family 23 Model 96 Stepping 1, AuthenticAMD",12,7598,Windows-11-10.0.26200-SP0,N/A (prebuilt Python extension wheel),N/A,N/A (prebuilt wheel),pqcrypto,0.4.0,ML-KEM-1024,encapsulation,45,202300,,True,
d7fff568-167f-493a-a0a4-a1951de7ce0b,2c3aeb11-0975-4471-b3a2-4847e2a502eb,2026-08-12T16:53:20.947687+00:00,native_windows_x86_64,NATIVE_SOFTWARE,x86_64,"AMD64 Family 23 Model 96 Stepping 1, AuthenticAMD",12,7598,Windows-11-10.0.26200-SP0,N/A (prebuilt Python extension wheel),N/A,N/A (prebuilt wheel),pqcrypto,0.4.0,ML-KEM-1024,decapsulation,45,98500,,True,
d7fff568-167f-493a-a0a4-a1951de7ce0b,2c3aeb11-0975-4471-b3a2-4847e2a502eb,2026-08-12T16:53:20.947827+00:00,native_windows_x86_64,NATIVE_SOFTWARE,x86_64,"AMD64 Family 23 Model 96 Stepping 1, AuthenticAMD",12,7598,Windows-11-10.0.26200-SP0,N/A (prebuilt Python extension wheel),N/A,N/A (prebuilt wheel),pqcrypto,0.4.0,ML-KEM-1024,keygen,46,204400,,True,
d7fff568-167f-493a-a0a4-a1951de7ce0b,2c3aeb11-0975-4471-b3a2-4847e2a502eb,2026-08-12T16:53:20.948276+00:00,native_windows_x86_64,NATIVE_SOFTWARE,x86_64,"AMD64 Family 23 Model 96 Stepping 1, AuthenticAMD",12,7598,Windows-11-10.0.26200-SP0,N/A (prebuilt Python extension wheel),N/A,N/A (prebuilt wheel),pqcrypto,0.4.0,ML-KEM-1024,encapsulation,46,195700,,True,
d7fff568-167f-493a-a0a4-a1951de7ce0b,2c3aeb11-0975-4471-b3a2-4847e2a502eb,2026-08-12T16:53:20.948521+00:00,native_windows_x86_64,NATIVE_SOFTWARE,x86_64,"AMD64 Family 23 Model 96 Stepping 1, AuthenticAMD",12,7598,Windows-11-10.0.26200-SP0,N/A (prebuilt Python extension wheel),N/A,N/A (prebuilt wheel),pqcrypto,0.4.0,ML-KEM-1024,decapsulation,46,96900,,True,
d7fff568-167f-493a-a0a4-a1951de7ce0b,2c3aeb11-0975-4471-b3a2-4847e2a502eb,2026-08-12T16:53:20.948657+00:00,native_windows_x86_64,NATIVE_SOFTWARE,x86_64,"AMD64 Family 23 Model 96 Stepping 1, AuthenticAMD",12,7598,Windows-11-10.0.26200-SP0,N/A (prebuilt Python extension wheel),N/A,N/A (prebuilt wheel),pqcrypto,0.4.0,ML-KEM-1024,keygen,47,197000,,True,
d7fff568-167f-493a-a0a4-a1951de7ce0b,2c3aeb11-0975-4471-b3a2-4847e2a502eb,2026-08-12T16:53:20.949093+00:00,native_windows_x86_64,NATIVE_SOFTWARE,x86_64,"AMD64 Family 23 Model 96 Stepping 1, AuthenticAMD",12,7598,Windows-11-10.0.26200-SP0,N/A (prebuilt Python extension wheel),N/A,N/A (prebuilt wheel),pqcrypto,0.4.0,ML-KEM-1024,encapsulation,47,208300,,True,
d7fff568-167f-493a-a0a4-a1951de7ce0b,2c3aeb11-0975-4471-b3a2-4847e2a502eb,2026-08-12T16:53:20.949352+00:00,native_windows_x86_64,NATIVE_SOFTWARE,x86_64,"AMD64 Family 23 Model 96 Stepping 1, AuthenticAMD",12,7598,Windows-11-10.0.26200-SP0,N/A (prebuilt Python extension wheel),N/A,N/A (prebuilt wheel),pqcrypto,0.4.0,ML-KEM-1024,decapsulation,47,97300,,True,
d7fff568-167f-493a-a0a4-a1951de7ce0b,2c3aeb11-0975-4471-b3a2-4847e2a502eb,2026-08-12T16:53:20.949489+00:00,native_windows_x86_64,NATIVE_SOFTWARE,x86_64,"AMD64 Family 23 Model 96 Stepping 1, AuthenticAMD",12,7598,Windows-11-10.0.26200-SP0,N/A (prebuilt Python extension wheel),N/A,N/A (prebuilt wheel),pqcrypto,0.4.0,ML-KEM-1024,keygen,48,197400,,True,
d7fff568-167f-493a-a0a4-a1951de7ce0b,2c3aeb11-0975-4471-b3a2-4847e2a502eb,2026-08-12T16:53:20.949931+00:00,native_windows_x86_64,NATIVE_SOFTWARE,x86_64,"AMD64 Family 23 Model 96 Stepping 1, AuthenticAMD",12,7598,Windows-11-10.0.26200-SP0,N/A (prebuilt Python extension wheel),N/A,N/A (prebuilt wheel),pqcrypto,0.4.0,ML-KEM-1024,encapsulation,48,200000,,True,
d7fff568-167f-493a-a0a4-a1951de7ce0b,2c3aeb11-0975-4471-b3a2-4847e2a502eb,2026-08-12T16:53:20.950182+00:00,native_windows_x86_64,NATIVE_SOFTWARE,x86_64,"AMD64 Family 23 Model 96 Stepping 1, AuthenticAMD",12,7598,Windows-11-10.0.26200-SP0,N/A (prebuilt Python extension wheel),N/A,N/A (prebuilt wheel),pqcrypto,0.4.0,ML-KEM-1024,decapsulation,48,97600,,True,
d7fff568-167f-493a-a0a4-a1951de7ce0b,2c3aeb11-0975-4471-b3a2-4847e2a502eb,2026-08-12T16:53:20.950320+00:00,native_windows_x86_64,NATIVE_SOFTWARE,x86_64,"AMD64 Family 23 Model 96 Stepping 1, AuthenticAMD",12,7598,Windows-11-10.0.26200-SP0,N/A (prebuilt Python extension wheel),N/A,N/A (prebuilt wheel),pqcrypto,0.4.0,ML-KEM-1024,keygen,49,196200,,True,
d7fff568-167f-493a-a0a4-a1951de7ce0b,2c3aeb11-0975-4471-b3a2-4847e2a502eb,2026-08-12T16:53:20.950756+00:00,native_windows_x86_64,NATIVE_SOFTWARE,x86_64,"AMD64 Family 23 Model 96 Stepping 1, AuthenticAMD",12,7598,Windows-11-10.0.26200-SP0,N/A (prebuilt Python extension wheel),N/A,N/A (prebuilt wheel),pqcrypto,0.4.0,ML-KEM-1024,encapsulation,49,207400,,True,
d7fff568-167f-493a-a0a4-a1951de7ce0b,2c3aeb11-0975-4471-b3a2-4847e2a502eb,2026-08-12T16:53:20.951014+00:00,native_windows_x86_64,NATIVE_SOFTWARE,x86_64,"AMD64 Family 23 Model 96 Stepping 1, AuthenticAMD",12,7598,Windows-11-10.0.26200-SP0,N/A (prebuilt Python extension wheel),N/A,N/A (prebuilt wheel),pqcrypto,0.4.0,ML-KEM-1024,decapsulation,49,97100,,True,
d7fff568-167f-493a-a0a4-a1951de7ce0b,2c3aeb11-0975-4471-b3a2-4847e2a502eb,2026-08-12T16:53:20.951150+00:00,native_windows_x86_64,NATIVE_SOFTWARE,x86_64,"AMD64 Family 23 Model 96 Stepping 1, AuthenticAMD",12,7598,Windows-11-10.0.26200-SP0,N/A (prebuilt Python extension wheel),N/A,N/A (prebuilt wheel),pqcrypto,0.4.0,ML-KEM-1024,keygen,50,198300,,True,
d7fff568-167f-493a-a0a4-a1951de7ce0b,2c3aeb11-0975-4471-b3a2-4847e2a502eb,2026-08-12T16:53:20.951587+00:00,native_windows_x86_64,NATIVE_SOFTWARE,x86_64,"AMD64 Family 23 Model 96 Stepping 1, AuthenticAMD",12,7598,Windows-11-10.0.26200-SP0,N/A (prebuilt Python extension wheel),N/A,N/A (prebuilt wheel),pqcrypto,0.4.0,ML-KEM-1024,encapsulation,50,196400,,True,
d7fff568-167f-493a-a0a4-a1951de7ce0b,2c3aeb11-0975-4471-b3a2-4847e2a502eb,2026-08-12T16:53:20.951834+00:00,native_windows_x86_64,NATIVE_SOFTWARE,x86_64,"AMD64 Family 23 Model 96 Stepping 1, AuthenticAMD",12,7598,Windows-11-10.0.26200-SP0,N/A (prebuilt Python extension wheel),N/A,N/A (prebuilt wheel),pqcrypto,0.4.0,ML-KEM-1024,decapsulation,50,104100,,True,
d7fff568-167f-493a-a0a4-a1951de7ce0b,2c3aeb11-0975-4471-b3a2-4847e2a502eb,2026-08-12T16:53:20.951980+00:00,native_windows_x86_64,NATIVE_SOFTWARE,x86_64,"AMD64 Family 23 Model 96 Stepping 1, AuthenticAMD",12,7598,Windows-11-10.0.26200-SP0,N/A (prebuilt Python extension wheel),N/A,N/A (prebuilt wheel),pqcrypto,0.4.0,ML-KEM-1024,keygen,51,197000,,True,
d7fff568-167f-493a-a0a4-a1951de7ce0b,2c3aeb11-0975-4471-b3a2-4847e2a502eb,2026-08-12T16:53:20.952421+00:00,native_windows_x86_64,NATIVE_SOFTWARE,x86_64,"AMD64 Family 23 Model 96 Stepping 1, AuthenticAMD",12,7598,Windows-11-10.0.26200-SP0,N/A (prebuilt Python extension wheel),N/A,N/A (prebuilt wheel),pqcrypto,0.4.0,ML-KEM-1024,encapsulation,51,197900,,True,
d7fff568-167f-493a-a0a4-a1951de7ce0b,2c3aeb11-0975-4471-b3a2-4847e2a502eb,2026-08-12T16:53:20.952669+00:00,native_windows_x86_64,NATIVE_SOFTWARE,x86_64,"AMD64 Family 23 Model 96 Stepping 1, AuthenticAMD",12,7598,Windows-11-10.0.26200-SP0,N/A (prebuilt Python extension wheel),N/A,N/A (prebuilt wheel),pqcrypto,0.4.0,ML-KEM-1024,decapsulation,51,97400,,True,
d7fff568-167f-493a-a0a4-a1951de7ce0b,2c3aeb11-0975-4471-b3a2-4847e2a502eb,2026-08-12T16:53:20.952805+00:00,native_windows_x86_64,NATIVE_SOFTWARE,x86_64,"AMD64 Family 23 Model 96 Stepping 1, AuthenticAMD",12,7598,Windows-11-10.0.26200-SP0,N/A (prebuilt Python extension wheel),N/A,N/A (prebuilt wheel),pqcrypto,0.4.0,ML-KEM-1024,keygen,52,196100,,True,
d7fff568-167f-493a-a0a4-a1951de7ce0b,2c3aeb11-0975-4471-b3a2-4847e2a502eb,2026-08-12T16:53:20.953242+00:00,native_windows_x86_64,NATIVE_SOFTWARE,x86_64,"AMD64 Family 23 Model 96 Stepping 1, AuthenticAMD",12,7598,Windows-11-10.0.26200-SP0,N/A (prebuilt Python extension wheel),N/A,N/A (prebuilt wheel),pqcrypto,0.4.0,ML-KEM-1024,encapsulation,52,197000,,True,
d7fff568-167f-493a-a0a4-a1951de7ce0b,2c3aeb11-0975-4471-b3a2-4847e2a502eb,2026-08-12T16:53:20.953490+00:00,native_windows_x86_64,NATIVE_SOFTWARE,x86_64,"AMD64 Family 23 Model 96 Stepping 1, AuthenticAMD",12,7598,Windows-11-10.0.26200-SP0,N/A (prebuilt Python extension wheel),N/A,N/A (prebuilt wheel),pqcrypto,0.4.0,ML-KEM-1024,decapsulation,52,97300,,True,
d7fff568-167f-493a-a0a4-a1951de7ce0b,2c3aeb11-0975-4471-b3a2-4847e2a502eb,2026-08-12T16:53:20.953627+00:00,native_windows_x86_64,NATIVE_SOFTWARE,x86_64,"AMD64 Family 23 Model 96 Stepping 1, AuthenticAMD",12,7598,Windows-11-10.0.26200-SP0,N/A (prebuilt Python extension wheel),N/A,N/A (prebuilt wheel),pqcrypto,0.4.0,ML-KEM-1024,keygen,53,195500,,True,
d7fff568-167f-493a-a0a4-a1951de7ce0b,2c3aeb11-0975-4471-b3a2-4847e2a502eb,2026-08-12T16:53:20.954068+00:00,native_windows_x86_64,NATIVE_SOFTWARE,x86_64,"AMD64 Family 23 Model 96 Stepping 1, AuthenticAMD",12,7598,Windows-11-10.0.26200-SP0,N/A (prebuilt Python extension wheel),N/A,N/A (prebuilt wheel),pqcrypto,0.4.0,ML-KEM-1024,encapsulation,53,198600,,True,
d7fff568-167f-493a-a0a4-a1951de7ce0b,2c3aeb11-0975-4471-b3a2-4847e2a502eb,2026-08-12T16:53:20.954316+00:00,native_windows_x86_64,NATIVE_SOFTWARE,x86_64,"AMD64 Family 23 Model 96 Stepping 1, AuthenticAMD",12,7598,Windows-11-10.0.26200-SP0,N/A (prebuilt Python extension wheel),N/A,N/A (prebuilt wheel),pqcrypto,0.4.0,ML-KEM-1024,decapsulation,53,122200,,True,
d7fff568-167f-493a-a0a4-a1951de7ce0b,2c3aeb11-0975-4471-b3a2-4847e2a502eb,2026-08-12T16:53:20.954508+00:00,native_windows_x86_64,NATIVE_SOFTWARE,x86_64,"AMD64 Family 23 Model 96 Stepping 1, AuthenticAMD",12,7598,Windows-11-10.0.26200-SP0,N/A (prebuilt Python extension wheel),N/A,N/A (prebuilt wheel),pqcrypto,0.4.0,ML-KEM-1024,keygen,54,284600,,True,
d7fff568-167f-493a-a0a4-a1951de7ce0b,2c3aeb11-0975-4471-b3a2-4847e2a502eb,2026-08-12T16:53:20.955080+00:00,native_windows_x86_64,NATIVE_SOFTWARE,x86_64,"AMD64 Family 23 Model 96 Stepping 1, AuthenticAMD",12,7598,Windows-11-10.0.26200-SP0,N/A (prebuilt Python extension wheel),N/A,N/A (prebuilt wheel),pqcrypto,0.4.0,ML-KEM-1024,encapsulation,54,201000,,True,
d7fff568-167f-493a-a0a4-a1951de7ce0b,2c3aeb11-0975-4471-b3a2-4847e2a502eb,2026-08-12T16:53:20.955362+00:00,native_windows_x86_64,NATIVE_SOFTWARE,x86_64,"AMD64 Family 23 Model 96 Stepping 1, AuthenticAMD",12,7598,Windows-11-10.0.26200-SP0,N/A (prebuilt Python extension wheel),N/A,N/A (prebuilt wheel),pqcrypto,0.4.0,ML-KEM-1024,decapsulation,54,98500,,True,
d7fff568-167f-493a-a0a4-a1951de7ce0b,2c3aeb11-0975-4471-b3a2-4847e2a502eb,2026-08-12T16:53:20.955504+00:00,native_windows_x86_64,NATIVE_SOFTWARE,x86_64,"AMD64 Family 23 Model 96 Stepping 1, AuthenticAMD",12,7598,Windows-11-10.0.26200-SP0,N/A (prebuilt Python extension wheel),N/A,N/A (prebuilt wheel),pqcrypto,0.4.0,ML-KEM-1024,keygen,55,213800,,True,
d7fff568-167f-493a-a0a4-a1951de7ce0b,2c3aeb11-0975-4471-b3a2-4847e2a502eb,2026-08-12T16:53:20.955964+00:00,native_windows_x86_64,NATIVE_SOFTWARE,x86_64,"AMD64 Family 23 Model 96 Stepping 1, AuthenticAMD",12,7598,Windows-11-10.0.26200-SP0,N/A (prebuilt Python extension wheel),N/A,N/A (prebuilt wheel),pqcrypto,0.4.0,ML-KEM-1024,encapsulation,55,198400,,True,
d7fff568-167f-493a-a0a4-a1951de7ce0b,2c3aeb11-0975-4471-b3a2-4847e2a502eb,2026-08-12T16:53:20.956214+00:00,native_windows_x86_64,NATIVE_SOFTWARE,x86_64,"AMD64 Family 23 Model 96 Stepping 1, AuthenticAMD",12,7598,Windows-11-10.0.26200-SP0,N/A (prebuilt Python extension wheel),N/A,N/A (prebuilt wheel),pqcrypto,0.4.0,ML-KEM-1024,decapsulation,55,96900,,True,
d7fff568-167f-493a-a0a4-a1951de7ce0b,2c3aeb11-0975-4471-b3a2-4847e2a502eb,2026-08-12T16:53:20.956352+00:00,native_windows_x86_64,NATIVE_SOFTWARE,x86_64,"AMD64 Family 23 Model 96 Stepping 1, AuthenticAMD",12,7598,Windows-11-10.0.26200-SP0,N/A (prebuilt Python extension wheel),N/A,N/A (prebuilt wheel),pqcrypto,0.4.0,ML-KEM-1024,keygen,56,230800,,True,
d7fff568-167f-493a-a0a4-a1951de7ce0b,2c3aeb11-0975-4471-b3a2-4847e2a502eb,2026-08-12T16:53:20.956825+00:00,native_windows_x86_64,NATIVE_SOFTWARE,x86_64,"AMD64 Family 23 Model 96 Stepping 1, AuthenticAMD",12,7598,Windows-11-10.0.26200-SP0,N/A (prebuilt Python extension wheel),N/A,N/A (prebuilt wheel),pqcrypto,0.4.0,ML-KEM-1024,encapsulation,56,197300,,True,
d7fff568-167f-493a-a0a4-a1951de7ce0b,2c3aeb11-0975-4471-b3a2-4847e2a502eb,2026-08-12T16:53:20.957073+00:00,native_windows_x86_64,NATIVE_SOFTWARE,x86_64,"AMD64 Family 23 Model 96 Stepping 1, AuthenticAMD",12,7598,Windows-11-10.0.26200-SP0,N/A (prebuilt Python extension wheel),N/A,N/A (prebuilt wheel),pqcrypto,0.4.0,ML-KEM-1024,decapsulation,56,98300,,True,
d7fff568-167f-493a-a0a4-a1951de7ce0b,2c3aeb11-0975-4471-b3a2-4847e2a502eb,2026-08-12T16:53:20.957212+00:00,native_windows_x86_64,NATIVE_SOFTWARE,x86_64,"AMD64 Family 23 Model 96 Stepping 1, AuthenticAMD",12,7598,Windows-11-10.0.26200-SP0,N/A (prebuilt Python extension wheel),N/A,N/A (prebuilt wheel),pqcrypto,0.4.0,ML-KEM-1024,keygen,57,225900,,True,
d7fff568-167f-493a-a0a4-a1951de7ce0b,2c3aeb11-0975-4471-b3a2-4847e2a502eb,2026-08-12T16:53:20.957678+00:00,native_windows_x86_64,NATIVE_SOFTWARE,x86_64,"AMD64 Family 23 Model 96 Stepping 1, AuthenticAMD",12,7598,Windows-11-10.0.26200-SP0,N/A (prebuilt Python extension wheel),N/A,N/A (prebuilt wheel),pqcrypto,0.4.0,ML-KEM-1024,encapsulation,57,203200,,True,
d7fff568-167f-493a-a0a4-a1951de7ce0b,2c3aeb11-0975-4471-b3a2-4847e2a502eb,2026-08-12T16:53:20.957931+00:00,native_windows_x86_64,NATIVE_SOFTWARE,x86_64,"AMD64 Family 23 Model 96 Stepping 1, AuthenticAMD",12,7598,Windows-11-10.0.26200-SP0,N/A (prebuilt Python extension wheel),N/A,N/A (prebuilt wheel),pqcrypto,0.4.0,ML-KEM-1024,decapsulation,57,96900,,True,
d7fff568-167f-493a-a0a4-a1951de7ce0b,2c3aeb11-0975-4471-b3a2-4847e2a502eb,2026-08-12T16:53:20.958069+00:00,native_windows_x86_64,NATIVE_SOFTWARE,x86_64,"AMD64 Family 23 Model 96 Stepping 1, AuthenticAMD",12,7598,Windows-11-10.0.26200-SP0,N/A (prebuilt Python extension wheel),N/A,N/A (prebuilt wheel),pqcrypto,0.4.0,ML-KEM-1024,keygen,58,199600,,True,
d7fff568-167f-493a-a0a4-a1951de7ce0b,2c3aeb11-0975-4471-b3a2-4847e2a502eb,2026-08-12T16:53:20.958510+00:00,native_windows_x86_64,NATIVE_SOFTWARE,x86_64,"AMD64 Family 23 Model 96 Stepping 1, AuthenticAMD",12,7598,Windows-11-10.0.26200-SP0,N/A (prebuilt Python extension wheel),N/A,N/A (prebuilt wheel),pqcrypto,0.4.0,ML-KEM-1024,encapsulation,58,203900,,True,
d7fff568-167f-493a-a0a4-a1951de7ce0b,2c3aeb11-0975-4471-b3a2-4847e2a502eb,2026-08-12T16:53:20.958765+00:00,native_windows_x86_64,NATIVE_SOFTWARE,x86_64,"AMD64 Family 23 Model 96 Stepping 1, AuthenticAMD",12,7598,Windows-11-10.0.26200-SP0,N/A (prebuilt Python extension wheel),N/A,N/A (prebuilt wheel),pqcrypto,0.4.0,ML-KEM-1024,decapsulation,58,97600,,True,
d7fff568-167f-493a-a0a4-a1951de7ce0b,2c3aeb11-0975-4471-b3a2-4847e2a502eb,2026-08-12T16:53:20.958905+00:00,native_windows_x86_64,NATIVE_SOFTWARE,x86_64,"AMD64 Family 23 Model 96 Stepping 1, AuthenticAMD",12,7598,Windows-11-10.0.26200-SP0,N/A (prebuilt Python extension wheel),N/A,N/A (prebuilt wheel),pqcrypto,0.4.0,ML-KEM-1024,keygen,59,196800,,True,
d7fff568-167f-493a-a0a4-a1951de7ce0b,2c3aeb11-0975-4471-b3a2-4847e2a502eb,2026-08-12T16:53:20.959344+00:00,native_windows_x86_64,NATIVE_SOFTWARE,x86_64,"AMD64 Family 23 Model 96 Stepping 1, AuthenticAMD",12,7598,Windows-11-10.0.26200-SP0,N/A (prebuilt Python extension wheel),N/A,N/A (prebuilt wheel),pqcrypto,0.4.0,ML-KEM-1024,encapsulation,59,198300,,True,
d7fff568-167f-493a-a0a4-a1951de7ce0b,2c3aeb11-0975-4471-b3a2-4847e2a502eb,2026-08-12T16:53:20.959594+00:00,native_windows_x86_64,NATIVE_SOFTWARE,x86_64,"AMD64 Family 23 Model 96 Stepping 1, AuthenticAMD",12,7598,Windows-11-10.0.26200-SP0,N/A (prebuilt Python extension wheel),N/A,N/A (prebuilt wheel),pqcrypto,0.4.0,ML-KEM-1024,decapsulation,59,97400,,True,
d7fff568-167f-493a-a0a4-a1951de7ce0b,2c3aeb11-0975-4471-b3a2-4847e2a502eb,2026-08-12T16:53:20.959734+00:00,native_windows_x86_64,NATIVE_SOFTWARE,x86_64,"AMD64 Family 23 Model 96 Stepping 1, AuthenticAMD",12,7598,Windows-11-10.0.26200-SP0,N/A (prebuilt Python extension wheel),N/A,N/A (prebuilt wheel),pqcrypto,0.4.0,ML-KEM-1024,keygen,60,198500,,True,
d7fff568-167f-493a-a0a4-a1951de7ce0b,2c3aeb11-0975-4471-b3a2-4847e2a502eb,2026-08-12T16:53:20.960172+00:00,native_windows_x86_64,NATIVE_SOFTWARE,x86_64,"AMD64 Family 23 Model 96 Stepping 1, AuthenticAMD",12,7598,Windows-11-10.0.26200-SP0,N/A (prebuilt Python extension wheel),N/A,N/A (prebuilt wheel),pqcrypto,0.4.0,ML-KEM-1024,encapsulation,60,197500,,True,
d7fff568-167f-493a-a0a4-a1951de7ce0b,2c3aeb11-0975-4471-b3a2-4847e2a502eb,2026-08-12T16:53:20.960421+00:00,native_windows_x86_64,NATIVE_SOFTWARE,x86_64,"AMD64 Family 23 Model 96 Stepping 1, AuthenticAMD",12,7598,Windows-11-10.0.26200-SP0,N/A (prebuilt Python extension wheel),N/A,N/A (prebuilt wheel),pqcrypto,0.4.0,ML-KEM-1024,decapsulation,60,97400,,True,
d7fff568-167f-493a-a0a4-a1951de7ce0b,2c3aeb11-0975-4471-b3a2-4847e2a502eb,2026-08-12T16:53:20.960559+00:00,native_windows_x86_64,NATIVE_SOFTWARE,x86_64,"AMD64 Family 23 Model 96 Stepping 1, AuthenticAMD",12,7598,Windows-11-10.0.26200-SP0,N/A (prebuilt Python extension wheel),N/A,N/A (prebuilt wheel),pqcrypto,0.4.0,ML-KEM-1024,keygen,61,202500,,True,
d7fff568-167f-493a-a0a4-a1951de7ce0b,2c3aeb11-0975-4471-b3a2-4847e2a502eb,2026-08-12T16:53:20.961010+00:00,native_windows_x86_64,NATIVE_SOFTWARE,x86_64,"AMD64 Family 23 Model 96 Stepping 1, AuthenticAMD",12,7598,Windows-11-10.0.26200-SP0,N/A (prebuilt Python extension wheel),N/A,N/A (prebuilt wheel),pqcrypto,0.4.0,ML-KEM-1024,encapsulation,61,196000,,True,
d7fff568-167f-493a-a0a4-a1951de7ce0b,2c3aeb11-0975-4471-b3a2-4847e2a502eb,2026-08-12T16:53:20.961257+00:00,native_windows_x86_64,NATIVE_SOFTWARE,x86_64,"AMD64 Family 23 Model 96 Stepping 1, AuthenticAMD",12,7598,Windows-11-10.0.26200-SP0,N/A (prebuilt Python extension wheel),N/A,N/A (prebuilt wheel),pqcrypto,0.4.0,ML-KEM-1024,decapsulation,61,97000,,True,
d7fff568-167f-493a-a0a4-a1951de7ce0b,2c3aeb11-0975-4471-b3a2-4847e2a502eb,2026-08-12T16:53:20.961394+00:00,native_windows_x86_64,NATIVE_SOFTWARE,x86_64,"AMD64 Family 23 Model 96 Stepping 1, AuthenticAMD",12,7598,Windows-11-10.0.26200-SP0,N/A (prebuilt Python extension wheel),N/A,N/A (prebuilt wheel),pqcrypto,0.4.0,ML-KEM-1024,keygen,62,197000,,True,
d7fff568-167f-493a-a0a4-a1951de7ce0b,2c3aeb11-0975-4471-b3a2-4847e2a502eb,2026-08-12T16:53:20.961831+00:00,native_windows_x86_64,NATIVE_SOFTWARE,x86_64,"AMD64 Family 23 Model 96 Stepping 1, AuthenticAMD",12,7598,Windows-11-10.0.26200-SP0,N/A (prebuilt Python extension wheel),N/A,N/A (prebuilt wheel),pqcrypto,0.4.0,ML-KEM-1024,encapsulation,62,204200,,True,
d7fff568-167f-493a-a0a4-a1951de7ce0b,2c3aeb11-0975-4471-b3a2-4847e2a502eb,2026-08-12T16:53:20.962086+00:00,native_windows_x86_64,NATIVE_SOFTWARE,x86_64,"AMD64 Family 23 Model 96 Stepping 1, AuthenticAMD",12,7598,Windows-11-10.0.26200-SP0,N/A (prebuilt Python extension wheel),N/A,N/A (prebuilt wheel),pqcrypto,0.4.0,ML-KEM-1024,decapsulation,62,97500,,True,
d7fff568-167f-493a-a0a4-a1951de7ce0b,2c3aeb11-0975-4471-b3a2-4847e2a502eb,2026-08-12T16:53:20.962224+00:00,native_windows_x86_64,NATIVE_SOFTWARE,x86_64,"AMD64 Family 23 Model 96 Stepping 1, AuthenticAMD",12,7598,Windows-11-10.0.26200-SP0,N/A (prebuilt Python extension wheel),N/A,N/A (prebuilt wheel),pqcrypto,0.4.0,ML-KEM-1024,keygen,63,196700,,True,
d7fff568-167f-493a-a0a4-a1951de7ce0b,2c3aeb11-0975-4471-b3a2-4847e2a502eb,2026-08-12T16:53:20.962661+00:00,native_windows_x86_64,NATIVE_SOFTWARE,x86_64,"AMD64 Family 23 Model 96 Stepping 1, AuthenticAMD",12,7598,Windows-11-10.0.26200-SP0,N/A (prebuilt Python extension wheel),N/A,N/A (prebuilt wheel),pqcrypto,0.4.0,ML-KEM-1024,encapsulation,63,195400,,True,
d7fff568-167f-493a-a0a4-a1951de7ce0b,2c3aeb11-0975-4471-b3a2-4847e2a502eb,2026-08-12T16:53:20.962906+00:00,native_windows_x86_64,NATIVE_SOFTWARE,x86_64,"AMD64 Family 23 Model 96 Stepping 1, AuthenticAMD",12,7598,Windows-11-10.0.26200-SP0,N/A (prebuilt Python extension wheel),N/A,N/A (prebuilt wheel),pqcrypto,0.4.0,ML-KEM-1024,decapsulation,63,96700,,True,
d7fff568-167f-493a-a0a4-a1951de7ce0b,2c3aeb11-0975-4471-b3a2-4847e2a502eb,2026-08-12T16:53:20.963042+00:00,native_windows_x86_64,NATIVE_SOFTWARE,x86_64,"AMD64 Family 23 Model 96 Stepping 1, AuthenticAMD",12,7598,Windows-11-10.0.26200-SP0,N/A (prebuilt Python extension wheel),N/A,N/A (prebuilt wheel),pqcrypto,0.4.0,ML-KEM-1024,keygen,64,197600,,True,
d7fff568-167f-493a-a0a4-a1951de7ce0b,2c3aeb11-0975-4471-b3a2-4847e2a502eb,2026-08-12T16:53:20.963480+00:00,native_windows_x86_64,NATIVE_SOFTWARE,x86_64,"AMD64 Family 23 Model 96 Stepping 1, AuthenticAMD",12,7598,Windows-11-10.0.26200-SP0,N/A (prebuilt Python extension wheel),N/A,N/A (prebuilt wheel),pqcrypto,0.4.0,ML-KEM-1024,encapsulation,64,196600,,True,
d7fff568-167f-493a-a0a4-a1951de7ce0b,2c3aeb11-0975-4471-b3a2-4847e2a502eb,2026-08-12T16:53:20.963728+00:00,native_windows_x86_64,NATIVE_SOFTWARE,x86_64,"AMD64 Family 23 Model 96 Stepping 1, AuthenticAMD",12,7598,Windows-11-10.0.26200-SP0,N/A (prebuilt Python extension wheel),N/A,N/A (prebuilt wheel),pqcrypto,0.4.0,ML-KEM-1024,decapsulation,64,97700,,True,
d7fff568-167f-493a-a0a4-a1951de7ce0b,2c3aeb11-0975-4471-b3a2-4847e2a502eb,2026-08-12T16:53:20.963865+00:00,native_windows_x86_64,NATIVE_SOFTWARE,x86_64,"AMD64 Family 23 Model 96 Stepping 1, AuthenticAMD",12,7598,Windows-11-10.0.26200-SP0,N/A (prebuilt Python extension wheel),N/A,N/A (prebuilt wheel),pqcrypto,0.4.0,ML-KEM-1024,keygen,65,198700,,True,
d7fff568-167f-493a-a0a4-a1951de7ce0b,2c3aeb11-0975-4471-b3a2-4847e2a502eb,2026-08-12T16:53:20.964306+00:00,native_windows_x86_64,NATIVE_SOFTWARE,x86_64,"AMD64 Family 23 Model 96 Stepping 1, AuthenticAMD",12,7598,Windows-11-10.0.26200-SP0,N/A (prebuilt Python extension wheel),N/A,N/A (prebuilt wheel),pqcrypto,0.4.0,ML-KEM-1024,encapsulation,65,210800,,True,
d7fff568-167f-493a-a0a4-a1951de7ce0b,2c3aeb11-0975-4471-b3a2-4847e2a502eb,2026-08-12T16:53:20.964568+00:00,native_windows_x86_64,NATIVE_SOFTWARE,x86_64,"AMD64 Family 23 Model 96 Stepping 1, AuthenticAMD",12,7598,Windows-11-10.0.26200-SP0,N/A (prebuilt Python extension wheel),N/A,N/A (prebuilt wheel),pqcrypto,0.4.0,ML-KEM-1024,decapsulation,65,97600,,True,
d7fff568-167f-493a-a0a4-a1951de7ce0b,2c3aeb11-0975-4471-b3a2-4847e2a502eb,2026-08-12T16:53:20.964705+00:00,native_windows_x86_64,NATIVE_SOFTWARE,x86_64,"AMD64 Family 23 Model 96 Stepping 1, AuthenticAMD",12,7598,Windows-11-10.0.26200-SP0,N/A (prebuilt Python extension wheel),N/A,N/A (prebuilt wheel),pqcrypto,0.4.0,ML-KEM-1024,keygen,66,196100,,True,
d7fff568-167f-493a-a0a4-a1951de7ce0b,2c3aeb11-0975-4471-b3a2-4847e2a502eb,2026-08-12T16:53:20.965139+00:00,native_windows_x86_64,NATIVE_SOFTWARE,x86_64,"AMD64 Family 23 Model 96 Stepping 1, AuthenticAMD",12,7598,Windows-11-10.0.26200-SP0,N/A (prebuilt Python extension wheel),N/A,N/A (prebuilt wheel),pqcrypto,0.4.0,ML-KEM-1024,encapsulation,66,198600,,True,
d7fff568-167f-493a-a0a4-a1951de7ce0b,2c3aeb11-0975-4471-b3a2-4847e2a502eb,2026-08-12T16:53:20.965388+00:00,native_windows_x86_64,NATIVE_SOFTWARE,x86_64,"AMD64 Family 23 Model 96 Stepping 1, AuthenticAMD",12,7598,Windows-11-10.0.26200-SP0,N/A (prebuilt Python extension wheel),N/A,N/A (prebuilt wheel),pqcrypto,0.4.0,ML-KEM-1024,decapsulation,66,96900,,True,
d7fff568-167f-493a-a0a4-a1951de7ce0b,2c3aeb11-0975-4471-b3a2-4847e2a502eb,2026-08-12T16:53:20.965532+00:00,native_windows_x86_64,NATIVE_SOFTWARE,x86_64,"AMD64 Family 23 Model 96 Stepping 1, AuthenticAMD",12,7598,Windows-11-10.0.26200-SP0,N/A (prebuilt Python extension wheel),N/A,N/A (prebuilt wheel),pqcrypto,0.4.0,ML-KEM-1024,keygen,67,195700,,True,
d7fff568-167f-493a-a0a4-a1951de7ce0b,2c3aeb11-0975-4471-b3a2-4847e2a502eb,2026-08-12T16:53:20.965970+00:00,native_windows_x86_64,NATIVE_SOFTWARE,x86_64,"AMD64 Family 23 Model 96 Stepping 1, AuthenticAMD",12,7598,Windows-11-10.0.26200-SP0,N/A (prebuilt Python extension wheel),N/A,N/A (prebuilt wheel),pqcrypto,0.4.0,ML-KEM-1024,encapsulation,67,196600,,True,
d7fff568-167f-493a-a0a4-a1951de7ce0b,2c3aeb11-0975-4471-b3a2-4847e2a502eb,2026-08-12T16:53:20.966220+00:00,native_windows_x86_64,NATIVE_SOFTWARE,x86_64,"AMD64 Family 23 Model 96 Stepping 1, AuthenticAMD",12,7598,Windows-11-10.0.26200-SP0,N/A (prebuilt Python extension wheel),N/A,N/A (prebuilt wheel),pqcrypto,0.4.0,ML-KEM-1024,decapsulation,67,97000,,True,
d7fff568-167f-493a-a0a4-a1951de7ce0b,2c3aeb11-0975-4471-b3a2-4847e2a502eb,2026-08-12T16:53:20.966357+00:00,native_windows_x86_64,NATIVE_SOFTWARE,x86_64,"AMD64 Family 23 Model 96 Stepping 1, AuthenticAMD",12,7598,Windows-11-10.0.26200-SP0,N/A (prebuilt Python extension wheel),N/A,N/A (prebuilt wheel),pqcrypto,0.4.0,ML-KEM-1024,keygen,68,199000,,True,
d7fff568-167f-493a-a0a4-a1951de7ce0b,2c3aeb11-0975-4471-b3a2-4847e2a502eb,2026-08-12T16:53:20.967144+00:00,native_windows_x86_64,NATIVE_SOFTWARE,x86_64,"AMD64 Family 23 Model 96 Stepping 1, AuthenticAMD",12,7598,Windows-11-10.0.26200-SP0,N/A (prebuilt Python extension wheel),N/A,N/A (prebuilt wheel),pqcrypto,0.4.0,ML-KEM-1024,encapsulation,68,201300,,True,
d7fff568-167f-493a-a0a4-a1951de7ce0b,2c3aeb11-0975-4471-b3a2-4847e2a502eb,2026-08-12T16:53:20.967396+00:00,native_windows_x86_64,NATIVE_SOFTWARE,x86_64,"AMD64 Family 23 Model 96 Stepping 1, AuthenticAMD",12,7598,Windows-11-10.0.26200-SP0,N/A (prebuilt Python extension wheel),N/A,N/A (prebuilt wheel),pqcrypto,0.4.0,ML-KEM-1024,decapsulation,68,97800,,True,
d7fff568-167f-493a-a0a4-a1951de7ce0b,2c3aeb11-0975-4471-b3a2-4847e2a502eb,2026-08-12T16:53:20.967533+00:00,native_windows_x86_64,NATIVE_SOFTWARE,x86_64,"AMD64 Family 23 Model 96 Stepping 1, AuthenticAMD",12,7598,Windows-11-10.0.26200-SP0,N/A (prebuilt Python extension wheel),N/A,N/A (prebuilt wheel),pqcrypto,0.4.0,ML-KEM-1024,keygen,69,196700,,True,
d7fff568-167f-493a-a0a4-a1951de7ce0b,2c3aeb11-0975-4471-b3a2-4847e2a502eb,2026-08-12T16:53:20.967973+00:00,native_windows_x86_64,NATIVE_SOFTWARE,x86_64,"AMD64 Family 23 Model 96 Stepping 1, AuthenticAMD",12,7598,Windows-11-10.0.26200-SP0,N/A (prebuilt Python extension wheel),N/A,N/A (prebuilt wheel),pqcrypto,0.4.0,ML-KEM-1024,encapsulation,69,197500,,True,
d7fff568-167f-493a-a0a4-a1951de7ce0b,2c3aeb11-0975-4471-b3a2-4847e2a502eb,2026-08-12T16:53:20.968220+00:00,native_windows_x86_64,NATIVE_SOFTWARE,x86_64,"AMD64 Family 23 Model 96 Stepping 1, AuthenticAMD",12,7598,Windows-11-10.0.26200-SP0,N/A (prebuilt Python extension wheel),N/A,N/A (prebuilt wheel),pqcrypto,0.4.0,ML-KEM-1024,decapsulation,69,100900,,True,
d7fff568-167f-493a-a0a4-a1951de7ce0b,2c3aeb11-0975-4471-b3a2-4847e2a502eb,2026-08-12T16:53:20.968360+00:00,native_windows_x86_64,NATIVE_SOFTWARE,x86_64,"AMD64 Family 23 Model 96 Stepping 1, AuthenticAMD",12,7598,Windows-11-10.0.26200-SP0,N/A (prebuilt Python extension wheel),N/A,N/A (prebuilt wheel),pqcrypto,0.4.0,ML-KEM-1024,keygen,70,195600,,True,
d7fff568-167f-493a-a0a4-a1951de7ce0b,2c3aeb11-0975-4471-b3a2-4847e2a502eb,2026-08-12T16:53:20.968793+00:00,native_windows_x86_64,NATIVE_SOFTWARE,x86_64,"AMD64 Family 23 Model 96 Stepping 1, AuthenticAMD",12,7598,Windows-11-10.0.26200-SP0,N/A (prebuilt Python extension wheel),N/A,N/A (prebuilt wheel),pqcrypto,0.4.0,ML-KEM-1024,encapsulation,70,196200,,True,
d7fff568-167f-493a-a0a4-a1951de7ce0b,2c3aeb11-0975-4471-b3a2-4847e2a502eb,2026-08-12T16:53:20.969039+00:00,native_windows_x86_64,NATIVE_SOFTWARE,x86_64,"AMD64 Family 23 Model 96 Stepping 1, AuthenticAMD",12,7598,Windows-11-10.0.26200-SP0,N/A (prebuilt Python extension wheel),N/A,N/A (prebuilt wheel),pqcrypto,0.4.0,ML-KEM-1024,decapsulation,70,96900,,True,
d7fff568-167f-493a-a0a4-a1951de7ce0b,2c3aeb11-0975-4471-b3a2-4847e2a502eb,2026-08-12T16:53:20.969176+00:00,native_windows_x86_64,NATIVE_SOFTWARE,x86_64,"AMD64 Family 23 Model 96 Stepping 1, AuthenticAMD",12,7598,Windows-11-10.0.26200-SP0,N/A (prebuilt Python extension wheel),N/A,N/A (prebuilt wheel),pqcrypto,0.4.0,ML-KEM-1024,keygen,71,221500,,True,
d7fff568-167f-493a-a0a4-a1951de7ce0b,2c3aeb11-0975-4471-b3a2-4847e2a502eb,2026-08-12T16:53:20.969637+00:00,native_windows_x86_64,NATIVE_SOFTWARE,x86_64,"AMD64 Family 23 Model 96 Stepping 1, AuthenticAMD",12,7598,Windows-11-10.0.26200-SP0,N/A (prebuilt Python extension wheel),N/A,N/A (prebuilt wheel),pqcrypto,0.4.0,ML-KEM-1024,encapsulation,71,195200,,True,
d7fff568-167f-493a-a0a4-a1951de7ce0b,2c3aeb11-0975-4471-b3a2-4847e2a502eb,2026-08-12T16:53:20.969895+00:00,native_windows_x86_64,NATIVE_SOFTWARE,x86_64,"AMD64 Family 23 Model 96 Stepping 1, AuthenticAMD",12,7598,Windows-11-10.0.26200-SP0,N/A (prebuilt Python extension wheel),N/A,N/A (prebuilt wheel),pqcrypto,0.4.0,ML-KEM-1024,decapsulation,71,122100,,True,
d7fff568-167f-493a-a0a4-a1951de7ce0b,2c3aeb11-0975-4471-b3a2-4847e2a502eb,2026-08-12T16:53:20.970079+00:00,native_windows_x86_64,NATIVE_SOFTWARE,x86_64,"AMD64 Family 23 Model 96 Stepping 1, AuthenticAMD",12,7598,Windows-11-10.0.26200-SP0,N/A (prebuilt Python extension wheel),N/A,N/A (prebuilt wheel),pqcrypto,0.4.0,ML-KEM-1024,keygen,72,223100,,True,
d7fff568-167f-493a-a0a4-a1951de7ce0b,2c3aeb11-0975-4471-b3a2-4847e2a502eb,2026-08-12T16:53:20.970551+00:00,native_windows_x86_64,NATIVE_SOFTWARE,x86_64,"AMD64 Family 23 Model 96 Stepping 1, AuthenticAMD",12,7598,Windows-11-10.0.26200-SP0,N/A (prebuilt Python extension wheel),N/A,N/A (prebuilt wheel),pqcrypto,0.4.0,ML-KEM-1024,encapsulation,72,197000,,True,
d7fff568-167f-493a-a0a4-a1951de7ce0b,2c3aeb11-0975-4471-b3a2-4847e2a502eb,2026-08-12T16:53:20.970800+00:00,native_windows_x86_64,NATIVE_SOFTWARE,x86_64,"AMD64 Family 23 Model 96 Stepping 1, AuthenticAMD",12,7598,Windows-11-10.0.26200-SP0,N/A (prebuilt Python extension wheel),N/A,N/A (prebuilt wheel),pqcrypto,0.4.0,ML-KEM-1024,decapsulation,72,97200,,True,
d7fff568-167f-493a-a0a4-a1951de7ce0b,2c3aeb11-0975-4471-b3a2-4847e2a502eb,2026-08-12T16:53:20.970937+00:00,native_windows_x86_64,NATIVE_SOFTWARE,x86_64,"AMD64 Family 23 Model 96 Stepping 1, AuthenticAMD",12,7598,Windows-11-10.0.26200-SP0,N/A (prebuilt Python extension wheel),N/A,N/A (prebuilt wheel),pqcrypto,0.4.0,ML-KEM-1024,keygen,73,197900,,True,
d7fff568-167f-493a-a0a4-a1951de7ce0b,2c3aeb11-0975-4471-b3a2-4847e2a502eb,2026-08-12T16:53:20.971417+00:00,native_windows_x86_64,NATIVE_SOFTWARE,x86_64,"AMD64 Family 23 Model 96 Stepping 1, AuthenticAMD",12,7598,Windows-11-10.0.26200-SP0,N/A (prebuilt Python extension wheel),N/A,N/A (prebuilt wheel),pqcrypto,0.4.0,ML-KEM-1024,encapsulation,73,195900,,True,
d7fff568-167f-493a-a0a4-a1951de7ce0b,2c3aeb11-0975-4471-b3a2-4847e2a502eb,2026-08-12T16:53:20.971664+00:00,native_windows_x86_64,NATIVE_SOFTWARE,x86_64,"AMD64 Family 23 Model 96 Stepping 1, AuthenticAMD",12,7598,Windows-11-10.0.26200-SP0,N/A (prebuilt Python extension wheel),N/A,N/A (prebuilt wheel),pqcrypto,0.4.0,ML-KEM-1024,decapsulation,73,97000,,True,
d7fff568-167f-493a-a0a4-a1951de7ce0b,2c3aeb11-0975-4471-b3a2-4847e2a502eb,2026-08-12T16:53:20.971801+00:00,native_windows_x86_64,NATIVE_SOFTWARE,x86_64,"AMD64 Family 23 Model 96 Stepping 1, AuthenticAMD",12,7598,Windows-11-10.0.26200-SP0,N/A (prebuilt Python extension wheel),N/A,N/A (prebuilt wheel),pqcrypto,0.4.0,ML-KEM-1024,keygen,74,200000,,True,
d7fff568-167f-493a-a0a4-a1951de7ce0b,2c3aeb11-0975-4471-b3a2-4847e2a502eb,2026-08-12T16:53:20.972240+00:00,native_windows_x86_64,NATIVE_SOFTWARE,x86_64,"AMD64 Family 23 Model 96 Stepping 1, AuthenticAMD",12,7598,Windows-11-10.0.26200-SP0,N/A (prebuilt Python extension wheel),N/A,N/A (prebuilt wheel),pqcrypto,0.4.0,ML-KEM-1024,encapsulation,74,200900,,True,
d7fff568-167f-493a-a0a4-a1951de7ce0b,2c3aeb11-0975-4471-b3a2-4847e2a502eb,2026-08-12T16:53:20.972492+00:00,native_windows_x86_64,NATIVE_SOFTWARE,x86_64,"AMD64 Family 23 Model 96 Stepping 1, AuthenticAMD",12,7598,Windows-11-10.0.26200-SP0,N/A (prebuilt Python extension wheel),N/A,N/A (prebuilt wheel),pqcrypto,0.4.0,ML-KEM-1024,decapsulation,74,97000,,True,
d7fff568-167f-493a-a0a4-a1951de7ce0b,2c3aeb11-0975-4471-b3a2-4847e2a502eb,2026-08-12T16:53:20.972630+00:00,native_windows_x86_64,NATIVE_SOFTWARE,x86_64,"AMD64 Family 23 Model 96 Stepping 1, AuthenticAMD",12,7598,Windows-11-10.0.26200-SP0,N/A (prebuilt Python extension wheel),N/A,N/A (prebuilt wheel),pqcrypto,0.4.0,ML-KEM-1024,keygen,75,204500,,True,
d7fff568-167f-493a-a0a4-a1951de7ce0b,2c3aeb11-0975-4471-b3a2-4847e2a502eb,2026-08-12T16:53:20.973073+00:00,native_windows_x86_64,NATIVE_SOFTWARE,x86_64,"AMD64 Family 23 Model 96 Stepping 1, AuthenticAMD",12,7598,Windows-11-10.0.26200-SP0,N/A (prebuilt Python extension wheel),N/A,N/A (prebuilt wheel),pqcrypto,0.4.0,ML-KEM-1024,encapsulation,75,201900,,True,
d7fff568-167f-493a-a0a4-a1951de7ce0b,2c3aeb11-0975-4471-b3a2-4847e2a502eb,2026-08-12T16:53:20.973326+00:00,native_windows_x86_64,NATIVE_SOFTWARE,x86_64,"AMD64 Family 23 Model 96 Stepping 1, AuthenticAMD",12,7598,Windows-11-10.0.26200-SP0,N/A (prebuilt Python extension wheel),N/A,N/A (prebuilt wheel),pqcrypto,0.4.0,ML-KEM-1024,decapsulation,75,96900,,True,
d7fff568-167f-493a-a0a4-a1951de7ce0b,2c3aeb11-0975-4471-b3a2-4847e2a502eb,2026-08-12T16:53:20.973464+00:00,native_windows_x86_64,NATIVE_SOFTWARE,x86_64,"AMD64 Family 23 Model 96 Stepping 1, AuthenticAMD",12,7598,Windows-11-10.0.26200-SP0,N/A (prebuilt Python extension wheel),N/A,N/A (prebuilt wheel),pqcrypto,0.4.0,ML-KEM-1024,keygen,76,195700,,True,
d7fff568-167f-493a-a0a4-a1951de7ce0b,2c3aeb11-0975-4471-b3a2-4847e2a502eb,2026-08-12T16:53:20.973904+00:00,native_windows_x86_64,NATIVE_SOFTWARE,x86_64,"AMD64 Family 23 Model 96 Stepping 1, AuthenticAMD",12,7598,Windows-11-10.0.26200-SP0,N/A (prebuilt Python extension wheel),N/A,N/A (prebuilt wheel),pqcrypto,0.4.0,ML-KEM-1024,encapsulation,76,195300,,True,
d7fff568-167f-493a-a0a4-a1951de7ce0b,2c3aeb11-0975-4471-b3a2-4847e2a502eb,2026-08-12T16:53:20.974149+00:00,native_windows_x86_64,NATIVE_SOFTWARE,x86_64,"AMD64 Family 23 Model 96 Stepping 1, AuthenticAMD",12,7598,Windows-11-10.0.26200-SP0,N/A (prebuilt Python extension wheel),N/A,N/A (prebuilt wheel),pqcrypto,0.4.0,ML-KEM-1024,decapsulation,76,97300,,True,
d7fff568-167f-493a-a0a4-a1951de7ce0b,2c3aeb11-0975-4471-b3a2-4847e2a502eb,2026-08-12T16:53:20.974287+00:00,native_windows_x86_64,NATIVE_SOFTWARE,x86_64,"AMD64 Family 23 Model 96 Stepping 1, AuthenticAMD",12,7598,Windows-11-10.0.26200-SP0,N/A (prebuilt Python extension wheel),N/A,N/A (prebuilt wheel),pqcrypto,0.4.0,ML-KEM-1024,keygen,77,201900,,True,
d7fff568-167f-493a-a0a4-a1951de7ce0b,2c3aeb11-0975-4471-b3a2-4847e2a502eb,2026-08-12T16:53:20.974728+00:00,native_windows_x86_64,NATIVE_SOFTWARE,x86_64,"AMD64 Family 23 Model 96 Stepping 1, AuthenticAMD",12,7598,Windows-11-10.0.26200-SP0,N/A (prebuilt Python extension wheel),N/A,N/A (prebuilt wheel),pqcrypto,0.4.0,ML-KEM-1024,encapsulation,77,195400,,True,
d7fff568-167f-493a-a0a4-a1951de7ce0b,2c3aeb11-0975-4471-b3a2-4847e2a502eb,2026-08-12T16:53:20.974974+00:00,native_windows_x86_64,NATIVE_SOFTWARE,x86_64,"AMD64 Family 23 Model 96 Stepping 1, AuthenticAMD",12,7598,Windows-11-10.0.26200-SP0,N/A (prebuilt Python extension wheel),N/A,N/A (prebuilt wheel),pqcrypto,0.4.0,ML-KEM-1024,decapsulation,77,96900,,True,
d7fff568-167f-493a-a0a4-a1951de7ce0b,2c3aeb11-0975-4471-b3a2-4847e2a502eb,2026-08-12T16:53:20.975112+00:00,native_windows_x86_64,NATIVE_SOFTWARE,x86_64,"AMD64 Family 23 Model 96 Stepping 1, AuthenticAMD",12,7598,Windows-11-10.0.26200-SP0,N/A (prebuilt Python extension wheel),N/A,N/A (prebuilt wheel),pqcrypto,0.4.0,ML-KEM-1024,keygen,78,200100,,True,
d7fff568-167f-493a-a0a4-a1951de7ce0b,2c3aeb11-0975-4471-b3a2-4847e2a502eb,2026-08-12T16:53:20.975556+00:00,native_windows_x86_64,NATIVE_SOFTWARE,x86_64,"AMD64 Family 23 Model 96 Stepping 1, AuthenticAMD",12,7598,Windows-11-10.0.26200-SP0,N/A (prebuilt Python extension wheel),N/A,N/A (prebuilt wheel),pqcrypto,0.4.0,ML-KEM-1024,encapsulation,78,196300,,True,
d7fff568-167f-493a-a0a4-a1951de7ce0b,2c3aeb11-0975-4471-b3a2-4847e2a502eb,2026-08-12T16:53:20.975803+00:00,native_windows_x86_64,NATIVE_SOFTWARE,x86_64,"AMD64 Family 23 Model 96 Stepping 1, AuthenticAMD",12,7598,Windows-11-10.0.26200-SP0,N/A (prebuilt Python extension wheel),N/A,N/A (prebuilt wheel),pqcrypto,0.4.0,ML-KEM-1024,decapsulation,78,100900,,True,
d7fff568-167f-493a-a0a4-a1951de7ce0b,2c3aeb11-0975-4471-b3a2-4847e2a502eb,2026-08-12T16:53:20.975944+00:00,native_windows_x86_64,NATIVE_SOFTWARE,x86_64,"AMD64 Family 23 Model 96 Stepping 1, AuthenticAMD",12,7598,Windows-11-10.0.26200-SP0,N/A (prebuilt Python extension wheel),N/A,N/A (prebuilt wheel),pqcrypto,0.4.0,ML-KEM-1024,keygen,79,196300,,True,
d7fff568-167f-493a-a0a4-a1951de7ce0b,2c3aeb11-0975-4471-b3a2-4847e2a502eb,2026-08-12T16:53:20.976383+00:00,native_windows_x86_64,NATIVE_SOFTWARE,x86_64,"AMD64 Family 23 Model 96 Stepping 1, AuthenticAMD",12,7598,Windows-11-10.0.26200-SP0,N/A (prebuilt Python extension wheel),N/A,N/A (prebuilt wheel),pqcrypto,0.4.0,ML-KEM-1024,encapsulation,79,197300,,True,
d7fff568-167f-493a-a0a4-a1951de7ce0b,2c3aeb11-0975-4471-b3a2-4847e2a502eb,2026-08-12T16:53:20.976630+00:00,native_windows_x86_64,NATIVE_SOFTWARE,x86_64,"AMD64 Family 23 Model 96 Stepping 1, AuthenticAMD",12,7598,Windows-11-10.0.26200-SP0,N/A (prebuilt Python extension wheel),N/A,N/A (prebuilt wheel),pqcrypto,0.4.0,ML-KEM-1024,decapsulation,79,97300,,True,
d7fff568-167f-493a-a0a4-a1951de7ce0b,2c3aeb11-0975-4471-b3a2-4847e2a502eb,2026-08-12T16:53:20.976768+00:00,native_windows_x86_64,NATIVE_SOFTWARE,x86_64,"AMD64 Family 23 Model 96 Stepping 1, AuthenticAMD",12,7598,Windows-11-10.0.26200-SP0,N/A (prebuilt Python extension wheel),N/A,N/A (prebuilt wheel),pqcrypto,0.4.0,ML-KEM-1024,keygen,80,203900,,True,
d7fff568-167f-493a-a0a4-a1951de7ce0b,2c3aeb11-0975-4471-b3a2-4847e2a502eb,2026-08-12T16:53:20.977210+00:00,native_windows_x86_64,NATIVE_SOFTWARE,x86_64,"AMD64 Family 23 Model 96 Stepping 1, AuthenticAMD",12,7598,Windows-11-10.0.26200-SP0,N/A (prebuilt Python extension wheel),N/A,N/A (prebuilt wheel),pqcrypto,0.4.0,ML-KEM-1024,encapsulation,80,197100,,True,
d7fff568-167f-493a-a0a4-a1951de7ce0b,2c3aeb11-0975-4471-b3a2-4847e2a502eb,2026-08-12T16:53:20.977457+00:00,native_windows_x86_64,NATIVE_SOFTWARE,x86_64,"AMD64 Family 23 Model 96 Stepping 1, AuthenticAMD",12,7598,Windows-11-10.0.26200-SP0,N/A (prebuilt Python extension wheel),N/A,N/A (prebuilt wheel),pqcrypto,0.4.0,ML-KEM-1024,decapsulation,80,96600,,True,
d7fff568-167f-493a-a0a4-a1951de7ce0b,2c3aeb11-0975-4471-b3a2-4847e2a502eb,2026-08-12T16:53:20.977594+00:00,native_windows_x86_64,NATIVE_SOFTWARE,x86_64,"AMD64 Family 23 Model 96 Stepping 1, AuthenticAMD",12,7598,Windows-11-10.0.26200-SP0,N/A (prebuilt Python extension wheel),N/A,N/A (prebuilt wheel),pqcrypto,0.4.0,ML-KEM-1024,keygen,81,195600,,True,
d7fff568-167f-493a-a0a4-a1951de7ce0b,2c3aeb11-0975-4471-b3a2-4847e2a502eb,2026-08-12T16:53:20.978036+00:00,native_windows_x86_64,NATIVE_SOFTWARE,x86_64,"AMD64 Family 23 Model 96 Stepping 1, AuthenticAMD",12,7598,Windows-11-10.0.26200-SP0,N/A (prebuilt Python extension wheel),N/A,N/A (prebuilt wheel),pqcrypto,0.4.0,ML-KEM-1024,encapsulation,81,206000,,True,
d7fff568-167f-493a-a0a4-a1951de7ce0b,2c3aeb11-0975-4471-b3a2-4847e2a502eb,2026-08-12T16:53:20.978295+00:00,native_windows_x86_64,NATIVE_SOFTWARE,x86_64,"AMD64 Family 23 Model 96 Stepping 1, AuthenticAMD",12,7598,Windows-11-10.0.26200-SP0,N/A (prebuilt Python extension wheel),N/A,N/A (prebuilt wheel),pqcrypto,0.4.0,ML-KEM-1024,decapsulation,81,97900,,True,
d7fff568-167f-493a-a0a4-a1951de7ce0b,2c3aeb11-0975-4471-b3a2-4847e2a502eb,2026-08-12T16:53:20.978434+00:00,native_windows_x86_64,NATIVE_SOFTWARE,x86_64,"AMD64 Family 23 Model 96 Stepping 1, AuthenticAMD",12,7598,Windows-11-10.0.26200-SP0,N/A (prebuilt Python extension wheel),N/A,N/A (prebuilt wheel),pqcrypto,0.4.0,ML-KEM-1024,keygen,82,197000,,True,
d7fff568-167f-493a-a0a4-a1951de7ce0b,2c3aeb11-0975-4471-b3a2-4847e2a502eb,2026-08-12T16:53:20.978871+00:00,native_windows_x86_64,NATIVE_SOFTWARE,x86_64,"AMD64 Family 23 Model 96 Stepping 1, AuthenticAMD",12,7598,Windows-11-10.0.26200-SP0,N/A (prebuilt Python extension wheel),N/A,N/A (prebuilt wheel),pqcrypto,0.4.0,ML-KEM-1024,encapsulation,82,200000,,True,
d7fff568-167f-493a-a0a4-a1951de7ce0b,2c3aeb11-0975-4471-b3a2-4847e2a502eb,2026-08-12T16:53:20.979121+00:00,native_windows_x86_64,NATIVE_SOFTWARE,x86_64,"AMD64 Family 23 Model 96 Stepping 1, AuthenticAMD",12,7598,Windows-11-10.0.26200-SP0,N/A (prebuilt Python extension wheel),N/A,N/A (prebuilt wheel),pqcrypto,0.4.0,ML-KEM-1024,decapsulation,82,96600,,True,
d7fff568-167f-493a-a0a4-a1951de7ce0b,2c3aeb11-0975-4471-b3a2-4847e2a502eb,2026-08-12T16:53:20.979257+00:00,native_windows_x86_64,NATIVE_SOFTWARE,x86_64,"AMD64 Family 23 Model 96 Stepping 1, AuthenticAMD",12,7598,Windows-11-10.0.26200-SP0,N/A (prebuilt Python extension wheel),N/A,N/A (prebuilt wheel),pqcrypto,0.4.0,ML-KEM-1024,keygen,83,199200,,True,
d7fff568-167f-493a-a0a4-a1951de7ce0b,2c3aeb11-0975-4471-b3a2-4847e2a502eb,2026-08-12T16:53:20.979696+00:00,native_windows_x86_64,NATIVE_SOFTWARE,x86_64,"AMD64 Family 23 Model 96 Stepping 1, AuthenticAMD",12,7598,Windows-11-10.0.26200-SP0,N/A (prebuilt Python extension wheel),N/A,N/A (prebuilt wheel),pqcrypto,0.4.0,ML-KEM-1024,encapsulation,83,198400,,True,
d7fff568-167f-493a-a0a4-a1951de7ce0b,2c3aeb11-0975-4471-b3a2-4847e2a502eb,2026-08-12T16:53:20.979945+00:00,native_windows_x86_64,NATIVE_SOFTWARE,x86_64,"AMD64 Family 23 Model 96 Stepping 1, AuthenticAMD",12,7598,Windows-11-10.0.26200-SP0,N/A (prebuilt Python extension wheel),N/A,N/A (prebuilt wheel),pqcrypto,0.4.0,ML-KEM-1024,decapsulation,83,97200,,True,
d7fff568-167f-493a-a0a4-a1951de7ce0b,2c3aeb11-0975-4471-b3a2-4847e2a502eb,2026-08-12T16:53:20.980083+00:00,native_windows_x86_64,NATIVE_SOFTWARE,x86_64,"AMD64 Family 23 Model 96 Stepping 1, AuthenticAMD",12,7598,Windows-11-10.0.26200-SP0,N/A (prebuilt Python extension wheel),N/A,N/A (prebuilt wheel),pqcrypto,0.4.0,ML-KEM-1024,keygen,84,196100,,True,
d7fff568-167f-493a-a0a4-a1951de7ce0b,2c3aeb11-0975-4471-b3a2-4847e2a502eb,2026-08-12T16:53:20.980520+00:00,native_windows_x86_64,NATIVE_SOFTWARE,x86_64,"AMD64 Family 23 Model 96 Stepping 1, AuthenticAMD",12,7598,Windows-11-10.0.26200-SP0,N/A (prebuilt Python extension wheel),N/A,N/A (prebuilt wheel),pqcrypto,0.4.0,ML-KEM-1024,encapsulation,84,195400,,True,
d7fff568-167f-493a-a0a4-a1951de7ce0b,2c3aeb11-0975-4471-b3a2-4847e2a502eb,2026-08-12T16:53:20.980766+00:00,native_windows_x86_64,NATIVE_SOFTWARE,x86_64,"AMD64 Family 23 Model 96 Stepping 1, AuthenticAMD",12,7598,Windows-11-10.0.26200-SP0,N/A (prebuilt Python extension wheel),N/A,N/A (prebuilt wheel),pqcrypto,0.4.0,ML-KEM-1024,decapsulation,84,96800,,True,
d7fff568-167f-493a-a0a4-a1951de7ce0b,2c3aeb11-0975-4471-b3a2-4847e2a502eb,2026-08-12T16:53:20.980903+00:00,native_windows_x86_64,NATIVE_SOFTWARE,x86_64,"AMD64 Family 23 Model 96 Stepping 1, AuthenticAMD",12,7598,Windows-11-10.0.26200-SP0,N/A (prebuilt Python extension wheel),N/A,N/A (prebuilt wheel),pqcrypto,0.4.0,ML-KEM-1024,keygen,85,196000,,True,
d7fff568-167f-493a-a0a4-a1951de7ce0b,2c3aeb11-0975-4471-b3a2-4847e2a502eb,2026-08-12T16:53:20.981345+00:00,native_windows_x86_64,NATIVE_SOFTWARE,x86_64,"AMD64 Family 23 Model 96 Stepping 1, AuthenticAMD",12,7598,Windows-11-10.0.26200-SP0,N/A (prebuilt Python extension wheel),N/A,N/A (prebuilt wheel),pqcrypto,0.4.0,ML-KEM-1024,encapsulation,85,197100,,True,
d7fff568-167f-493a-a0a4-a1951de7ce0b,2c3aeb11-0975-4471-b3a2-4847e2a502eb,2026-08-12T16:53:20.981592+00:00,native_windows_x86_64,NATIVE_SOFTWARE,x86_64,"AMD64 Family 23 Model 96 Stepping 1, AuthenticAMD",12,7598,Windows-11-10.0.26200-SP0,N/A (prebuilt Python extension wheel),N/A,N/A (prebuilt wheel),pqcrypto,0.4.0,ML-KEM-1024,decapsulation,85,97300,,True,
d7fff568-167f-493a-a0a4-a1951de7ce0b,2c3aeb11-0975-4471-b3a2-4847e2a502eb,2026-08-12T16:53:20.981730+00:00,native_windows_x86_64,NATIVE_SOFTWARE,x86_64,"AMD64 Family 23 Model 96 Stepping 1, AuthenticAMD",12,7598,Windows-11-10.0.26200-SP0,N/A (prebuilt Python extension wheel),N/A,N/A (prebuilt wheel),pqcrypto,0.4.0,ML-KEM-1024,keygen,86,202100,,True,
d7fff568-167f-493a-a0a4-a1951de7ce0b,2c3aeb11-0975-4471-b3a2-4847e2a502eb,2026-08-12T16:53:20.982180+00:00,native_windows_x86_64,NATIVE_SOFTWARE,x86_64,"AMD64 Family 23 Model 96 Stepping 1, AuthenticAMD",12,7598,Windows-11-10.0.26200-SP0,N/A (prebuilt Python extension wheel),N/A,N/A (prebuilt wheel),pqcrypto,0.4.0,ML-KEM-1024,encapsulation,86,214000,,True,
d7fff568-167f-493a-a0a4-a1951de7ce0b,2c3aeb11-0975-4471-b3a2-4847e2a502eb,2026-08-12T16:53:20.982447+00:00,native_windows_x86_64,NATIVE_SOFTWARE,x86_64,"AMD64 Family 23 Model 96 Stepping 1, AuthenticAMD",12,7598,Windows-11-10.0.26200-SP0,N/A (prebuilt Python extension wheel),N/A,N/A (prebuilt wheel),pqcrypto,0.4.0,ML-KEM-1024,decapsulation,86,96900,,True,
d7fff568-167f-493a-a0a4-a1951de7ce0b,2c3aeb11-0975-4471-b3a2-4847e2a502eb,2026-08-12T16:53:20.982585+00:00,native_windows_x86_64,NATIVE_SOFTWARE,x86_64,"AMD64 Family 23 Model 96 Stepping 1, AuthenticAMD",12,7598,Windows-11-10.0.26200-SP0,N/A (prebuilt Python extension wheel),N/A,N/A (prebuilt wheel),pqcrypto,0.4.0,ML-KEM-1024,keygen,87,197100,,True,
d7fff568-167f-493a-a0a4-a1951de7ce0b,2c3aeb11-0975-4471-b3a2-4847e2a502eb,2026-08-12T16:53:20.983022+00:00,native_windows_x86_64,NATIVE_SOFTWARE,x86_64,"AMD64 Family 23 Model 96 Stepping 1, AuthenticAMD",12,7598,Windows-11-10.0.26200-SP0,N/A (prebuilt Python extension wheel),N/A,N/A (prebuilt wheel),pqcrypto,0.4.0,ML-KEM-1024,encapsulation,87,196100,,True,
d7fff568-167f-493a-a0a4-a1951de7ce0b,2c3aeb11-0975-4471-b3a2-4847e2a502eb,2026-08-12T16:53:20.983269+00:00,native_windows_x86_64,NATIVE_SOFTWARE,x86_64,"AMD64 Family 23 Model 96 Stepping 1, AuthenticAMD",12,7598,Windows-11-10.0.26200-SP0,N/A (prebuilt Python extension wheel),N/A,N/A (prebuilt wheel),pqcrypto,0.4.0,ML-KEM-1024,decapsulation,87,101200,,True,
d7fff568-167f-493a-a0a4-a1951de7ce0b,2c3aeb11-0975-4471-b3a2-4847e2a502eb,2026-08-12T16:53:20.983422+00:00,native_windows_x86_64,NATIVE_SOFTWARE,x86_64,"AMD64 Family 23 Model 96 Stepping 1, AuthenticAMD",12,7598,Windows-11-10.0.26200-SP0,N/A (prebuilt Python extension wheel),N/A,N/A (prebuilt wheel),pqcrypto,0.4.0,ML-KEM-1024,keygen,88,195500,,True,
d7fff568-167f-493a-a0a4-a1951de7ce0b,2c3aeb11-0975-4471-b3a2-4847e2a502eb,2026-08-12T16:53:20.983863+00:00,native_windows_x86_64,NATIVE_SOFTWARE,x86_64,"AMD64 Family 23 Model 96 Stepping 1, AuthenticAMD",12,7598,Windows-11-10.0.26200-SP0,N/A (prebuilt Python extension wheel),N/A,N/A (prebuilt wheel),pqcrypto,0.4.0,ML-KEM-1024,encapsulation,88,209100,,True,
d7fff568-167f-493a-a0a4-a1951de7ce0b,2c3aeb11-0975-4471-b3a2-4847e2a502eb,2026-08-12T16:53:20.984123+00:00,native_windows_x86_64,NATIVE_SOFTWARE,x86_64,"AMD64 Family 23 Model 96 Stepping 1, AuthenticAMD",12,7598,Windows-11-10.0.26200-SP0,N/A (prebuilt Python extension wheel),N/A,N/A (prebuilt wheel),pqcrypto,0.4.0,ML-KEM-1024,decapsulation,88,97200,,True,
d7fff568-167f-493a-a0a4-a1951de7ce0b,2c3aeb11-0975-4471-b3a2-4847e2a502eb,2026-08-12T16:53:20.984259+00:00,native_windows_x86_64,NATIVE_SOFTWARE,x86_64,"AMD64 Family 23 Model 96 Stepping 1, AuthenticAMD",12,7598,Windows-11-10.0.26200-SP0,N/A (prebuilt Python extension wheel),N/A,N/A (prebuilt wheel),pqcrypto,0.4.0,ML-KEM-1024,keygen,89,198500,,True,
d7fff568-167f-493a-a0a4-a1951de7ce0b,2c3aeb11-0975-4471-b3a2-4847e2a502eb,2026-08-12T16:53:20.984703+00:00,native_windows_x86_64,NATIVE_SOFTWARE,x86_64,"AMD64 Family 23 Model 96 Stepping 1, AuthenticAMD",12,7598,Windows-11-10.0.26200-SP0,N/A (prebuilt Python extension wheel),N/A,N/A (prebuilt wheel),pqcrypto,0.4.0,ML-KEM-1024,encapsulation,89,196300,,True,
d7fff568-167f-493a-a0a4-a1951de7ce0b,2c3aeb11-0975-4471-b3a2-4847e2a502eb,2026-08-12T16:53:20.984950+00:00,native_windows_x86_64,NATIVE_SOFTWARE,x86_64,"AMD64 Family 23 Model 96 Stepping 1, AuthenticAMD",12,7598,Windows-11-10.0.26200-SP0,N/A (prebuilt Python extension wheel),N/A,N/A (prebuilt wheel),pqcrypto,0.4.0,ML-KEM-1024,decapsulation,89,97500,,True,
d7fff568-167f-493a-a0a4-a1951de7ce0b,2c3aeb11-0975-4471-b3a2-4847e2a502eb,2026-08-12T16:53:20.985091+00:00,native_windows_x86_64,NATIVE_SOFTWARE,x86_64,"AMD64 Family 23 Model 96 Stepping 1, AuthenticAMD",12,7598,Windows-11-10.0.26200-SP0,N/A (prebuilt Python extension wheel),N/A,N/A (prebuilt wheel),pqcrypto,0.4.0,ML-KEM-1024,keygen,90,196300,,True,
d7fff568-167f-493a-a0a4-a1951de7ce0b,2c3aeb11-0975-4471-b3a2-4847e2a502eb,2026-08-12T16:53:20.985527+00:00,native_windows_x86_64,NATIVE_SOFTWARE,x86_64,"AMD64 Family 23 Model 96 Stepping 1, AuthenticAMD",12,7598,Windows-11-10.0.26200-SP0,N/A (prebuilt Python extension wheel),N/A,N/A (prebuilt wheel),pqcrypto,0.4.0,ML-KEM-1024,encapsulation,90,197300,,True,
d7fff568-167f-493a-a0a4-a1951de7ce0b,2c3aeb11-0975-4471-b3a2-4847e2a502eb,2026-08-12T16:53:20.986259+00:00,native_windows_x86_64,NATIVE_SOFTWARE,x86_64,"AMD64 Family 23 Model 96 Stepping 1, AuthenticAMD",12,7598,Windows-11-10.0.26200-SP0,N/A (prebuilt Python extension wheel),N/A,N/A (prebuilt wheel),pqcrypto,0.4.0,ML-KEM-1024,decapsulation,90,113200,,True,
d7fff568-167f-493a-a0a4-a1951de7ce0b,2c3aeb11-0975-4471-b3a2-4847e2a502eb,2026-08-12T16:53:20.986428+00:00,native_windows_x86_64,NATIVE_SOFTWARE,x86_64,"AMD64 Family 23 Model 96 Stepping 1, AuthenticAMD",12,7598,Windows-11-10.0.26200-SP0,N/A (prebuilt Python extension wheel),N/A,N/A (prebuilt wheel),pqcrypto,0.4.0,ML-KEM-1024,keygen,91,253700,,True,
d7fff568-167f-493a-a0a4-a1951de7ce0b,2c3aeb11-0975-4471-b3a2-4847e2a502eb,2026-08-12T16:53:20.986927+00:00,native_windows_x86_64,NATIVE_SOFTWARE,x86_64,"AMD64 Family 23 Model 96 Stepping 1, AuthenticAMD",12,7598,Windows-11-10.0.26200-SP0,N/A (prebuilt Python extension wheel),N/A,N/A (prebuilt wheel),pqcrypto,0.4.0,ML-KEM-1024,encapsulation,91,252000,,True,
d7fff568-167f-493a-a0a4-a1951de7ce0b,2c3aeb11-0975-4471-b3a2-4847e2a502eb,2026-08-12T16:53:20.987231+00:00,native_windows_x86_64,NATIVE_SOFTWARE,x86_64,"AMD64 Family 23 Model 96 Stepping 1, AuthenticAMD",12,7598,Windows-11-10.0.26200-SP0,N/A (prebuilt Python extension wheel),N/A,N/A (prebuilt wheel),pqcrypto,0.4.0,ML-KEM-1024,decapsulation,91,97400,,True,
d7fff568-167f-493a-a0a4-a1951de7ce0b,2c3aeb11-0975-4471-b3a2-4847e2a502eb,2026-08-12T16:53:20.987369+00:00,native_windows_x86_64,NATIVE_SOFTWARE,x86_64,"AMD64 Family 23 Model 96 Stepping 1, AuthenticAMD",12,7598,Windows-11-10.0.26200-SP0,N/A (prebuilt Python extension wheel),N/A,N/A (prebuilt wheel),pqcrypto,0.4.0,ML-KEM-1024,keygen,92,199500,,True,
d7fff568-167f-493a-a0a4-a1951de7ce0b,2c3aeb11-0975-4471-b3a2-4847e2a502eb,2026-08-12T16:53:20.987810+00:00,native_windows_x86_64,NATIVE_SOFTWARE,x86_64,"AMD64 Family 23 Model 96 Stepping 1, AuthenticAMD",12,7598,Windows-11-10.0.26200-SP0,N/A (prebuilt Python extension wheel),N/A,N/A (prebuilt wheel),pqcrypto,0.4.0,ML-KEM-1024,encapsulation,92,214800,,True,
d7fff568-167f-493a-a0a4-a1951de7ce0b,2c3aeb11-0975-4471-b3a2-4847e2a502eb,2026-08-12T16:53:20.988076+00:00,native_windows_x86_64,NATIVE_SOFTWARE,x86_64,"AMD64 Family 23 Model 96 Stepping 1, AuthenticAMD",12,7598,Windows-11-10.0.26200-SP0,N/A (prebuilt Python extension wheel),N/A,N/A (prebuilt wheel),pqcrypto,0.4.0,ML-KEM-1024,decapsulation,92,97200,,True,
d7fff568-167f-493a-a0a4-a1951de7ce0b,2c3aeb11-0975-4471-b3a2-4847e2a502eb,2026-08-12T16:53:20.988212+00:00,native_windows_x86_64,NATIVE_SOFTWARE,x86_64,"AMD64 Family 23 Model 96 Stepping 1, AuthenticAMD",12,7598,Windows-11-10.0.26200-SP0,N/A (prebuilt Python extension wheel),N/A,N/A (prebuilt wheel),pqcrypto,0.4.0,ML-KEM-1024,keygen,93,196700,,True,
d7fff568-167f-493a-a0a4-a1951de7ce0b,2c3aeb11-0975-4471-b3a2-4847e2a502eb,2026-08-12T16:53:20.988655+00:00,native_windows_x86_64,NATIVE_SOFTWARE,x86_64,"AMD64 Family 23 Model 96 Stepping 1, AuthenticAMD",12,7598,Windows-11-10.0.26200-SP0,N/A (prebuilt Python extension wheel),N/A,N/A (prebuilt wheel),pqcrypto,0.4.0,ML-KEM-1024,encapsulation,93,196800,,True,
d7fff568-167f-493a-a0a4-a1951de7ce0b,2c3aeb11-0975-4471-b3a2-4847e2a502eb,2026-08-12T16:53:20.988903+00:00,native_windows_x86_64,NATIVE_SOFTWARE,x86_64,"AMD64 Family 23 Model 96 Stepping 1, AuthenticAMD",12,7598,Windows-11-10.0.26200-SP0,N/A (prebuilt Python extension wheel),N/A,N/A (prebuilt wheel),pqcrypto,0.4.0,ML-KEM-1024,decapsulation,93,97600,,True,
d7fff568-167f-493a-a0a4-a1951de7ce0b,2c3aeb11-0975-4471-b3a2-4847e2a502eb,2026-08-12T16:53:20.989041+00:00,native_windows_x86_64,NATIVE_SOFTWARE,x86_64,"AMD64 Family 23 Model 96 Stepping 1, AuthenticAMD",12,7598,Windows-11-10.0.26200-SP0,N/A (prebuilt Python extension wheel),N/A,N/A (prebuilt wheel),pqcrypto,0.4.0,ML-KEM-1024,keygen,94,195000,,True,
d7fff568-167f-493a-a0a4-a1951de7ce0b,2c3aeb11-0975-4471-b3a2-4847e2a502eb,2026-08-12T16:53:20.989479+00:00,native_windows_x86_64,NATIVE_SOFTWARE,x86_64,"AMD64 Family 23 Model 96 Stepping 1, AuthenticAMD",12,7598,Windows-11-10.0.26200-SP0,N/A (prebuilt Python extension wheel),N/A,N/A (prebuilt wheel),pqcrypto,0.4.0,ML-KEM-1024,encapsulation,94,197700,,True,
d7fff568-167f-493a-a0a4-a1951de7ce0b,2c3aeb11-0975-4471-b3a2-4847e2a502eb,2026-08-12T16:53:20.989727+00:00,native_windows_x86_64,NATIVE_SOFTWARE,x86_64,"AMD64 Family 23 Model 96 Stepping 1, AuthenticAMD",12,7598,Windows-11-10.0.26200-SP0,N/A (prebuilt Python extension wheel),N/A,N/A (prebuilt wheel),pqcrypto,0.4.0,ML-KEM-1024,decapsulation,94,96900,,True,
d7fff568-167f-493a-a0a4-a1951de7ce0b,2c3aeb11-0975-4471-b3a2-4847e2a502eb,2026-08-12T16:53:20.989864+00:00,native_windows_x86_64,NATIVE_SOFTWARE,x86_64,"AMD64 Family 23 Model 96 Stepping 1, AuthenticAMD",12,7598,Windows-11-10.0.26200-SP0,N/A (prebuilt Python extension wheel),N/A,N/A (prebuilt wheel),pqcrypto,0.4.0,ML-KEM-1024,keygen,95,208000,,True,
d7fff568-167f-493a-a0a4-a1951de7ce0b,2c3aeb11-0975-4471-b3a2-4847e2a502eb,2026-08-12T16:53:20.990311+00:00,native_windows_x86_64,NATIVE_SOFTWARE,x86_64,"AMD64 Family 23 Model 96 Stepping 1, AuthenticAMD",12,7598,Windows-11-10.0.26200-SP0,N/A (prebuilt Python extension wheel),N/A,N/A (prebuilt wheel),pqcrypto,0.4.0,ML-KEM-1024,encapsulation,95,197200,,True,
d7fff568-167f-493a-a0a4-a1951de7ce0b,2c3aeb11-0975-4471-b3a2-4847e2a502eb,2026-08-12T16:53:20.990561+00:00,native_windows_x86_64,NATIVE_SOFTWARE,x86_64,"AMD64 Family 23 Model 96 Stepping 1, AuthenticAMD",12,7598,Windows-11-10.0.26200-SP0,N/A (prebuilt Python extension wheel),N/A,N/A (prebuilt wheel),pqcrypto,0.4.0,ML-KEM-1024,decapsulation,95,97200,,True,
d7fff568-167f-493a-a0a4-a1951de7ce0b,2c3aeb11-0975-4471-b3a2-4847e2a502eb,2026-08-12T16:53:20.990698+00:00,native_windows_x86_64,NATIVE_SOFTWARE,x86_64,"AMD64 Family 23 Model 96 Stepping 1, AuthenticAMD",12,7598,Windows-11-10.0.26200-SP0,N/A (prebuilt Python extension wheel),N/A,N/A (prebuilt wheel),pqcrypto,0.4.0,ML-KEM-1024,keygen,96,196500,,True,
d7fff568-167f-493a-a0a4-a1951de7ce0b,2c3aeb11-0975-4471-b3a2-4847e2a502eb,2026-08-12T16:53:20.991134+00:00,native_windows_x86_64,NATIVE_SOFTWARE,x86_64,"AMD64 Family 23 Model 96 Stepping 1, AuthenticAMD",12,7598,Windows-11-10.0.26200-SP0,N/A (prebuilt Python extension wheel),N/A,N/A (prebuilt wheel),pqcrypto,0.4.0,ML-KEM-1024,encapsulation,96,200100,,True,
d7fff568-167f-493a-a0a4-a1951de7ce0b,2c3aeb11-0975-4471-b3a2-4847e2a502eb,2026-08-12T16:53:20.991384+00:00,native_windows_x86_64,NATIVE_SOFTWARE,x86_64,"AMD64 Family 23 Model 96 Stepping 1, AuthenticAMD",12,7598,Windows-11-10.0.26200-SP0,N/A (prebuilt Python extension wheel),N/A,N/A (prebuilt wheel),pqcrypto,0.4.0,ML-KEM-1024,decapsulation,96,97000,,True,
d7fff568-167f-493a-a0a4-a1951de7ce0b,2c3aeb11-0975-4471-b3a2-4847e2a502eb,2026-08-12T16:53:20.991520+00:00,native_windows_x86_64,NATIVE_SOFTWARE,x86_64,"AMD64 Family 23 Model 96 Stepping 1, AuthenticAMD",12,7598,Windows-11-10.0.26200-SP0,N/A (prebuilt Python extension wheel),N/A,N/A (prebuilt wheel),pqcrypto,0.4.0,ML-KEM-1024,keygen,97,196600,,True,
d7fff568-167f-493a-a0a4-a1951de7ce0b,2c3aeb11-0975-4471-b3a2-4847e2a502eb,2026-08-12T16:53:20.991961+00:00,native_windows_x86_64,NATIVE_SOFTWARE,x86_64,"AMD64 Family 23 Model 96 Stepping 1, AuthenticAMD",12,7598,Windows-11-10.0.26200-SP0,N/A (prebuilt Python extension wheel),N/A,N/A (prebuilt wheel),pqcrypto,0.4.0,ML-KEM-1024,encapsulation,97,195800,,True,
d7fff568-167f-493a-a0a4-a1951de7ce0b,2c3aeb11-0975-4471-b3a2-4847e2a502eb,2026-08-12T16:53:20.992207+00:00,native_windows_x86_64,NATIVE_SOFTWARE,x86_64,"AMD64 Family 23 Model 96 Stepping 1, AuthenticAMD",12,7598,Windows-11-10.0.26200-SP0,N/A (prebuilt Python extension wheel),N/A,N/A (prebuilt wheel),pqcrypto,0.4.0,ML-KEM-1024,decapsulation,97,97300,,True,
d7fff568-167f-493a-a0a4-a1951de7ce0b,2c3aeb11-0975-4471-b3a2-4847e2a502eb,2026-08-12T16:53:20.992347+00:00,native_windows_x86_64,NATIVE_SOFTWARE,x86_64,"AMD64 Family 23 Model 96 Stepping 1, AuthenticAMD",12,7598,Windows-11-10.0.26200-SP0,N/A (prebuilt Python extension wheel),N/A,N/A (prebuilt wheel),pqcrypto,0.4.0,ML-KEM-1024,keygen,98,196500,,True,
d7fff568-167f-493a-a0a4-a1951de7ce0b,2c3aeb11-0975-4471-b3a2-4847e2a502eb,2026-08-12T16:53:20.992784+00:00,native_windows_x86_64,NATIVE_SOFTWARE,x86_64,"AMD64 Family 23 Model 96 Stepping 1, AuthenticAMD",12,7598,Windows-11-10.0.26200-SP0,N/A (prebuilt Python extension wheel),N/A,N/A (prebuilt wheel),pqcrypto,0.4.0,ML-KEM-1024,encapsulation,98,196500,,True,
d7fff568-167f-493a-a0a4-a1951de7ce0b,2c3aeb11-0975-4471-b3a2-4847e2a502eb,2026-08-12T16:53:20.993030+00:00,native_windows_x86_64,NATIVE_SOFTWARE,x86_64,"AMD64 Family 23 Model 96 Stepping 1, AuthenticAMD",12,7598,Windows-11-10.0.26200-SP0,N/A (prebuilt Python extension wheel),N/A,N/A (prebuilt wheel),pqcrypto,0.4.0,ML-KEM-1024,decapsulation,98,96700,,True,
d7fff568-167f-493a-a0a4-a1951de7ce0b,2c3aeb11-0975-4471-b3a2-4847e2a502eb,2026-08-12T16:53:20.993168+00:00,native_windows_x86_64,NATIVE_SOFTWARE,x86_64,"AMD64 Family 23 Model 96 Stepping 1, AuthenticAMD",12,7598,Windows-11-10.0.26200-SP0,N/A (prebuilt Python extension wheel),N/A,N/A (prebuilt wheel),pqcrypto,0.4.0,ML-KEM-1024,keygen,99,194600,,True,
d7fff568-167f-493a-a0a4-a1951de7ce0b,2c3aeb11-0975-4471-b3a2-4847e2a502eb,2026-08-12T16:53:20.993602+00:00,native_windows_x86_64,NATIVE_SOFTWARE,x86_64,"AMD64 Family 23 Model 96 Stepping 1, AuthenticAMD",12,7598,Windows-11-10.0.26200-SP0,N/A (prebuilt Python extension wheel),N/A,N/A (prebuilt wheel),pqcrypto,0.4.0,ML-KEM-1024,encapsulation,99,198700,,True,
d7fff568-167f-493a-a0a4-a1951de7ce0b,2c3aeb11-0975-4471-b3a2-4847e2a502eb,2026-08-12T16:53:20.993851+00:00,native_windows_x86_64,NATIVE_SOFTWARE,x86_64,"AMD64 Family 23 Model 96 Stepping 1, AuthenticAMD",12,7598,Windows-11-10.0.26200-SP0,N/A (prebuilt Python extension wheel),N/A,N/A (prebuilt wheel),pqcrypto,0.4.0,ML-KEM-1024,decapsulation,99,101200,,True,
d7fff568-167f-493a-a0a4-a1951de7ce0b,2c3aeb11-0975-4471-b3a2-4847e2a502eb,2026-08-12T16:53:20.993993+00:00,native_windows_x86_64,NATIVE_SOFTWARE,x86_64,"AMD64 Family 23 Model 96 Stepping 1, AuthenticAMD",12,7598,Windows-11-10.0.26200-SP0,N/A (prebuilt Python extension wheel),N/A,N/A (prebuilt wheel),pqcrypto,0.4.0,ML-KEM-1024,keygen,100,195800,,True,
d7fff568-167f-493a-a0a4-a1951de7ce0b,2c3aeb11-0975-4471-b3a2-4847e2a502eb,2026-08-12T16:53:20.994428+00:00,native_windows_x86_64,NATIVE_SOFTWARE,x86_64,"AMD64 Family 23 Model 96 Stepping 1, AuthenticAMD",12,7598,Windows-11-10.0.26200-SP0,N/A (prebuilt Python extension wheel),N/A,N/A (prebuilt wheel),pqcrypto,0.4.0,ML-KEM-1024,encapsulation,100,202300,,True,
d7fff568-167f-493a-a0a4-a1951de7ce0b,2c3aeb11-0975-4471-b3a2-4847e2a502eb,2026-08-12T16:53:20.994680+00:00,native_windows_x86_64,NATIVE_SOFTWARE,x86_64,"AMD64 Family 23 Model 96 Stepping 1, AuthenticAMD",12,7598,Windows-11-10.0.26200-SP0,N/A (prebuilt Python extension wheel),N/A,N/A (prebuilt wheel),pqcrypto,0.4.0,ML-KEM-1024,decapsulation,100,96900,,True,
