experiment_id,run_id,timestamp,environment,measurement_type,architecture,processor,cpu_cores,ram_mb,os,compiler,compiler_version,optimization_flags,implementation,implementation_version,mlkem_variant,operation,iteration,execution_time_ns,memory_bytes,success,error_message
"ce219fb0-bf1c-44c4-a525-a0ead010c9ab","8d21a25e-5064-4c7f-9497-b7fdaccdcf80","2026-08-12T22:27:18Z","riscv64_qemu_linux","EMULATED","riscv64","riscv64",2,3906,"Linux 6.17.0-14-generic","C compiler","unknown","-O3 (RISC-V Linux guest)","mlkem-native","v1.2.0 (0ba906cb14b1c241476134d7403a811b382ca498)","ML-KEM-512","keygen",1,7329023,1269760,True,""
"ce219fb0-bf1c-44c4-a525-a0ead010c9ab","8d21a25e-5064-4c7f-9497-b7fdaccdcf80","2026-08-12T22:27:18Z","riscv64_qemu_linux","EMULATED","riscv64","riscv64",2,3906,"Linux 6.17.0-14-generic","C compiler","unknown","-O3 (RISC-V Linux guest)","mlkem-native","v1.2.0 (0ba906cb14b1c241476134d7403a811b382ca498)","ML-KEM-512","encapsulation",1,25605635,1269760,True,""
"ce219fb0-bf1c-44c4-a525-a0ead010c9ab","8d21a25e-5064-4c7f-9497-b7fdaccdcf80","2026-08-12T22:27:18Z","riscv64_qemu_linux","EMULATED","riscv64","riscv64",2,3906,"Linux 6.17.0-14-generic","C compiler","unknown","-O3 (RISC-V Linux guest)","mlkem-native","v1.2.0 (0ba906cb14b1c241476134d7403a811b382ca498)","ML-KEM-512","decapsulation",1,1863826,1269760,True,""
"ce219fb0-bf1c-44c4-a525-a0ead010c9ab","8d21a25e-5064-4c7f-9497-b7fdaccdcf80","2026-08-12T22:27:18Z","riscv64_qemu_linux","EMULATED","riscv64","riscv64",2,3906,"Linux 6.17.0-14-generic","C compiler","unknown","-O3 (RISC-V Linux guest)","mlkem-native","v1.2.0 (0ba906cb14b1c241476134d7403a811b382ca498)","ML-KEM-512","keygen",2,332651,1269760,True,""
"ce219fb0-bf1c-44c4-a525-a0ead010c9ab","8d21a25e-5064-4c7f-9497-b7fdaccdcf80","2026-08-12T22:27:18Z","riscv64_qemu_linux","EMULATED","riscv64","riscv64",2,3906,"Linux 6.17.0-14-generic","C compiler","unknown","-O3 (RISC-V Linux guest)","mlkem-native","v1.2.0 (0ba906cb14b1c241476134d7403a811b382ca498)","ML-KEM-512","encapsulation",2,587113,1269760,True,""
"ce219fb0-bf1c-44c4-a525-a0ead010c9ab","8d21a25e-5064-4c7f-9497-b7fdaccdcf80","2026-08-12T22:27:18Z","riscv64_qemu_linux","EMULATED","riscv64","riscv64",2,3906,"Linux 6.17.0-14-generic","C compiler","unknown","-O3 (RISC-V Linux guest)","mlkem-native","v1.2.0 (0ba906cb14b1c241476134d7403a811b382ca498)","ML-KEM-512","decapsulation",2,661403,1269760,True,""
"ce219fb0-bf1c-44c4-a525-a0ead010c9ab","8d21a25e-5064-4c7f-9497-b7fdaccdcf80","2026-08-12T22:27:18Z","riscv64_qemu_linux","EMULATED","riscv64","riscv64",2,3906,"Linux 6.17.0-14-generic","C compiler","unknown","-O3 (RISC-V Linux guest)","mlkem-native","v1.2.0 (0ba906cb14b1c241476134d7403a811b382ca498)","ML-KEM-512","keygen",3,503926,1269760,True,""
"ce219fb0-bf1c-44c4-a525-a0ead010c9ab","8d21a25e-5064-4c7f-9497-b7fdaccdcf80","2026-08-12T22:27:18Z","riscv64_qemu_linux","EMULATED","riscv64","riscv64",2,3906,"Linux 6.17.0-14-generic","C compiler","unknown","-O3 (RISC-V Linux guest)","mlkem-native","v1.2.0 (0ba906cb14b1c241476134d7403a811b382ca498)","ML-KEM-512","encapsulation",3,332651,1269760,True,""
"ce219fb0-bf1c-44c4-a525-a0ead010c9ab","8d21a25e-5064-4c7f-9497-b7fdaccdcf80","2026-08-12T22:27:18Z","riscv64_qemu_linux","EMULATED","riscv64","riscv64",2,3906,"Linux 6.17.0-14-generic","C compiler","unknown","-O3 (RISC-V Linux guest)","mlkem-native","v1.2.0 (0ba906cb14b1c241476134d7403a811b382ca498)","ML-KEM-512","decapsulation",3,392642,1269760,True,""
"ce219fb0-bf1c-44c4-a525-a0ead010c9ab","8d21a25e-5064-4c7f-9497-b7fdaccdcf80","2026-08-12T22:27:18Z","riscv64_qemu_linux","EMULATED","riscv64","riscv64",2,3906,"Linux 6.17.0-14-generic","C compiler","unknown","-O3 (RISC-V Linux guest)","mlkem-native","v1.2.0 (0ba906cb14b1c241476134d7403a811b382ca498)","ML-KEM-512","keygen",4,432636,1269760,True,""
"ce219fb0-bf1c-44c4-a525-a0ead010c9ab","8d21a25e-5064-4c7f-9497-b7fdaccdcf80","2026-08-12T22:27:18Z","riscv64_qemu_linux","EMULATED","riscv64","riscv64",2,3906,"Linux 6.17.0-14-generic","C compiler","unknown","-O3 (RISC-V Linux guest)","mlkem-native","v1.2.0 (0ba906cb14b1c241476134d7403a811b382ca498)","ML-KEM-512","encapsulation",4,421538,1269760,True,""
"ce219fb0-bf1c-44c4-a525-a0ead010c9ab","8d21a25e-5064-4c7f-9497-b7fdaccdcf80","2026-08-12T22:27:18Z","riscv64_qemu_linux","EMULATED","riscv64","riscv64",2,3906,"Linux 6.17.0-14-generic","C compiler","unknown","-O3 (RISC-V Linux guest)","mlkem-native","v1.2.0 (0ba906cb14b1c241476134d7403a811b382ca498)","ML-KEM-512","decapsulation",4,604011,1269760,True,""
"ce219fb0-bf1c-44c4-a525-a0ead010c9ab","8d21a25e-5064-4c7f-9497-b7fdaccdcf80","2026-08-12T22:27:18Z","riscv64_qemu_linux","EMULATED","riscv64","riscv64",2,3906,"Linux 6.17.0-14-generic","C compiler","unknown","-O3 (RISC-V Linux guest)","mlkem-native","v1.2.0 (0ba906cb14b1c241476134d7403a811b382ca498)","ML-KEM-512","keygen",5,460233,1269760,True,""
"ce219fb0-bf1c-44c4-a525-a0ead010c9ab","8d21a25e-5064-4c7f-9497-b7fdaccdcf80","2026-08-12T22:27:18Z","riscv64_qemu_linux","EMULATED","riscv64","riscv64",2,3906,"Linux 6.17.0-14-generic","C compiler","unknown","-O3 (RISC-V Linux guest)","mlkem-native","v1.2.0 (0ba906cb14b1c241476134d7403a811b382ca498)","ML-KEM-512","encapsulation",5,442935,1269760,True,""
"ce219fb0-bf1c-44c4-a525-a0ead010c9ab","8d21a25e-5064-4c7f-9497-b7fdaccdcf80","2026-08-12T22:27:18Z","riscv64_qemu_linux","EMULATED","riscv64","riscv64",2,3906,"Linux 6.17.0-14-generic","C compiler","unknown","-O3 (RISC-V Linux guest)","mlkem-native","v1.2.0 (0ba906cb14b1c241476134d7403a811b382ca498)","ML-KEM-512","decapsulation",5,743491,1269760,True,""
"ce219fb0-bf1c-44c4-a525-a0ead010c9ab","8d21a25e-5064-4c7f-9497-b7fdaccdcf80","2026-08-12T22:27:18Z","riscv64_qemu_linux","EMULATED","riscv64","riscv64",2,3906,"Linux 6.17.0-14-generic","C compiler","unknown","-O3 (RISC-V Linux guest)","mlkem-native","v1.2.0 (0ba906cb14b1c241476134d7403a811b382ca498)","ML-KEM-512","keygen",6,333051,1269760,True,""
"ce219fb0-bf1c-44c4-a525-a0ead010c9ab","8d21a25e-5064-4c7f-9497-b7fdaccdcf80","2026-08-12T22:27:18Z","riscv64_qemu_linux","EMULATED","riscv64","riscv64",2,3906,"Linux 6.17.0-14-generic","C compiler","unknown","-O3 (RISC-V Linux guest)","mlkem-native","v1.2.0 (0ba906cb14b1c241476134d7403a811b382ca498)","ML-KEM-512","encapsulation",6,486329,1269760,True,""
"ce219fb0-bf1c-44c4-a525-a0ead010c9ab","8d21a25e-5064-4c7f-9497-b7fdaccdcf80","2026-08-12T22:27:18Z","riscv64_qemu_linux","EMULATED","riscv64","riscv64",2,3906,"Linux 6.17.0-14-generic","C compiler","unknown","-O3 (RISC-V Linux guest)","mlkem-native","v1.2.0 (0ba906cb14b1c241476134d7403a811b382ca498)","ML-KEM-512","decapsulation",6,476430,1269760,True,""
"ce219fb0-bf1c-44c4-a525-a0ead010c9ab","8d21a25e-5064-4c7f-9497-b7fdaccdcf80","2026-08-12T22:27:18Z","riscv64_qemu_linux","EMULATED","riscv64","riscv64",2,3906,"Linux 6.17.0-14-generic","C compiler","unknown","-O3 (RISC-V Linux guest)","mlkem-native","v1.2.0 (0ba906cb14b1c241476134d7403a811b382ca498)","ML-KEM-512","keygen",7,441836,1269760,True,""
"ce219fb0-bf1c-44c4-a525-a0ead010c9ab","8d21a25e-5064-4c7f-9497-b7fdaccdcf80","2026-08-12T22:27:18Z","riscv64_qemu_linux","EMULATED","riscv64","riscv64",2,3906,"Linux 6.17.0-14-generic","C compiler","unknown","-O3 (RISC-V Linux guest)","mlkem-native","v1.2.0 (0ba906cb14b1c241476134d7403a811b382ca498)","ML-KEM-512","encapsulation",7,478030,1269760,True,""
"ce219fb0-bf1c-44c4-a525-a0ead010c9ab","8d21a25e-5064-4c7f-9497-b7fdaccdcf80","2026-08-12T22:27:18Z","riscv64_qemu_linux","EMULATED","riscv64","riscv64",2,3906,"Linux 6.17.0-14-generic","C compiler","unknown","-O3 (RISC-V Linux guest)","mlkem-native","v1.2.0 (0ba906cb14b1c241476134d7403a811b382ca498)","ML-KEM-512","decapsulation",7,677200,1269760,True,""
"ce219fb0-bf1c-44c4-a525-a0ead010c9ab","8d21a25e-5064-4c7f-9497-b7fdaccdcf80","2026-08-12T22:27:18Z","riscv64_qemu_linux","EMULATED","riscv64","riscv64",2,3906,"Linux 6.17.0-14-generic","C compiler","unknown","-O3 (RISC-V Linux guest)","mlkem-native","v1.2.0 (0ba906cb14b1c241476134d7403a811b382ca498)","ML-KEM-512","keygen",8,280259,1269760,True,""
"ce219fb0-bf1c-44c4-a525-a0ead010c9ab","8d21a25e-5064-4c7f-9497-b7fdaccdcf80","2026-08-12T22:27:18Z","riscv64_qemu_linux","EMULATED","riscv64","riscv64",2,3906,"Linux 6.17.0-14-generic","C compiler","unknown","-O3 (RISC-V Linux guest)","mlkem-native","v1.2.0 (0ba906cb14b1c241476134d7403a811b382ca498)","ML-KEM-512","encapsulation",8,357047,1269760,True,""
"ce219fb0-bf1c-44c4-a525-a0ead010c9ab","8d21a25e-5064-4c7f-9497-b7fdaccdcf80","2026-08-12T22:27:18Z","riscv64_qemu_linux","EMULATED","riscv64","riscv64",2,3906,"Linux 6.17.0-14-generic","C compiler","unknown","-O3 (RISC-V Linux guest)","mlkem-native","v1.2.0 (0ba906cb14b1c241476134d7403a811b382ca498)","ML-KEM-512","decapsulation",8,597913,1269760,True,""
"ce219fb0-bf1c-44c4-a525-a0ead010c9ab","8d21a25e-5064-4c7f-9497-b7fdaccdcf80","2026-08-12T22:27:18Z","riscv64_qemu_linux","EMULATED","riscv64","riscv64",2,3906,"Linux 6.17.0-14-generic","C compiler","unknown","-O3 (RISC-V Linux guest)","mlkem-native","v1.2.0 (0ba906cb14b1c241476134d7403a811b382ca498)","ML-KEM-512","keygen",9,321153,1269760,True,""
"ce219fb0-bf1c-44c4-a525-a0ead010c9ab","8d21a25e-5064-4c7f-9497-b7fdaccdcf80","2026-08-12T22:27:18Z","riscv64_qemu_linux","EMULATED","riscv64","riscv64",2,3906,"Linux 6.17.0-14-generic","C compiler","unknown","-O3 (RISC-V Linux guest)","mlkem-native","v1.2.0 (0ba906cb14b1c241476134d7403a811b382ca498)","ML-KEM-512","encapsulation",9,429637,1269760,True,""
"ce219fb0-bf1c-44c4-a525-a0ead010c9ab","8d21a25e-5064-4c7f-9497-b7fdaccdcf80","2026-08-12T22:27:18Z","riscv64_qemu_linux","EMULATED","riscv64","riscv64",2,3906,"Linux 6.17.0-14-generic","C compiler","unknown","-O3 (RISC-V Linux guest)","mlkem-native","v1.2.0 (0ba906cb14b1c241476134d7403a811b382ca498)","ML-KEM-512","decapsulation",9,664202,1269760,True,""
"ce219fb0-bf1c-44c4-a525-a0ead010c9ab","8d21a25e-5064-4c7f-9497-b7fdaccdcf80","2026-08-12T22:27:18Z","riscv64_qemu_linux","EMULATED","riscv64","riscv64",2,3906,"Linux 6.17.0-14-generic","C compiler","unknown","-O3 (RISC-V Linux guest)","mlkem-native","v1.2.0 (0ba906cb14b1c241476134d7403a811b382ca498)","ML-KEM-512","keygen",10,565417,1269760,True,""
"ce219fb0-bf1c-44c4-a525-a0ead010c9ab","8d21a25e-5064-4c7f-9497-b7fdaccdcf80","2026-08-12T22:27:18Z","riscv64_qemu_linux","EMULATED","riscv64","riscv64",2,3906,"Linux 6.17.0-14-generic","C compiler","unknown","-O3 (RISC-V Linux guest)","mlkem-native","v1.2.0 (0ba906cb14b1c241476134d7403a811b382ca498)","ML-KEM-512","encapsulation",10,438636,1269760,True,""
"ce219fb0-bf1c-44c4-a525-a0ead010c9ab","8d21a25e-5064-4c7f-9497-b7fdaccdcf80","2026-08-12T22:27:18Z","riscv64_qemu_linux","EMULATED","riscv64","riscv64",2,3906,"Linux 6.17.0-14-generic","C compiler","unknown","-O3 (RISC-V Linux guest)","mlkem-native","v1.2.0 (0ba906cb14b1c241476134d7403a811b382ca498)","ML-KEM-512","decapsulation",10,742191,1269760,True,""
"ce219fb0-bf1c-44c4-a525-a0ead010c9ab","8d21a25e-5064-4c7f-9497-b7fdaccdcf80","2026-08-12T22:27:18Z","riscv64_qemu_linux","EMULATED","riscv64","riscv64",2,3906,"Linux 6.17.0-14-generic","C compiler","unknown","-O3 (RISC-V Linux guest)","mlkem-native","v1.2.0 (0ba906cb14b1c241476134d7403a811b382ca498)","ML-KEM-512","keygen",11,441935,1269760,True,""
"ce219fb0-bf1c-44c4-a525-a0ead010c9ab","8d21a25e-5064-4c7f-9497-b7fdaccdcf80","2026-08-12T22:27:18Z","riscv64_qemu_linux","EMULATED","riscv64","riscv64",2,3906,"Linux 6.17.0-14-generic","C compiler","unknown","-O3 (RISC-V Linux guest)","mlkem-native","v1.2.0 (0ba906cb14b1c241476134d7403a811b382ca498)","ML-KEM-512","encapsulation",11,476230,1269760,True,""
"ce219fb0-bf1c-44c4-a525-a0ead010c9ab","8d21a25e-5064-4c7f-9497-b7fdaccdcf80","2026-08-12T22:27:18Z","riscv64_qemu_linux","EMULATED","riscv64","riscv64",2,3906,"Linux 6.17.0-14-generic","C compiler","unknown","-O3 (RISC-V Linux guest)","mlkem-native","v1.2.0 (0ba906cb14b1c241476134d7403a811b382ca498)","ML-KEM-512","decapsulation",11,770086,1269760,True,""
"ce219fb0-bf1c-44c4-a525-a0ead010c9ab","8d21a25e-5064-4c7f-9497-b7fdaccdcf80","2026-08-12T22:27:18Z","riscv64_qemu_linux","EMULATED","riscv64","riscv64",2,3906,"Linux 6.17.0-14-generic","C compiler","unknown","-O3 (RISC-V Linux guest)","mlkem-native","v1.2.0 (0ba906cb14b1c241476134d7403a811b382ca498)","ML-KEM-512","keygen",12,407540,1269760,True,""
"ce219fb0-bf1c-44c4-a525-a0ead010c9ab","8d21a25e-5064-4c7f-9497-b7fdaccdcf80","2026-08-12T22:27:18Z","riscv64_qemu_linux","EMULATED","riscv64","riscv64",2,3906,"Linux 6.17.0-14-generic","C compiler","unknown","-O3 (RISC-V Linux guest)","mlkem-native","v1.2.0 (0ba906cb14b1c241476134d7403a811b382ca498)","ML-KEM-512","encapsulation",12,344349,1269760,True,""
"ce219fb0-bf1c-44c4-a525-a0ead010c9ab","8d21a25e-5064-4c7f-9497-b7fdaccdcf80","2026-08-12T22:27:18Z","riscv64_qemu_linux","EMULATED","riscv64","riscv64",2,3906,"Linux 6.17.0-14-generic","C compiler","unknown","-O3 (RISC-V Linux guest)","mlkem-native","v1.2.0 (0ba906cb14b1c241476134d7403a811b382ca498)","ML-KEM-512","decapsulation",12,417438,1269760,True,""
"ce219fb0-bf1c-44c4-a525-a0ead010c9ab","8d21a25e-5064-4c7f-9497-b7fdaccdcf80","2026-08-12T22:27:18Z","riscv64_qemu_linux","EMULATED","riscv64","riscv64",2,3906,"Linux 6.17.0-14-generic","C compiler","unknown","-O3 (RISC-V Linux guest)","mlkem-native","v1.2.0 (0ba906cb14b1c241476134d7403a811b382ca498)","ML-KEM-512","keygen",13,585014,1269760,True,""
"ce219fb0-bf1c-44c4-a525-a0ead010c9ab","8d21a25e-5064-4c7f-9497-b7fdaccdcf80","2026-08-12T22:27:18Z","riscv64_qemu_linux","EMULATED","riscv64","riscv64",2,3906,"Linux 6.17.0-14-generic","C compiler","unknown","-O3 (RISC-V Linux guest)","mlkem-native","v1.2.0 (0ba906cb14b1c241476134d7403a811b382ca498)","ML-KEM-512","encapsulation",13,379544,1269760,True,""
"ce219fb0-bf1c-44c4-a525-a0ead010c9ab","8d21a25e-5064-4c7f-9497-b7fdaccdcf80","2026-08-12T22:27:18Z","riscv64_qemu_linux","EMULATED","riscv64","riscv64",2,3906,"Linux 6.17.0-14-generic","C compiler","unknown","-O3 (RISC-V Linux guest)","mlkem-native","v1.2.0 (0ba906cb14b1c241476134d7403a811b382ca498)","ML-KEM-512","decapsulation",13,902067,1269760,True,""
"ce219fb0-bf1c-44c4-a525-a0ead010c9ab","8d21a25e-5064-4c7f-9497-b7fdaccdcf80","2026-08-12T22:27:18Z","riscv64_qemu_linux","EMULATED","riscv64","riscv64",2,3906,"Linux 6.17.0-14-generic","C compiler","unknown","-O3 (RISC-V Linux guest)","mlkem-native","v1.2.0 (0ba906cb14b1c241476134d7403a811b382ca498)","ML-KEM-512","keygen",14,356148,1269760,True,""
"ce219fb0-bf1c-44c4-a525-a0ead010c9ab","8d21a25e-5064-4c7f-9497-b7fdaccdcf80","2026-08-12T22:27:18Z","riscv64_qemu_linux","EMULATED","riscv64","riscv64",2,3906,"Linux 6.17.0-14-generic","C compiler","unknown","-O3 (RISC-V Linux guest)","mlkem-native","v1.2.0 (0ba906cb14b1c241476134d7403a811b382ca498)","ML-KEM-512","encapsulation",14,275459,1269760,True,""
"ce219fb0-bf1c-44c4-a525-a0ead010c9ab","8d21a25e-5064-4c7f-9497-b7fdaccdcf80","2026-08-12T22:27:18Z","riscv64_qemu_linux","EMULATED","riscv64","riscv64",2,3906,"Linux 6.17.0-14-generic","C compiler","unknown","-O3 (RISC-V Linux guest)","mlkem-native","v1.2.0 (0ba906cb14b1c241476134d7403a811b382ca498)","ML-KEM-512","decapsulation",14,1367799,1269760,True,""
"ce219fb0-bf1c-44c4-a525-a0ead010c9ab","8d21a25e-5064-4c7f-9497-b7fdaccdcf80","2026-08-12T22:27:18Z","riscv64_qemu_linux","EMULATED","riscv64","riscv64",2,3906,"Linux 6.17.0-14-generic","C compiler","unknown","-O3 (RISC-V Linux guest)","mlkem-native","v1.2.0 (0ba906cb14b1c241476134d7403a811b382ca498)","ML-KEM-512","keygen",15,353248,1269760,True,""
"ce219fb0-bf1c-44c4-a525-a0ead010c9ab","8d21a25e-5064-4c7f-9497-b7fdaccdcf80","2026-08-12T22:27:18Z","riscv64_qemu_linux","EMULATED","riscv64","riscv64",2,3906,"Linux 6.17.0-14-generic","C compiler","unknown","-O3 (RISC-V Linux guest)","mlkem-native","v1.2.0 (0ba906cb14b1c241476134d7403a811b382ca498)","ML-KEM-512","encapsulation",15,1074742,1269760,True,""
"ce219fb0-bf1c-44c4-a525-a0ead010c9ab","8d21a25e-5064-4c7f-9497-b7fdaccdcf80","2026-08-12T22:27:18Z","riscv64_qemu_linux","EMULATED","riscv64","riscv64",2,3906,"Linux 6.17.0-14-generic","C compiler","unknown","-O3 (RISC-V Linux guest)","mlkem-native","v1.2.0 (0ba906cb14b1c241476134d7403a811b382ca498)","ML-KEM-512","decapsulation",15,409640,1269760,True,""
"ce219fb0-bf1c-44c4-a525-a0ead010c9ab","8d21a25e-5064-4c7f-9497-b7fdaccdcf80","2026-08-12T22:27:18Z","riscv64_qemu_linux","EMULATED","riscv64","riscv64",2,3906,"Linux 6.17.0-14-generic","C compiler","unknown","-O3 (RISC-V Linux guest)","mlkem-native","v1.2.0 (0ba906cb14b1c241476134d7403a811b382ca498)","ML-KEM-512","keygen",16,1050346,1269760,True,""
"ce219fb0-bf1c-44c4-a525-a0ead010c9ab","8d21a25e-5064-4c7f-9497-b7fdaccdcf80","2026-08-12T22:27:18Z","riscv64_qemu_linux","EMULATED","riscv64","riscv64",2,3906,"Linux 6.17.0-14-generic","C compiler","unknown","-O3 (RISC-V Linux guest)","mlkem-native","v1.2.0 (0ba906cb14b1c241476134d7403a811b382ca498)","ML-KEM-512","encapsulation",16,273260,1269760,True,""
"ce219fb0-bf1c-44c4-a525-a0ead010c9ab","8d21a25e-5064-4c7f-9497-b7fdaccdcf80","2026-08-12T22:27:18Z","riscv64_qemu_linux","EMULATED","riscv64","riscv64",2,3906,"Linux 6.17.0-14-generic","C compiler","unknown","-O3 (RISC-V Linux guest)","mlkem-native","v1.2.0 (0ba906cb14b1c241476134d7403a811b382ca498)","ML-KEM-512","decapsulation",16,963358,1269760,True,""
"ce219fb0-bf1c-44c4-a525-a0ead010c9ab","8d21a25e-5064-4c7f-9497-b7fdaccdcf80","2026-08-12T22:27:18Z","riscv64_qemu_linux","EMULATED","riscv64","riscv64",2,3906,"Linux 6.17.0-14-generic","C compiler","unknown","-O3 (RISC-V Linux guest)","mlkem-native","v1.2.0 (0ba906cb14b1c241476134d7403a811b382ca498)","ML-KEM-512","keygen",17,327252,1269760,True,""
"ce219fb0-bf1c-44c4-a525-a0ead010c9ab","8d21a25e-5064-4c7f-9497-b7fdaccdcf80","2026-08-12T22:27:18Z","riscv64_qemu_linux","EMULATED","riscv64","riscv64",2,3906,"Linux 6.17.0-14-generic","C compiler","unknown","-O3 (RISC-V Linux guest)","mlkem-native","v1.2.0 (0ba906cb14b1c241476134d7403a811b382ca498)","ML-KEM-512","encapsulation",17,431137,1269760,True,""
"ce219fb0-bf1c-44c4-a525-a0ead010c9ab","8d21a25e-5064-4c7f-9497-b7fdaccdcf80","2026-08-12T22:27:18Z","riscv64_qemu_linux","EMULATED","riscv64","riscv64",2,3906,"Linux 6.17.0-14-generic","C compiler","unknown","-O3 (RISC-V Linux guest)","mlkem-native","v1.2.0 (0ba906cb14b1c241476134d7403a811b382ca498)","ML-KEM-512","decapsulation",17,454333,1269760,True,""
"ce219fb0-bf1c-44c4-a525-a0ead010c9ab","8d21a25e-5064-4c7f-9497-b7fdaccdcf80","2026-08-12T22:27:18Z","riscv64_qemu_linux","EMULATED","riscv64","riscv64",2,3906,"Linux 6.17.0-14-generic","C compiler","unknown","-O3 (RISC-V Linux guest)","mlkem-native","v1.2.0 (0ba906cb14b1c241476134d7403a811b382ca498)","ML-KEM-512","keygen",18,323553,1269760,True,""
"ce219fb0-bf1c-44c4-a525-a0ead010c9ab","8d21a25e-5064-4c7f-9497-b7fdaccdcf80","2026-08-12T22:27:18Z","riscv64_qemu_linux","EMULATED","riscv64","riscv64",2,3906,"Linux 6.17.0-14-generic","C compiler","unknown","-O3 (RISC-V Linux guest)","mlkem-native","v1.2.0 (0ba906cb14b1c241476134d7403a811b382ca498)","ML-KEM-512","encapsulation",18,268860,1269760,True,""
"ce219fb0-bf1c-44c4-a525-a0ead010c9ab","8d21a25e-5064-4c7f-9497-b7fdaccdcf80","2026-08-12T22:27:18Z","riscv64_qemu_linux","EMULATED","riscv64","riscv64",2,3906,"Linux 6.17.0-14-generic","C compiler","unknown","-O3 (RISC-V Linux guest)","mlkem-native","v1.2.0 (0ba906cb14b1c241476134d7403a811b382ca498)","ML-KEM-512","decapsulation",18,800982,1269760,True,""
"ce219fb0-bf1c-44c4-a525-a0ead010c9ab","8d21a25e-5064-4c7f-9497-b7fdaccdcf80","2026-08-12T22:27:18Z","riscv64_qemu_linux","EMULATED","riscv64","riscv64",2,3906,"Linux 6.17.0-14-generic","C compiler","unknown","-O3 (RISC-V Linux guest)","mlkem-native","v1.2.0 (0ba906cb14b1c241476134d7403a811b382ca498)","ML-KEM-512","keygen",19,337251,1269760,True,""
"ce219fb0-bf1c-44c4-a525-a0ead010c9ab","8d21a25e-5064-4c7f-9497-b7fdaccdcf80","2026-08-12T22:27:18Z","riscv64_qemu_linux","EMULATED","riscv64","riscv64",2,3906,"Linux 6.17.0-14-generic","C compiler","unknown","-O3 (RISC-V Linux guest)","mlkem-native","v1.2.0 (0ba906cb14b1c241476134d7403a811b382ca498)","ML-KEM-512","encapsulation",19,262261,1269760,True,""
"ce219fb0-bf1c-44c4-a525-a0ead010c9ab","8d21a25e-5064-4c7f-9497-b7fdaccdcf80","2026-08-12T22:27:18Z","riscv64_qemu_linux","EMULATED","riscv64","riscv64",2,3906,"Linux 6.17.0-14-generic","C compiler","unknown","-O3 (RISC-V Linux guest)","mlkem-native","v1.2.0 (0ba906cb14b1c241476134d7403a811b382ca498)","ML-KEM-512","decapsulation",19,454633,1269760,True,""
"ce219fb0-bf1c-44c4-a525-a0ead010c9ab","8d21a25e-5064-4c7f-9497-b7fdaccdcf80","2026-08-12T22:27:18Z","riscv64_qemu_linux","EMULATED","riscv64","riscv64",2,3906,"Linux 6.17.0-14-generic","C compiler","unknown","-O3 (RISC-V Linux guest)","mlkem-native","v1.2.0 (0ba906cb14b1c241476134d7403a811b382ca498)","ML-KEM-512","keygen",20,290057,1269760,True,""
"ce219fb0-bf1c-44c4-a525-a0ead010c9ab","8d21a25e-5064-4c7f-9497-b7fdaccdcf80","2026-08-12T22:27:18Z","riscv64_qemu_linux","EMULATED","riscv64","riscv64",2,3906,"Linux 6.17.0-14-generic","C compiler","unknown","-O3 (RISC-V Linux guest)","mlkem-native","v1.2.0 (0ba906cb14b1c241476134d7403a811b382ca498)","ML-KEM-512","encapsulation",20,397841,1269760,True,""
"ce219fb0-bf1c-44c4-a525-a0ead010c9ab","8d21a25e-5064-4c7f-9497-b7fdaccdcf80","2026-08-12T22:27:18Z","riscv64_qemu_linux","EMULATED","riscv64","riscv64",2,3906,"Linux 6.17.0-14-generic","C compiler","unknown","-O3 (RISC-V Linux guest)","mlkem-native","v1.2.0 (0ba906cb14b1c241476134d7403a811b382ca498)","ML-KEM-512","decapsulation",20,548019,1269760,True,""
"ce219fb0-bf1c-44c4-a525-a0ead010c9ab","8d21a25e-5064-4c7f-9497-b7fdaccdcf80","2026-08-12T22:27:18Z","riscv64_qemu_linux","EMULATED","riscv64","riscv64",2,3906,"Linux 6.17.0-14-generic","C compiler","unknown","-O3 (RISC-V Linux guest)","mlkem-native","v1.2.0 (0ba906cb14b1c241476134d7403a811b382ca498)","ML-KEM-512","keygen",21,400041,1269760,True,""
"ce219fb0-bf1c-44c4-a525-a0ead010c9ab","8d21a25e-5064-4c7f-9497-b7fdaccdcf80","2026-08-12T22:27:18Z","riscv64_qemu_linux","EMULATED","riscv64","riscv64",2,3906,"Linux 6.17.0-14-generic","C compiler","unknown","-O3 (RISC-V Linux guest)","mlkem-native","v1.2.0 (0ba906cb14b1c241476134d7403a811b382ca498)","ML-KEM-512","encapsulation",21,302356,1269760,True,""
"ce219fb0-bf1c-44c4-a525-a0ead010c9ab","8d21a25e-5064-4c7f-9497-b7fdaccdcf80","2026-08-12T22:27:18Z","riscv64_qemu_linux","EMULATED","riscv64","riscv64",2,3906,"Linux 6.17.0-14-generic","C compiler","unknown","-O3 (RISC-V Linux guest)","mlkem-native","v1.2.0 (0ba906cb14b1c241476134d7403a811b382ca498)","ML-KEM-512","decapsulation",21,355648,1269760,True,""
"ce219fb0-bf1c-44c4-a525-a0ead010c9ab","8d21a25e-5064-4c7f-9497-b7fdaccdcf80","2026-08-12T22:27:18Z","riscv64_qemu_linux","EMULATED","riscv64","riscv64",2,3906,"Linux 6.17.0-14-generic","C compiler","unknown","-O3 (RISC-V Linux guest)","mlkem-native","v1.2.0 (0ba906cb14b1c241476134d7403a811b382ca498)","ML-KEM-512","keygen",22,532822,1269760,True,""
"ce219fb0-bf1c-44c4-a525-a0ead010c9ab","8d21a25e-5064-4c7f-9497-b7fdaccdcf80","2026-08-12T22:27:18Z","riscv64_qemu_linux","EMULATED","riscv64","riscv64",2,3906,"Linux 6.17.0-14-generic","C compiler","unknown","-O3 (RISC-V Linux guest)","mlkem-native","v1.2.0 (0ba906cb14b1c241476134d7403a811b382ca498)","ML-KEM-512","encapsulation",22,629908,1269760,True,""
"ce219fb0-bf1c-44c4-a525-a0ead010c9ab","8d21a25e-5064-4c7f-9497-b7fdaccdcf80","2026-08-12T22:27:18Z","riscv64_qemu_linux","EMULATED","riscv64","riscv64",2,3906,"Linux 6.17.0-14-generic","C compiler","unknown","-O3 (RISC-V Linux guest)","mlkem-native","v1.2.0 (0ba906cb14b1c241476134d7403a811b382ca498)","ML-KEM-512","decapsulation",22,618409,1269760,True,""
"ce219fb0-bf1c-44c4-a525-a0ead010c9ab","8d21a25e-5064-4c7f-9497-b7fdaccdcf80","2026-08-12T22:27:18Z","riscv64_qemu_linux","EMULATED","riscv64","riscv64",2,3906,"Linux 6.17.0-14-generic","C compiler","unknown","-O3 (RISC-V Linux guest)","mlkem-native","v1.2.0 (0ba906cb14b1c241476134d7403a811b382ca498)","ML-KEM-512","keygen",23,314654,1269760,True,""
"ce219fb0-bf1c-44c4-a525-a0ead010c9ab","8d21a25e-5064-4c7f-9497-b7fdaccdcf80","2026-08-12T22:27:18Z","riscv64_qemu_linux","EMULATED","riscv64","riscv64",2,3906,"Linux 6.17.0-14-generic","C compiler","unknown","-O3 (RISC-V Linux guest)","mlkem-native","v1.2.0 (0ba906cb14b1c241476134d7403a811b382ca498)","ML-KEM-512","encapsulation",23,328052,1269760,True,""
"ce219fb0-bf1c-44c4-a525-a0ead010c9ab","8d21a25e-5064-4c7f-9497-b7fdaccdcf80","2026-08-12T22:27:18Z","riscv64_qemu_linux","EMULATED","riscv64","riscv64",2,3906,"Linux 6.17.0-14-generic","C compiler","unknown","-O3 (RISC-V Linux guest)","mlkem-native","v1.2.0 (0ba906cb14b1c241476134d7403a811b382ca498)","ML-KEM-512","decapsulation",23,476530,1269760,True,""
"ce219fb0-bf1c-44c4-a525-a0ead010c9ab","8d21a25e-5064-4c7f-9497-b7fdaccdcf80","2026-08-12T22:27:18Z","riscv64_qemu_linux","EMULATED","riscv64","riscv64",2,3906,"Linux 6.17.0-14-generic","C compiler","unknown","-O3 (RISC-V Linux guest)","mlkem-native","v1.2.0 (0ba906cb14b1c241476134d7403a811b382ca498)","ML-KEM-512","keygen",24,326152,1269760,True,""
"ce219fb0-bf1c-44c4-a525-a0ead010c9ab","8d21a25e-5064-4c7f-9497-b7fdaccdcf80","2026-08-12T22:27:18Z","riscv64_qemu_linux","EMULATED","riscv64","riscv64",2,3906,"Linux 6.17.0-14-generic","C compiler","unknown","-O3 (RISC-V Linux guest)","mlkem-native","v1.2.0 (0ba906cb14b1c241476134d7403a811b382ca498)","ML-KEM-512","encapsulation",24,953660,1269760,True,""
"ce219fb0-bf1c-44c4-a525-a0ead010c9ab","8d21a25e-5064-4c7f-9497-b7fdaccdcf80","2026-08-12T22:27:18Z","riscv64_qemu_linux","EMULATED","riscv64","riscv64",2,3906,"Linux 6.17.0-14-generic","C compiler","unknown","-O3 (RISC-V Linux guest)","mlkem-native","v1.2.0 (0ba906cb14b1c241476134d7403a811b382ca498)","ML-KEM-512","decapsulation",24,356047,1269760,True,""
"ce219fb0-bf1c-44c4-a525-a0ead010c9ab","8d21a25e-5064-4c7f-9497-b7fdaccdcf80","2026-08-12T22:27:18Z","riscv64_qemu_linux","EMULATED","riscv64","riscv64",2,3906,"Linux 6.17.0-14-generic","C compiler","unknown","-O3 (RISC-V Linux guest)","mlkem-native","v1.2.0 (0ba906cb14b1c241476134d7403a811b382ca498)","ML-KEM-512","keygen",25,263162,1269760,True,""
"ce219fb0-bf1c-44c4-a525-a0ead010c9ab","8d21a25e-5064-4c7f-9497-b7fdaccdcf80","2026-08-12T22:27:18Z","riscv64_qemu_linux","EMULATED","riscv64","riscv64",2,3906,"Linux 6.17.0-14-generic","C compiler","unknown","-O3 (RISC-V Linux guest)","mlkem-native","v1.2.0 (0ba906cb14b1c241476134d7403a811b382ca498)","ML-KEM-512","encapsulation",25,334151,1269760,True,""
"ce219fb0-bf1c-44c4-a525-a0ead010c9ab","8d21a25e-5064-4c7f-9497-b7fdaccdcf80","2026-08-12T22:27:18Z","riscv64_qemu_linux","EMULATED","riscv64","riscv64",2,3906,"Linux 6.17.0-14-generic","C compiler","unknown","-O3 (RISC-V Linux guest)","mlkem-native","v1.2.0 (0ba906cb14b1c241476134d7403a811b382ca498)","ML-KEM-512","decapsulation",25,362346,1269760,True,""
"ce219fb0-bf1c-44c4-a525-a0ead010c9ab","8d21a25e-5064-4c7f-9497-b7fdaccdcf80","2026-08-12T22:27:18Z","riscv64_qemu_linux","EMULATED","riscv64","riscv64",2,3906,"Linux 6.17.0-14-generic","C compiler","unknown","-O3 (RISC-V Linux guest)","mlkem-native","v1.2.0 (0ba906cb14b1c241476134d7403a811b382ca498)","ML-KEM-512","keygen",26,394942,1269760,True,""
"ce219fb0-bf1c-44c4-a525-a0ead010c9ab","8d21a25e-5064-4c7f-9497-b7fdaccdcf80","2026-08-12T22:27:18Z","riscv64_qemu_linux","EMULATED","riscv64","riscv64",2,3906,"Linux 6.17.0-14-generic","C compiler","unknown","-O3 (RISC-V Linux guest)","mlkem-native","v1.2.0 (0ba906cb14b1c241476134d7403a811b382ca498)","ML-KEM-512","encapsulation",26,279959,1269760,True,""
"ce219fb0-bf1c-44c4-a525-a0ead010c9ab","8d21a25e-5064-4c7f-9497-b7fdaccdcf80","2026-08-12T22:27:18Z","riscv64_qemu_linux","EMULATED","riscv64","riscv64",2,3906,"Linux 6.17.0-14-generic","C compiler","unknown","-O3 (RISC-V Linux guest)","mlkem-native","v1.2.0 (0ba906cb14b1c241476134d7403a811b382ca498)","ML-KEM-512","decapsulation",26,429537,1269760,True,""
"ce219fb0-bf1c-44c4-a525-a0ead010c9ab","8d21a25e-5064-4c7f-9497-b7fdaccdcf80","2026-08-12T22:27:18Z","riscv64_qemu_linux","EMULATED","riscv64","riscv64",2,3906,"Linux 6.17.0-14-generic","C compiler","unknown","-O3 (RISC-V Linux guest)","mlkem-native","v1.2.0 (0ba906cb14b1c241476134d7403a811b382ca498)","ML-KEM-512","keygen",27,281759,1269760,True,""
"ce219fb0-bf1c-44c4-a525-a0ead010c9ab","8d21a25e-5064-4c7f-9497-b7fdaccdcf80","2026-08-12T22:27:18Z","riscv64_qemu_linux","EMULATED","riscv64","riscv64",2,3906,"Linux 6.17.0-14-generic","C compiler","unknown","-O3 (RISC-V Linux guest)","mlkem-native","v1.2.0 (0ba906cb14b1c241476134d7403a811b382ca498)","ML-KEM-512","encapsulation",27,310554,1269760,True,""
"ce219fb0-bf1c-44c4-a525-a0ead010c9ab","8d21a25e-5064-4c7f-9497-b7fdaccdcf80","2026-08-12T22:27:18Z","riscv64_qemu_linux","EMULATED","riscv64","riscv64",2,3906,"Linux 6.17.0-14-generic","C compiler","unknown","-O3 (RISC-V Linux guest)","mlkem-native","v1.2.0 (0ba906cb14b1c241476134d7403a811b382ca498)","ML-KEM-512","decapsulation",27,369045,1269760,True,""
"ce219fb0-bf1c-44c4-a525-a0ead010c9ab","8d21a25e-5064-4c7f-9497-b7fdaccdcf80","2026-08-12T22:27:18Z","riscv64_qemu_linux","EMULATED","riscv64","riscv64",2,3906,"Linux 6.17.0-14-generic","C compiler","unknown","-O3 (RISC-V Linux guest)","mlkem-native","v1.2.0 (0ba906cb14b1c241476134d7403a811b382ca498)","ML-KEM-512","keygen",28,367546,1269760,True,""
"ce219fb0-bf1c-44c4-a525-a0ead010c9ab","8d21a25e-5064-4c7f-9497-b7fdaccdcf80","2026-08-12T22:27:18Z","riscv64_qemu_linux","EMULATED","riscv64","riscv64",2,3906,"Linux 6.17.0-14-generic","C compiler","unknown","-O3 (RISC-V Linux guest)","mlkem-native","v1.2.0 (0ba906cb14b1c241476134d7403a811b382ca498)","ML-KEM-512","encapsulation",28,394342,1269760,True,""
"ce219fb0-bf1c-44c4-a525-a0ead010c9ab","8d21a25e-5064-4c7f-9497-b7fdaccdcf80","2026-08-12T22:27:18Z","riscv64_qemu_linux","EMULATED","riscv64","riscv64",2,3906,"Linux 6.17.0-14-generic","C compiler","unknown","-O3 (RISC-V Linux guest)","mlkem-native","v1.2.0 (0ba906cb14b1c241476134d7403a811b382ca498)","ML-KEM-512","decapsulation",28,358347,1269760,True,""
"ce219fb0-bf1c-44c4-a525-a0ead010c9ab","8d21a25e-5064-4c7f-9497-b7fdaccdcf80","2026-08-12T22:27:18Z","riscv64_qemu_linux","EMULATED","riscv64","riscv64",2,3906,"Linux 6.17.0-14-generic","C compiler","unknown","-O3 (RISC-V Linux guest)","mlkem-native","v1.2.0 (0ba906cb14b1c241476134d7403a811b382ca498)","ML-KEM-512","keygen",29,318353,1269760,True,""
"ce219fb0-bf1c-44c4-a525-a0ead010c9ab","8d21a25e-5064-4c7f-9497-b7fdaccdcf80","2026-08-12T22:27:18Z","riscv64_qemu_linux","EMULATED","riscv64","riscv64",2,3906,"Linux 6.17.0-14-generic","C compiler","unknown","-O3 (RISC-V Linux guest)","mlkem-native","v1.2.0 (0ba906cb14b1c241476134d7403a811b382ca498)","ML-KEM-512","encapsulation",29,497027,1269760,True,""
"ce219fb0-bf1c-44c4-a525-a0ead010c9ab","8d21a25e-5064-4c7f-9497-b7fdaccdcf80","2026-08-12T22:27:18Z","riscv64_qemu_linux","EMULATED","riscv64","riscv64",2,3906,"Linux 6.17.0-14-generic","C compiler","unknown","-O3 (RISC-V Linux guest)","mlkem-native","v1.2.0 (0ba906cb14b1c241476134d7403a811b382ca498)","ML-KEM-512","decapsulation",29,354548,1269760,True,""
"ce219fb0-bf1c-44c4-a525-a0ead010c9ab","8d21a25e-5064-4c7f-9497-b7fdaccdcf80","2026-08-12T22:27:18Z","riscv64_qemu_linux","EMULATED","riscv64","riscv64",2,3906,"Linux 6.17.0-14-generic","C compiler","unknown","-O3 (RISC-V Linux guest)","mlkem-native","v1.2.0 (0ba906cb14b1c241476134d7403a811b382ca498)","ML-KEM-512","keygen",30,278259,1269760,True,""
"ce219fb0-bf1c-44c4-a525-a0ead010c9ab","8d21a25e-5064-4c7f-9497-b7fdaccdcf80","2026-08-12T22:27:18Z","riscv64_qemu_linux","EMULATED","riscv64","riscv64",2,3906,"Linux 6.17.0-14-generic","C compiler","unknown","-O3 (RISC-V Linux guest)","mlkem-native","v1.2.0 (0ba906cb14b1c241476134d7403a811b382ca498)","ML-KEM-512","encapsulation",30,259962,1269760,True,""
"ce219fb0-bf1c-44c4-a525-a0ead010c9ab","8d21a25e-5064-4c7f-9497-b7fdaccdcf80","2026-08-12T22:27:18Z","riscv64_qemu_linux","EMULATED","riscv64","riscv64",2,3906,"Linux 6.17.0-14-generic","C compiler","unknown","-O3 (RISC-V Linux guest)","mlkem-native","v1.2.0 (0ba906cb14b1c241476134d7403a811b382ca498)","ML-KEM-512","decapsulation",30,335050,1269760,True,""
"ce219fb0-bf1c-44c4-a525-a0ead010c9ab","8d21a25e-5064-4c7f-9497-b7fdaccdcf80","2026-08-12T22:27:18Z","riscv64_qemu_linux","EMULATED","riscv64","riscv64",2,3906,"Linux 6.17.0-14-generic","C compiler","unknown","-O3 (RISC-V Linux guest)","mlkem-native","v1.2.0 (0ba906cb14b1c241476134d7403a811b382ca498)","ML-KEM-512","keygen",31,592413,1269760,True,""
"ce219fb0-bf1c-44c4-a525-a0ead010c9ab","8d21a25e-5064-4c7f-9497-b7fdaccdcf80","2026-08-12T22:27:18Z","riscv64_qemu_linux","EMULATED","riscv64","riscv64",2,3906,"Linux 6.17.0-14-generic","C compiler","unknown","-O3 (RISC-V Linux guest)","mlkem-native","v1.2.0 (0ba906cb14b1c241476134d7403a811b382ca498)","ML-KEM-512","encapsulation",31,260062,1269760,True,""
"ce219fb0-bf1c-44c4-a525-a0ead010c9ab","8d21a25e-5064-4c7f-9497-b7fdaccdcf80","2026-08-12T22:27:18Z","riscv64_qemu_linux","EMULATED","riscv64","riscv64",2,3906,"Linux 6.17.0-14-generic","C compiler","unknown","-O3 (RISC-V Linux guest)","mlkem-native","v1.2.0 (0ba906cb14b1c241476134d7403a811b382ca498)","ML-KEM-512","decapsulation",31,457233,1269760,True,""
"ce219fb0-bf1c-44c4-a525-a0ead010c9ab","8d21a25e-5064-4c7f-9497-b7fdaccdcf80","2026-08-12T22:27:18Z","riscv64_qemu_linux","EMULATED","riscv64","riscv64",2,3906,"Linux 6.17.0-14-generic","C compiler","unknown","-O3 (RISC-V Linux guest)","mlkem-native","v1.2.0 (0ba906cb14b1c241476134d7403a811b382ca498)","ML-KEM-512","keygen",32,1423691,1269760,True,""
"ce219fb0-bf1c-44c4-a525-a0ead010c9ab","8d21a25e-5064-4c7f-9497-b7fdaccdcf80","2026-08-12T22:27:18Z","riscv64_qemu_linux","EMULATED","riscv64","riscv64",2,3906,"Linux 6.17.0-14-generic","C compiler","unknown","-O3 (RISC-V Linux guest)","mlkem-native","v1.2.0 (0ba906cb14b1c241476134d7403a811b382ca498)","ML-KEM-512","encapsulation",32,265961,1269760,True,""
"ce219fb0-bf1c-44c4-a525-a0ead010c9ab","8d21a25e-5064-4c7f-9497-b7fdaccdcf80","2026-08-12T22:27:18Z","riscv64_qemu_linux","EMULATED","riscv64","riscv64",2,3906,"Linux 6.17.0-14-generic","C compiler","unknown","-O3 (RISC-V Linux guest)","mlkem-native","v1.2.0 (0ba906cb14b1c241476134d7403a811b382ca498)","ML-KEM-512","decapsulation",32,321253,1269760,True,""
"ce219fb0-bf1c-44c4-a525-a0ead010c9ab","8d21a25e-5064-4c7f-9497-b7fdaccdcf80","2026-08-12T22:27:18Z","riscv64_qemu_linux","EMULATED","riscv64","riscv64",2,3906,"Linux 6.17.0-14-generic","C compiler","unknown","-O3 (RISC-V Linux guest)","mlkem-native","v1.2.0 (0ba906cb14b1c241476134d7403a811b382ca498)","ML-KEM-512","keygen",33,600812,1269760,True,""
"ce219fb0-bf1c-44c4-a525-a0ead010c9ab","8d21a25e-5064-4c7f-9497-b7fdaccdcf80","2026-08-12T22:27:18Z","riscv64_qemu_linux","EMULATED","riscv64","riscv64",2,3906,"Linux 6.17.0-14-generic","C compiler","unknown","-O3 (RISC-V Linux guest)","mlkem-native","v1.2.0 (0ba906cb14b1c241476134d7403a811b382ca498)","ML-KEM-512","encapsulation",33,301255,1269760,True,""
"ce219fb0-bf1c-44c4-a525-a0ead010c9ab","8d21a25e-5064-4c7f-9497-b7fdaccdcf80","2026-08-12T22:27:18Z","riscv64_qemu_linux","EMULATED","riscv64","riscv64",2,3906,"Linux 6.17.0-14-generic","C compiler","unknown","-O3 (RISC-V Linux guest)","mlkem-native","v1.2.0 (0ba906cb14b1c241476134d7403a811b382ca498)","ML-KEM-512","decapsulation",33,362246,1269760,True,""
"ce219fb0-bf1c-44c4-a525-a0ead010c9ab","8d21a25e-5064-4c7f-9497-b7fdaccdcf80","2026-08-12T22:27:18Z","riscv64_qemu_linux","EMULATED","riscv64","riscv64",2,3906,"Linux 6.17.0-14-generic","C compiler","unknown","-O3 (RISC-V Linux guest)","mlkem-native","v1.2.0 (0ba906cb14b1c241476134d7403a811b382ca498)","ML-KEM-512","keygen",34,266061,1269760,True,""
"ce219fb0-bf1c-44c4-a525-a0ead010c9ab","8d21a25e-5064-4c7f-9497-b7fdaccdcf80","2026-08-12T22:27:18Z","riscv64_qemu_linux","EMULATED","riscv64","riscv64",2,3906,"Linux 6.17.0-14-generic","C compiler","unknown","-O3 (RISC-V Linux guest)","mlkem-native","v1.2.0 (0ba906cb14b1c241476134d7403a811b382ca498)","ML-KEM-512","encapsulation",34,297656,1269760,True,""
"ce219fb0-bf1c-44c4-a525-a0ead010c9ab","8d21a25e-5064-4c7f-9497-b7fdaccdcf80","2026-08-12T22:27:18Z","riscv64_qemu_linux","EMULATED","riscv64","riscv64",2,3906,"Linux 6.17.0-14-generic","C compiler","unknown","-O3 (RISC-V Linux guest)","mlkem-native","v1.2.0 (0ba906cb14b1c241476134d7403a811b382ca498)","ML-KEM-512","decapsulation",34,313053,1269760,True,""
"ce219fb0-bf1c-44c4-a525-a0ead010c9ab","8d21a25e-5064-4c7f-9497-b7fdaccdcf80","2026-08-12T22:27:18Z","riscv64_qemu_linux","EMULATED","riscv64","riscv64",2,3906,"Linux 6.17.0-14-generic","C compiler","unknown","-O3 (RISC-V Linux guest)","mlkem-native","v1.2.0 (0ba906cb14b1c241476134d7403a811b382ca498)","ML-KEM-512","keygen",35,259562,1269760,True,""
"ce219fb0-bf1c-44c4-a525-a0ead010c9ab","8d21a25e-5064-4c7f-9497-b7fdaccdcf80","2026-08-12T22:27:18Z","riscv64_qemu_linux","EMULATED","riscv64","riscv64",2,3906,"Linux 6.17.0-14-generic","C compiler","unknown","-O3 (RISC-V Linux guest)","mlkem-native","v1.2.0 (0ba906cb14b1c241476134d7403a811b382ca498)","ML-KEM-512","encapsulation",35,266861,1269760,True,""
"ce219fb0-bf1c-44c4-a525-a0ead010c9ab","8d21a25e-5064-4c7f-9497-b7fdaccdcf80","2026-08-12T22:27:18Z","riscv64_qemu_linux","EMULATED","riscv64","riscv64",2,3906,"Linux 6.17.0-14-generic","C compiler","unknown","-O3 (RISC-V Linux guest)","mlkem-native","v1.2.0 (0ba906cb14b1c241476134d7403a811b382ca498)","ML-KEM-512","decapsulation",35,339851,1269760,True,""
"ce219fb0-bf1c-44c4-a525-a0ead010c9ab","8d21a25e-5064-4c7f-9497-b7fdaccdcf80","2026-08-12T22:27:18Z","riscv64_qemu_linux","EMULATED","riscv64","riscv64",2,3906,"Linux 6.17.0-14-generic","C compiler","unknown","-O3 (RISC-V Linux guest)","mlkem-native","v1.2.0 (0ba906cb14b1c241476134d7403a811b382ca498)","ML-KEM-512","keygen",36,266061,1269760,True,""
"ce219fb0-bf1c-44c4-a525-a0ead010c9ab","8d21a25e-5064-4c7f-9497-b7fdaccdcf80","2026-08-12T22:27:18Z","riscv64_qemu_linux","EMULATED","riscv64","riscv64",2,3906,"Linux 6.17.0-14-generic","C compiler","unknown","-O3 (RISC-V Linux guest)","mlkem-native","v1.2.0 (0ba906cb14b1c241476134d7403a811b382ca498)","ML-KEM-512","encapsulation",36,683099,1269760,True,""
"ce219fb0-bf1c-44c4-a525-a0ead010c9ab","8d21a25e-5064-4c7f-9497-b7fdaccdcf80","2026-08-12T22:27:18Z","riscv64_qemu_linux","EMULATED","riscv64","riscv64",2,3906,"Linux 6.17.0-14-generic","C compiler","unknown","-O3 (RISC-V Linux guest)","mlkem-native","v1.2.0 (0ba906cb14b1c241476134d7403a811b382ca498)","ML-KEM-512","decapsulation",36,561218,1269760,True,""
"ce219fb0-bf1c-44c4-a525-a0ead010c9ab","8d21a25e-5064-4c7f-9497-b7fdaccdcf80","2026-08-12T22:27:18Z","riscv64_qemu_linux","EMULATED","riscv64","riscv64",2,3906,"Linux 6.17.0-14-generic","C compiler","unknown","-O3 (RISC-V Linux guest)","mlkem-native","v1.2.0 (0ba906cb14b1c241476134d7403a811b382ca498)","ML-KEM-512","keygen",37,494727,1269760,True,""
"ce219fb0-bf1c-44c4-a525-a0ead010c9ab","8d21a25e-5064-4c7f-9497-b7fdaccdcf80","2026-08-12T22:27:18Z","riscv64_qemu_linux","EMULATED","riscv64","riscv64",2,3906,"Linux 6.17.0-14-generic","C compiler","unknown","-O3 (RISC-V Linux guest)","mlkem-native","v1.2.0 (0ba906cb14b1c241476134d7403a811b382ca498)","ML-KEM-512","encapsulation",37,484528,1269760,True,""
"ce219fb0-bf1c-44c4-a525-a0ead010c9ab","8d21a25e-5064-4c7f-9497-b7fdaccdcf80","2026-08-12T22:27:18Z","riscv64_qemu_linux","EMULATED","riscv64","riscv64",2,3906,"Linux 6.17.0-14-generic","C compiler","unknown","-O3 (RISC-V Linux guest)","mlkem-native","v1.2.0 (0ba906cb14b1c241476134d7403a811b382ca498)","ML-KEM-512","decapsulation",37,1047246,1269760,True,""
"ce219fb0-bf1c-44c4-a525-a0ead010c9ab","8d21a25e-5064-4c7f-9497-b7fdaccdcf80","2026-08-12T22:27:18Z","riscv64_qemu_linux","EMULATED","riscv64","riscv64",2,3906,"Linux 6.17.0-14-generic","C compiler","unknown","-O3 (RISC-V Linux guest)","mlkem-native","v1.2.0 (0ba906cb14b1c241476134d7403a811b382ca498)","ML-KEM-512","keygen",38,277659,1269760,True,""
"ce219fb0-bf1c-44c4-a525-a0ead010c9ab","8d21a25e-5064-4c7f-9497-b7fdaccdcf80","2026-08-12T22:27:18Z","riscv64_qemu_linux","EMULATED","riscv64","riscv64",2,3906,"Linux 6.17.0-14-generic","C compiler","unknown","-O3 (RISC-V Linux guest)","mlkem-native","v1.2.0 (0ba906cb14b1c241476134d7403a811b382ca498)","ML-KEM-512","encapsulation",38,337650,1269760,True,""
"ce219fb0-bf1c-44c4-a525-a0ead010c9ab","8d21a25e-5064-4c7f-9497-b7fdaccdcf80","2026-08-12T22:27:18Z","riscv64_qemu_linux","EMULATED","riscv64","riscv64",2,3906,"Linux 6.17.0-14-generic","C compiler","unknown","-O3 (RISC-V Linux guest)","mlkem-native","v1.2.0 (0ba906cb14b1c241476134d7403a811b382ca498)","ML-KEM-512","decapsulation",38,352449,1269760,True,""
"ce219fb0-bf1c-44c4-a525-a0ead010c9ab","8d21a25e-5064-4c7f-9497-b7fdaccdcf80","2026-08-12T22:27:18Z","riscv64_qemu_linux","EMULATED","riscv64","riscv64",2,3906,"Linux 6.17.0-14-generic","C compiler","unknown","-O3 (RISC-V Linux guest)","mlkem-native","v1.2.0 (0ba906cb14b1c241476134d7403a811b382ca498)","ML-KEM-512","keygen",39,439535,1269760,True,""
"ce219fb0-bf1c-44c4-a525-a0ead010c9ab","8d21a25e-5064-4c7f-9497-b7fdaccdcf80","2026-08-12T22:27:18Z","riscv64_qemu_linux","EMULATED","riscv64","riscv64",2,3906,"Linux 6.17.0-14-generic","C compiler","unknown","-O3 (RISC-V Linux guest)","mlkem-native","v1.2.0 (0ba906cb14b1c241476134d7403a811b382ca498)","ML-KEM-512","encapsulation",39,265061,1269760,True,""
"ce219fb0-bf1c-44c4-a525-a0ead010c9ab","8d21a25e-5064-4c7f-9497-b7fdaccdcf80","2026-08-12T22:27:18Z","riscv64_qemu_linux","EMULATED","riscv64","riscv64",2,3906,"Linux 6.17.0-14-generic","C compiler","unknown","-O3 (RISC-V Linux guest)","mlkem-native","v1.2.0 (0ba906cb14b1c241476134d7403a811b382ca498)","ML-KEM-512","decapsulation",39,348649,1269760,True,""
"ce219fb0-bf1c-44c4-a525-a0ead010c9ab","8d21a25e-5064-4c7f-9497-b7fdaccdcf80","2026-08-12T22:27:18Z","riscv64_qemu_linux","EMULATED","riscv64","riscv64",2,3906,"Linux 6.17.0-14-generic","C compiler","unknown","-O3 (RISC-V Linux guest)","mlkem-native","v1.2.0 (0ba906cb14b1c241476134d7403a811b382ca498)","ML-KEM-512","keygen",40,234965,1269760,True,""
"ce219fb0-bf1c-44c4-a525-a0ead010c9ab","8d21a25e-5064-4c7f-9497-b7fdaccdcf80","2026-08-12T22:27:18Z","riscv64_qemu_linux","EMULATED","riscv64","riscv64",2,3906,"Linux 6.17.0-14-generic","C compiler","unknown","-O3 (RISC-V Linux guest)","mlkem-native","v1.2.0 (0ba906cb14b1c241476134d7403a811b382ca498)","ML-KEM-512","encapsulation",40,249563,1269760,True,""
"ce219fb0-bf1c-44c4-a525-a0ead010c9ab","8d21a25e-5064-4c7f-9497-b7fdaccdcf80","2026-08-12T22:27:18Z","riscv64_qemu_linux","EMULATED","riscv64","riscv64",2,3906,"Linux 6.17.0-14-generic","C compiler","unknown","-O3 (RISC-V Linux guest)","mlkem-native","v1.2.0 (0ba906cb14b1c241476134d7403a811b382ca498)","ML-KEM-512","decapsulation",40,984556,1269760,True,""
"ce219fb0-bf1c-44c4-a525-a0ead010c9ab","8d21a25e-5064-4c7f-9497-b7fdaccdcf80","2026-08-12T22:27:18Z","riscv64_qemu_linux","EMULATED","riscv64","riscv64",2,3906,"Linux 6.17.0-14-generic","C compiler","unknown","-O3 (RISC-V Linux guest)","mlkem-native","v1.2.0 (0ba906cb14b1c241476134d7403a811b382ca498)","ML-KEM-512","keygen",41,332351,1269760,True,""
"ce219fb0-bf1c-44c4-a525-a0ead010c9ab","8d21a25e-5064-4c7f-9497-b7fdaccdcf80","2026-08-12T22:27:18Z","riscv64_qemu_linux","EMULATED","riscv64","riscv64",2,3906,"Linux 6.17.0-14-generic","C compiler","unknown","-O3 (RISC-V Linux guest)","mlkem-native","v1.2.0 (0ba906cb14b1c241476134d7403a811b382ca498)","ML-KEM-512","encapsulation",41,265361,1269760,True,""
"ce219fb0-bf1c-44c4-a525-a0ead010c9ab","8d21a25e-5064-4c7f-9497-b7fdaccdcf80","2026-08-12T22:27:18Z","riscv64_qemu_linux","EMULATED","riscv64","riscv64",2,3906,"Linux 6.17.0-14-generic","C compiler","unknown","-O3 (RISC-V Linux guest)","mlkem-native","v1.2.0 (0ba906cb14b1c241476134d7403a811b382ca498)","ML-KEM-512","decapsulation",41,309455,1269760,True,""
"ce219fb0-bf1c-44c4-a525-a0ead010c9ab","8d21a25e-5064-4c7f-9497-b7fdaccdcf80","2026-08-12T22:27:18Z","riscv64_qemu_linux","EMULATED","riscv64","riscv64",2,3906,"Linux 6.17.0-14-generic","C compiler","unknown","-O3 (RISC-V Linux guest)","mlkem-native","v1.2.0 (0ba906cb14b1c241476134d7403a811b382ca498)","ML-KEM-512","keygen",42,282959,1269760,True,""
"ce219fb0-bf1c-44c4-a525-a0ead010c9ab","8d21a25e-5064-4c7f-9497-b7fdaccdcf80","2026-08-12T22:27:18Z","riscv64_qemu_linux","EMULATED","riscv64","riscv64",2,3906,"Linux 6.17.0-14-generic","C compiler","unknown","-O3 (RISC-V Linux guest)","mlkem-native","v1.2.0 (0ba906cb14b1c241476134d7403a811b382ca498)","ML-KEM-512","encapsulation",42,256162,1269760,True,""
"ce219fb0-bf1c-44c4-a525-a0ead010c9ab","8d21a25e-5064-4c7f-9497-b7fdaccdcf80","2026-08-12T22:27:18Z","riscv64_qemu_linux","EMULATED","riscv64","riscv64",2,3906,"Linux 6.17.0-14-generic","C compiler","unknown","-O3 (RISC-V Linux guest)","mlkem-native","v1.2.0 (0ba906cb14b1c241476134d7403a811b382ca498)","ML-KEM-512","decapsulation",42,321652,1269760,True,""
"ce219fb0-bf1c-44c4-a525-a0ead010c9ab","8d21a25e-5064-4c7f-9497-b7fdaccdcf80","2026-08-12T22:27:18Z","riscv64_qemu_linux","EMULATED","riscv64","riscv64",2,3906,"Linux 6.17.0-14-generic","C compiler","unknown","-O3 (RISC-V Linux guest)","mlkem-native","v1.2.0 (0ba906cb14b1c241476134d7403a811b382ca498)","ML-KEM-512","keygen",43,278259,1269760,True,""
"ce219fb0-bf1c-44c4-a525-a0ead010c9ab","8d21a25e-5064-4c7f-9497-b7fdaccdcf80","2026-08-12T22:27:18Z","riscv64_qemu_linux","EMULATED","riscv64","riscv64",2,3906,"Linux 6.17.0-14-generic","C compiler","unknown","-O3 (RISC-V Linux guest)","mlkem-native","v1.2.0 (0ba906cb14b1c241476134d7403a811b382ca498)","ML-KEM-512","encapsulation",43,257563,1269760,True,""
"ce219fb0-bf1c-44c4-a525-a0ead010c9ab","8d21a25e-5064-4c7f-9497-b7fdaccdcf80","2026-08-12T22:27:18Z","riscv64_qemu_linux","EMULATED","riscv64","riscv64",2,3906,"Linux 6.17.0-14-generic","C compiler","unknown","-O3 (RISC-V Linux guest)","mlkem-native","v1.2.0 (0ba906cb14b1c241476134d7403a811b382ca498)","ML-KEM-512","decapsulation",43,603111,1269760,True,""
"ce219fb0-bf1c-44c4-a525-a0ead010c9ab","8d21a25e-5064-4c7f-9497-b7fdaccdcf80","2026-08-12T22:27:18Z","riscv64_qemu_linux","EMULATED","riscv64","riscv64",2,3906,"Linux 6.17.0-14-generic","C compiler","unknown","-O3 (RISC-V Linux guest)","mlkem-native","v1.2.0 (0ba906cb14b1c241476134d7403a811b382ca498)","ML-KEM-512","keygen",44,252663,1269760,True,""
"ce219fb0-bf1c-44c4-a525-a0ead010c9ab","8d21a25e-5064-4c7f-9497-b7fdaccdcf80","2026-08-12T22:27:18Z","riscv64_qemu_linux","EMULATED","riscv64","riscv64",2,3906,"Linux 6.17.0-14-generic","C compiler","unknown","-O3 (RISC-V Linux guest)","mlkem-native","v1.2.0 (0ba906cb14b1c241476134d7403a811b382ca498)","ML-KEM-512","encapsulation",44,298756,1269760,True,""
"ce219fb0-bf1c-44c4-a525-a0ead010c9ab","8d21a25e-5064-4c7f-9497-b7fdaccdcf80","2026-08-12T22:27:19Z","riscv64_qemu_linux","EMULATED","riscv64","riscv64",2,3906,"Linux 6.17.0-14-generic","C compiler","unknown","-O3 (RISC-V Linux guest)","mlkem-native","v1.2.0 (0ba906cb14b1c241476134d7403a811b382ca498)","ML-KEM-512","decapsulation",44,303256,1269760,True,""
"ce219fb0-bf1c-44c4-a525-a0ead010c9ab","8d21a25e-5064-4c7f-9497-b7fdaccdcf80","2026-08-12T22:27:19Z","riscv64_qemu_linux","EMULATED","riscv64","riscv64",2,3906,"Linux 6.17.0-14-generic","C compiler","unknown","-O3 (RISC-V Linux guest)","mlkem-native","v1.2.0 (0ba906cb14b1c241476134d7403a811b382ca498)","ML-KEM-512","keygen",45,228266,1269760,True,""
"ce219fb0-bf1c-44c4-a525-a0ead010c9ab","8d21a25e-5064-4c7f-9497-b7fdaccdcf80","2026-08-12T22:27:19Z","riscv64_qemu_linux","EMULATED","riscv64","riscv64",2,3906,"Linux 6.17.0-14-generic","C compiler","unknown","-O3 (RISC-V Linux guest)","mlkem-native","v1.2.0 (0ba906cb14b1c241476134d7403a811b382ca498)","ML-KEM-512","encapsulation",45,279359,1269760,True,""
"ce219fb0-bf1c-44c4-a525-a0ead010c9ab","8d21a25e-5064-4c7f-9497-b7fdaccdcf80","2026-08-12T22:27:19Z","riscv64_qemu_linux","EMULATED","riscv64","riscv64",2,3906,"Linux 6.17.0-14-generic","C compiler","unknown","-O3 (RISC-V Linux guest)","mlkem-native","v1.2.0 (0ba906cb14b1c241476134d7403a811b382ca498)","ML-KEM-512","decapsulation",45,312854,1269760,True,""
"ce219fb0-bf1c-44c4-a525-a0ead010c9ab","8d21a25e-5064-4c7f-9497-b7fdaccdcf80","2026-08-12T22:27:19Z","riscv64_qemu_linux","EMULATED","riscv64","riscv64",2,3906,"Linux 6.17.0-14-generic","C compiler","unknown","-O3 (RISC-V Linux guest)","mlkem-native","v1.2.0 (0ba906cb14b1c241476134d7403a811b382ca498)","ML-KEM-512","keygen",46,234566,1269760,True,""
"ce219fb0-bf1c-44c4-a525-a0ead010c9ab","8d21a25e-5064-4c7f-9497-b7fdaccdcf80","2026-08-12T22:27:19Z","riscv64_qemu_linux","EMULATED","riscv64","riscv64",2,3906,"Linux 6.17.0-14-generic","C compiler","unknown","-O3 (RISC-V Linux guest)","mlkem-native","v1.2.0 (0ba906cb14b1c241476134d7403a811b382ca498)","ML-KEM-512","encapsulation",46,254963,1269760,True,""
"ce219fb0-bf1c-44c4-a525-a0ead010c9ab","8d21a25e-5064-4c7f-9497-b7fdaccdcf80","2026-08-12T22:27:19Z","riscv64_qemu_linux","EMULATED","riscv64","riscv64",2,3906,"Linux 6.17.0-14-generic","C compiler","unknown","-O3 (RISC-V Linux guest)","mlkem-native","v1.2.0 (0ba906cb14b1c241476134d7403a811b382ca498)","ML-KEM-512","decapsulation",46,300057,1269760,True,""
"ce219fb0-bf1c-44c4-a525-a0ead010c9ab","8d21a25e-5064-4c7f-9497-b7fdaccdcf80","2026-08-12T22:27:19Z","riscv64_qemu_linux","EMULATED","riscv64","riscv64",2,3906,"Linux 6.17.0-14-generic","C compiler","unknown","-O3 (RISC-V Linux guest)","mlkem-native","v1.2.0 (0ba906cb14b1c241476134d7403a811b382ca498)","ML-KEM-512","keygen",47,383144,1269760,True,""
"ce219fb0-bf1c-44c4-a525-a0ead010c9ab","8d21a25e-5064-4c7f-9497-b7fdaccdcf80","2026-08-12T22:27:19Z","riscv64_qemu_linux","EMULATED","riscv64","riscv64",2,3906,"Linux 6.17.0-14-generic","C compiler","unknown","-O3 (RISC-V Linux guest)","mlkem-native","v1.2.0 (0ba906cb14b1c241476134d7403a811b382ca498)","ML-KEM-512","encapsulation",47,366747,1269760,True,""
"ce219fb0-bf1c-44c4-a525-a0ead010c9ab","8d21a25e-5064-4c7f-9497-b7fdaccdcf80","2026-08-12T22:27:19Z","riscv64_qemu_linux","EMULATED","riscv64","riscv64",2,3906,"Linux 6.17.0-14-generic","C compiler","unknown","-O3 (RISC-V Linux guest)","mlkem-native","v1.2.0 (0ba906cb14b1c241476134d7403a811b382ca498)","ML-KEM-512","decapsulation",47,359548,1269760,True,""
"ce219fb0-bf1c-44c4-a525-a0ead010c9ab","8d21a25e-5064-4c7f-9497-b7fdaccdcf80","2026-08-12T22:27:19Z","riscv64_qemu_linux","EMULATED","riscv64","riscv64",2,3906,"Linux 6.17.0-14-generic","C compiler","unknown","-O3 (RISC-V Linux guest)","mlkem-native","v1.2.0 (0ba906cb14b1c241476134d7403a811b382ca498)","ML-KEM-512","keygen",48,285359,1269760,True,""
"ce219fb0-bf1c-44c4-a525-a0ead010c9ab","8d21a25e-5064-4c7f-9497-b7fdaccdcf80","2026-08-12T22:27:19Z","riscv64_qemu_linux","EMULATED","riscv64","riscv64",2,3906,"Linux 6.17.0-14-generic","C compiler","unknown","-O3 (RISC-V Linux guest)","mlkem-native","v1.2.0 (0ba906cb14b1c241476134d7403a811b382ca498)","ML-KEM-512","encapsulation",48,272661,1269760,True,""
"ce219fb0-bf1c-44c4-a525-a0ead010c9ab","8d21a25e-5064-4c7f-9497-b7fdaccdcf80","2026-08-12T22:27:19Z","riscv64_qemu_linux","EMULATED","riscv64","riscv64",2,3906,"Linux 6.17.0-14-generic","C compiler","unknown","-O3 (RISC-V Linux guest)","mlkem-native","v1.2.0 (0ba906cb14b1c241476134d7403a811b382ca498)","ML-KEM-512","decapsulation",48,365247,1269760,True,""
"ce219fb0-bf1c-44c4-a525-a0ead010c9ab","8d21a25e-5064-4c7f-9497-b7fdaccdcf80","2026-08-12T22:27:19Z","riscv64_qemu_linux","EMULATED","riscv64","riscv64",2,3906,"Linux 6.17.0-14-generic","C compiler","unknown","-O3 (RISC-V Linux guest)","mlkem-native","v1.2.0 (0ba906cb14b1c241476134d7403a811b382ca498)","ML-KEM-512","keygen",49,308256,1269760,True,""
"ce219fb0-bf1c-44c4-a525-a0ead010c9ab","8d21a25e-5064-4c7f-9497-b7fdaccdcf80","2026-08-12T22:27:19Z","riscv64_qemu_linux","EMULATED","riscv64","riscv64",2,3906,"Linux 6.17.0-14-generic","C compiler","unknown","-O3 (RISC-V Linux guest)","mlkem-native","v1.2.0 (0ba906cb14b1c241476134d7403a811b382ca498)","ML-KEM-512","encapsulation",49,269660,1269760,True,""
"ce219fb0-bf1c-44c4-a525-a0ead010c9ab","8d21a25e-5064-4c7f-9497-b7fdaccdcf80","2026-08-12T22:27:19Z","riscv64_qemu_linux","EMULATED","riscv64","riscv64",2,3906,"Linux 6.17.0-14-generic","C compiler","unknown","-O3 (RISC-V Linux guest)","mlkem-native","v1.2.0 (0ba906cb14b1c241476134d7403a811b382ca498)","ML-KEM-512","decapsulation",49,389643,1269760,True,""
"ce219fb0-bf1c-44c4-a525-a0ead010c9ab","8d21a25e-5064-4c7f-9497-b7fdaccdcf80","2026-08-12T22:27:19Z","riscv64_qemu_linux","EMULATED","riscv64","riscv64",2,3906,"Linux 6.17.0-14-generic","C compiler","unknown","-O3 (RISC-V Linux guest)","mlkem-native","v1.2.0 (0ba906cb14b1c241476134d7403a811b382ca498)","ML-KEM-512","keygen",50,366446,1269760,True,""
"ce219fb0-bf1c-44c4-a525-a0ead010c9ab","8d21a25e-5064-4c7f-9497-b7fdaccdcf80","2026-08-12T22:27:19Z","riscv64_qemu_linux","EMULATED","riscv64","riscv64",2,3906,"Linux 6.17.0-14-generic","C compiler","unknown","-O3 (RISC-V Linux guest)","mlkem-native","v1.2.0 (0ba906cb14b1c241476134d7403a811b382ca498)","ML-KEM-512","encapsulation",50,481730,1269760,True,""
"ce219fb0-bf1c-44c4-a525-a0ead010c9ab","8d21a25e-5064-4c7f-9497-b7fdaccdcf80","2026-08-12T22:27:19Z","riscv64_qemu_linux","EMULATED","riscv64","riscv64",2,3906,"Linux 6.17.0-14-generic","C compiler","unknown","-O3 (RISC-V Linux guest)","mlkem-native","v1.2.0 (0ba906cb14b1c241476134d7403a811b382ca498)","ML-KEM-512","decapsulation",50,389343,1269760,True,""
"ce219fb0-bf1c-44c4-a525-a0ead010c9ab","8d21a25e-5064-4c7f-9497-b7fdaccdcf80","2026-08-12T22:27:19Z","riscv64_qemu_linux","EMULATED","riscv64","riscv64",2,3906,"Linux 6.17.0-14-generic","C compiler","unknown","-O3 (RISC-V Linux guest)","mlkem-native","v1.2.0 (0ba906cb14b1c241476134d7403a811b382ca498)","ML-KEM-512","keygen",51,378645,1269760,True,""
"ce219fb0-bf1c-44c4-a525-a0ead010c9ab","8d21a25e-5064-4c7f-9497-b7fdaccdcf80","2026-08-12T22:27:19Z","riscv64_qemu_linux","EMULATED","riscv64","riscv64",2,3906,"Linux 6.17.0-14-generic","C compiler","unknown","-O3 (RISC-V Linux guest)","mlkem-native","v1.2.0 (0ba906cb14b1c241476134d7403a811b382ca498)","ML-KEM-512","encapsulation",51,350549,1269760,True,""
"ce219fb0-bf1c-44c4-a525-a0ead010c9ab","8d21a25e-5064-4c7f-9497-b7fdaccdcf80","2026-08-12T22:27:19Z","riscv64_qemu_linux","EMULATED","riscv64","riscv64",2,3906,"Linux 6.17.0-14-generic","C compiler","unknown","-O3 (RISC-V Linux guest)","mlkem-native","v1.2.0 (0ba906cb14b1c241476134d7403a811b382ca498)","ML-KEM-512","decapsulation",51,513126,1269760,True,""
"ce219fb0-bf1c-44c4-a525-a0ead010c9ab","8d21a25e-5064-4c7f-9497-b7fdaccdcf80","2026-08-12T22:27:19Z","riscv64_qemu_linux","EMULATED","riscv64","riscv64",2,3906,"Linux 6.17.0-14-generic","C compiler","unknown","-O3 (RISC-V Linux guest)","mlkem-native","v1.2.0 (0ba906cb14b1c241476134d7403a811b382ca498)","ML-KEM-512","keygen",52,809282,1269760,True,""
"ce219fb0-bf1c-44c4-a525-a0ead010c9ab","8d21a25e-5064-4c7f-9497-b7fdaccdcf80","2026-08-12T22:27:19Z","riscv64_qemu_linux","EMULATED","riscv64","riscv64",2,3906,"Linux 6.17.0-14-generic","C compiler","unknown","-O3 (RISC-V Linux guest)","mlkem-native","v1.2.0 (0ba906cb14b1c241476134d7403a811b382ca498)","ML-KEM-512","encapsulation",52,313455,1269760,True,""
"ce219fb0-bf1c-44c4-a525-a0ead010c9ab","8d21a25e-5064-4c7f-9497-b7fdaccdcf80","2026-08-12T22:27:19Z","riscv64_qemu_linux","EMULATED","riscv64","riscv64",2,3906,"Linux 6.17.0-14-generic","C compiler","unknown","-O3 (RISC-V Linux guest)","mlkem-native","v1.2.0 (0ba906cb14b1c241476134d7403a811b382ca498)","ML-KEM-512","decapsulation",52,342650,1269760,True,""
"ce219fb0-bf1c-44c4-a525-a0ead010c9ab","8d21a25e-5064-4c7f-9497-b7fdaccdcf80","2026-08-12T22:27:19Z","riscv64_qemu_linux","EMULATED","riscv64","riscv64",2,3906,"Linux 6.17.0-14-generic","C compiler","unknown","-O3 (RISC-V Linux guest)","mlkem-native","v1.2.0 (0ba906cb14b1c241476134d7403a811b382ca498)","ML-KEM-512","keygen",53,587315,1269760,True,""
"ce219fb0-bf1c-44c4-a525-a0ead010c9ab","8d21a25e-5064-4c7f-9497-b7fdaccdcf80","2026-08-12T22:27:19Z","riscv64_qemu_linux","EMULATED","riscv64","riscv64",2,3906,"Linux 6.17.0-14-generic","C compiler","unknown","-O3 (RISC-V Linux guest)","mlkem-native","v1.2.0 (0ba906cb14b1c241476134d7403a811b382ca498)","ML-KEM-512","encapsulation",53,330452,1269760,True,""
"ce219fb0-bf1c-44c4-a525-a0ead010c9ab","8d21a25e-5064-4c7f-9497-b7fdaccdcf80","2026-08-12T22:27:19Z","riscv64_qemu_linux","EMULATED","riscv64","riscv64",2,3906,"Linux 6.17.0-14-generic","C compiler","unknown","-O3 (RISC-V Linux guest)","mlkem-native","v1.2.0 (0ba906cb14b1c241476134d7403a811b382ca498)","ML-KEM-512","decapsulation",53,360448,1269760,True,""
"ce219fb0-bf1c-44c4-a525-a0ead010c9ab","8d21a25e-5064-4c7f-9497-b7fdaccdcf80","2026-08-12T22:27:19Z","riscv64_qemu_linux","EMULATED","riscv64","riscv64",2,3906,"Linux 6.17.0-14-generic","C compiler","unknown","-O3 (RISC-V Linux guest)","mlkem-native","v1.2.0 (0ba906cb14b1c241476134d7403a811b382ca498)","ML-KEM-512","keygen",54,576317,1269760,True,""
"ce219fb0-bf1c-44c4-a525-a0ead010c9ab","8d21a25e-5064-4c7f-9497-b7fdaccdcf80","2026-08-12T22:27:19Z","riscv64_qemu_linux","EMULATED","riscv64","riscv64",2,3906,"Linux 6.17.0-14-generic","C compiler","unknown","-O3 (RISC-V Linux guest)","mlkem-native","v1.2.0 (0ba906cb14b1c241476134d7403a811b382ca498)","ML-KEM-512","encapsulation",54,292658,1269760,True,""
"ce219fb0-bf1c-44c4-a525-a0ead010c9ab","8d21a25e-5064-4c7f-9497-b7fdaccdcf80","2026-08-12T22:27:19Z","riscv64_qemu_linux","EMULATED","riscv64","riscv64",2,3906,"Linux 6.17.0-14-generic","C compiler","unknown","-O3 (RISC-V Linux guest)","mlkem-native","v1.2.0 (0ba906cb14b1c241476134d7403a811b382ca498)","ML-KEM-512","decapsulation",54,368346,1269760,True,""
"ce219fb0-bf1c-44c4-a525-a0ead010c9ab","8d21a25e-5064-4c7f-9497-b7fdaccdcf80","2026-08-12T22:27:19Z","riscv64_qemu_linux","EMULATED","riscv64","riscv64",2,3906,"Linux 6.17.0-14-generic","C compiler","unknown","-O3 (RISC-V Linux guest)","mlkem-native","v1.2.0 (0ba906cb14b1c241476134d7403a811b382ca498)","ML-KEM-512","keygen",55,858775,1269760,True,""
"ce219fb0-bf1c-44c4-a525-a0ead010c9ab","8d21a25e-5064-4c7f-9497-b7fdaccdcf80","2026-08-12T22:27:19Z","riscv64_qemu_linux","EMULATED","riscv64","riscv64",2,3906,"Linux 6.17.0-14-generic","C compiler","unknown","-O3 (RISC-V Linux guest)","mlkem-native","v1.2.0 (0ba906cb14b1c241476134d7403a811b382ca498)","ML-KEM-512","encapsulation",55,263562,1269760,True,""
"ce219fb0-bf1c-44c4-a525-a0ead010c9ab","8d21a25e-5064-4c7f-9497-b7fdaccdcf80","2026-08-12T22:27:19Z","riscv64_qemu_linux","EMULATED","riscv64","riscv64",2,3906,"Linux 6.17.0-14-generic","C compiler","unknown","-O3 (RISC-V Linux guest)","mlkem-native","v1.2.0 (0ba906cb14b1c241476134d7403a811b382ca498)","ML-KEM-512","decapsulation",55,358248,1269760,True,""
"ce219fb0-bf1c-44c4-a525-a0ead010c9ab","8d21a25e-5064-4c7f-9497-b7fdaccdcf80","2026-08-12T22:27:19Z","riscv64_qemu_linux","EMULATED","riscv64","riscv64",2,3906,"Linux 6.17.0-14-generic","C compiler","unknown","-O3 (RISC-V Linux guest)","mlkem-native","v1.2.0 (0ba906cb14b1c241476134d7403a811b382ca498)","ML-KEM-512","keygen",56,250564,1269760,True,""
"ce219fb0-bf1c-44c4-a525-a0ead010c9ab","8d21a25e-5064-4c7f-9497-b7fdaccdcf80","2026-08-12T22:27:19Z","riscv64_qemu_linux","EMULATED","riscv64","riscv64",2,3906,"Linux 6.17.0-14-generic","C compiler","unknown","-O3 (RISC-V Linux guest)","mlkem-native","v1.2.0 (0ba906cb14b1c241476134d7403a811b382ca498)","ML-KEM-512","encapsulation",56,610812,1269760,True,""
"ce219fb0-bf1c-44c4-a525-a0ead010c9ab","8d21a25e-5064-4c7f-9497-b7fdaccdcf80","2026-08-12T22:27:19Z","riscv64_qemu_linux","EMULATED","riscv64","riscv64",2,3906,"Linux 6.17.0-14-generic","C compiler","unknown","-O3 (RISC-V Linux guest)","mlkem-native","v1.2.0 (0ba906cb14b1c241476134d7403a811b382ca498)","ML-KEM-512","decapsulation",56,354549,1269760,True,""
"ce219fb0-bf1c-44c4-a525-a0ead010c9ab","8d21a25e-5064-4c7f-9497-b7fdaccdcf80","2026-08-12T22:27:19Z","riscv64_qemu_linux","EMULATED","riscv64","riscv64",2,3906,"Linux 6.17.0-14-generic","C compiler","unknown","-O3 (RISC-V Linux guest)","mlkem-native","v1.2.0 (0ba906cb14b1c241476134d7403a811b382ca498)","ML-KEM-512","keygen",57,320853,1269760,True,""
"ce219fb0-bf1c-44c4-a525-a0ead010c9ab","8d21a25e-5064-4c7f-9497-b7fdaccdcf80","2026-08-12T22:27:19Z","riscv64_qemu_linux","EMULATED","riscv64","riscv64",2,3906,"Linux 6.17.0-14-generic","C compiler","unknown","-O3 (RISC-V Linux guest)","mlkem-native","v1.2.0 (0ba906cb14b1c241476134d7403a811b382ca498)","ML-KEM-512","encapsulation",57,265461,1269760,True,""
"ce219fb0-bf1c-44c4-a525-a0ead010c9ab","8d21a25e-5064-4c7f-9497-b7fdaccdcf80","2026-08-12T22:27:19Z","riscv64_qemu_linux","EMULATED","riscv64","riscv64",2,3906,"Linux 6.17.0-14-generic","C compiler","unknown","-O3 (RISC-V Linux guest)","mlkem-native","v1.2.0 (0ba906cb14b1c241476134d7403a811b382ca498)","ML-KEM-512","decapsulation",57,1066045,1269760,True,""
"ce219fb0-bf1c-44c4-a525-a0ead010c9ab","8d21a25e-5064-4c7f-9497-b7fdaccdcf80","2026-08-12T22:27:19Z","riscv64_qemu_linux","EMULATED","riscv64","riscv64",2,3906,"Linux 6.17.0-14-generic","C compiler","unknown","-O3 (RISC-V Linux guest)","mlkem-native","v1.2.0 (0ba906cb14b1c241476134d7403a811b382ca498)","ML-KEM-512","keygen",58,283359,1269760,True,""
"ce219fb0-bf1c-44c4-a525-a0ead010c9ab","8d21a25e-5064-4c7f-9497-b7fdaccdcf80","2026-08-12T22:27:19Z","riscv64_qemu_linux","EMULATED","riscv64","riscv64",2,3906,"Linux 6.17.0-14-generic","C compiler","unknown","-O3 (RISC-V Linux guest)","mlkem-native","v1.2.0 (0ba906cb14b1c241476134d7403a811b382ca498)","ML-KEM-512","encapsulation",58,280659,1269760,True,""
"ce219fb0-bf1c-44c4-a525-a0ead010c9ab","8d21a25e-5064-4c7f-9497-b7fdaccdcf80","2026-08-12T22:27:19Z","riscv64_qemu_linux","EMULATED","riscv64","riscv64",2,3906,"Linux 6.17.0-14-generic","C compiler","unknown","-O3 (RISC-V Linux guest)","mlkem-native","v1.2.0 (0ba906cb14b1c241476134d7403a811b382ca498)","ML-KEM-512","decapsulation",58,381645,1269760,True,""
"ce219fb0-bf1c-44c4-a525-a0ead010c9ab","8d21a25e-5064-4c7f-9497-b7fdaccdcf80","2026-08-12T22:27:19Z","riscv64_qemu_linux","EMULATED","riscv64","riscv64",2,3906,"Linux 6.17.0-14-generic","C compiler","unknown","-O3 (RISC-V Linux guest)","mlkem-native","v1.2.0 (0ba906cb14b1c241476134d7403a811b382ca498)","ML-KEM-512","keygen",59,366647,1269760,True,""
"ce219fb0-bf1c-44c4-a525-a0ead010c9ab","8d21a25e-5064-4c7f-9497-b7fdaccdcf80","2026-08-12T22:27:19Z","riscv64_qemu_linux","EMULATED","riscv64","riscv64",2,3906,"Linux 6.17.0-14-generic","C compiler","unknown","-O3 (RISC-V Linux guest)","mlkem-native","v1.2.0 (0ba906cb14b1c241476134d7403a811b382ca498)","ML-KEM-512","encapsulation",59,273560,1269760,True,""
"ce219fb0-bf1c-44c4-a525-a0ead010c9ab","8d21a25e-5064-4c7f-9497-b7fdaccdcf80","2026-08-12T22:27:19Z","riscv64_qemu_linux","EMULATED","riscv64","riscv64",2,3906,"Linux 6.17.0-14-generic","C compiler","unknown","-O3 (RISC-V Linux guest)","mlkem-native","v1.2.0 (0ba906cb14b1c241476134d7403a811b382ca498)","ML-KEM-512","decapsulation",59,537622,1269760,True,""
"ce219fb0-bf1c-44c4-a525-a0ead010c9ab","8d21a25e-5064-4c7f-9497-b7fdaccdcf80","2026-08-12T22:27:19Z","riscv64_qemu_linux","EMULATED","riscv64","riscv64",2,3906,"Linux 6.17.0-14-generic","C compiler","unknown","-O3 (RISC-V Linux guest)","mlkem-native","v1.2.0 (0ba906cb14b1c241476134d7403a811b382ca498)","ML-KEM-512","keygen",60,379245,1269760,True,""
"ce219fb0-bf1c-44c4-a525-a0ead010c9ab","8d21a25e-5064-4c7f-9497-b7fdaccdcf80","2026-08-12T22:27:19Z","riscv64_qemu_linux","EMULATED","riscv64","riscv64",2,3906,"Linux 6.17.0-14-generic","C compiler","unknown","-O3 (RISC-V Linux guest)","mlkem-native","v1.2.0 (0ba906cb14b1c241476134d7403a811b382ca498)","ML-KEM-512","encapsulation",60,633908,1269760,True,""
"ce219fb0-bf1c-44c4-a525-a0ead010c9ab","8d21a25e-5064-4c7f-9497-b7fdaccdcf80","2026-08-12T22:27:19Z","riscv64_qemu_linux","EMULATED","riscv64","riscv64",2,3906,"Linux 6.17.0-14-generic","C compiler","unknown","-O3 (RISC-V Linux guest)","mlkem-native","v1.2.0 (0ba906cb14b1c241476134d7403a811b382ca498)","ML-KEM-512","decapsulation",60,547221,1269760,True,""
"ce219fb0-bf1c-44c4-a525-a0ead010c9ab","8d21a25e-5064-4c7f-9497-b7fdaccdcf80","2026-08-12T22:27:19Z","riscv64_qemu_linux","EMULATED","riscv64","riscv64",2,3906,"Linux 6.17.0-14-generic","C compiler","unknown","-O3 (RISC-V Linux guest)","mlkem-native","v1.2.0 (0ba906cb14b1c241476134d7403a811b382ca498)","ML-KEM-512","keygen",61,387544,1269760,True,""
"ce219fb0-bf1c-44c4-a525-a0ead010c9ab","8d21a25e-5064-4c7f-9497-b7fdaccdcf80","2026-08-12T22:27:19Z","riscv64_qemu_linux","EMULATED","riscv64","riscv64",2,3906,"Linux 6.17.0-14-generic","C compiler","unknown","-O3 (RISC-V Linux guest)","mlkem-native","v1.2.0 (0ba906cb14b1c241476134d7403a811b382ca498)","ML-KEM-512","encapsulation",61,687100,1269760,True,""
"ce219fb0-bf1c-44c4-a525-a0ead010c9ab","8d21a25e-5064-4c7f-9497-b7fdaccdcf80","2026-08-12T22:27:19Z","riscv64_qemu_linux","EMULATED","riscv64","riscv64",2,3906,"Linux 6.17.0-14-generic","C compiler","unknown","-O3 (RISC-V Linux guest)","mlkem-native","v1.2.0 (0ba906cb14b1c241476134d7403a811b382ca498)","ML-KEM-512","decapsulation",61,585215,1269760,True,""
"ce219fb0-bf1c-44c4-a525-a0ead010c9ab","8d21a25e-5064-4c7f-9497-b7fdaccdcf80","2026-08-12T22:27:19Z","riscv64_qemu_linux","EMULATED","riscv64","riscv64",2,3906,"Linux 6.17.0-14-generic","C compiler","unknown","-O3 (RISC-V Linux guest)","mlkem-native","v1.2.0 (0ba906cb14b1c241476134d7403a811b382ca498)","ML-KEM-512","keygen",62,390843,1269760,True,""
"ce219fb0-bf1c-44c4-a525-a0ead010c9ab","8d21a25e-5064-4c7f-9497-b7fdaccdcf80","2026-08-12T22:27:19Z","riscv64_qemu_linux","EMULATED","riscv64","riscv64",2,3906,"Linux 6.17.0-14-generic","C compiler","unknown","-O3 (RISC-V Linux guest)","mlkem-native","v1.2.0 (0ba906cb14b1c241476134d7403a811b382ca498)","ML-KEM-512","encapsulation",62,646506,1269760,True,""
"ce219fb0-bf1c-44c4-a525-a0ead010c9ab","8d21a25e-5064-4c7f-9497-b7fdaccdcf80","2026-08-12T22:27:19Z","riscv64_qemu_linux","EMULATED","riscv64","riscv64",2,3906,"Linux 6.17.0-14-generic","C compiler","unknown","-O3 (RISC-V Linux guest)","mlkem-native","v1.2.0 (0ba906cb14b1c241476134d7403a811b382ca498)","ML-KEM-512","decapsulation",62,500328,1269760,True,""
"ce219fb0-bf1c-44c4-a525-a0ead010c9ab","8d21a25e-5064-4c7f-9497-b7fdaccdcf80","2026-08-12T22:27:19Z","riscv64_qemu_linux","EMULATED","riscv64","riscv64",2,3906,"Linux 6.17.0-14-generic","C compiler","unknown","-O3 (RISC-V Linux guest)","mlkem-native","v1.2.0 (0ba906cb14b1c241476134d7403a811b382ca498)","ML-KEM-512","keygen",63,269261,1269760,True,""
"ce219fb0-bf1c-44c4-a525-a0ead010c9ab","8d21a25e-5064-4c7f-9497-b7fdaccdcf80","2026-08-12T22:27:19Z","riscv64_qemu_linux","EMULATED","riscv64","riscv64",2,3906,"Linux 6.17.0-14-generic","C compiler","unknown","-O3 (RISC-V Linux guest)","mlkem-native","v1.2.0 (0ba906cb14b1c241476134d7403a811b382ca498)","ML-KEM-512","encapsulation",63,377645,1269760,True,""
"ce219fb0-bf1c-44c4-a525-a0ead010c9ab","8d21a25e-5064-4c7f-9497-b7fdaccdcf80","2026-08-12T22:27:19Z","riscv64_qemu_linux","EMULATED","riscv64","riscv64",2,3906,"Linux 6.17.0-14-generic","C compiler","unknown","-O3 (RISC-V Linux guest)","mlkem-native","v1.2.0 (0ba906cb14b1c241476134d7403a811b382ca498)","ML-KEM-512","decapsulation",63,370046,1269760,True,""
"ce219fb0-bf1c-44c4-a525-a0ead010c9ab","8d21a25e-5064-4c7f-9497-b7fdaccdcf80","2026-08-12T22:27:19Z","riscv64_qemu_linux","EMULATED","riscv64","riscv64",2,3906,"Linux 6.17.0-14-generic","C compiler","unknown","-O3 (RISC-V Linux guest)","mlkem-native","v1.2.0 (0ba906cb14b1c241476134d7403a811b382ca498)","ML-KEM-512","keygen",64,318654,1269760,True,""
"ce219fb0-bf1c-44c4-a525-a0ead010c9ab","8d21a25e-5064-4c7f-9497-b7fdaccdcf80","2026-08-12T22:27:19Z","riscv64_qemu_linux","EMULATED","riscv64","riscv64",2,3906,"Linux 6.17.0-14-generic","C compiler","unknown","-O3 (RISC-V Linux guest)","mlkem-native","v1.2.0 (0ba906cb14b1c241476134d7403a811b382ca498)","ML-KEM-512","encapsulation",64,273160,1269760,True,""
"ce219fb0-bf1c-44c4-a525-a0ead010c9ab","8d21a25e-5064-4c7f-9497-b7fdaccdcf80","2026-08-12T22:27:19Z","riscv64_qemu_linux","EMULATED","riscv64","riscv64",2,3906,"Linux 6.17.0-14-generic","C compiler","unknown","-O3 (RISC-V Linux guest)","mlkem-native","v1.2.0 (0ba906cb14b1c241476134d7403a811b382ca498)","ML-KEM-512","decapsulation",64,365747,1269760,True,""
"ce219fb0-bf1c-44c4-a525-a0ead010c9ab","8d21a25e-5064-4c7f-9497-b7fdaccdcf80","2026-08-12T22:27:19Z","riscv64_qemu_linux","EMULATED","riscv64","riscv64",2,3906,"Linux 6.17.0-14-generic","C compiler","unknown","-O3 (RISC-V Linux guest)","mlkem-native","v1.2.0 (0ba906cb14b1c241476134d7403a811b382ca498)","ML-KEM-512","keygen",65,284558,1269760,True,""
"ce219fb0-bf1c-44c4-a525-a0ead010c9ab","8d21a25e-5064-4c7f-9497-b7fdaccdcf80","2026-08-12T22:27:19Z","riscv64_qemu_linux","EMULATED","riscv64","riscv64",2,3906,"Linux 6.17.0-14-generic","C compiler","unknown","-O3 (RISC-V Linux guest)","mlkem-native","v1.2.0 (0ba906cb14b1c241476134d7403a811b382ca498)","ML-KEM-512","encapsulation",65,346849,1269760,True,""
"ce219fb0-bf1c-44c4-a525-a0ead010c9ab","8d21a25e-5064-4c7f-9497-b7fdaccdcf80","2026-08-12T22:27:19Z","riscv64_qemu_linux","EMULATED","riscv64","riscv64",2,3906,"Linux 6.17.0-14-generic","C compiler","unknown","-O3 (RISC-V Linux guest)","mlkem-native","v1.2.0 (0ba906cb14b1c241476134d7403a811b382ca498)","ML-KEM-512","decapsulation",65,411640,1269760,True,""
"ce219fb0-bf1c-44c4-a525-a0ead010c9ab","8d21a25e-5064-4c7f-9497-b7fdaccdcf80","2026-08-12T22:27:19Z","riscv64_qemu_linux","EMULATED","riscv64","riscv64",2,3906,"Linux 6.17.0-14-generic","C compiler","unknown","-O3 (RISC-V Linux guest)","mlkem-native","v1.2.0 (0ba906cb14b1c241476134d7403a811b382ca498)","ML-KEM-512","keygen",66,323153,1269760,True,""
"ce219fb0-bf1c-44c4-a525-a0ead010c9ab","8d21a25e-5064-4c7f-9497-b7fdaccdcf80","2026-08-12T22:27:19Z","riscv64_qemu_linux","EMULATED","riscv64","riscv64",2,3906,"Linux 6.17.0-14-generic","C compiler","unknown","-O3 (RISC-V Linux guest)","mlkem-native","v1.2.0 (0ba906cb14b1c241476134d7403a811b382ca498)","ML-KEM-512","encapsulation",66,296557,1269760,True,""
"ce219fb0-bf1c-44c4-a525-a0ead010c9ab","8d21a25e-5064-4c7f-9497-b7fdaccdcf80","2026-08-12T22:27:19Z","riscv64_qemu_linux","EMULATED","riscv64","riscv64",2,3906,"Linux 6.17.0-14-generic","C compiler","unknown","-O3 (RISC-V Linux guest)","mlkem-native","v1.2.0 (0ba906cb14b1c241476134d7403a811b382ca498)","ML-KEM-512","decapsulation",66,324253,1269760,True,""
"ce219fb0-bf1c-44c4-a525-a0ead010c9ab","8d21a25e-5064-4c7f-9497-b7fdaccdcf80","2026-08-12T22:27:19Z","riscv64_qemu_linux","EMULATED","riscv64","riscv64",2,3906,"Linux 6.17.0-14-generic","C compiler","unknown","-O3 (RISC-V Linux guest)","mlkem-native","v1.2.0 (0ba906cb14b1c241476134d7403a811b382ca498)","ML-KEM-512","keygen",67,281159,1269760,True,""
"ce219fb0-bf1c-44c4-a525-a0ead010c9ab","8d21a25e-5064-4c7f-9497-b7fdaccdcf80","2026-08-12T22:27:19Z","riscv64_qemu_linux","EMULATED","riscv64","riscv64",2,3906,"Linux 6.17.0-14-generic","C compiler","unknown","-O3 (RISC-V Linux guest)","mlkem-native","v1.2.0 (0ba906cb14b1c241476134d7403a811b382ca498)","ML-KEM-512","encapsulation",67,259862,1269760,True,""
"ce219fb0-bf1c-44c4-a525-a0ead010c9ab","8d21a25e-5064-4c7f-9497-b7fdaccdcf80","2026-08-12T22:27:19Z","riscv64_qemu_linux","EMULATED","riscv64","riscv64",2,3906,"Linux 6.17.0-14-generic","C compiler","unknown","-O3 (RISC-V Linux guest)","mlkem-native","v1.2.0 (0ba906cb14b1c241476134d7403a811b382ca498)","ML-KEM-512","decapsulation",67,306155,1269760,True,""
"ce219fb0-bf1c-44c4-a525-a0ead010c9ab","8d21a25e-5064-4c7f-9497-b7fdaccdcf80","2026-08-12T22:27:19Z","riscv64_qemu_linux","EMULATED","riscv64","riscv64",2,3906,"Linux 6.17.0-14-generic","C compiler","unknown","-O3 (RISC-V Linux guest)","mlkem-native","v1.2.0 (0ba906cb14b1c241476134d7403a811b382ca498)","ML-KEM-512","keygen",68,259662,1269760,True,""
"ce219fb0-bf1c-44c4-a525-a0ead010c9ab","8d21a25e-5064-4c7f-9497-b7fdaccdcf80","2026-08-12T22:27:19Z","riscv64_qemu_linux","EMULATED","riscv64","riscv64",2,3906,"Linux 6.17.0-14-generic","C compiler","unknown","-O3 (RISC-V Linux guest)","mlkem-native","v1.2.0 (0ba906cb14b1c241476134d7403a811b382ca498)","ML-KEM-512","encapsulation",68,253963,1269760,True,""
"ce219fb0-bf1c-44c4-a525-a0ead010c9ab","8d21a25e-5064-4c7f-9497-b7fdaccdcf80","2026-08-12T22:27:19Z","riscv64_qemu_linux","EMULATED","riscv64","riscv64",2,3906,"Linux 6.17.0-14-generic","C compiler","unknown","-O3 (RISC-V Linux guest)","mlkem-native","v1.2.0 (0ba906cb14b1c241476134d7403a811b382ca498)","ML-KEM-512","decapsulation",68,309755,1269760,True,""
"ce219fb0-bf1c-44c4-a525-a0ead010c9ab","8d21a25e-5064-4c7f-9497-b7fdaccdcf80","2026-08-12T22:27:19Z","riscv64_qemu_linux","EMULATED","riscv64","riscv64",2,3906,"Linux 6.17.0-14-generic","C compiler","unknown","-O3 (RISC-V Linux guest)","mlkem-native","v1.2.0 (0ba906cb14b1c241476134d7403a811b382ca498)","ML-KEM-512","keygen",69,286759,1269760,True,""
"ce219fb0-bf1c-44c4-a525-a0ead010c9ab","8d21a25e-5064-4c7f-9497-b7fdaccdcf80","2026-08-12T22:27:19Z","riscv64_qemu_linux","EMULATED","riscv64","riscv64",2,3906,"Linux 6.17.0-14-generic","C compiler","unknown","-O3 (RISC-V Linux guest)","mlkem-native","v1.2.0 (0ba906cb14b1c241476134d7403a811b382ca498)","ML-KEM-512","encapsulation",69,264862,1269760,True,""
"ce219fb0-bf1c-44c4-a525-a0ead010c9ab","8d21a25e-5064-4c7f-9497-b7fdaccdcf80","2026-08-12T22:27:19Z","riscv64_qemu_linux","EMULATED","riscv64","riscv64",2,3906,"Linux 6.17.0-14-generic","C compiler","unknown","-O3 (RISC-V Linux guest)","mlkem-native","v1.2.0 (0ba906cb14b1c241476134d7403a811b382ca498)","ML-KEM-512","decapsulation",69,328552,1269760,True,""
"ce219fb0-bf1c-44c4-a525-a0ead010c9ab","8d21a25e-5064-4c7f-9497-b7fdaccdcf80","2026-08-12T22:27:19Z","riscv64_qemu_linux","EMULATED","riscv64","riscv64",2,3906,"Linux 6.17.0-14-generic","C compiler","unknown","-O3 (RISC-V Linux guest)","mlkem-native","v1.2.0 (0ba906cb14b1c241476134d7403a811b382ca498)","ML-KEM-512","keygen",70,272561,1269760,True,""
"ce219fb0-bf1c-44c4-a525-a0ead010c9ab","8d21a25e-5064-4c7f-9497-b7fdaccdcf80","2026-08-12T22:27:19Z","riscv64_qemu_linux","EMULATED","riscv64","riscv64",2,3906,"Linux 6.17.0-14-generic","C compiler","unknown","-O3 (RISC-V Linux guest)","mlkem-native","v1.2.0 (0ba906cb14b1c241476134d7403a811b382ca498)","ML-KEM-512","encapsulation",70,320554,1269760,True,""
"ce219fb0-bf1c-44c4-a525-a0ead010c9ab","8d21a25e-5064-4c7f-9497-b7fdaccdcf80","2026-08-12T22:27:19Z","riscv64_qemu_linux","EMULATED","riscv64","riscv64",2,3906,"Linux 6.17.0-14-generic","C compiler","unknown","-O3 (RISC-V Linux guest)","mlkem-native","v1.2.0 (0ba906cb14b1c241476134d7403a811b382ca498)","ML-KEM-512","decapsulation",70,345050,1269760,True,""
"ce219fb0-bf1c-44c4-a525-a0ead010c9ab","8d21a25e-5064-4c7f-9497-b7fdaccdcf80","2026-08-12T22:27:19Z","riscv64_qemu_linux","EMULATED","riscv64","riscv64",2,3906,"Linux 6.17.0-14-generic","C compiler","unknown","-O3 (RISC-V Linux guest)","mlkem-native","v1.2.0 (0ba906cb14b1c241476134d7403a811b382ca498)","ML-KEM-512","keygen",71,243464,1269760,True,""
"ce219fb0-bf1c-44c4-a525-a0ead010c9ab","8d21a25e-5064-4c7f-9497-b7fdaccdcf80","2026-08-12T22:27:19Z","riscv64_qemu_linux","EMULATED","riscv64","riscv64",2,3906,"Linux 6.17.0-14-generic","C compiler","unknown","-O3 (RISC-V Linux guest)","mlkem-native","v1.2.0 (0ba906cb14b1c241476134d7403a811b382ca498)","ML-KEM-512","encapsulation",71,279960,1269760,True,""
"ce219fb0-bf1c-44c4-a525-a0ead010c9ab","8d21a25e-5064-4c7f-9497-b7fdaccdcf80","2026-08-12T22:27:19Z","riscv64_qemu_linux","EMULATED","riscv64","riscv64",2,3906,"Linux 6.17.0-14-generic","C compiler","unknown","-O3 (RISC-V Linux guest)","mlkem-native","v1.2.0 (0ba906cb14b1c241476134d7403a811b382ca498)","ML-KEM-512","decapsulation",71,303356,1269760,True,""
"ce219fb0-bf1c-44c4-a525-a0ead010c9ab","8d21a25e-5064-4c7f-9497-b7fdaccdcf80","2026-08-12T22:27:19Z","riscv64_qemu_linux","EMULATED","riscv64","riscv64",2,3906,"Linux 6.17.0-14-generic","C compiler","unknown","-O3 (RISC-V Linux guest)","mlkem-native","v1.2.0 (0ba906cb14b1c241476134d7403a811b382ca498)","ML-KEM-512","keygen",72,227367,1269760,True,""
"ce219fb0-bf1c-44c4-a525-a0ead010c9ab","8d21a25e-5064-4c7f-9497-b7fdaccdcf80","2026-08-12T22:27:19Z","riscv64_qemu_linux","EMULATED","riscv64","riscv64",2,3906,"Linux 6.17.0-14-generic","C compiler","unknown","-O3 (RISC-V Linux guest)","mlkem-native","v1.2.0 (0ba906cb14b1c241476134d7403a811b382ca498)","ML-KEM-512","encapsulation",72,548620,1269760,True,""
"ce219fb0-bf1c-44c4-a525-a0ead010c9ab","8d21a25e-5064-4c7f-9497-b7fdaccdcf80","2026-08-12T22:27:19Z","riscv64_qemu_linux","EMULATED","riscv64","riscv64",2,3906,"Linux 6.17.0-14-generic","C compiler","unknown","-O3 (RISC-V Linux guest)","mlkem-native","v1.2.0 (0ba906cb14b1c241476134d7403a811b382ca498)","ML-KEM-512","decapsulation",72,335551,1269760,True,""
"ce219fb0-bf1c-44c4-a525-a0ead010c9ab","8d21a25e-5064-4c7f-9497-b7fdaccdcf80","2026-08-12T22:27:19Z","riscv64_qemu_linux","EMULATED","riscv64","riscv64",2,3906,"Linux 6.17.0-14-generic","C compiler","unknown","-O3 (RISC-V Linux guest)","mlkem-native","v1.2.0 (0ba906cb14b1c241476134d7403a811b382ca498)","ML-KEM-512","keygen",73,239065,1269760,True,""
"ce219fb0-bf1c-44c4-a525-a0ead010c9ab","8d21a25e-5064-4c7f-9497-b7fdaccdcf80","2026-08-12T22:27:19Z","riscv64_qemu_linux","EMULATED","riscv64","riscv64",2,3906,"Linux 6.17.0-14-generic","C compiler","unknown","-O3 (RISC-V Linux guest)","mlkem-native","v1.2.0 (0ba906cb14b1c241476134d7403a811b382ca498)","ML-KEM-512","encapsulation",73,253863,1269760,True,""
"ce219fb0-bf1c-44c4-a525-a0ead010c9ab","8d21a25e-5064-4c7f-9497-b7fdaccdcf80","2026-08-12T22:27:19Z","riscv64_qemu_linux","EMULATED","riscv64","riscv64",2,3906,"Linux 6.17.0-14-generic","C compiler","unknown","-O3 (RISC-V Linux guest)","mlkem-native","v1.2.0 (0ba906cb14b1c241476134d7403a811b382ca498)","ML-KEM-512","decapsulation",73,296357,1269760,True,""
"ce219fb0-bf1c-44c4-a525-a0ead010c9ab","8d21a25e-5064-4c7f-9497-b7fdaccdcf80","2026-08-12T22:27:19Z","riscv64_qemu_linux","EMULATED","riscv64","riscv64",2,3906,"Linux 6.17.0-14-generic","C compiler","unknown","-O3 (RISC-V Linux guest)","mlkem-native","v1.2.0 (0ba906cb14b1c241476134d7403a811b382ca498)","ML-KEM-512","keygen",74,281559,1269760,True,""
"ce219fb0-bf1c-44c4-a525-a0ead010c9ab","8d21a25e-5064-4c7f-9497-b7fdaccdcf80","2026-08-12T22:27:19Z","riscv64_qemu_linux","EMULATED","riscv64","riscv64",2,3906,"Linux 6.17.0-14-generic","C compiler","unknown","-O3 (RISC-V Linux guest)","mlkem-native","v1.2.0 (0ba906cb14b1c241476134d7403a811b382ca498)","ML-KEM-512","encapsulation",74,270761,1269760,True,""
"ce219fb0-bf1c-44c4-a525-a0ead010c9ab","8d21a25e-5064-4c7f-9497-b7fdaccdcf80","2026-08-12T22:27:19Z","riscv64_qemu_linux","EMULATED","riscv64","riscv64",2,3906,"Linux 6.17.0-14-generic","C compiler","unknown","-O3 (RISC-V Linux guest)","mlkem-native","v1.2.0 (0ba906cb14b1c241476134d7403a811b382ca498)","ML-KEM-512","decapsulation",74,303056,1269760,True,""
"ce219fb0-bf1c-44c4-a525-a0ead010c9ab","8d21a25e-5064-4c7f-9497-b7fdaccdcf80","2026-08-12T22:27:19Z","riscv64_qemu_linux","EMULATED","riscv64","riscv64",2,3906,"Linux 6.17.0-14-generic","C compiler","unknown","-O3 (RISC-V Linux guest)","mlkem-native","v1.2.0 (0ba906cb14b1c241476134d7403a811b382ca498)","ML-KEM-512","keygen",75,296657,1269760,True,""
"ce219fb0-bf1c-44c4-a525-a0ead010c9ab","8d21a25e-5064-4c7f-9497-b7fdaccdcf80","2026-08-12T22:27:19Z","riscv64_qemu_linux","EMULATED","riscv64","riscv64",2,3906,"Linux 6.17.0-14-generic","C compiler","unknown","-O3 (RISC-V Linux guest)","mlkem-native","v1.2.0 (0ba906cb14b1c241476134d7403a811b382ca498)","ML-KEM-512","encapsulation",75,278159,1269760,True,""
"ce219fb0-bf1c-44c4-a525-a0ead010c9ab","8d21a25e-5064-4c7f-9497-b7fdaccdcf80","2026-08-12T22:27:19Z","riscv64_qemu_linux","EMULATED","riscv64","riscv64",2,3906,"Linux 6.17.0-14-generic","C compiler","unknown","-O3 (RISC-V Linux guest)","mlkem-native","v1.2.0 (0ba906cb14b1c241476134d7403a811b382ca498)","ML-KEM-512","decapsulation",75,535423,1269760,True,""
"ce219fb0-bf1c-44c4-a525-a0ead010c9ab","8d21a25e-5064-4c7f-9497-b7fdaccdcf80","2026-08-12T22:27:19Z","riscv64_qemu_linux","EMULATED","riscv64","riscv64",2,3906,"Linux 6.17.0-14-generic","C compiler","unknown","-O3 (RISC-V Linux guest)","mlkem-native","v1.2.0 (0ba906cb14b1c241476134d7403a811b382ca498)","ML-KEM-512","keygen",76,265361,1269760,True,""
"ce219fb0-bf1c-44c4-a525-a0ead010c9ab","8d21a25e-5064-4c7f-9497-b7fdaccdcf80","2026-08-12T22:27:19Z","riscv64_qemu_linux","EMULATED","riscv64","riscv64",2,3906,"Linux 6.17.0-14-generic","C compiler","unknown","-O3 (RISC-V Linux guest)","mlkem-native","v1.2.0 (0ba906cb14b1c241476134d7403a811b382ca498)","ML-KEM-512","encapsulation",76,402042,1269760,True,""
"ce219fb0-bf1c-44c4-a525-a0ead010c9ab","8d21a25e-5064-4c7f-9497-b7fdaccdcf80","2026-08-12T22:27:19Z","riscv64_qemu_linux","EMULATED","riscv64","riscv64",2,3906,"Linux 6.17.0-14-generic","C compiler","unknown","-O3 (RISC-V Linux guest)","mlkem-native","v1.2.0 (0ba906cb14b1c241476134d7403a811b382ca498)","ML-KEM-512","decapsulation",76,353949,1269760,True,""
"ce219fb0-bf1c-44c4-a525-a0ead010c9ab","8d21a25e-5064-4c7f-9497-b7fdaccdcf80","2026-08-12T22:27:19Z","riscv64_qemu_linux","EMULATED","riscv64","riscv64",2,3906,"Linux 6.17.0-14-generic","C compiler","unknown","-O3 (RISC-V Linux guest)","mlkem-native","v1.2.0 (0ba906cb14b1c241476134d7403a811b382ca498)","ML-KEM-512","keygen",77,315955,1269760,True,""
"ce219fb0-bf1c-44c4-a525-a0ead010c9ab","8d21a25e-5064-4c7f-9497-b7fdaccdcf80","2026-08-12T22:27:19Z","riscv64_qemu_linux","EMULATED","riscv64","riscv64",2,3906,"Linux 6.17.0-14-generic","C compiler","unknown","-O3 (RISC-V Linux guest)","mlkem-native","v1.2.0 (0ba906cb14b1c241476134d7403a811b382ca498)","ML-KEM-512","encapsulation",77,263561,1269760,True,""
"ce219fb0-bf1c-44c4-a525-a0ead010c9ab","8d21a25e-5064-4c7f-9497-b7fdaccdcf80","2026-08-12T22:27:19Z","riscv64_qemu_linux","EMULATED","riscv64","riscv64",2,3906,"Linux 6.17.0-14-generic","C compiler","unknown","-O3 (RISC-V Linux guest)","mlkem-native","v1.2.0 (0ba906cb14b1c241476134d7403a811b382ca498)","ML-KEM-512","decapsulation",77,360747,1269760,True,""
"ce219fb0-bf1c-44c4-a525-a0ead010c9ab","8d21a25e-5064-4c7f-9497-b7fdaccdcf80","2026-08-12T22:27:19Z","riscv64_qemu_linux","EMULATED","riscv64","riscv64",2,3906,"Linux 6.17.0-14-generic","C compiler","unknown","-O3 (RISC-V Linux guest)","mlkem-native","v1.2.0 (0ba906cb14b1c241476134d7403a811b382ca498)","ML-KEM-512","keygen",78,305056,1269760,True,""
"ce219fb0-bf1c-44c4-a525-a0ead010c9ab","8d21a25e-5064-4c7f-9497-b7fdaccdcf80","2026-08-12T22:27:19Z","riscv64_qemu_linux","EMULATED","riscv64","riscv64",2,3906,"Linux 6.17.0-14-generic","C compiler","unknown","-O3 (RISC-V Linux guest)","mlkem-native","v1.2.0 (0ba906cb14b1c241476134d7403a811b382ca498)","ML-KEM-512","encapsulation",78,270460,1269760,True,""
"ce219fb0-bf1c-44c4-a525-a0ead010c9ab","8d21a25e-5064-4c7f-9497-b7fdaccdcf80","2026-08-12T22:27:19Z","riscv64_qemu_linux","EMULATED","riscv64","riscv64",2,3906,"Linux 6.17.0-14-generic","C compiler","unknown","-O3 (RISC-V Linux guest)","mlkem-native","v1.2.0 (0ba906cb14b1c241476134d7403a811b382ca498)","ML-KEM-512","decapsulation",78,344850,1269760,True,""
"ce219fb0-bf1c-44c4-a525-a0ead010c9ab","8d21a25e-5064-4c7f-9497-b7fdaccdcf80","2026-08-12T22:27:19Z","riscv64_qemu_linux","EMULATED","riscv64","riscv64",2,3906,"Linux 6.17.0-14-generic","C compiler","unknown","-O3 (RISC-V Linux guest)","mlkem-native","v1.2.0 (0ba906cb14b1c241476134d7403a811b382ca498)","ML-KEM-512","keygen",79,258862,1269760,True,""
"ce219fb0-bf1c-44c4-a525-a0ead010c9ab","8d21a25e-5064-4c7f-9497-b7fdaccdcf80","2026-08-12T22:27:19Z","riscv64_qemu_linux","EMULATED","riscv64","riscv64",2,3906,"Linux 6.17.0-14-generic","C compiler","unknown","-O3 (RISC-V Linux guest)","mlkem-native","v1.2.0 (0ba906cb14b1c241476134d7403a811b382ca498)","ML-KEM-512","encapsulation",79,304456,1269760,True,""
"ce219fb0-bf1c-44c4-a525-a0ead010c9ab","8d21a25e-5064-4c7f-9497-b7fdaccdcf80","2026-08-12T22:27:19Z","riscv64_qemu_linux","EMULATED","riscv64","riscv64",2,3906,"Linux 6.17.0-14-generic","C compiler","unknown","-O3 (RISC-V Linux guest)","mlkem-native","v1.2.0 (0ba906cb14b1c241476134d7403a811b382ca498)","ML-KEM-512","decapsulation",79,573716,1269760,True,""
"ce219fb0-bf1c-44c4-a525-a0ead010c9ab","8d21a25e-5064-4c7f-9497-b7fdaccdcf80","2026-08-12T22:27:19Z","riscv64_qemu_linux","EMULATED","riscv64","riscv64",2,3906,"Linux 6.17.0-14-generic","C compiler","unknown","-O3 (RISC-V Linux guest)","mlkem-native","v1.2.0 (0ba906cb14b1c241476134d7403a811b382ca498)","ML-KEM-512","keygen",80,265761,1269760,True,""
"ce219fb0-bf1c-44c4-a525-a0ead010c9ab","8d21a25e-5064-4c7f-9497-b7fdaccdcf80","2026-08-12T22:27:19Z","riscv64_qemu_linux","EMULATED","riscv64","riscv64",2,3906,"Linux 6.17.0-14-generic","C compiler","unknown","-O3 (RISC-V Linux guest)","mlkem-native","v1.2.0 (0ba906cb14b1c241476134d7403a811b382ca498)","ML-KEM-512","encapsulation",80,289258,1269760,True,""
"ce219fb0-bf1c-44c4-a525-a0ead010c9ab","8d21a25e-5064-4c7f-9497-b7fdaccdcf80","2026-08-12T22:27:19Z","riscv64_qemu_linux","EMULATED","riscv64","riscv64",2,3906,"Linux 6.17.0-14-generic","C compiler","unknown","-O3 (RISC-V Linux guest)","mlkem-native","v1.2.0 (0ba906cb14b1c241476134d7403a811b382ca498)","ML-KEM-512","decapsulation",80,434437,1269760,True,""
"ce219fb0-bf1c-44c4-a525-a0ead010c9ab","8d21a25e-5064-4c7f-9497-b7fdaccdcf80","2026-08-12T22:27:19Z","riscv64_qemu_linux","EMULATED","riscv64","riscv64",2,3906,"Linux 6.17.0-14-generic","C compiler","unknown","-O3 (RISC-V Linux guest)","mlkem-native","v1.2.0 (0ba906cb14b1c241476134d7403a811b382ca498)","ML-KEM-512","keygen",81,338551,1269760,True,""
"ce219fb0-bf1c-44c4-a525-a0ead010c9ab","8d21a25e-5064-4c7f-9497-b7fdaccdcf80","2026-08-12T22:27:19Z","riscv64_qemu_linux","EMULATED","riscv64","riscv64",2,3906,"Linux 6.17.0-14-generic","C compiler","unknown","-O3 (RISC-V Linux guest)","mlkem-native","v1.2.0 (0ba906cb14b1c241476134d7403a811b382ca498)","ML-KEM-512","encapsulation",81,337251,1269760,True,""
"ce219fb0-bf1c-44c4-a525-a0ead010c9ab","8d21a25e-5064-4c7f-9497-b7fdaccdcf80","2026-08-12T22:27:19Z","riscv64_qemu_linux","EMULATED","riscv64","riscv64",2,3906,"Linux 6.17.0-14-generic","C compiler","unknown","-O3 (RISC-V Linux guest)","mlkem-native","v1.2.0 (0ba906cb14b1c241476134d7403a811b382ca498)","ML-KEM-512","decapsulation",81,457333,1269760,True,""
"ce219fb0-bf1c-44c4-a525-a0ead010c9ab","8d21a25e-5064-4c7f-9497-b7fdaccdcf80","2026-08-12T22:27:19Z","riscv64_qemu_linux","EMULATED","riscv64","riscv64",2,3906,"Linux 6.17.0-14-generic","C compiler","unknown","-O3 (RISC-V Linux guest)","mlkem-native","v1.2.0 (0ba906cb14b1c241476134d7403a811b382ca498)","ML-KEM-512","keygen",82,297656,1269760,True,""
"ce219fb0-bf1c-44c4-a525-a0ead010c9ab","8d21a25e-5064-4c7f-9497-b7fdaccdcf80","2026-08-12T22:27:19Z","riscv64_qemu_linux","EMULATED","riscv64","riscv64",2,3906,"Linux 6.17.0-14-generic","C compiler","unknown","-O3 (RISC-V Linux guest)","mlkem-native","v1.2.0 (0ba906cb14b1c241476134d7403a811b382ca498)","ML-KEM-512","encapsulation",82,321553,1269760,True,""
"ce219fb0-bf1c-44c4-a525-a0ead010c9ab","8d21a25e-5064-4c7f-9497-b7fdaccdcf80","2026-08-12T22:27:19Z","riscv64_qemu_linux","EMULATED","riscv64","riscv64",2,3906,"Linux 6.17.0-14-generic","C compiler","unknown","-O3 (RISC-V Linux guest)","mlkem-native","v1.2.0 (0ba906cb14b1c241476134d7403a811b382ca498)","ML-KEM-512","decapsulation",82,423338,1269760,True,""
"ce219fb0-bf1c-44c4-a525-a0ead010c9ab","8d21a25e-5064-4c7f-9497-b7fdaccdcf80","2026-08-12T22:27:19Z","riscv64_qemu_linux","EMULATED","riscv64","riscv64",2,3906,"Linux 6.17.0-14-generic","C compiler","unknown","-O3 (RISC-V Linux guest)","mlkem-native","v1.2.0 (0ba906cb14b1c241476134d7403a811b382ca498)","ML-KEM-512","keygen",83,274361,1269760,True,""
"ce219fb0-bf1c-44c4-a525-a0ead010c9ab","8d21a25e-5064-4c7f-9497-b7fdaccdcf80","2026-08-12T22:27:19Z","riscv64_qemu_linux","EMULATED","riscv64","riscv64",2,3906,"Linux 6.17.0-14-generic","C compiler","unknown","-O3 (RISC-V Linux guest)","mlkem-native","v1.2.0 (0ba906cb14b1c241476134d7403a811b382ca498)","ML-KEM-512","encapsulation",83,357748,1269760,True,""
"ce219fb0-bf1c-44c4-a525-a0ead010c9ab","8d21a25e-5064-4c7f-9497-b7fdaccdcf80","2026-08-12T22:27:19Z","riscv64_qemu_linux","EMULATED","riscv64","riscv64",2,3906,"Linux 6.17.0-14-generic","C compiler","unknown","-O3 (RISC-V Linux guest)","mlkem-native","v1.2.0 (0ba906cb14b1c241476134d7403a811b382ca498)","ML-KEM-512","decapsulation",83,417640,1269760,True,""
"ce219fb0-bf1c-44c4-a525-a0ead010c9ab","8d21a25e-5064-4c7f-9497-b7fdaccdcf80","2026-08-12T22:27:19Z","riscv64_qemu_linux","EMULATED","riscv64","riscv64",2,3906,"Linux 6.17.0-14-generic","C compiler","unknown","-O3 (RISC-V Linux guest)","mlkem-native","v1.2.0 (0ba906cb14b1c241476134d7403a811b382ca498)","ML-KEM-512","keygen",84,533022,1269760,True,""
"ce219fb0-bf1c-44c4-a525-a0ead010c9ab","8d21a25e-5064-4c7f-9497-b7fdaccdcf80","2026-08-12T22:27:19Z","riscv64_qemu_linux","EMULATED","riscv64","riscv64",2,3906,"Linux 6.17.0-14-generic","C compiler","unknown","-O3 (RISC-V Linux guest)","mlkem-native","v1.2.0 (0ba906cb14b1c241476134d7403a811b382ca498)","ML-KEM-512","encapsulation",84,386944,1269760,True,""
"ce219fb0-bf1c-44c4-a525-a0ead010c9ab","8d21a25e-5064-4c7f-9497-b7fdaccdcf80","2026-08-12T22:27:19Z","riscv64_qemu_linux","EMULATED","riscv64","riscv64",2,3906,"Linux 6.17.0-14-generic","C compiler","unknown","-O3 (RISC-V Linux guest)","mlkem-native","v1.2.0 (0ba906cb14b1c241476134d7403a811b382ca498)","ML-KEM-512","decapsulation",84,443835,1269760,True,""
"ce219fb0-bf1c-44c4-a525-a0ead010c9ab","8d21a25e-5064-4c7f-9497-b7fdaccdcf80","2026-08-12T22:27:19Z","riscv64_qemu_linux","EMULATED","riscv64","riscv64",2,3906,"Linux 6.17.0-14-generic","C compiler","unknown","-O3 (RISC-V Linux guest)","mlkem-native","v1.2.0 (0ba906cb14b1c241476134d7403a811b382ca498)","ML-KEM-512","keygen",85,299456,1269760,True,""
"ce219fb0-bf1c-44c4-a525-a0ead010c9ab","8d21a25e-5064-4c7f-9497-b7fdaccdcf80","2026-08-12T22:27:19Z","riscv64_qemu_linux","EMULATED","riscv64","riscv64",2,3906,"Linux 6.17.0-14-generic","C compiler","unknown","-O3 (RISC-V Linux guest)","mlkem-native","v1.2.0 (0ba906cb14b1c241476134d7403a811b382ca498)","ML-KEM-512","encapsulation",85,399742,1269760,True,""
"ce219fb0-bf1c-44c4-a525-a0ead010c9ab","8d21a25e-5064-4c7f-9497-b7fdaccdcf80","2026-08-12T22:27:19Z","riscv64_qemu_linux","EMULATED","riscv64","riscv64",2,3906,"Linux 6.17.0-14-generic","C compiler","unknown","-O3 (RISC-V Linux guest)","mlkem-native","v1.2.0 (0ba906cb14b1c241476134d7403a811b382ca498)","ML-KEM-512","decapsulation",85,997055,1269760,True,""
"ce219fb0-bf1c-44c4-a525-a0ead010c9ab","8d21a25e-5064-4c7f-9497-b7fdaccdcf80","2026-08-12T22:27:19Z","riscv64_qemu_linux","EMULATED","riscv64","riscv64",2,3906,"Linux 6.17.0-14-generic","C compiler","unknown","-O3 (RISC-V Linux guest)","mlkem-native","v1.2.0 (0ba906cb14b1c241476134d7403a811b382ca498)","ML-KEM-512","keygen",86,333151,1269760,True,""
"ce219fb0-bf1c-44c4-a525-a0ead010c9ab","8d21a25e-5064-4c7f-9497-b7fdaccdcf80","2026-08-12T22:27:19Z","riscv64_qemu_linux","EMULATED","riscv64","riscv64",2,3906,"Linux 6.17.0-14-generic","C compiler","unknown","-O3 (RISC-V Linux guest)","mlkem-native","v1.2.0 (0ba906cb14b1c241476134d7403a811b382ca498)","ML-KEM-512","encapsulation",86,319953,1269760,True,""
"ce219fb0-bf1c-44c4-a525-a0ead010c9ab","8d21a25e-5064-4c7f-9497-b7fdaccdcf80","2026-08-12T22:27:19Z","riscv64_qemu_linux","EMULATED","riscv64","riscv64",2,3906,"Linux 6.17.0-14-generic","C compiler","unknown","-O3 (RISC-V Linux guest)","mlkem-native","v1.2.0 (0ba906cb14b1c241476134d7403a811b382ca498)","ML-KEM-512","decapsulation",86,939364,1269760,True,""
"ce219fb0-bf1c-44c4-a525-a0ead010c9ab","8d21a25e-5064-4c7f-9497-b7fdaccdcf80","2026-08-12T22:27:19Z","riscv64_qemu_linux","EMULATED","riscv64","riscv64",2,3906,"Linux 6.17.0-14-generic","C compiler","unknown","-O3 (RISC-V Linux guest)","mlkem-native","v1.2.0 (0ba906cb14b1c241476134d7403a811b382ca498)","ML-KEM-512","keygen",87,365847,1269760,True,""
"ce219fb0-bf1c-44c4-a525-a0ead010c9ab","8d21a25e-5064-4c7f-9497-b7fdaccdcf80","2026-08-12T22:27:19Z","riscv64_qemu_linux","EMULATED","riscv64","riscv64",2,3906,"Linux 6.17.0-14-generic","C compiler","unknown","-O3 (RISC-V Linux guest)","mlkem-native","v1.2.0 (0ba906cb14b1c241476134d7403a811b382ca498)","ML-KEM-512","encapsulation",87,313054,1269760,True,""
"ce219fb0-bf1c-44c4-a525-a0ead010c9ab","8d21a25e-5064-4c7f-9497-b7fdaccdcf80","2026-08-12T22:27:19Z","riscv64_qemu_linux","EMULATED","riscv64","riscv64",2,3906,"Linux 6.17.0-14-generic","C compiler","unknown","-O3 (RISC-V Linux guest)","mlkem-native","v1.2.0 (0ba906cb14b1c241476134d7403a811b382ca498)","ML-KEM-512","decapsulation",87,665203,1269760,True,""
"ce219fb0-bf1c-44c4-a525-a0ead010c9ab","8d21a25e-5064-4c7f-9497-b7fdaccdcf80","2026-08-12T22:27:19Z","riscv64_qemu_linux","EMULATED","riscv64","riscv64",2,3906,"Linux 6.17.0-14-generic","C compiler","unknown","-O3 (RISC-V Linux guest)","mlkem-native","v1.2.0 (0ba906cb14b1c241476134d7403a811b382ca498)","ML-KEM-512","keygen",88,341451,1269760,True,""
"ce219fb0-bf1c-44c4-a525-a0ead010c9ab","8d21a25e-5064-4c7f-9497-b7fdaccdcf80","2026-08-12T22:27:19Z","riscv64_qemu_linux","EMULATED","riscv64","riscv64",2,3906,"Linux 6.17.0-14-generic","C compiler","unknown","-O3 (RISC-V Linux guest)","mlkem-native","v1.2.0 (0ba906cb14b1c241476134d7403a811b382ca498)","ML-KEM-512","encapsulation",88,358348,1269760,True,""
"ce219fb0-bf1c-44c4-a525-a0ead010c9ab","8d21a25e-5064-4c7f-9497-b7fdaccdcf80","2026-08-12T22:27:19Z","riscv64_qemu_linux","EMULATED","riscv64","riscv64",2,3906,"Linux 6.17.0-14-generic","C compiler","unknown","-O3 (RISC-V Linux guest)","mlkem-native","v1.2.0 (0ba906cb14b1c241476134d7403a811b382ca498)","ML-KEM-512","decapsulation",88,477130,1269760,True,""
"ce219fb0-bf1c-44c4-a525-a0ead010c9ab","8d21a25e-5064-4c7f-9497-b7fdaccdcf80","2026-08-12T22:27:19Z","riscv64_qemu_linux","EMULATED","riscv64","riscv64",2,3906,"Linux 6.17.0-14-generic","C compiler","unknown","-O3 (RISC-V Linux guest)","mlkem-native","v1.2.0 (0ba906cb14b1c241476134d7403a811b382ca498)","ML-KEM-512","keygen",89,313955,1269760,True,""
"ce219fb0-bf1c-44c4-a525-a0ead010c9ab","8d21a25e-5064-4c7f-9497-b7fdaccdcf80","2026-08-12T22:27:19Z","riscv64_qemu_linux","EMULATED","riscv64","riscv64",2,3906,"Linux 6.17.0-14-generic","C compiler","unknown","-O3 (RISC-V Linux guest)","mlkem-native","v1.2.0 (0ba906cb14b1c241476134d7403a811b382ca498)","ML-KEM-512","encapsulation",89,354748,1269760,True,""
"ce219fb0-bf1c-44c4-a525-a0ead010c9ab","8d21a25e-5064-4c7f-9497-b7fdaccdcf80","2026-08-12T22:27:19Z","riscv64_qemu_linux","EMULATED","riscv64","riscv64",2,3906,"Linux 6.17.0-14-generic","C compiler","unknown","-O3 (RISC-V Linux guest)","mlkem-native","v1.2.0 (0ba906cb14b1c241476134d7403a811b382ca498)","ML-KEM-512","decapsulation",89,410940,1269760,True,""
"ce219fb0-bf1c-44c4-a525-a0ead010c9ab","8d21a25e-5064-4c7f-9497-b7fdaccdcf80","2026-08-12T22:27:19Z","riscv64_qemu_linux","EMULATED","riscv64","riscv64",2,3906,"Linux 6.17.0-14-generic","C compiler","unknown","-O3 (RISC-V Linux guest)","mlkem-native","v1.2.0 (0ba906cb14b1c241476134d7403a811b382ca498)","ML-KEM-512","keygen",90,358747,1269760,True,""
"ce219fb0-bf1c-44c4-a525-a0ead010c9ab","8d21a25e-5064-4c7f-9497-b7fdaccdcf80","2026-08-12T22:27:19Z","riscv64_qemu_linux","EMULATED","riscv64","riscv64",2,3906,"Linux 6.17.0-14-generic","C compiler","unknown","-O3 (RISC-V Linux guest)","mlkem-native","v1.2.0 (0ba906cb14b1c241476134d7403a811b382ca498)","ML-KEM-512","encapsulation",90,428537,1269760,True,""
"ce219fb0-bf1c-44c4-a525-a0ead010c9ab","8d21a25e-5064-4c7f-9497-b7fdaccdcf80","2026-08-12T22:27:19Z","riscv64_qemu_linux","EMULATED","riscv64","riscv64",2,3906,"Linux 6.17.0-14-generic","C compiler","unknown","-O3 (RISC-V Linux guest)","mlkem-native","v1.2.0 (0ba906cb14b1c241476134d7403a811b382ca498)","ML-KEM-512","decapsulation",90,545421,1269760,True,""
"ce219fb0-bf1c-44c4-a525-a0ead010c9ab","8d21a25e-5064-4c7f-9497-b7fdaccdcf80","2026-08-12T22:27:19Z","riscv64_qemu_linux","EMULATED","riscv64","riscv64",2,3906,"Linux 6.17.0-14-generic","C compiler","unknown","-O3 (RISC-V Linux guest)","mlkem-native","v1.2.0 (0ba906cb14b1c241476134d7403a811b382ca498)","ML-KEM-512","keygen",91,331052,1269760,True,""
"ce219fb0-bf1c-44c4-a525-a0ead010c9ab","8d21a25e-5064-4c7f-9497-b7fdaccdcf80","2026-08-12T22:27:19Z","riscv64_qemu_linux","EMULATED","riscv64","riscv64",2,3906,"Linux 6.17.0-14-generic","C compiler","unknown","-O3 (RISC-V Linux guest)","mlkem-native","v1.2.0 (0ba906cb14b1c241476134d7403a811b382ca498)","ML-KEM-512","encapsulation",91,395742,1269760,True,""
"ce219fb0-bf1c-44c4-a525-a0ead010c9ab","8d21a25e-5064-4c7f-9497-b7fdaccdcf80","2026-08-12T22:27:19Z","riscv64_qemu_linux","EMULATED","riscv64","riscv64",2,3906,"Linux 6.17.0-14-generic","C compiler","unknown","-O3 (RISC-V Linux guest)","mlkem-native","v1.2.0 (0ba906cb14b1c241476134d7403a811b382ca498)","ML-KEM-512","decapsulation",91,436737,1269760,True,""
"ce219fb0-bf1c-44c4-a525-a0ead010c9ab","8d21a25e-5064-4c7f-9497-b7fdaccdcf80","2026-08-12T22:27:19Z","riscv64_qemu_linux","EMULATED","riscv64","riscv64",2,3906,"Linux 6.17.0-14-generic","C compiler","unknown","-O3 (RISC-V Linux guest)","mlkem-native","v1.2.0 (0ba906cb14b1c241476134d7403a811b382ca498)","ML-KEM-512","keygen",92,483929,1269760,True,""
"ce219fb0-bf1c-44c4-a525-a0ead010c9ab","8d21a25e-5064-4c7f-9497-b7fdaccdcf80","2026-08-12T22:27:19Z","riscv64_qemu_linux","EMULATED","riscv64","riscv64",2,3906,"Linux 6.17.0-14-generic","C compiler","unknown","-O3 (RISC-V Linux guest)","mlkem-native","v1.2.0 (0ba906cb14b1c241476134d7403a811b382ca498)","ML-KEM-512","encapsulation",92,525423,1269760,True,""
"ce219fb0-bf1c-44c4-a525-a0ead010c9ab","8d21a25e-5064-4c7f-9497-b7fdaccdcf80","2026-08-12T22:27:19Z","riscv64_qemu_linux","EMULATED","riscv64","riscv64",2,3906,"Linux 6.17.0-14-generic","C compiler","unknown","-O3 (RISC-V Linux guest)","mlkem-native","v1.2.0 (0ba906cb14b1c241476134d7403a811b382ca498)","ML-KEM-512","decapsulation",92,414640,1269760,True,""
"ce219fb0-bf1c-44c4-a525-a0ead010c9ab","8d21a25e-5064-4c7f-9497-b7fdaccdcf80","2026-08-12T22:27:19Z","riscv64_qemu_linux","EMULATED","riscv64","riscv64",2,3906,"Linux 6.17.0-14-generic","C compiler","unknown","-O3 (RISC-V Linux guest)","mlkem-native","v1.2.0 (0ba906cb14b1c241476134d7403a811b382ca498)","ML-KEM-512","keygen",93,293558,1269760,True,""
"ce219fb0-bf1c-44c4-a525-a0ead010c9ab","8d21a25e-5064-4c7f-9497-b7fdaccdcf80","2026-08-12T22:27:19Z","riscv64_qemu_linux","EMULATED","riscv64","riscv64",2,3906,"Linux 6.17.0-14-generic","C compiler","unknown","-O3 (RISC-V Linux guest)","mlkem-native","v1.2.0 (0ba906cb14b1c241476134d7403a811b382ca498)","ML-KEM-512","encapsulation",93,270161,1269760,True,""
"ce219fb0-bf1c-44c4-a525-a0ead010c9ab","8d21a25e-5064-4c7f-9497-b7fdaccdcf80","2026-08-12T22:27:19Z","riscv64_qemu_linux","EMULATED","riscv64","riscv64",2,3906,"Linux 6.17.0-14-generic","C compiler","unknown","-O3 (RISC-V Linux guest)","mlkem-native","v1.2.0 (0ba906cb14b1c241476134d7403a811b382ca498)","ML-KEM-512","decapsulation",93,347750,1269760,True,""
"ce219fb0-bf1c-44c4-a525-a0ead010c9ab","8d21a25e-5064-4c7f-9497-b7fdaccdcf80","2026-08-12T22:27:19Z","riscv64_qemu_linux","EMULATED","riscv64","riscv64",2,3906,"Linux 6.17.0-14-generic","C compiler","unknown","-O3 (RISC-V Linux guest)","mlkem-native","v1.2.0 (0ba906cb14b1c241476134d7403a811b382ca498)","ML-KEM-512","keygen",94,614711,1269760,True,""
"ce219fb0-bf1c-44c4-a525-a0ead010c9ab","8d21a25e-5064-4c7f-9497-b7fdaccdcf80","2026-08-12T22:27:19Z","riscv64_qemu_linux","EMULATED","riscv64","riscv64",2,3906,"Linux 6.17.0-14-generic","C compiler","unknown","-O3 (RISC-V Linux guest)","mlkem-native","v1.2.0 (0ba906cb14b1c241476134d7403a811b382ca498)","ML-KEM-512","encapsulation",94,265462,1269760,True,""
"ce219fb0-bf1c-44c4-a525-a0ead010c9ab","8d21a25e-5064-4c7f-9497-b7fdaccdcf80","2026-08-12T22:27:19Z","riscv64_qemu_linux","EMULATED","riscv64","riscv64",2,3906,"Linux 6.17.0-14-generic","C compiler","unknown","-O3 (RISC-V Linux guest)","mlkem-native","v1.2.0 (0ba906cb14b1c241476134d7403a811b382ca498)","ML-KEM-512","decapsulation",94,345050,1269760,True,""
"ce219fb0-bf1c-44c4-a525-a0ead010c9ab","8d21a25e-5064-4c7f-9497-b7fdaccdcf80","2026-08-12T22:27:19Z","riscv64_qemu_linux","EMULATED","riscv64","riscv64",2,3906,"Linux 6.17.0-14-generic","C compiler","unknown","-O3 (RISC-V Linux guest)","mlkem-native","v1.2.0 (0ba906cb14b1c241476134d7403a811b382ca498)","ML-KEM-512","keygen",95,267161,1269760,True,""
"ce219fb0-bf1c-44c4-a525-a0ead010c9ab","8d21a25e-5064-4c7f-9497-b7fdaccdcf80","2026-08-12T22:27:19Z","riscv64_qemu_linux","EMULATED","riscv64","riscv64",2,3906,"Linux 6.17.0-14-generic","C compiler","unknown","-O3 (RISC-V Linux guest)","mlkem-native","v1.2.0 (0ba906cb14b1c241476134d7403a811b382ca498)","ML-KEM-512","encapsulation",95,477930,1269760,True,""
"ce219fb0-bf1c-44c4-a525-a0ead010c9ab","8d21a25e-5064-4c7f-9497-b7fdaccdcf80","2026-08-12T22:27:19Z","riscv64_qemu_linux","EMULATED","riscv64","riscv64",2,3906,"Linux 6.17.0-14-generic","C compiler","unknown","-O3 (RISC-V Linux guest)","mlkem-native","v1.2.0 (0ba906cb14b1c241476134d7403a811b382ca498)","ML-KEM-512","decapsulation",95,359548,1269760,True,""
"ce219fb0-bf1c-44c4-a525-a0ead010c9ab","8d21a25e-5064-4c7f-9497-b7fdaccdcf80","2026-08-12T22:27:19Z","riscv64_qemu_linux","EMULATED","riscv64","riscv64",2,3906,"Linux 6.17.0-14-generic","C compiler","unknown","-O3 (RISC-V Linux guest)","mlkem-native","v1.2.0 (0ba906cb14b1c241476134d7403a811b382ca498)","ML-KEM-512","keygen",96,292457,1269760,True,""
"ce219fb0-bf1c-44c4-a525-a0ead010c9ab","8d21a25e-5064-4c7f-9497-b7fdaccdcf80","2026-08-12T22:27:19Z","riscv64_qemu_linux","EMULATED","riscv64","riscv64",2,3906,"Linux 6.17.0-14-generic","C compiler","unknown","-O3 (RISC-V Linux guest)","mlkem-native","v1.2.0 (0ba906cb14b1c241476134d7403a811b382ca498)","ML-KEM-512","encapsulation",96,262962,1269760,True,""
"ce219fb0-bf1c-44c4-a525-a0ead010c9ab","8d21a25e-5064-4c7f-9497-b7fdaccdcf80","2026-08-12T22:27:19Z","riscv64_qemu_linux","EMULATED","riscv64","riscv64",2,3906,"Linux 6.17.0-14-generic","C compiler","unknown","-O3 (RISC-V Linux guest)","mlkem-native","v1.2.0 (0ba906cb14b1c241476134d7403a811b382ca498)","ML-KEM-512","decapsulation",96,399342,1269760,True,""
"ce219fb0-bf1c-44c4-a525-a0ead010c9ab","8d21a25e-5064-4c7f-9497-b7fdaccdcf80","2026-08-12T22:27:19Z","riscv64_qemu_linux","EMULATED","riscv64","riscv64",2,3906,"Linux 6.17.0-14-generic","C compiler","unknown","-O3 (RISC-V Linux guest)","mlkem-native","v1.2.0 (0ba906cb14b1c241476134d7403a811b382ca498)","ML-KEM-512","keygen",97,305555,1269760,True,""
"ce219fb0-bf1c-44c4-a525-a0ead010c9ab","8d21a25e-5064-4c7f-9497-b7fdaccdcf80","2026-08-12T22:27:19Z","riscv64_qemu_linux","EMULATED","riscv64","riscv64",2,3906,"Linux 6.17.0-14-generic","C compiler","unknown","-O3 (RISC-V Linux guest)","mlkem-native","v1.2.0 (0ba906cb14b1c241476134d7403a811b382ca498)","ML-KEM-512","encapsulation",97,266762,1269760,True,""
"ce219fb0-bf1c-44c4-a525-a0ead010c9ab","8d21a25e-5064-4c7f-9497-b7fdaccdcf80","2026-08-12T22:27:19Z","riscv64_qemu_linux","EMULATED","riscv64","riscv64",2,3906,"Linux 6.17.0-14-generic","C compiler","unknown","-O3 (RISC-V Linux guest)","mlkem-native","v1.2.0 (0ba906cb14b1c241476134d7403a811b382ca498)","ML-KEM-512","decapsulation",97,343850,1269760,True,""
"ce219fb0-bf1c-44c4-a525-a0ead010c9ab","8d21a25e-5064-4c7f-9497-b7fdaccdcf80","2026-08-12T22:27:19Z","riscv64_qemu_linux","EMULATED","riscv64","riscv64",2,3906,"Linux 6.17.0-14-generic","C compiler","unknown","-O3 (RISC-V Linux guest)","mlkem-native","v1.2.0 (0ba906cb14b1c241476134d7403a811b382ca498)","ML-KEM-512","keygen",98,523724,1269760,True,""
"ce219fb0-bf1c-44c4-a525-a0ead010c9ab","8d21a25e-5064-4c7f-9497-b7fdaccdcf80","2026-08-12T22:27:19Z","riscv64_qemu_linux","EMULATED","riscv64","riscv64",2,3906,"Linux 6.17.0-14-generic","C compiler","unknown","-O3 (RISC-V Linux guest)","mlkem-native","v1.2.0 (0ba906cb14b1c241476134d7403a811b382ca498)","ML-KEM-512","encapsulation",98,311754,1269760,True,""
"ce219fb0-bf1c-44c4-a525-a0ead010c9ab","8d21a25e-5064-4c7f-9497-b7fdaccdcf80","2026-08-12T22:27:19Z","riscv64_qemu_linux","EMULATED","riscv64","riscv64",2,3906,"Linux 6.17.0-14-generic","C compiler","unknown","-O3 (RISC-V Linux guest)","mlkem-native","v1.2.0 (0ba906cb14b1c241476134d7403a811b382ca498)","ML-KEM-512","decapsulation",98,356648,1269760,True,""
"ce219fb0-bf1c-44c4-a525-a0ead010c9ab","8d21a25e-5064-4c7f-9497-b7fdaccdcf80","2026-08-12T22:27:19Z","riscv64_qemu_linux","EMULATED","riscv64","riscv64",2,3906,"Linux 6.17.0-14-generic","C compiler","unknown","-O3 (RISC-V Linux guest)","mlkem-native","v1.2.0 (0ba906cb14b1c241476134d7403a811b382ca498)","ML-KEM-512","keygen",99,371046,1269760,True,""
"ce219fb0-bf1c-44c4-a525-a0ead010c9ab","8d21a25e-5064-4c7f-9497-b7fdaccdcf80","2026-08-12T22:27:19Z","riscv64_qemu_linux","EMULATED","riscv64","riscv64",2,3906,"Linux 6.17.0-14-generic","C compiler","unknown","-O3 (RISC-V Linux guest)","mlkem-native","v1.2.0 (0ba906cb14b1c241476134d7403a811b382ca498)","ML-KEM-512","encapsulation",99,264962,1269760,True,""
"ce219fb0-bf1c-44c4-a525-a0ead010c9ab","8d21a25e-5064-4c7f-9497-b7fdaccdcf80","2026-08-12T22:27:19Z","riscv64_qemu_linux","EMULATED","riscv64","riscv64",2,3906,"Linux 6.17.0-14-generic","C compiler","unknown","-O3 (RISC-V Linux guest)","mlkem-native","v1.2.0 (0ba906cb14b1c241476134d7403a811b382ca498)","ML-KEM-512","decapsulation",99,326453,1269760,True,""
"ce219fb0-bf1c-44c4-a525-a0ead010c9ab","8d21a25e-5064-4c7f-9497-b7fdaccdcf80","2026-08-12T22:27:19Z","riscv64_qemu_linux","EMULATED","riscv64","riscv64",2,3906,"Linux 6.17.0-14-generic","C compiler","unknown","-O3 (RISC-V Linux guest)","mlkem-native","v1.2.0 (0ba906cb14b1c241476134d7403a811b382ca498)","ML-KEM-512","keygen",100,251064,1269760,True,""
"ce219fb0-bf1c-44c4-a525-a0ead010c9ab","8d21a25e-5064-4c7f-9497-b7fdaccdcf80","2026-08-12T22:27:19Z","riscv64_qemu_linux","EMULATED","riscv64","riscv64",2,3906,"Linux 6.17.0-14-generic","C compiler","unknown","-O3 (RISC-V Linux guest)","mlkem-native","v1.2.0 (0ba906cb14b1c241476134d7403a811b382ca498)","ML-KEM-512","encapsulation",100,253564,1269760,True,""
"ce219fb0-bf1c-44c4-a525-a0ead010c9ab","8d21a25e-5064-4c7f-9497-b7fdaccdcf80","2026-08-12T22:27:19Z","riscv64_qemu_linux","EMULATED","riscv64","riscv64",2,3906,"Linux 6.17.0-14-generic","C compiler","unknown","-O3 (RISC-V Linux guest)","mlkem-native","v1.2.0 (0ba906cb14b1c241476134d7403a811b382ca498)","ML-KEM-512","decapsulation",100,348249,1269760,True,""
