experiment_id,run_id,timestamp,environment,measurement_type,architecture,processor,cpu_cores,ram_mb,os,compiler,compiler_version,optimization_flags,implementation,implementation_version,mlkem_variant,operation,iteration,execution_time_ns,memory_bytes,success,error_message
"7fb79433-f5ba-4035-9279-33fdfda348b4","c9fe6669-7fa7-4706-a0b8-f12d88c15fd3","2026-08-12T22:27:52Z","riscv64_qemu_linux","EMULATED","riscv64","riscv64",2,3906,"Linux 6.17.0-14-generic","C compiler","unknown","-O3 (RISC-V Linux guest)","mlkem-native","v1.2.0 (0ba906cb14b1c241476134d7403a811b382ca498)","ML-KEM-768","keygen",1,6553390,1245184,True,""
"7fb79433-f5ba-4035-9279-33fdfda348b4","c9fe6669-7fa7-4706-a0b8-f12d88c15fd3","2026-08-12T22:27:52Z","riscv64_qemu_linux","EMULATED","riscv64","riscv64",2,3906,"Linux 6.17.0-14-generic","C compiler","unknown","-O3 (RISC-V Linux guest)","mlkem-native","v1.2.0 (0ba906cb14b1c241476134d7403a811b382ca498)","ML-KEM-768","encapsulation",1,3237599,1245184,True,""
"7fb79433-f5ba-4035-9279-33fdfda348b4","c9fe6669-7fa7-4706-a0b8-f12d88c15fd3","2026-08-12T22:27:52Z","riscv64_qemu_linux","EMULATED","riscv64","riscv64",2,3906,"Linux 6.17.0-14-generic","C compiler","unknown","-O3 (RISC-V Linux guest)","mlkem-native","v1.2.0 (0ba906cb14b1c241476134d7403a811b382ca498)","ML-KEM-768","decapsulation",1,2446772,1245184,True,""
"7fb79433-f5ba-4035-9279-33fdfda348b4","c9fe6669-7fa7-4706-a0b8-f12d88c15fd3","2026-08-12T22:27:52Z","riscv64_qemu_linux","EMULATED","riscv64","riscv64",2,3906,"Linux 6.17.0-14-generic","C compiler","unknown","-O3 (RISC-V Linux guest)","mlkem-native","v1.2.0 (0ba906cb14b1c241476134d7403a811b382ca498)","ML-KEM-768","keygen",2,756830,1245184,True,""
"7fb79433-f5ba-4035-9279-33fdfda348b4","c9fe6669-7fa7-4706-a0b8-f12d88c15fd3","2026-08-12T22:27:52Z","riscv64_qemu_linux","EMULATED","riscv64","riscv64",2,3906,"Linux 6.17.0-14-generic","C compiler","unknown","-O3 (RISC-V Linux guest)","mlkem-native","v1.2.0 (0ba906cb14b1c241476134d7403a811b382ca498)","ML-KEM-768","encapsulation",2,496554,1245184,True,""
"7fb79433-f5ba-4035-9279-33fdfda348b4","c9fe6669-7fa7-4706-a0b8-f12d88c15fd3","2026-08-12T22:27:52Z","riscv64_qemu_linux","EMULATED","riscv64","riscv64",2,3906,"Linux 6.17.0-14-generic","C compiler","unknown","-O3 (RISC-V Linux guest)","mlkem-native","v1.2.0 (0ba906cb14b1c241476134d7403a811b382ca498)","ML-KEM-768","decapsulation",2,547650,1245184,True,""
"7fb79433-f5ba-4035-9279-33fdfda348b4","c9fe6669-7fa7-4706-a0b8-f12d88c15fd3","2026-08-12T22:27:52Z","riscv64_qemu_linux","EMULATED","riscv64","riscv64",2,3906,"Linux 6.17.0-14-generic","C compiler","unknown","-O3 (RISC-V Linux guest)","mlkem-native","v1.2.0 (0ba906cb14b1c241476134d7403a811b382ca498)","ML-KEM-768","keygen",3,438059,1245184,True,""
"7fb79433-f5ba-4035-9279-33fdfda348b4","c9fe6669-7fa7-4706-a0b8-f12d88c15fd3","2026-08-12T22:27:52Z","riscv64_qemu_linux","EMULATED","riscv64","riscv64",2,3906,"Linux 6.17.0-14-generic","C compiler","unknown","-O3 (RISC-V Linux guest)","mlkem-native","v1.2.0 (0ba906cb14b1c241476134d7403a811b382ca498)","ML-KEM-768","encapsulation",3,566347,1245184,True,""
"7fb79433-f5ba-4035-9279-33fdfda348b4","c9fe6669-7fa7-4706-a0b8-f12d88c15fd3","2026-08-12T22:27:52Z","riscv64_qemu_linux","EMULATED","riscv64","riscv64",2,3906,"Linux 6.17.0-14-generic","C compiler","unknown","-O3 (RISC-V Linux guest)","mlkem-native","v1.2.0 (0ba906cb14b1c241476134d7403a811b382ca498)","ML-KEM-768","decapsulation",3,718633,1245184,True,""
"7fb79433-f5ba-4035-9279-33fdfda348b4","c9fe6669-7fa7-4706-a0b8-f12d88c15fd3","2026-08-12T22:27:52Z","riscv64_qemu_linux","EMULATED","riscv64","riscv64",2,3906,"Linux 6.17.0-14-generic","C compiler","unknown","-O3 (RISC-V Linux guest)","mlkem-native","v1.2.0 (0ba906cb14b1c241476134d7403a811b382ca498)","ML-KEM-768","keygen",4,503153,1245184,True,""
"7fb79433-f5ba-4035-9279-33fdfda348b4","c9fe6669-7fa7-4706-a0b8-f12d88c15fd3","2026-08-12T22:27:52Z","riscv64_qemu_linux","EMULATED","riscv64","riscv64",2,3906,"Linux 6.17.0-14-generic","C compiler","unknown","-O3 (RISC-V Linux guest)","mlkem-native","v1.2.0 (0ba906cb14b1c241476134d7403a811b382ca498)","ML-KEM-768","encapsulation",4,501753,1245184,True,""
"7fb79433-f5ba-4035-9279-33fdfda348b4","c9fe6669-7fa7-4706-a0b8-f12d88c15fd3","2026-08-12T22:27:52Z","riscv64_qemu_linux","EMULATED","riscv64","riscv64",2,3906,"Linux 6.17.0-14-generic","C compiler","unknown","-O3 (RISC-V Linux guest)","mlkem-native","v1.2.0 (0ba906cb14b1c241476134d7403a811b382ca498)","ML-KEM-768","decapsulation",4,597844,1245184,True,""
"7fb79433-f5ba-4035-9279-33fdfda348b4","c9fe6669-7fa7-4706-a0b8-f12d88c15fd3","2026-08-12T22:27:52Z","riscv64_qemu_linux","EMULATED","riscv64","riscv64",2,3906,"Linux 6.17.0-14-generic","C compiler","unknown","-O3 (RISC-V Linux guest)","mlkem-native","v1.2.0 (0ba906cb14b1c241476134d7403a811b382ca498)","ML-KEM-768","keygen",5,443659,1245184,True,""
"7fb79433-f5ba-4035-9279-33fdfda348b4","c9fe6669-7fa7-4706-a0b8-f12d88c15fd3","2026-08-12T22:27:52Z","riscv64_qemu_linux","EMULATED","riscv64","riscv64",2,3906,"Linux 6.17.0-14-generic","C compiler","unknown","-O3 (RISC-V Linux guest)","mlkem-native","v1.2.0 (0ba906cb14b1c241476134d7403a811b382ca498)","ML-KEM-768","encapsulation",5,892017,1245184,True,""
"7fb79433-f5ba-4035-9279-33fdfda348b4","c9fe6669-7fa7-4706-a0b8-f12d88c15fd3","2026-08-12T22:27:52Z","riscv64_qemu_linux","EMULATED","riscv64","riscv64",2,3906,"Linux 6.17.0-14-generic","C compiler","unknown","-O3 (RISC-V Linux guest)","mlkem-native","v1.2.0 (0ba906cb14b1c241476134d7403a811b382ca498)","ML-KEM-768","decapsulation",5,588946,1245184,True,""
"7fb79433-f5ba-4035-9279-33fdfda348b4","c9fe6669-7fa7-4706-a0b8-f12d88c15fd3","2026-08-12T22:27:52Z","riscv64_qemu_linux","EMULATED","riscv64","riscv64",2,3906,"Linux 6.17.0-14-generic","C compiler","unknown","-O3 (RISC-V Linux guest)","mlkem-native","v1.2.0 (0ba906cb14b1c241476134d7403a811b382ca498)","ML-KEM-768","keygen",6,468057,1245184,True,""
"7fb79433-f5ba-4035-9279-33fdfda348b4","c9fe6669-7fa7-4706-a0b8-f12d88c15fd3","2026-08-12T22:27:52Z","riscv64_qemu_linux","EMULATED","riscv64","riscv64",2,3906,"Linux 6.17.0-14-generic","C compiler","unknown","-O3 (RISC-V Linux guest)","mlkem-native","v1.2.0 (0ba906cb14b1c241476134d7403a811b382ca498)","ML-KEM-768","encapsulation",6,842221,1245184,True,""
"7fb79433-f5ba-4035-9279-33fdfda348b4","c9fe6669-7fa7-4706-a0b8-f12d88c15fd3","2026-08-12T22:27:52Z","riscv64_qemu_linux","EMULATED","riscv64","riscv64",2,3906,"Linux 6.17.0-14-generic","C compiler","unknown","-O3 (RISC-V Linux guest)","mlkem-native","v1.2.0 (0ba906cb14b1c241476134d7403a811b382ca498)","ML-KEM-768","decapsulation",6,556249,1245184,True,""
"7fb79433-f5ba-4035-9279-33fdfda348b4","c9fe6669-7fa7-4706-a0b8-f12d88c15fd3","2026-08-12T22:27:52Z","riscv64_qemu_linux","EMULATED","riscv64","riscv64",2,3906,"Linux 6.17.0-14-generic","C compiler","unknown","-O3 (RISC-V Linux guest)","mlkem-native","v1.2.0 (0ba906cb14b1c241476134d7403a811b382ca498)","ML-KEM-768","keygen",7,464457,1245184,True,""
"7fb79433-f5ba-4035-9279-33fdfda348b4","c9fe6669-7fa7-4706-a0b8-f12d88c15fd3","2026-08-12T22:27:52Z","riscv64_qemu_linux","EMULATED","riscv64","riscv64",2,3906,"Linux 6.17.0-14-generic","C compiler","unknown","-O3 (RISC-V Linux guest)","mlkem-native","v1.2.0 (0ba906cb14b1c241476134d7403a811b382ca498)","ML-KEM-768","encapsulation",7,462957,1245184,True,""
"7fb79433-f5ba-4035-9279-33fdfda348b4","c9fe6669-7fa7-4706-a0b8-f12d88c15fd3","2026-08-12T22:27:52Z","riscv64_qemu_linux","EMULATED","riscv64","riscv64",2,3906,"Linux 6.17.0-14-generic","C compiler","unknown","-O3 (RISC-V Linux guest)","mlkem-native","v1.2.0 (0ba906cb14b1c241476134d7403a811b382ca498)","ML-KEM-768","decapsulation",7,929813,1245184,True,""
"7fb79433-f5ba-4035-9279-33fdfda348b4","c9fe6669-7fa7-4706-a0b8-f12d88c15fd3","2026-08-12T22:27:52Z","riscv64_qemu_linux","EMULATED","riscv64","riscv64",2,3906,"Linux 6.17.0-14-generic","C compiler","unknown","-O3 (RISC-V Linux guest)","mlkem-native","v1.2.0 (0ba906cb14b1c241476134d7403a811b382ca498)","ML-KEM-768","keygen",8,453158,1245184,True,""
"7fb79433-f5ba-4035-9279-33fdfda348b4","c9fe6669-7fa7-4706-a0b8-f12d88c15fd3","2026-08-12T22:27:52Z","riscv64_qemu_linux","EMULATED","riscv64","riscv64",2,3906,"Linux 6.17.0-14-generic","C compiler","unknown","-O3 (RISC-V Linux guest)","mlkem-native","v1.2.0 (0ba906cb14b1c241476134d7403a811b382ca498)","ML-KEM-768","encapsulation",8,471056,1245184,True,""
"7fb79433-f5ba-4035-9279-33fdfda348b4","c9fe6669-7fa7-4706-a0b8-f12d88c15fd3","2026-08-12T22:27:52Z","riscv64_qemu_linux","EMULATED","riscv64","riscv64",2,3906,"Linux 6.17.0-14-generic","C compiler","unknown","-O3 (RISC-V Linux guest)","mlkem-native","v1.2.0 (0ba906cb14b1c241476134d7403a811b382ca498)","ML-KEM-768","decapsulation",8,626242,1245184,True,""
"7fb79433-f5ba-4035-9279-33fdfda348b4","c9fe6669-7fa7-4706-a0b8-f12d88c15fd3","2026-08-12T22:27:52Z","riscv64_qemu_linux","EMULATED","riscv64","riscv64",2,3906,"Linux 6.17.0-14-generic","C compiler","unknown","-O3 (RISC-V Linux guest)","mlkem-native","v1.2.0 (0ba906cb14b1c241476134d7403a811b382ca498)","ML-KEM-768","keygen",9,454158,1245184,True,""
"7fb79433-f5ba-4035-9279-33fdfda348b4","c9fe6669-7fa7-4706-a0b8-f12d88c15fd3","2026-08-12T22:27:52Z","riscv64_qemu_linux","EMULATED","riscv64","riscv64",2,3906,"Linux 6.17.0-14-generic","C compiler","unknown","-O3 (RISC-V Linux guest)","mlkem-native","v1.2.0 (0ba906cb14b1c241476134d7403a811b382ca498)","ML-KEM-768","encapsulation",9,488954,1245184,True,""
"7fb79433-f5ba-4035-9279-33fdfda348b4","c9fe6669-7fa7-4706-a0b8-f12d88c15fd3","2026-08-12T22:27:52Z","riscv64_qemu_linux","EMULATED","riscv64","riscv64",2,3906,"Linux 6.17.0-14-generic","C compiler","unknown","-O3 (RISC-V Linux guest)","mlkem-native","v1.2.0 (0ba906cb14b1c241476134d7403a811b382ca498)","ML-KEM-768","decapsulation",9,548649,1245184,True,""
"7fb79433-f5ba-4035-9279-33fdfda348b4","c9fe6669-7fa7-4706-a0b8-f12d88c15fd3","2026-08-12T22:27:52Z","riscv64_qemu_linux","EMULATED","riscv64","riscv64",2,3906,"Linux 6.17.0-14-generic","C compiler","unknown","-O3 (RISC-V Linux guest)","mlkem-native","v1.2.0 (0ba906cb14b1c241476134d7403a811b382ca498)","ML-KEM-768","keygen",10,462257,1245184,True,""
"7fb79433-f5ba-4035-9279-33fdfda348b4","c9fe6669-7fa7-4706-a0b8-f12d88c15fd3","2026-08-12T22:27:52Z","riscv64_qemu_linux","EMULATED","riscv64","riscv64",2,3906,"Linux 6.17.0-14-generic","C compiler","unknown","-O3 (RISC-V Linux guest)","mlkem-native","v1.2.0 (0ba906cb14b1c241476134d7403a811b382ca498)","ML-KEM-768","encapsulation",10,488455,1245184,True,""
"7fb79433-f5ba-4035-9279-33fdfda348b4","c9fe6669-7fa7-4706-a0b8-f12d88c15fd3","2026-08-12T22:27:52Z","riscv64_qemu_linux","EMULATED","riscv64","riscv64",2,3906,"Linux 6.17.0-14-generic","C compiler","unknown","-O3 (RISC-V Linux guest)","mlkem-native","v1.2.0 (0ba906cb14b1c241476134d7403a811b382ca498)","ML-KEM-768","decapsulation",10,579046,1245184,True,""
"7fb79433-f5ba-4035-9279-33fdfda348b4","c9fe6669-7fa7-4706-a0b8-f12d88c15fd3","2026-08-12T22:27:52Z","riscv64_qemu_linux","EMULATED","riscv64","riscv64",2,3906,"Linux 6.17.0-14-generic","C compiler","unknown","-O3 (RISC-V Linux guest)","mlkem-native","v1.2.0 (0ba906cb14b1c241476134d7403a811b382ca498)","ML-KEM-768","keygen",11,648940,1245184,True,""
"7fb79433-f5ba-4035-9279-33fdfda348b4","c9fe6669-7fa7-4706-a0b8-f12d88c15fd3","2026-08-12T22:27:52Z","riscv64_qemu_linux","EMULATED","riscv64","riscv64",2,3906,"Linux 6.17.0-14-generic","C compiler","unknown","-O3 (RISC-V Linux guest)","mlkem-native","v1.2.0 (0ba906cb14b1c241476134d7403a811b382ca498)","ML-KEM-768","encapsulation",11,679037,1245184,True,""
"7fb79433-f5ba-4035-9279-33fdfda348b4","c9fe6669-7fa7-4706-a0b8-f12d88c15fd3","2026-08-12T22:27:52Z","riscv64_qemu_linux","EMULATED","riscv64","riscv64",2,3906,"Linux 6.17.0-14-generic","C compiler","unknown","-O3 (RISC-V Linux guest)","mlkem-native","v1.2.0 (0ba906cb14b1c241476134d7403a811b382ca498)","ML-KEM-768","decapsulation",11,555749,1245184,True,""
"7fb79433-f5ba-4035-9279-33fdfda348b4","c9fe6669-7fa7-4706-a0b8-f12d88c15fd3","2026-08-12T22:27:52Z","riscv64_qemu_linux","EMULATED","riscv64","riscv64",2,3906,"Linux 6.17.0-14-generic","C compiler","unknown","-O3 (RISC-V Linux guest)","mlkem-native","v1.2.0 (0ba906cb14b1c241476134d7403a811b382ca498)","ML-KEM-768","keygen",12,720333,1245184,True,""
"7fb79433-f5ba-4035-9279-33fdfda348b4","c9fe6669-7fa7-4706-a0b8-f12d88c15fd3","2026-08-12T22:27:52Z","riscv64_qemu_linux","EMULATED","riscv64","riscv64",2,3906,"Linux 6.17.0-14-generic","C compiler","unknown","-O3 (RISC-V Linux guest)","mlkem-native","v1.2.0 (0ba906cb14b1c241476134d7403a811b382ca498)","ML-KEM-768","encapsulation",12,472456,1245184,True,""
"7fb79433-f5ba-4035-9279-33fdfda348b4","c9fe6669-7fa7-4706-a0b8-f12d88c15fd3","2026-08-12T22:27:52Z","riscv64_qemu_linux","EMULATED","riscv64","riscv64",2,3906,"Linux 6.17.0-14-generic","C compiler","unknown","-O3 (RISC-V Linux guest)","mlkem-native","v1.2.0 (0ba906cb14b1c241476134d7403a811b382ca498)","ML-KEM-768","decapsulation",12,729832,1245184,True,""
"7fb79433-f5ba-4035-9279-33fdfda348b4","c9fe6669-7fa7-4706-a0b8-f12d88c15fd3","2026-08-12T22:27:52Z","riscv64_qemu_linux","EMULATED","riscv64","riscv64",2,3906,"Linux 6.17.0-14-generic","C compiler","unknown","-O3 (RISC-V Linux guest)","mlkem-native","v1.2.0 (0ba906cb14b1c241476134d7403a811b382ca498)","ML-KEM-768","keygen",13,501253,1245184,True,""
"7fb79433-f5ba-4035-9279-33fdfda348b4","c9fe6669-7fa7-4706-a0b8-f12d88c15fd3","2026-08-12T22:27:52Z","riscv64_qemu_linux","EMULATED","riscv64","riscv64",2,3906,"Linux 6.17.0-14-generic","C compiler","unknown","-O3 (RISC-V Linux guest)","mlkem-native","v1.2.0 (0ba906cb14b1c241476134d7403a811b382ca498)","ML-KEM-768","encapsulation",13,465057,1245184,True,""
"7fb79433-f5ba-4035-9279-33fdfda348b4","c9fe6669-7fa7-4706-a0b8-f12d88c15fd3","2026-08-12T22:27:52Z","riscv64_qemu_linux","EMULATED","riscv64","riscv64",2,3906,"Linux 6.17.0-14-generic","C compiler","unknown","-O3 (RISC-V Linux guest)","mlkem-native","v1.2.0 (0ba906cb14b1c241476134d7403a811b382ca498)","ML-KEM-768","decapsulation",13,544849,1245184,True,""
"7fb79433-f5ba-4035-9279-33fdfda348b4","c9fe6669-7fa7-4706-a0b8-f12d88c15fd3","2026-08-12T22:27:52Z","riscv64_qemu_linux","EMULATED","riscv64","riscv64",2,3906,"Linux 6.17.0-14-generic","C compiler","unknown","-O3 (RISC-V Linux guest)","mlkem-native","v1.2.0 (0ba906cb14b1c241476134d7403a811b382ca498)","ML-KEM-768","keygen",14,654939,1245184,True,""
"7fb79433-f5ba-4035-9279-33fdfda348b4","c9fe6669-7fa7-4706-a0b8-f12d88c15fd3","2026-08-12T22:27:52Z","riscv64_qemu_linux","EMULATED","riscv64","riscv64",2,3906,"Linux 6.17.0-14-generic","C compiler","unknown","-O3 (RISC-V Linux guest)","mlkem-native","v1.2.0 (0ba906cb14b1c241476134d7403a811b382ca498)","ML-KEM-768","encapsulation",14,470756,1245184,True,""
"7fb79433-f5ba-4035-9279-33fdfda348b4","c9fe6669-7fa7-4706-a0b8-f12d88c15fd3","2026-08-12T22:27:52Z","riscv64_qemu_linux","EMULATED","riscv64","riscv64",2,3906,"Linux 6.17.0-14-generic","C compiler","unknown","-O3 (RISC-V Linux guest)","mlkem-native","v1.2.0 (0ba906cb14b1c241476134d7403a811b382ca498)","ML-KEM-768","decapsulation",14,551949,1245184,True,""
"7fb79433-f5ba-4035-9279-33fdfda348b4","c9fe6669-7fa7-4706-a0b8-f12d88c15fd3","2026-08-12T22:27:52Z","riscv64_qemu_linux","EMULATED","riscv64","riscv64",2,3906,"Linux 6.17.0-14-generic","C compiler","unknown","-O3 (RISC-V Linux guest)","mlkem-native","v1.2.0 (0ba906cb14b1c241476134d7403a811b382ca498)","ML-KEM-768","keygen",15,438459,1245184,True,""
"7fb79433-f5ba-4035-9279-33fdfda348b4","c9fe6669-7fa7-4706-a0b8-f12d88c15fd3","2026-08-12T22:27:52Z","riscv64_qemu_linux","EMULATED","riscv64","riscv64",2,3906,"Linux 6.17.0-14-generic","C compiler","unknown","-O3 (RISC-V Linux guest)","mlkem-native","v1.2.0 (0ba906cb14b1c241476134d7403a811b382ca498)","ML-KEM-768","encapsulation",15,653539,1245184,True,""
"7fb79433-f5ba-4035-9279-33fdfda348b4","c9fe6669-7fa7-4706-a0b8-f12d88c15fd3","2026-08-12T22:27:52Z","riscv64_qemu_linux","EMULATED","riscv64","riscv64",2,3906,"Linux 6.17.0-14-generic","C compiler","unknown","-O3 (RISC-V Linux guest)","mlkem-native","v1.2.0 (0ba906cb14b1c241476134d7403a811b382ca498)","ML-KEM-768","decapsulation",15,728932,1245184,True,""
"7fb79433-f5ba-4035-9279-33fdfda348b4","c9fe6669-7fa7-4706-a0b8-f12d88c15fd3","2026-08-12T22:27:52Z","riscv64_qemu_linux","EMULATED","riscv64","riscv64",2,3906,"Linux 6.17.0-14-generic","C compiler","unknown","-O3 (RISC-V Linux guest)","mlkem-native","v1.2.0 (0ba906cb14b1c241476134d7403a811b382ca498)","ML-KEM-768","keygen",16,458657,1245184,True,""
"7fb79433-f5ba-4035-9279-33fdfda348b4","c9fe6669-7fa7-4706-a0b8-f12d88c15fd3","2026-08-12T22:27:52Z","riscv64_qemu_linux","EMULATED","riscv64","riscv64",2,3906,"Linux 6.17.0-14-generic","C compiler","unknown","-O3 (RISC-V Linux guest)","mlkem-native","v1.2.0 (0ba906cb14b1c241476134d7403a811b382ca498)","ML-KEM-768","encapsulation",16,761630,1245184,True,""
"7fb79433-f5ba-4035-9279-33fdfda348b4","c9fe6669-7fa7-4706-a0b8-f12d88c15fd3","2026-08-12T22:27:52Z","riscv64_qemu_linux","EMULATED","riscv64","riscv64",2,3906,"Linux 6.17.0-14-generic","C compiler","unknown","-O3 (RISC-V Linux guest)","mlkem-native","v1.2.0 (0ba906cb14b1c241476134d7403a811b382ca498)","ML-KEM-768","decapsulation",16,576146,1245184,True,""
"7fb79433-f5ba-4035-9279-33fdfda348b4","c9fe6669-7fa7-4706-a0b8-f12d88c15fd3","2026-08-12T22:27:52Z","riscv64_qemu_linux","EMULATED","riscv64","riscv64",2,3906,"Linux 6.17.0-14-generic","C compiler","unknown","-O3 (RISC-V Linux guest)","mlkem-native","v1.2.0 (0ba906cb14b1c241476134d7403a811b382ca498)","ML-KEM-768","keygen",17,463157,1245184,True,""
"7fb79433-f5ba-4035-9279-33fdfda348b4","c9fe6669-7fa7-4706-a0b8-f12d88c15fd3","2026-08-12T22:27:52Z","riscv64_qemu_linux","EMULATED","riscv64","riscv64",2,3906,"Linux 6.17.0-14-generic","C compiler","unknown","-O3 (RISC-V Linux guest)","mlkem-native","v1.2.0 (0ba906cb14b1c241476134d7403a811b382ca498)","ML-KEM-768","encapsulation",17,516552,1245184,True,""
"7fb79433-f5ba-4035-9279-33fdfda348b4","c9fe6669-7fa7-4706-a0b8-f12d88c15fd3","2026-08-12T22:27:52Z","riscv64_qemu_linux","EMULATED","riscv64","riscv64",2,3906,"Linux 6.17.0-14-generic","C compiler","unknown","-O3 (RISC-V Linux guest)","mlkem-native","v1.2.0 (0ba906cb14b1c241476134d7403a811b382ca498)","ML-KEM-768","decapsulation",17,862820,1245184,True,""
"7fb79433-f5ba-4035-9279-33fdfda348b4","c9fe6669-7fa7-4706-a0b8-f12d88c15fd3","2026-08-12T22:27:52Z","riscv64_qemu_linux","EMULATED","riscv64","riscv64",2,3906,"Linux 6.17.0-14-generic","C compiler","unknown","-O3 (RISC-V Linux guest)","mlkem-native","v1.2.0 (0ba906cb14b1c241476134d7403a811b382ca498)","ML-KEM-768","keygen",18,456557,1245184,True,""
"7fb79433-f5ba-4035-9279-33fdfda348b4","c9fe6669-7fa7-4706-a0b8-f12d88c15fd3","2026-08-12T22:27:52Z","riscv64_qemu_linux","EMULATED","riscv64","riscv64",2,3906,"Linux 6.17.0-14-generic","C compiler","unknown","-O3 (RISC-V Linux guest)","mlkem-native","v1.2.0 (0ba906cb14b1c241476134d7403a811b382ca498)","ML-KEM-768","encapsulation",18,610244,1245184,True,""
"7fb79433-f5ba-4035-9279-33fdfda348b4","c9fe6669-7fa7-4706-a0b8-f12d88c15fd3","2026-08-12T22:27:52Z","riscv64_qemu_linux","EMULATED","riscv64","riscv64",2,3906,"Linux 6.17.0-14-generic","C compiler","unknown","-O3 (RISC-V Linux guest)","mlkem-native","v1.2.0 (0ba906cb14b1c241476134d7403a811b382ca498)","ML-KEM-768","decapsulation",18,565847,1245184,True,""
"7fb79433-f5ba-4035-9279-33fdfda348b4","c9fe6669-7fa7-4706-a0b8-f12d88c15fd3","2026-08-12T22:27:52Z","riscv64_qemu_linux","EMULATED","riscv64","riscv64",2,3906,"Linux 6.17.0-14-generic","C compiler","unknown","-O3 (RISC-V Linux guest)","mlkem-native","v1.2.0 (0ba906cb14b1c241476134d7403a811b382ca498)","ML-KEM-768","keygen",19,622342,1245184,True,""
"7fb79433-f5ba-4035-9279-33fdfda348b4","c9fe6669-7fa7-4706-a0b8-f12d88c15fd3","2026-08-12T22:27:52Z","riscv64_qemu_linux","EMULATED","riscv64","riscv64",2,3906,"Linux 6.17.0-14-generic","C compiler","unknown","-O3 (RISC-V Linux guest)","mlkem-native","v1.2.0 (0ba906cb14b1c241476134d7403a811b382ca498)","ML-KEM-768","encapsulation",19,498254,1245184,True,""
"7fb79433-f5ba-4035-9279-33fdfda348b4","c9fe6669-7fa7-4706-a0b8-f12d88c15fd3","2026-08-12T22:27:52Z","riscv64_qemu_linux","EMULATED","riscv64","riscv64",2,3906,"Linux 6.17.0-14-generic","C compiler","unknown","-O3 (RISC-V Linux guest)","mlkem-native","v1.2.0 (0ba906cb14b1c241476134d7403a811b382ca498)","ML-KEM-768","decapsulation",19,569847,1245184,True,""
"7fb79433-f5ba-4035-9279-33fdfda348b4","c9fe6669-7fa7-4706-a0b8-f12d88c15fd3","2026-08-12T22:27:52Z","riscv64_qemu_linux","EMULATED","riscv64","riscv64",2,3906,"Linux 6.17.0-14-generic","C compiler","unknown","-O3 (RISC-V Linux guest)","mlkem-native","v1.2.0 (0ba906cb14b1c241476134d7403a811b382ca498)","ML-KEM-768","keygen",20,484255,1245184,True,""
"7fb79433-f5ba-4035-9279-33fdfda348b4","c9fe6669-7fa7-4706-a0b8-f12d88c15fd3","2026-08-12T22:27:52Z","riscv64_qemu_linux","EMULATED","riscv64","riscv64",2,3906,"Linux 6.17.0-14-generic","C compiler","unknown","-O3 (RISC-V Linux guest)","mlkem-native","v1.2.0 (0ba906cb14b1c241476134d7403a811b382ca498)","ML-KEM-768","encapsulation",20,500253,1245184,True,""
"7fb79433-f5ba-4035-9279-33fdfda348b4","c9fe6669-7fa7-4706-a0b8-f12d88c15fd3","2026-08-12T22:27:52Z","riscv64_qemu_linux","EMULATED","riscv64","riscv64",2,3906,"Linux 6.17.0-14-generic","C compiler","unknown","-O3 (RISC-V Linux guest)","mlkem-native","v1.2.0 (0ba906cb14b1c241476134d7403a811b382ca498)","ML-KEM-768","decapsulation",20,703635,1245184,True,""
"7fb79433-f5ba-4035-9279-33fdfda348b4","c9fe6669-7fa7-4706-a0b8-f12d88c15fd3","2026-08-12T22:27:52Z","riscv64_qemu_linux","EMULATED","riscv64","riscv64",2,3906,"Linux 6.17.0-14-generic","C compiler","unknown","-O3 (RISC-V Linux guest)","mlkem-native","v1.2.0 (0ba906cb14b1c241476134d7403a811b382ca498)","ML-KEM-768","keygen",21,444959,1245184,True,""
"7fb79433-f5ba-4035-9279-33fdfda348b4","c9fe6669-7fa7-4706-a0b8-f12d88c15fd3","2026-08-12T22:27:52Z","riscv64_qemu_linux","EMULATED","riscv64","riscv64",2,3906,"Linux 6.17.0-14-generic","C compiler","unknown","-O3 (RISC-V Linux guest)","mlkem-native","v1.2.0 (0ba906cb14b1c241476134d7403a811b382ca498)","ML-KEM-768","encapsulation",21,898117,1245184,True,""
"7fb79433-f5ba-4035-9279-33fdfda348b4","c9fe6669-7fa7-4706-a0b8-f12d88c15fd3","2026-08-12T22:27:52Z","riscv64_qemu_linux","EMULATED","riscv64","riscv64",2,3906,"Linux 6.17.0-14-generic","C compiler","unknown","-O3 (RISC-V Linux guest)","mlkem-native","v1.2.0 (0ba906cb14b1c241476134d7403a811b382ca498)","ML-KEM-768","decapsulation",21,554049,1245184,True,""
"7fb79433-f5ba-4035-9279-33fdfda348b4","c9fe6669-7fa7-4706-a0b8-f12d88c15fd3","2026-08-12T22:27:52Z","riscv64_qemu_linux","EMULATED","riscv64","riscv64",2,3906,"Linux 6.17.0-14-generic","C compiler","unknown","-O3 (RISC-V Linux guest)","mlkem-native","v1.2.0 (0ba906cb14b1c241476134d7403a811b382ca498)","ML-KEM-768","keygen",22,470256,1245184,True,""
"7fb79433-f5ba-4035-9279-33fdfda348b4","c9fe6669-7fa7-4706-a0b8-f12d88c15fd3","2026-08-12T22:27:52Z","riscv64_qemu_linux","EMULATED","riscv64","riscv64",2,3906,"Linux 6.17.0-14-generic","C compiler","unknown","-O3 (RISC-V Linux guest)","mlkem-native","v1.2.0 (0ba906cb14b1c241476134d7403a811b382ca498)","ML-KEM-768","encapsulation",22,488155,1245184,True,""
"7fb79433-f5ba-4035-9279-33fdfda348b4","c9fe6669-7fa7-4706-a0b8-f12d88c15fd3","2026-08-12T22:27:52Z","riscv64_qemu_linux","EMULATED","riscv64","riscv64",2,3906,"Linux 6.17.0-14-generic","C compiler","unknown","-O3 (RISC-V Linux guest)","mlkem-native","v1.2.0 (0ba906cb14b1c241476134d7403a811b382ca498)","ML-KEM-768","decapsulation",22,774928,1245184,True,""
"7fb79433-f5ba-4035-9279-33fdfda348b4","c9fe6669-7fa7-4706-a0b8-f12d88c15fd3","2026-08-12T22:27:52Z","riscv64_qemu_linux","EMULATED","riscv64","riscv64",2,3906,"Linux 6.17.0-14-generic","C compiler","unknown","-O3 (RISC-V Linux guest)","mlkem-native","v1.2.0 (0ba906cb14b1c241476134d7403a811b382ca498)","ML-KEM-768","keygen",23,551749,1245184,True,""
"7fb79433-f5ba-4035-9279-33fdfda348b4","c9fe6669-7fa7-4706-a0b8-f12d88c15fd3","2026-08-12T22:27:52Z","riscv64_qemu_linux","EMULATED","riscv64","riscv64",2,3906,"Linux 6.17.0-14-generic","C compiler","unknown","-O3 (RISC-V Linux guest)","mlkem-native","v1.2.0 (0ba906cb14b1c241476134d7403a811b382ca498)","ML-KEM-768","encapsulation",23,491255,1245184,True,""
"7fb79433-f5ba-4035-9279-33fdfda348b4","c9fe6669-7fa7-4706-a0b8-f12d88c15fd3","2026-08-12T22:27:52Z","riscv64_qemu_linux","EMULATED","riscv64","riscv64",2,3906,"Linux 6.17.0-14-generic","C compiler","unknown","-O3 (RISC-V Linux guest)","mlkem-native","v1.2.0 (0ba906cb14b1c241476134d7403a811b382ca498)","ML-KEM-768","decapsulation",23,600045,1245184,True,""
"7fb79433-f5ba-4035-9279-33fdfda348b4","c9fe6669-7fa7-4706-a0b8-f12d88c15fd3","2026-08-12T22:27:52Z","riscv64_qemu_linux","EMULATED","riscv64","riscv64",2,3906,"Linux 6.17.0-14-generic","C compiler","unknown","-O3 (RISC-V Linux guest)","mlkem-native","v1.2.0 (0ba906cb14b1c241476134d7403a811b382ca498)","ML-KEM-768","keygen",24,456757,1245184,True,""
"7fb79433-f5ba-4035-9279-33fdfda348b4","c9fe6669-7fa7-4706-a0b8-f12d88c15fd3","2026-08-12T22:27:52Z","riscv64_qemu_linux","EMULATED","riscv64","riscv64",2,3906,"Linux 6.17.0-14-generic","C compiler","unknown","-O3 (RISC-V Linux guest)","mlkem-native","v1.2.0 (0ba906cb14b1c241476134d7403a811b382ca498)","ML-KEM-768","encapsulation",24,483455,1245184,True,""
"7fb79433-f5ba-4035-9279-33fdfda348b4","c9fe6669-7fa7-4706-a0b8-f12d88c15fd3","2026-08-12T22:27:52Z","riscv64_qemu_linux","EMULATED","riscv64","riscv64",2,3906,"Linux 6.17.0-14-generic","C compiler","unknown","-O3 (RISC-V Linux guest)","mlkem-native","v1.2.0 (0ba906cb14b1c241476134d7403a811b382ca498)","ML-KEM-768","decapsulation",24,547949,1245184,True,""
"7fb79433-f5ba-4035-9279-33fdfda348b4","c9fe6669-7fa7-4706-a0b8-f12d88c15fd3","2026-08-12T22:27:52Z","riscv64_qemu_linux","EMULATED","riscv64","riscv64",2,3906,"Linux 6.17.0-14-generic","C compiler","unknown","-O3 (RISC-V Linux guest)","mlkem-native","v1.2.0 (0ba906cb14b1c241476134d7403a811b382ca498)","ML-KEM-768","keygen",25,475655,1245184,True,""
"7fb79433-f5ba-4035-9279-33fdfda348b4","c9fe6669-7fa7-4706-a0b8-f12d88c15fd3","2026-08-12T22:27:52Z","riscv64_qemu_linux","EMULATED","riscv64","riscv64",2,3906,"Linux 6.17.0-14-generic","C compiler","unknown","-O3 (RISC-V Linux guest)","mlkem-native","v1.2.0 (0ba906cb14b1c241476134d7403a811b382ca498)","ML-KEM-768","encapsulation",25,493254,1245184,True,""
"7fb79433-f5ba-4035-9279-33fdfda348b4","c9fe6669-7fa7-4706-a0b8-f12d88c15fd3","2026-08-12T22:27:52Z","riscv64_qemu_linux","EMULATED","riscv64","riscv64",2,3906,"Linux 6.17.0-14-generic","C compiler","unknown","-O3 (RISC-V Linux guest)","mlkem-native","v1.2.0 (0ba906cb14b1c241476134d7403a811b382ca498)","ML-KEM-768","decapsulation",25,569047,1245184,True,""
"7fb79433-f5ba-4035-9279-33fdfda348b4","c9fe6669-7fa7-4706-a0b8-f12d88c15fd3","2026-08-12T22:27:52Z","riscv64_qemu_linux","EMULATED","riscv64","riscv64",2,3906,"Linux 6.17.0-14-generic","C compiler","unknown","-O3 (RISC-V Linux guest)","mlkem-native","v1.2.0 (0ba906cb14b1c241476134d7403a811b382ca498)","ML-KEM-768","keygen",26,435459,1245184,True,""
"7fb79433-f5ba-4035-9279-33fdfda348b4","c9fe6669-7fa7-4706-a0b8-f12d88c15fd3","2026-08-12T22:27:52Z","riscv64_qemu_linux","EMULATED","riscv64","riscv64",2,3906,"Linux 6.17.0-14-generic","C compiler","unknown","-O3 (RISC-V Linux guest)","mlkem-native","v1.2.0 (0ba906cb14b1c241476134d7403a811b382ca498)","ML-KEM-768","encapsulation",26,978709,1245184,True,""
"7fb79433-f5ba-4035-9279-33fdfda348b4","c9fe6669-7fa7-4706-a0b8-f12d88c15fd3","2026-08-12T22:27:52Z","riscv64_qemu_linux","EMULATED","riscv64","riscv64",2,3906,"Linux 6.17.0-14-generic","C compiler","unknown","-O3 (RISC-V Linux guest)","mlkem-native","v1.2.0 (0ba906cb14b1c241476134d7403a811b382ca498)","ML-KEM-768","decapsulation",26,1467664,1245184,True,""
"7fb79433-f5ba-4035-9279-33fdfda348b4","c9fe6669-7fa7-4706-a0b8-f12d88c15fd3","2026-08-12T22:27:52Z","riscv64_qemu_linux","EMULATED","riscv64","riscv64",2,3906,"Linux 6.17.0-14-generic","C compiler","unknown","-O3 (RISC-V Linux guest)","mlkem-native","v1.2.0 (0ba906cb14b1c241476134d7403a811b382ca498)","ML-KEM-768","keygen",27,460558,1245184,True,""
"7fb79433-f5ba-4035-9279-33fdfda348b4","c9fe6669-7fa7-4706-a0b8-f12d88c15fd3","2026-08-12T22:27:52Z","riscv64_qemu_linux","EMULATED","riscv64","riscv64",2,3906,"Linux 6.17.0-14-generic","C compiler","unknown","-O3 (RISC-V Linux guest)","mlkem-native","v1.2.0 (0ba906cb14b1c241476134d7403a811b382ca498)","ML-KEM-768","encapsulation",27,474756,1245184,True,""
"7fb79433-f5ba-4035-9279-33fdfda348b4","c9fe6669-7fa7-4706-a0b8-f12d88c15fd3","2026-08-12T22:27:52Z","riscv64_qemu_linux","EMULATED","riscv64","riscv64",2,3906,"Linux 6.17.0-14-generic","C compiler","unknown","-O3 (RISC-V Linux guest)","mlkem-native","v1.2.0 (0ba906cb14b1c241476134d7403a811b382ca498)","ML-KEM-768","decapsulation",27,580746,1245184,True,""
"7fb79433-f5ba-4035-9279-33fdfda348b4","c9fe6669-7fa7-4706-a0b8-f12d88c15fd3","2026-08-12T22:27:52Z","riscv64_qemu_linux","EMULATED","riscv64","riscv64",2,3906,"Linux 6.17.0-14-generic","C compiler","unknown","-O3 (RISC-V Linux guest)","mlkem-native","v1.2.0 (0ba906cb14b1c241476134d7403a811b382ca498)","ML-KEM-768","keygen",28,452957,1245184,True,""
"7fb79433-f5ba-4035-9279-33fdfda348b4","c9fe6669-7fa7-4706-a0b8-f12d88c15fd3","2026-08-12T22:27:52Z","riscv64_qemu_linux","EMULATED","riscv64","riscv64",2,3906,"Linux 6.17.0-14-generic","C compiler","unknown","-O3 (RISC-V Linux guest)","mlkem-native","v1.2.0 (0ba906cb14b1c241476134d7403a811b382ca498)","ML-KEM-768","encapsulation",28,509052,1245184,True,""
"7fb79433-f5ba-4035-9279-33fdfda348b4","c9fe6669-7fa7-4706-a0b8-f12d88c15fd3","2026-08-12T22:27:52Z","riscv64_qemu_linux","EMULATED","riscv64","riscv64",2,3906,"Linux 6.17.0-14-generic","C compiler","unknown","-O3 (RISC-V Linux guest)","mlkem-native","v1.2.0 (0ba906cb14b1c241476134d7403a811b382ca498)","ML-KEM-768","decapsulation",28,807425,1245184,True,""
"7fb79433-f5ba-4035-9279-33fdfda348b4","c9fe6669-7fa7-4706-a0b8-f12d88c15fd3","2026-08-12T22:27:52Z","riscv64_qemu_linux","EMULATED","riscv64","riscv64",2,3906,"Linux 6.17.0-14-generic","C compiler","unknown","-O3 (RISC-V Linux guest)","mlkem-native","v1.2.0 (0ba906cb14b1c241476134d7403a811b382ca498)","ML-KEM-768","keygen",29,464356,1245184,True,""
"7fb79433-f5ba-4035-9279-33fdfda348b4","c9fe6669-7fa7-4706-a0b8-f12d88c15fd3","2026-08-12T22:27:52Z","riscv64_qemu_linux","EMULATED","riscv64","riscv64",2,3906,"Linux 6.17.0-14-generic","C compiler","unknown","-O3 (RISC-V Linux guest)","mlkem-native","v1.2.0 (0ba906cb14b1c241476134d7403a811b382ca498)","ML-KEM-768","encapsulation",29,465656,1245184,True,""
"7fb79433-f5ba-4035-9279-33fdfda348b4","c9fe6669-7fa7-4706-a0b8-f12d88c15fd3","2026-08-12T22:27:52Z","riscv64_qemu_linux","EMULATED","riscv64","riscv64",2,3906,"Linux 6.17.0-14-generic","C compiler","unknown","-O3 (RISC-V Linux guest)","mlkem-native","v1.2.0 (0ba906cb14b1c241476134d7403a811b382ca498)","ML-KEM-768","decapsulation",29,600744,1245184,True,""
"7fb79433-f5ba-4035-9279-33fdfda348b4","c9fe6669-7fa7-4706-a0b8-f12d88c15fd3","2026-08-12T22:27:52Z","riscv64_qemu_linux","EMULATED","riscv64","riscv64",2,3906,"Linux 6.17.0-14-generic","C compiler","unknown","-O3 (RISC-V Linux guest)","mlkem-native","v1.2.0 (0ba906cb14b1c241476134d7403a811b382ca498)","ML-KEM-768","keygen",30,450458,1245184,True,""
"7fb79433-f5ba-4035-9279-33fdfda348b4","c9fe6669-7fa7-4706-a0b8-f12d88c15fd3","2026-08-12T22:27:52Z","riscv64_qemu_linux","EMULATED","riscv64","riscv64",2,3906,"Linux 6.17.0-14-generic","C compiler","unknown","-O3 (RISC-V Linux guest)","mlkem-native","v1.2.0 (0ba906cb14b1c241476134d7403a811b382ca498)","ML-KEM-768","encapsulation",30,483055,1245184,True,""
"7fb79433-f5ba-4035-9279-33fdfda348b4","c9fe6669-7fa7-4706-a0b8-f12d88c15fd3","2026-08-12T22:27:52Z","riscv64_qemu_linux","EMULATED","riscv64","riscv64",2,3906,"Linux 6.17.0-14-generic","C compiler","unknown","-O3 (RISC-V Linux guest)","mlkem-native","v1.2.0 (0ba906cb14b1c241476134d7403a811b382ca498)","ML-KEM-768","decapsulation",30,565748,1245184,True,""
"7fb79433-f5ba-4035-9279-33fdfda348b4","c9fe6669-7fa7-4706-a0b8-f12d88c15fd3","2026-08-12T22:27:52Z","riscv64_qemu_linux","EMULATED","riscv64","riscv64",2,3906,"Linux 6.17.0-14-generic","C compiler","unknown","-O3 (RISC-V Linux guest)","mlkem-native","v1.2.0 (0ba906cb14b1c241476134d7403a811b382ca498)","ML-KEM-768","keygen",31,460958,1245184,True,""
"7fb79433-f5ba-4035-9279-33fdfda348b4","c9fe6669-7fa7-4706-a0b8-f12d88c15fd3","2026-08-12T22:27:52Z","riscv64_qemu_linux","EMULATED","riscv64","riscv64",2,3906,"Linux 6.17.0-14-generic","C compiler","unknown","-O3 (RISC-V Linux guest)","mlkem-native","v1.2.0 (0ba906cb14b1c241476134d7403a811b382ca498)","ML-KEM-768","encapsulation",31,493954,1245184,True,""
"7fb79433-f5ba-4035-9279-33fdfda348b4","c9fe6669-7fa7-4706-a0b8-f12d88c15fd3","2026-08-12T22:27:52Z","riscv64_qemu_linux","EMULATED","riscv64","riscv64",2,3906,"Linux 6.17.0-14-generic","C compiler","unknown","-O3 (RISC-V Linux guest)","mlkem-native","v1.2.0 (0ba906cb14b1c241476134d7403a811b382ca498)","ML-KEM-768","decapsulation",31,567547,1245184,True,""
"7fb79433-f5ba-4035-9279-33fdfda348b4","c9fe6669-7fa7-4706-a0b8-f12d88c15fd3","2026-08-12T22:27:52Z","riscv64_qemu_linux","EMULATED","riscv64","riscv64",2,3906,"Linux 6.17.0-14-generic","C compiler","unknown","-O3 (RISC-V Linux guest)","mlkem-native","v1.2.0 (0ba906cb14b1c241476134d7403a811b382ca498)","ML-KEM-768","keygen",32,445858,1245184,True,""
"7fb79433-f5ba-4035-9279-33fdfda348b4","c9fe6669-7fa7-4706-a0b8-f12d88c15fd3","2026-08-12T22:27:52Z","riscv64_qemu_linux","EMULATED","riscv64","riscv64",2,3906,"Linux 6.17.0-14-generic","C compiler","unknown","-O3 (RISC-V Linux guest)","mlkem-native","v1.2.0 (0ba906cb14b1c241476134d7403a811b382ca498)","ML-KEM-768","encapsulation",32,704035,1245184,True,""
"7fb79433-f5ba-4035-9279-33fdfda348b4","c9fe6669-7fa7-4706-a0b8-f12d88c15fd3","2026-08-12T22:27:52Z","riscv64_qemu_linux","EMULATED","riscv64","riscv64",2,3906,"Linux 6.17.0-14-generic","C compiler","unknown","-O3 (RISC-V Linux guest)","mlkem-native","v1.2.0 (0ba906cb14b1c241476134d7403a811b382ca498)","ML-KEM-768","decapsulation",32,548549,1245184,True,""
"7fb79433-f5ba-4035-9279-33fdfda348b4","c9fe6669-7fa7-4706-a0b8-f12d88c15fd3","2026-08-12T22:27:52Z","riscv64_qemu_linux","EMULATED","riscv64","riscv64",2,3906,"Linux 6.17.0-14-generic","C compiler","unknown","-O3 (RISC-V Linux guest)","mlkem-native","v1.2.0 (0ba906cb14b1c241476134d7403a811b382ca498)","ML-KEM-768","keygen",33,461357,1245184,True,""
"7fb79433-f5ba-4035-9279-33fdfda348b4","c9fe6669-7fa7-4706-a0b8-f12d88c15fd3","2026-08-12T22:27:52Z","riscv64_qemu_linux","EMULATED","riscv64","riscv64",2,3906,"Linux 6.17.0-14-generic","C compiler","unknown","-O3 (RISC-V Linux guest)","mlkem-native","v1.2.0 (0ba906cb14b1c241476134d7403a811b382ca498)","ML-KEM-768","encapsulation",33,572247,1245184,True,""
"7fb79433-f5ba-4035-9279-33fdfda348b4","c9fe6669-7fa7-4706-a0b8-f12d88c15fd3","2026-08-12T22:27:52Z","riscv64_qemu_linux","EMULATED","riscv64","riscv64",2,3906,"Linux 6.17.0-14-generic","C compiler","unknown","-O3 (RISC-V Linux guest)","mlkem-native","v1.2.0 (0ba906cb14b1c241476134d7403a811b382ca498)","ML-KEM-768","decapsulation",33,774928,1245184,True,""
"7fb79433-f5ba-4035-9279-33fdfda348b4","c9fe6669-7fa7-4706-a0b8-f12d88c15fd3","2026-08-12T22:27:52Z","riscv64_qemu_linux","EMULATED","riscv64","riscv64",2,3906,"Linux 6.17.0-14-generic","C compiler","unknown","-O3 (RISC-V Linux guest)","mlkem-native","v1.2.0 (0ba906cb14b1c241476134d7403a811b382ca498)","ML-KEM-768","keygen",34,467757,1245184,True,""
"7fb79433-f5ba-4035-9279-33fdfda348b4","c9fe6669-7fa7-4706-a0b8-f12d88c15fd3","2026-08-12T22:27:52Z","riscv64_qemu_linux","EMULATED","riscv64","riscv64",2,3906,"Linux 6.17.0-14-generic","C compiler","unknown","-O3 (RISC-V Linux guest)","mlkem-native","v1.2.0 (0ba906cb14b1c241476134d7403a811b382ca498)","ML-KEM-768","encapsulation",34,471456,1245184,True,""
"7fb79433-f5ba-4035-9279-33fdfda348b4","c9fe6669-7fa7-4706-a0b8-f12d88c15fd3","2026-08-12T22:27:52Z","riscv64_qemu_linux","EMULATED","riscv64","riscv64",2,3906,"Linux 6.17.0-14-generic","C compiler","unknown","-O3 (RISC-V Linux guest)","mlkem-native","v1.2.0 (0ba906cb14b1c241476134d7403a811b382ca498)","ML-KEM-768","decapsulation",34,546949,1245184,True,""
"7fb79433-f5ba-4035-9279-33fdfda348b4","c9fe6669-7fa7-4706-a0b8-f12d88c15fd3","2026-08-12T22:27:52Z","riscv64_qemu_linux","EMULATED","riscv64","riscv64",2,3906,"Linux 6.17.0-14-generic","C compiler","unknown","-O3 (RISC-V Linux guest)","mlkem-native","v1.2.0 (0ba906cb14b1c241476134d7403a811b382ca498)","ML-KEM-768","keygen",35,641040,1245184,True,""
"7fb79433-f5ba-4035-9279-33fdfda348b4","c9fe6669-7fa7-4706-a0b8-f12d88c15fd3","2026-08-12T22:27:52Z","riscv64_qemu_linux","EMULATED","riscv64","riscv64",2,3906,"Linux 6.17.0-14-generic","C compiler","unknown","-O3 (RISC-V Linux guest)","mlkem-native","v1.2.0 (0ba906cb14b1c241476134d7403a811b382ca498)","ML-KEM-768","encapsulation",35,470356,1245184,True,""
"7fb79433-f5ba-4035-9279-33fdfda348b4","c9fe6669-7fa7-4706-a0b8-f12d88c15fd3","2026-08-12T22:27:52Z","riscv64_qemu_linux","EMULATED","riscv64","riscv64",2,3906,"Linux 6.17.0-14-generic","C compiler","unknown","-O3 (RISC-V Linux guest)","mlkem-native","v1.2.0 (0ba906cb14b1c241476134d7403a811b382ca498)","ML-KEM-768","decapsulation",35,588145,1245184,True,""
"7fb79433-f5ba-4035-9279-33fdfda348b4","c9fe6669-7fa7-4706-a0b8-f12d88c15fd3","2026-08-12T22:27:52Z","riscv64_qemu_linux","EMULATED","riscv64","riscv64",2,3906,"Linux 6.17.0-14-generic","C compiler","unknown","-O3 (RISC-V Linux guest)","mlkem-native","v1.2.0 (0ba906cb14b1c241476134d7403a811b382ca498)","ML-KEM-768","keygen",36,500853,1245184,True,""
"7fb79433-f5ba-4035-9279-33fdfda348b4","c9fe6669-7fa7-4706-a0b8-f12d88c15fd3","2026-08-12T22:27:52Z","riscv64_qemu_linux","EMULATED","riscv64","riscv64",2,3906,"Linux 6.17.0-14-generic","C compiler","unknown","-O3 (RISC-V Linux guest)","mlkem-native","v1.2.0 (0ba906cb14b1c241476134d7403a811b382ca498)","ML-KEM-768","encapsulation",36,463657,1245184,True,""
"7fb79433-f5ba-4035-9279-33fdfda348b4","c9fe6669-7fa7-4706-a0b8-f12d88c15fd3","2026-08-12T22:27:52Z","riscv64_qemu_linux","EMULATED","riscv64","riscv64",2,3906,"Linux 6.17.0-14-generic","C compiler","unknown","-O3 (RISC-V Linux guest)","mlkem-native","v1.2.0 (0ba906cb14b1c241476134d7403a811b382ca498)","ML-KEM-768","decapsulation",36,543450,1245184,True,""
"7fb79433-f5ba-4035-9279-33fdfda348b4","c9fe6669-7fa7-4706-a0b8-f12d88c15fd3","2026-08-12T22:27:52Z","riscv64_qemu_linux","EMULATED","riscv64","riscv64",2,3906,"Linux 6.17.0-14-generic","C compiler","unknown","-O3 (RISC-V Linux guest)","mlkem-native","v1.2.0 (0ba906cb14b1c241476134d7403a811b382ca498)","ML-KEM-768","keygen",37,435759,1245184,True,""
"7fb79433-f5ba-4035-9279-33fdfda348b4","c9fe6669-7fa7-4706-a0b8-f12d88c15fd3","2026-08-12T22:27:52Z","riscv64_qemu_linux","EMULATED","riscv64","riscv64",2,3906,"Linux 6.17.0-14-generic","C compiler","unknown","-O3 (RISC-V Linux guest)","mlkem-native","v1.2.0 (0ba906cb14b1c241476134d7403a811b382ca498)","ML-KEM-768","encapsulation",37,499253,1245184,True,""
"7fb79433-f5ba-4035-9279-33fdfda348b4","c9fe6669-7fa7-4706-a0b8-f12d88c15fd3","2026-08-12T22:27:52Z","riscv64_qemu_linux","EMULATED","riscv64","riscv64",2,3906,"Linux 6.17.0-14-generic","C compiler","unknown","-O3 (RISC-V Linux guest)","mlkem-native","v1.2.0 (0ba906cb14b1c241476134d7403a811b382ca498)","ML-KEM-768","decapsulation",37,550849,1245184,True,""
"7fb79433-f5ba-4035-9279-33fdfda348b4","c9fe6669-7fa7-4706-a0b8-f12d88c15fd3","2026-08-12T22:27:52Z","riscv64_qemu_linux","EMULATED","riscv64","riscv64",2,3906,"Linux 6.17.0-14-generic","C compiler","unknown","-O3 (RISC-V Linux guest)","mlkem-native","v1.2.0 (0ba906cb14b1c241476134d7403a811b382ca498)","ML-KEM-768","keygen",38,461757,1245184,True,""
"7fb79433-f5ba-4035-9279-33fdfda348b4","c9fe6669-7fa7-4706-a0b8-f12d88c15fd3","2026-08-12T22:27:52Z","riscv64_qemu_linux","EMULATED","riscv64","riscv64",2,3906,"Linux 6.17.0-14-generic","C compiler","unknown","-O3 (RISC-V Linux guest)","mlkem-native","v1.2.0 (0ba906cb14b1c241476134d7403a811b382ca498)","ML-KEM-768","encapsulation",38,499754,1245184,True,""
"7fb79433-f5ba-4035-9279-33fdfda348b4","c9fe6669-7fa7-4706-a0b8-f12d88c15fd3","2026-08-12T22:27:52Z","riscv64_qemu_linux","EMULATED","riscv64","riscv64",2,3906,"Linux 6.17.0-14-generic","C compiler","unknown","-O3 (RISC-V Linux guest)","mlkem-native","v1.2.0 (0ba906cb14b1c241476134d7403a811b382ca498)","ML-KEM-768","decapsulation",38,773128,1245184,True,""
"7fb79433-f5ba-4035-9279-33fdfda348b4","c9fe6669-7fa7-4706-a0b8-f12d88c15fd3","2026-08-12T22:27:52Z","riscv64_qemu_linux","EMULATED","riscv64","riscv64",2,3906,"Linux 6.17.0-14-generic","C compiler","unknown","-O3 (RISC-V Linux guest)","mlkem-native","v1.2.0 (0ba906cb14b1c241476134d7403a811b382ca498)","ML-KEM-768","keygen",39,534950,1245184,True,""
"7fb79433-f5ba-4035-9279-33fdfda348b4","c9fe6669-7fa7-4706-a0b8-f12d88c15fd3","2026-08-12T22:27:52Z","riscv64_qemu_linux","EMULATED","riscv64","riscv64",2,3906,"Linux 6.17.0-14-generic","C compiler","unknown","-O3 (RISC-V Linux guest)","mlkem-native","v1.2.0 (0ba906cb14b1c241476134d7403a811b382ca498)","ML-KEM-768","encapsulation",39,487155,1245184,True,""
"7fb79433-f5ba-4035-9279-33fdfda348b4","c9fe6669-7fa7-4706-a0b8-f12d88c15fd3","2026-08-12T22:27:52Z","riscv64_qemu_linux","EMULATED","riscv64","riscv64",2,3906,"Linux 6.17.0-14-generic","C compiler","unknown","-O3 (RISC-V Linux guest)","mlkem-native","v1.2.0 (0ba906cb14b1c241476134d7403a811b382ca498)","ML-KEM-768","decapsulation",39,545849,1245184,True,""
"7fb79433-f5ba-4035-9279-33fdfda348b4","c9fe6669-7fa7-4706-a0b8-f12d88c15fd3","2026-08-12T22:27:52Z","riscv64_qemu_linux","EMULATED","riscv64","riscv64",2,3906,"Linux 6.17.0-14-generic","C compiler","unknown","-O3 (RISC-V Linux guest)","mlkem-native","v1.2.0 (0ba906cb14b1c241476134d7403a811b382ca498)","ML-KEM-768","keygen",40,838322,1245184,True,""
"7fb79433-f5ba-4035-9279-33fdfda348b4","c9fe6669-7fa7-4706-a0b8-f12d88c15fd3","2026-08-12T22:27:52Z","riscv64_qemu_linux","EMULATED","riscv64","riscv64",2,3906,"Linux 6.17.0-14-generic","C compiler","unknown","-O3 (RISC-V Linux guest)","mlkem-native","v1.2.0 (0ba906cb14b1c241476134d7403a811b382ca498)","ML-KEM-768","encapsulation",40,472156,1245184,True,""
"7fb79433-f5ba-4035-9279-33fdfda348b4","c9fe6669-7fa7-4706-a0b8-f12d88c15fd3","2026-08-12T22:27:52Z","riscv64_qemu_linux","EMULATED","riscv64","riscv64",2,3906,"Linux 6.17.0-14-generic","C compiler","unknown","-O3 (RISC-V Linux guest)","mlkem-native","v1.2.0 (0ba906cb14b1c241476134d7403a811b382ca498)","ML-KEM-768","decapsulation",40,571047,1245184,True,""
"7fb79433-f5ba-4035-9279-33fdfda348b4","c9fe6669-7fa7-4706-a0b8-f12d88c15fd3","2026-08-12T22:27:52Z","riscv64_qemu_linux","EMULATED","riscv64","riscv64",2,3906,"Linux 6.17.0-14-generic","C compiler","unknown","-O3 (RISC-V Linux guest)","mlkem-native","v1.2.0 (0ba906cb14b1c241476134d7403a811b382ca498)","ML-KEM-768","keygen",41,448459,1245184,True,""
"7fb79433-f5ba-4035-9279-33fdfda348b4","c9fe6669-7fa7-4706-a0b8-f12d88c15fd3","2026-08-12T22:27:52Z","riscv64_qemu_linux","EMULATED","riscv64","riscv64",2,3906,"Linux 6.17.0-14-generic","C compiler","unknown","-O3 (RISC-V Linux guest)","mlkem-native","v1.2.0 (0ba906cb14b1c241476134d7403a811b382ca498)","ML-KEM-768","encapsulation",41,696136,1245184,True,""
"7fb79433-f5ba-4035-9279-33fdfda348b4","c9fe6669-7fa7-4706-a0b8-f12d88c15fd3","2026-08-12T22:27:52Z","riscv64_qemu_linux","EMULATED","riscv64","riscv64",2,3906,"Linux 6.17.0-14-generic","C compiler","unknown","-O3 (RISC-V Linux guest)","mlkem-native","v1.2.0 (0ba906cb14b1c241476134d7403a811b382ca498)","ML-KEM-768","decapsulation",41,551749,1245184,True,""
"7fb79433-f5ba-4035-9279-33fdfda348b4","c9fe6669-7fa7-4706-a0b8-f12d88c15fd3","2026-08-12T22:27:52Z","riscv64_qemu_linux","EMULATED","riscv64","riscv64",2,3906,"Linux 6.17.0-14-generic","C compiler","unknown","-O3 (RISC-V Linux guest)","mlkem-native","v1.2.0 (0ba906cb14b1c241476134d7403a811b382ca498)","ML-KEM-768","keygen",42,464157,1245184,True,""
"7fb79433-f5ba-4035-9279-33fdfda348b4","c9fe6669-7fa7-4706-a0b8-f12d88c15fd3","2026-08-12T22:27:52Z","riscv64_qemu_linux","EMULATED","riscv64","riscv64",2,3906,"Linux 6.17.0-14-generic","C compiler","unknown","-O3 (RISC-V Linux guest)","mlkem-native","v1.2.0 (0ba906cb14b1c241476134d7403a811b382ca498)","ML-KEM-768","encapsulation",42,487755,1245184,True,""
"7fb79433-f5ba-4035-9279-33fdfda348b4","c9fe6669-7fa7-4706-a0b8-f12d88c15fd3","2026-08-12T22:27:52Z","riscv64_qemu_linux","EMULATED","riscv64","riscv64",2,3906,"Linux 6.17.0-14-generic","C compiler","unknown","-O3 (RISC-V Linux guest)","mlkem-native","v1.2.0 (0ba906cb14b1c241476134d7403a811b382ca498)","ML-KEM-768","decapsulation",42,768928,1245184,True,""
"7fb79433-f5ba-4035-9279-33fdfda348b4","c9fe6669-7fa7-4706-a0b8-f12d88c15fd3","2026-08-12T22:27:52Z","riscv64_qemu_linux","EMULATED","riscv64","riscv64",2,3906,"Linux 6.17.0-14-generic","C compiler","unknown","-O3 (RISC-V Linux guest)","mlkem-native","v1.2.0 (0ba906cb14b1c241476134d7403a811b382ca498)","ML-KEM-768","keygen",43,453258,1245184,True,""
"7fb79433-f5ba-4035-9279-33fdfda348b4","c9fe6669-7fa7-4706-a0b8-f12d88c15fd3","2026-08-12T22:27:52Z","riscv64_qemu_linux","EMULATED","riscv64","riscv64",2,3906,"Linux 6.17.0-14-generic","C compiler","unknown","-O3 (RISC-V Linux guest)","mlkem-native","v1.2.0 (0ba906cb14b1c241476134d7403a811b382ca498)","ML-KEM-768","encapsulation",43,475756,1245184,True,""
"7fb79433-f5ba-4035-9279-33fdfda348b4","c9fe6669-7fa7-4706-a0b8-f12d88c15fd3","2026-08-12T22:27:52Z","riscv64_qemu_linux","EMULATED","riscv64","riscv64",2,3906,"Linux 6.17.0-14-generic","C compiler","unknown","-O3 (RISC-V Linux guest)","mlkem-native","v1.2.0 (0ba906cb14b1c241476134d7403a811b382ca498)","ML-KEM-768","decapsulation",43,544649,1245184,True,""
"7fb79433-f5ba-4035-9279-33fdfda348b4","c9fe6669-7fa7-4706-a0b8-f12d88c15fd3","2026-08-12T22:27:52Z","riscv64_qemu_linux","EMULATED","riscv64","riscv64",2,3906,"Linux 6.17.0-14-generic","C compiler","unknown","-O3 (RISC-V Linux guest)","mlkem-native","v1.2.0 (0ba906cb14b1c241476134d7403a811b382ca498)","ML-KEM-768","keygen",44,636240,1245184,True,""
"7fb79433-f5ba-4035-9279-33fdfda348b4","c9fe6669-7fa7-4706-a0b8-f12d88c15fd3","2026-08-12T22:27:52Z","riscv64_qemu_linux","EMULATED","riscv64","riscv64",2,3906,"Linux 6.17.0-14-generic","C compiler","unknown","-O3 (RISC-V Linux guest)","mlkem-native","v1.2.0 (0ba906cb14b1c241476134d7403a811b382ca498)","ML-KEM-768","encapsulation",44,464757,1245184,True,""
"7fb79433-f5ba-4035-9279-33fdfda348b4","c9fe6669-7fa7-4706-a0b8-f12d88c15fd3","2026-08-12T22:27:52Z","riscv64_qemu_linux","EMULATED","riscv64","riscv64",2,3906,"Linux 6.17.0-14-generic","C compiler","unknown","-O3 (RISC-V Linux guest)","mlkem-native","v1.2.0 (0ba906cb14b1c241476134d7403a811b382ca498)","ML-KEM-768","decapsulation",44,568348,1245184,True,""
"7fb79433-f5ba-4035-9279-33fdfda348b4","c9fe6669-7fa7-4706-a0b8-f12d88c15fd3","2026-08-12T22:27:52Z","riscv64_qemu_linux","EMULATED","riscv64","riscv64",2,3906,"Linux 6.17.0-14-generic","C compiler","unknown","-O3 (RISC-V Linux guest)","mlkem-native","v1.2.0 (0ba906cb14b1c241476134d7403a811b382ca498)","ML-KEM-768","keygen",45,435160,1245184,True,""
"7fb79433-f5ba-4035-9279-33fdfda348b4","c9fe6669-7fa7-4706-a0b8-f12d88c15fd3","2026-08-12T22:27:52Z","riscv64_qemu_linux","EMULATED","riscv64","riscv64",2,3906,"Linux 6.17.0-14-generic","C compiler","unknown","-O3 (RISC-V Linux guest)","mlkem-native","v1.2.0 (0ba906cb14b1c241476134d7403a811b382ca498)","ML-KEM-768","encapsulation",45,972510,1245184,True,""
"7fb79433-f5ba-4035-9279-33fdfda348b4","c9fe6669-7fa7-4706-a0b8-f12d88c15fd3","2026-08-12T22:27:52Z","riscv64_qemu_linux","EMULATED","riscv64","riscv64",2,3906,"Linux 6.17.0-14-generic","C compiler","unknown","-O3 (RISC-V Linux guest)","mlkem-native","v1.2.0 (0ba906cb14b1c241476134d7403a811b382ca498)","ML-KEM-768","decapsulation",45,558848,1245184,True,""
"7fb79433-f5ba-4035-9279-33fdfda348b4","c9fe6669-7fa7-4706-a0b8-f12d88c15fd3","2026-08-12T22:27:52Z","riscv64_qemu_linux","EMULATED","riscv64","riscv64",2,3906,"Linux 6.17.0-14-generic","C compiler","unknown","-O3 (RISC-V Linux guest)","mlkem-native","v1.2.0 (0ba906cb14b1c241476134d7403a811b382ca498)","ML-KEM-768","keygen",46,513352,1245184,True,""
"7fb79433-f5ba-4035-9279-33fdfda348b4","c9fe6669-7fa7-4706-a0b8-f12d88c15fd3","2026-08-12T22:27:52Z","riscv64_qemu_linux","EMULATED","riscv64","riscv64",2,3906,"Linux 6.17.0-14-generic","C compiler","unknown","-O3 (RISC-V Linux guest)","mlkem-native","v1.2.0 (0ba906cb14b1c241476134d7403a811b382ca498)","ML-KEM-768","encapsulation",46,493854,1245184,True,""
"7fb79433-f5ba-4035-9279-33fdfda348b4","c9fe6669-7fa7-4706-a0b8-f12d88c15fd3","2026-08-12T22:27:52Z","riscv64_qemu_linux","EMULATED","riscv64","riscv64",2,3906,"Linux 6.17.0-14-generic","C compiler","unknown","-O3 (RISC-V Linux guest)","mlkem-native","v1.2.0 (0ba906cb14b1c241476134d7403a811b382ca498)","ML-KEM-768","decapsulation",46,718633,1245184,True,""
"7fb79433-f5ba-4035-9279-33fdfda348b4","c9fe6669-7fa7-4706-a0b8-f12d88c15fd3","2026-08-12T22:27:52Z","riscv64_qemu_linux","EMULATED","riscv64","riscv64",2,3906,"Linux 6.17.0-14-generic","C compiler","unknown","-O3 (RISC-V Linux guest)","mlkem-native","v1.2.0 (0ba906cb14b1c241476134d7403a811b382ca498)","ML-KEM-768","keygen",47,454058,1245184,True,""
"7fb79433-f5ba-4035-9279-33fdfda348b4","c9fe6669-7fa7-4706-a0b8-f12d88c15fd3","2026-08-12T22:27:52Z","riscv64_qemu_linux","EMULATED","riscv64","riscv64",2,3906,"Linux 6.17.0-14-generic","C compiler","unknown","-O3 (RISC-V Linux guest)","mlkem-native","v1.2.0 (0ba906cb14b1c241476134d7403a811b382ca498)","ML-KEM-768","encapsulation",47,466856,1245184,True,""
"7fb79433-f5ba-4035-9279-33fdfda348b4","c9fe6669-7fa7-4706-a0b8-f12d88c15fd3","2026-08-12T22:27:52Z","riscv64_qemu_linux","EMULATED","riscv64","riscv64",2,3906,"Linux 6.17.0-14-generic","C compiler","unknown","-O3 (RISC-V Linux guest)","mlkem-native","v1.2.0 (0ba906cb14b1c241476134d7403a811b382ca498)","ML-KEM-768","decapsulation",47,621343,1245184,True,""
"7fb79433-f5ba-4035-9279-33fdfda348b4","c9fe6669-7fa7-4706-a0b8-f12d88c15fd3","2026-08-12T22:27:52Z","riscv64_qemu_linux","EMULATED","riscv64","riscv64",2,3906,"Linux 6.17.0-14-generic","C compiler","unknown","-O3 (RISC-V Linux guest)","mlkem-native","v1.2.0 (0ba906cb14b1c241476134d7403a811b382ca498)","ML-KEM-768","keygen",48,645240,1245184,True,""
"7fb79433-f5ba-4035-9279-33fdfda348b4","c9fe6669-7fa7-4706-a0b8-f12d88c15fd3","2026-08-12T22:27:52Z","riscv64_qemu_linux","EMULATED","riscv64","riscv64",2,3906,"Linux 6.17.0-14-generic","C compiler","unknown","-O3 (RISC-V Linux guest)","mlkem-native","v1.2.0 (0ba906cb14b1c241476134d7403a811b382ca498)","ML-KEM-768","encapsulation",48,495954,1245184,True,""
"7fb79433-f5ba-4035-9279-33fdfda348b4","c9fe6669-7fa7-4706-a0b8-f12d88c15fd3","2026-08-12T22:27:52Z","riscv64_qemu_linux","EMULATED","riscv64","riscv64",2,3906,"Linux 6.17.0-14-generic","C compiler","unknown","-O3 (RISC-V Linux guest)","mlkem-native","v1.2.0 (0ba906cb14b1c241476134d7403a811b382ca498)","ML-KEM-768","decapsulation",48,588645,1245184,True,""
"7fb79433-f5ba-4035-9279-33fdfda348b4","c9fe6669-7fa7-4706-a0b8-f12d88c15fd3","2026-08-12T22:27:52Z","riscv64_qemu_linux","EMULATED","riscv64","riscv64",2,3906,"Linux 6.17.0-14-generic","C compiler","unknown","-O3 (RISC-V Linux guest)","mlkem-native","v1.2.0 (0ba906cb14b1c241476134d7403a811b382ca498)","ML-KEM-768","keygen",49,448058,1245184,True,""
"7fb79433-f5ba-4035-9279-33fdfda348b4","c9fe6669-7fa7-4706-a0b8-f12d88c15fd3","2026-08-12T22:27:52Z","riscv64_qemu_linux","EMULATED","riscv64","riscv64",2,3906,"Linux 6.17.0-14-generic","C compiler","unknown","-O3 (RISC-V Linux guest)","mlkem-native","v1.2.0 (0ba906cb14b1c241476134d7403a811b382ca498)","ML-KEM-768","encapsulation",49,991407,1245184,True,""
"7fb79433-f5ba-4035-9279-33fdfda348b4","c9fe6669-7fa7-4706-a0b8-f12d88c15fd3","2026-08-12T22:27:52Z","riscv64_qemu_linux","EMULATED","riscv64","riscv64",2,3906,"Linux 6.17.0-14-generic","C compiler","unknown","-O3 (RISC-V Linux guest)","mlkem-native","v1.2.0 (0ba906cb14b1c241476134d7403a811b382ca498)","ML-KEM-768","decapsulation",49,547149,1245184,True,""
"7fb79433-f5ba-4035-9279-33fdfda348b4","c9fe6669-7fa7-4706-a0b8-f12d88c15fd3","2026-08-12T22:27:52Z","riscv64_qemu_linux","EMULATED","riscv64","riscv64",2,3906,"Linux 6.17.0-14-generic","C compiler","unknown","-O3 (RISC-V Linux guest)","mlkem-native","v1.2.0 (0ba906cb14b1c241476134d7403a811b382ca498)","ML-KEM-768","keygen",50,526851,1245184,True,""
"7fb79433-f5ba-4035-9279-33fdfda348b4","c9fe6669-7fa7-4706-a0b8-f12d88c15fd3","2026-08-12T22:27:52Z","riscv64_qemu_linux","EMULATED","riscv64","riscv64",2,3906,"Linux 6.17.0-14-generic","C compiler","unknown","-O3 (RISC-V Linux guest)","mlkem-native","v1.2.0 (0ba906cb14b1c241476134d7403a811b382ca498)","ML-KEM-768","encapsulation",50,629442,1245184,True,""
"7fb79433-f5ba-4035-9279-33fdfda348b4","c9fe6669-7fa7-4706-a0b8-f12d88c15fd3","2026-08-12T22:27:52Z","riscv64_qemu_linux","EMULATED","riscv64","riscv64",2,3906,"Linux 6.17.0-14-generic","C compiler","unknown","-O3 (RISC-V Linux guest)","mlkem-native","v1.2.0 (0ba906cb14b1c241476134d7403a811b382ca498)","ML-KEM-768","decapsulation",50,597644,1245184,True,""
"7fb79433-f5ba-4035-9279-33fdfda348b4","c9fe6669-7fa7-4706-a0b8-f12d88c15fd3","2026-08-12T22:27:52Z","riscv64_qemu_linux","EMULATED","riscv64","riscv64",2,3906,"Linux 6.17.0-14-generic","C compiler","unknown","-O3 (RISC-V Linux guest)","mlkem-native","v1.2.0 (0ba906cb14b1c241476134d7403a811b382ca498)","ML-KEM-768","keygen",51,482155,1245184,True,""
"7fb79433-f5ba-4035-9279-33fdfda348b4","c9fe6669-7fa7-4706-a0b8-f12d88c15fd3","2026-08-12T22:27:52Z","riscv64_qemu_linux","EMULATED","riscv64","riscv64",2,3906,"Linux 6.17.0-14-generic","C compiler","unknown","-O3 (RISC-V Linux guest)","mlkem-native","v1.2.0 (0ba906cb14b1c241476134d7403a811b382ca498)","ML-KEM-768","encapsulation",51,731632,1245184,True,""
"7fb79433-f5ba-4035-9279-33fdfda348b4","c9fe6669-7fa7-4706-a0b8-f12d88c15fd3","2026-08-12T22:27:52Z","riscv64_qemu_linux","EMULATED","riscv64","riscv64",2,3906,"Linux 6.17.0-14-generic","C compiler","unknown","-O3 (RISC-V Linux guest)","mlkem-native","v1.2.0 (0ba906cb14b1c241476134d7403a811b382ca498)","ML-KEM-768","decapsulation",51,556748,1245184,True,""
"7fb79433-f5ba-4035-9279-33fdfda348b4","c9fe6669-7fa7-4706-a0b8-f12d88c15fd3","2026-08-12T22:27:52Z","riscv64_qemu_linux","EMULATED","riscv64","riscv64",2,3906,"Linux 6.17.0-14-generic","C compiler","unknown","-O3 (RISC-V Linux guest)","mlkem-native","v1.2.0 (0ba906cb14b1c241476134d7403a811b382ca498)","ML-KEM-768","keygen",52,444359,1245184,True,""
"7fb79433-f5ba-4035-9279-33fdfda348b4","c9fe6669-7fa7-4706-a0b8-f12d88c15fd3","2026-08-12T22:27:52Z","riscv64_qemu_linux","EMULATED","riscv64","riscv64",2,3906,"Linux 6.17.0-14-generic","C compiler","unknown","-O3 (RISC-V Linux guest)","mlkem-native","v1.2.0 (0ba906cb14b1c241476134d7403a811b382ca498)","ML-KEM-768","encapsulation",52,459758,1245184,True,""
"7fb79433-f5ba-4035-9279-33fdfda348b4","c9fe6669-7fa7-4706-a0b8-f12d88c15fd3","2026-08-12T22:27:52Z","riscv64_qemu_linux","EMULATED","riscv64","riscv64",2,3906,"Linux 6.17.0-14-generic","C compiler","unknown","-O3 (RISC-V Linux guest)","mlkem-native","v1.2.0 (0ba906cb14b1c241476134d7403a811b382ca498)","ML-KEM-768","decapsulation",52,572447,1245184,True,""
"7fb79433-f5ba-4035-9279-33fdfda348b4","c9fe6669-7fa7-4706-a0b8-f12d88c15fd3","2026-08-12T22:27:52Z","riscv64_qemu_linux","EMULATED","riscv64","riscv64",2,3906,"Linux 6.17.0-14-generic","C compiler","unknown","-O3 (RISC-V Linux guest)","mlkem-native","v1.2.0 (0ba906cb14b1c241476134d7403a811b382ca498)","ML-KEM-768","keygen",53,452258,1245184,True,""
"7fb79433-f5ba-4035-9279-33fdfda348b4","c9fe6669-7fa7-4706-a0b8-f12d88c15fd3","2026-08-12T22:27:52Z","riscv64_qemu_linux","EMULATED","riscv64","riscv64",2,3906,"Linux 6.17.0-14-generic","C compiler","unknown","-O3 (RISC-V Linux guest)","mlkem-native","v1.2.0 (0ba906cb14b1c241476134d7403a811b382ca498)","ML-KEM-768","encapsulation",53,481855,1245184,True,""
"7fb79433-f5ba-4035-9279-33fdfda348b4","c9fe6669-7fa7-4706-a0b8-f12d88c15fd3","2026-08-12T22:27:52Z","riscv64_qemu_linux","EMULATED","riscv64","riscv64",2,3906,"Linux 6.17.0-14-generic","C compiler","unknown","-O3 (RISC-V Linux guest)","mlkem-native","v1.2.0 (0ba906cb14b1c241476134d7403a811b382ca498)","ML-KEM-768","decapsulation",53,544549,1245184,True,""
"7fb79433-f5ba-4035-9279-33fdfda348b4","c9fe6669-7fa7-4706-a0b8-f12d88c15fd3","2026-08-12T22:27:52Z","riscv64_qemu_linux","EMULATED","riscv64","riscv64",2,3906,"Linux 6.17.0-14-generic","C compiler","unknown","-O3 (RISC-V Linux guest)","mlkem-native","v1.2.0 (0ba906cb14b1c241476134d7403a811b382ca498)","ML-KEM-768","keygen",54,459557,1245184,True,""
"7fb79433-f5ba-4035-9279-33fdfda348b4","c9fe6669-7fa7-4706-a0b8-f12d88c15fd3","2026-08-12T22:27:52Z","riscv64_qemu_linux","EMULATED","riscv64","riscv64",2,3906,"Linux 6.17.0-14-generic","C compiler","unknown","-O3 (RISC-V Linux guest)","mlkem-native","v1.2.0 (0ba906cb14b1c241476134d7403a811b382ca498)","ML-KEM-768","encapsulation",54,471656,1245184,True,""
"7fb79433-f5ba-4035-9279-33fdfda348b4","c9fe6669-7fa7-4706-a0b8-f12d88c15fd3","2026-08-12T22:27:52Z","riscv64_qemu_linux","EMULATED","riscv64","riscv64",2,3906,"Linux 6.17.0-14-generic","C compiler","unknown","-O3 (RISC-V Linux guest)","mlkem-native","v1.2.0 (0ba906cb14b1c241476134d7403a811b382ca498)","ML-KEM-768","decapsulation",54,577447,1245184,True,""
"7fb79433-f5ba-4035-9279-33fdfda348b4","c9fe6669-7fa7-4706-a0b8-f12d88c15fd3","2026-08-12T22:27:52Z","riscv64_qemu_linux","EMULATED","riscv64","riscv64",2,3906,"Linux 6.17.0-14-generic","C compiler","unknown","-O3 (RISC-V Linux guest)","mlkem-native","v1.2.0 (0ba906cb14b1c241476134d7403a811b382ca498)","ML-KEM-768","keygen",55,460457,1245184,True,""
"7fb79433-f5ba-4035-9279-33fdfda348b4","c9fe6669-7fa7-4706-a0b8-f12d88c15fd3","2026-08-12T22:27:52Z","riscv64_qemu_linux","EMULATED","riscv64","riscv64",2,3906,"Linux 6.17.0-14-generic","C compiler","unknown","-O3 (RISC-V Linux guest)","mlkem-native","v1.2.0 (0ba906cb14b1c241476134d7403a811b382ca498)","ML-KEM-768","encapsulation",55,700035,1245184,True,""
"7fb79433-f5ba-4035-9279-33fdfda348b4","c9fe6669-7fa7-4706-a0b8-f12d88c15fd3","2026-08-12T22:27:52Z","riscv64_qemu_linux","EMULATED","riscv64","riscv64",2,3906,"Linux 6.17.0-14-generic","C compiler","unknown","-O3 (RISC-V Linux guest)","mlkem-native","v1.2.0 (0ba906cb14b1c241476134d7403a811b382ca498)","ML-KEM-768","decapsulation",55,549949,1245184,True,""
"7fb79433-f5ba-4035-9279-33fdfda348b4","c9fe6669-7fa7-4706-a0b8-f12d88c15fd3","2026-08-12T22:27:52Z","riscv64_qemu_linux","EMULATED","riscv64","riscv64",2,3906,"Linux 6.17.0-14-generic","C compiler","unknown","-O3 (RISC-V Linux guest)","mlkem-native","v1.2.0 (0ba906cb14b1c241476134d7403a811b382ca498)","ML-KEM-768","keygen",56,456458,1245184,True,""
"7fb79433-f5ba-4035-9279-33fdfda348b4","c9fe6669-7fa7-4706-a0b8-f12d88c15fd3","2026-08-12T22:27:52Z","riscv64_qemu_linux","EMULATED","riscv64","riscv64",2,3906,"Linux 6.17.0-14-generic","C compiler","unknown","-O3 (RISC-V Linux guest)","mlkem-native","v1.2.0 (0ba906cb14b1c241476134d7403a811b382ca498)","ML-KEM-768","encapsulation",56,455258,1245184,True,""
"7fb79433-f5ba-4035-9279-33fdfda348b4","c9fe6669-7fa7-4706-a0b8-f12d88c15fd3","2026-08-12T22:27:52Z","riscv64_qemu_linux","EMULATED","riscv64","riscv64",2,3906,"Linux 6.17.0-14-generic","C compiler","unknown","-O3 (RISC-V Linux guest)","mlkem-native","v1.2.0 (0ba906cb14b1c241476134d7403a811b382ca498)","ML-KEM-768","decapsulation",56,582146,1245184,True,""
"7fb79433-f5ba-4035-9279-33fdfda348b4","c9fe6669-7fa7-4706-a0b8-f12d88c15fd3","2026-08-12T22:27:52Z","riscv64_qemu_linux","EMULATED","riscv64","riscv64",2,3906,"Linux 6.17.0-14-generic","C compiler","unknown","-O3 (RISC-V Linux guest)","mlkem-native","v1.2.0 (0ba906cb14b1c241476134d7403a811b382ca498)","ML-KEM-768","keygen",57,446658,1245184,True,""
"7fb79433-f5ba-4035-9279-33fdfda348b4","c9fe6669-7fa7-4706-a0b8-f12d88c15fd3","2026-08-12T22:27:52Z","riscv64_qemu_linux","EMULATED","riscv64","riscv64",2,3906,"Linux 6.17.0-14-generic","C compiler","unknown","-O3 (RISC-V Linux guest)","mlkem-native","v1.2.0 (0ba906cb14b1c241476134d7403a811b382ca498)","ML-KEM-768","encapsulation",57,481456,1245184,True,""
"7fb79433-f5ba-4035-9279-33fdfda348b4","c9fe6669-7fa7-4706-a0b8-f12d88c15fd3","2026-08-12T22:27:52Z","riscv64_qemu_linux","EMULATED","riscv64","riscv64",2,3906,"Linux 6.17.0-14-generic","C compiler","unknown","-O3 (RISC-V Linux guest)","mlkem-native","v1.2.0 (0ba906cb14b1c241476134d7403a811b382ca498)","ML-KEM-768","decapsulation",57,558548,1245184,True,""
"7fb79433-f5ba-4035-9279-33fdfda348b4","c9fe6669-7fa7-4706-a0b8-f12d88c15fd3","2026-08-12T22:27:52Z","riscv64_qemu_linux","EMULATED","riscv64","riscv64",2,3906,"Linux 6.17.0-14-generic","C compiler","unknown","-O3 (RISC-V Linux guest)","mlkem-native","v1.2.0 (0ba906cb14b1c241476134d7403a811b382ca498)","ML-KEM-768","keygen",58,477256,1245184,True,""
"7fb79433-f5ba-4035-9279-33fdfda348b4","c9fe6669-7fa7-4706-a0b8-f12d88c15fd3","2026-08-12T22:27:52Z","riscv64_qemu_linux","EMULATED","riscv64","riscv64",2,3906,"Linux 6.17.0-14-generic","C compiler","unknown","-O3 (RISC-V Linux guest)","mlkem-native","v1.2.0 (0ba906cb14b1c241476134d7403a811b382ca498)","ML-KEM-768","encapsulation",58,472956,1245184,True,""
"7fb79433-f5ba-4035-9279-33fdfda348b4","c9fe6669-7fa7-4706-a0b8-f12d88c15fd3","2026-08-12T22:27:52Z","riscv64_qemu_linux","EMULATED","riscv64","riscv64",2,3906,"Linux 6.17.0-14-generic","C compiler","unknown","-O3 (RISC-V Linux guest)","mlkem-native","v1.2.0 (0ba906cb14b1c241476134d7403a811b382ca498)","ML-KEM-768","decapsulation",58,579646,1245184,True,""
"7fb79433-f5ba-4035-9279-33fdfda348b4","c9fe6669-7fa7-4706-a0b8-f12d88c15fd3","2026-08-12T22:27:52Z","riscv64_qemu_linux","EMULATED","riscv64","riscv64",2,3906,"Linux 6.17.0-14-generic","C compiler","unknown","-O3 (RISC-V Linux guest)","mlkem-native","v1.2.0 (0ba906cb14b1c241476134d7403a811b382ca498)","ML-KEM-768","keygen",59,445458,1245184,True,""
"7fb79433-f5ba-4035-9279-33fdfda348b4","c9fe6669-7fa7-4706-a0b8-f12d88c15fd3","2026-08-12T22:27:52Z","riscv64_qemu_linux","EMULATED","riscv64","riscv64",2,3906,"Linux 6.17.0-14-generic","C compiler","unknown","-O3 (RISC-V Linux guest)","mlkem-native","v1.2.0 (0ba906cb14b1c241476134d7403a811b382ca498)","ML-KEM-768","encapsulation",59,505153,1245184,True,""
"7fb79433-f5ba-4035-9279-33fdfda348b4","c9fe6669-7fa7-4706-a0b8-f12d88c15fd3","2026-08-12T22:27:52Z","riscv64_qemu_linux","EMULATED","riscv64","riscv64",2,3906,"Linux 6.17.0-14-generic","C compiler","unknown","-O3 (RISC-V Linux guest)","mlkem-native","v1.2.0 (0ba906cb14b1c241476134d7403a811b382ca498)","ML-KEM-768","decapsulation",59,557349,1245184,True,""
"7fb79433-f5ba-4035-9279-33fdfda348b4","c9fe6669-7fa7-4706-a0b8-f12d88c15fd3","2026-08-12T22:27:52Z","riscv64_qemu_linux","EMULATED","riscv64","riscv64",2,3906,"Linux 6.17.0-14-generic","C compiler","unknown","-O3 (RISC-V Linux guest)","mlkem-native","v1.2.0 (0ba906cb14b1c241476134d7403a811b382ca498)","ML-KEM-768","keygen",60,443859,1245184,True,""
"7fb79433-f5ba-4035-9279-33fdfda348b4","c9fe6669-7fa7-4706-a0b8-f12d88c15fd3","2026-08-12T22:27:52Z","riscv64_qemu_linux","EMULATED","riscv64","riscv64",2,3906,"Linux 6.17.0-14-generic","C compiler","unknown","-O3 (RISC-V Linux guest)","mlkem-native","v1.2.0 (0ba906cb14b1c241476134d7403a811b382ca498)","ML-KEM-768","encapsulation",60,487055,1245184,True,""
"7fb79433-f5ba-4035-9279-33fdfda348b4","c9fe6669-7fa7-4706-a0b8-f12d88c15fd3","2026-08-12T22:27:52Z","riscv64_qemu_linux","EMULATED","riscv64","riscv64",2,3906,"Linux 6.17.0-14-generic","C compiler","unknown","-O3 (RISC-V Linux guest)","mlkem-native","v1.2.0 (0ba906cb14b1c241476134d7403a811b382ca498)","ML-KEM-768","decapsulation",60,613643,1245184,True,""
"7fb79433-f5ba-4035-9279-33fdfda348b4","c9fe6669-7fa7-4706-a0b8-f12d88c15fd3","2026-08-12T22:27:52Z","riscv64_qemu_linux","EMULATED","riscv64","riscv64",2,3906,"Linux 6.17.0-14-generic","C compiler","unknown","-O3 (RISC-V Linux guest)","mlkem-native","v1.2.0 (0ba906cb14b1c241476134d7403a811b382ca498)","ML-KEM-768","keygen",61,623842,1245184,True,""
"7fb79433-f5ba-4035-9279-33fdfda348b4","c9fe6669-7fa7-4706-a0b8-f12d88c15fd3","2026-08-12T22:27:52Z","riscv64_qemu_linux","EMULATED","riscv64","riscv64",2,3906,"Linux 6.17.0-14-generic","C compiler","unknown","-O3 (RISC-V Linux guest)","mlkem-native","v1.2.0 (0ba906cb14b1c241476134d7403a811b382ca498)","ML-KEM-768","encapsulation",61,461357,1245184,True,""
"7fb79433-f5ba-4035-9279-33fdfda348b4","c9fe6669-7fa7-4706-a0b8-f12d88c15fd3","2026-08-12T22:27:52Z","riscv64_qemu_linux","EMULATED","riscv64","riscv64",2,3906,"Linux 6.17.0-14-generic","C compiler","unknown","-O3 (RISC-V Linux guest)","mlkem-native","v1.2.0 (0ba906cb14b1c241476134d7403a811b382ca498)","ML-KEM-768","decapsulation",61,569847,1245184,True,""
"7fb79433-f5ba-4035-9279-33fdfda348b4","c9fe6669-7fa7-4706-a0b8-f12d88c15fd3","2026-08-12T22:27:52Z","riscv64_qemu_linux","EMULATED","riscv64","riscv64",2,3906,"Linux 6.17.0-14-generic","C compiler","unknown","-O3 (RISC-V Linux guest)","mlkem-native","v1.2.0 (0ba906cb14b1c241476134d7403a811b382ca498)","ML-KEM-768","keygen",62,454558,1245184,True,""
"7fb79433-f5ba-4035-9279-33fdfda348b4","c9fe6669-7fa7-4706-a0b8-f12d88c15fd3","2026-08-12T22:27:52Z","riscv64_qemu_linux","EMULATED","riscv64","riscv64",2,3906,"Linux 6.17.0-14-generic","C compiler","unknown","-O3 (RISC-V Linux guest)","mlkem-native","v1.2.0 (0ba906cb14b1c241476134d7403a811b382ca498)","ML-KEM-768","encapsulation",62,476255,1245184,True,""
"7fb79433-f5ba-4035-9279-33fdfda348b4","c9fe6669-7fa7-4706-a0b8-f12d88c15fd3","2026-08-12T22:27:52Z","riscv64_qemu_linux","EMULATED","riscv64","riscv64",2,3906,"Linux 6.17.0-14-generic","C compiler","unknown","-O3 (RISC-V Linux guest)","mlkem-native","v1.2.0 (0ba906cb14b1c241476134d7403a811b382ca498)","ML-KEM-768","decapsulation",62,545749,1245184,True,""
"7fb79433-f5ba-4035-9279-33fdfda348b4","c9fe6669-7fa7-4706-a0b8-f12d88c15fd3","2026-08-12T22:27:52Z","riscv64_qemu_linux","EMULATED","riscv64","riscv64",2,3906,"Linux 6.17.0-14-generic","C compiler","unknown","-O3 (RISC-V Linux guest)","mlkem-native","v1.2.0 (0ba906cb14b1c241476134d7403a811b382ca498)","ML-KEM-768","keygen",63,457157,1245184,True,""
"7fb79433-f5ba-4035-9279-33fdfda348b4","c9fe6669-7fa7-4706-a0b8-f12d88c15fd3","2026-08-12T22:27:52Z","riscv64_qemu_linux","EMULATED","riscv64","riscv64",2,3906,"Linux 6.17.0-14-generic","C compiler","unknown","-O3 (RISC-V Linux guest)","mlkem-native","v1.2.0 (0ba906cb14b1c241476134d7403a811b382ca498)","ML-KEM-768","encapsulation",63,512852,1245184,True,""
"7fb79433-f5ba-4035-9279-33fdfda348b4","c9fe6669-7fa7-4706-a0b8-f12d88c15fd3","2026-08-12T22:27:52Z","riscv64_qemu_linux","EMULATED","riscv64","riscv64",2,3906,"Linux 6.17.0-14-generic","C compiler","unknown","-O3 (RISC-V Linux guest)","mlkem-native","v1.2.0 (0ba906cb14b1c241476134d7403a811b382ca498)","ML-KEM-768","decapsulation",63,792726,1245184,True,""
"7fb79433-f5ba-4035-9279-33fdfda348b4","c9fe6669-7fa7-4706-a0b8-f12d88c15fd3","2026-08-12T22:27:52Z","riscv64_qemu_linux","EMULATED","riscv64","riscv64",2,3906,"Linux 6.17.0-14-generic","C compiler","unknown","-O3 (RISC-V Linux guest)","mlkem-native","v1.2.0 (0ba906cb14b1c241476134d7403a811b382ca498)","ML-KEM-768","keygen",64,447358,1245184,True,""
"7fb79433-f5ba-4035-9279-33fdfda348b4","c9fe6669-7fa7-4706-a0b8-f12d88c15fd3","2026-08-12T22:27:52Z","riscv64_qemu_linux","EMULATED","riscv64","riscv64",2,3906,"Linux 6.17.0-14-generic","C compiler","unknown","-O3 (RISC-V Linux guest)","mlkem-native","v1.2.0 (0ba906cb14b1c241476134d7403a811b382ca498)","ML-KEM-768","encapsulation",64,548749,1245184,True,""
"7fb79433-f5ba-4035-9279-33fdfda348b4","c9fe6669-7fa7-4706-a0b8-f12d88c15fd3","2026-08-12T22:27:52Z","riscv64_qemu_linux","EMULATED","riscv64","riscv64",2,3906,"Linux 6.17.0-14-generic","C compiler","unknown","-O3 (RISC-V Linux guest)","mlkem-native","v1.2.0 (0ba906cb14b1c241476134d7403a811b382ca498)","ML-KEM-768","decapsulation",64,698235,1245184,True,""
"7fb79433-f5ba-4035-9279-33fdfda348b4","c9fe6669-7fa7-4706-a0b8-f12d88c15fd3","2026-08-12T22:27:52Z","riscv64_qemu_linux","EMULATED","riscv64","riscv64",2,3906,"Linux 6.17.0-14-generic","C compiler","unknown","-O3 (RISC-V Linux guest)","mlkem-native","v1.2.0 (0ba906cb14b1c241476134d7403a811b382ca498)","ML-KEM-768","keygen",65,638641,1245184,True,""
"7fb79433-f5ba-4035-9279-33fdfda348b4","c9fe6669-7fa7-4706-a0b8-f12d88c15fd3","2026-08-12T22:27:52Z","riscv64_qemu_linux","EMULATED","riscv64","riscv64",2,3906,"Linux 6.17.0-14-generic","C compiler","unknown","-O3 (RISC-V Linux guest)","mlkem-native","v1.2.0 (0ba906cb14b1c241476134d7403a811b382ca498)","ML-KEM-768","encapsulation",65,472256,1245184,True,""
"7fb79433-f5ba-4035-9279-33fdfda348b4","c9fe6669-7fa7-4706-a0b8-f12d88c15fd3","2026-08-12T22:27:52Z","riscv64_qemu_linux","EMULATED","riscv64","riscv64",2,3906,"Linux 6.17.0-14-generic","C compiler","unknown","-O3 (RISC-V Linux guest)","mlkem-native","v1.2.0 (0ba906cb14b1c241476134d7403a811b382ca498)","ML-KEM-768","decapsulation",65,721933,1245184,True,""
"7fb79433-f5ba-4035-9279-33fdfda348b4","c9fe6669-7fa7-4706-a0b8-f12d88c15fd3","2026-08-12T22:27:52Z","riscv64_qemu_linux","EMULATED","riscv64","riscv64",2,3906,"Linux 6.17.0-14-generic","C compiler","unknown","-O3 (RISC-V Linux guest)","mlkem-native","v1.2.0 (0ba906cb14b1c241476134d7403a811b382ca498)","ML-KEM-768","keygen",66,527651,1245184,True,""
"7fb79433-f5ba-4035-9279-33fdfda348b4","c9fe6669-7fa7-4706-a0b8-f12d88c15fd3","2026-08-12T22:27:52Z","riscv64_qemu_linux","EMULATED","riscv64","riscv64",2,3906,"Linux 6.17.0-14-generic","C compiler","unknown","-O3 (RISC-V Linux guest)","mlkem-native","v1.2.0 (0ba906cb14b1c241476134d7403a811b382ca498)","ML-KEM-768","encapsulation",66,512252,1245184,True,""
"7fb79433-f5ba-4035-9279-33fdfda348b4","c9fe6669-7fa7-4706-a0b8-f12d88c15fd3","2026-08-12T22:27:52Z","riscv64_qemu_linux","EMULATED","riscv64","riscv64",2,3906,"Linux 6.17.0-14-generic","C compiler","unknown","-O3 (RISC-V Linux guest)","mlkem-native","v1.2.0 (0ba906cb14b1c241476134d7403a811b382ca498)","ML-KEM-768","decapsulation",66,596844,1245184,True,""
"7fb79433-f5ba-4035-9279-33fdfda348b4","c9fe6669-7fa7-4706-a0b8-f12d88c15fd3","2026-08-12T22:27:52Z","riscv64_qemu_linux","EMULATED","riscv64","riscv64",2,3906,"Linux 6.17.0-14-generic","C compiler","unknown","-O3 (RISC-V Linux guest)","mlkem-native","v1.2.0 (0ba906cb14b1c241476134d7403a811b382ca498)","ML-KEM-768","keygen",67,474056,1245184,True,""
"7fb79433-f5ba-4035-9279-33fdfda348b4","c9fe6669-7fa7-4706-a0b8-f12d88c15fd3","2026-08-12T22:27:52Z","riscv64_qemu_linux","EMULATED","riscv64","riscv64",2,3906,"Linux 6.17.0-14-generic","C compiler","unknown","-O3 (RISC-V Linux guest)","mlkem-native","v1.2.0 (0ba906cb14b1c241476134d7403a811b382ca498)","ML-KEM-768","encapsulation",67,479055,1245184,True,""
"7fb79433-f5ba-4035-9279-33fdfda348b4","c9fe6669-7fa7-4706-a0b8-f12d88c15fd3","2026-08-12T22:27:52Z","riscv64_qemu_linux","EMULATED","riscv64","riscv64",2,3906,"Linux 6.17.0-14-generic","C compiler","unknown","-O3 (RISC-V Linux guest)","mlkem-native","v1.2.0 (0ba906cb14b1c241476134d7403a811b382ca498)","ML-KEM-768","decapsulation",67,555148,1245184,True,""
"7fb79433-f5ba-4035-9279-33fdfda348b4","c9fe6669-7fa7-4706-a0b8-f12d88c15fd3","2026-08-12T22:27:52Z","riscv64_qemu_linux","EMULATED","riscv64","riscv64",2,3906,"Linux 6.17.0-14-generic","C compiler","unknown","-O3 (RISC-V Linux guest)","mlkem-native","v1.2.0 (0ba906cb14b1c241476134d7403a811b382ca498)","ML-KEM-768","keygen",68,467457,1245184,True,""
"7fb79433-f5ba-4035-9279-33fdfda348b4","c9fe6669-7fa7-4706-a0b8-f12d88c15fd3","2026-08-12T22:27:52Z","riscv64_qemu_linux","EMULATED","riscv64","riscv64",2,3906,"Linux 6.17.0-14-generic","C compiler","unknown","-O3 (RISC-V Linux guest)","mlkem-native","v1.2.0 (0ba906cb14b1c241476134d7403a811b382ca498)","ML-KEM-768","encapsulation",68,496254,1245184,True,""
"7fb79433-f5ba-4035-9279-33fdfda348b4","c9fe6669-7fa7-4706-a0b8-f12d88c15fd3","2026-08-12T22:27:52Z","riscv64_qemu_linux","EMULATED","riscv64","riscv64",2,3906,"Linux 6.17.0-14-generic","C compiler","unknown","-O3 (RISC-V Linux guest)","mlkem-native","v1.2.0 (0ba906cb14b1c241476134d7403a811b382ca498)","ML-KEM-768","decapsulation",68,744530,1245184,True,""
"7fb79433-f5ba-4035-9279-33fdfda348b4","c9fe6669-7fa7-4706-a0b8-f12d88c15fd3","2026-08-12T22:27:52Z","riscv64_qemu_linux","EMULATED","riscv64","riscv64",2,3906,"Linux 6.17.0-14-generic","C compiler","unknown","-O3 (RISC-V Linux guest)","mlkem-native","v1.2.0 (0ba906cb14b1c241476134d7403a811b382ca498)","ML-KEM-768","keygen",69,474656,1245184,True,""
"7fb79433-f5ba-4035-9279-33fdfda348b4","c9fe6669-7fa7-4706-a0b8-f12d88c15fd3","2026-08-12T22:27:52Z","riscv64_qemu_linux","EMULATED","riscv64","riscv64",2,3906,"Linux 6.17.0-14-generic","C compiler","unknown","-O3 (RISC-V Linux guest)","mlkem-native","v1.2.0 (0ba906cb14b1c241476134d7403a811b382ca498)","ML-KEM-768","encapsulation",69,514952,1245184,True,""
"7fb79433-f5ba-4035-9279-33fdfda348b4","c9fe6669-7fa7-4706-a0b8-f12d88c15fd3","2026-08-12T22:27:52Z","riscv64_qemu_linux","EMULATED","riscv64","riscv64",2,3906,"Linux 6.17.0-14-generic","C compiler","unknown","-O3 (RISC-V Linux guest)","mlkem-native","v1.2.0 (0ba906cb14b1c241476134d7403a811b382ca498)","ML-KEM-768","decapsulation",69,573447,1245184,True,""
"7fb79433-f5ba-4035-9279-33fdfda348b4","c9fe6669-7fa7-4706-a0b8-f12d88c15fd3","2026-08-12T22:27:52Z","riscv64_qemu_linux","EMULATED","riscv64","riscv64",2,3906,"Linux 6.17.0-14-generic","C compiler","unknown","-O3 (RISC-V Linux guest)","mlkem-native","v1.2.0 (0ba906cb14b1c241476134d7403a811b382ca498)","ML-KEM-768","keygen",70,508853,1245184,True,""
"7fb79433-f5ba-4035-9279-33fdfda348b4","c9fe6669-7fa7-4706-a0b8-f12d88c15fd3","2026-08-12T22:27:52Z","riscv64_qemu_linux","EMULATED","riscv64","riscv64",2,3906,"Linux 6.17.0-14-generic","C compiler","unknown","-O3 (RISC-V Linux guest)","mlkem-native","v1.2.0 (0ba906cb14b1c241476134d7403a811b382ca498)","ML-KEM-768","encapsulation",70,479156,1245184,True,""
"7fb79433-f5ba-4035-9279-33fdfda348b4","c9fe6669-7fa7-4706-a0b8-f12d88c15fd3","2026-08-12T22:27:52Z","riscv64_qemu_linux","EMULATED","riscv64","riscv64",2,3906,"Linux 6.17.0-14-generic","C compiler","unknown","-O3 (RISC-V Linux guest)","mlkem-native","v1.2.0 (0ba906cb14b1c241476134d7403a811b382ca498)","ML-KEM-768","decapsulation",70,597345,1245184,True,""
"7fb79433-f5ba-4035-9279-33fdfda348b4","c9fe6669-7fa7-4706-a0b8-f12d88c15fd3","2026-08-12T22:27:52Z","riscv64_qemu_linux","EMULATED","riscv64","riscv64",2,3906,"Linux 6.17.0-14-generic","C compiler","unknown","-O3 (RISC-V Linux guest)","mlkem-native","v1.2.0 (0ba906cb14b1c241476134d7403a811b382ca498)","ML-KEM-768","keygen",71,531751,1245184,True,""
"7fb79433-f5ba-4035-9279-33fdfda348b4","c9fe6669-7fa7-4706-a0b8-f12d88c15fd3","2026-08-12T22:27:52Z","riscv64_qemu_linux","EMULATED","riscv64","riscv64",2,3906,"Linux 6.17.0-14-generic","C compiler","unknown","-O3 (RISC-V Linux guest)","mlkem-native","v1.2.0 (0ba906cb14b1c241476134d7403a811b382ca498)","ML-KEM-768","encapsulation",71,480855,1245184,True,""
"7fb79433-f5ba-4035-9279-33fdfda348b4","c9fe6669-7fa7-4706-a0b8-f12d88c15fd3","2026-08-12T22:27:52Z","riscv64_qemu_linux","EMULATED","riscv64","riscv64",2,3906,"Linux 6.17.0-14-generic","C compiler","unknown","-O3 (RISC-V Linux guest)","mlkem-native","v1.2.0 (0ba906cb14b1c241476134d7403a811b382ca498)","ML-KEM-768","decapsulation",71,568347,1245184,True,""
"7fb79433-f5ba-4035-9279-33fdfda348b4","c9fe6669-7fa7-4706-a0b8-f12d88c15fd3","2026-08-12T22:27:52Z","riscv64_qemu_linux","EMULATED","riscv64","riscv64",2,3906,"Linux 6.17.0-14-generic","C compiler","unknown","-O3 (RISC-V Linux guest)","mlkem-native","v1.2.0 (0ba906cb14b1c241476134d7403a811b382ca498)","ML-KEM-768","keygen",72,531150,1245184,True,""
"7fb79433-f5ba-4035-9279-33fdfda348b4","c9fe6669-7fa7-4706-a0b8-f12d88c15fd3","2026-08-12T22:27:52Z","riscv64_qemu_linux","EMULATED","riscv64","riscv64",2,3906,"Linux 6.17.0-14-generic","C compiler","unknown","-O3 (RISC-V Linux guest)","mlkem-native","v1.2.0 (0ba906cb14b1c241476134d7403a811b382ca498)","ML-KEM-768","encapsulation",72,551149,1245184,True,""
"7fb79433-f5ba-4035-9279-33fdfda348b4","c9fe6669-7fa7-4706-a0b8-f12d88c15fd3","2026-08-12T22:27:52Z","riscv64_qemu_linux","EMULATED","riscv64","riscv64",2,3906,"Linux 6.17.0-14-generic","C compiler","unknown","-O3 (RISC-V Linux guest)","mlkem-native","v1.2.0 (0ba906cb14b1c241476134d7403a811b382ca498)","ML-KEM-768","decapsulation",72,548849,1245184,True,""
"7fb79433-f5ba-4035-9279-33fdfda348b4","c9fe6669-7fa7-4706-a0b8-f12d88c15fd3","2026-08-12T22:27:52Z","riscv64_qemu_linux","EMULATED","riscv64","riscv64",2,3906,"Linux 6.17.0-14-generic","C compiler","unknown","-O3 (RISC-V Linux guest)","mlkem-native","v1.2.0 (0ba906cb14b1c241476134d7403a811b382ca498)","ML-KEM-768","keygen",73,441759,1245184,True,""
"7fb79433-f5ba-4035-9279-33fdfda348b4","c9fe6669-7fa7-4706-a0b8-f12d88c15fd3","2026-08-12T22:27:52Z","riscv64_qemu_linux","EMULATED","riscv64","riscv64",2,3906,"Linux 6.17.0-14-generic","C compiler","unknown","-O3 (RISC-V Linux guest)","mlkem-native","v1.2.0 (0ba906cb14b1c241476134d7403a811b382ca498)","ML-KEM-768","encapsulation",73,938712,1245184,True,""
"7fb79433-f5ba-4035-9279-33fdfda348b4","c9fe6669-7fa7-4706-a0b8-f12d88c15fd3","2026-08-12T22:27:52Z","riscv64_qemu_linux","EMULATED","riscv64","riscv64",2,3906,"Linux 6.17.0-14-generic","C compiler","unknown","-O3 (RISC-V Linux guest)","mlkem-native","v1.2.0 (0ba906cb14b1c241476134d7403a811b382ca498)","ML-KEM-768","decapsulation",73,577347,1245184,True,""
"7fb79433-f5ba-4035-9279-33fdfda348b4","c9fe6669-7fa7-4706-a0b8-f12d88c15fd3","2026-08-12T22:27:52Z","riscv64_qemu_linux","EMULATED","riscv64","riscv64",2,3906,"Linux 6.17.0-14-generic","C compiler","unknown","-O3 (RISC-V Linux guest)","mlkem-native","v1.2.0 (0ba906cb14b1c241476134d7403a811b382ca498)","ML-KEM-768","keygen",74,459757,1245184,True,""
"7fb79433-f5ba-4035-9279-33fdfda348b4","c9fe6669-7fa7-4706-a0b8-f12d88c15fd3","2026-08-12T22:27:52Z","riscv64_qemu_linux","EMULATED","riscv64","riscv64",2,3906,"Linux 6.17.0-14-generic","C compiler","unknown","-O3 (RISC-V Linux guest)","mlkem-native","v1.2.0 (0ba906cb14b1c241476134d7403a811b382ca498)","ML-KEM-768","encapsulation",74,774927,1245184,True,""
"7fb79433-f5ba-4035-9279-33fdfda348b4","c9fe6669-7fa7-4706-a0b8-f12d88c15fd3","2026-08-12T22:27:52Z","riscv64_qemu_linux","EMULATED","riscv64","riscv64",2,3906,"Linux 6.17.0-14-generic","C compiler","unknown","-O3 (RISC-V Linux guest)","mlkem-native","v1.2.0 (0ba906cb14b1c241476134d7403a811b382ca498)","ML-KEM-768","decapsulation",74,553648,1245184,True,""
"7fb79433-f5ba-4035-9279-33fdfda348b4","c9fe6669-7fa7-4706-a0b8-f12d88c15fd3","2026-08-12T22:27:52Z","riscv64_qemu_linux","EMULATED","riscv64","riscv64",2,3906,"Linux 6.17.0-14-generic","C compiler","unknown","-O3 (RISC-V Linux guest)","mlkem-native","v1.2.0 (0ba906cb14b1c241476134d7403a811b382ca498)","ML-KEM-768","keygen",75,699835,1245184,True,""
"7fb79433-f5ba-4035-9279-33fdfda348b4","c9fe6669-7fa7-4706-a0b8-f12d88c15fd3","2026-08-12T22:27:52Z","riscv64_qemu_linux","EMULATED","riscv64","riscv64",2,3906,"Linux 6.17.0-14-generic","C compiler","unknown","-O3 (RISC-V Linux guest)","mlkem-native","v1.2.0 (0ba906cb14b1c241476134d7403a811b382ca498)","ML-KEM-768","encapsulation",75,679837,1245184,True,""
"7fb79433-f5ba-4035-9279-33fdfda348b4","c9fe6669-7fa7-4706-a0b8-f12d88c15fd3","2026-08-12T22:27:52Z","riscv64_qemu_linux","EMULATED","riscv64","riscv64",2,3906,"Linux 6.17.0-14-generic","C compiler","unknown","-O3 (RISC-V Linux guest)","mlkem-native","v1.2.0 (0ba906cb14b1c241476134d7403a811b382ca498)","ML-KEM-768","decapsulation",75,554948,1245184,True,""
"7fb79433-f5ba-4035-9279-33fdfda348b4","c9fe6669-7fa7-4706-a0b8-f12d88c15fd3","2026-08-12T22:27:52Z","riscv64_qemu_linux","EMULATED","riscv64","riscv64",2,3906,"Linux 6.17.0-14-generic","C compiler","unknown","-O3 (RISC-V Linux guest)","mlkem-native","v1.2.0 (0ba906cb14b1c241476134d7403a811b382ca498)","ML-KEM-768","keygen",76,461857,1245184,True,""
"7fb79433-f5ba-4035-9279-33fdfda348b4","c9fe6669-7fa7-4706-a0b8-f12d88c15fd3","2026-08-12T22:27:52Z","riscv64_qemu_linux","EMULATED","riscv64","riscv64",2,3906,"Linux 6.17.0-14-generic","C compiler","unknown","-O3 (RISC-V Linux guest)","mlkem-native","v1.2.0 (0ba906cb14b1c241476134d7403a811b382ca498)","ML-KEM-768","encapsulation",76,456258,1245184,True,""
"7fb79433-f5ba-4035-9279-33fdfda348b4","c9fe6669-7fa7-4706-a0b8-f12d88c15fd3","2026-08-12T22:27:52Z","riscv64_qemu_linux","EMULATED","riscv64","riscv64",2,3906,"Linux 6.17.0-14-generic","C compiler","unknown","-O3 (RISC-V Linux guest)","mlkem-native","v1.2.0 (0ba906cb14b1c241476134d7403a811b382ca498)","ML-KEM-768","decapsulation",76,589945,1245184,True,""
"7fb79433-f5ba-4035-9279-33fdfda348b4","c9fe6669-7fa7-4706-a0b8-f12d88c15fd3","2026-08-12T22:27:52Z","riscv64_qemu_linux","EMULATED","riscv64","riscv64",2,3906,"Linux 6.17.0-14-generic","C compiler","unknown","-O3 (RISC-V Linux guest)","mlkem-native","v1.2.0 (0ba906cb14b1c241476134d7403a811b382ca498)","ML-KEM-768","keygen",77,556749,1245184,True,""
"7fb79433-f5ba-4035-9279-33fdfda348b4","c9fe6669-7fa7-4706-a0b8-f12d88c15fd3","2026-08-12T22:27:52Z","riscv64_qemu_linux","EMULATED","riscv64","riscv64",2,3906,"Linux 6.17.0-14-generic","C compiler","unknown","-O3 (RISC-V Linux guest)","mlkem-native","v1.2.0 (0ba906cb14b1c241476134d7403a811b382ca498)","ML-KEM-768","encapsulation",77,589645,1245184,True,""
"7fb79433-f5ba-4035-9279-33fdfda348b4","c9fe6669-7fa7-4706-a0b8-f12d88c15fd3","2026-08-12T22:27:52Z","riscv64_qemu_linux","EMULATED","riscv64","riscv64",2,3906,"Linux 6.17.0-14-generic","C compiler","unknown","-O3 (RISC-V Linux guest)","mlkem-native","v1.2.0 (0ba906cb14b1c241476134d7403a811b382ca498)","ML-KEM-768","decapsulation",77,558348,1245184,True,""
"7fb79433-f5ba-4035-9279-33fdfda348b4","c9fe6669-7fa7-4706-a0b8-f12d88c15fd3","2026-08-12T22:27:52Z","riscv64_qemu_linux","EMULATED","riscv64","riscv64",2,3906,"Linux 6.17.0-14-generic","C compiler","unknown","-O3 (RISC-V Linux guest)","mlkem-native","v1.2.0 (0ba906cb14b1c241476134d7403a811b382ca498)","ML-KEM-768","keygen",78,645440,1245184,True,""
"7fb79433-f5ba-4035-9279-33fdfda348b4","c9fe6669-7fa7-4706-a0b8-f12d88c15fd3","2026-08-12T22:27:52Z","riscv64_qemu_linux","EMULATED","riscv64","riscv64",2,3906,"Linux 6.17.0-14-generic","C compiler","unknown","-O3 (RISC-V Linux guest)","mlkem-native","v1.2.0 (0ba906cb14b1c241476134d7403a811b382ca498)","ML-KEM-768","encapsulation",78,481555,1245184,True,""
"7fb79433-f5ba-4035-9279-33fdfda348b4","c9fe6669-7fa7-4706-a0b8-f12d88c15fd3","2026-08-12T22:27:52Z","riscv64_qemu_linux","EMULATED","riscv64","riscv64",2,3906,"Linux 6.17.0-14-generic","C compiler","unknown","-O3 (RISC-V Linux guest)","mlkem-native","v1.2.0 (0ba906cb14b1c241476134d7403a811b382ca498)","ML-KEM-768","decapsulation",78,557048,1245184,True,""
"7fb79433-f5ba-4035-9279-33fdfda348b4","c9fe6669-7fa7-4706-a0b8-f12d88c15fd3","2026-08-12T22:27:52Z","riscv64_qemu_linux","EMULATED","riscv64","riscv64",2,3906,"Linux 6.17.0-14-generic","C compiler","unknown","-O3 (RISC-V Linux guest)","mlkem-native","v1.2.0 (0ba906cb14b1c241476134d7403a811b382ca498)","ML-KEM-768","keygen",79,485454,1245184,True,""
"7fb79433-f5ba-4035-9279-33fdfda348b4","c9fe6669-7fa7-4706-a0b8-f12d88c15fd3","2026-08-12T22:27:52Z","riscv64_qemu_linux","EMULATED","riscv64","riscv64",2,3906,"Linux 6.17.0-14-generic","C compiler","unknown","-O3 (RISC-V Linux guest)","mlkem-native","v1.2.0 (0ba906cb14b1c241476134d7403a811b382ca498)","ML-KEM-768","encapsulation",79,675837,1245184,True,""
"7fb79433-f5ba-4035-9279-33fdfda348b4","c9fe6669-7fa7-4706-a0b8-f12d88c15fd3","2026-08-12T22:27:52Z","riscv64_qemu_linux","EMULATED","riscv64","riscv64",2,3906,"Linux 6.17.0-14-generic","C compiler","unknown","-O3 (RISC-V Linux guest)","mlkem-native","v1.2.0 (0ba906cb14b1c241476134d7403a811b382ca498)","ML-KEM-768","decapsulation",79,567048,1245184,True,""
"7fb79433-f5ba-4035-9279-33fdfda348b4","c9fe6669-7fa7-4706-a0b8-f12d88c15fd3","2026-08-12T22:27:52Z","riscv64_qemu_linux","EMULATED","riscv64","riscv64",2,3906,"Linux 6.17.0-14-generic","C compiler","unknown","-O3 (RISC-V Linux guest)","mlkem-native","v1.2.0 (0ba906cb14b1c241476134d7403a811b382ca498)","ML-KEM-768","keygen",80,443459,1245184,True,""
"7fb79433-f5ba-4035-9279-33fdfda348b4","c9fe6669-7fa7-4706-a0b8-f12d88c15fd3","2026-08-12T22:27:52Z","riscv64_qemu_linux","EMULATED","riscv64","riscv64",2,3906,"Linux 6.17.0-14-generic","C compiler","unknown","-O3 (RISC-V Linux guest)","mlkem-native","v1.2.0 (0ba906cb14b1c241476134d7403a811b382ca498)","ML-KEM-768","encapsulation",80,501154,1245184,True,""
"7fb79433-f5ba-4035-9279-33fdfda348b4","c9fe6669-7fa7-4706-a0b8-f12d88c15fd3","2026-08-12T22:27:52Z","riscv64_qemu_linux","EMULATED","riscv64","riscv64",2,3906,"Linux 6.17.0-14-generic","C compiler","unknown","-O3 (RISC-V Linux guest)","mlkem-native","v1.2.0 (0ba906cb14b1c241476134d7403a811b382ca498)","ML-KEM-768","decapsulation",80,564847,1245184,True,""
"7fb79433-f5ba-4035-9279-33fdfda348b4","c9fe6669-7fa7-4706-a0b8-f12d88c15fd3","2026-08-12T22:27:52Z","riscv64_qemu_linux","EMULATED","riscv64","riscv64",2,3906,"Linux 6.17.0-14-generic","C compiler","unknown","-O3 (RISC-V Linux guest)","mlkem-native","v1.2.0 (0ba906cb14b1c241476134d7403a811b382ca498)","ML-KEM-768","keygen",81,442858,1245184,True,""
"7fb79433-f5ba-4035-9279-33fdfda348b4","c9fe6669-7fa7-4706-a0b8-f12d88c15fd3","2026-08-12T22:27:52Z","riscv64_qemu_linux","EMULATED","riscv64","riscv64",2,3906,"Linux 6.17.0-14-generic","C compiler","unknown","-O3 (RISC-V Linux guest)","mlkem-native","v1.2.0 (0ba906cb14b1c241476134d7403a811b382ca498)","ML-KEM-768","encapsulation",81,570347,1245184,True,""
"7fb79433-f5ba-4035-9279-33fdfda348b4","c9fe6669-7fa7-4706-a0b8-f12d88c15fd3","2026-08-12T22:27:52Z","riscv64_qemu_linux","EMULATED","riscv64","riscv64",2,3906,"Linux 6.17.0-14-generic","C compiler","unknown","-O3 (RISC-V Linux guest)","mlkem-native","v1.2.0 (0ba906cb14b1c241476134d7403a811b382ca498)","ML-KEM-768","decapsulation",81,1004407,1245184,True,""
"7fb79433-f5ba-4035-9279-33fdfda348b4","c9fe6669-7fa7-4706-a0b8-f12d88c15fd3","2026-08-12T22:27:52Z","riscv64_qemu_linux","EMULATED","riscv64","riscv64",2,3906,"Linux 6.17.0-14-generic","C compiler","unknown","-O3 (RISC-V Linux guest)","mlkem-native","v1.2.0 (0ba906cb14b1c241476134d7403a811b382ca498)","ML-KEM-768","keygen",82,448858,1245184,True,""
"7fb79433-f5ba-4035-9279-33fdfda348b4","c9fe6669-7fa7-4706-a0b8-f12d88c15fd3","2026-08-12T22:27:53Z","riscv64_qemu_linux","EMULATED","riscv64","riscv64",2,3906,"Linux 6.17.0-14-generic","C compiler","unknown","-O3 (RISC-V Linux guest)","mlkem-native","v1.2.0 (0ba906cb14b1c241476134d7403a811b382ca498)","ML-KEM-768","encapsulation",82,488755,1245184,True,""
"7fb79433-f5ba-4035-9279-33fdfda348b4","c9fe6669-7fa7-4706-a0b8-f12d88c15fd3","2026-08-12T22:27:53Z","riscv64_qemu_linux","EMULATED","riscv64","riscv64",2,3906,"Linux 6.17.0-14-generic","C compiler","unknown","-O3 (RISC-V Linux guest)","mlkem-native","v1.2.0 (0ba906cb14b1c241476134d7403a811b382ca498)","ML-KEM-768","decapsulation",82,543350,1245184,True,""
"7fb79433-f5ba-4035-9279-33fdfda348b4","c9fe6669-7fa7-4706-a0b8-f12d88c15fd3","2026-08-12T22:27:53Z","riscv64_qemu_linux","EMULATED","riscv64","riscv64",2,3906,"Linux 6.17.0-14-generic","C compiler","unknown","-O3 (RISC-V Linux guest)","mlkem-native","v1.2.0 (0ba906cb14b1c241476134d7403a811b382ca498)","ML-KEM-768","keygen",83,464556,1245184,True,""
"7fb79433-f5ba-4035-9279-33fdfda348b4","c9fe6669-7fa7-4706-a0b8-f12d88c15fd3","2026-08-12T22:27:53Z","riscv64_qemu_linux","EMULATED","riscv64","riscv64",2,3906,"Linux 6.17.0-14-generic","C compiler","unknown","-O3 (RISC-V Linux guest)","mlkem-native","v1.2.0 (0ba906cb14b1c241476134d7403a811b382ca498)","ML-KEM-768","encapsulation",83,459758,1245184,True,""
"7fb79433-f5ba-4035-9279-33fdfda348b4","c9fe6669-7fa7-4706-a0b8-f12d88c15fd3","2026-08-12T22:27:53Z","riscv64_qemu_linux","EMULATED","riscv64","riscv64",2,3906,"Linux 6.17.0-14-generic","C compiler","unknown","-O3 (RISC-V Linux guest)","mlkem-native","v1.2.0 (0ba906cb14b1c241476134d7403a811b382ca498)","ML-KEM-768","decapsulation",83,890019,1245184,True,""
"7fb79433-f5ba-4035-9279-33fdfda348b4","c9fe6669-7fa7-4706-a0b8-f12d88c15fd3","2026-08-12T22:27:53Z","riscv64_qemu_linux","EMULATED","riscv64","riscv64",2,3906,"Linux 6.17.0-14-generic","C compiler","unknown","-O3 (RISC-V Linux guest)","mlkem-native","v1.2.0 (0ba906cb14b1c241476134d7403a811b382ca498)","ML-KEM-768","keygen",84,551849,1245184,True,""
"7fb79433-f5ba-4035-9279-33fdfda348b4","c9fe6669-7fa7-4706-a0b8-f12d88c15fd3","2026-08-12T22:27:53Z","riscv64_qemu_linux","EMULATED","riscv64","riscv64",2,3906,"Linux 6.17.0-14-generic","C compiler","unknown","-O3 (RISC-V Linux guest)","mlkem-native","v1.2.0 (0ba906cb14b1c241476134d7403a811b382ca498)","ML-KEM-768","encapsulation",84,478456,1245184,True,""
"7fb79433-f5ba-4035-9279-33fdfda348b4","c9fe6669-7fa7-4706-a0b8-f12d88c15fd3","2026-08-12T22:27:53Z","riscv64_qemu_linux","EMULATED","riscv64","riscv64",2,3906,"Linux 6.17.0-14-generic","C compiler","unknown","-O3 (RISC-V Linux guest)","mlkem-native","v1.2.0 (0ba906cb14b1c241476134d7403a811b382ca498)","ML-KEM-768","decapsulation",84,594145,1245184,True,""
"7fb79433-f5ba-4035-9279-33fdfda348b4","c9fe6669-7fa7-4706-a0b8-f12d88c15fd3","2026-08-12T22:27:53Z","riscv64_qemu_linux","EMULATED","riscv64","riscv64",2,3906,"Linux 6.17.0-14-generic","C compiler","unknown","-O3 (RISC-V Linux guest)","mlkem-native","v1.2.0 (0ba906cb14b1c241476134d7403a811b382ca498)","ML-KEM-768","keygen",85,471057,1245184,True,""
"7fb79433-f5ba-4035-9279-33fdfda348b4","c9fe6669-7fa7-4706-a0b8-f12d88c15fd3","2026-08-12T22:27:53Z","riscv64_qemu_linux","EMULATED","riscv64","riscv64",2,3906,"Linux 6.17.0-14-generic","C compiler","unknown","-O3 (RISC-V Linux guest)","mlkem-native","v1.2.0 (0ba906cb14b1c241476134d7403a811b382ca498)","ML-KEM-768","encapsulation",85,754231,1245184,True,""
"7fb79433-f5ba-4035-9279-33fdfda348b4","c9fe6669-7fa7-4706-a0b8-f12d88c15fd3","2026-08-12T22:27:53Z","riscv64_qemu_linux","EMULATED","riscv64","riscv64",2,3906,"Linux 6.17.0-14-generic","C compiler","unknown","-O3 (RISC-V Linux guest)","mlkem-native","v1.2.0 (0ba906cb14b1c241476134d7403a811b382ca498)","ML-KEM-768","decapsulation",85,758630,1245184,True,""
"7fb79433-f5ba-4035-9279-33fdfda348b4","c9fe6669-7fa7-4706-a0b8-f12d88c15fd3","2026-08-12T22:27:53Z","riscv64_qemu_linux","EMULATED","riscv64","riscv64",2,3906,"Linux 6.17.0-14-generic","C compiler","unknown","-O3 (RISC-V Linux guest)","mlkem-native","v1.2.0 (0ba906cb14b1c241476134d7403a811b382ca498)","ML-KEM-768","keygen",86,547050,1245184,True,""
"7fb79433-f5ba-4035-9279-33fdfda348b4","c9fe6669-7fa7-4706-a0b8-f12d88c15fd3","2026-08-12T22:27:53Z","riscv64_qemu_linux","EMULATED","riscv64","riscv64",2,3906,"Linux 6.17.0-14-generic","C compiler","unknown","-O3 (RISC-V Linux guest)","mlkem-native","v1.2.0 (0ba906cb14b1c241476134d7403a811b382ca498)","ML-KEM-768","encapsulation",86,498055,1245184,True,""
"7fb79433-f5ba-4035-9279-33fdfda348b4","c9fe6669-7fa7-4706-a0b8-f12d88c15fd3","2026-08-12T22:27:53Z","riscv64_qemu_linux","EMULATED","riscv64","riscv64",2,3906,"Linux 6.17.0-14-generic","C compiler","unknown","-O3 (RISC-V Linux guest)","mlkem-native","v1.2.0 (0ba906cb14b1c241476134d7403a811b382ca498)","ML-KEM-768","decapsulation",86,626743,1245184,True,""
"7fb79433-f5ba-4035-9279-33fdfda348b4","c9fe6669-7fa7-4706-a0b8-f12d88c15fd3","2026-08-12T22:27:53Z","riscv64_qemu_linux","EMULATED","riscv64","riscv64",2,3906,"Linux 6.17.0-14-generic","C compiler","unknown","-O3 (RISC-V Linux guest)","mlkem-native","v1.2.0 (0ba906cb14b1c241476134d7403a811b382ca498)","ML-KEM-768","keygen",87,477456,1245184,True,""
"7fb79433-f5ba-4035-9279-33fdfda348b4","c9fe6669-7fa7-4706-a0b8-f12d88c15fd3","2026-08-12T22:27:53Z","riscv64_qemu_linux","EMULATED","riscv64","riscv64",2,3906,"Linux 6.17.0-14-generic","C compiler","unknown","-O3 (RISC-V Linux guest)","mlkem-native","v1.2.0 (0ba906cb14b1c241476134d7403a811b382ca498)","ML-KEM-768","encapsulation",87,508953,1245184,True,""
"7fb79433-f5ba-4035-9279-33fdfda348b4","c9fe6669-7fa7-4706-a0b8-f12d88c15fd3","2026-08-12T22:27:53Z","riscv64_qemu_linux","EMULATED","riscv64","riscv64",2,3906,"Linux 6.17.0-14-generic","C compiler","unknown","-O3 (RISC-V Linux guest)","mlkem-native","v1.2.0 (0ba906cb14b1c241476134d7403a811b382ca498)","ML-KEM-768","decapsulation",87,551650,1245184,True,""
"7fb79433-f5ba-4035-9279-33fdfda348b4","c9fe6669-7fa7-4706-a0b8-f12d88c15fd3","2026-08-12T22:27:53Z","riscv64_qemu_linux","EMULATED","riscv64","riscv64",2,3906,"Linux 6.17.0-14-generic","C compiler","unknown","-O3 (RISC-V Linux guest)","mlkem-native","v1.2.0 (0ba906cb14b1c241476134d7403a811b382ca498)","ML-KEM-768","keygen",88,444459,1245184,True,""
"7fb79433-f5ba-4035-9279-33fdfda348b4","c9fe6669-7fa7-4706-a0b8-f12d88c15fd3","2026-08-12T22:27:53Z","riscv64_qemu_linux","EMULATED","riscv64","riscv64",2,3906,"Linux 6.17.0-14-generic","C compiler","unknown","-O3 (RISC-V Linux guest)","mlkem-native","v1.2.0 (0ba906cb14b1c241476134d7403a811b382ca498)","ML-KEM-768","encapsulation",88,510854,1245184,True,""
"7fb79433-f5ba-4035-9279-33fdfda348b4","c9fe6669-7fa7-4706-a0b8-f12d88c15fd3","2026-08-12T22:27:53Z","riscv64_qemu_linux","EMULATED","riscv64","riscv64",2,3906,"Linux 6.17.0-14-generic","C compiler","unknown","-O3 (RISC-V Linux guest)","mlkem-native","v1.2.0 (0ba906cb14b1c241476134d7403a811b382ca498)","ML-KEM-768","decapsulation",88,601745,1245184,True,""
"7fb79433-f5ba-4035-9279-33fdfda348b4","c9fe6669-7fa7-4706-a0b8-f12d88c15fd3","2026-08-12T22:27:53Z","riscv64_qemu_linux","EMULATED","riscv64","riscv64",2,3906,"Linux 6.17.0-14-generic","C compiler","unknown","-O3 (RISC-V Linux guest)","mlkem-native","v1.2.0 (0ba906cb14b1c241476134d7403a811b382ca498)","ML-KEM-768","keygen",89,441159,1245184,True,""
"7fb79433-f5ba-4035-9279-33fdfda348b4","c9fe6669-7fa7-4706-a0b8-f12d88c15fd3","2026-08-12T22:27:53Z","riscv64_qemu_linux","EMULATED","riscv64","riscv64",2,3906,"Linux 6.17.0-14-generic","C compiler","unknown","-O3 (RISC-V Linux guest)","mlkem-native","v1.2.0 (0ba906cb14b1c241476134d7403a811b382ca498)","ML-KEM-768","encapsulation",89,468557,1245184,True,""
"7fb79433-f5ba-4035-9279-33fdfda348b4","c9fe6669-7fa7-4706-a0b8-f12d88c15fd3","2026-08-12T22:27:53Z","riscv64_qemu_linux","EMULATED","riscv64","riscv64",2,3906,"Linux 6.17.0-14-generic","C compiler","unknown","-O3 (RISC-V Linux guest)","mlkem-native","v1.2.0 (0ba906cb14b1c241476134d7403a811b382ca498)","ML-KEM-768","decapsulation",89,583746,1245184,True,""
"7fb79433-f5ba-4035-9279-33fdfda348b4","c9fe6669-7fa7-4706-a0b8-f12d88c15fd3","2026-08-12T22:27:53Z","riscv64_qemu_linux","EMULATED","riscv64","riscv64",2,3906,"Linux 6.17.0-14-generic","C compiler","unknown","-O3 (RISC-V Linux guest)","mlkem-native","v1.2.0 (0ba906cb14b1c241476134d7403a811b382ca498)","ML-KEM-768","keygen",90,493155,1245184,True,""
"7fb79433-f5ba-4035-9279-33fdfda348b4","c9fe6669-7fa7-4706-a0b8-f12d88c15fd3","2026-08-12T22:27:53Z","riscv64_qemu_linux","EMULATED","riscv64","riscv64",2,3906,"Linux 6.17.0-14-generic","C compiler","unknown","-O3 (RISC-V Linux guest)","mlkem-native","v1.2.0 (0ba906cb14b1c241476134d7403a811b382ca498)","ML-KEM-768","encapsulation",90,503654,1245184,True,""
"7fb79433-f5ba-4035-9279-33fdfda348b4","c9fe6669-7fa7-4706-a0b8-f12d88c15fd3","2026-08-12T22:27:53Z","riscv64_qemu_linux","EMULATED","riscv64","riscv64",2,3906,"Linux 6.17.0-14-generic","C compiler","unknown","-O3 (RISC-V Linux guest)","mlkem-native","v1.2.0 (0ba906cb14b1c241476134d7403a811b382ca498)","ML-KEM-768","decapsulation",90,547950,1245184,True,""
"7fb79433-f5ba-4035-9279-33fdfda348b4","c9fe6669-7fa7-4706-a0b8-f12d88c15fd3","2026-08-12T22:27:53Z","riscv64_qemu_linux","EMULATED","riscv64","riscv64",2,3906,"Linux 6.17.0-14-generic","C compiler","unknown","-O3 (RISC-V Linux guest)","mlkem-native","v1.2.0 (0ba906cb14b1c241476134d7403a811b382ca498)","ML-KEM-768","keygen",91,430461,1245184,True,""
"7fb79433-f5ba-4035-9279-33fdfda348b4","c9fe6669-7fa7-4706-a0b8-f12d88c15fd3","2026-08-12T22:27:53Z","riscv64_qemu_linux","EMULATED","riscv64","riscv64",2,3906,"Linux 6.17.0-14-generic","C compiler","unknown","-O3 (RISC-V Linux guest)","mlkem-native","v1.2.0 (0ba906cb14b1c241476134d7403a811b382ca498)","ML-KEM-768","encapsulation",91,477056,1245184,True,""
"7fb79433-f5ba-4035-9279-33fdfda348b4","c9fe6669-7fa7-4706-a0b8-f12d88c15fd3","2026-08-12T22:27:53Z","riscv64_qemu_linux","EMULATED","riscv64","riscv64",2,3906,"Linux 6.17.0-14-generic","C compiler","unknown","-O3 (RISC-V Linux guest)","mlkem-native","v1.2.0 (0ba906cb14b1c241476134d7403a811b382ca498)","ML-KEM-768","decapsulation",91,663840,1245184,True,""
"7fb79433-f5ba-4035-9279-33fdfda348b4","c9fe6669-7fa7-4706-a0b8-f12d88c15fd3","2026-08-12T22:27:53Z","riscv64_qemu_linux","EMULATED","riscv64","riscv64",2,3906,"Linux 6.17.0-14-generic","C compiler","unknown","-O3 (RISC-V Linux guest)","mlkem-native","v1.2.0 (0ba906cb14b1c241476134d7403a811b382ca498)","ML-KEM-768","keygen",92,764430,1245184,True,""
"7fb79433-f5ba-4035-9279-33fdfda348b4","c9fe6669-7fa7-4706-a0b8-f12d88c15fd3","2026-08-12T22:27:53Z","riscv64_qemu_linux","EMULATED","riscv64","riscv64",2,3906,"Linux 6.17.0-14-generic","C compiler","unknown","-O3 (RISC-V Linux guest)","mlkem-native","v1.2.0 (0ba906cb14b1c241476134d7403a811b382ca498)","ML-KEM-768","encapsulation",92,893919,1245184,True,""
"7fb79433-f5ba-4035-9279-33fdfda348b4","c9fe6669-7fa7-4706-a0b8-f12d88c15fd3","2026-08-12T22:27:53Z","riscv64_qemu_linux","EMULATED","riscv64","riscv64",2,3906,"Linux 6.17.0-14-generic","C compiler","unknown","-O3 (RISC-V Linux guest)","mlkem-native","v1.2.0 (0ba906cb14b1c241476134d7403a811b382ca498)","ML-KEM-768","decapsulation",92,602244,1245184,True,""
"7fb79433-f5ba-4035-9279-33fdfda348b4","c9fe6669-7fa7-4706-a0b8-f12d88c15fd3","2026-08-12T22:27:53Z","riscv64_qemu_linux","EMULATED","riscv64","riscv64",2,3906,"Linux 6.17.0-14-generic","C compiler","unknown","-O3 (RISC-V Linux guest)","mlkem-native","v1.2.0 (0ba906cb14b1c241476134d7403a811b382ca498)","ML-KEM-768","keygen",93,463757,1245184,True,""
"7fb79433-f5ba-4035-9279-33fdfda348b4","c9fe6669-7fa7-4706-a0b8-f12d88c15fd3","2026-08-12T22:27:53Z","riscv64_qemu_linux","EMULATED","riscv64","riscv64",2,3906,"Linux 6.17.0-14-generic","C compiler","unknown","-O3 (RISC-V Linux guest)","mlkem-native","v1.2.0 (0ba906cb14b1c241476134d7403a811b382ca498)","ML-KEM-768","encapsulation",93,1627350,1245184,True,""
"7fb79433-f5ba-4035-9279-33fdfda348b4","c9fe6669-7fa7-4706-a0b8-f12d88c15fd3","2026-08-12T22:27:53Z","riscv64_qemu_linux","EMULATED","riscv64","riscv64",2,3906,"Linux 6.17.0-14-generic","C compiler","unknown","-O3 (RISC-V Linux guest)","mlkem-native","v1.2.0 (0ba906cb14b1c241476134d7403a811b382ca498)","ML-KEM-768","decapsulation",93,653940,1245184,True,""
"7fb79433-f5ba-4035-9279-33fdfda348b4","c9fe6669-7fa7-4706-a0b8-f12d88c15fd3","2026-08-12T22:27:53Z","riscv64_qemu_linux","EMULATED","riscv64","riscv64",2,3906,"Linux 6.17.0-14-generic","C compiler","unknown","-O3 (RISC-V Linux guest)","mlkem-native","v1.2.0 (0ba906cb14b1c241476134d7403a811b382ca498)","ML-KEM-768","keygen",94,718634,1245184,True,""
"7fb79433-f5ba-4035-9279-33fdfda348b4","c9fe6669-7fa7-4706-a0b8-f12d88c15fd3","2026-08-12T22:27:53Z","riscv64_qemu_linux","EMULATED","riscv64","riscv64",2,3906,"Linux 6.17.0-14-generic","C compiler","unknown","-O3 (RISC-V Linux guest)","mlkem-native","v1.2.0 (0ba906cb14b1c241476134d7403a811b382ca498)","ML-KEM-768","encapsulation",94,490655,1245184,True,""
"7fb79433-f5ba-4035-9279-33fdfda348b4","c9fe6669-7fa7-4706-a0b8-f12d88c15fd3","2026-08-12T22:27:53Z","riscv64_qemu_linux","EMULATED","riscv64","riscv64",2,3906,"Linux 6.17.0-14-generic","C compiler","unknown","-O3 (RISC-V Linux guest)","mlkem-native","v1.2.0 (0ba906cb14b1c241476134d7403a811b382ca498)","ML-KEM-768","decapsulation",94,576347,1245184,True,""
"7fb79433-f5ba-4035-9279-33fdfda348b4","c9fe6669-7fa7-4706-a0b8-f12d88c15fd3","2026-08-12T22:27:53Z","riscv64_qemu_linux","EMULATED","riscv64","riscv64",2,3906,"Linux 6.17.0-14-generic","C compiler","unknown","-O3 (RISC-V Linux guest)","mlkem-native","v1.2.0 (0ba906cb14b1c241476134d7403a811b382ca498)","ML-KEM-768","keygen",95,479656,1245184,True,""
"7fb79433-f5ba-4035-9279-33fdfda348b4","c9fe6669-7fa7-4706-a0b8-f12d88c15fd3","2026-08-12T22:27:53Z","riscv64_qemu_linux","EMULATED","riscv64","riscv64",2,3906,"Linux 6.17.0-14-generic","C compiler","unknown","-O3 (RISC-V Linux guest)","mlkem-native","v1.2.0 (0ba906cb14b1c241476134d7403a811b382ca498)","ML-KEM-768","encapsulation",95,524551,1245184,True,""
"7fb79433-f5ba-4035-9279-33fdfda348b4","c9fe6669-7fa7-4706-a0b8-f12d88c15fd3","2026-08-12T22:27:53Z","riscv64_qemu_linux","EMULATED","riscv64","riscv64",2,3906,"Linux 6.17.0-14-generic","C compiler","unknown","-O3 (RISC-V Linux guest)","mlkem-native","v1.2.0 (0ba906cb14b1c241476134d7403a811b382ca498)","ML-KEM-768","decapsulation",95,640142,1245184,True,""
"7fb79433-f5ba-4035-9279-33fdfda348b4","c9fe6669-7fa7-4706-a0b8-f12d88c15fd3","2026-08-12T22:27:53Z","riscv64_qemu_linux","EMULATED","riscv64","riscv64",2,3906,"Linux 6.17.0-14-generic","C compiler","unknown","-O3 (RISC-V Linux guest)","mlkem-native","v1.2.0 (0ba906cb14b1c241476134d7403a811b382ca498)","ML-KEM-768","keygen",96,621243,1245184,True,""
"7fb79433-f5ba-4035-9279-33fdfda348b4","c9fe6669-7fa7-4706-a0b8-f12d88c15fd3","2026-08-12T22:27:53Z","riscv64_qemu_linux","EMULATED","riscv64","riscv64",2,3906,"Linux 6.17.0-14-generic","C compiler","unknown","-O3 (RISC-V Linux guest)","mlkem-native","v1.2.0 (0ba906cb14b1c241476134d7403a811b382ca498)","ML-KEM-768","encapsulation",96,503054,1245184,True,""
"7fb79433-f5ba-4035-9279-33fdfda348b4","c9fe6669-7fa7-4706-a0b8-f12d88c15fd3","2026-08-12T22:27:53Z","riscv64_qemu_linux","EMULATED","riscv64","riscv64",2,3906,"Linux 6.17.0-14-generic","C compiler","unknown","-O3 (RISC-V Linux guest)","mlkem-native","v1.2.0 (0ba906cb14b1c241476134d7403a811b382ca498)","ML-KEM-768","decapsulation",96,652440,1245184,True,""
"7fb79433-f5ba-4035-9279-33fdfda348b4","c9fe6669-7fa7-4706-a0b8-f12d88c15fd3","2026-08-12T22:27:53Z","riscv64_qemu_linux","EMULATED","riscv64","riscv64",2,3906,"Linux 6.17.0-14-generic","C compiler","unknown","-O3 (RISC-V Linux guest)","mlkem-native","v1.2.0 (0ba906cb14b1c241476134d7403a811b382ca498)","ML-KEM-768","keygen",97,530951,1245184,True,""
"7fb79433-f5ba-4035-9279-33fdfda348b4","c9fe6669-7fa7-4706-a0b8-f12d88c15fd3","2026-08-12T22:27:53Z","riscv64_qemu_linux","EMULATED","riscv64","riscv64",2,3906,"Linux 6.17.0-14-generic","C compiler","unknown","-O3 (RISC-V Linux guest)","mlkem-native","v1.2.0 (0ba906cb14b1c241476134d7403a811b382ca498)","ML-KEM-768","encapsulation",97,493155,1245184,True,""
"7fb79433-f5ba-4035-9279-33fdfda348b4","c9fe6669-7fa7-4706-a0b8-f12d88c15fd3","2026-08-12T22:27:53Z","riscv64_qemu_linux","EMULATED","riscv64","riscv64",2,3906,"Linux 6.17.0-14-generic","C compiler","unknown","-O3 (RISC-V Linux guest)","mlkem-native","v1.2.0 (0ba906cb14b1c241476134d7403a811b382ca498)","ML-KEM-768","decapsulation",97,1142095,1245184,True,""
"7fb79433-f5ba-4035-9279-33fdfda348b4","c9fe6669-7fa7-4706-a0b8-f12d88c15fd3","2026-08-12T22:27:53Z","riscv64_qemu_linux","EMULATED","riscv64","riscv64",2,3906,"Linux 6.17.0-14-generic","C compiler","unknown","-O3 (RISC-V Linux guest)","mlkem-native","v1.2.0 (0ba906cb14b1c241476134d7403a811b382ca498)","ML-KEM-768","keygen",98,451759,1245184,True,""
"7fb79433-f5ba-4035-9279-33fdfda348b4","c9fe6669-7fa7-4706-a0b8-f12d88c15fd3","2026-08-12T22:27:53Z","riscv64_qemu_linux","EMULATED","riscv64","riscv64",2,3906,"Linux 6.17.0-14-generic","C compiler","unknown","-O3 (RISC-V Linux guest)","mlkem-native","v1.2.0 (0ba906cb14b1c241476134d7403a811b382ca498)","ML-KEM-768","encapsulation",98,663939,1245184,True,""
"7fb79433-f5ba-4035-9279-33fdfda348b4","c9fe6669-7fa7-4706-a0b8-f12d88c15fd3","2026-08-12T22:27:53Z","riscv64_qemu_linux","EMULATED","riscv64","riscv64",2,3906,"Linux 6.17.0-14-generic","C compiler","unknown","-O3 (RISC-V Linux guest)","mlkem-native","v1.2.0 (0ba906cb14b1c241476134d7403a811b382ca498)","ML-KEM-768","decapsulation",98,644241,1245184,True,""
"7fb79433-f5ba-4035-9279-33fdfda348b4","c9fe6669-7fa7-4706-a0b8-f12d88c15fd3","2026-08-12T22:27:53Z","riscv64_qemu_linux","EMULATED","riscv64","riscv64",2,3906,"Linux 6.17.0-14-generic","C compiler","unknown","-O3 (RISC-V Linux guest)","mlkem-native","v1.2.0 (0ba906cb14b1c241476134d7403a811b382ca498)","ML-KEM-768","keygen",99,619244,1245184,True,""
"7fb79433-f5ba-4035-9279-33fdfda348b4","c9fe6669-7fa7-4706-a0b8-f12d88c15fd3","2026-08-12T22:27:53Z","riscv64_qemu_linux","EMULATED","riscv64","riscv64",2,3906,"Linux 6.17.0-14-generic","C compiler","unknown","-O3 (RISC-V Linux guest)","mlkem-native","v1.2.0 (0ba906cb14b1c241476134d7403a811b382ca498)","ML-KEM-768","encapsulation",99,566348,1245184,True,""
"7fb79433-f5ba-4035-9279-33fdfda348b4","c9fe6669-7fa7-4706-a0b8-f12d88c15fd3","2026-08-12T22:27:53Z","riscv64_qemu_linux","EMULATED","riscv64","riscv64",2,3906,"Linux 6.17.0-14-generic","C compiler","unknown","-O3 (RISC-V Linux guest)","mlkem-native","v1.2.0 (0ba906cb14b1c241476134d7403a811b382ca498)","ML-KEM-768","decapsulation",99,860421,1245184,True,""
"7fb79433-f5ba-4035-9279-33fdfda348b4","c9fe6669-7fa7-4706-a0b8-f12d88c15fd3","2026-08-12T22:27:53Z","riscv64_qemu_linux","EMULATED","riscv64","riscv64",2,3906,"Linux 6.17.0-14-generic","C compiler","unknown","-O3 (RISC-V Linux guest)","mlkem-native","v1.2.0 (0ba906cb14b1c241476134d7403a811b382ca498)","ML-KEM-768","keygen",100,587146,1245184,True,""
"7fb79433-f5ba-4035-9279-33fdfda348b4","c9fe6669-7fa7-4706-a0b8-f12d88c15fd3","2026-08-12T22:27:53Z","riscv64_qemu_linux","EMULATED","riscv64","riscv64",2,3906,"Linux 6.17.0-14-generic","C compiler","unknown","-O3 (RISC-V Linux guest)","mlkem-native","v1.2.0 (0ba906cb14b1c241476134d7403a811b382ca498)","ML-KEM-768","encapsulation",100,624243,1245184,True,""
"7fb79433-f5ba-4035-9279-33fdfda348b4","c9fe6669-7fa7-4706-a0b8-f12d88c15fd3","2026-08-12T22:27:53Z","riscv64_qemu_linux","EMULATED","riscv64","riscv64",2,3906,"Linux 6.17.0-14-generic","C compiler","unknown","-O3 (RISC-V Linux guest)","mlkem-native","v1.2.0 (0ba906cb14b1c241476134d7403a811b382ca498)","ML-KEM-768","decapsulation",100,572148,1245184,True,""
