experiment_id,run_id,timestamp,environment,measurement_type,architecture,processor,cpu_cores,ram_mb,os,compiler,compiler_version,optimization_flags,implementation,implementation_version,mlkem_variant,operation,iteration,execution_time_ns,memory_bytes,success,error_message
"b78ae1c4-1a4d-4c90-b98a-d4796eaf0dc5","3614722a-daac-4718-a67f-fb7f298792c0","2026-08-12T22:28:28Z","riscv64_qemu_linux","EMULATED","riscv64","riscv64",2,3906,"Linux 6.17.0-14-generic","C compiler","unknown","-O3 (RISC-V Linux guest)","mlkem-native","v1.2.0 (0ba906cb14b1c241476134d7403a811b382ca498)","ML-KEM-1024","keygen",1,5779614,1245184,True,""
"b78ae1c4-1a4d-4c90-b98a-d4796eaf0dc5","3614722a-daac-4718-a67f-fb7f298792c0","2026-08-12T22:28:28Z","riscv64_qemu_linux","EMULATED","riscv64","riscv64",2,3906,"Linux 6.17.0-14-generic","C compiler","unknown","-O3 (RISC-V Linux guest)","mlkem-native","v1.2.0 (0ba906cb14b1c241476134d7403a811b382ca498)","ML-KEM-1024","encapsulation",1,2744564,1245184,True,""
"b78ae1c4-1a4d-4c90-b98a-d4796eaf0dc5","3614722a-daac-4718-a67f-fb7f298792c0","2026-08-12T22:28:28Z","riscv64_qemu_linux","EMULATED","riscv64","riscv64",2,3906,"Linux 6.17.0-14-generic","C compiler","unknown","-O3 (RISC-V Linux guest)","mlkem-native","v1.2.0 (0ba906cb14b1c241476134d7403a811b382ca498)","ML-KEM-1024","decapsulation",1,1773212,1245184,True,""
"b78ae1c4-1a4d-4c90-b98a-d4796eaf0dc5","3614722a-daac-4718-a67f-fb7f298792c0","2026-08-12T22:28:28Z","riscv64_qemu_linux","EMULATED","riscv64","riscv64",2,3906,"Linux 6.17.0-14-generic","C compiler","unknown","-O3 (RISC-V Linux guest)","mlkem-native","v1.2.0 (0ba906cb14b1c241476134d7403a811b382ca498)","ML-KEM-1024","keygen",2,922154,1245184,True,""
"b78ae1c4-1a4d-4c90-b98a-d4796eaf0dc5","3614722a-daac-4718-a67f-fb7f298792c0","2026-08-12T22:28:28Z","riscv64_qemu_linux","EMULATED","riscv64","riscv64",2,3906,"Linux 6.17.0-14-generic","C compiler","unknown","-O3 (RISC-V Linux guest)","mlkem-native","v1.2.0 (0ba906cb14b1c241476134d7403a811b382ca498)","ML-KEM-1024","encapsulation",2,686766,1245184,True,""
"b78ae1c4-1a4d-4c90-b98a-d4796eaf0dc5","3614722a-daac-4718-a67f-fb7f298792c0","2026-08-12T22:28:28Z","riscv64_qemu_linux","EMULATED","riscv64","riscv64",2,3906,"Linux 6.17.0-14-generic","C compiler","unknown","-O3 (RISC-V Linux guest)","mlkem-native","v1.2.0 (0ba906cb14b1c241476134d7403a811b382ca498)","ML-KEM-1024","decapsulation",2,768962,1245184,True,""
"b78ae1c4-1a4d-4c90-b98a-d4796eaf0dc5","3614722a-daac-4718-a67f-fb7f298792c0","2026-08-12T22:28:28Z","riscv64_qemu_linux","EMULATED","riscv64","riscv64",2,3906,"Linux 6.17.0-14-generic","C compiler","unknown","-O3 (RISC-V Linux guest)","mlkem-native","v1.2.0 (0ba906cb14b1c241476134d7403a811b382ca498)","ML-KEM-1024","keygen",3,671467,1245184,True,""
"b78ae1c4-1a4d-4c90-b98a-d4796eaf0dc5","3614722a-daac-4718-a67f-fb7f298792c0","2026-08-12T22:28:28Z","riscv64_qemu_linux","EMULATED","riscv64","riscv64",2,3906,"Linux 6.17.0-14-generic","C compiler","unknown","-O3 (RISC-V Linux guest)","mlkem-native","v1.2.0 (0ba906cb14b1c241476134d7403a811b382ca498)","ML-KEM-1024","encapsulation",3,644468,1245184,True,""
"b78ae1c4-1a4d-4c90-b98a-d4796eaf0dc5","3614722a-daac-4718-a67f-fb7f298792c0","2026-08-12T22:28:28Z","riscv64_qemu_linux","EMULATED","riscv64","riscv64",2,3906,"Linux 6.17.0-14-generic","C compiler","unknown","-O3 (RISC-V Linux guest)","mlkem-native","v1.2.0 (0ba906cb14b1c241476134d7403a811b382ca498)","ML-KEM-1024","decapsulation",3,961953,1245184,True,""
"b78ae1c4-1a4d-4c90-b98a-d4796eaf0dc5","3614722a-daac-4718-a67f-fb7f298792c0","2026-08-12T22:28:28Z","riscv64_qemu_linux","EMULATED","riscv64","riscv64",2,3906,"Linux 6.17.0-14-generic","C compiler","unknown","-O3 (RISC-V Linux guest)","mlkem-native","v1.2.0 (0ba906cb14b1c241476134d7403a811b382ca498)","ML-KEM-1024","keygen",4,658167,1245184,True,""
"b78ae1c4-1a4d-4c90-b98a-d4796eaf0dc5","3614722a-daac-4718-a67f-fb7f298792c0","2026-08-12T22:28:28Z","riscv64_qemu_linux","EMULATED","riscv64","riscv64",2,3906,"Linux 6.17.0-14-generic","C compiler","unknown","-O3 (RISC-V Linux guest)","mlkem-native","v1.2.0 (0ba906cb14b1c241476134d7403a811b382ca498)","ML-KEM-1024","encapsulation",4,635668,1245184,True,""
"b78ae1c4-1a4d-4c90-b98a-d4796eaf0dc5","3614722a-daac-4718-a67f-fb7f298792c0","2026-08-12T22:28:28Z","riscv64_qemu_linux","EMULATED","riscv64","riscv64",2,3906,"Linux 6.17.0-14-generic","C compiler","unknown","-O3 (RISC-V Linux guest)","mlkem-native","v1.2.0 (0ba906cb14b1c241476134d7403a811b382ca498)","ML-KEM-1024","decapsulation",4,803560,1245184,True,""
"b78ae1c4-1a4d-4c90-b98a-d4796eaf0dc5","3614722a-daac-4718-a67f-fb7f298792c0","2026-08-12T22:28:28Z","riscv64_qemu_linux","EMULATED","riscv64","riscv64",2,3906,"Linux 6.17.0-14-generic","C compiler","unknown","-O3 (RISC-V Linux guest)","mlkem-native","v1.2.0 (0ba906cb14b1c241476134d7403a811b382ca498)","ML-KEM-1024","keygen",5,617370,1245184,True,""
"b78ae1c4-1a4d-4c90-b98a-d4796eaf0dc5","3614722a-daac-4718-a67f-fb7f298792c0","2026-08-12T22:28:28Z","riscv64_qemu_linux","EMULATED","riscv64","riscv64",2,3906,"Linux 6.17.0-14-generic","C compiler","unknown","-O3 (RISC-V Linux guest)","mlkem-native","v1.2.0 (0ba906cb14b1c241476134d7403a811b382ca498)","ML-KEM-1024","encapsulation",5,876357,1245184,True,""
"b78ae1c4-1a4d-4c90-b98a-d4796eaf0dc5","3614722a-daac-4718-a67f-fb7f298792c0","2026-08-12T22:28:28Z","riscv64_qemu_linux","EMULATED","riscv64","riscv64",2,3906,"Linux 6.17.0-14-generic","C compiler","unknown","-O3 (RISC-V Linux guest)","mlkem-native","v1.2.0 (0ba906cb14b1c241476134d7403a811b382ca498)","ML-KEM-1024","decapsulation",5,760462,1245184,True,""
"b78ae1c4-1a4d-4c90-b98a-d4796eaf0dc5","3614722a-daac-4718-a67f-fb7f298792c0","2026-08-12T22:28:28Z","riscv64_qemu_linux","EMULATED","riscv64","riscv64",2,3906,"Linux 6.17.0-14-generic","C compiler","unknown","-O3 (RISC-V Linux guest)","mlkem-native","v1.2.0 (0ba906cb14b1c241476134d7403a811b382ca498)","ML-KEM-1024","keygen",6,609670,1245184,True,""
"b78ae1c4-1a4d-4c90-b98a-d4796eaf0dc5","3614722a-daac-4718-a67f-fb7f298792c0","2026-08-12T22:28:28Z","riscv64_qemu_linux","EMULATED","riscv64","riscv64",2,3906,"Linux 6.17.0-14-generic","C compiler","unknown","-O3 (RISC-V Linux guest)","mlkem-native","v1.2.0 (0ba906cb14b1c241476134d7403a811b382ca498)","ML-KEM-1024","encapsulation",6,827159,1245184,True,""
"b78ae1c4-1a4d-4c90-b98a-d4796eaf0dc5","3614722a-daac-4718-a67f-fb7f298792c0","2026-08-12T22:28:28Z","riscv64_qemu_linux","EMULATED","riscv64","riscv64",2,3906,"Linux 6.17.0-14-generic","C compiler","unknown","-O3 (RISC-V Linux guest)","mlkem-native","v1.2.0 (0ba906cb14b1c241476134d7403a811b382ca498)","ML-KEM-1024","decapsulation",6,790361,1245184,True,""
"b78ae1c4-1a4d-4c90-b98a-d4796eaf0dc5","3614722a-daac-4718-a67f-fb7f298792c0","2026-08-12T22:28:28Z","riscv64_qemu_linux","EMULATED","riscv64","riscv64",2,3906,"Linux 6.17.0-14-generic","C compiler","unknown","-O3 (RISC-V Linux guest)","mlkem-native","v1.2.0 (0ba906cb14b1c241476134d7403a811b382ca498)","ML-KEM-1024","keygen",7,622769,1245184,True,""
"b78ae1c4-1a4d-4c90-b98a-d4796eaf0dc5","3614722a-daac-4718-a67f-fb7f298792c0","2026-08-12T22:28:28Z","riscv64_qemu_linux","EMULATED","riscv64","riscv64",2,3906,"Linux 6.17.0-14-generic","C compiler","unknown","-O3 (RISC-V Linux guest)","mlkem-native","v1.2.0 (0ba906cb14b1c241476134d7403a811b382ca498)","ML-KEM-1024","encapsulation",7,841158,1245184,True,""
"b78ae1c4-1a4d-4c90-b98a-d4796eaf0dc5","3614722a-daac-4718-a67f-fb7f298792c0","2026-08-12T22:28:28Z","riscv64_qemu_linux","EMULATED","riscv64","riscv64",2,3906,"Linux 6.17.0-14-generic","C compiler","unknown","-O3 (RISC-V Linux guest)","mlkem-native","v1.2.0 (0ba906cb14b1c241476134d7403a811b382ca498)","ML-KEM-1024","decapsulation",7,774561,1245184,True,""
"b78ae1c4-1a4d-4c90-b98a-d4796eaf0dc5","3614722a-daac-4718-a67f-fb7f298792c0","2026-08-12T22:28:28Z","riscv64_qemu_linux","EMULATED","riscv64","riscv64",2,3906,"Linux 6.17.0-14-generic","C compiler","unknown","-O3 (RISC-V Linux guest)","mlkem-native","v1.2.0 (0ba906cb14b1c241476134d7403a811b382ca498)","ML-KEM-1024","keygen",8,597870,1245184,True,""
"b78ae1c4-1a4d-4c90-b98a-d4796eaf0dc5","3614722a-daac-4718-a67f-fb7f298792c0","2026-08-12T22:28:28Z","riscv64_qemu_linux","EMULATED","riscv64","riscv64",2,3906,"Linux 6.17.0-14-generic","C compiler","unknown","-O3 (RISC-V Linux guest)","mlkem-native","v1.2.0 (0ba906cb14b1c241476134d7403a811b382ca498)","ML-KEM-1024","encapsulation",8,638468,1245184,True,""
"b78ae1c4-1a4d-4c90-b98a-d4796eaf0dc5","3614722a-daac-4718-a67f-fb7f298792c0","2026-08-12T22:28:28Z","riscv64_qemu_linux","EMULATED","riscv64","riscv64",2,3906,"Linux 6.17.0-14-generic","C compiler","unknown","-O3 (RISC-V Linux guest)","mlkem-native","v1.2.0 (0ba906cb14b1c241476134d7403a811b382ca498)","ML-KEM-1024","decapsulation",8,839058,1245184,True,""
"b78ae1c4-1a4d-4c90-b98a-d4796eaf0dc5","3614722a-daac-4718-a67f-fb7f298792c0","2026-08-12T22:28:28Z","riscv64_qemu_linux","EMULATED","riscv64","riscv64",2,3906,"Linux 6.17.0-14-generic","C compiler","unknown","-O3 (RISC-V Linux guest)","mlkem-native","v1.2.0 (0ba906cb14b1c241476134d7403a811b382ca498)","ML-KEM-1024","keygen",9,644468,1245184,True,""
"b78ae1c4-1a4d-4c90-b98a-d4796eaf0dc5","3614722a-daac-4718-a67f-fb7f298792c0","2026-08-12T22:28:28Z","riscv64_qemu_linux","EMULATED","riscv64","riscv64",2,3906,"Linux 6.17.0-14-generic","C compiler","unknown","-O3 (RISC-V Linux guest)","mlkem-native","v1.2.0 (0ba906cb14b1c241476134d7403a811b382ca498)","ML-KEM-1024","encapsulation",9,748662,1245184,True,""
"b78ae1c4-1a4d-4c90-b98a-d4796eaf0dc5","3614722a-daac-4718-a67f-fb7f298792c0","2026-08-12T22:28:28Z","riscv64_qemu_linux","EMULATED","riscv64","riscv64",2,3906,"Linux 6.17.0-14-generic","C compiler","unknown","-O3 (RISC-V Linux guest)","mlkem-native","v1.2.0 (0ba906cb14b1c241476134d7403a811b382ca498)","ML-KEM-1024","decapsulation",9,794660,1245184,True,""
"b78ae1c4-1a4d-4c90-b98a-d4796eaf0dc5","3614722a-daac-4718-a67f-fb7f298792c0","2026-08-12T22:28:28Z","riscv64_qemu_linux","EMULATED","riscv64","riscv64",2,3906,"Linux 6.17.0-14-generic","C compiler","unknown","-O3 (RISC-V Linux guest)","mlkem-native","v1.2.0 (0ba906cb14b1c241476134d7403a811b382ca498)","ML-KEM-1024","keygen",10,609370,1245184,True,""
"b78ae1c4-1a4d-4c90-b98a-d4796eaf0dc5","3614722a-daac-4718-a67f-fb7f298792c0","2026-08-12T22:28:28Z","riscv64_qemu_linux","EMULATED","riscv64","riscv64",2,3906,"Linux 6.17.0-14-generic","C compiler","unknown","-O3 (RISC-V Linux guest)","mlkem-native","v1.2.0 (0ba906cb14b1c241476134d7403a811b382ca498)","ML-KEM-1024","encapsulation",10,697866,1245184,True,""
"b78ae1c4-1a4d-4c90-b98a-d4796eaf0dc5","3614722a-daac-4718-a67f-fb7f298792c0","2026-08-12T22:28:28Z","riscv64_qemu_linux","EMULATED","riscv64","riscv64",2,3906,"Linux 6.17.0-14-generic","C compiler","unknown","-O3 (RISC-V Linux guest)","mlkem-native","v1.2.0 (0ba906cb14b1c241476134d7403a811b382ca498)","ML-KEM-1024","decapsulation",10,765262,1245184,True,""
"b78ae1c4-1a4d-4c90-b98a-d4796eaf0dc5","3614722a-daac-4718-a67f-fb7f298792c0","2026-08-12T22:28:28Z","riscv64_qemu_linux","EMULATED","riscv64","riscv64",2,3906,"Linux 6.17.0-14-generic","C compiler","unknown","-O3 (RISC-V Linux guest)","mlkem-native","v1.2.0 (0ba906cb14b1c241476134d7403a811b382ca498)","ML-KEM-1024","keygen",11,604870,1245184,True,""
"b78ae1c4-1a4d-4c90-b98a-d4796eaf0dc5","3614722a-daac-4718-a67f-fb7f298792c0","2026-08-12T22:28:28Z","riscv64_qemu_linux","EMULATED","riscv64","riscv64",2,3906,"Linux 6.17.0-14-generic","C compiler","unknown","-O3 (RISC-V Linux guest)","mlkem-native","v1.2.0 (0ba906cb14b1c241476134d7403a811b382ca498)","ML-KEM-1024","encapsulation",11,1143143,1245184,True,""
"b78ae1c4-1a4d-4c90-b98a-d4796eaf0dc5","3614722a-daac-4718-a67f-fb7f298792c0","2026-08-12T22:28:28Z","riscv64_qemu_linux","EMULATED","riscv64","riscv64",2,3906,"Linux 6.17.0-14-generic","C compiler","unknown","-O3 (RISC-V Linux guest)","mlkem-native","v1.2.0 (0ba906cb14b1c241476134d7403a811b382ca498)","ML-KEM-1024","decapsulation",11,740963,1245184,True,""
"b78ae1c4-1a4d-4c90-b98a-d4796eaf0dc5","3614722a-daac-4718-a67f-fb7f298792c0","2026-08-12T22:28:28Z","riscv64_qemu_linux","EMULATED","riscv64","riscv64",2,3906,"Linux 6.17.0-14-generic","C compiler","unknown","-O3 (RISC-V Linux guest)","mlkem-native","v1.2.0 (0ba906cb14b1c241476134d7403a811b382ca498)","ML-KEM-1024","keygen",12,800960,1245184,True,""
"b78ae1c4-1a4d-4c90-b98a-d4796eaf0dc5","3614722a-daac-4718-a67f-fb7f298792c0","2026-08-12T22:28:28Z","riscv64_qemu_linux","EMULATED","riscv64","riscv64",2,3906,"Linux 6.17.0-14-generic","C compiler","unknown","-O3 (RISC-V Linux guest)","mlkem-native","v1.2.0 (0ba906cb14b1c241476134d7403a811b382ca498)","ML-KEM-1024","encapsulation",12,660568,1245184,True,""
"b78ae1c4-1a4d-4c90-b98a-d4796eaf0dc5","3614722a-daac-4718-a67f-fb7f298792c0","2026-08-12T22:28:28Z","riscv64_qemu_linux","EMULATED","riscv64","riscv64",2,3906,"Linux 6.17.0-14-generic","C compiler","unknown","-O3 (RISC-V Linux guest)","mlkem-native","v1.2.0 (0ba906cb14b1c241476134d7403a811b382ca498)","ML-KEM-1024","decapsulation",12,749762,1245184,True,""
"b78ae1c4-1a4d-4c90-b98a-d4796eaf0dc5","3614722a-daac-4718-a67f-fb7f298792c0","2026-08-12T22:28:28Z","riscv64_qemu_linux","EMULATED","riscv64","riscv64",2,3906,"Linux 6.17.0-14-generic","C compiler","unknown","-O3 (RISC-V Linux guest)","mlkem-native","v1.2.0 (0ba906cb14b1c241476134d7403a811b382ca498)","ML-KEM-1024","keygen",13,787361,1245184,True,""
"b78ae1c4-1a4d-4c90-b98a-d4796eaf0dc5","3614722a-daac-4718-a67f-fb7f298792c0","2026-08-12T22:28:28Z","riscv64_qemu_linux","EMULATED","riscv64","riscv64",2,3906,"Linux 6.17.0-14-generic","C compiler","unknown","-O3 (RISC-V Linux guest)","mlkem-native","v1.2.0 (0ba906cb14b1c241476134d7403a811b382ca498)","ML-KEM-1024","encapsulation",13,665967,1245184,True,""
"b78ae1c4-1a4d-4c90-b98a-d4796eaf0dc5","3614722a-daac-4718-a67f-fb7f298792c0","2026-08-12T22:28:28Z","riscv64_qemu_linux","EMULATED","riscv64","riscv64",2,3906,"Linux 6.17.0-14-generic","C compiler","unknown","-O3 (RISC-V Linux guest)","mlkem-native","v1.2.0 (0ba906cb14b1c241476134d7403a811b382ca498)","ML-KEM-1024","decapsulation",13,761162,1245184,True,""
"b78ae1c4-1a4d-4c90-b98a-d4796eaf0dc5","3614722a-daac-4718-a67f-fb7f298792c0","2026-08-12T22:28:28Z","riscv64_qemu_linux","EMULATED","riscv64","riscv64",2,3906,"Linux 6.17.0-14-generic","C compiler","unknown","-O3 (RISC-V Linux guest)","mlkem-native","v1.2.0 (0ba906cb14b1c241476134d7403a811b382ca498)","ML-KEM-1024","keygen",14,646468,1245184,True,""
"b78ae1c4-1a4d-4c90-b98a-d4796eaf0dc5","3614722a-daac-4718-a67f-fb7f298792c0","2026-08-12T22:28:28Z","riscv64_qemu_linux","EMULATED","riscv64","riscv64",2,3906,"Linux 6.17.0-14-generic","C compiler","unknown","-O3 (RISC-V Linux guest)","mlkem-native","v1.2.0 (0ba906cb14b1c241476134d7403a811b382ca498)","ML-KEM-1024","encapsulation",14,908655,1245184,True,""
"b78ae1c4-1a4d-4c90-b98a-d4796eaf0dc5","3614722a-daac-4718-a67f-fb7f298792c0","2026-08-12T22:28:28Z","riscv64_qemu_linux","EMULATED","riscv64","riscv64",2,3906,"Linux 6.17.0-14-generic","C compiler","unknown","-O3 (RISC-V Linux guest)","mlkem-native","v1.2.0 (0ba906cb14b1c241476134d7403a811b382ca498)","ML-KEM-1024","decapsulation",14,1032149,1245184,True,""
"b78ae1c4-1a4d-4c90-b98a-d4796eaf0dc5","3614722a-daac-4718-a67f-fb7f298792c0","2026-08-12T22:28:28Z","riscv64_qemu_linux","EMULATED","riscv64","riscv64",2,3906,"Linux 6.17.0-14-generic","C compiler","unknown","-O3 (RISC-V Linux guest)","mlkem-native","v1.2.0 (0ba906cb14b1c241476134d7403a811b382ca498)","ML-KEM-1024","keygen",15,657068,1245184,True,""
"b78ae1c4-1a4d-4c90-b98a-d4796eaf0dc5","3614722a-daac-4718-a67f-fb7f298792c0","2026-08-12T22:28:28Z","riscv64_qemu_linux","EMULATED","riscv64","riscv64",2,3906,"Linux 6.17.0-14-generic","C compiler","unknown","-O3 (RISC-V Linux guest)","mlkem-native","v1.2.0 (0ba906cb14b1c241476134d7403a811b382ca498)","ML-KEM-1024","encapsulation",15,654167,1245184,True,""
"b78ae1c4-1a4d-4c90-b98a-d4796eaf0dc5","3614722a-daac-4718-a67f-fb7f298792c0","2026-08-12T22:28:28Z","riscv64_qemu_linux","EMULATED","riscv64","riscv64",2,3906,"Linux 6.17.0-14-generic","C compiler","unknown","-O3 (RISC-V Linux guest)","mlkem-native","v1.2.0 (0ba906cb14b1c241476134d7403a811b382ca498)","ML-KEM-1024","decapsulation",15,927654,1245184,True,""
"b78ae1c4-1a4d-4c90-b98a-d4796eaf0dc5","3614722a-daac-4718-a67f-fb7f298792c0","2026-08-12T22:28:28Z","riscv64_qemu_linux","EMULATED","riscv64","riscv64",2,3906,"Linux 6.17.0-14-generic","C compiler","unknown","-O3 (RISC-V Linux guest)","mlkem-native","v1.2.0 (0ba906cb14b1c241476134d7403a811b382ca498)","ML-KEM-1024","keygen",16,641368,1245184,True,""
"b78ae1c4-1a4d-4c90-b98a-d4796eaf0dc5","3614722a-daac-4718-a67f-fb7f298792c0","2026-08-12T22:28:28Z","riscv64_qemu_linux","EMULATED","riscv64","riscv64",2,3906,"Linux 6.17.0-14-generic","C compiler","unknown","-O3 (RISC-V Linux guest)","mlkem-native","v1.2.0 (0ba906cb14b1c241476134d7403a811b382ca498)","ML-KEM-1024","encapsulation",16,939353,1245184,True,""
"b78ae1c4-1a4d-4c90-b98a-d4796eaf0dc5","3614722a-daac-4718-a67f-fb7f298792c0","2026-08-12T22:28:28Z","riscv64_qemu_linux","EMULATED","riscv64","riscv64",2,3906,"Linux 6.17.0-14-generic","C compiler","unknown","-O3 (RISC-V Linux guest)","mlkem-native","v1.2.0 (0ba906cb14b1c241476134d7403a811b382ca498)","ML-KEM-1024","decapsulation",16,789461,1245184,True,""
"b78ae1c4-1a4d-4c90-b98a-d4796eaf0dc5","3614722a-daac-4718-a67f-fb7f298792c0","2026-08-12T22:28:28Z","riscv64_qemu_linux","EMULATED","riscv64","riscv64",2,3906,"Linux 6.17.0-14-generic","C compiler","unknown","-O3 (RISC-V Linux guest)","mlkem-native","v1.2.0 (0ba906cb14b1c241476134d7403a811b382ca498)","ML-KEM-1024","keygen",17,689765,1245184,True,""
"b78ae1c4-1a4d-4c90-b98a-d4796eaf0dc5","3614722a-daac-4718-a67f-fb7f298792c0","2026-08-12T22:28:28Z","riscv64_qemu_linux","EMULATED","riscv64","riscv64",2,3906,"Linux 6.17.0-14-generic","C compiler","unknown","-O3 (RISC-V Linux guest)","mlkem-native","v1.2.0 (0ba906cb14b1c241476134d7403a811b382ca498)","ML-KEM-1024","encapsulation",17,853858,1245184,True,""
"b78ae1c4-1a4d-4c90-b98a-d4796eaf0dc5","3614722a-daac-4718-a67f-fb7f298792c0","2026-08-12T22:28:28Z","riscv64_qemu_linux","EMULATED","riscv64","riscv64",2,3906,"Linux 6.17.0-14-generic","C compiler","unknown","-O3 (RISC-V Linux guest)","mlkem-native","v1.2.0 (0ba906cb14b1c241476134d7403a811b382ca498)","ML-KEM-1024","decapsulation",17,798960,1245184,True,""
"b78ae1c4-1a4d-4c90-b98a-d4796eaf0dc5","3614722a-daac-4718-a67f-fb7f298792c0","2026-08-12T22:28:28Z","riscv64_qemu_linux","EMULATED","riscv64","riscv64",2,3906,"Linux 6.17.0-14-generic","C compiler","unknown","-O3 (RISC-V Linux guest)","mlkem-native","v1.2.0 (0ba906cb14b1c241476134d7403a811b382ca498)","ML-KEM-1024","keygen",18,633069,1245184,True,""
"b78ae1c4-1a4d-4c90-b98a-d4796eaf0dc5","3614722a-daac-4718-a67f-fb7f298792c0","2026-08-12T22:28:28Z","riscv64_qemu_linux","EMULATED","riscv64","riscv64",2,3906,"Linux 6.17.0-14-generic","C compiler","unknown","-O3 (RISC-V Linux guest)","mlkem-native","v1.2.0 (0ba906cb14b1c241476134d7403a811b382ca498)","ML-KEM-1024","encapsulation",18,832058,1245184,True,""
"b78ae1c4-1a4d-4c90-b98a-d4796eaf0dc5","3614722a-daac-4718-a67f-fb7f298792c0","2026-08-12T22:28:28Z","riscv64_qemu_linux","EMULATED","riscv64","riscv64",2,3906,"Linux 6.17.0-14-generic","C compiler","unknown","-O3 (RISC-V Linux guest)","mlkem-native","v1.2.0 (0ba906cb14b1c241476134d7403a811b382ca498)","ML-KEM-1024","decapsulation",18,789961,1245184,True,""
"b78ae1c4-1a4d-4c90-b98a-d4796eaf0dc5","3614722a-daac-4718-a67f-fb7f298792c0","2026-08-12T22:28:28Z","riscv64_qemu_linux","EMULATED","riscv64","riscv64",2,3906,"Linux 6.17.0-14-generic","C compiler","unknown","-O3 (RISC-V Linux guest)","mlkem-native","v1.2.0 (0ba906cb14b1c241476134d7403a811b382ca498)","ML-KEM-1024","keygen",19,615170,1245184,True,""
"b78ae1c4-1a4d-4c90-b98a-d4796eaf0dc5","3614722a-daac-4718-a67f-fb7f298792c0","2026-08-12T22:28:28Z","riscv64_qemu_linux","EMULATED","riscv64","riscv64",2,3906,"Linux 6.17.0-14-generic","C compiler","unknown","-O3 (RISC-V Linux guest)","mlkem-native","v1.2.0 (0ba906cb14b1c241476134d7403a811b382ca498)","ML-KEM-1024","encapsulation",19,648168,1245184,True,""
"b78ae1c4-1a4d-4c90-b98a-d4796eaf0dc5","3614722a-daac-4718-a67f-fb7f298792c0","2026-08-12T22:28:28Z","riscv64_qemu_linux","EMULATED","riscv64","riscv64",2,3906,"Linux 6.17.0-14-generic","C compiler","unknown","-O3 (RISC-V Linux guest)","mlkem-native","v1.2.0 (0ba906cb14b1c241476134d7403a811b382ca498)","ML-KEM-1024","decapsulation",19,828959,1245184,True,""
"b78ae1c4-1a4d-4c90-b98a-d4796eaf0dc5","3614722a-daac-4718-a67f-fb7f298792c0","2026-08-12T22:28:28Z","riscv64_qemu_linux","EMULATED","riscv64","riscv64",2,3906,"Linux 6.17.0-14-generic","C compiler","unknown","-O3 (RISC-V Linux guest)","mlkem-native","v1.2.0 (0ba906cb14b1c241476134d7403a811b382ca498)","ML-KEM-1024","keygen",20,753162,1245184,True,""
"b78ae1c4-1a4d-4c90-b98a-d4796eaf0dc5","3614722a-daac-4718-a67f-fb7f298792c0","2026-08-12T22:28:28Z","riscv64_qemu_linux","EMULATED","riscv64","riscv64",2,3906,"Linux 6.17.0-14-generic","C compiler","unknown","-O3 (RISC-V Linux guest)","mlkem-native","v1.2.0 (0ba906cb14b1c241476134d7403a811b382ca498)","ML-KEM-1024","encapsulation",20,824560,1245184,True,""
"b78ae1c4-1a4d-4c90-b98a-d4796eaf0dc5","3614722a-daac-4718-a67f-fb7f298792c0","2026-08-12T22:28:28Z","riscv64_qemu_linux","EMULATED","riscv64","riscv64",2,3906,"Linux 6.17.0-14-generic","C compiler","unknown","-O3 (RISC-V Linux guest)","mlkem-native","v1.2.0 (0ba906cb14b1c241476134d7403a811b382ca498)","ML-KEM-1024","decapsulation",20,808560,1245184,True,""
"b78ae1c4-1a4d-4c90-b98a-d4796eaf0dc5","3614722a-daac-4718-a67f-fb7f298792c0","2026-08-12T22:28:28Z","riscv64_qemu_linux","EMULATED","riscv64","riscv64",2,3906,"Linux 6.17.0-14-generic","C compiler","unknown","-O3 (RISC-V Linux guest)","mlkem-native","v1.2.0 (0ba906cb14b1c241476134d7403a811b382ca498)","ML-KEM-1024","keygen",21,631669,1245184,True,""
"b78ae1c4-1a4d-4c90-b98a-d4796eaf0dc5","3614722a-daac-4718-a67f-fb7f298792c0","2026-08-12T22:28:28Z","riscv64_qemu_linux","EMULATED","riscv64","riscv64",2,3906,"Linux 6.17.0-14-generic","C compiler","unknown","-O3 (RISC-V Linux guest)","mlkem-native","v1.2.0 (0ba906cb14b1c241476134d7403a811b382ca498)","ML-KEM-1024","encapsulation",21,815960,1245184,True,""
"b78ae1c4-1a4d-4c90-b98a-d4796eaf0dc5","3614722a-daac-4718-a67f-fb7f298792c0","2026-08-12T22:28:28Z","riscv64_qemu_linux","EMULATED","riscv64","riscv64",2,3906,"Linux 6.17.0-14-generic","C compiler","unknown","-O3 (RISC-V Linux guest)","mlkem-native","v1.2.0 (0ba906cb14b1c241476134d7403a811b382ca498)","ML-KEM-1024","decapsulation",21,785961,1245184,True,""
"b78ae1c4-1a4d-4c90-b98a-d4796eaf0dc5","3614722a-daac-4718-a67f-fb7f298792c0","2026-08-12T22:28:28Z","riscv64_qemu_linux","EMULATED","riscv64","riscv64",2,3906,"Linux 6.17.0-14-generic","C compiler","unknown","-O3 (RISC-V Linux guest)","mlkem-native","v1.2.0 (0ba906cb14b1c241476134d7403a811b382ca498)","ML-KEM-1024","keygen",22,643768,1245184,True,""
"b78ae1c4-1a4d-4c90-b98a-d4796eaf0dc5","3614722a-daac-4718-a67f-fb7f298792c0","2026-08-12T22:28:28Z","riscv64_qemu_linux","EMULATED","riscv64","riscv64",2,3906,"Linux 6.17.0-14-generic","C compiler","unknown","-O3 (RISC-V Linux guest)","mlkem-native","v1.2.0 (0ba906cb14b1c241476134d7403a811b382ca498)","ML-KEM-1024","encapsulation",22,810660,1245184,True,""
"b78ae1c4-1a4d-4c90-b98a-d4796eaf0dc5","3614722a-daac-4718-a67f-fb7f298792c0","2026-08-12T22:28:28Z","riscv64_qemu_linux","EMULATED","riscv64","riscv64",2,3906,"Linux 6.17.0-14-generic","C compiler","unknown","-O3 (RISC-V Linux guest)","mlkem-native","v1.2.0 (0ba906cb14b1c241476134d7403a811b382ca498)","ML-KEM-1024","decapsulation",22,793361,1245184,True,""
"b78ae1c4-1a4d-4c90-b98a-d4796eaf0dc5","3614722a-daac-4718-a67f-fb7f298792c0","2026-08-12T22:28:28Z","riscv64_qemu_linux","EMULATED","riscv64","riscv64",2,3906,"Linux 6.17.0-14-generic","C compiler","unknown","-O3 (RISC-V Linux guest)","mlkem-native","v1.2.0 (0ba906cb14b1c241476134d7403a811b382ca498)","ML-KEM-1024","keygen",23,620169,1245184,True,""
"b78ae1c4-1a4d-4c90-b98a-d4796eaf0dc5","3614722a-daac-4718-a67f-fb7f298792c0","2026-08-12T22:28:28Z","riscv64_qemu_linux","EMULATED","riscv64","riscv64",2,3906,"Linux 6.17.0-14-generic","C compiler","unknown","-O3 (RISC-V Linux guest)","mlkem-native","v1.2.0 (0ba906cb14b1c241476134d7403a811b382ca498)","ML-KEM-1024","encapsulation",23,753763,1245184,True,""
"b78ae1c4-1a4d-4c90-b98a-d4796eaf0dc5","3614722a-daac-4718-a67f-fb7f298792c0","2026-08-12T22:28:28Z","riscv64_qemu_linux","EMULATED","riscv64","riscv64",2,3906,"Linux 6.17.0-14-generic","C compiler","unknown","-O3 (RISC-V Linux guest)","mlkem-native","v1.2.0 (0ba906cb14b1c241476134d7403a811b382ca498)","ML-KEM-1024","decapsulation",23,793161,1245184,True,""
"b78ae1c4-1a4d-4c90-b98a-d4796eaf0dc5","3614722a-daac-4718-a67f-fb7f298792c0","2026-08-12T22:28:28Z","riscv64_qemu_linux","EMULATED","riscv64","riscv64",2,3906,"Linux 6.17.0-14-generic","C compiler","unknown","-O3 (RISC-V Linux guest)","mlkem-native","v1.2.0 (0ba906cb14b1c241476134d7403a811b382ca498)","ML-KEM-1024","keygen",24,642968,1245184,True,""
"b78ae1c4-1a4d-4c90-b98a-d4796eaf0dc5","3614722a-daac-4718-a67f-fb7f298792c0","2026-08-12T22:28:28Z","riscv64_qemu_linux","EMULATED","riscv64","riscv64",2,3906,"Linux 6.17.0-14-generic","C compiler","unknown","-O3 (RISC-V Linux guest)","mlkem-native","v1.2.0 (0ba906cb14b1c241476134d7403a811b382ca498)","ML-KEM-1024","encapsulation",24,636068,1245184,True,""
"b78ae1c4-1a4d-4c90-b98a-d4796eaf0dc5","3614722a-daac-4718-a67f-fb7f298792c0","2026-08-12T22:28:28Z","riscv64_qemu_linux","EMULATED","riscv64","riscv64",2,3906,"Linux 6.17.0-14-generic","C compiler","unknown","-O3 (RISC-V Linux guest)","mlkem-native","v1.2.0 (0ba906cb14b1c241476134d7403a811b382ca498)","ML-KEM-1024","decapsulation",24,796161,1245184,True,""
"b78ae1c4-1a4d-4c90-b98a-d4796eaf0dc5","3614722a-daac-4718-a67f-fb7f298792c0","2026-08-12T22:28:28Z","riscv64_qemu_linux","EMULATED","riscv64","riscv64",2,3906,"Linux 6.17.0-14-generic","C compiler","unknown","-O3 (RISC-V Linux guest)","mlkem-native","v1.2.0 (0ba906cb14b1c241476134d7403a811b382ca498)","ML-KEM-1024","keygen",25,628669,1245184,True,""
"b78ae1c4-1a4d-4c90-b98a-d4796eaf0dc5","3614722a-daac-4718-a67f-fb7f298792c0","2026-08-12T22:28:28Z","riscv64_qemu_linux","EMULATED","riscv64","riscv64",2,3906,"Linux 6.17.0-14-generic","C compiler","unknown","-O3 (RISC-V Linux guest)","mlkem-native","v1.2.0 (0ba906cb14b1c241476134d7403a811b382ca498)","ML-KEM-1024","encapsulation",25,656167,1245184,True,""
"b78ae1c4-1a4d-4c90-b98a-d4796eaf0dc5","3614722a-daac-4718-a67f-fb7f298792c0","2026-08-12T22:28:28Z","riscv64_qemu_linux","EMULATED","riscv64","riscv64",2,3906,"Linux 6.17.0-14-generic","C compiler","unknown","-O3 (RISC-V Linux guest)","mlkem-native","v1.2.0 (0ba906cb14b1c241476134d7403a811b382ca498)","ML-KEM-1024","decapsulation",25,762062,1245184,True,""
"b78ae1c4-1a4d-4c90-b98a-d4796eaf0dc5","3614722a-daac-4718-a67f-fb7f298792c0","2026-08-12T22:28:28Z","riscv64_qemu_linux","EMULATED","riscv64","riscv64",2,3906,"Linux 6.17.0-14-generic","C compiler","unknown","-O3 (RISC-V Linux guest)","mlkem-native","v1.2.0 (0ba906cb14b1c241476134d7403a811b382ca498)","ML-KEM-1024","keygen",26,633769,1245184,True,""
"b78ae1c4-1a4d-4c90-b98a-d4796eaf0dc5","3614722a-daac-4718-a67f-fb7f298792c0","2026-08-12T22:28:28Z","riscv64_qemu_linux","EMULATED","riscv64","riscv64",2,3906,"Linux 6.17.0-14-generic","C compiler","unknown","-O3 (RISC-V Linux guest)","mlkem-native","v1.2.0 (0ba906cb14b1c241476134d7403a811b382ca498)","ML-KEM-1024","encapsulation",26,644468,1245184,True,""
"b78ae1c4-1a4d-4c90-b98a-d4796eaf0dc5","3614722a-daac-4718-a67f-fb7f298792c0","2026-08-12T22:28:28Z","riscv64_qemu_linux","EMULATED","riscv64","riscv64",2,3906,"Linux 6.17.0-14-generic","C compiler","unknown","-O3 (RISC-V Linux guest)","mlkem-native","v1.2.0 (0ba906cb14b1c241476134d7403a811b382ca498)","ML-KEM-1024","decapsulation",26,1024650,1245184,True,""
"b78ae1c4-1a4d-4c90-b98a-d4796eaf0dc5","3614722a-daac-4718-a67f-fb7f298792c0","2026-08-12T22:28:28Z","riscv64_qemu_linux","EMULATED","riscv64","riscv64",2,3906,"Linux 6.17.0-14-generic","C compiler","unknown","-O3 (RISC-V Linux guest)","mlkem-native","v1.2.0 (0ba906cb14b1c241476134d7403a811b382ca498)","ML-KEM-1024","keygen",27,645668,1245184,True,""
"b78ae1c4-1a4d-4c90-b98a-d4796eaf0dc5","3614722a-daac-4718-a67f-fb7f298792c0","2026-08-12T22:28:28Z","riscv64_qemu_linux","EMULATED","riscv64","riscv64",2,3906,"Linux 6.17.0-14-generic","C compiler","unknown","-O3 (RISC-V Linux guest)","mlkem-native","v1.2.0 (0ba906cb14b1c241476134d7403a811b382ca498)","ML-KEM-1024","encapsulation",27,636168,1245184,True,""
"b78ae1c4-1a4d-4c90-b98a-d4796eaf0dc5","3614722a-daac-4718-a67f-fb7f298792c0","2026-08-12T22:28:28Z","riscv64_qemu_linux","EMULATED","riscv64","riscv64",2,3906,"Linux 6.17.0-14-generic","C compiler","unknown","-O3 (RISC-V Linux guest)","mlkem-native","v1.2.0 (0ba906cb14b1c241476134d7403a811b382ca498)","ML-KEM-1024","decapsulation",27,1195741,1245184,True,""
"b78ae1c4-1a4d-4c90-b98a-d4796eaf0dc5","3614722a-daac-4718-a67f-fb7f298792c0","2026-08-12T22:28:28Z","riscv64_qemu_linux","EMULATED","riscv64","riscv64",2,3906,"Linux 6.17.0-14-generic","C compiler","unknown","-O3 (RISC-V Linux guest)","mlkem-native","v1.2.0 (0ba906cb14b1c241476134d7403a811b382ca498)","ML-KEM-1024","keygen",28,626669,1245184,True,""
"b78ae1c4-1a4d-4c90-b98a-d4796eaf0dc5","3614722a-daac-4718-a67f-fb7f298792c0","2026-08-12T22:28:28Z","riscv64_qemu_linux","EMULATED","riscv64","riscv64",2,3906,"Linux 6.17.0-14-generic","C compiler","unknown","-O3 (RISC-V Linux guest)","mlkem-native","v1.2.0 (0ba906cb14b1c241476134d7403a811b382ca498)","ML-KEM-1024","encapsulation",28,710265,1245184,True,""
"b78ae1c4-1a4d-4c90-b98a-d4796eaf0dc5","3614722a-daac-4718-a67f-fb7f298792c0","2026-08-12T22:28:28Z","riscv64_qemu_linux","EMULATED","riscv64","riscv64",2,3906,"Linux 6.17.0-14-generic","C compiler","unknown","-O3 (RISC-V Linux guest)","mlkem-native","v1.2.0 (0ba906cb14b1c241476134d7403a811b382ca498)","ML-KEM-1024","decapsulation",28,830059,1245184,True,""
"b78ae1c4-1a4d-4c90-b98a-d4796eaf0dc5","3614722a-daac-4718-a67f-fb7f298792c0","2026-08-12T22:28:28Z","riscv64_qemu_linux","EMULATED","riscv64","riscv64",2,3906,"Linux 6.17.0-14-generic","C compiler","unknown","-O3 (RISC-V Linux guest)","mlkem-native","v1.2.0 (0ba906cb14b1c241476134d7403a811b382ca498)","ML-KEM-1024","keygen",29,656968,1245184,True,""
"b78ae1c4-1a4d-4c90-b98a-d4796eaf0dc5","3614722a-daac-4718-a67f-fb7f298792c0","2026-08-12T22:28:28Z","riscv64_qemu_linux","EMULATED","riscv64","riscv64",2,3906,"Linux 6.17.0-14-generic","C compiler","unknown","-O3 (RISC-V Linux guest)","mlkem-native","v1.2.0 (0ba906cb14b1c241476134d7403a811b382ca498)","ML-KEM-1024","encapsulation",29,825759,1245184,True,""
"b78ae1c4-1a4d-4c90-b98a-d4796eaf0dc5","3614722a-daac-4718-a67f-fb7f298792c0","2026-08-12T22:28:28Z","riscv64_qemu_linux","EMULATED","riscv64","riscv64",2,3906,"Linux 6.17.0-14-generic","C compiler","unknown","-O3 (RISC-V Linux guest)","mlkem-native","v1.2.0 (0ba906cb14b1c241476134d7403a811b382ca498)","ML-KEM-1024","decapsulation",29,768662,1245184,True,""
"b78ae1c4-1a4d-4c90-b98a-d4796eaf0dc5","3614722a-daac-4718-a67f-fb7f298792c0","2026-08-12T22:28:28Z","riscv64_qemu_linux","EMULATED","riscv64","riscv64",2,3906,"Linux 6.17.0-14-generic","C compiler","unknown","-O3 (RISC-V Linux guest)","mlkem-native","v1.2.0 (0ba906cb14b1c241476134d7403a811b382ca498)","ML-KEM-1024","keygen",30,711965,1245184,True,""
"b78ae1c4-1a4d-4c90-b98a-d4796eaf0dc5","3614722a-daac-4718-a67f-fb7f298792c0","2026-08-12T22:28:28Z","riscv64_qemu_linux","EMULATED","riscv64","riscv64",2,3906,"Linux 6.17.0-14-generic","C compiler","unknown","-O3 (RISC-V Linux guest)","mlkem-native","v1.2.0 (0ba906cb14b1c241476134d7403a811b382ca498)","ML-KEM-1024","encapsulation",30,905955,1245184,True,""
"b78ae1c4-1a4d-4c90-b98a-d4796eaf0dc5","3614722a-daac-4718-a67f-fb7f298792c0","2026-08-12T22:28:28Z","riscv64_qemu_linux","EMULATED","riscv64","riscv64",2,3906,"Linux 6.17.0-14-generic","C compiler","unknown","-O3 (RISC-V Linux guest)","mlkem-native","v1.2.0 (0ba906cb14b1c241476134d7403a811b382ca498)","ML-KEM-1024","decapsulation",30,811160,1245184,True,""
"b78ae1c4-1a4d-4c90-b98a-d4796eaf0dc5","3614722a-daac-4718-a67f-fb7f298792c0","2026-08-12T22:28:28Z","riscv64_qemu_linux","EMULATED","riscv64","riscv64",2,3906,"Linux 6.17.0-14-generic","C compiler","unknown","-O3 (RISC-V Linux guest)","mlkem-native","v1.2.0 (0ba906cb14b1c241476134d7403a811b382ca498)","ML-KEM-1024","keygen",31,644568,1245184,True,""
"b78ae1c4-1a4d-4c90-b98a-d4796eaf0dc5","3614722a-daac-4718-a67f-fb7f298792c0","2026-08-12T22:28:28Z","riscv64_qemu_linux","EMULATED","riscv64","riscv64",2,3906,"Linux 6.17.0-14-generic","C compiler","unknown","-O3 (RISC-V Linux guest)","mlkem-native","v1.2.0 (0ba906cb14b1c241476134d7403a811b382ca498)","ML-KEM-1024","encapsulation",31,885956,1245184,True,""
"b78ae1c4-1a4d-4c90-b98a-d4796eaf0dc5","3614722a-daac-4718-a67f-fb7f298792c0","2026-08-12T22:28:28Z","riscv64_qemu_linux","EMULATED","riscv64","riscv64",2,3906,"Linux 6.17.0-14-generic","C compiler","unknown","-O3 (RISC-V Linux guest)","mlkem-native","v1.2.0 (0ba906cb14b1c241476134d7403a811b382ca498)","ML-KEM-1024","decapsulation",31,916254,1245184,True,""
"b78ae1c4-1a4d-4c90-b98a-d4796eaf0dc5","3614722a-daac-4718-a67f-fb7f298792c0","2026-08-12T22:28:28Z","riscv64_qemu_linux","EMULATED","riscv64","riscv64",2,3906,"Linux 6.17.0-14-generic","C compiler","unknown","-O3 (RISC-V Linux guest)","mlkem-native","v1.2.0 (0ba906cb14b1c241476134d7403a811b382ca498)","ML-KEM-1024","keygen",32,629368,1245184,True,""
"b78ae1c4-1a4d-4c90-b98a-d4796eaf0dc5","3614722a-daac-4718-a67f-fb7f298792c0","2026-08-12T22:28:28Z","riscv64_qemu_linux","EMULATED","riscv64","riscv64",2,3906,"Linux 6.17.0-14-generic","C compiler","unknown","-O3 (RISC-V Linux guest)","mlkem-native","v1.2.0 (0ba906cb14b1c241476134d7403a811b382ca498)","ML-KEM-1024","encapsulation",32,1915606,1245184,True,""
"b78ae1c4-1a4d-4c90-b98a-d4796eaf0dc5","3614722a-daac-4718-a67f-fb7f298792c0","2026-08-12T22:28:28Z","riscv64_qemu_linux","EMULATED","riscv64","riscv64",2,3906,"Linux 6.17.0-14-generic","C compiler","unknown","-O3 (RISC-V Linux guest)","mlkem-native","v1.2.0 (0ba906cb14b1c241476134d7403a811b382ca498)","ML-KEM-1024","decapsulation",32,963852,1245184,True,""
"b78ae1c4-1a4d-4c90-b98a-d4796eaf0dc5","3614722a-daac-4718-a67f-fb7f298792c0","2026-08-12T22:28:28Z","riscv64_qemu_linux","EMULATED","riscv64","riscv64",2,3906,"Linux 6.17.0-14-generic","C compiler","unknown","-O3 (RISC-V Linux guest)","mlkem-native","v1.2.0 (0ba906cb14b1c241476134d7403a811b382ca498)","ML-KEM-1024","keygen",33,629269,1245184,True,""
"b78ae1c4-1a4d-4c90-b98a-d4796eaf0dc5","3614722a-daac-4718-a67f-fb7f298792c0","2026-08-12T22:28:28Z","riscv64_qemu_linux","EMULATED","riscv64","riscv64",2,3906,"Linux 6.17.0-14-generic","C compiler","unknown","-O3 (RISC-V Linux guest)","mlkem-native","v1.2.0 (0ba906cb14b1c241476134d7403a811b382ca498)","ML-KEM-1024","encapsulation",33,657668,1245184,True,""
"b78ae1c4-1a4d-4c90-b98a-d4796eaf0dc5","3614722a-daac-4718-a67f-fb7f298792c0","2026-08-12T22:28:28Z","riscv64_qemu_linux","EMULATED","riscv64","riscv64",2,3906,"Linux 6.17.0-14-generic","C compiler","unknown","-O3 (RISC-V Linux guest)","mlkem-native","v1.2.0 (0ba906cb14b1c241476134d7403a811b382ca498)","ML-KEM-1024","decapsulation",33,764862,1245184,True,""
"b78ae1c4-1a4d-4c90-b98a-d4796eaf0dc5","3614722a-daac-4718-a67f-fb7f298792c0","2026-08-12T22:28:28Z","riscv64_qemu_linux","EMULATED","riscv64","riscv64",2,3906,"Linux 6.17.0-14-generic","C compiler","unknown","-O3 (RISC-V Linux guest)","mlkem-native","v1.2.0 (0ba906cb14b1c241476134d7403a811b382ca498)","ML-KEM-1024","keygen",34,761962,1245184,True,""
"b78ae1c4-1a4d-4c90-b98a-d4796eaf0dc5","3614722a-daac-4718-a67f-fb7f298792c0","2026-08-12T22:28:28Z","riscv64_qemu_linux","EMULATED","riscv64","riscv64",2,3906,"Linux 6.17.0-14-generic","C compiler","unknown","-O3 (RISC-V Linux guest)","mlkem-native","v1.2.0 (0ba906cb14b1c241476134d7403a811b382ca498)","ML-KEM-1024","encapsulation",34,622869,1245184,True,""
"b78ae1c4-1a4d-4c90-b98a-d4796eaf0dc5","3614722a-daac-4718-a67f-fb7f298792c0","2026-08-12T22:28:28Z","riscv64_qemu_linux","EMULATED","riscv64","riscv64",2,3906,"Linux 6.17.0-14-generic","C compiler","unknown","-O3 (RISC-V Linux guest)","mlkem-native","v1.2.0 (0ba906cb14b1c241476134d7403a811b382ca498)","ML-KEM-1024","decapsulation",34,736863,1245184,True,""
"b78ae1c4-1a4d-4c90-b98a-d4796eaf0dc5","3614722a-daac-4718-a67f-fb7f298792c0","2026-08-12T22:28:28Z","riscv64_qemu_linux","EMULATED","riscv64","riscv64",2,3906,"Linux 6.17.0-14-generic","C compiler","unknown","-O3 (RISC-V Linux guest)","mlkem-native","v1.2.0 (0ba906cb14b1c241476134d7403a811b382ca498)","ML-KEM-1024","keygen",35,610270,1245184,True,""
"b78ae1c4-1a4d-4c90-b98a-d4796eaf0dc5","3614722a-daac-4718-a67f-fb7f298792c0","2026-08-12T22:28:28Z","riscv64_qemu_linux","EMULATED","riscv64","riscv64",2,3906,"Linux 6.17.0-14-generic","C compiler","unknown","-O3 (RISC-V Linux guest)","mlkem-native","v1.2.0 (0ba906cb14b1c241476134d7403a811b382ca498)","ML-KEM-1024","encapsulation",35,668467,1245184,True,""
"b78ae1c4-1a4d-4c90-b98a-d4796eaf0dc5","3614722a-daac-4718-a67f-fb7f298792c0","2026-08-12T22:28:28Z","riscv64_qemu_linux","EMULATED","riscv64","riscv64",2,3906,"Linux 6.17.0-14-generic","C compiler","unknown","-O3 (RISC-V Linux guest)","mlkem-native","v1.2.0 (0ba906cb14b1c241476134d7403a811b382ca498)","ML-KEM-1024","decapsulation",35,725964,1245184,True,""
"b78ae1c4-1a4d-4c90-b98a-d4796eaf0dc5","3614722a-daac-4718-a67f-fb7f298792c0","2026-08-12T22:28:28Z","riscv64_qemu_linux","EMULATED","riscv64","riscv64",2,3906,"Linux 6.17.0-14-generic","C compiler","unknown","-O3 (RISC-V Linux guest)","mlkem-native","v1.2.0 (0ba906cb14b1c241476134d7403a811b382ca498)","ML-KEM-1024","keygen",36,598871,1245184,True,""
"b78ae1c4-1a4d-4c90-b98a-d4796eaf0dc5","3614722a-daac-4718-a67f-fb7f298792c0","2026-08-12T22:28:28Z","riscv64_qemu_linux","EMULATED","riscv64","riscv64",2,3906,"Linux 6.17.0-14-generic","C compiler","unknown","-O3 (RISC-V Linux guest)","mlkem-native","v1.2.0 (0ba906cb14b1c241476134d7403a811b382ca498)","ML-KEM-1024","encapsulation",36,625369,1245184,True,""
"b78ae1c4-1a4d-4c90-b98a-d4796eaf0dc5","3614722a-daac-4718-a67f-fb7f298792c0","2026-08-12T22:28:28Z","riscv64_qemu_linux","EMULATED","riscv64","riscv64",2,3906,"Linux 6.17.0-14-generic","C compiler","unknown","-O3 (RISC-V Linux guest)","mlkem-native","v1.2.0 (0ba906cb14b1c241476134d7403a811b382ca498)","ML-KEM-1024","decapsulation",36,741964,1245184,True,""
"b78ae1c4-1a4d-4c90-b98a-d4796eaf0dc5","3614722a-daac-4718-a67f-fb7f298792c0","2026-08-12T22:28:28Z","riscv64_qemu_linux","EMULATED","riscv64","riscv64",2,3906,"Linux 6.17.0-14-generic","C compiler","unknown","-O3 (RISC-V Linux guest)","mlkem-native","v1.2.0 (0ba906cb14b1c241476134d7403a811b382ca498)","ML-KEM-1024","keygen",37,607669,1245184,True,""
"b78ae1c4-1a4d-4c90-b98a-d4796eaf0dc5","3614722a-daac-4718-a67f-fb7f298792c0","2026-08-12T22:28:28Z","riscv64_qemu_linux","EMULATED","riscv64","riscv64",2,3906,"Linux 6.17.0-14-generic","C compiler","unknown","-O3 (RISC-V Linux guest)","mlkem-native","v1.2.0 (0ba906cb14b1c241476134d7403a811b382ca498)","ML-KEM-1024","encapsulation",37,682567,1245184,True,""
"b78ae1c4-1a4d-4c90-b98a-d4796eaf0dc5","3614722a-daac-4718-a67f-fb7f298792c0","2026-08-12T22:28:28Z","riscv64_qemu_linux","EMULATED","riscv64","riscv64",2,3906,"Linux 6.17.0-14-generic","C compiler","unknown","-O3 (RISC-V Linux guest)","mlkem-native","v1.2.0 (0ba906cb14b1c241476134d7403a811b382ca498)","ML-KEM-1024","decapsulation",37,743863,1245184,True,""
"b78ae1c4-1a4d-4c90-b98a-d4796eaf0dc5","3614722a-daac-4718-a67f-fb7f298792c0","2026-08-12T22:28:28Z","riscv64_qemu_linux","EMULATED","riscv64","riscv64",2,3906,"Linux 6.17.0-14-generic","C compiler","unknown","-O3 (RISC-V Linux guest)","mlkem-native","v1.2.0 (0ba906cb14b1c241476134d7403a811b382ca498)","ML-KEM-1024","keygen",38,834758,1245184,True,""
"b78ae1c4-1a4d-4c90-b98a-d4796eaf0dc5","3614722a-daac-4718-a67f-fb7f298792c0","2026-08-12T22:28:28Z","riscv64_qemu_linux","EMULATED","riscv64","riscv64",2,3906,"Linux 6.17.0-14-generic","C compiler","unknown","-O3 (RISC-V Linux guest)","mlkem-native","v1.2.0 (0ba906cb14b1c241476134d7403a811b382ca498)","ML-KEM-1024","encapsulation",38,663067,1245184,True,""
"b78ae1c4-1a4d-4c90-b98a-d4796eaf0dc5","3614722a-daac-4718-a67f-fb7f298792c0","2026-08-12T22:28:28Z","riscv64_qemu_linux","EMULATED","riscv64","riscv64",2,3906,"Linux 6.17.0-14-generic","C compiler","unknown","-O3 (RISC-V Linux guest)","mlkem-native","v1.2.0 (0ba906cb14b1c241476134d7403a811b382ca498)","ML-KEM-1024","decapsulation",38,785961,1245184,True,""
"b78ae1c4-1a4d-4c90-b98a-d4796eaf0dc5","3614722a-daac-4718-a67f-fb7f298792c0","2026-08-12T22:28:28Z","riscv64_qemu_linux","EMULATED","riscv64","riscv64",2,3906,"Linux 6.17.0-14-generic","C compiler","unknown","-O3 (RISC-V Linux guest)","mlkem-native","v1.2.0 (0ba906cb14b1c241476134d7403a811b382ca498)","ML-KEM-1024","keygen",39,649268,1245184,True,""
"b78ae1c4-1a4d-4c90-b98a-d4796eaf0dc5","3614722a-daac-4718-a67f-fb7f298792c0","2026-08-12T22:28:28Z","riscv64_qemu_linux","EMULATED","riscv64","riscv64",2,3906,"Linux 6.17.0-14-generic","C compiler","unknown","-O3 (RISC-V Linux guest)","mlkem-native","v1.2.0 (0ba906cb14b1c241476134d7403a811b382ca498)","ML-KEM-1024","encapsulation",39,658168,1245184,True,""
"b78ae1c4-1a4d-4c90-b98a-d4796eaf0dc5","3614722a-daac-4718-a67f-fb7f298792c0","2026-08-12T22:28:28Z","riscv64_qemu_linux","EMULATED","riscv64","riscv64",2,3906,"Linux 6.17.0-14-generic","C compiler","unknown","-O3 (RISC-V Linux guest)","mlkem-native","v1.2.0 (0ba906cb14b1c241476134d7403a811b382ca498)","ML-KEM-1024","decapsulation",39,745164,1245184,True,""
"b78ae1c4-1a4d-4c90-b98a-d4796eaf0dc5","3614722a-daac-4718-a67f-fb7f298792c0","2026-08-12T22:28:28Z","riscv64_qemu_linux","EMULATED","riscv64","riscv64",2,3906,"Linux 6.17.0-14-generic","C compiler","unknown","-O3 (RISC-V Linux guest)","mlkem-native","v1.2.0 (0ba906cb14b1c241476134d7403a811b382ca498)","ML-KEM-1024","keygen",40,598570,1245184,True,""
"b78ae1c4-1a4d-4c90-b98a-d4796eaf0dc5","3614722a-daac-4718-a67f-fb7f298792c0","2026-08-12T22:28:28Z","riscv64_qemu_linux","EMULATED","riscv64","riscv64",2,3906,"Linux 6.17.0-14-generic","C compiler","unknown","-O3 (RISC-V Linux guest)","mlkem-native","v1.2.0 (0ba906cb14b1c241476134d7403a811b382ca498)","ML-KEM-1024","encapsulation",40,687366,1245184,True,""
"b78ae1c4-1a4d-4c90-b98a-d4796eaf0dc5","3614722a-daac-4718-a67f-fb7f298792c0","2026-08-12T22:28:28Z","riscv64_qemu_linux","EMULATED","riscv64","riscv64",2,3906,"Linux 6.17.0-14-generic","C compiler","unknown","-O3 (RISC-V Linux guest)","mlkem-native","v1.2.0 (0ba906cb14b1c241476134d7403a811b382ca498)","ML-KEM-1024","decapsulation",40,773762,1245184,True,""
"b78ae1c4-1a4d-4c90-b98a-d4796eaf0dc5","3614722a-daac-4718-a67f-fb7f298792c0","2026-08-12T22:28:28Z","riscv64_qemu_linux","EMULATED","riscv64","riscv64",2,3906,"Linux 6.17.0-14-generic","C compiler","unknown","-O3 (RISC-V Linux guest)","mlkem-native","v1.2.0 (0ba906cb14b1c241476134d7403a811b382ca498)","ML-KEM-1024","keygen",41,615370,1245184,True,""
"b78ae1c4-1a4d-4c90-b98a-d4796eaf0dc5","3614722a-daac-4718-a67f-fb7f298792c0","2026-08-12T22:28:28Z","riscv64_qemu_linux","EMULATED","riscv64","riscv64",2,3906,"Linux 6.17.0-14-generic","C compiler","unknown","-O3 (RISC-V Linux guest)","mlkem-native","v1.2.0 (0ba906cb14b1c241476134d7403a811b382ca498)","ML-KEM-1024","encapsulation",41,633269,1245184,True,""
"b78ae1c4-1a4d-4c90-b98a-d4796eaf0dc5","3614722a-daac-4718-a67f-fb7f298792c0","2026-08-12T22:28:28Z","riscv64_qemu_linux","EMULATED","riscv64","riscv64",2,3906,"Linux 6.17.0-14-generic","C compiler","unknown","-O3 (RISC-V Linux guest)","mlkem-native","v1.2.0 (0ba906cb14b1c241476134d7403a811b382ca498)","ML-KEM-1024","decapsulation",41,725464,1245184,True,""
"b78ae1c4-1a4d-4c90-b98a-d4796eaf0dc5","3614722a-daac-4718-a67f-fb7f298792c0","2026-08-12T22:28:28Z","riscv64_qemu_linux","EMULATED","riscv64","riscv64",2,3906,"Linux 6.17.0-14-generic","C compiler","unknown","-O3 (RISC-V Linux guest)","mlkem-native","v1.2.0 (0ba906cb14b1c241476134d7403a811b382ca498)","ML-KEM-1024","keygen",42,594471,1245184,True,""
"b78ae1c4-1a4d-4c90-b98a-d4796eaf0dc5","3614722a-daac-4718-a67f-fb7f298792c0","2026-08-12T22:28:28Z","riscv64_qemu_linux","EMULATED","riscv64","riscv64",2,3906,"Linux 6.17.0-14-generic","C compiler","unknown","-O3 (RISC-V Linux guest)","mlkem-native","v1.2.0 (0ba906cb14b1c241476134d7403a811b382ca498)","ML-KEM-1024","encapsulation",42,824359,1245184,True,""
"b78ae1c4-1a4d-4c90-b98a-d4796eaf0dc5","3614722a-daac-4718-a67f-fb7f298792c0","2026-08-12T22:28:28Z","riscv64_qemu_linux","EMULATED","riscv64","riscv64",2,3906,"Linux 6.17.0-14-generic","C compiler","unknown","-O3 (RISC-V Linux guest)","mlkem-native","v1.2.0 (0ba906cb14b1c241476134d7403a811b382ca498)","ML-KEM-1024","decapsulation",42,1840608,1245184,True,""
"b78ae1c4-1a4d-4c90-b98a-d4796eaf0dc5","3614722a-daac-4718-a67f-fb7f298792c0","2026-08-12T22:28:28Z","riscv64_qemu_linux","EMULATED","riscv64","riscv64",2,3906,"Linux 6.17.0-14-generic","C compiler","unknown","-O3 (RISC-V Linux guest)","mlkem-native","v1.2.0 (0ba906cb14b1c241476134d7403a811b382ca498)","ML-KEM-1024","keygen",43,847958,1245184,True,""
"b78ae1c4-1a4d-4c90-b98a-d4796eaf0dc5","3614722a-daac-4718-a67f-fb7f298792c0","2026-08-12T22:28:28Z","riscv64_qemu_linux","EMULATED","riscv64","riscv64",2,3906,"Linux 6.17.0-14-generic","C compiler","unknown","-O3 (RISC-V Linux guest)","mlkem-native","v1.2.0 (0ba906cb14b1c241476134d7403a811b382ca498)","ML-KEM-1024","encapsulation",43,637969,1245184,True,""
"b78ae1c4-1a4d-4c90-b98a-d4796eaf0dc5","3614722a-daac-4718-a67f-fb7f298792c0","2026-08-12T22:28:28Z","riscv64_qemu_linux","EMULATED","riscv64","riscv64",2,3906,"Linux 6.17.0-14-generic","C compiler","unknown","-O3 (RISC-V Linux guest)","mlkem-native","v1.2.0 (0ba906cb14b1c241476134d7403a811b382ca498)","ML-KEM-1024","decapsulation",43,728664,1245184,True,""
"b78ae1c4-1a4d-4c90-b98a-d4796eaf0dc5","3614722a-daac-4718-a67f-fb7f298792c0","2026-08-12T22:28:28Z","riscv64_qemu_linux","EMULATED","riscv64","riscv64",2,3906,"Linux 6.17.0-14-generic","C compiler","unknown","-O3 (RISC-V Linux guest)","mlkem-native","v1.2.0 (0ba906cb14b1c241476134d7403a811b382ca498)","ML-KEM-1024","keygen",44,600670,1245184,True,""
"b78ae1c4-1a4d-4c90-b98a-d4796eaf0dc5","3614722a-daac-4718-a67f-fb7f298792c0","2026-08-12T22:28:28Z","riscv64_qemu_linux","EMULATED","riscv64","riscv64",2,3906,"Linux 6.17.0-14-generic","C compiler","unknown","-O3 (RISC-V Linux guest)","mlkem-native","v1.2.0 (0ba906cb14b1c241476134d7403a811b382ca498)","ML-KEM-1024","encapsulation",44,704865,1245184,True,""
"b78ae1c4-1a4d-4c90-b98a-d4796eaf0dc5","3614722a-daac-4718-a67f-fb7f298792c0","2026-08-12T22:28:28Z","riscv64_qemu_linux","EMULATED","riscv64","riscv64",2,3906,"Linux 6.17.0-14-generic","C compiler","unknown","-O3 (RISC-V Linux guest)","mlkem-native","v1.2.0 (0ba906cb14b1c241476134d7403a811b382ca498)","ML-KEM-1024","decapsulation",44,722864,1245184,True,""
"b78ae1c4-1a4d-4c90-b98a-d4796eaf0dc5","3614722a-daac-4718-a67f-fb7f298792c0","2026-08-12T22:28:28Z","riscv64_qemu_linux","EMULATED","riscv64","riscv64",2,3906,"Linux 6.17.0-14-generic","C compiler","unknown","-O3 (RISC-V Linux guest)","mlkem-native","v1.2.0 (0ba906cb14b1c241476134d7403a811b382ca498)","ML-KEM-1024","keygen",45,592671,1245184,True,""
"b78ae1c4-1a4d-4c90-b98a-d4796eaf0dc5","3614722a-daac-4718-a67f-fb7f298792c0","2026-08-12T22:28:28Z","riscv64_qemu_linux","EMULATED","riscv64","riscv64",2,3906,"Linux 6.17.0-14-generic","C compiler","unknown","-O3 (RISC-V Linux guest)","mlkem-native","v1.2.0 (0ba906cb14b1c241476134d7403a811b382ca498)","ML-KEM-1024","encapsulation",45,633169,1245184,True,""
"b78ae1c4-1a4d-4c90-b98a-d4796eaf0dc5","3614722a-daac-4718-a67f-fb7f298792c0","2026-08-12T22:28:28Z","riscv64_qemu_linux","EMULATED","riscv64","riscv64",2,3906,"Linux 6.17.0-14-generic","C compiler","unknown","-O3 (RISC-V Linux guest)","mlkem-native","v1.2.0 (0ba906cb14b1c241476134d7403a811b382ca498)","ML-KEM-1024","decapsulation",45,765262,1245184,True,""
"b78ae1c4-1a4d-4c90-b98a-d4796eaf0dc5","3614722a-daac-4718-a67f-fb7f298792c0","2026-08-12T22:28:28Z","riscv64_qemu_linux","EMULATED","riscv64","riscv64",2,3906,"Linux 6.17.0-14-generic","C compiler","unknown","-O3 (RISC-V Linux guest)","mlkem-native","v1.2.0 (0ba906cb14b1c241476134d7403a811b382ca498)","ML-KEM-1024","keygen",46,604970,1245184,True,""
"b78ae1c4-1a4d-4c90-b98a-d4796eaf0dc5","3614722a-daac-4718-a67f-fb7f298792c0","2026-08-12T22:28:28Z","riscv64_qemu_linux","EMULATED","riscv64","riscv64",2,3906,"Linux 6.17.0-14-generic","C compiler","unknown","-O3 (RISC-V Linux guest)","mlkem-native","v1.2.0 (0ba906cb14b1c241476134d7403a811b382ca498)","ML-KEM-1024","encapsulation",46,634468,1245184,True,""
"b78ae1c4-1a4d-4c90-b98a-d4796eaf0dc5","3614722a-daac-4718-a67f-fb7f298792c0","2026-08-12T22:28:28Z","riscv64_qemu_linux","EMULATED","riscv64","riscv64",2,3906,"Linux 6.17.0-14-generic","C compiler","unknown","-O3 (RISC-V Linux guest)","mlkem-native","v1.2.0 (0ba906cb14b1c241476134d7403a811b382ca498)","ML-KEM-1024","decapsulation",46,1455927,1245184,True,""
"b78ae1c4-1a4d-4c90-b98a-d4796eaf0dc5","3614722a-daac-4718-a67f-fb7f298792c0","2026-08-12T22:28:28Z","riscv64_qemu_linux","EMULATED","riscv64","riscv64",2,3906,"Linux 6.17.0-14-generic","C compiler","unknown","-O3 (RISC-V Linux guest)","mlkem-native","v1.2.0 (0ba906cb14b1c241476134d7403a811b382ca498)","ML-KEM-1024","keygen",47,634569,1245184,True,""
"b78ae1c4-1a4d-4c90-b98a-d4796eaf0dc5","3614722a-daac-4718-a67f-fb7f298792c0","2026-08-12T22:28:28Z","riscv64_qemu_linux","EMULATED","riscv64","riscv64",2,3906,"Linux 6.17.0-14-generic","C compiler","unknown","-O3 (RISC-V Linux guest)","mlkem-native","v1.2.0 (0ba906cb14b1c241476134d7403a811b382ca498)","ML-KEM-1024","encapsulation",47,637968,1245184,True,""
"b78ae1c4-1a4d-4c90-b98a-d4796eaf0dc5","3614722a-daac-4718-a67f-fb7f298792c0","2026-08-12T22:28:28Z","riscv64_qemu_linux","EMULATED","riscv64","riscv64",2,3906,"Linux 6.17.0-14-generic","C compiler","unknown","-O3 (RISC-V Linux guest)","mlkem-native","v1.2.0 (0ba906cb14b1c241476134d7403a811b382ca498)","ML-KEM-1024","decapsulation",47,737964,1245184,True,""
"b78ae1c4-1a4d-4c90-b98a-d4796eaf0dc5","3614722a-daac-4718-a67f-fb7f298792c0","2026-08-12T22:28:28Z","riscv64_qemu_linux","EMULATED","riscv64","riscv64",2,3906,"Linux 6.17.0-14-generic","C compiler","unknown","-O3 (RISC-V Linux guest)","mlkem-native","v1.2.0 (0ba906cb14b1c241476134d7403a811b382ca498)","ML-KEM-1024","keygen",48,593870,1245184,True,""
"b78ae1c4-1a4d-4c90-b98a-d4796eaf0dc5","3614722a-daac-4718-a67f-fb7f298792c0","2026-08-12T22:28:28Z","riscv64_qemu_linux","EMULATED","riscv64","riscv64",2,3906,"Linux 6.17.0-14-generic","C compiler","unknown","-O3 (RISC-V Linux guest)","mlkem-native","v1.2.0 (0ba906cb14b1c241476134d7403a811b382ca498)","ML-KEM-1024","encapsulation",48,662267,1245184,True,""
"b78ae1c4-1a4d-4c90-b98a-d4796eaf0dc5","3614722a-daac-4718-a67f-fb7f298792c0","2026-08-12T22:28:28Z","riscv64_qemu_linux","EMULATED","riscv64","riscv64",2,3906,"Linux 6.17.0-14-generic","C compiler","unknown","-O3 (RISC-V Linux guest)","mlkem-native","v1.2.0 (0ba906cb14b1c241476134d7403a811b382ca498)","ML-KEM-1024","decapsulation",48,760262,1245184,True,""
"b78ae1c4-1a4d-4c90-b98a-d4796eaf0dc5","3614722a-daac-4718-a67f-fb7f298792c0","2026-08-12T22:28:28Z","riscv64_qemu_linux","EMULATED","riscv64","riscv64",2,3906,"Linux 6.17.0-14-generic","C compiler","unknown","-O3 (RISC-V Linux guest)","mlkem-native","v1.2.0 (0ba906cb14b1c241476134d7403a811b382ca498)","ML-KEM-1024","keygen",49,719065,1245184,True,""
"b78ae1c4-1a4d-4c90-b98a-d4796eaf0dc5","3614722a-daac-4718-a67f-fb7f298792c0","2026-08-12T22:28:28Z","riscv64_qemu_linux","EMULATED","riscv64","riscv64",2,3906,"Linux 6.17.0-14-generic","C compiler","unknown","-O3 (RISC-V Linux guest)","mlkem-native","v1.2.0 (0ba906cb14b1c241476134d7403a811b382ca498)","ML-KEM-1024","encapsulation",49,675667,1245184,True,""
"b78ae1c4-1a4d-4c90-b98a-d4796eaf0dc5","3614722a-daac-4718-a67f-fb7f298792c0","2026-08-12T22:28:28Z","riscv64_qemu_linux","EMULATED","riscv64","riscv64",2,3906,"Linux 6.17.0-14-generic","C compiler","unknown","-O3 (RISC-V Linux guest)","mlkem-native","v1.2.0 (0ba906cb14b1c241476134d7403a811b382ca498)","ML-KEM-1024","decapsulation",49,772962,1245184,True,""
"b78ae1c4-1a4d-4c90-b98a-d4796eaf0dc5","3614722a-daac-4718-a67f-fb7f298792c0","2026-08-12T22:28:28Z","riscv64_qemu_linux","EMULATED","riscv64","riscv64",2,3906,"Linux 6.17.0-14-generic","C compiler","unknown","-O3 (RISC-V Linux guest)","mlkem-native","v1.2.0 (0ba906cb14b1c241476134d7403a811b382ca498)","ML-KEM-1024","keygen",50,608470,1245184,True,""
"b78ae1c4-1a4d-4c90-b98a-d4796eaf0dc5","3614722a-daac-4718-a67f-fb7f298792c0","2026-08-12T22:28:28Z","riscv64_qemu_linux","EMULATED","riscv64","riscv64",2,3906,"Linux 6.17.0-14-generic","C compiler","unknown","-O3 (RISC-V Linux guest)","mlkem-native","v1.2.0 (0ba906cb14b1c241476134d7403a811b382ca498)","ML-KEM-1024","encapsulation",50,767962,1245184,True,""
"b78ae1c4-1a4d-4c90-b98a-d4796eaf0dc5","3614722a-daac-4718-a67f-fb7f298792c0","2026-08-12T22:28:28Z","riscv64_qemu_linux","EMULATED","riscv64","riscv64",2,3906,"Linux 6.17.0-14-generic","C compiler","unknown","-O3 (RISC-V Linux guest)","mlkem-native","v1.2.0 (0ba906cb14b1c241476134d7403a811b382ca498)","ML-KEM-1024","decapsulation",50,855057,1245184,True,""
"b78ae1c4-1a4d-4c90-b98a-d4796eaf0dc5","3614722a-daac-4718-a67f-fb7f298792c0","2026-08-12T22:28:28Z","riscv64_qemu_linux","EMULATED","riscv64","riscv64",2,3906,"Linux 6.17.0-14-generic","C compiler","unknown","-O3 (RISC-V Linux guest)","mlkem-native","v1.2.0 (0ba906cb14b1c241476134d7403a811b382ca498)","ML-KEM-1024","keygen",51,617170,1245184,True,""
"b78ae1c4-1a4d-4c90-b98a-d4796eaf0dc5","3614722a-daac-4718-a67f-fb7f298792c0","2026-08-12T22:28:28Z","riscv64_qemu_linux","EMULATED","riscv64","riscv64",2,3906,"Linux 6.17.0-14-generic","C compiler","unknown","-O3 (RISC-V Linux guest)","mlkem-native","v1.2.0 (0ba906cb14b1c241476134d7403a811b382ca498)","ML-KEM-1024","encapsulation",51,674967,1245184,True,""
"b78ae1c4-1a4d-4c90-b98a-d4796eaf0dc5","3614722a-daac-4718-a67f-fb7f298792c0","2026-08-12T22:28:28Z","riscv64_qemu_linux","EMULATED","riscv64","riscv64",2,3906,"Linux 6.17.0-14-generic","C compiler","unknown","-O3 (RISC-V Linux guest)","mlkem-native","v1.2.0 (0ba906cb14b1c241476134d7403a811b382ca498)","ML-KEM-1024","decapsulation",51,738463,1245184,True,""
"b78ae1c4-1a4d-4c90-b98a-d4796eaf0dc5","3614722a-daac-4718-a67f-fb7f298792c0","2026-08-12T22:28:28Z","riscv64_qemu_linux","EMULATED","riscv64","riscv64",2,3906,"Linux 6.17.0-14-generic","C compiler","unknown","-O3 (RISC-V Linux guest)","mlkem-native","v1.2.0 (0ba906cb14b1c241476134d7403a811b382ca498)","ML-KEM-1024","keygen",52,611570,1245184,True,""
"b78ae1c4-1a4d-4c90-b98a-d4796eaf0dc5","3614722a-daac-4718-a67f-fb7f298792c0","2026-08-12T22:28:28Z","riscv64_qemu_linux","EMULATED","riscv64","riscv64",2,3906,"Linux 6.17.0-14-generic","C compiler","unknown","-O3 (RISC-V Linux guest)","mlkem-native","v1.2.0 (0ba906cb14b1c241476134d7403a811b382ca498)","ML-KEM-1024","encapsulation",52,631669,1245184,True,""
"b78ae1c4-1a4d-4c90-b98a-d4796eaf0dc5","3614722a-daac-4718-a67f-fb7f298792c0","2026-08-12T22:28:28Z","riscv64_qemu_linux","EMULATED","riscv64","riscv64",2,3906,"Linux 6.17.0-14-generic","C compiler","unknown","-O3 (RISC-V Linux guest)","mlkem-native","v1.2.0 (0ba906cb14b1c241476134d7403a811b382ca498)","ML-KEM-1024","decapsulation",52,741163,1245184,True,""
"b78ae1c4-1a4d-4c90-b98a-d4796eaf0dc5","3614722a-daac-4718-a67f-fb7f298792c0","2026-08-12T22:28:28Z","riscv64_qemu_linux","EMULATED","riscv64","riscv64",2,3906,"Linux 6.17.0-14-generic","C compiler","unknown","-O3 (RISC-V Linux guest)","mlkem-native","v1.2.0 (0ba906cb14b1c241476134d7403a811b382ca498)","ML-KEM-1024","keygen",53,606470,1245184,True,""
"b78ae1c4-1a4d-4c90-b98a-d4796eaf0dc5","3614722a-daac-4718-a67f-fb7f298792c0","2026-08-12T22:28:28Z","riscv64_qemu_linux","EMULATED","riscv64","riscv64",2,3906,"Linux 6.17.0-14-generic","C compiler","unknown","-O3 (RISC-V Linux guest)","mlkem-native","v1.2.0 (0ba906cb14b1c241476134d7403a811b382ca498)","ML-KEM-1024","encapsulation",53,843458,1245184,True,""
"b78ae1c4-1a4d-4c90-b98a-d4796eaf0dc5","3614722a-daac-4718-a67f-fb7f298792c0","2026-08-12T22:28:28Z","riscv64_qemu_linux","EMULATED","riscv64","riscv64",2,3906,"Linux 6.17.0-14-generic","C compiler","unknown","-O3 (RISC-V Linux guest)","mlkem-native","v1.2.0 (0ba906cb14b1c241476134d7403a811b382ca498)","ML-KEM-1024","decapsulation",53,764362,1245184,True,""
"b78ae1c4-1a4d-4c90-b98a-d4796eaf0dc5","3614722a-daac-4718-a67f-fb7f298792c0","2026-08-12T22:28:28Z","riscv64_qemu_linux","EMULATED","riscv64","riscv64",2,3906,"Linux 6.17.0-14-generic","C compiler","unknown","-O3 (RISC-V Linux guest)","mlkem-native","v1.2.0 (0ba906cb14b1c241476134d7403a811b382ca498)","ML-KEM-1024","keygen",54,593871,1245184,True,""
"b78ae1c4-1a4d-4c90-b98a-d4796eaf0dc5","3614722a-daac-4718-a67f-fb7f298792c0","2026-08-12T22:28:28Z","riscv64_qemu_linux","EMULATED","riscv64","riscv64",2,3906,"Linux 6.17.0-14-generic","C compiler","unknown","-O3 (RISC-V Linux guest)","mlkem-native","v1.2.0 (0ba906cb14b1c241476134d7403a811b382ca498)","ML-KEM-1024","encapsulation",54,624569,1245184,True,""
"b78ae1c4-1a4d-4c90-b98a-d4796eaf0dc5","3614722a-daac-4718-a67f-fb7f298792c0","2026-08-12T22:28:28Z","riscv64_qemu_linux","EMULATED","riscv64","riscv64",2,3906,"Linux 6.17.0-14-generic","C compiler","unknown","-O3 (RISC-V Linux guest)","mlkem-native","v1.2.0 (0ba906cb14b1c241476134d7403a811b382ca498)","ML-KEM-1024","decapsulation",54,791561,1245184,True,""
"b78ae1c4-1a4d-4c90-b98a-d4796eaf0dc5","3614722a-daac-4718-a67f-fb7f298792c0","2026-08-12T22:28:28Z","riscv64_qemu_linux","EMULATED","riscv64","riscv64",2,3906,"Linux 6.17.0-14-generic","C compiler","unknown","-O3 (RISC-V Linux guest)","mlkem-native","v1.2.0 (0ba906cb14b1c241476134d7403a811b382ca498)","ML-KEM-1024","keygen",55,605570,1245184,True,""
"b78ae1c4-1a4d-4c90-b98a-d4796eaf0dc5","3614722a-daac-4718-a67f-fb7f298792c0","2026-08-12T22:28:28Z","riscv64_qemu_linux","EMULATED","riscv64","riscv64",2,3906,"Linux 6.17.0-14-generic","C compiler","unknown","-O3 (RISC-V Linux guest)","mlkem-native","v1.2.0 (0ba906cb14b1c241476134d7403a811b382ca498)","ML-KEM-1024","encapsulation",55,827259,1245184,True,""
"b78ae1c4-1a4d-4c90-b98a-d4796eaf0dc5","3614722a-daac-4718-a67f-fb7f298792c0","2026-08-12T22:28:28Z","riscv64_qemu_linux","EMULATED","riscv64","riscv64",2,3906,"Linux 6.17.0-14-generic","C compiler","unknown","-O3 (RISC-V Linux guest)","mlkem-native","v1.2.0 (0ba906cb14b1c241476134d7403a811b382ca498)","ML-KEM-1024","decapsulation",55,743863,1245184,True,""
"b78ae1c4-1a4d-4c90-b98a-d4796eaf0dc5","3614722a-daac-4718-a67f-fb7f298792c0","2026-08-12T22:28:28Z","riscv64_qemu_linux","EMULATED","riscv64","riscv64",2,3906,"Linux 6.17.0-14-generic","C compiler","unknown","-O3 (RISC-V Linux guest)","mlkem-native","v1.2.0 (0ba906cb14b1c241476134d7403a811b382ca498)","ML-KEM-1024","keygen",56,625269,1245184,True,""
"b78ae1c4-1a4d-4c90-b98a-d4796eaf0dc5","3614722a-daac-4718-a67f-fb7f298792c0","2026-08-12T22:28:28Z","riscv64_qemu_linux","EMULATED","riscv64","riscv64",2,3906,"Linux 6.17.0-14-generic","C compiler","unknown","-O3 (RISC-V Linux guest)","mlkem-native","v1.2.0 (0ba906cb14b1c241476134d7403a811b382ca498)","ML-KEM-1024","encapsulation",56,630268,1245184,True,""
"b78ae1c4-1a4d-4c90-b98a-d4796eaf0dc5","3614722a-daac-4718-a67f-fb7f298792c0","2026-08-12T22:28:28Z","riscv64_qemu_linux","EMULATED","riscv64","riscv64",2,3906,"Linux 6.17.0-14-generic","C compiler","unknown","-O3 (RISC-V Linux guest)","mlkem-native","v1.2.0 (0ba906cb14b1c241476134d7403a811b382ca498)","ML-KEM-1024","decapsulation",56,772162,1245184,True,""
"b78ae1c4-1a4d-4c90-b98a-d4796eaf0dc5","3614722a-daac-4718-a67f-fb7f298792c0","2026-08-12T22:28:28Z","riscv64_qemu_linux","EMULATED","riscv64","riscv64",2,3906,"Linux 6.17.0-14-generic","C compiler","unknown","-O3 (RISC-V Linux guest)","mlkem-native","v1.2.0 (0ba906cb14b1c241476134d7403a811b382ca498)","ML-KEM-1024","keygen",57,670366,1245184,True,""
"b78ae1c4-1a4d-4c90-b98a-d4796eaf0dc5","3614722a-daac-4718-a67f-fb7f298792c0","2026-08-12T22:28:28Z","riscv64_qemu_linux","EMULATED","riscv64","riscv64",2,3906,"Linux 6.17.0-14-generic","C compiler","unknown","-O3 (RISC-V Linux guest)","mlkem-native","v1.2.0 (0ba906cb14b1c241476134d7403a811b382ca498)","ML-KEM-1024","encapsulation",57,626069,1245184,True,""
"b78ae1c4-1a4d-4c90-b98a-d4796eaf0dc5","3614722a-daac-4718-a67f-fb7f298792c0","2026-08-12T22:28:28Z","riscv64_qemu_linux","EMULATED","riscv64","riscv64",2,3906,"Linux 6.17.0-14-generic","C compiler","unknown","-O3 (RISC-V Linux guest)","mlkem-native","v1.2.0 (0ba906cb14b1c241476134d7403a811b382ca498)","ML-KEM-1024","decapsulation",57,780961,1245184,True,""
"b78ae1c4-1a4d-4c90-b98a-d4796eaf0dc5","3614722a-daac-4718-a67f-fb7f298792c0","2026-08-12T22:28:28Z","riscv64_qemu_linux","EMULATED","riscv64","riscv64",2,3906,"Linux 6.17.0-14-generic","C compiler","unknown","-O3 (RISC-V Linux guest)","mlkem-native","v1.2.0 (0ba906cb14b1c241476134d7403a811b382ca498)","ML-KEM-1024","keygen",58,624669,1245184,True,""
"b78ae1c4-1a4d-4c90-b98a-d4796eaf0dc5","3614722a-daac-4718-a67f-fb7f298792c0","2026-08-12T22:28:28Z","riscv64_qemu_linux","EMULATED","riscv64","riscv64",2,3906,"Linux 6.17.0-14-generic","C compiler","unknown","-O3 (RISC-V Linux guest)","mlkem-native","v1.2.0 (0ba906cb14b1c241476134d7403a811b382ca498)","ML-KEM-1024","encapsulation",58,647368,1245184,True,""
"b78ae1c4-1a4d-4c90-b98a-d4796eaf0dc5","3614722a-daac-4718-a67f-fb7f298792c0","2026-08-12T22:28:28Z","riscv64_qemu_linux","EMULATED","riscv64","riscv64",2,3906,"Linux 6.17.0-14-generic","C compiler","unknown","-O3 (RISC-V Linux guest)","mlkem-native","v1.2.0 (0ba906cb14b1c241476134d7403a811b382ca498)","ML-KEM-1024","decapsulation",58,781761,1245184,True,""
"b78ae1c4-1a4d-4c90-b98a-d4796eaf0dc5","3614722a-daac-4718-a67f-fb7f298792c0","2026-08-12T22:28:28Z","riscv64_qemu_linux","EMULATED","riscv64","riscv64",2,3906,"Linux 6.17.0-14-generic","C compiler","unknown","-O3 (RISC-V Linux guest)","mlkem-native","v1.2.0 (0ba906cb14b1c241476134d7403a811b382ca498)","ML-KEM-1024","keygen",59,626969,1245184,True,""
"b78ae1c4-1a4d-4c90-b98a-d4796eaf0dc5","3614722a-daac-4718-a67f-fb7f298792c0","2026-08-12T22:28:28Z","riscv64_qemu_linux","EMULATED","riscv64","riscv64",2,3906,"Linux 6.17.0-14-generic","C compiler","unknown","-O3 (RISC-V Linux guest)","mlkem-native","v1.2.0 (0ba906cb14b1c241476134d7403a811b382ca498)","ML-KEM-1024","encapsulation",59,624269,1245184,True,""
"b78ae1c4-1a4d-4c90-b98a-d4796eaf0dc5","3614722a-daac-4718-a67f-fb7f298792c0","2026-08-12T22:28:28Z","riscv64_qemu_linux","EMULATED","riscv64","riscv64",2,3906,"Linux 6.17.0-14-generic","C compiler","unknown","-O3 (RISC-V Linux guest)","mlkem-native","v1.2.0 (0ba906cb14b1c241476134d7403a811b382ca498)","ML-KEM-1024","decapsulation",59,905255,1245184,True,""
"b78ae1c4-1a4d-4c90-b98a-d4796eaf0dc5","3614722a-daac-4718-a67f-fb7f298792c0","2026-08-12T22:28:28Z","riscv64_qemu_linux","EMULATED","riscv64","riscv64",2,3906,"Linux 6.17.0-14-generic","C compiler","unknown","-O3 (RISC-V Linux guest)","mlkem-native","v1.2.0 (0ba906cb14b1c241476134d7403a811b382ca498)","ML-KEM-1024","keygen",60,611269,1245184,True,""
"b78ae1c4-1a4d-4c90-b98a-d4796eaf0dc5","3614722a-daac-4718-a67f-fb7f298792c0","2026-08-12T22:28:28Z","riscv64_qemu_linux","EMULATED","riscv64","riscv64",2,3906,"Linux 6.17.0-14-generic","C compiler","unknown","-O3 (RISC-V Linux guest)","mlkem-native","v1.2.0 (0ba906cb14b1c241476134d7403a811b382ca498)","ML-KEM-1024","encapsulation",60,646268,1245184,True,""
"b78ae1c4-1a4d-4c90-b98a-d4796eaf0dc5","3614722a-daac-4718-a67f-fb7f298792c0","2026-08-12T22:28:28Z","riscv64_qemu_linux","EMULATED","riscv64","riscv64",2,3906,"Linux 6.17.0-14-generic","C compiler","unknown","-O3 (RISC-V Linux guest)","mlkem-native","v1.2.0 (0ba906cb14b1c241476134d7403a811b382ca498)","ML-KEM-1024","decapsulation",60,906055,1245184,True,""
"b78ae1c4-1a4d-4c90-b98a-d4796eaf0dc5","3614722a-daac-4718-a67f-fb7f298792c0","2026-08-12T22:28:28Z","riscv64_qemu_linux","EMULATED","riscv64","riscv64",2,3906,"Linux 6.17.0-14-generic","C compiler","unknown","-O3 (RISC-V Linux guest)","mlkem-native","v1.2.0 (0ba906cb14b1c241476134d7403a811b382ca498)","ML-KEM-1024","keygen",61,621070,1245184,True,""
"b78ae1c4-1a4d-4c90-b98a-d4796eaf0dc5","3614722a-daac-4718-a67f-fb7f298792c0","2026-08-12T22:28:28Z","riscv64_qemu_linux","EMULATED","riscv64","riscv64",2,3906,"Linux 6.17.0-14-generic","C compiler","unknown","-O3 (RISC-V Linux guest)","mlkem-native","v1.2.0 (0ba906cb14b1c241476134d7403a811b382ca498)","ML-KEM-1024","encapsulation",61,624769,1245184,True,""
"b78ae1c4-1a4d-4c90-b98a-d4796eaf0dc5","3614722a-daac-4718-a67f-fb7f298792c0","2026-08-12T22:28:28Z","riscv64_qemu_linux","EMULATED","riscv64","riscv64",2,3906,"Linux 6.17.0-14-generic","C compiler","unknown","-O3 (RISC-V Linux guest)","mlkem-native","v1.2.0 (0ba906cb14b1c241476134d7403a811b382ca498)","ML-KEM-1024","decapsulation",61,930754,1245184,True,""
"b78ae1c4-1a4d-4c90-b98a-d4796eaf0dc5","3614722a-daac-4718-a67f-fb7f298792c0","2026-08-12T22:28:28Z","riscv64_qemu_linux","EMULATED","riscv64","riscv64",2,3906,"Linux 6.17.0-14-generic","C compiler","unknown","-O3 (RISC-V Linux guest)","mlkem-native","v1.2.0 (0ba906cb14b1c241476134d7403a811b382ca498)","ML-KEM-1024","keygen",62,669167,1245184,True,""
"b78ae1c4-1a4d-4c90-b98a-d4796eaf0dc5","3614722a-daac-4718-a67f-fb7f298792c0","2026-08-12T22:28:28Z","riscv64_qemu_linux","EMULATED","riscv64","riscv64",2,3906,"Linux 6.17.0-14-generic","C compiler","unknown","-O3 (RISC-V Linux guest)","mlkem-native","v1.2.0 (0ba906cb14b1c241476134d7403a811b382ca498)","ML-KEM-1024","encapsulation",62,716864,1245184,True,""
"b78ae1c4-1a4d-4c90-b98a-d4796eaf0dc5","3614722a-daac-4718-a67f-fb7f298792c0","2026-08-12T22:28:28Z","riscv64_qemu_linux","EMULATED","riscv64","riscv64",2,3906,"Linux 6.17.0-14-generic","C compiler","unknown","-O3 (RISC-V Linux guest)","mlkem-native","v1.2.0 (0ba906cb14b1c241476134d7403a811b382ca498)","ML-KEM-1024","decapsulation",62,967552,1245184,True,""
"b78ae1c4-1a4d-4c90-b98a-d4796eaf0dc5","3614722a-daac-4718-a67f-fb7f298792c0","2026-08-12T22:28:28Z","riscv64_qemu_linux","EMULATED","riscv64","riscv64",2,3906,"Linux 6.17.0-14-generic","C compiler","unknown","-O3 (RISC-V Linux guest)","mlkem-native","v1.2.0 (0ba906cb14b1c241476134d7403a811b382ca498)","ML-KEM-1024","keygen",63,634269,1245184,True,""
"b78ae1c4-1a4d-4c90-b98a-d4796eaf0dc5","3614722a-daac-4718-a67f-fb7f298792c0","2026-08-12T22:28:28Z","riscv64_qemu_linux","EMULATED","riscv64","riscv64",2,3906,"Linux 6.17.0-14-generic","C compiler","unknown","-O3 (RISC-V Linux guest)","mlkem-native","v1.2.0 (0ba906cb14b1c241476134d7403a811b382ca498)","ML-KEM-1024","encapsulation",63,671267,1245184,True,""
"b78ae1c4-1a4d-4c90-b98a-d4796eaf0dc5","3614722a-daac-4718-a67f-fb7f298792c0","2026-08-12T22:28:28Z","riscv64_qemu_linux","EMULATED","riscv64","riscv64",2,3906,"Linux 6.17.0-14-generic","C compiler","unknown","-O3 (RISC-V Linux guest)","mlkem-native","v1.2.0 (0ba906cb14b1c241476134d7403a811b382ca498)","ML-KEM-1024","decapsulation",63,919954,1245184,True,""
"b78ae1c4-1a4d-4c90-b98a-d4796eaf0dc5","3614722a-daac-4718-a67f-fb7f298792c0","2026-08-12T22:28:28Z","riscv64_qemu_linux","EMULATED","riscv64","riscv64",2,3906,"Linux 6.17.0-14-generic","C compiler","unknown","-O3 (RISC-V Linux guest)","mlkem-native","v1.2.0 (0ba906cb14b1c241476134d7403a811b382ca498)","ML-KEM-1024","keygen",64,634468,1245184,True,""
"b78ae1c4-1a4d-4c90-b98a-d4796eaf0dc5","3614722a-daac-4718-a67f-fb7f298792c0","2026-08-12T22:28:28Z","riscv64_qemu_linux","EMULATED","riscv64","riscv64",2,3906,"Linux 6.17.0-14-generic","C compiler","unknown","-O3 (RISC-V Linux guest)","mlkem-native","v1.2.0 (0ba906cb14b1c241476134d7403a811b382ca498)","ML-KEM-1024","encapsulation",64,653068,1245184,True,""
"b78ae1c4-1a4d-4c90-b98a-d4796eaf0dc5","3614722a-daac-4718-a67f-fb7f298792c0","2026-08-12T22:28:28Z","riscv64_qemu_linux","EMULATED","riscv64","riscv64",2,3906,"Linux 6.17.0-14-generic","C compiler","unknown","-O3 (RISC-V Linux guest)","mlkem-native","v1.2.0 (0ba906cb14b1c241476134d7403a811b382ca498)","ML-KEM-1024","decapsulation",64,723565,1245184,True,""
"b78ae1c4-1a4d-4c90-b98a-d4796eaf0dc5","3614722a-daac-4718-a67f-fb7f298792c0","2026-08-12T22:28:28Z","riscv64_qemu_linux","EMULATED","riscv64","riscv64",2,3906,"Linux 6.17.0-14-generic","C compiler","unknown","-O3 (RISC-V Linux guest)","mlkem-native","v1.2.0 (0ba906cb14b1c241476134d7403a811b382ca498)","ML-KEM-1024","keygen",65,744863,1245184,True,""
"b78ae1c4-1a4d-4c90-b98a-d4796eaf0dc5","3614722a-daac-4718-a67f-fb7f298792c0","2026-08-12T22:28:28Z","riscv64_qemu_linux","EMULATED","riscv64","riscv64",2,3906,"Linux 6.17.0-14-generic","C compiler","unknown","-O3 (RISC-V Linux guest)","mlkem-native","v1.2.0 (0ba906cb14b1c241476134d7403a811b382ca498)","ML-KEM-1024","encapsulation",65,663367,1245184,True,""
"b78ae1c4-1a4d-4c90-b98a-d4796eaf0dc5","3614722a-daac-4718-a67f-fb7f298792c0","2026-08-12T22:28:28Z","riscv64_qemu_linux","EMULATED","riscv64","riscv64",2,3906,"Linux 6.17.0-14-generic","C compiler","unknown","-O3 (RISC-V Linux guest)","mlkem-native","v1.2.0 (0ba906cb14b1c241476134d7403a811b382ca498)","ML-KEM-1024","decapsulation",65,750963,1245184,True,""
"b78ae1c4-1a4d-4c90-b98a-d4796eaf0dc5","3614722a-daac-4718-a67f-fb7f298792c0","2026-08-12T22:28:28Z","riscv64_qemu_linux","EMULATED","riscv64","riscv64",2,3906,"Linux 6.17.0-14-generic","C compiler","unknown","-O3 (RISC-V Linux guest)","mlkem-native","v1.2.0 (0ba906cb14b1c241476134d7403a811b382ca498)","ML-KEM-1024","keygen",66,778661,1245184,True,""
"b78ae1c4-1a4d-4c90-b98a-d4796eaf0dc5","3614722a-daac-4718-a67f-fb7f298792c0","2026-08-12T22:28:28Z","riscv64_qemu_linux","EMULATED","riscv64","riscv64",2,3906,"Linux 6.17.0-14-generic","C compiler","unknown","-O3 (RISC-V Linux guest)","mlkem-native","v1.2.0 (0ba906cb14b1c241476134d7403a811b382ca498)","ML-KEM-1024","encapsulation",66,686166,1245184,True,""
"b78ae1c4-1a4d-4c90-b98a-d4796eaf0dc5","3614722a-daac-4718-a67f-fb7f298792c0","2026-08-12T22:28:28Z","riscv64_qemu_linux","EMULATED","riscv64","riscv64",2,3906,"Linux 6.17.0-14-generic","C compiler","unknown","-O3 (RISC-V Linux guest)","mlkem-native","v1.2.0 (0ba906cb14b1c241476134d7403a811b382ca498)","ML-KEM-1024","decapsulation",66,721864,1245184,True,""
"b78ae1c4-1a4d-4c90-b98a-d4796eaf0dc5","3614722a-daac-4718-a67f-fb7f298792c0","2026-08-12T22:28:28Z","riscv64_qemu_linux","EMULATED","riscv64","riscv64",2,3906,"Linux 6.17.0-14-generic","C compiler","unknown","-O3 (RISC-V Linux guest)","mlkem-native","v1.2.0 (0ba906cb14b1c241476134d7403a811b382ca498)","ML-KEM-1024","keygen",67,824259,1245184,True,""
"b78ae1c4-1a4d-4c90-b98a-d4796eaf0dc5","3614722a-daac-4718-a67f-fb7f298792c0","2026-08-12T22:28:28Z","riscv64_qemu_linux","EMULATED","riscv64","riscv64",2,3906,"Linux 6.17.0-14-generic","C compiler","unknown","-O3 (RISC-V Linux guest)","mlkem-native","v1.2.0 (0ba906cb14b1c241476134d7403a811b382ca498)","ML-KEM-1024","encapsulation",67,631869,1245184,True,""
"b78ae1c4-1a4d-4c90-b98a-d4796eaf0dc5","3614722a-daac-4718-a67f-fb7f298792c0","2026-08-12T22:28:28Z","riscv64_qemu_linux","EMULATED","riscv64","riscv64",2,3906,"Linux 6.17.0-14-generic","C compiler","unknown","-O3 (RISC-V Linux guest)","mlkem-native","v1.2.0 (0ba906cb14b1c241476134d7403a811b382ca498)","ML-KEM-1024","decapsulation",67,731964,1245184,True,""
"b78ae1c4-1a4d-4c90-b98a-d4796eaf0dc5","3614722a-daac-4718-a67f-fb7f298792c0","2026-08-12T22:28:28Z","riscv64_qemu_linux","EMULATED","riscv64","riscv64",2,3906,"Linux 6.17.0-14-generic","C compiler","unknown","-O3 (RISC-V Linux guest)","mlkem-native","v1.2.0 (0ba906cb14b1c241476134d7403a811b382ca498)","ML-KEM-1024","keygen",68,851757,1245184,True,""
"b78ae1c4-1a4d-4c90-b98a-d4796eaf0dc5","3614722a-daac-4718-a67f-fb7f298792c0","2026-08-12T22:28:28Z","riscv64_qemu_linux","EMULATED","riscv64","riscv64",2,3906,"Linux 6.17.0-14-generic","C compiler","unknown","-O3 (RISC-V Linux guest)","mlkem-native","v1.2.0 (0ba906cb14b1c241476134d7403a811b382ca498)","ML-KEM-1024","encapsulation",68,685466,1245184,True,""
"b78ae1c4-1a4d-4c90-b98a-d4796eaf0dc5","3614722a-daac-4718-a67f-fb7f298792c0","2026-08-12T22:28:28Z","riscv64_qemu_linux","EMULATED","riscv64","riscv64",2,3906,"Linux 6.17.0-14-generic","C compiler","unknown","-O3 (RISC-V Linux guest)","mlkem-native","v1.2.0 (0ba906cb14b1c241476134d7403a811b382ca498)","ML-KEM-1024","decapsulation",68,728264,1245184,True,""
"b78ae1c4-1a4d-4c90-b98a-d4796eaf0dc5","3614722a-daac-4718-a67f-fb7f298792c0","2026-08-12T22:28:28Z","riscv64_qemu_linux","EMULATED","riscv64","riscv64",2,3906,"Linux 6.17.0-14-generic","C compiler","unknown","-O3 (RISC-V Linux guest)","mlkem-native","v1.2.0 (0ba906cb14b1c241476134d7403a811b382ca498)","ML-KEM-1024","keygen",69,914755,1245184,True,""
"b78ae1c4-1a4d-4c90-b98a-d4796eaf0dc5","3614722a-daac-4718-a67f-fb7f298792c0","2026-08-12T22:28:28Z","riscv64_qemu_linux","EMULATED","riscv64","riscv64",2,3906,"Linux 6.17.0-14-generic","C compiler","unknown","-O3 (RISC-V Linux guest)","mlkem-native","v1.2.0 (0ba906cb14b1c241476134d7403a811b382ca498)","ML-KEM-1024","encapsulation",69,649268,1245184,True,""
"b78ae1c4-1a4d-4c90-b98a-d4796eaf0dc5","3614722a-daac-4718-a67f-fb7f298792c0","2026-08-12T22:28:28Z","riscv64_qemu_linux","EMULATED","riscv64","riscv64",2,3906,"Linux 6.17.0-14-generic","C compiler","unknown","-O3 (RISC-V Linux guest)","mlkem-native","v1.2.0 (0ba906cb14b1c241476134d7403a811b382ca498)","ML-KEM-1024","decapsulation",69,726264,1245184,True,""
"b78ae1c4-1a4d-4c90-b98a-d4796eaf0dc5","3614722a-daac-4718-a67f-fb7f298792c0","2026-08-12T22:28:28Z","riscv64_qemu_linux","EMULATED","riscv64","riscv64",2,3906,"Linux 6.17.0-14-generic","C compiler","unknown","-O3 (RISC-V Linux guest)","mlkem-native","v1.2.0 (0ba906cb14b1c241476134d7403a811b382ca498)","ML-KEM-1024","keygen",70,681766,1245184,True,""
"b78ae1c4-1a4d-4c90-b98a-d4796eaf0dc5","3614722a-daac-4718-a67f-fb7f298792c0","2026-08-12T22:28:28Z","riscv64_qemu_linux","EMULATED","riscv64","riscv64",2,3906,"Linux 6.17.0-14-generic","C compiler","unknown","-O3 (RISC-V Linux guest)","mlkem-native","v1.2.0 (0ba906cb14b1c241476134d7403a811b382ca498)","ML-KEM-1024","encapsulation",70,653268,1245184,True,""
"b78ae1c4-1a4d-4c90-b98a-d4796eaf0dc5","3614722a-daac-4718-a67f-fb7f298792c0","2026-08-12T22:28:28Z","riscv64_qemu_linux","EMULATED","riscv64","riscv64",2,3906,"Linux 6.17.0-14-generic","C compiler","unknown","-O3 (RISC-V Linux guest)","mlkem-native","v1.2.0 (0ba906cb14b1c241476134d7403a811b382ca498)","ML-KEM-1024","decapsulation",70,735064,1245184,True,""
"b78ae1c4-1a4d-4c90-b98a-d4796eaf0dc5","3614722a-daac-4718-a67f-fb7f298792c0","2026-08-12T22:28:28Z","riscv64_qemu_linux","EMULATED","riscv64","riscv64",2,3906,"Linux 6.17.0-14-generic","C compiler","unknown","-O3 (RISC-V Linux guest)","mlkem-native","v1.2.0 (0ba906cb14b1c241476134d7403a811b382ca498)","ML-KEM-1024","keygen",71,1551723,1245184,True,""
"b78ae1c4-1a4d-4c90-b98a-d4796eaf0dc5","3614722a-daac-4718-a67f-fb7f298792c0","2026-08-12T22:28:28Z","riscv64_qemu_linux","EMULATED","riscv64","riscv64",2,3906,"Linux 6.17.0-14-generic","C compiler","unknown","-O3 (RISC-V Linux guest)","mlkem-native","v1.2.0 (0ba906cb14b1c241476134d7403a811b382ca498)","ML-KEM-1024","encapsulation",71,632669,1245184,True,""
"b78ae1c4-1a4d-4c90-b98a-d4796eaf0dc5","3614722a-daac-4718-a67f-fb7f298792c0","2026-08-12T22:28:28Z","riscv64_qemu_linux","EMULATED","riscv64","riscv64",2,3906,"Linux 6.17.0-14-generic","C compiler","unknown","-O3 (RISC-V Linux guest)","mlkem-native","v1.2.0 (0ba906cb14b1c241476134d7403a811b382ca498)","ML-KEM-1024","decapsulation",71,741063,1245184,True,""
"b78ae1c4-1a4d-4c90-b98a-d4796eaf0dc5","3614722a-daac-4718-a67f-fb7f298792c0","2026-08-12T22:28:28Z","riscv64_qemu_linux","EMULATED","riscv64","riscv64",2,3906,"Linux 6.17.0-14-generic","C compiler","unknown","-O3 (RISC-V Linux guest)","mlkem-native","v1.2.0 (0ba906cb14b1c241476134d7403a811b382ca498)","ML-KEM-1024","keygen",72,617670,1245184,True,""
"b78ae1c4-1a4d-4c90-b98a-d4796eaf0dc5","3614722a-daac-4718-a67f-fb7f298792c0","2026-08-12T22:28:28Z","riscv64_qemu_linux","EMULATED","riscv64","riscv64",2,3906,"Linux 6.17.0-14-generic","C compiler","unknown","-O3 (RISC-V Linux guest)","mlkem-native","v1.2.0 (0ba906cb14b1c241476134d7403a811b382ca498)","ML-KEM-1024","encapsulation",72,627569,1245184,True,""
"b78ae1c4-1a4d-4c90-b98a-d4796eaf0dc5","3614722a-daac-4718-a67f-fb7f298792c0","2026-08-12T22:28:28Z","riscv64_qemu_linux","EMULATED","riscv64","riscv64",2,3906,"Linux 6.17.0-14-generic","C compiler","unknown","-O3 (RISC-V Linux guest)","mlkem-native","v1.2.0 (0ba906cb14b1c241476134d7403a811b382ca498)","ML-KEM-1024","decapsulation",72,898555,1245184,True,""
"b78ae1c4-1a4d-4c90-b98a-d4796eaf0dc5","3614722a-daac-4718-a67f-fb7f298792c0","2026-08-12T22:28:28Z","riscv64_qemu_linux","EMULATED","riscv64","riscv64",2,3906,"Linux 6.17.0-14-generic","C compiler","unknown","-O3 (RISC-V Linux guest)","mlkem-native","v1.2.0 (0ba906cb14b1c241476134d7403a811b382ca498)","ML-KEM-1024","keygen",73,621069,1245184,True,""
"b78ae1c4-1a4d-4c90-b98a-d4796eaf0dc5","3614722a-daac-4718-a67f-fb7f298792c0","2026-08-12T22:28:28Z","riscv64_qemu_linux","EMULATED","riscv64","riscv64",2,3906,"Linux 6.17.0-14-generic","C compiler","unknown","-O3 (RISC-V Linux guest)","mlkem-native","v1.2.0 (0ba906cb14b1c241476134d7403a811b382ca498)","ML-KEM-1024","encapsulation",73,625569,1245184,True,""
"b78ae1c4-1a4d-4c90-b98a-d4796eaf0dc5","3614722a-daac-4718-a67f-fb7f298792c0","2026-08-12T22:28:28Z","riscv64_qemu_linux","EMULATED","riscv64","riscv64",2,3906,"Linux 6.17.0-14-generic","C compiler","unknown","-O3 (RISC-V Linux guest)","mlkem-native","v1.2.0 (0ba906cb14b1c241476134d7403a811b382ca498)","ML-KEM-1024","decapsulation",73,904356,1245184,True,""
"b78ae1c4-1a4d-4c90-b98a-d4796eaf0dc5","3614722a-daac-4718-a67f-fb7f298792c0","2026-08-12T22:28:28Z","riscv64_qemu_linux","EMULATED","riscv64","riscv64",2,3906,"Linux 6.17.0-14-generic","C compiler","unknown","-O3 (RISC-V Linux guest)","mlkem-native","v1.2.0 (0ba906cb14b1c241476134d7403a811b382ca498)","ML-KEM-1024","keygen",74,652268,1245184,True,""
"b78ae1c4-1a4d-4c90-b98a-d4796eaf0dc5","3614722a-daac-4718-a67f-fb7f298792c0","2026-08-12T22:28:28Z","riscv64_qemu_linux","EMULATED","riscv64","riscv64",2,3906,"Linux 6.17.0-14-generic","C compiler","unknown","-O3 (RISC-V Linux guest)","mlkem-native","v1.2.0 (0ba906cb14b1c241476134d7403a811b382ca498)","ML-KEM-1024","encapsulation",74,630768,1245184,True,""
"b78ae1c4-1a4d-4c90-b98a-d4796eaf0dc5","3614722a-daac-4718-a67f-fb7f298792c0","2026-08-12T22:28:28Z","riscv64_qemu_linux","EMULATED","riscv64","riscv64",2,3906,"Linux 6.17.0-14-generic","C compiler","unknown","-O3 (RISC-V Linux guest)","mlkem-native","v1.2.0 (0ba906cb14b1c241476134d7403a811b382ca498)","ML-KEM-1024","decapsulation",74,928054,1245184,True,""
"b78ae1c4-1a4d-4c90-b98a-d4796eaf0dc5","3614722a-daac-4718-a67f-fb7f298792c0","2026-08-12T22:28:28Z","riscv64_qemu_linux","EMULATED","riscv64","riscv64",2,3906,"Linux 6.17.0-14-generic","C compiler","unknown","-O3 (RISC-V Linux guest)","mlkem-native","v1.2.0 (0ba906cb14b1c241476134d7403a811b382ca498)","ML-KEM-1024","keygen",75,638268,1245184,True,""
"b78ae1c4-1a4d-4c90-b98a-d4796eaf0dc5","3614722a-daac-4718-a67f-fb7f298792c0","2026-08-12T22:28:28Z","riscv64_qemu_linux","EMULATED","riscv64","riscv64",2,3906,"Linux 6.17.0-14-generic","C compiler","unknown","-O3 (RISC-V Linux guest)","mlkem-native","v1.2.0 (0ba906cb14b1c241476134d7403a811b382ca498)","ML-KEM-1024","encapsulation",75,629468,1245184,True,""
"b78ae1c4-1a4d-4c90-b98a-d4796eaf0dc5","3614722a-daac-4718-a67f-fb7f298792c0","2026-08-12T22:28:28Z","riscv64_qemu_linux","EMULATED","riscv64","riscv64",2,3906,"Linux 6.17.0-14-generic","C compiler","unknown","-O3 (RISC-V Linux guest)","mlkem-native","v1.2.0 (0ba906cb14b1c241476134d7403a811b382ca498)","ML-KEM-1024","decapsulation",75,733364,1245184,True,""
"b78ae1c4-1a4d-4c90-b98a-d4796eaf0dc5","3614722a-daac-4718-a67f-fb7f298792c0","2026-08-12T22:28:28Z","riscv64_qemu_linux","EMULATED","riscv64","riscv64",2,3906,"Linux 6.17.0-14-generic","C compiler","unknown","-O3 (RISC-V Linux guest)","mlkem-native","v1.2.0 (0ba906cb14b1c241476134d7403a811b382ca498)","ML-KEM-1024","keygen",76,601570,1245184,True,""
"b78ae1c4-1a4d-4c90-b98a-d4796eaf0dc5","3614722a-daac-4718-a67f-fb7f298792c0","2026-08-12T22:28:28Z","riscv64_qemu_linux","EMULATED","riscv64","riscv64",2,3906,"Linux 6.17.0-14-generic","C compiler","unknown","-O3 (RISC-V Linux guest)","mlkem-native","v1.2.0 (0ba906cb14b1c241476134d7403a811b382ca498)","ML-KEM-1024","encapsulation",76,639168,1245184,True,""
"b78ae1c4-1a4d-4c90-b98a-d4796eaf0dc5","3614722a-daac-4718-a67f-fb7f298792c0","2026-08-12T22:28:28Z","riscv64_qemu_linux","EMULATED","riscv64","riscv64",2,3906,"Linux 6.17.0-14-generic","C compiler","unknown","-O3 (RISC-V Linux guest)","mlkem-native","v1.2.0 (0ba906cb14b1c241476134d7403a811b382ca498)","ML-KEM-1024","decapsulation",76,725165,1245184,True,""
"b78ae1c4-1a4d-4c90-b98a-d4796eaf0dc5","3614722a-daac-4718-a67f-fb7f298792c0","2026-08-12T22:28:28Z","riscv64_qemu_linux","EMULATED","riscv64","riscv64",2,3906,"Linux 6.17.0-14-generic","C compiler","unknown","-O3 (RISC-V Linux guest)","mlkem-native","v1.2.0 (0ba906cb14b1c241476134d7403a811b382ca498)","ML-KEM-1024","keygen",77,780762,1245184,True,""
"b78ae1c4-1a4d-4c90-b98a-d4796eaf0dc5","3614722a-daac-4718-a67f-fb7f298792c0","2026-08-12T22:28:28Z","riscv64_qemu_linux","EMULATED","riscv64","riscv64",2,3906,"Linux 6.17.0-14-generic","C compiler","unknown","-O3 (RISC-V Linux guest)","mlkem-native","v1.2.0 (0ba906cb14b1c241476134d7403a811b382ca498)","ML-KEM-1024","encapsulation",77,737763,1245184,True,""
"b78ae1c4-1a4d-4c90-b98a-d4796eaf0dc5","3614722a-daac-4718-a67f-fb7f298792c0","2026-08-12T22:28:28Z","riscv64_qemu_linux","EMULATED","riscv64","riscv64",2,3906,"Linux 6.17.0-14-generic","C compiler","unknown","-O3 (RISC-V Linux guest)","mlkem-native","v1.2.0 (0ba906cb14b1c241476134d7403a811b382ca498)","ML-KEM-1024","decapsulation",77,751863,1245184,True,""
"b78ae1c4-1a4d-4c90-b98a-d4796eaf0dc5","3614722a-daac-4718-a67f-fb7f298792c0","2026-08-12T22:28:28Z","riscv64_qemu_linux","EMULATED","riscv64","riscv64",2,3906,"Linux 6.17.0-14-generic","C compiler","unknown","-O3 (RISC-V Linux guest)","mlkem-native","v1.2.0 (0ba906cb14b1c241476134d7403a811b382ca498)","ML-KEM-1024","keygen",78,873856,1245184,True,""
"b78ae1c4-1a4d-4c90-b98a-d4796eaf0dc5","3614722a-daac-4718-a67f-fb7f298792c0","2026-08-12T22:28:28Z","riscv64_qemu_linux","EMULATED","riscv64","riscv64",2,3906,"Linux 6.17.0-14-generic","C compiler","unknown","-O3 (RISC-V Linux guest)","mlkem-native","v1.2.0 (0ba906cb14b1c241476134d7403a811b382ca498)","ML-KEM-1024","encapsulation",78,647568,1245184,True,""
"b78ae1c4-1a4d-4c90-b98a-d4796eaf0dc5","3614722a-daac-4718-a67f-fb7f298792c0","2026-08-12T22:28:28Z","riscv64_qemu_linux","EMULATED","riscv64","riscv64",2,3906,"Linux 6.17.0-14-generic","C compiler","unknown","-O3 (RISC-V Linux guest)","mlkem-native","v1.2.0 (0ba906cb14b1c241476134d7403a811b382ca498)","ML-KEM-1024","decapsulation",78,761063,1245184,True,""
"b78ae1c4-1a4d-4c90-b98a-d4796eaf0dc5","3614722a-daac-4718-a67f-fb7f298792c0","2026-08-12T22:28:28Z","riscv64_qemu_linux","EMULATED","riscv64","riscv64",2,3906,"Linux 6.17.0-14-generic","C compiler","unknown","-O3 (RISC-V Linux guest)","mlkem-native","v1.2.0 (0ba906cb14b1c241476134d7403a811b382ca498)","ML-KEM-1024","keygen",79,807060,1245184,True,""
"b78ae1c4-1a4d-4c90-b98a-d4796eaf0dc5","3614722a-daac-4718-a67f-fb7f298792c0","2026-08-12T22:28:28Z","riscv64_qemu_linux","EMULATED","riscv64","riscv64",2,3906,"Linux 6.17.0-14-generic","C compiler","unknown","-O3 (RISC-V Linux guest)","mlkem-native","v1.2.0 (0ba906cb14b1c241476134d7403a811b382ca498)","ML-KEM-1024","encapsulation",79,657367,1245184,True,""
"b78ae1c4-1a4d-4c90-b98a-d4796eaf0dc5","3614722a-daac-4718-a67f-fb7f298792c0","2026-08-12T22:28:28Z","riscv64_qemu_linux","EMULATED","riscv64","riscv64",2,3906,"Linux 6.17.0-14-generic","C compiler","unknown","-O3 (RISC-V Linux guest)","mlkem-native","v1.2.0 (0ba906cb14b1c241476134d7403a811b382ca498)","ML-KEM-1024","decapsulation",79,720065,1245184,True,""
"b78ae1c4-1a4d-4c90-b98a-d4796eaf0dc5","3614722a-daac-4718-a67f-fb7f298792c0","2026-08-12T22:28:28Z","riscv64_qemu_linux","EMULATED","riscv64","riscv64",2,3906,"Linux 6.17.0-14-generic","C compiler","unknown","-O3 (RISC-V Linux guest)","mlkem-native","v1.2.0 (0ba906cb14b1c241476134d7403a811b382ca498)","ML-KEM-1024","keygen",80,588571,1245184,True,""
"b78ae1c4-1a4d-4c90-b98a-d4796eaf0dc5","3614722a-daac-4718-a67f-fb7f298792c0","2026-08-12T22:28:28Z","riscv64_qemu_linux","EMULATED","riscv64","riscv64",2,3906,"Linux 6.17.0-14-generic","C compiler","unknown","-O3 (RISC-V Linux guest)","mlkem-native","v1.2.0 (0ba906cb14b1c241476134d7403a811b382ca498)","ML-KEM-1024","encapsulation",80,669867,1245184,True,""
"b78ae1c4-1a4d-4c90-b98a-d4796eaf0dc5","3614722a-daac-4718-a67f-fb7f298792c0","2026-08-12T22:28:28Z","riscv64_qemu_linux","EMULATED","riscv64","riscv64",2,3906,"Linux 6.17.0-14-generic","C compiler","unknown","-O3 (RISC-V Linux guest)","mlkem-native","v1.2.0 (0ba906cb14b1c241476134d7403a811b382ca498)","ML-KEM-1024","decapsulation",80,769762,1245184,True,""
"b78ae1c4-1a4d-4c90-b98a-d4796eaf0dc5","3614722a-daac-4718-a67f-fb7f298792c0","2026-08-12T22:28:28Z","riscv64_qemu_linux","EMULATED","riscv64","riscv64",2,3906,"Linux 6.17.0-14-generic","C compiler","unknown","-O3 (RISC-V Linux guest)","mlkem-native","v1.2.0 (0ba906cb14b1c241476134d7403a811b382ca498)","ML-KEM-1024","keygen",81,595770,1245184,True,""
"b78ae1c4-1a4d-4c90-b98a-d4796eaf0dc5","3614722a-daac-4718-a67f-fb7f298792c0","2026-08-12T22:28:28Z","riscv64_qemu_linux","EMULATED","riscv64","riscv64",2,3906,"Linux 6.17.0-14-generic","C compiler","unknown","-O3 (RISC-V Linux guest)","mlkem-native","v1.2.0 (0ba906cb14b1c241476134d7403a811b382ca498)","ML-KEM-1024","encapsulation",81,657268,1245184,True,""
"b78ae1c4-1a4d-4c90-b98a-d4796eaf0dc5","3614722a-daac-4718-a67f-fb7f298792c0","2026-08-12T22:28:28Z","riscv64_qemu_linux","EMULATED","riscv64","riscv64",2,3906,"Linux 6.17.0-14-generic","C compiler","unknown","-O3 (RISC-V Linux guest)","mlkem-native","v1.2.0 (0ba906cb14b1c241476134d7403a811b382ca498)","ML-KEM-1024","decapsulation",81,798961,1245184,True,""
"b78ae1c4-1a4d-4c90-b98a-d4796eaf0dc5","3614722a-daac-4718-a67f-fb7f298792c0","2026-08-12T22:28:28Z","riscv64_qemu_linux","EMULATED","riscv64","riscv64",2,3906,"Linux 6.17.0-14-generic","C compiler","unknown","-O3 (RISC-V Linux guest)","mlkem-native","v1.2.0 (0ba906cb14b1c241476134d7403a811b382ca498)","ML-KEM-1024","keygen",82,619770,1245184,True,""
"b78ae1c4-1a4d-4c90-b98a-d4796eaf0dc5","3614722a-daac-4718-a67f-fb7f298792c0","2026-08-12T22:28:28Z","riscv64_qemu_linux","EMULATED","riscv64","riscv64",2,3906,"Linux 6.17.0-14-generic","C compiler","unknown","-O3 (RISC-V Linux guest)","mlkem-native","v1.2.0 (0ba906cb14b1c241476134d7403a811b382ca498)","ML-KEM-1024","encapsulation",82,785961,1245184,True,""
"b78ae1c4-1a4d-4c90-b98a-d4796eaf0dc5","3614722a-daac-4718-a67f-fb7f298792c0","2026-08-12T22:28:28Z","riscv64_qemu_linux","EMULATED","riscv64","riscv64",2,3906,"Linux 6.17.0-14-generic","C compiler","unknown","-O3 (RISC-V Linux guest)","mlkem-native","v1.2.0 (0ba906cb14b1c241476134d7403a811b382ca498)","ML-KEM-1024","decapsulation",82,744063,1245184,True,""
"b78ae1c4-1a4d-4c90-b98a-d4796eaf0dc5","3614722a-daac-4718-a67f-fb7f298792c0","2026-08-12T22:28:28Z","riscv64_qemu_linux","EMULATED","riscv64","riscv64",2,3906,"Linux 6.17.0-14-generic","C compiler","unknown","-O3 (RISC-V Linux guest)","mlkem-native","v1.2.0 (0ba906cb14b1c241476134d7403a811b382ca498)","ML-KEM-1024","keygen",83,629768,1245184,True,""
"b78ae1c4-1a4d-4c90-b98a-d4796eaf0dc5","3614722a-daac-4718-a67f-fb7f298792c0","2026-08-12T22:28:28Z","riscv64_qemu_linux","EMULATED","riscv64","riscv64",2,3906,"Linux 6.17.0-14-generic","C compiler","unknown","-O3 (RISC-V Linux guest)","mlkem-native","v1.2.0 (0ba906cb14b1c241476134d7403a811b382ca498)","ML-KEM-1024","encapsulation",83,808760,1245184,True,""
"b78ae1c4-1a4d-4c90-b98a-d4796eaf0dc5","3614722a-daac-4718-a67f-fb7f298792c0","2026-08-12T22:28:28Z","riscv64_qemu_linux","EMULATED","riscv64","riscv64",2,3906,"Linux 6.17.0-14-generic","C compiler","unknown","-O3 (RISC-V Linux guest)","mlkem-native","v1.2.0 (0ba906cb14b1c241476134d7403a811b382ca498)","ML-KEM-1024","decapsulation",83,770662,1245184,True,""
"b78ae1c4-1a4d-4c90-b98a-d4796eaf0dc5","3614722a-daac-4718-a67f-fb7f298792c0","2026-08-12T22:28:28Z","riscv64_qemu_linux","EMULATED","riscv64","riscv64",2,3906,"Linux 6.17.0-14-generic","C compiler","unknown","-O3 (RISC-V Linux guest)","mlkem-native","v1.2.0 (0ba906cb14b1c241476134d7403a811b382ca498)","ML-KEM-1024","keygen",84,612770,1245184,True,""
"b78ae1c4-1a4d-4c90-b98a-d4796eaf0dc5","3614722a-daac-4718-a67f-fb7f298792c0","2026-08-12T22:28:28Z","riscv64_qemu_linux","EMULATED","riscv64","riscv64",2,3906,"Linux 6.17.0-14-generic","C compiler","unknown","-O3 (RISC-V Linux guest)","mlkem-native","v1.2.0 (0ba906cb14b1c241476134d7403a811b382ca498)","ML-KEM-1024","encapsulation",84,642168,1245184,True,""
"b78ae1c4-1a4d-4c90-b98a-d4796eaf0dc5","3614722a-daac-4718-a67f-fb7f298792c0","2026-08-12T22:28:28Z","riscv64_qemu_linux","EMULATED","riscv64","riscv64",2,3906,"Linux 6.17.0-14-generic","C compiler","unknown","-O3 (RISC-V Linux guest)","mlkem-native","v1.2.0 (0ba906cb14b1c241476134d7403a811b382ca498)","ML-KEM-1024","decapsulation",84,775662,1245184,True,""
"b78ae1c4-1a4d-4c90-b98a-d4796eaf0dc5","3614722a-daac-4718-a67f-fb7f298792c0","2026-08-12T22:28:28Z","riscv64_qemu_linux","EMULATED","riscv64","riscv64",2,3906,"Linux 6.17.0-14-generic","C compiler","unknown","-O3 (RISC-V Linux guest)","mlkem-native","v1.2.0 (0ba906cb14b1c241476134d7403a811b382ca498)","ML-KEM-1024","keygen",85,636069,1245184,True,""
"b78ae1c4-1a4d-4c90-b98a-d4796eaf0dc5","3614722a-daac-4718-a67f-fb7f298792c0","2026-08-12T22:28:28Z","riscv64_qemu_linux","EMULATED","riscv64","riscv64",2,3906,"Linux 6.17.0-14-generic","C compiler","unknown","-O3 (RISC-V Linux guest)","mlkem-native","v1.2.0 (0ba906cb14b1c241476134d7403a811b382ca498)","ML-KEM-1024","encapsulation",85,623869,1245184,True,""
"b78ae1c4-1a4d-4c90-b98a-d4796eaf0dc5","3614722a-daac-4718-a67f-fb7f298792c0","2026-08-12T22:28:28Z","riscv64_qemu_linux","EMULATED","riscv64","riscv64",2,3906,"Linux 6.17.0-14-generic","C compiler","unknown","-O3 (RISC-V Linux guest)","mlkem-native","v1.2.0 (0ba906cb14b1c241476134d7403a811b382ca498)","ML-KEM-1024","decapsulation",85,782561,1245184,True,""
"b78ae1c4-1a4d-4c90-b98a-d4796eaf0dc5","3614722a-daac-4718-a67f-fb7f298792c0","2026-08-12T22:28:28Z","riscv64_qemu_linux","EMULATED","riscv64","riscv64",2,3906,"Linux 6.17.0-14-generic","C compiler","unknown","-O3 (RISC-V Linux guest)","mlkem-native","v1.2.0 (0ba906cb14b1c241476134d7403a811b382ca498)","ML-KEM-1024","keygen",86,605470,1245184,True,""
"b78ae1c4-1a4d-4c90-b98a-d4796eaf0dc5","3614722a-daac-4718-a67f-fb7f298792c0","2026-08-12T22:28:28Z","riscv64_qemu_linux","EMULATED","riscv64","riscv64",2,3906,"Linux 6.17.0-14-generic","C compiler","unknown","-O3 (RISC-V Linux guest)","mlkem-native","v1.2.0 (0ba906cb14b1c241476134d7403a811b382ca498)","ML-KEM-1024","encapsulation",86,661667,1245184,True,""
"b78ae1c4-1a4d-4c90-b98a-d4796eaf0dc5","3614722a-daac-4718-a67f-fb7f298792c0","2026-08-12T22:28:28Z","riscv64_qemu_linux","EMULATED","riscv64","riscv64",2,3906,"Linux 6.17.0-14-generic","C compiler","unknown","-O3 (RISC-V Linux guest)","mlkem-native","v1.2.0 (0ba906cb14b1c241476134d7403a811b382ca498)","ML-KEM-1024","decapsulation",86,886756,1245184,True,""
"b78ae1c4-1a4d-4c90-b98a-d4796eaf0dc5","3614722a-daac-4718-a67f-fb7f298792c0","2026-08-12T22:28:28Z","riscv64_qemu_linux","EMULATED","riscv64","riscv64",2,3906,"Linux 6.17.0-14-generic","C compiler","unknown","-O3 (RISC-V Linux guest)","mlkem-native","v1.2.0 (0ba906cb14b1c241476134d7403a811b382ca498)","ML-KEM-1024","keygen",87,617369,1245184,True,""
"b78ae1c4-1a4d-4c90-b98a-d4796eaf0dc5","3614722a-daac-4718-a67f-fb7f298792c0","2026-08-12T22:28:28Z","riscv64_qemu_linux","EMULATED","riscv64","riscv64",2,3906,"Linux 6.17.0-14-generic","C compiler","unknown","-O3 (RISC-V Linux guest)","mlkem-native","v1.2.0 (0ba906cb14b1c241476134d7403a811b382ca498)","ML-KEM-1024","encapsulation",87,631769,1245184,True,""
"b78ae1c4-1a4d-4c90-b98a-d4796eaf0dc5","3614722a-daac-4718-a67f-fb7f298792c0","2026-08-12T22:28:28Z","riscv64_qemu_linux","EMULATED","riscv64","riscv64",2,3906,"Linux 6.17.0-14-generic","C compiler","unknown","-O3 (RISC-V Linux guest)","mlkem-native","v1.2.0 (0ba906cb14b1c241476134d7403a811b382ca498)","ML-KEM-1024","decapsulation",87,963552,1245184,True,""
"b78ae1c4-1a4d-4c90-b98a-d4796eaf0dc5","3614722a-daac-4718-a67f-fb7f298792c0","2026-08-12T22:28:28Z","riscv64_qemu_linux","EMULATED","riscv64","riscv64",2,3906,"Linux 6.17.0-14-generic","C compiler","unknown","-O3 (RISC-V Linux guest)","mlkem-native","v1.2.0 (0ba906cb14b1c241476134d7403a811b382ca498)","ML-KEM-1024","keygen",88,633268,1245184,True,""
"b78ae1c4-1a4d-4c90-b98a-d4796eaf0dc5","3614722a-daac-4718-a67f-fb7f298792c0","2026-08-12T22:28:28Z","riscv64_qemu_linux","EMULATED","riscv64","riscv64",2,3906,"Linux 6.17.0-14-generic","C compiler","unknown","-O3 (RISC-V Linux guest)","mlkem-native","v1.2.0 (0ba906cb14b1c241476134d7403a811b382ca498)","ML-KEM-1024","encapsulation",88,645268,1245184,True,""
"b78ae1c4-1a4d-4c90-b98a-d4796eaf0dc5","3614722a-daac-4718-a67f-fb7f298792c0","2026-08-12T22:28:28Z","riscv64_qemu_linux","EMULATED","riscv64","riscv64",2,3906,"Linux 6.17.0-14-generic","C compiler","unknown","-O3 (RISC-V Linux guest)","mlkem-native","v1.2.0 (0ba906cb14b1c241476134d7403a811b382ca498)","ML-KEM-1024","decapsulation",88,722264,1245184,True,""
"b78ae1c4-1a4d-4c90-b98a-d4796eaf0dc5","3614722a-daac-4718-a67f-fb7f298792c0","2026-08-12T22:28:28Z","riscv64_qemu_linux","EMULATED","riscv64","riscv64",2,3906,"Linux 6.17.0-14-generic","C compiler","unknown","-O3 (RISC-V Linux guest)","mlkem-native","v1.2.0 (0ba906cb14b1c241476134d7403a811b382ca498)","ML-KEM-1024","keygen",89,653468,1245184,True,""
"b78ae1c4-1a4d-4c90-b98a-d4796eaf0dc5","3614722a-daac-4718-a67f-fb7f298792c0","2026-08-12T22:28:28Z","riscv64_qemu_linux","EMULATED","riscv64","riscv64",2,3906,"Linux 6.17.0-14-generic","C compiler","unknown","-O3 (RISC-V Linux guest)","mlkem-native","v1.2.0 (0ba906cb14b1c241476134d7403a811b382ca498)","ML-KEM-1024","encapsulation",89,670966,1245184,True,""
"b78ae1c4-1a4d-4c90-b98a-d4796eaf0dc5","3614722a-daac-4718-a67f-fb7f298792c0","2026-08-12T22:28:28Z","riscv64_qemu_linux","EMULATED","riscv64","riscv64",2,3906,"Linux 6.17.0-14-generic","C compiler","unknown","-O3 (RISC-V Linux guest)","mlkem-native","v1.2.0 (0ba906cb14b1c241476134d7403a811b382ca498)","ML-KEM-1024","decapsulation",89,798861,1245184,True,""
"b78ae1c4-1a4d-4c90-b98a-d4796eaf0dc5","3614722a-daac-4718-a67f-fb7f298792c0","2026-08-12T22:28:28Z","riscv64_qemu_linux","EMULATED","riscv64","riscv64",2,3906,"Linux 6.17.0-14-generic","C compiler","unknown","-O3 (RISC-V Linux guest)","mlkem-native","v1.2.0 (0ba906cb14b1c241476134d7403a811b382ca498)","ML-KEM-1024","keygen",90,762962,1245184,True,""
"b78ae1c4-1a4d-4c90-b98a-d4796eaf0dc5","3614722a-daac-4718-a67f-fb7f298792c0","2026-08-12T22:28:28Z","riscv64_qemu_linux","EMULATED","riscv64","riscv64",2,3906,"Linux 6.17.0-14-generic","C compiler","unknown","-O3 (RISC-V Linux guest)","mlkem-native","v1.2.0 (0ba906cb14b1c241476134d7403a811b382ca498)","ML-KEM-1024","encapsulation",90,625369,1245184,True,""
"b78ae1c4-1a4d-4c90-b98a-d4796eaf0dc5","3614722a-daac-4718-a67f-fb7f298792c0","2026-08-12T22:28:28Z","riscv64_qemu_linux","EMULATED","riscv64","riscv64",2,3906,"Linux 6.17.0-14-generic","C compiler","unknown","-O3 (RISC-V Linux guest)","mlkem-native","v1.2.0 (0ba906cb14b1c241476134d7403a811b382ca498)","ML-KEM-1024","decapsulation",90,720664,1245184,True,""
"b78ae1c4-1a4d-4c90-b98a-d4796eaf0dc5","3614722a-daac-4718-a67f-fb7f298792c0","2026-08-12T22:28:28Z","riscv64_qemu_linux","EMULATED","riscv64","riscv64",2,3906,"Linux 6.17.0-14-generic","C compiler","unknown","-O3 (RISC-V Linux guest)","mlkem-native","v1.2.0 (0ba906cb14b1c241476134d7403a811b382ca498)","ML-KEM-1024","keygen",91,586271,1245184,True,""
"b78ae1c4-1a4d-4c90-b98a-d4796eaf0dc5","3614722a-daac-4718-a67f-fb7f298792c0","2026-08-12T22:28:28Z","riscv64_qemu_linux","EMULATED","riscv64","riscv64",2,3906,"Linux 6.17.0-14-generic","C compiler","unknown","-O3 (RISC-V Linux guest)","mlkem-native","v1.2.0 (0ba906cb14b1c241476134d7403a811b382ca498)","ML-KEM-1024","encapsulation",91,668367,1245184,True,""
"b78ae1c4-1a4d-4c90-b98a-d4796eaf0dc5","3614722a-daac-4718-a67f-fb7f298792c0","2026-08-12T22:28:28Z","riscv64_qemu_linux","EMULATED","riscv64","riscv64",2,3906,"Linux 6.17.0-14-generic","C compiler","unknown","-O3 (RISC-V Linux guest)","mlkem-native","v1.2.0 (0ba906cb14b1c241476134d7403a811b382ca498)","ML-KEM-1024","decapsulation",91,747163,1245184,True,""
"b78ae1c4-1a4d-4c90-b98a-d4796eaf0dc5","3614722a-daac-4718-a67f-fb7f298792c0","2026-08-12T22:28:28Z","riscv64_qemu_linux","EMULATED","riscv64","riscv64",2,3906,"Linux 6.17.0-14-generic","C compiler","unknown","-O3 (RISC-V Linux guest)","mlkem-native","v1.2.0 (0ba906cb14b1c241476134d7403a811b382ca498)","ML-KEM-1024","keygen",92,600470,1245184,True,""
"b78ae1c4-1a4d-4c90-b98a-d4796eaf0dc5","3614722a-daac-4718-a67f-fb7f298792c0","2026-08-12T22:28:28Z","riscv64_qemu_linux","EMULATED","riscv64","riscv64",2,3906,"Linux 6.17.0-14-generic","C compiler","unknown","-O3 (RISC-V Linux guest)","mlkem-native","v1.2.0 (0ba906cb14b1c241476134d7403a811b382ca498)","ML-KEM-1024","encapsulation",92,630969,1245184,True,""
"b78ae1c4-1a4d-4c90-b98a-d4796eaf0dc5","3614722a-daac-4718-a67f-fb7f298792c0","2026-08-12T22:28:28Z","riscv64_qemu_linux","EMULATED","riscv64","riscv64",2,3906,"Linux 6.17.0-14-generic","C compiler","unknown","-O3 (RISC-V Linux guest)","mlkem-native","v1.2.0 (0ba906cb14b1c241476134d7403a811b382ca498)","ML-KEM-1024","decapsulation",92,733464,1245184,True,""
"b78ae1c4-1a4d-4c90-b98a-d4796eaf0dc5","3614722a-daac-4718-a67f-fb7f298792c0","2026-08-12T22:28:28Z","riscv64_qemu_linux","EMULATED","riscv64","riscv64",2,3906,"Linux 6.17.0-14-generic","C compiler","unknown","-O3 (RISC-V Linux guest)","mlkem-native","v1.2.0 (0ba906cb14b1c241476134d7403a811b382ca498)","ML-KEM-1024","keygen",93,601370,1245184,True,""
"b78ae1c4-1a4d-4c90-b98a-d4796eaf0dc5","3614722a-daac-4718-a67f-fb7f298792c0","2026-08-12T22:28:28Z","riscv64_qemu_linux","EMULATED","riscv64","riscv64",2,3906,"Linux 6.17.0-14-generic","C compiler","unknown","-O3 (RISC-V Linux guest)","mlkem-native","v1.2.0 (0ba906cb14b1c241476134d7403a811b382ca498)","ML-KEM-1024","encapsulation",93,831859,1245184,True,""
"b78ae1c4-1a4d-4c90-b98a-d4796eaf0dc5","3614722a-daac-4718-a67f-fb7f298792c0","2026-08-12T22:28:28Z","riscv64_qemu_linux","EMULATED","riscv64","riscv64",2,3906,"Linux 6.17.0-14-generic","C compiler","unknown","-O3 (RISC-V Linux guest)","mlkem-native","v1.2.0 (0ba906cb14b1c241476134d7403a811b382ca498)","ML-KEM-1024","decapsulation",93,761762,1245184,True,""
"b78ae1c4-1a4d-4c90-b98a-d4796eaf0dc5","3614722a-daac-4718-a67f-fb7f298792c0","2026-08-12T22:28:28Z","riscv64_qemu_linux","EMULATED","riscv64","riscv64",2,3906,"Linux 6.17.0-14-generic","C compiler","unknown","-O3 (RISC-V Linux guest)","mlkem-native","v1.2.0 (0ba906cb14b1c241476134d7403a811b382ca498)","ML-KEM-1024","keygen",94,618469,1245184,True,""
"b78ae1c4-1a4d-4c90-b98a-d4796eaf0dc5","3614722a-daac-4718-a67f-fb7f298792c0","2026-08-12T22:28:28Z","riscv64_qemu_linux","EMULATED","riscv64","riscv64",2,3906,"Linux 6.17.0-14-generic","C compiler","unknown","-O3 (RISC-V Linux guest)","mlkem-native","v1.2.0 (0ba906cb14b1c241476134d7403a811b382ca498)","ML-KEM-1024","encapsulation",94,793061,1245184,True,""
"b78ae1c4-1a4d-4c90-b98a-d4796eaf0dc5","3614722a-daac-4718-a67f-fb7f298792c0","2026-08-12T22:28:28Z","riscv64_qemu_linux","EMULATED","riscv64","riscv64",2,3906,"Linux 6.17.0-14-generic","C compiler","unknown","-O3 (RISC-V Linux guest)","mlkem-native","v1.2.0 (0ba906cb14b1c241476134d7403a811b382ca498)","ML-KEM-1024","decapsulation",94,766662,1245184,True,""
"b78ae1c4-1a4d-4c90-b98a-d4796eaf0dc5","3614722a-daac-4718-a67f-fb7f298792c0","2026-08-12T22:28:28Z","riscv64_qemu_linux","EMULATED","riscv64","riscv64",2,3906,"Linux 6.17.0-14-generic","C compiler","unknown","-O3 (RISC-V Linux guest)","mlkem-native","v1.2.0 (0ba906cb14b1c241476134d7403a811b382ca498)","ML-KEM-1024","keygen",95,615570,1245184,True,""
"b78ae1c4-1a4d-4c90-b98a-d4796eaf0dc5","3614722a-daac-4718-a67f-fb7f298792c0","2026-08-12T22:28:28Z","riscv64_qemu_linux","EMULATED","riscv64","riscv64",2,3906,"Linux 6.17.0-14-generic","C compiler","unknown","-O3 (RISC-V Linux guest)","mlkem-native","v1.2.0 (0ba906cb14b1c241476134d7403a811b382ca498)","ML-KEM-1024","encapsulation",95,618770,1245184,True,""
"b78ae1c4-1a4d-4c90-b98a-d4796eaf0dc5","3614722a-daac-4718-a67f-fb7f298792c0","2026-08-12T22:28:28Z","riscv64_qemu_linux","EMULATED","riscv64","riscv64",2,3906,"Linux 6.17.0-14-generic","C compiler","unknown","-O3 (RISC-V Linux guest)","mlkem-native","v1.2.0 (0ba906cb14b1c241476134d7403a811b382ca498)","ML-KEM-1024","decapsulation",95,951053,1245184,True,""
"b78ae1c4-1a4d-4c90-b98a-d4796eaf0dc5","3614722a-daac-4718-a67f-fb7f298792c0","2026-08-12T22:28:28Z","riscv64_qemu_linux","EMULATED","riscv64","riscv64",2,3906,"Linux 6.17.0-14-generic","C compiler","unknown","-O3 (RISC-V Linux guest)","mlkem-native","v1.2.0 (0ba906cb14b1c241476134d7403a811b382ca498)","ML-KEM-1024","keygen",96,625269,1245184,True,""
"b78ae1c4-1a4d-4c90-b98a-d4796eaf0dc5","3614722a-daac-4718-a67f-fb7f298792c0","2026-08-12T22:28:28Z","riscv64_qemu_linux","EMULATED","riscv64","riscv64",2,3906,"Linux 6.17.0-14-generic","C compiler","unknown","-O3 (RISC-V Linux guest)","mlkem-native","v1.2.0 (0ba906cb14b1c241476134d7403a811b382ca498)","ML-KEM-1024","encapsulation",96,628569,1245184,True,""
"b78ae1c4-1a4d-4c90-b98a-d4796eaf0dc5","3614722a-daac-4718-a67f-fb7f298792c0","2026-08-12T22:28:28Z","riscv64_qemu_linux","EMULATED","riscv64","riscv64",2,3906,"Linux 6.17.0-14-generic","C compiler","unknown","-O3 (RISC-V Linux guest)","mlkem-native","v1.2.0 (0ba906cb14b1c241476134d7403a811b382ca498)","ML-KEM-1024","decapsulation",96,900555,1245184,True,""
"b78ae1c4-1a4d-4c90-b98a-d4796eaf0dc5","3614722a-daac-4718-a67f-fb7f298792c0","2026-08-12T22:28:28Z","riscv64_qemu_linux","EMULATED","riscv64","riscv64",2,3906,"Linux 6.17.0-14-generic","C compiler","unknown","-O3 (RISC-V Linux guest)","mlkem-native","v1.2.0 (0ba906cb14b1c241476134d7403a811b382ca498)","ML-KEM-1024","keygen",97,661168,1245184,True,""
"b78ae1c4-1a4d-4c90-b98a-d4796eaf0dc5","3614722a-daac-4718-a67f-fb7f298792c0","2026-08-12T22:28:28Z","riscv64_qemu_linux","EMULATED","riscv64","riscv64",2,3906,"Linux 6.17.0-14-generic","C compiler","unknown","-O3 (RISC-V Linux guest)","mlkem-native","v1.2.0 (0ba906cb14b1c241476134d7403a811b382ca498)","ML-KEM-1024","encapsulation",97,651967,1245184,True,""
"b78ae1c4-1a4d-4c90-b98a-d4796eaf0dc5","3614722a-daac-4718-a67f-fb7f298792c0","2026-08-12T22:28:28Z","riscv64_qemu_linux","EMULATED","riscv64","riscv64",2,3906,"Linux 6.17.0-14-generic","C compiler","unknown","-O3 (RISC-V Linux guest)","mlkem-native","v1.2.0 (0ba906cb14b1c241476134d7403a811b382ca498)","ML-KEM-1024","decapsulation",97,907055,1245184,True,""
"b78ae1c4-1a4d-4c90-b98a-d4796eaf0dc5","3614722a-daac-4718-a67f-fb7f298792c0","2026-08-12T22:28:28Z","riscv64_qemu_linux","EMULATED","riscv64","riscv64",2,3906,"Linux 6.17.0-14-generic","C compiler","unknown","-O3 (RISC-V Linux guest)","mlkem-native","v1.2.0 (0ba906cb14b1c241476134d7403a811b382ca498)","ML-KEM-1024","keygen",98,647968,1245184,True,""
"b78ae1c4-1a4d-4c90-b98a-d4796eaf0dc5","3614722a-daac-4718-a67f-fb7f298792c0","2026-08-12T22:28:28Z","riscv64_qemu_linux","EMULATED","riscv64","riscv64",2,3906,"Linux 6.17.0-14-generic","C compiler","unknown","-O3 (RISC-V Linux guest)","mlkem-native","v1.2.0 (0ba906cb14b1c241476134d7403a811b382ca498)","ML-KEM-1024","encapsulation",98,643068,1245184,True,""
"b78ae1c4-1a4d-4c90-b98a-d4796eaf0dc5","3614722a-daac-4718-a67f-fb7f298792c0","2026-08-12T22:28:28Z","riscv64_qemu_linux","EMULATED","riscv64","riscv64",2,3906,"Linux 6.17.0-14-generic","C compiler","unknown","-O3 (RISC-V Linux guest)","mlkem-native","v1.2.0 (0ba906cb14b1c241476134d7403a811b382ca498)","ML-KEM-1024","decapsulation",98,723664,1245184,True,""
"b78ae1c4-1a4d-4c90-b98a-d4796eaf0dc5","3614722a-daac-4718-a67f-fb7f298792c0","2026-08-12T22:28:28Z","riscv64_qemu_linux","EMULATED","riscv64","riscv64",2,3906,"Linux 6.17.0-14-generic","C compiler","unknown","-O3 (RISC-V Linux guest)","mlkem-native","v1.2.0 (0ba906cb14b1c241476134d7403a811b382ca498)","ML-KEM-1024","keygen",99,733564,1245184,True,""
"b78ae1c4-1a4d-4c90-b98a-d4796eaf0dc5","3614722a-daac-4718-a67f-fb7f298792c0","2026-08-12T22:28:28Z","riscv64_qemu_linux","EMULATED","riscv64","riscv64",2,3906,"Linux 6.17.0-14-generic","C compiler","unknown","-O3 (RISC-V Linux guest)","mlkem-native","v1.2.0 (0ba906cb14b1c241476134d7403a811b382ca498)","ML-KEM-1024","encapsulation",99,620969,1245184,True,""
"b78ae1c4-1a4d-4c90-b98a-d4796eaf0dc5","3614722a-daac-4718-a67f-fb7f298792c0","2026-08-12T22:28:28Z","riscv64_qemu_linux","EMULATED","riscv64","riscv64",2,3906,"Linux 6.17.0-14-generic","C compiler","unknown","-O3 (RISC-V Linux guest)","mlkem-native","v1.2.0 (0ba906cb14b1c241476134d7403a811b382ca498)","ML-KEM-1024","decapsulation",99,717465,1245184,True,""
"b78ae1c4-1a4d-4c90-b98a-d4796eaf0dc5","3614722a-daac-4718-a67f-fb7f298792c0","2026-08-12T22:28:28Z","riscv64_qemu_linux","EMULATED","riscv64","riscv64",2,3906,"Linux 6.17.0-14-generic","C compiler","unknown","-O3 (RISC-V Linux guest)","mlkem-native","v1.2.0 (0ba906cb14b1c241476134d7403a811b382ca498)","ML-KEM-1024","keygen",100,844458,1245184,True,""
"b78ae1c4-1a4d-4c90-b98a-d4796eaf0dc5","3614722a-daac-4718-a67f-fb7f298792c0","2026-08-12T22:28:28Z","riscv64_qemu_linux","EMULATED","riscv64","riscv64",2,3906,"Linux 6.17.0-14-generic","C compiler","unknown","-O3 (RISC-V Linux guest)","mlkem-native","v1.2.0 (0ba906cb14b1c241476134d7403a811b382ca498)","ML-KEM-1024","encapsulation",100,633669,1245184,True,""
"b78ae1c4-1a4d-4c90-b98a-d4796eaf0dc5","3614722a-daac-4718-a67f-fb7f298792c0","2026-08-12T22:28:28Z","riscv64_qemu_linux","EMULATED","riscv64","riscv64",2,3906,"Linux 6.17.0-14-generic","C compiler","unknown","-O3 (RISC-V Linux guest)","mlkem-native","v1.2.0 (0ba906cb14b1c241476134d7403a811b382ca498)","ML-KEM-1024","decapsulation",100,730663,1245184,True,""
