experiment_id,run_id,timestamp,environment,measurement_type,architecture,processor,cpu_cores,ram_mb,os,compiler,compiler_version,optimization_flags,implementation,implementation_version,mlkem_variant,operation,iteration,execution_time_ns,memory_bytes,success,error_message
"063b48d7-9312-4699-bfc6-efc5b17d6cdd","1cf4e8f3-f542-4c18-9b08-89f225d37af6","2026-08-12T20:10:57Z","android_vivo_y19_termux","NATIVE_HARDWARE","aarch64","aarch64",8,3741,"Linux 4.14.186-g1003dc13e-dirty","clang","21.1.8 ","-O3 -march=armv8-a","mlkem-native","v1.2.0 (0ba906cb14b1c241476134d7403a811b382ca498)","ML-KEM-512","keygen",1,104000,3567616,True,""
"063b48d7-9312-4699-bfc6-efc5b17d6cdd","1cf4e8f3-f542-4c18-9b08-89f225d37af6","2026-08-12T20:10:57Z","android_vivo_y19_termux","NATIVE_HARDWARE","aarch64","aarch64",8,3741,"Linux 4.14.186-g1003dc13e-dirty","clang","21.1.8 ","-O3 -march=armv8-a","mlkem-native","v1.2.0 (0ba906cb14b1c241476134d7403a811b382ca498)","ML-KEM-512","encapsulation",1,107692,3567616,True,""
"063b48d7-9312-4699-bfc6-efc5b17d6cdd","1cf4e8f3-f542-4c18-9b08-89f225d37af6","2026-08-12T20:10:57Z","android_vivo_y19_termux","NATIVE_HARDWARE","aarch64","aarch64",8,3741,"Linux 4.14.186-g1003dc13e-dirty","clang","21.1.8 ","-O3 -march=armv8-a","mlkem-native","v1.2.0 (0ba906cb14b1c241476134d7403a811b382ca498)","ML-KEM-512","decapsulation",1,130769,3567616,True,""
"063b48d7-9312-4699-bfc6-efc5b17d6cdd","1cf4e8f3-f542-4c18-9b08-89f225d37af6","2026-08-12T20:10:57Z","android_vivo_y19_termux","NATIVE_HARDWARE","aarch64","aarch64",8,3741,"Linux 4.14.186-g1003dc13e-dirty","clang","21.1.8 ","-O3 -march=armv8-a","mlkem-native","v1.2.0 (0ba906cb14b1c241476134d7403a811b382ca498)","ML-KEM-512","keygen",2,81539,3567616,True,""
"063b48d7-9312-4699-bfc6-efc5b17d6cdd","1cf4e8f3-f542-4c18-9b08-89f225d37af6","2026-08-12T20:10:57Z","android_vivo_y19_termux","NATIVE_HARDWARE","aarch64","aarch64",8,3741,"Linux 4.14.186-g1003dc13e-dirty","clang","21.1.8 ","-O3 -march=armv8-a","mlkem-native","v1.2.0 (0ba906cb14b1c241476134d7403a811b382ca498)","ML-KEM-512","encapsulation",2,86846,3567616,True,""
"063b48d7-9312-4699-bfc6-efc5b17d6cdd","1cf4e8f3-f542-4c18-9b08-89f225d37af6","2026-08-12T20:10:57Z","android_vivo_y19_termux","NATIVE_HARDWARE","aarch64","aarch64",8,3741,"Linux 4.14.186-g1003dc13e-dirty","clang","21.1.8 ","-O3 -march=armv8-a","mlkem-native","v1.2.0 (0ba906cb14b1c241476134d7403a811b382ca498)","ML-KEM-512","decapsulation",2,104385,3567616,True,""
"063b48d7-9312-4699-bfc6-efc5b17d6cdd","1cf4e8f3-f542-4c18-9b08-89f225d37af6","2026-08-12T20:10:57Z","android_vivo_y19_termux","NATIVE_HARDWARE","aarch64","aarch64",8,3741,"Linux 4.14.186-g1003dc13e-dirty","clang","21.1.8 ","-O3 -march=armv8-a","mlkem-native","v1.2.0 (0ba906cb14b1c241476134d7403a811b382ca498)","ML-KEM-512","keygen",3,76000,3567616,True,""
"063b48d7-9312-4699-bfc6-efc5b17d6cdd","1cf4e8f3-f542-4c18-9b08-89f225d37af6","2026-08-12T20:10:57Z","android_vivo_y19_termux","NATIVE_HARDWARE","aarch64","aarch64",8,3741,"Linux 4.14.186-g1003dc13e-dirty","clang","21.1.8 ","-O3 -march=armv8-a","mlkem-native","v1.2.0 (0ba906cb14b1c241476134d7403a811b382ca498)","ML-KEM-512","encapsulation",3,85231,3567616,True,""
"063b48d7-9312-4699-bfc6-efc5b17d6cdd","1cf4e8f3-f542-4c18-9b08-89f225d37af6","2026-08-12T20:10:57Z","android_vivo_y19_termux","NATIVE_HARDWARE","aarch64","aarch64",8,3741,"Linux 4.14.186-g1003dc13e-dirty","clang","21.1.8 ","-O3 -march=armv8-a","mlkem-native","v1.2.0 (0ba906cb14b1c241476134d7403a811b382ca498)","ML-KEM-512","decapsulation",3,103000,3567616,True,""
"063b48d7-9312-4699-bfc6-efc5b17d6cdd","1cf4e8f3-f542-4c18-9b08-89f225d37af6","2026-08-12T20:10:57Z","android_vivo_y19_termux","NATIVE_HARDWARE","aarch64","aarch64",8,3741,"Linux 4.14.186-g1003dc13e-dirty","clang","21.1.8 ","-O3 -march=armv8-a","mlkem-native","v1.2.0 (0ba906cb14b1c241476134d7403a811b382ca498)","ML-KEM-512","keygen",4,75692,3567616,True,""
"063b48d7-9312-4699-bfc6-efc5b17d6cdd","1cf4e8f3-f542-4c18-9b08-89f225d37af6","2026-08-12T20:10:57Z","android_vivo_y19_termux","NATIVE_HARDWARE","aarch64","aarch64",8,3741,"Linux 4.14.186-g1003dc13e-dirty","clang","21.1.8 ","-O3 -march=armv8-a","mlkem-native","v1.2.0 (0ba906cb14b1c241476134d7403a811b382ca498)","ML-KEM-512","encapsulation",4,161615,3567616,True,""
"063b48d7-9312-4699-bfc6-efc5b17d6cdd","1cf4e8f3-f542-4c18-9b08-89f225d37af6","2026-08-12T20:10:57Z","android_vivo_y19_termux","NATIVE_HARDWARE","aarch64","aarch64",8,3741,"Linux 4.14.186-g1003dc13e-dirty","clang","21.1.8 ","-O3 -march=armv8-a","mlkem-native","v1.2.0 (0ba906cb14b1c241476134d7403a811b382ca498)","ML-KEM-512","decapsulation",4,103385,3567616,True,""
"063b48d7-9312-4699-bfc6-efc5b17d6cdd","1cf4e8f3-f542-4c18-9b08-89f225d37af6","2026-08-12T20:10:57Z","android_vivo_y19_termux","NATIVE_HARDWARE","aarch64","aarch64",8,3741,"Linux 4.14.186-g1003dc13e-dirty","clang","21.1.8 ","-O3 -march=armv8-a","mlkem-native","v1.2.0 (0ba906cb14b1c241476134d7403a811b382ca498)","ML-KEM-512","keygen",5,77769,3567616,True,""
"063b48d7-9312-4699-bfc6-efc5b17d6cdd","1cf4e8f3-f542-4c18-9b08-89f225d37af6","2026-08-12T20:10:57Z","android_vivo_y19_termux","NATIVE_HARDWARE","aarch64","aarch64",8,3741,"Linux 4.14.186-g1003dc13e-dirty","clang","21.1.8 ","-O3 -march=armv8-a","mlkem-native","v1.2.0 (0ba906cb14b1c241476134d7403a811b382ca498)","ML-KEM-512","encapsulation",5,87615,3567616,True,""
"063b48d7-9312-4699-bfc6-efc5b17d6cdd","1cf4e8f3-f542-4c18-9b08-89f225d37af6","2026-08-12T20:10:57Z","android_vivo_y19_termux","NATIVE_HARDWARE","aarch64","aarch64",8,3741,"Linux 4.14.186-g1003dc13e-dirty","clang","21.1.8 ","-O3 -march=armv8-a","mlkem-native","v1.2.0 (0ba906cb14b1c241476134d7403a811b382ca498)","ML-KEM-512","decapsulation",5,104231,3567616,True,""
"063b48d7-9312-4699-bfc6-efc5b17d6cdd","1cf4e8f3-f542-4c18-9b08-89f225d37af6","2026-08-12T20:10:57Z","android_vivo_y19_termux","NATIVE_HARDWARE","aarch64","aarch64",8,3741,"Linux 4.14.186-g1003dc13e-dirty","clang","21.1.8 ","-O3 -march=armv8-a","mlkem-native","v1.2.0 (0ba906cb14b1c241476134d7403a811b382ca498)","ML-KEM-512","keygen",6,76308,3567616,True,""
"063b48d7-9312-4699-bfc6-efc5b17d6cdd","1cf4e8f3-f542-4c18-9b08-89f225d37af6","2026-08-12T20:10:57Z","android_vivo_y19_termux","NATIVE_HARDWARE","aarch64","aarch64",8,3741,"Linux 4.14.186-g1003dc13e-dirty","clang","21.1.8 ","-O3 -march=armv8-a","mlkem-native","v1.2.0 (0ba906cb14b1c241476134d7403a811b382ca498)","ML-KEM-512","encapsulation",6,85846,3567616,True,""
"063b48d7-9312-4699-bfc6-efc5b17d6cdd","1cf4e8f3-f542-4c18-9b08-89f225d37af6","2026-08-12T20:10:57Z","android_vivo_y19_termux","NATIVE_HARDWARE","aarch64","aarch64",8,3741,"Linux 4.14.186-g1003dc13e-dirty","clang","21.1.8 ","-O3 -march=armv8-a","mlkem-native","v1.2.0 (0ba906cb14b1c241476134d7403a811b382ca498)","ML-KEM-512","decapsulation",6,103461,3567616,True,""
"063b48d7-9312-4699-bfc6-efc5b17d6cdd","1cf4e8f3-f542-4c18-9b08-89f225d37af6","2026-08-12T20:10:57Z","android_vivo_y19_termux","NATIVE_HARDWARE","aarch64","aarch64",8,3741,"Linux 4.14.186-g1003dc13e-dirty","clang","21.1.8 ","-O3 -march=armv8-a","mlkem-native","v1.2.0 (0ba906cb14b1c241476134d7403a811b382ca498)","ML-KEM-512","keygen",7,75615,3567616,True,""
"063b48d7-9312-4699-bfc6-efc5b17d6cdd","1cf4e8f3-f542-4c18-9b08-89f225d37af6","2026-08-12T20:10:57Z","android_vivo_y19_termux","NATIVE_HARDWARE","aarch64","aarch64",8,3741,"Linux 4.14.186-g1003dc13e-dirty","clang","21.1.8 ","-O3 -march=armv8-a","mlkem-native","v1.2.0 (0ba906cb14b1c241476134d7403a811b382ca498)","ML-KEM-512","encapsulation",7,85231,3567616,True,""
"063b48d7-9312-4699-bfc6-efc5b17d6cdd","1cf4e8f3-f542-4c18-9b08-89f225d37af6","2026-08-12T20:10:57Z","android_vivo_y19_termux","NATIVE_HARDWARE","aarch64","aarch64",8,3741,"Linux 4.14.186-g1003dc13e-dirty","clang","21.1.8 ","-O3 -march=armv8-a","mlkem-native","v1.2.0 (0ba906cb14b1c241476134d7403a811b382ca498)","ML-KEM-512","decapsulation",7,102462,3567616,True,""
"063b48d7-9312-4699-bfc6-efc5b17d6cdd","1cf4e8f3-f542-4c18-9b08-89f225d37af6","2026-08-12T20:10:57Z","android_vivo_y19_termux","NATIVE_HARDWARE","aarch64","aarch64",8,3741,"Linux 4.14.186-g1003dc13e-dirty","clang","21.1.8 ","-O3 -march=armv8-a","mlkem-native","v1.2.0 (0ba906cb14b1c241476134d7403a811b382ca498)","ML-KEM-512","keygen",8,75693,3567616,True,""
"063b48d7-9312-4699-bfc6-efc5b17d6cdd","1cf4e8f3-f542-4c18-9b08-89f225d37af6","2026-08-12T20:10:57Z","android_vivo_y19_termux","NATIVE_HARDWARE","aarch64","aarch64",8,3741,"Linux 4.14.186-g1003dc13e-dirty","clang","21.1.8 ","-O3 -march=armv8-a","mlkem-native","v1.2.0 (0ba906cb14b1c241476134d7403a811b382ca498)","ML-KEM-512","encapsulation",8,84847,3567616,True,""
"063b48d7-9312-4699-bfc6-efc5b17d6cdd","1cf4e8f3-f542-4c18-9b08-89f225d37af6","2026-08-12T20:10:57Z","android_vivo_y19_termux","NATIVE_HARDWARE","aarch64","aarch64",8,3741,"Linux 4.14.186-g1003dc13e-dirty","clang","21.1.8 ","-O3 -march=armv8-a","mlkem-native","v1.2.0 (0ba906cb14b1c241476134d7403a811b382ca498)","ML-KEM-512","decapsulation",8,102154,3567616,True,""
"063b48d7-9312-4699-bfc6-efc5b17d6cdd","1cf4e8f3-f542-4c18-9b08-89f225d37af6","2026-08-12T20:10:57Z","android_vivo_y19_termux","NATIVE_HARDWARE","aarch64","aarch64",8,3741,"Linux 4.14.186-g1003dc13e-dirty","clang","21.1.8 ","-O3 -march=armv8-a","mlkem-native","v1.2.0 (0ba906cb14b1c241476134d7403a811b382ca498)","ML-KEM-512","keygen",9,75692,3567616,True,""
"063b48d7-9312-4699-bfc6-efc5b17d6cdd","1cf4e8f3-f542-4c18-9b08-89f225d37af6","2026-08-12T20:10:57Z","android_vivo_y19_termux","NATIVE_HARDWARE","aarch64","aarch64",8,3741,"Linux 4.14.186-g1003dc13e-dirty","clang","21.1.8 ","-O3 -march=armv8-a","mlkem-native","v1.2.0 (0ba906cb14b1c241476134d7403a811b382ca498)","ML-KEM-512","encapsulation",9,84846,3567616,True,""
"063b48d7-9312-4699-bfc6-efc5b17d6cdd","1cf4e8f3-f542-4c18-9b08-89f225d37af6","2026-08-12T20:10:57Z","android_vivo_y19_termux","NATIVE_HARDWARE","aarch64","aarch64",8,3741,"Linux 4.14.186-g1003dc13e-dirty","clang","21.1.8 ","-O3 -march=armv8-a","mlkem-native","v1.2.0 (0ba906cb14b1c241476134d7403a811b382ca498)","ML-KEM-512","decapsulation",9,102385,3567616,True,""
"063b48d7-9312-4699-bfc6-efc5b17d6cdd","1cf4e8f3-f542-4c18-9b08-89f225d37af6","2026-08-12T20:10:57Z","android_vivo_y19_termux","NATIVE_HARDWARE","aarch64","aarch64",8,3741,"Linux 4.14.186-g1003dc13e-dirty","clang","21.1.8 ","-O3 -march=armv8-a","mlkem-native","v1.2.0 (0ba906cb14b1c241476134d7403a811b382ca498)","ML-KEM-512","keygen",10,75692,3567616,True,""
"063b48d7-9312-4699-bfc6-efc5b17d6cdd","1cf4e8f3-f542-4c18-9b08-89f225d37af6","2026-08-12T20:10:57Z","android_vivo_y19_termux","NATIVE_HARDWARE","aarch64","aarch64",8,3741,"Linux 4.14.186-g1003dc13e-dirty","clang","21.1.8 ","-O3 -march=armv8-a","mlkem-native","v1.2.0 (0ba906cb14b1c241476134d7403a811b382ca498)","ML-KEM-512","encapsulation",10,85231,3567616,True,""
"063b48d7-9312-4699-bfc6-efc5b17d6cdd","1cf4e8f3-f542-4c18-9b08-89f225d37af6","2026-08-12T20:10:57Z","android_vivo_y19_termux","NATIVE_HARDWARE","aarch64","aarch64",8,3741,"Linux 4.14.186-g1003dc13e-dirty","clang","21.1.8 ","-O3 -march=armv8-a","mlkem-native","v1.2.0 (0ba906cb14b1c241476134d7403a811b382ca498)","ML-KEM-512","decapsulation",10,102461,3567616,True,""
"063b48d7-9312-4699-bfc6-efc5b17d6cdd","1cf4e8f3-f542-4c18-9b08-89f225d37af6","2026-08-12T20:10:57Z","android_vivo_y19_termux","NATIVE_HARDWARE","aarch64","aarch64",8,3741,"Linux 4.14.186-g1003dc13e-dirty","clang","21.1.8 ","-O3 -march=armv8-a","mlkem-native","v1.2.0 (0ba906cb14b1c241476134d7403a811b382ca498)","ML-KEM-512","keygen",11,76000,3567616,True,""
"063b48d7-9312-4699-bfc6-efc5b17d6cdd","1cf4e8f3-f542-4c18-9b08-89f225d37af6","2026-08-12T20:10:57Z","android_vivo_y19_termux","NATIVE_HARDWARE","aarch64","aarch64",8,3741,"Linux 4.14.186-g1003dc13e-dirty","clang","21.1.8 ","-O3 -march=armv8-a","mlkem-native","v1.2.0 (0ba906cb14b1c241476134d7403a811b382ca498)","ML-KEM-512","encapsulation",11,85154,3567616,True,""
"063b48d7-9312-4699-bfc6-efc5b17d6cdd","1cf4e8f3-f542-4c18-9b08-89f225d37af6","2026-08-12T20:10:57Z","android_vivo_y19_termux","NATIVE_HARDWARE","aarch64","aarch64",8,3741,"Linux 4.14.186-g1003dc13e-dirty","clang","21.1.8 ","-O3 -march=armv8-a","mlkem-native","v1.2.0 (0ba906cb14b1c241476134d7403a811b382ca498)","ML-KEM-512","decapsulation",11,102384,3567616,True,""
"063b48d7-9312-4699-bfc6-efc5b17d6cdd","1cf4e8f3-f542-4c18-9b08-89f225d37af6","2026-08-12T20:10:57Z","android_vivo_y19_termux","NATIVE_HARDWARE","aarch64","aarch64",8,3741,"Linux 4.14.186-g1003dc13e-dirty","clang","21.1.8 ","-O3 -march=armv8-a","mlkem-native","v1.2.0 (0ba906cb14b1c241476134d7403a811b382ca498)","ML-KEM-512","keygen",12,75308,3567616,True,""
"063b48d7-9312-4699-bfc6-efc5b17d6cdd","1cf4e8f3-f542-4c18-9b08-89f225d37af6","2026-08-12T20:10:57Z","android_vivo_y19_termux","NATIVE_HARDWARE","aarch64","aarch64",8,3741,"Linux 4.14.186-g1003dc13e-dirty","clang","21.1.8 ","-O3 -march=armv8-a","mlkem-native","v1.2.0 (0ba906cb14b1c241476134d7403a811b382ca498)","ML-KEM-512","encapsulation",12,85154,3567616,True,""
"063b48d7-9312-4699-bfc6-efc5b17d6cdd","1cf4e8f3-f542-4c18-9b08-89f225d37af6","2026-08-12T20:10:57Z","android_vivo_y19_termux","NATIVE_HARDWARE","aarch64","aarch64",8,3741,"Linux 4.14.186-g1003dc13e-dirty","clang","21.1.8 ","-O3 -march=armv8-a","mlkem-native","v1.2.0 (0ba906cb14b1c241476134d7403a811b382ca498)","ML-KEM-512","decapsulation",12,102077,3567616,True,""
"063b48d7-9312-4699-bfc6-efc5b17d6cdd","1cf4e8f3-f542-4c18-9b08-89f225d37af6","2026-08-12T20:10:57Z","android_vivo_y19_termux","NATIVE_HARDWARE","aarch64","aarch64",8,3741,"Linux 4.14.186-g1003dc13e-dirty","clang","21.1.8 ","-O3 -march=armv8-a","mlkem-native","v1.2.0 (0ba906cb14b1c241476134d7403a811b382ca498)","ML-KEM-512","keygen",13,75923,3567616,True,""
"063b48d7-9312-4699-bfc6-efc5b17d6cdd","1cf4e8f3-f542-4c18-9b08-89f225d37af6","2026-08-12T20:10:57Z","android_vivo_y19_termux","NATIVE_HARDWARE","aarch64","aarch64",8,3741,"Linux 4.14.186-g1003dc13e-dirty","clang","21.1.8 ","-O3 -march=armv8-a","mlkem-native","v1.2.0 (0ba906cb14b1c241476134d7403a811b382ca498)","ML-KEM-512","encapsulation",13,84384,3567616,True,""
"063b48d7-9312-4699-bfc6-efc5b17d6cdd","1cf4e8f3-f542-4c18-9b08-89f225d37af6","2026-08-12T20:10:57Z","android_vivo_y19_termux","NATIVE_HARDWARE","aarch64","aarch64",8,3741,"Linux 4.14.186-g1003dc13e-dirty","clang","21.1.8 ","-O3 -march=armv8-a","mlkem-native","v1.2.0 (0ba906cb14b1c241476134d7403a811b382ca498)","ML-KEM-512","decapsulation",13,101308,3567616,True,""
"063b48d7-9312-4699-bfc6-efc5b17d6cdd","1cf4e8f3-f542-4c18-9b08-89f225d37af6","2026-08-12T20:10:57Z","android_vivo_y19_termux","NATIVE_HARDWARE","aarch64","aarch64",8,3741,"Linux 4.14.186-g1003dc13e-dirty","clang","21.1.8 ","-O3 -march=armv8-a","mlkem-native","v1.2.0 (0ba906cb14b1c241476134d7403a811b382ca498)","ML-KEM-512","keygen",14,75384,3567616,True,""
"063b48d7-9312-4699-bfc6-efc5b17d6cdd","1cf4e8f3-f542-4c18-9b08-89f225d37af6","2026-08-12T20:10:57Z","android_vivo_y19_termux","NATIVE_HARDWARE","aarch64","aarch64",8,3741,"Linux 4.14.186-g1003dc13e-dirty","clang","21.1.8 ","-O3 -march=armv8-a","mlkem-native","v1.2.0 (0ba906cb14b1c241476134d7403a811b382ca498)","ML-KEM-512","encapsulation",14,84615,3567616,True,""
"063b48d7-9312-4699-bfc6-efc5b17d6cdd","1cf4e8f3-f542-4c18-9b08-89f225d37af6","2026-08-12T20:10:57Z","android_vivo_y19_termux","NATIVE_HARDWARE","aarch64","aarch64",8,3741,"Linux 4.14.186-g1003dc13e-dirty","clang","21.1.8 ","-O3 -march=armv8-a","mlkem-native","v1.2.0 (0ba906cb14b1c241476134d7403a811b382ca498)","ML-KEM-512","decapsulation",14,101769,3567616,True,""
"063b48d7-9312-4699-bfc6-efc5b17d6cdd","1cf4e8f3-f542-4c18-9b08-89f225d37af6","2026-08-12T20:10:57Z","android_vivo_y19_termux","NATIVE_HARDWARE","aarch64","aarch64",8,3741,"Linux 4.14.186-g1003dc13e-dirty","clang","21.1.8 ","-O3 -march=armv8-a","mlkem-native","v1.2.0 (0ba906cb14b1c241476134d7403a811b382ca498)","ML-KEM-512","keygen",15,75616,3567616,True,""
"063b48d7-9312-4699-bfc6-efc5b17d6cdd","1cf4e8f3-f542-4c18-9b08-89f225d37af6","2026-08-12T20:10:57Z","android_vivo_y19_termux","NATIVE_HARDWARE","aarch64","aarch64",8,3741,"Linux 4.14.186-g1003dc13e-dirty","clang","21.1.8 ","-O3 -march=armv8-a","mlkem-native","v1.2.0 (0ba906cb14b1c241476134d7403a811b382ca498)","ML-KEM-512","encapsulation",15,84615,3567616,True,""
"063b48d7-9312-4699-bfc6-efc5b17d6cdd","1cf4e8f3-f542-4c18-9b08-89f225d37af6","2026-08-12T20:10:57Z","android_vivo_y19_termux","NATIVE_HARDWARE","aarch64","aarch64",8,3741,"Linux 4.14.186-g1003dc13e-dirty","clang","21.1.8 ","-O3 -march=armv8-a","mlkem-native","v1.2.0 (0ba906cb14b1c241476134d7403a811b382ca498)","ML-KEM-512","decapsulation",15,101846,3567616,True,""
"063b48d7-9312-4699-bfc6-efc5b17d6cdd","1cf4e8f3-f542-4c18-9b08-89f225d37af6","2026-08-12T20:10:57Z","android_vivo_y19_termux","NATIVE_HARDWARE","aarch64","aarch64",8,3741,"Linux 4.14.186-g1003dc13e-dirty","clang","21.1.8 ","-O3 -march=armv8-a","mlkem-native","v1.2.0 (0ba906cb14b1c241476134d7403a811b382ca498)","ML-KEM-512","keygen",16,75692,3567616,True,""
"063b48d7-9312-4699-bfc6-efc5b17d6cdd","1cf4e8f3-f542-4c18-9b08-89f225d37af6","2026-08-12T20:10:57Z","android_vivo_y19_termux","NATIVE_HARDWARE","aarch64","aarch64",8,3741,"Linux 4.14.186-g1003dc13e-dirty","clang","21.1.8 ","-O3 -march=armv8-a","mlkem-native","v1.2.0 (0ba906cb14b1c241476134d7403a811b382ca498)","ML-KEM-512","encapsulation",16,84923,3567616,True,""
"063b48d7-9312-4699-bfc6-efc5b17d6cdd","1cf4e8f3-f542-4c18-9b08-89f225d37af6","2026-08-12T20:10:57Z","android_vivo_y19_termux","NATIVE_HARDWARE","aarch64","aarch64",8,3741,"Linux 4.14.186-g1003dc13e-dirty","clang","21.1.8 ","-O3 -march=armv8-a","mlkem-native","v1.2.0 (0ba906cb14b1c241476134d7403a811b382ca498)","ML-KEM-512","decapsulation",16,158770,3567616,True,""
"063b48d7-9312-4699-bfc6-efc5b17d6cdd","1cf4e8f3-f542-4c18-9b08-89f225d37af6","2026-08-12T20:10:57Z","android_vivo_y19_termux","NATIVE_HARDWARE","aarch64","aarch64",8,3741,"Linux 4.14.186-g1003dc13e-dirty","clang","21.1.8 ","-O3 -march=armv8-a","mlkem-native","v1.2.0 (0ba906cb14b1c241476134d7403a811b382ca498)","ML-KEM-512","keygen",17,75616,3567616,True,""
"063b48d7-9312-4699-bfc6-efc5b17d6cdd","1cf4e8f3-f542-4c18-9b08-89f225d37af6","2026-08-12T20:10:57Z","android_vivo_y19_termux","NATIVE_HARDWARE","aarch64","aarch64",8,3741,"Linux 4.14.186-g1003dc13e-dirty","clang","21.1.8 ","-O3 -march=armv8-a","mlkem-native","v1.2.0 (0ba906cb14b1c241476134d7403a811b382ca498)","ML-KEM-512","encapsulation",17,84923,3567616,True,""
"063b48d7-9312-4699-bfc6-efc5b17d6cdd","1cf4e8f3-f542-4c18-9b08-89f225d37af6","2026-08-12T20:10:57Z","android_vivo_y19_termux","NATIVE_HARDWARE","aarch64","aarch64",8,3741,"Linux 4.14.186-g1003dc13e-dirty","clang","21.1.8 ","-O3 -march=armv8-a","mlkem-native","v1.2.0 (0ba906cb14b1c241476134d7403a811b382ca498)","ML-KEM-512","decapsulation",17,101769,3567616,True,""
"063b48d7-9312-4699-bfc6-efc5b17d6cdd","1cf4e8f3-f542-4c18-9b08-89f225d37af6","2026-08-12T20:10:57Z","android_vivo_y19_termux","NATIVE_HARDWARE","aarch64","aarch64",8,3741,"Linux 4.14.186-g1003dc13e-dirty","clang","21.1.8 ","-O3 -march=armv8-a","mlkem-native","v1.2.0 (0ba906cb14b1c241476134d7403a811b382ca498)","ML-KEM-512","keygen",18,75769,3567616,True,""
"063b48d7-9312-4699-bfc6-efc5b17d6cdd","1cf4e8f3-f542-4c18-9b08-89f225d37af6","2026-08-12T20:10:57Z","android_vivo_y19_termux","NATIVE_HARDWARE","aarch64","aarch64",8,3741,"Linux 4.14.186-g1003dc13e-dirty","clang","21.1.8 ","-O3 -march=armv8-a","mlkem-native","v1.2.0 (0ba906cb14b1c241476134d7403a811b382ca498)","ML-KEM-512","encapsulation",18,84923,3567616,True,""
"063b48d7-9312-4699-bfc6-efc5b17d6cdd","1cf4e8f3-f542-4c18-9b08-89f225d37af6","2026-08-12T20:10:57Z","android_vivo_y19_termux","NATIVE_HARDWARE","aarch64","aarch64",8,3741,"Linux 4.14.186-g1003dc13e-dirty","clang","21.1.8 ","-O3 -march=armv8-a","mlkem-native","v1.2.0 (0ba906cb14b1c241476134d7403a811b382ca498)","ML-KEM-512","decapsulation",18,101846,3567616,True,""
"063b48d7-9312-4699-bfc6-efc5b17d6cdd","1cf4e8f3-f542-4c18-9b08-89f225d37af6","2026-08-12T20:10:57Z","android_vivo_y19_termux","NATIVE_HARDWARE","aarch64","aarch64",8,3741,"Linux 4.14.186-g1003dc13e-dirty","clang","21.1.8 ","-O3 -march=armv8-a","mlkem-native","v1.2.0 (0ba906cb14b1c241476134d7403a811b382ca498)","ML-KEM-512","keygen",19,76000,3567616,True,""
"063b48d7-9312-4699-bfc6-efc5b17d6cdd","1cf4e8f3-f542-4c18-9b08-89f225d37af6","2026-08-12T20:10:57Z","android_vivo_y19_termux","NATIVE_HARDWARE","aarch64","aarch64",8,3741,"Linux 4.14.186-g1003dc13e-dirty","clang","21.1.8 ","-O3 -march=armv8-a","mlkem-native","v1.2.0 (0ba906cb14b1c241476134d7403a811b382ca498)","ML-KEM-512","encapsulation",19,85000,3567616,True,""
"063b48d7-9312-4699-bfc6-efc5b17d6cdd","1cf4e8f3-f542-4c18-9b08-89f225d37af6","2026-08-12T20:10:57Z","android_vivo_y19_termux","NATIVE_HARDWARE","aarch64","aarch64",8,3741,"Linux 4.14.186-g1003dc13e-dirty","clang","21.1.8 ","-O3 -march=armv8-a","mlkem-native","v1.2.0 (0ba906cb14b1c241476134d7403a811b382ca498)","ML-KEM-512","decapsulation",19,102385,3567616,True,""
"063b48d7-9312-4699-bfc6-efc5b17d6cdd","1cf4e8f3-f542-4c18-9b08-89f225d37af6","2026-08-12T20:10:57Z","android_vivo_y19_termux","NATIVE_HARDWARE","aarch64","aarch64",8,3741,"Linux 4.14.186-g1003dc13e-dirty","clang","21.1.8 ","-O3 -march=armv8-a","mlkem-native","v1.2.0 (0ba906cb14b1c241476134d7403a811b382ca498)","ML-KEM-512","keygen",20,75693,3567616,True,""
"063b48d7-9312-4699-bfc6-efc5b17d6cdd","1cf4e8f3-f542-4c18-9b08-89f225d37af6","2026-08-12T20:10:57Z","android_vivo_y19_termux","NATIVE_HARDWARE","aarch64","aarch64",8,3741,"Linux 4.14.186-g1003dc13e-dirty","clang","21.1.8 ","-O3 -march=armv8-a","mlkem-native","v1.2.0 (0ba906cb14b1c241476134d7403a811b382ca498)","ML-KEM-512","encapsulation",20,85231,3567616,True,""
"063b48d7-9312-4699-bfc6-efc5b17d6cdd","1cf4e8f3-f542-4c18-9b08-89f225d37af6","2026-08-12T20:10:57Z","android_vivo_y19_termux","NATIVE_HARDWARE","aarch64","aarch64",8,3741,"Linux 4.14.186-g1003dc13e-dirty","clang","21.1.8 ","-O3 -march=armv8-a","mlkem-native","v1.2.0 (0ba906cb14b1c241476134d7403a811b382ca498)","ML-KEM-512","decapsulation",20,101846,3567616,True,""
"063b48d7-9312-4699-bfc6-efc5b17d6cdd","1cf4e8f3-f542-4c18-9b08-89f225d37af6","2026-08-12T20:10:57Z","android_vivo_y19_termux","NATIVE_HARDWARE","aarch64","aarch64",8,3741,"Linux 4.14.186-g1003dc13e-dirty","clang","21.1.8 ","-O3 -march=armv8-a","mlkem-native","v1.2.0 (0ba906cb14b1c241476134d7403a811b382ca498)","ML-KEM-512","keygen",21,75385,3567616,True,""
"063b48d7-9312-4699-bfc6-efc5b17d6cdd","1cf4e8f3-f542-4c18-9b08-89f225d37af6","2026-08-12T20:10:57Z","android_vivo_y19_termux","NATIVE_HARDWARE","aarch64","aarch64",8,3741,"Linux 4.14.186-g1003dc13e-dirty","clang","21.1.8 ","-O3 -march=armv8-a","mlkem-native","v1.2.0 (0ba906cb14b1c241476134d7403a811b382ca498)","ML-KEM-512","encapsulation",21,84923,3567616,True,""
"063b48d7-9312-4699-bfc6-efc5b17d6cdd","1cf4e8f3-f542-4c18-9b08-89f225d37af6","2026-08-12T20:10:57Z","android_vivo_y19_termux","NATIVE_HARDWARE","aarch64","aarch64",8,3741,"Linux 4.14.186-g1003dc13e-dirty","clang","21.1.8 ","-O3 -march=armv8-a","mlkem-native","v1.2.0 (0ba906cb14b1c241476134d7403a811b382ca498)","ML-KEM-512","decapsulation",21,102077,3567616,True,""
"063b48d7-9312-4699-bfc6-efc5b17d6cdd","1cf4e8f3-f542-4c18-9b08-89f225d37af6","2026-08-12T20:10:57Z","android_vivo_y19_termux","NATIVE_HARDWARE","aarch64","aarch64",8,3741,"Linux 4.14.186-g1003dc13e-dirty","clang","21.1.8 ","-O3 -march=armv8-a","mlkem-native","v1.2.0 (0ba906cb14b1c241476134d7403a811b382ca498)","ML-KEM-512","keygen",22,75692,3567616,True,""
"063b48d7-9312-4699-bfc6-efc5b17d6cdd","1cf4e8f3-f542-4c18-9b08-89f225d37af6","2026-08-12T20:10:57Z","android_vivo_y19_termux","NATIVE_HARDWARE","aarch64","aarch64",8,3741,"Linux 4.14.186-g1003dc13e-dirty","clang","21.1.8 ","-O3 -march=armv8-a","mlkem-native","v1.2.0 (0ba906cb14b1c241476134d7403a811b382ca498)","ML-KEM-512","encapsulation",22,84615,3567616,True,""
"063b48d7-9312-4699-bfc6-efc5b17d6cdd","1cf4e8f3-f542-4c18-9b08-89f225d37af6","2026-08-12T20:10:57Z","android_vivo_y19_termux","NATIVE_HARDWARE","aarch64","aarch64",8,3741,"Linux 4.14.186-g1003dc13e-dirty","clang","21.1.8 ","-O3 -march=armv8-a","mlkem-native","v1.2.0 (0ba906cb14b1c241476134d7403a811b382ca498)","ML-KEM-512","decapsulation",22,101616,3567616,True,""
"063b48d7-9312-4699-bfc6-efc5b17d6cdd","1cf4e8f3-f542-4c18-9b08-89f225d37af6","2026-08-12T20:10:57Z","android_vivo_y19_termux","NATIVE_HARDWARE","aarch64","aarch64",8,3741,"Linux 4.14.186-g1003dc13e-dirty","clang","21.1.8 ","-O3 -march=armv8-a","mlkem-native","v1.2.0 (0ba906cb14b1c241476134d7403a811b382ca498)","ML-KEM-512","keygen",23,159077,3567616,True,""
"063b48d7-9312-4699-bfc6-efc5b17d6cdd","1cf4e8f3-f542-4c18-9b08-89f225d37af6","2026-08-12T20:10:57Z","android_vivo_y19_termux","NATIVE_HARDWARE","aarch64","aarch64",8,3741,"Linux 4.14.186-g1003dc13e-dirty","clang","21.1.8 ","-O3 -march=armv8-a","mlkem-native","v1.2.0 (0ba906cb14b1c241476134d7403a811b382ca498)","ML-KEM-512","encapsulation",23,86538,3567616,True,""
"063b48d7-9312-4699-bfc6-efc5b17d6cdd","1cf4e8f3-f542-4c18-9b08-89f225d37af6","2026-08-12T20:10:57Z","android_vivo_y19_termux","NATIVE_HARDWARE","aarch64","aarch64",8,3741,"Linux 4.14.186-g1003dc13e-dirty","clang","21.1.8 ","-O3 -march=armv8-a","mlkem-native","v1.2.0 (0ba906cb14b1c241476134d7403a811b382ca498)","ML-KEM-512","decapsulation",23,104000,3567616,True,""
"063b48d7-9312-4699-bfc6-efc5b17d6cdd","1cf4e8f3-f542-4c18-9b08-89f225d37af6","2026-08-12T20:10:57Z","android_vivo_y19_termux","NATIVE_HARDWARE","aarch64","aarch64",8,3741,"Linux 4.14.186-g1003dc13e-dirty","clang","21.1.8 ","-O3 -march=armv8-a","mlkem-native","v1.2.0 (0ba906cb14b1c241476134d7403a811b382ca498)","ML-KEM-512","keygen",24,75769,3567616,True,""
"063b48d7-9312-4699-bfc6-efc5b17d6cdd","1cf4e8f3-f542-4c18-9b08-89f225d37af6","2026-08-12T20:10:57Z","android_vivo_y19_termux","NATIVE_HARDWARE","aarch64","aarch64",8,3741,"Linux 4.14.186-g1003dc13e-dirty","clang","21.1.8 ","-O3 -march=armv8-a","mlkem-native","v1.2.0 (0ba906cb14b1c241476134d7403a811b382ca498)","ML-KEM-512","encapsulation",24,85231,3567616,True,""
"063b48d7-9312-4699-bfc6-efc5b17d6cdd","1cf4e8f3-f542-4c18-9b08-89f225d37af6","2026-08-12T20:10:57Z","android_vivo_y19_termux","NATIVE_HARDWARE","aarch64","aarch64",8,3741,"Linux 4.14.186-g1003dc13e-dirty","clang","21.1.8 ","-O3 -march=armv8-a","mlkem-native","v1.2.0 (0ba906cb14b1c241476134d7403a811b382ca498)","ML-KEM-512","decapsulation",24,102384,3567616,True,""
"063b48d7-9312-4699-bfc6-efc5b17d6cdd","1cf4e8f3-f542-4c18-9b08-89f225d37af6","2026-08-12T20:10:57Z","android_vivo_y19_termux","NATIVE_HARDWARE","aarch64","aarch64",8,3741,"Linux 4.14.186-g1003dc13e-dirty","clang","21.1.8 ","-O3 -march=armv8-a","mlkem-native","v1.2.0 (0ba906cb14b1c241476134d7403a811b382ca498)","ML-KEM-512","keygen",25,75769,3567616,True,""
"063b48d7-9312-4699-bfc6-efc5b17d6cdd","1cf4e8f3-f542-4c18-9b08-89f225d37af6","2026-08-12T20:10:57Z","android_vivo_y19_termux","NATIVE_HARDWARE","aarch64","aarch64",8,3741,"Linux 4.14.186-g1003dc13e-dirty","clang","21.1.8 ","-O3 -march=armv8-a","mlkem-native","v1.2.0 (0ba906cb14b1c241476134d7403a811b382ca498)","ML-KEM-512","encapsulation",25,84539,3567616,True,""
"063b48d7-9312-4699-bfc6-efc5b17d6cdd","1cf4e8f3-f542-4c18-9b08-89f225d37af6","2026-08-12T20:10:57Z","android_vivo_y19_termux","NATIVE_HARDWARE","aarch64","aarch64",8,3741,"Linux 4.14.186-g1003dc13e-dirty","clang","21.1.8 ","-O3 -march=armv8-a","mlkem-native","v1.2.0 (0ba906cb14b1c241476134d7403a811b382ca498)","ML-KEM-512","decapsulation",25,101846,3567616,True,""
"063b48d7-9312-4699-bfc6-efc5b17d6cdd","1cf4e8f3-f542-4c18-9b08-89f225d37af6","2026-08-12T20:10:57Z","android_vivo_y19_termux","NATIVE_HARDWARE","aarch64","aarch64",8,3741,"Linux 4.14.186-g1003dc13e-dirty","clang","21.1.8 ","-O3 -march=armv8-a","mlkem-native","v1.2.0 (0ba906cb14b1c241476134d7403a811b382ca498)","ML-KEM-512","keygen",26,75769,3567616,True,""
"063b48d7-9312-4699-bfc6-efc5b17d6cdd","1cf4e8f3-f542-4c18-9b08-89f225d37af6","2026-08-12T20:10:57Z","android_vivo_y19_termux","NATIVE_HARDWARE","aarch64","aarch64",8,3741,"Linux 4.14.186-g1003dc13e-dirty","clang","21.1.8 ","-O3 -march=armv8-a","mlkem-native","v1.2.0 (0ba906cb14b1c241476134d7403a811b382ca498)","ML-KEM-512","encapsulation",26,84923,3567616,True,""
"063b48d7-9312-4699-bfc6-efc5b17d6cdd","1cf4e8f3-f542-4c18-9b08-89f225d37af6","2026-08-12T20:10:57Z","android_vivo_y19_termux","NATIVE_HARDWARE","aarch64","aarch64",8,3741,"Linux 4.14.186-g1003dc13e-dirty","clang","21.1.8 ","-O3 -march=armv8-a","mlkem-native","v1.2.0 (0ba906cb14b1c241476134d7403a811b382ca498)","ML-KEM-512","decapsulation",26,102230,3567616,True,""
"063b48d7-9312-4699-bfc6-efc5b17d6cdd","1cf4e8f3-f542-4c18-9b08-89f225d37af6","2026-08-12T20:10:57Z","android_vivo_y19_termux","NATIVE_HARDWARE","aarch64","aarch64",8,3741,"Linux 4.14.186-g1003dc13e-dirty","clang","21.1.8 ","-O3 -march=armv8-a","mlkem-native","v1.2.0 (0ba906cb14b1c241476134d7403a811b382ca498)","ML-KEM-512","keygen",27,75769,3567616,True,""
"063b48d7-9312-4699-bfc6-efc5b17d6cdd","1cf4e8f3-f542-4c18-9b08-89f225d37af6","2026-08-12T20:10:57Z","android_vivo_y19_termux","NATIVE_HARDWARE","aarch64","aarch64",8,3741,"Linux 4.14.186-g1003dc13e-dirty","clang","21.1.8 ","-O3 -march=armv8-a","mlkem-native","v1.2.0 (0ba906cb14b1c241476134d7403a811b382ca498)","ML-KEM-512","encapsulation",27,85231,3567616,True,""
"063b48d7-9312-4699-bfc6-efc5b17d6cdd","1cf4e8f3-f542-4c18-9b08-89f225d37af6","2026-08-12T20:10:57Z","android_vivo_y19_termux","NATIVE_HARDWARE","aarch64","aarch64",8,3741,"Linux 4.14.186-g1003dc13e-dirty","clang","21.1.8 ","-O3 -march=armv8-a","mlkem-native","v1.2.0 (0ba906cb14b1c241476134d7403a811b382ca498)","ML-KEM-512","decapsulation",27,102384,3567616,True,""
"063b48d7-9312-4699-bfc6-efc5b17d6cdd","1cf4e8f3-f542-4c18-9b08-89f225d37af6","2026-08-12T20:10:57Z","android_vivo_y19_termux","NATIVE_HARDWARE","aarch64","aarch64",8,3741,"Linux 4.14.186-g1003dc13e-dirty","clang","21.1.8 ","-O3 -march=armv8-a","mlkem-native","v1.2.0 (0ba906cb14b1c241476134d7403a811b382ca498)","ML-KEM-512","keygen",28,75615,3567616,True,""
"063b48d7-9312-4699-bfc6-efc5b17d6cdd","1cf4e8f3-f542-4c18-9b08-89f225d37af6","2026-08-12T20:10:57Z","android_vivo_y19_termux","NATIVE_HARDWARE","aarch64","aarch64",8,3741,"Linux 4.14.186-g1003dc13e-dirty","clang","21.1.8 ","-O3 -march=armv8-a","mlkem-native","v1.2.0 (0ba906cb14b1c241476134d7403a811b382ca498)","ML-KEM-512","encapsulation",28,84384,3567616,True,""
"063b48d7-9312-4699-bfc6-efc5b17d6cdd","1cf4e8f3-f542-4c18-9b08-89f225d37af6","2026-08-12T20:10:57Z","android_vivo_y19_termux","NATIVE_HARDWARE","aarch64","aarch64",8,3741,"Linux 4.14.186-g1003dc13e-dirty","clang","21.1.8 ","-O3 -march=armv8-a","mlkem-native","v1.2.0 (0ba906cb14b1c241476134d7403a811b382ca498)","ML-KEM-512","decapsulation",28,101923,3567616,True,""
"063b48d7-9312-4699-bfc6-efc5b17d6cdd","1cf4e8f3-f542-4c18-9b08-89f225d37af6","2026-08-12T20:10:57Z","android_vivo_y19_termux","NATIVE_HARDWARE","aarch64","aarch64",8,3741,"Linux 4.14.186-g1003dc13e-dirty","clang","21.1.8 ","-O3 -march=armv8-a","mlkem-native","v1.2.0 (0ba906cb14b1c241476134d7403a811b382ca498)","ML-KEM-512","keygen",29,75461,3567616,True,""
"063b48d7-9312-4699-bfc6-efc5b17d6cdd","1cf4e8f3-f542-4c18-9b08-89f225d37af6","2026-08-12T20:10:57Z","android_vivo_y19_termux","NATIVE_HARDWARE","aarch64","aarch64",8,3741,"Linux 4.14.186-g1003dc13e-dirty","clang","21.1.8 ","-O3 -march=armv8-a","mlkem-native","v1.2.0 (0ba906cb14b1c241476134d7403a811b382ca498)","ML-KEM-512","encapsulation",29,124692,3567616,True,""
"063b48d7-9312-4699-bfc6-efc5b17d6cdd","1cf4e8f3-f542-4c18-9b08-89f225d37af6","2026-08-12T20:10:57Z","android_vivo_y19_termux","NATIVE_HARDWARE","aarch64","aarch64",8,3741,"Linux 4.14.186-g1003dc13e-dirty","clang","21.1.8 ","-O3 -march=armv8-a","mlkem-native","v1.2.0 (0ba906cb14b1c241476134d7403a811b382ca498)","ML-KEM-512","decapsulation",29,102385,3567616,True,""
"063b48d7-9312-4699-bfc6-efc5b17d6cdd","1cf4e8f3-f542-4c18-9b08-89f225d37af6","2026-08-12T20:10:57Z","android_vivo_y19_termux","NATIVE_HARDWARE","aarch64","aarch64",8,3741,"Linux 4.14.186-g1003dc13e-dirty","clang","21.1.8 ","-O3 -march=armv8-a","mlkem-native","v1.2.0 (0ba906cb14b1c241476134d7403a811b382ca498)","ML-KEM-512","keygen",30,88616,3567616,True,""
"063b48d7-9312-4699-bfc6-efc5b17d6cdd","1cf4e8f3-f542-4c18-9b08-89f225d37af6","2026-08-12T20:10:57Z","android_vivo_y19_termux","NATIVE_HARDWARE","aarch64","aarch64",8,3741,"Linux 4.14.186-g1003dc13e-dirty","clang","21.1.8 ","-O3 -march=armv8-a","mlkem-native","v1.2.0 (0ba906cb14b1c241476134d7403a811b382ca498)","ML-KEM-512","encapsulation",30,85000,3567616,True,""
"063b48d7-9312-4699-bfc6-efc5b17d6cdd","1cf4e8f3-f542-4c18-9b08-89f225d37af6","2026-08-12T20:10:57Z","android_vivo_y19_termux","NATIVE_HARDWARE","aarch64","aarch64",8,3741,"Linux 4.14.186-g1003dc13e-dirty","clang","21.1.8 ","-O3 -march=armv8-a","mlkem-native","v1.2.0 (0ba906cb14b1c241476134d7403a811b382ca498)","ML-KEM-512","decapsulation",30,102153,3567616,True,""
"063b48d7-9312-4699-bfc6-efc5b17d6cdd","1cf4e8f3-f542-4c18-9b08-89f225d37af6","2026-08-12T20:10:57Z","android_vivo_y19_termux","NATIVE_HARDWARE","aarch64","aarch64",8,3741,"Linux 4.14.186-g1003dc13e-dirty","clang","21.1.8 ","-O3 -march=armv8-a","mlkem-native","v1.2.0 (0ba906cb14b1c241476134d7403a811b382ca498)","ML-KEM-512","keygen",31,75692,3567616,True,""
"063b48d7-9312-4699-bfc6-efc5b17d6cdd","1cf4e8f3-f542-4c18-9b08-89f225d37af6","2026-08-12T20:10:57Z","android_vivo_y19_termux","NATIVE_HARDWARE","aarch64","aarch64",8,3741,"Linux 4.14.186-g1003dc13e-dirty","clang","21.1.8 ","-O3 -march=armv8-a","mlkem-native","v1.2.0 (0ba906cb14b1c241476134d7403a811b382ca498)","ML-KEM-512","encapsulation",31,85307,3567616,True,""
"063b48d7-9312-4699-bfc6-efc5b17d6cdd","1cf4e8f3-f542-4c18-9b08-89f225d37af6","2026-08-12T20:10:57Z","android_vivo_y19_termux","NATIVE_HARDWARE","aarch64","aarch64",8,3741,"Linux 4.14.186-g1003dc13e-dirty","clang","21.1.8 ","-O3 -march=armv8-a","mlkem-native","v1.2.0 (0ba906cb14b1c241476134d7403a811b382ca498)","ML-KEM-512","decapsulation",31,102462,3567616,True,""
"063b48d7-9312-4699-bfc6-efc5b17d6cdd","1cf4e8f3-f542-4c18-9b08-89f225d37af6","2026-08-12T20:10:57Z","android_vivo_y19_termux","NATIVE_HARDWARE","aarch64","aarch64",8,3741,"Linux 4.14.186-g1003dc13e-dirty","clang","21.1.8 ","-O3 -march=armv8-a","mlkem-native","v1.2.0 (0ba906cb14b1c241476134d7403a811b382ca498)","ML-KEM-512","keygen",32,76230,3567616,True,""
"063b48d7-9312-4699-bfc6-efc5b17d6cdd","1cf4e8f3-f542-4c18-9b08-89f225d37af6","2026-08-12T20:10:57Z","android_vivo_y19_termux","NATIVE_HARDWARE","aarch64","aarch64",8,3741,"Linux 4.14.186-g1003dc13e-dirty","clang","21.1.8 ","-O3 -march=armv8-a","mlkem-native","v1.2.0 (0ba906cb14b1c241476134d7403a811b382ca498)","ML-KEM-512","encapsulation",32,85231,3567616,True,""
"063b48d7-9312-4699-bfc6-efc5b17d6cdd","1cf4e8f3-f542-4c18-9b08-89f225d37af6","2026-08-12T20:10:57Z","android_vivo_y19_termux","NATIVE_HARDWARE","aarch64","aarch64",8,3741,"Linux 4.14.186-g1003dc13e-dirty","clang","21.1.8 ","-O3 -march=armv8-a","mlkem-native","v1.2.0 (0ba906cb14b1c241476134d7403a811b382ca498)","ML-KEM-512","decapsulation",32,102538,3567616,True,""
"063b48d7-9312-4699-bfc6-efc5b17d6cdd","1cf4e8f3-f542-4c18-9b08-89f225d37af6","2026-08-12T20:10:57Z","android_vivo_y19_termux","NATIVE_HARDWARE","aarch64","aarch64",8,3741,"Linux 4.14.186-g1003dc13e-dirty","clang","21.1.8 ","-O3 -march=armv8-a","mlkem-native","v1.2.0 (0ba906cb14b1c241476134d7403a811b382ca498)","ML-KEM-512","keygen",33,76231,3567616,True,""
"063b48d7-9312-4699-bfc6-efc5b17d6cdd","1cf4e8f3-f542-4c18-9b08-89f225d37af6","2026-08-12T20:10:57Z","android_vivo_y19_termux","NATIVE_HARDWARE","aarch64","aarch64",8,3741,"Linux 4.14.186-g1003dc13e-dirty","clang","21.1.8 ","-O3 -march=armv8-a","mlkem-native","v1.2.0 (0ba906cb14b1c241476134d7403a811b382ca498)","ML-KEM-512","encapsulation",33,85231,3567616,True,""
"063b48d7-9312-4699-bfc6-efc5b17d6cdd","1cf4e8f3-f542-4c18-9b08-89f225d37af6","2026-08-12T20:10:57Z","android_vivo_y19_termux","NATIVE_HARDWARE","aarch64","aarch64",8,3741,"Linux 4.14.186-g1003dc13e-dirty","clang","21.1.8 ","-O3 -march=armv8-a","mlkem-native","v1.2.0 (0ba906cb14b1c241476134d7403a811b382ca498)","ML-KEM-512","decapsulation",33,102231,3567616,True,""
"063b48d7-9312-4699-bfc6-efc5b17d6cdd","1cf4e8f3-f542-4c18-9b08-89f225d37af6","2026-08-12T20:10:57Z","android_vivo_y19_termux","NATIVE_HARDWARE","aarch64","aarch64",8,3741,"Linux 4.14.186-g1003dc13e-dirty","clang","21.1.8 ","-O3 -march=armv8-a","mlkem-native","v1.2.0 (0ba906cb14b1c241476134d7403a811b382ca498)","ML-KEM-512","keygen",34,75692,3567616,True,""
"063b48d7-9312-4699-bfc6-efc5b17d6cdd","1cf4e8f3-f542-4c18-9b08-89f225d37af6","2026-08-12T20:10:57Z","android_vivo_y19_termux","NATIVE_HARDWARE","aarch64","aarch64",8,3741,"Linux 4.14.186-g1003dc13e-dirty","clang","21.1.8 ","-O3 -march=armv8-a","mlkem-native","v1.2.0 (0ba906cb14b1c241476134d7403a811b382ca498)","ML-KEM-512","encapsulation",34,84615,3567616,True,""
"063b48d7-9312-4699-bfc6-efc5b17d6cdd","1cf4e8f3-f542-4c18-9b08-89f225d37af6","2026-08-12T20:10:57Z","android_vivo_y19_termux","NATIVE_HARDWARE","aarch64","aarch64",8,3741,"Linux 4.14.186-g1003dc13e-dirty","clang","21.1.8 ","-O3 -march=armv8-a","mlkem-native","v1.2.0 (0ba906cb14b1c241476134d7403a811b382ca498)","ML-KEM-512","decapsulation",34,101846,3567616,True,""
"063b48d7-9312-4699-bfc6-efc5b17d6cdd","1cf4e8f3-f542-4c18-9b08-89f225d37af6","2026-08-12T20:10:57Z","android_vivo_y19_termux","NATIVE_HARDWARE","aarch64","aarch64",8,3741,"Linux 4.14.186-g1003dc13e-dirty","clang","21.1.8 ","-O3 -march=armv8-a","mlkem-native","v1.2.0 (0ba906cb14b1c241476134d7403a811b382ca498)","ML-KEM-512","keygen",35,75693,3567616,True,""
"063b48d7-9312-4699-bfc6-efc5b17d6cdd","1cf4e8f3-f542-4c18-9b08-89f225d37af6","2026-08-12T20:10:57Z","android_vivo_y19_termux","NATIVE_HARDWARE","aarch64","aarch64",8,3741,"Linux 4.14.186-g1003dc13e-dirty","clang","21.1.8 ","-O3 -march=armv8-a","mlkem-native","v1.2.0 (0ba906cb14b1c241476134d7403a811b382ca498)","ML-KEM-512","encapsulation",35,162154,3567616,True,""
"063b48d7-9312-4699-bfc6-efc5b17d6cdd","1cf4e8f3-f542-4c18-9b08-89f225d37af6","2026-08-12T20:10:57Z","android_vivo_y19_termux","NATIVE_HARDWARE","aarch64","aarch64",8,3741,"Linux 4.14.186-g1003dc13e-dirty","clang","21.1.8 ","-O3 -march=armv8-a","mlkem-native","v1.2.0 (0ba906cb14b1c241476134d7403a811b382ca498)","ML-KEM-512","decapsulation",35,55154,3567616,True,""
"063b48d7-9312-4699-bfc6-efc5b17d6cdd","1cf4e8f3-f542-4c18-9b08-89f225d37af6","2026-08-12T20:10:57Z","android_vivo_y19_termux","NATIVE_HARDWARE","aarch64","aarch64",8,3741,"Linux 4.14.186-g1003dc13e-dirty","clang","21.1.8 ","-O3 -march=armv8-a","mlkem-native","v1.2.0 (0ba906cb14b1c241476134d7403a811b382ca498)","ML-KEM-512","keygen",36,41923,3567616,True,""
"063b48d7-9312-4699-bfc6-efc5b17d6cdd","1cf4e8f3-f542-4c18-9b08-89f225d37af6","2026-08-12T20:10:57Z","android_vivo_y19_termux","NATIVE_HARDWARE","aarch64","aarch64",8,3741,"Linux 4.14.186-g1003dc13e-dirty","clang","21.1.8 ","-O3 -march=armv8-a","mlkem-native","v1.2.0 (0ba906cb14b1c241476134d7403a811b382ca498)","ML-KEM-512","encapsulation",36,45616,3567616,True,""
"063b48d7-9312-4699-bfc6-efc5b17d6cdd","1cf4e8f3-f542-4c18-9b08-89f225d37af6","2026-08-12T20:10:57Z","android_vivo_y19_termux","NATIVE_HARDWARE","aarch64","aarch64",8,3741,"Linux 4.14.186-g1003dc13e-dirty","clang","21.1.8 ","-O3 -march=armv8-a","mlkem-native","v1.2.0 (0ba906cb14b1c241476134d7403a811b382ca498)","ML-KEM-512","decapsulation",36,53000,3567616,True,""
"063b48d7-9312-4699-bfc6-efc5b17d6cdd","1cf4e8f3-f542-4c18-9b08-89f225d37af6","2026-08-12T20:10:57Z","android_vivo_y19_termux","NATIVE_HARDWARE","aarch64","aarch64",8,3741,"Linux 4.14.186-g1003dc13e-dirty","clang","21.1.8 ","-O3 -march=armv8-a","mlkem-native","v1.2.0 (0ba906cb14b1c241476134d7403a811b382ca498)","ML-KEM-512","keygen",37,40077,3567616,True,""
"063b48d7-9312-4699-bfc6-efc5b17d6cdd","1cf4e8f3-f542-4c18-9b08-89f225d37af6","2026-08-12T20:10:57Z","android_vivo_y19_termux","NATIVE_HARDWARE","aarch64","aarch64",8,3741,"Linux 4.14.186-g1003dc13e-dirty","clang","21.1.8 ","-O3 -march=armv8-a","mlkem-native","v1.2.0 (0ba906cb14b1c241476134d7403a811b382ca498)","ML-KEM-512","encapsulation",37,45308,3567616,True,""
"063b48d7-9312-4699-bfc6-efc5b17d6cdd","1cf4e8f3-f542-4c18-9b08-89f225d37af6","2026-08-12T20:10:57Z","android_vivo_y19_termux","NATIVE_HARDWARE","aarch64","aarch64",8,3741,"Linux 4.14.186-g1003dc13e-dirty","clang","21.1.8 ","-O3 -march=armv8-a","mlkem-native","v1.2.0 (0ba906cb14b1c241476134d7403a811b382ca498)","ML-KEM-512","decapsulation",37,53000,3567616,True,""
"063b48d7-9312-4699-bfc6-efc5b17d6cdd","1cf4e8f3-f542-4c18-9b08-89f225d37af6","2026-08-12T20:10:57Z","android_vivo_y19_termux","NATIVE_HARDWARE","aarch64","aarch64",8,3741,"Linux 4.14.186-g1003dc13e-dirty","clang","21.1.8 ","-O3 -march=armv8-a","mlkem-native","v1.2.0 (0ba906cb14b1c241476134d7403a811b382ca498)","ML-KEM-512","keygen",38,40692,3567616,True,""
"063b48d7-9312-4699-bfc6-efc5b17d6cdd","1cf4e8f3-f542-4c18-9b08-89f225d37af6","2026-08-12T20:10:57Z","android_vivo_y19_termux","NATIVE_HARDWARE","aarch64","aarch64",8,3741,"Linux 4.14.186-g1003dc13e-dirty","clang","21.1.8 ","-O3 -march=armv8-a","mlkem-native","v1.2.0 (0ba906cb14b1c241476134d7403a811b382ca498)","ML-KEM-512","encapsulation",38,46769,3567616,True,""
"063b48d7-9312-4699-bfc6-efc5b17d6cdd","1cf4e8f3-f542-4c18-9b08-89f225d37af6","2026-08-12T20:10:57Z","android_vivo_y19_termux","NATIVE_HARDWARE","aarch64","aarch64",8,3741,"Linux 4.14.186-g1003dc13e-dirty","clang","21.1.8 ","-O3 -march=armv8-a","mlkem-native","v1.2.0 (0ba906cb14b1c241476134d7403a811b382ca498)","ML-KEM-512","decapsulation",38,54153,3567616,True,""
"063b48d7-9312-4699-bfc6-efc5b17d6cdd","1cf4e8f3-f542-4c18-9b08-89f225d37af6","2026-08-12T20:10:57Z","android_vivo_y19_termux","NATIVE_HARDWARE","aarch64","aarch64",8,3741,"Linux 4.14.186-g1003dc13e-dirty","clang","21.1.8 ","-O3 -march=armv8-a","mlkem-native","v1.2.0 (0ba906cb14b1c241476134d7403a811b382ca498)","ML-KEM-512","keygen",39,40846,3567616,True,""
"063b48d7-9312-4699-bfc6-efc5b17d6cdd","1cf4e8f3-f542-4c18-9b08-89f225d37af6","2026-08-12T20:10:57Z","android_vivo_y19_termux","NATIVE_HARDWARE","aarch64","aarch64",8,3741,"Linux 4.14.186-g1003dc13e-dirty","clang","21.1.8 ","-O3 -march=armv8-a","mlkem-native","v1.2.0 (0ba906cb14b1c241476134d7403a811b382ca498)","ML-KEM-512","encapsulation",39,45539,3567616,True,""
"063b48d7-9312-4699-bfc6-efc5b17d6cdd","1cf4e8f3-f542-4c18-9b08-89f225d37af6","2026-08-12T20:10:57Z","android_vivo_y19_termux","NATIVE_HARDWARE","aarch64","aarch64",8,3741,"Linux 4.14.186-g1003dc13e-dirty","clang","21.1.8 ","-O3 -march=armv8-a","mlkem-native","v1.2.0 (0ba906cb14b1c241476134d7403a811b382ca498)","ML-KEM-512","decapsulation",39,53000,3567616,True,""
"063b48d7-9312-4699-bfc6-efc5b17d6cdd","1cf4e8f3-f542-4c18-9b08-89f225d37af6","2026-08-12T20:10:57Z","android_vivo_y19_termux","NATIVE_HARDWARE","aarch64","aarch64",8,3741,"Linux 4.14.186-g1003dc13e-dirty","clang","21.1.8 ","-O3 -march=armv8-a","mlkem-native","v1.2.0 (0ba906cb14b1c241476134d7403a811b382ca498)","ML-KEM-512","keygen",40,40539,3567616,True,""
"063b48d7-9312-4699-bfc6-efc5b17d6cdd","1cf4e8f3-f542-4c18-9b08-89f225d37af6","2026-08-12T20:10:57Z","android_vivo_y19_termux","NATIVE_HARDWARE","aarch64","aarch64",8,3741,"Linux 4.14.186-g1003dc13e-dirty","clang","21.1.8 ","-O3 -march=armv8-a","mlkem-native","v1.2.0 (0ba906cb14b1c241476134d7403a811b382ca498)","ML-KEM-512","encapsulation",40,45231,3567616,True,""
"063b48d7-9312-4699-bfc6-efc5b17d6cdd","1cf4e8f3-f542-4c18-9b08-89f225d37af6","2026-08-12T20:10:57Z","android_vivo_y19_termux","NATIVE_HARDWARE","aarch64","aarch64",8,3741,"Linux 4.14.186-g1003dc13e-dirty","clang","21.1.8 ","-O3 -march=armv8-a","mlkem-native","v1.2.0 (0ba906cb14b1c241476134d7403a811b382ca498)","ML-KEM-512","decapsulation",40,52692,3567616,True,""
"063b48d7-9312-4699-bfc6-efc5b17d6cdd","1cf4e8f3-f542-4c18-9b08-89f225d37af6","2026-08-12T20:10:57Z","android_vivo_y19_termux","NATIVE_HARDWARE","aarch64","aarch64",8,3741,"Linux 4.14.186-g1003dc13e-dirty","clang","21.1.8 ","-O3 -march=armv8-a","mlkem-native","v1.2.0 (0ba906cb14b1c241476134d7403a811b382ca498)","ML-KEM-512","keygen",41,40308,3567616,True,""
"063b48d7-9312-4699-bfc6-efc5b17d6cdd","1cf4e8f3-f542-4c18-9b08-89f225d37af6","2026-08-12T20:10:57Z","android_vivo_y19_termux","NATIVE_HARDWARE","aarch64","aarch64",8,3741,"Linux 4.14.186-g1003dc13e-dirty","clang","21.1.8 ","-O3 -march=armv8-a","mlkem-native","v1.2.0 (0ba906cb14b1c241476134d7403a811b382ca498)","ML-KEM-512","encapsulation",41,45539,3567616,True,""
"063b48d7-9312-4699-bfc6-efc5b17d6cdd","1cf4e8f3-f542-4c18-9b08-89f225d37af6","2026-08-12T20:10:57Z","android_vivo_y19_termux","NATIVE_HARDWARE","aarch64","aarch64",8,3741,"Linux 4.14.186-g1003dc13e-dirty","clang","21.1.8 ","-O3 -march=armv8-a","mlkem-native","v1.2.0 (0ba906cb14b1c241476134d7403a811b382ca498)","ML-KEM-512","decapsulation",41,52923,3567616,True,""
"063b48d7-9312-4699-bfc6-efc5b17d6cdd","1cf4e8f3-f542-4c18-9b08-89f225d37af6","2026-08-12T20:10:57Z","android_vivo_y19_termux","NATIVE_HARDWARE","aarch64","aarch64",8,3741,"Linux 4.14.186-g1003dc13e-dirty","clang","21.1.8 ","-O3 -march=armv8-a","mlkem-native","v1.2.0 (0ba906cb14b1c241476134d7403a811b382ca498)","ML-KEM-512","keygen",42,40000,3567616,True,""
"063b48d7-9312-4699-bfc6-efc5b17d6cdd","1cf4e8f3-f542-4c18-9b08-89f225d37af6","2026-08-12T20:10:57Z","android_vivo_y19_termux","NATIVE_HARDWARE","aarch64","aarch64",8,3741,"Linux 4.14.186-g1003dc13e-dirty","clang","21.1.8 ","-O3 -march=armv8-a","mlkem-native","v1.2.0 (0ba906cb14b1c241476134d7403a811b382ca498)","ML-KEM-512","encapsulation",42,45846,3567616,True,""
"063b48d7-9312-4699-bfc6-efc5b17d6cdd","1cf4e8f3-f542-4c18-9b08-89f225d37af6","2026-08-12T20:10:57Z","android_vivo_y19_termux","NATIVE_HARDWARE","aarch64","aarch64",8,3741,"Linux 4.14.186-g1003dc13e-dirty","clang","21.1.8 ","-O3 -march=armv8-a","mlkem-native","v1.2.0 (0ba906cb14b1c241476134d7403a811b382ca498)","ML-KEM-512","decapsulation",42,53231,3567616,True,""
"063b48d7-9312-4699-bfc6-efc5b17d6cdd","1cf4e8f3-f542-4c18-9b08-89f225d37af6","2026-08-12T20:10:57Z","android_vivo_y19_termux","NATIVE_HARDWARE","aarch64","aarch64",8,3741,"Linux 4.14.186-g1003dc13e-dirty","clang","21.1.8 ","-O3 -march=armv8-a","mlkem-native","v1.2.0 (0ba906cb14b1c241476134d7403a811b382ca498)","ML-KEM-512","keygen",43,41154,3567616,True,""
"063b48d7-9312-4699-bfc6-efc5b17d6cdd","1cf4e8f3-f542-4c18-9b08-89f225d37af6","2026-08-12T20:10:57Z","android_vivo_y19_termux","NATIVE_HARDWARE","aarch64","aarch64",8,3741,"Linux 4.14.186-g1003dc13e-dirty","clang","21.1.8 ","-O3 -march=armv8-a","mlkem-native","v1.2.0 (0ba906cb14b1c241476134d7403a811b382ca498)","ML-KEM-512","encapsulation",43,45538,3567616,True,""
"063b48d7-9312-4699-bfc6-efc5b17d6cdd","1cf4e8f3-f542-4c18-9b08-89f225d37af6","2026-08-12T20:10:57Z","android_vivo_y19_termux","NATIVE_HARDWARE","aarch64","aarch64",8,3741,"Linux 4.14.186-g1003dc13e-dirty","clang","21.1.8 ","-O3 -march=armv8-a","mlkem-native","v1.2.0 (0ba906cb14b1c241476134d7403a811b382ca498)","ML-KEM-512","decapsulation",43,52693,3567616,True,""
"063b48d7-9312-4699-bfc6-efc5b17d6cdd","1cf4e8f3-f542-4c18-9b08-89f225d37af6","2026-08-12T20:10:57Z","android_vivo_y19_termux","NATIVE_HARDWARE","aarch64","aarch64",8,3741,"Linux 4.14.186-g1003dc13e-dirty","clang","21.1.8 ","-O3 -march=armv8-a","mlkem-native","v1.2.0 (0ba906cb14b1c241476134d7403a811b382ca498)","ML-KEM-512","keygen",44,40307,3567616,True,""
"063b48d7-9312-4699-bfc6-efc5b17d6cdd","1cf4e8f3-f542-4c18-9b08-89f225d37af6","2026-08-12T20:10:57Z","android_vivo_y19_termux","NATIVE_HARDWARE","aarch64","aarch64",8,3741,"Linux 4.14.186-g1003dc13e-dirty","clang","21.1.8 ","-O3 -march=armv8-a","mlkem-native","v1.2.0 (0ba906cb14b1c241476134d7403a811b382ca498)","ML-KEM-512","encapsulation",44,45308,3567616,True,""
"063b48d7-9312-4699-bfc6-efc5b17d6cdd","1cf4e8f3-f542-4c18-9b08-89f225d37af6","2026-08-12T20:10:57Z","android_vivo_y19_termux","NATIVE_HARDWARE","aarch64","aarch64",8,3741,"Linux 4.14.186-g1003dc13e-dirty","clang","21.1.8 ","-O3 -march=armv8-a","mlkem-native","v1.2.0 (0ba906cb14b1c241476134d7403a811b382ca498)","ML-KEM-512","decapsulation",44,52692,3567616,True,""
"063b48d7-9312-4699-bfc6-efc5b17d6cdd","1cf4e8f3-f542-4c18-9b08-89f225d37af6","2026-08-12T20:10:57Z","android_vivo_y19_termux","NATIVE_HARDWARE","aarch64","aarch64",8,3741,"Linux 4.14.186-g1003dc13e-dirty","clang","21.1.8 ","-O3 -march=armv8-a","mlkem-native","v1.2.0 (0ba906cb14b1c241476134d7403a811b382ca498)","ML-KEM-512","keygen",45,40308,3567616,True,""
"063b48d7-9312-4699-bfc6-efc5b17d6cdd","1cf4e8f3-f542-4c18-9b08-89f225d37af6","2026-08-12T20:10:57Z","android_vivo_y19_termux","NATIVE_HARDWARE","aarch64","aarch64",8,3741,"Linux 4.14.186-g1003dc13e-dirty","clang","21.1.8 ","-O3 -march=armv8-a","mlkem-native","v1.2.0 (0ba906cb14b1c241476134d7403a811b382ca498)","ML-KEM-512","encapsulation",45,45307,3567616,True,""
"063b48d7-9312-4699-bfc6-efc5b17d6cdd","1cf4e8f3-f542-4c18-9b08-89f225d37af6","2026-08-12T20:10:57Z","android_vivo_y19_termux","NATIVE_HARDWARE","aarch64","aarch64",8,3741,"Linux 4.14.186-g1003dc13e-dirty","clang","21.1.8 ","-O3 -march=armv8-a","mlkem-native","v1.2.0 (0ba906cb14b1c241476134d7403a811b382ca498)","ML-KEM-512","decapsulation",45,52846,3567616,True,""
"063b48d7-9312-4699-bfc6-efc5b17d6cdd","1cf4e8f3-f542-4c18-9b08-89f225d37af6","2026-08-12T20:10:57Z","android_vivo_y19_termux","NATIVE_HARDWARE","aarch64","aarch64",8,3741,"Linux 4.14.186-g1003dc13e-dirty","clang","21.1.8 ","-O3 -march=armv8-a","mlkem-native","v1.2.0 (0ba906cb14b1c241476134d7403a811b382ca498)","ML-KEM-512","keygen",46,41230,3567616,True,""
"063b48d7-9312-4699-bfc6-efc5b17d6cdd","1cf4e8f3-f542-4c18-9b08-89f225d37af6","2026-08-12T20:10:57Z","android_vivo_y19_termux","NATIVE_HARDWARE","aarch64","aarch64",8,3741,"Linux 4.14.186-g1003dc13e-dirty","clang","21.1.8 ","-O3 -march=armv8-a","mlkem-native","v1.2.0 (0ba906cb14b1c241476134d7403a811b382ca498)","ML-KEM-512","encapsulation",46,45539,3567616,True,""
"063b48d7-9312-4699-bfc6-efc5b17d6cdd","1cf4e8f3-f542-4c18-9b08-89f225d37af6","2026-08-12T20:10:57Z","android_vivo_y19_termux","NATIVE_HARDWARE","aarch64","aarch64",8,3741,"Linux 4.14.186-g1003dc13e-dirty","clang","21.1.8 ","-O3 -march=armv8-a","mlkem-native","v1.2.0 (0ba906cb14b1c241476134d7403a811b382ca498)","ML-KEM-512","decapsulation",46,52923,3567616,True,""
"063b48d7-9312-4699-bfc6-efc5b17d6cdd","1cf4e8f3-f542-4c18-9b08-89f225d37af6","2026-08-12T20:10:57Z","android_vivo_y19_termux","NATIVE_HARDWARE","aarch64","aarch64",8,3741,"Linux 4.14.186-g1003dc13e-dirty","clang","21.1.8 ","-O3 -march=armv8-a","mlkem-native","v1.2.0 (0ba906cb14b1c241476134d7403a811b382ca498)","ML-KEM-512","keygen",47,40538,3567616,True,""
"063b48d7-9312-4699-bfc6-efc5b17d6cdd","1cf4e8f3-f542-4c18-9b08-89f225d37af6","2026-08-12T20:10:57Z","android_vivo_y19_termux","NATIVE_HARDWARE","aarch64","aarch64",8,3741,"Linux 4.14.186-g1003dc13e-dirty","clang","21.1.8 ","-O3 -march=armv8-a","mlkem-native","v1.2.0 (0ba906cb14b1c241476134d7403a811b382ca498)","ML-KEM-512","encapsulation",47,45308,3567616,True,""
"063b48d7-9312-4699-bfc6-efc5b17d6cdd","1cf4e8f3-f542-4c18-9b08-89f225d37af6","2026-08-12T20:10:57Z","android_vivo_y19_termux","NATIVE_HARDWARE","aarch64","aarch64",8,3741,"Linux 4.14.186-g1003dc13e-dirty","clang","21.1.8 ","-O3 -march=armv8-a","mlkem-native","v1.2.0 (0ba906cb14b1c241476134d7403a811b382ca498)","ML-KEM-512","decapsulation",47,52692,3567616,True,""
"063b48d7-9312-4699-bfc6-efc5b17d6cdd","1cf4e8f3-f542-4c18-9b08-89f225d37af6","2026-08-12T20:10:57Z","android_vivo_y19_termux","NATIVE_HARDWARE","aarch64","aarch64",8,3741,"Linux 4.14.186-g1003dc13e-dirty","clang","21.1.8 ","-O3 -march=armv8-a","mlkem-native","v1.2.0 (0ba906cb14b1c241476134d7403a811b382ca498)","ML-KEM-512","keygen",48,40308,3567616,True,""
"063b48d7-9312-4699-bfc6-efc5b17d6cdd","1cf4e8f3-f542-4c18-9b08-89f225d37af6","2026-08-12T20:10:57Z","android_vivo_y19_termux","NATIVE_HARDWARE","aarch64","aarch64",8,3741,"Linux 4.14.186-g1003dc13e-dirty","clang","21.1.8 ","-O3 -march=armv8-a","mlkem-native","v1.2.0 (0ba906cb14b1c241476134d7403a811b382ca498)","ML-KEM-512","encapsulation",48,45923,3567616,True,""
"063b48d7-9312-4699-bfc6-efc5b17d6cdd","1cf4e8f3-f542-4c18-9b08-89f225d37af6","2026-08-12T20:10:57Z","android_vivo_y19_termux","NATIVE_HARDWARE","aarch64","aarch64",8,3741,"Linux 4.14.186-g1003dc13e-dirty","clang","21.1.8 ","-O3 -march=armv8-a","mlkem-native","v1.2.0 (0ba906cb14b1c241476134d7403a811b382ca498)","ML-KEM-512","decapsulation",48,53538,3567616,True,""
"063b48d7-9312-4699-bfc6-efc5b17d6cdd","1cf4e8f3-f542-4c18-9b08-89f225d37af6","2026-08-12T20:10:57Z","android_vivo_y19_termux","NATIVE_HARDWARE","aarch64","aarch64",8,3741,"Linux 4.14.186-g1003dc13e-dirty","clang","21.1.8 ","-O3 -march=armv8-a","mlkem-native","v1.2.0 (0ba906cb14b1c241476134d7403a811b382ca498)","ML-KEM-512","keygen",49,41231,3567616,True,""
"063b48d7-9312-4699-bfc6-efc5b17d6cdd","1cf4e8f3-f542-4c18-9b08-89f225d37af6","2026-08-12T20:10:57Z","android_vivo_y19_termux","NATIVE_HARDWARE","aarch64","aarch64",8,3741,"Linux 4.14.186-g1003dc13e-dirty","clang","21.1.8 ","-O3 -march=armv8-a","mlkem-native","v1.2.0 (0ba906cb14b1c241476134d7403a811b382ca498)","ML-KEM-512","encapsulation",49,45308,3567616,True,""
"063b48d7-9312-4699-bfc6-efc5b17d6cdd","1cf4e8f3-f542-4c18-9b08-89f225d37af6","2026-08-12T20:10:57Z","android_vivo_y19_termux","NATIVE_HARDWARE","aarch64","aarch64",8,3741,"Linux 4.14.186-g1003dc13e-dirty","clang","21.1.8 ","-O3 -march=armv8-a","mlkem-native","v1.2.0 (0ba906cb14b1c241476134d7403a811b382ca498)","ML-KEM-512","decapsulation",49,53769,3567616,True,""
"063b48d7-9312-4699-bfc6-efc5b17d6cdd","1cf4e8f3-f542-4c18-9b08-89f225d37af6","2026-08-12T20:10:57Z","android_vivo_y19_termux","NATIVE_HARDWARE","aarch64","aarch64",8,3741,"Linux 4.14.186-g1003dc13e-dirty","clang","21.1.8 ","-O3 -march=armv8-a","mlkem-native","v1.2.0 (0ba906cb14b1c241476134d7403a811b382ca498)","ML-KEM-512","keygen",50,41462,3567616,True,""
"063b48d7-9312-4699-bfc6-efc5b17d6cdd","1cf4e8f3-f542-4c18-9b08-89f225d37af6","2026-08-12T20:10:57Z","android_vivo_y19_termux","NATIVE_HARDWARE","aarch64","aarch64",8,3741,"Linux 4.14.186-g1003dc13e-dirty","clang","21.1.8 ","-O3 -march=armv8-a","mlkem-native","v1.2.0 (0ba906cb14b1c241476134d7403a811b382ca498)","ML-KEM-512","encapsulation",50,45923,3567616,True,""
"063b48d7-9312-4699-bfc6-efc5b17d6cdd","1cf4e8f3-f542-4c18-9b08-89f225d37af6","2026-08-12T20:10:57Z","android_vivo_y19_termux","NATIVE_HARDWARE","aarch64","aarch64",8,3741,"Linux 4.14.186-g1003dc13e-dirty","clang","21.1.8 ","-O3 -march=armv8-a","mlkem-native","v1.2.0 (0ba906cb14b1c241476134d7403a811b382ca498)","ML-KEM-512","decapsulation",50,53000,3567616,True,""
"063b48d7-9312-4699-bfc6-efc5b17d6cdd","1cf4e8f3-f542-4c18-9b08-89f225d37af6","2026-08-12T20:10:57Z","android_vivo_y19_termux","NATIVE_HARDWARE","aarch64","aarch64",8,3741,"Linux 4.14.186-g1003dc13e-dirty","clang","21.1.8 ","-O3 -march=armv8-a","mlkem-native","v1.2.0 (0ba906cb14b1c241476134d7403a811b382ca498)","ML-KEM-512","keygen",51,41154,3567616,True,""
"063b48d7-9312-4699-bfc6-efc5b17d6cdd","1cf4e8f3-f542-4c18-9b08-89f225d37af6","2026-08-12T20:10:57Z","android_vivo_y19_termux","NATIVE_HARDWARE","aarch64","aarch64",8,3741,"Linux 4.14.186-g1003dc13e-dirty","clang","21.1.8 ","-O3 -march=armv8-a","mlkem-native","v1.2.0 (0ba906cb14b1c241476134d7403a811b382ca498)","ML-KEM-512","encapsulation",51,46077,3567616,True,""
"063b48d7-9312-4699-bfc6-efc5b17d6cdd","1cf4e8f3-f542-4c18-9b08-89f225d37af6","2026-08-12T20:10:57Z","android_vivo_y19_termux","NATIVE_HARDWARE","aarch64","aarch64",8,3741,"Linux 4.14.186-g1003dc13e-dirty","clang","21.1.8 ","-O3 -march=armv8-a","mlkem-native","v1.2.0 (0ba906cb14b1c241476134d7403a811b382ca498)","ML-KEM-512","decapsulation",51,53615,3567616,True,""
"063b48d7-9312-4699-bfc6-efc5b17d6cdd","1cf4e8f3-f542-4c18-9b08-89f225d37af6","2026-08-12T20:10:57Z","android_vivo_y19_termux","NATIVE_HARDWARE","aarch64","aarch64",8,3741,"Linux 4.14.186-g1003dc13e-dirty","clang","21.1.8 ","-O3 -march=armv8-a","mlkem-native","v1.2.0 (0ba906cb14b1c241476134d7403a811b382ca498)","ML-KEM-512","keygen",52,40539,3567616,True,""
"063b48d7-9312-4699-bfc6-efc5b17d6cdd","1cf4e8f3-f542-4c18-9b08-89f225d37af6","2026-08-12T20:10:57Z","android_vivo_y19_termux","NATIVE_HARDWARE","aarch64","aarch64",8,3741,"Linux 4.14.186-g1003dc13e-dirty","clang","21.1.8 ","-O3 -march=armv8-a","mlkem-native","v1.2.0 (0ba906cb14b1c241476134d7403a811b382ca498)","ML-KEM-512","encapsulation",52,45616,3567616,True,""
"063b48d7-9312-4699-bfc6-efc5b17d6cdd","1cf4e8f3-f542-4c18-9b08-89f225d37af6","2026-08-12T20:10:57Z","android_vivo_y19_termux","NATIVE_HARDWARE","aarch64","aarch64",8,3741,"Linux 4.14.186-g1003dc13e-dirty","clang","21.1.8 ","-O3 -march=armv8-a","mlkem-native","v1.2.0 (0ba906cb14b1c241476134d7403a811b382ca498)","ML-KEM-512","decapsulation",52,53000,3567616,True,""
"063b48d7-9312-4699-bfc6-efc5b17d6cdd","1cf4e8f3-f542-4c18-9b08-89f225d37af6","2026-08-12T20:10:57Z","android_vivo_y19_termux","NATIVE_HARDWARE","aarch64","aarch64",8,3741,"Linux 4.14.186-g1003dc13e-dirty","clang","21.1.8 ","-O3 -march=armv8-a","mlkem-native","v1.2.0 (0ba906cb14b1c241476134d7403a811b382ca498)","ML-KEM-512","keygen",53,40615,3567616,True,""
"063b48d7-9312-4699-bfc6-efc5b17d6cdd","1cf4e8f3-f542-4c18-9b08-89f225d37af6","2026-08-12T20:10:57Z","android_vivo_y19_termux","NATIVE_HARDWARE","aarch64","aarch64",8,3741,"Linux 4.14.186-g1003dc13e-dirty","clang","21.1.8 ","-O3 -march=armv8-a","mlkem-native","v1.2.0 (0ba906cb14b1c241476134d7403a811b382ca498)","ML-KEM-512","encapsulation",53,45538,3567616,True,""
"063b48d7-9312-4699-bfc6-efc5b17d6cdd","1cf4e8f3-f542-4c18-9b08-89f225d37af6","2026-08-12T20:10:57Z","android_vivo_y19_termux","NATIVE_HARDWARE","aarch64","aarch64",8,3741,"Linux 4.14.186-g1003dc13e-dirty","clang","21.1.8 ","-O3 -march=armv8-a","mlkem-native","v1.2.0 (0ba906cb14b1c241476134d7403a811b382ca498)","ML-KEM-512","decapsulation",53,53154,3567616,True,""
"063b48d7-9312-4699-bfc6-efc5b17d6cdd","1cf4e8f3-f542-4c18-9b08-89f225d37af6","2026-08-12T20:10:57Z","android_vivo_y19_termux","NATIVE_HARDWARE","aarch64","aarch64",8,3741,"Linux 4.14.186-g1003dc13e-dirty","clang","21.1.8 ","-O3 -march=armv8-a","mlkem-native","v1.2.0 (0ba906cb14b1c241476134d7403a811b382ca498)","ML-KEM-512","keygen",54,40616,3567616,True,""
"063b48d7-9312-4699-bfc6-efc5b17d6cdd","1cf4e8f3-f542-4c18-9b08-89f225d37af6","2026-08-12T20:10:57Z","android_vivo_y19_termux","NATIVE_HARDWARE","aarch64","aarch64",8,3741,"Linux 4.14.186-g1003dc13e-dirty","clang","21.1.8 ","-O3 -march=armv8-a","mlkem-native","v1.2.0 (0ba906cb14b1c241476134d7403a811b382ca498)","ML-KEM-512","encapsulation",54,45461,3567616,True,""
"063b48d7-9312-4699-bfc6-efc5b17d6cdd","1cf4e8f3-f542-4c18-9b08-89f225d37af6","2026-08-12T20:10:57Z","android_vivo_y19_termux","NATIVE_HARDWARE","aarch64","aarch64",8,3741,"Linux 4.14.186-g1003dc13e-dirty","clang","21.1.8 ","-O3 -march=armv8-a","mlkem-native","v1.2.0 (0ba906cb14b1c241476134d7403a811b382ca498)","ML-KEM-512","decapsulation",54,52615,3567616,True,""
"063b48d7-9312-4699-bfc6-efc5b17d6cdd","1cf4e8f3-f542-4c18-9b08-89f225d37af6","2026-08-12T20:10:57Z","android_vivo_y19_termux","NATIVE_HARDWARE","aarch64","aarch64",8,3741,"Linux 4.14.186-g1003dc13e-dirty","clang","21.1.8 ","-O3 -march=armv8-a","mlkem-native","v1.2.0 (0ba906cb14b1c241476134d7403a811b382ca498)","ML-KEM-512","keygen",55,40615,3567616,True,""
"063b48d7-9312-4699-bfc6-efc5b17d6cdd","1cf4e8f3-f542-4c18-9b08-89f225d37af6","2026-08-12T20:10:57Z","android_vivo_y19_termux","NATIVE_HARDWARE","aarch64","aarch64",8,3741,"Linux 4.14.186-g1003dc13e-dirty","clang","21.1.8 ","-O3 -march=armv8-a","mlkem-native","v1.2.0 (0ba906cb14b1c241476134d7403a811b382ca498)","ML-KEM-512","encapsulation",55,46077,3567616,True,""
"063b48d7-9312-4699-bfc6-efc5b17d6cdd","1cf4e8f3-f542-4c18-9b08-89f225d37af6","2026-08-12T20:10:57Z","android_vivo_y19_termux","NATIVE_HARDWARE","aarch64","aarch64",8,3741,"Linux 4.14.186-g1003dc13e-dirty","clang","21.1.8 ","-O3 -march=armv8-a","mlkem-native","v1.2.0 (0ba906cb14b1c241476134d7403a811b382ca498)","ML-KEM-512","decapsulation",55,53539,3567616,True,""
"063b48d7-9312-4699-bfc6-efc5b17d6cdd","1cf4e8f3-f542-4c18-9b08-89f225d37af6","2026-08-12T20:10:57Z","android_vivo_y19_termux","NATIVE_HARDWARE","aarch64","aarch64",8,3741,"Linux 4.14.186-g1003dc13e-dirty","clang","21.1.8 ","-O3 -march=armv8-a","mlkem-native","v1.2.0 (0ba906cb14b1c241476134d7403a811b382ca498)","ML-KEM-512","keygen",56,40308,3567616,True,""
"063b48d7-9312-4699-bfc6-efc5b17d6cdd","1cf4e8f3-f542-4c18-9b08-89f225d37af6","2026-08-12T20:10:57Z","android_vivo_y19_termux","NATIVE_HARDWARE","aarch64","aarch64",8,3741,"Linux 4.14.186-g1003dc13e-dirty","clang","21.1.8 ","-O3 -march=armv8-a","mlkem-native","v1.2.0 (0ba906cb14b1c241476134d7403a811b382ca498)","ML-KEM-512","encapsulation",56,45769,3567616,True,""
"063b48d7-9312-4699-bfc6-efc5b17d6cdd","1cf4e8f3-f542-4c18-9b08-89f225d37af6","2026-08-12T20:10:57Z","android_vivo_y19_termux","NATIVE_HARDWARE","aarch64","aarch64",8,3741,"Linux 4.14.186-g1003dc13e-dirty","clang","21.1.8 ","-O3 -march=armv8-a","mlkem-native","v1.2.0 (0ba906cb14b1c241476134d7403a811b382ca498)","ML-KEM-512","decapsulation",56,53307,3567616,True,""
"063b48d7-9312-4699-bfc6-efc5b17d6cdd","1cf4e8f3-f542-4c18-9b08-89f225d37af6","2026-08-12T20:10:57Z","android_vivo_y19_termux","NATIVE_HARDWARE","aarch64","aarch64",8,3741,"Linux 4.14.186-g1003dc13e-dirty","clang","21.1.8 ","-O3 -march=armv8-a","mlkem-native","v1.2.0 (0ba906cb14b1c241476134d7403a811b382ca498)","ML-KEM-512","keygen",57,40308,3567616,True,""
"063b48d7-9312-4699-bfc6-efc5b17d6cdd","1cf4e8f3-f542-4c18-9b08-89f225d37af6","2026-08-12T20:10:57Z","android_vivo_y19_termux","NATIVE_HARDWARE","aarch64","aarch64",8,3741,"Linux 4.14.186-g1003dc13e-dirty","clang","21.1.8 ","-O3 -march=armv8-a","mlkem-native","v1.2.0 (0ba906cb14b1c241476134d7403a811b382ca498)","ML-KEM-512","encapsulation",57,45923,3567616,True,""
"063b48d7-9312-4699-bfc6-efc5b17d6cdd","1cf4e8f3-f542-4c18-9b08-89f225d37af6","2026-08-12T20:10:57Z","android_vivo_y19_termux","NATIVE_HARDWARE","aarch64","aarch64",8,3741,"Linux 4.14.186-g1003dc13e-dirty","clang","21.1.8 ","-O3 -march=armv8-a","mlkem-native","v1.2.0 (0ba906cb14b1c241476134d7403a811b382ca498)","ML-KEM-512","decapsulation",57,53539,3567616,True,""
"063b48d7-9312-4699-bfc6-efc5b17d6cdd","1cf4e8f3-f542-4c18-9b08-89f225d37af6","2026-08-12T20:10:57Z","android_vivo_y19_termux","NATIVE_HARDWARE","aarch64","aarch64",8,3741,"Linux 4.14.186-g1003dc13e-dirty","clang","21.1.8 ","-O3 -march=armv8-a","mlkem-native","v1.2.0 (0ba906cb14b1c241476134d7403a811b382ca498)","ML-KEM-512","keygen",58,44231,3567616,True,""
"063b48d7-9312-4699-bfc6-efc5b17d6cdd","1cf4e8f3-f542-4c18-9b08-89f225d37af6","2026-08-12T20:10:57Z","android_vivo_y19_termux","NATIVE_HARDWARE","aarch64","aarch64",8,3741,"Linux 4.14.186-g1003dc13e-dirty","clang","21.1.8 ","-O3 -march=armv8-a","mlkem-native","v1.2.0 (0ba906cb14b1c241476134d7403a811b382ca498)","ML-KEM-512","encapsulation",58,45615,3567616,True,""
"063b48d7-9312-4699-bfc6-efc5b17d6cdd","1cf4e8f3-f542-4c18-9b08-89f225d37af6","2026-08-12T20:10:57Z","android_vivo_y19_termux","NATIVE_HARDWARE","aarch64","aarch64",8,3741,"Linux 4.14.186-g1003dc13e-dirty","clang","21.1.8 ","-O3 -march=armv8-a","mlkem-native","v1.2.0 (0ba906cb14b1c241476134d7403a811b382ca498)","ML-KEM-512","decapsulation",58,52923,3567616,True,""
"063b48d7-9312-4699-bfc6-efc5b17d6cdd","1cf4e8f3-f542-4c18-9b08-89f225d37af6","2026-08-12T20:10:57Z","android_vivo_y19_termux","NATIVE_HARDWARE","aarch64","aarch64",8,3741,"Linux 4.14.186-g1003dc13e-dirty","clang","21.1.8 ","-O3 -march=armv8-a","mlkem-native","v1.2.0 (0ba906cb14b1c241476134d7403a811b382ca498)","ML-KEM-512","keygen",59,40923,3567616,True,""
"063b48d7-9312-4699-bfc6-efc5b17d6cdd","1cf4e8f3-f542-4c18-9b08-89f225d37af6","2026-08-12T20:10:57Z","android_vivo_y19_termux","NATIVE_HARDWARE","aarch64","aarch64",8,3741,"Linux 4.14.186-g1003dc13e-dirty","clang","21.1.8 ","-O3 -march=armv8-a","mlkem-native","v1.2.0 (0ba906cb14b1c241476134d7403a811b382ca498)","ML-KEM-512","encapsulation",59,45538,3567616,True,""
"063b48d7-9312-4699-bfc6-efc5b17d6cdd","1cf4e8f3-f542-4c18-9b08-89f225d37af6","2026-08-12T20:10:57Z","android_vivo_y19_termux","NATIVE_HARDWARE","aarch64","aarch64",8,3741,"Linux 4.14.186-g1003dc13e-dirty","clang","21.1.8 ","-O3 -march=armv8-a","mlkem-native","v1.2.0 (0ba906cb14b1c241476134d7403a811b382ca498)","ML-KEM-512","decapsulation",59,52923,3567616,True,""
"063b48d7-9312-4699-bfc6-efc5b17d6cdd","1cf4e8f3-f542-4c18-9b08-89f225d37af6","2026-08-12T20:10:57Z","android_vivo_y19_termux","NATIVE_HARDWARE","aarch64","aarch64",8,3741,"Linux 4.14.186-g1003dc13e-dirty","clang","21.1.8 ","-O3 -march=armv8-a","mlkem-native","v1.2.0 (0ba906cb14b1c241476134d7403a811b382ca498)","ML-KEM-512","keygen",60,40692,3567616,True,""
"063b48d7-9312-4699-bfc6-efc5b17d6cdd","1cf4e8f3-f542-4c18-9b08-89f225d37af6","2026-08-12T20:10:57Z","android_vivo_y19_termux","NATIVE_HARDWARE","aarch64","aarch64",8,3741,"Linux 4.14.186-g1003dc13e-dirty","clang","21.1.8 ","-O3 -march=armv8-a","mlkem-native","v1.2.0 (0ba906cb14b1c241476134d7403a811b382ca498)","ML-KEM-512","encapsulation",60,45770,3567616,True,""
"063b48d7-9312-4699-bfc6-efc5b17d6cdd","1cf4e8f3-f542-4c18-9b08-89f225d37af6","2026-08-12T20:10:57Z","android_vivo_y19_termux","NATIVE_HARDWARE","aarch64","aarch64",8,3741,"Linux 4.14.186-g1003dc13e-dirty","clang","21.1.8 ","-O3 -march=armv8-a","mlkem-native","v1.2.0 (0ba906cb14b1c241476134d7403a811b382ca498)","ML-KEM-512","decapsulation",60,53538,3567616,True,""
"063b48d7-9312-4699-bfc6-efc5b17d6cdd","1cf4e8f3-f542-4c18-9b08-89f225d37af6","2026-08-12T20:10:57Z","android_vivo_y19_termux","NATIVE_HARDWARE","aarch64","aarch64",8,3741,"Linux 4.14.186-g1003dc13e-dirty","clang","21.1.8 ","-O3 -march=armv8-a","mlkem-native","v1.2.0 (0ba906cb14b1c241476134d7403a811b382ca498)","ML-KEM-512","keygen",61,41000,3567616,True,""
"063b48d7-9312-4699-bfc6-efc5b17d6cdd","1cf4e8f3-f542-4c18-9b08-89f225d37af6","2026-08-12T20:10:57Z","android_vivo_y19_termux","NATIVE_HARDWARE","aarch64","aarch64",8,3741,"Linux 4.14.186-g1003dc13e-dirty","clang","21.1.8 ","-O3 -march=armv8-a","mlkem-native","v1.2.0 (0ba906cb14b1c241476134d7403a811b382ca498)","ML-KEM-512","encapsulation",61,48231,3567616,True,""
"063b48d7-9312-4699-bfc6-efc5b17d6cdd","1cf4e8f3-f542-4c18-9b08-89f225d37af6","2026-08-12T20:10:57Z","android_vivo_y19_termux","NATIVE_HARDWARE","aarch64","aarch64",8,3741,"Linux 4.14.186-g1003dc13e-dirty","clang","21.1.8 ","-O3 -march=armv8-a","mlkem-native","v1.2.0 (0ba906cb14b1c241476134d7403a811b382ca498)","ML-KEM-512","decapsulation",61,54692,3567616,True,""
"063b48d7-9312-4699-bfc6-efc5b17d6cdd","1cf4e8f3-f542-4c18-9b08-89f225d37af6","2026-08-12T20:10:57Z","android_vivo_y19_termux","NATIVE_HARDWARE","aarch64","aarch64",8,3741,"Linux 4.14.186-g1003dc13e-dirty","clang","21.1.8 ","-O3 -march=armv8-a","mlkem-native","v1.2.0 (0ba906cb14b1c241476134d7403a811b382ca498)","ML-KEM-512","keygen",62,42770,3567616,True,""
"063b48d7-9312-4699-bfc6-efc5b17d6cdd","1cf4e8f3-f542-4c18-9b08-89f225d37af6","2026-08-12T20:10:57Z","android_vivo_y19_termux","NATIVE_HARDWARE","aarch64","aarch64",8,3741,"Linux 4.14.186-g1003dc13e-dirty","clang","21.1.8 ","-O3 -march=armv8-a","mlkem-native","v1.2.0 (0ba906cb14b1c241476134d7403a811b382ca498)","ML-KEM-512","encapsulation",62,49308,3567616,True,""
"063b48d7-9312-4699-bfc6-efc5b17d6cdd","1cf4e8f3-f542-4c18-9b08-89f225d37af6","2026-08-12T20:10:57Z","android_vivo_y19_termux","NATIVE_HARDWARE","aarch64","aarch64",8,3741,"Linux 4.14.186-g1003dc13e-dirty","clang","21.1.8 ","-O3 -march=armv8-a","mlkem-native","v1.2.0 (0ba906cb14b1c241476134d7403a811b382ca498)","ML-KEM-512","decapsulation",62,56923,3567616,True,""
"063b48d7-9312-4699-bfc6-efc5b17d6cdd","1cf4e8f3-f542-4c18-9b08-89f225d37af6","2026-08-12T20:10:57Z","android_vivo_y19_termux","NATIVE_HARDWARE","aarch64","aarch64",8,3741,"Linux 4.14.186-g1003dc13e-dirty","clang","21.1.8 ","-O3 -march=armv8-a","mlkem-native","v1.2.0 (0ba906cb14b1c241476134d7403a811b382ca498)","ML-KEM-512","keygen",63,40846,3567616,True,""
"063b48d7-9312-4699-bfc6-efc5b17d6cdd","1cf4e8f3-f542-4c18-9b08-89f225d37af6","2026-08-12T20:10:57Z","android_vivo_y19_termux","NATIVE_HARDWARE","aarch64","aarch64",8,3741,"Linux 4.14.186-g1003dc13e-dirty","clang","21.1.8 ","-O3 -march=armv8-a","mlkem-native","v1.2.0 (0ba906cb14b1c241476134d7403a811b382ca498)","ML-KEM-512","encapsulation",63,45000,3567616,True,""
"063b48d7-9312-4699-bfc6-efc5b17d6cdd","1cf4e8f3-f542-4c18-9b08-89f225d37af6","2026-08-12T20:10:57Z","android_vivo_y19_termux","NATIVE_HARDWARE","aarch64","aarch64",8,3741,"Linux 4.14.186-g1003dc13e-dirty","clang","21.1.8 ","-O3 -march=armv8-a","mlkem-native","v1.2.0 (0ba906cb14b1c241476134d7403a811b382ca498)","ML-KEM-512","decapsulation",63,52923,3567616,True,""
"063b48d7-9312-4699-bfc6-efc5b17d6cdd","1cf4e8f3-f542-4c18-9b08-89f225d37af6","2026-08-12T20:10:57Z","android_vivo_y19_termux","NATIVE_HARDWARE","aarch64","aarch64",8,3741,"Linux 4.14.186-g1003dc13e-dirty","clang","21.1.8 ","-O3 -march=armv8-a","mlkem-native","v1.2.0 (0ba906cb14b1c241476134d7403a811b382ca498)","ML-KEM-512","keygen",64,40615,3567616,True,""
"063b48d7-9312-4699-bfc6-efc5b17d6cdd","1cf4e8f3-f542-4c18-9b08-89f225d37af6","2026-08-12T20:10:57Z","android_vivo_y19_termux","NATIVE_HARDWARE","aarch64","aarch64",8,3741,"Linux 4.14.186-g1003dc13e-dirty","clang","21.1.8 ","-O3 -march=armv8-a","mlkem-native","v1.2.0 (0ba906cb14b1c241476134d7403a811b382ca498)","ML-KEM-512","encapsulation",64,45307,3567616,True,""
"063b48d7-9312-4699-bfc6-efc5b17d6cdd","1cf4e8f3-f542-4c18-9b08-89f225d37af6","2026-08-12T20:10:57Z","android_vivo_y19_termux","NATIVE_HARDWARE","aarch64","aarch64",8,3741,"Linux 4.14.186-g1003dc13e-dirty","clang","21.1.8 ","-O3 -march=armv8-a","mlkem-native","v1.2.0 (0ba906cb14b1c241476134d7403a811b382ca498)","ML-KEM-512","decapsulation",64,54154,3567616,True,""
"063b48d7-9312-4699-bfc6-efc5b17d6cdd","1cf4e8f3-f542-4c18-9b08-89f225d37af6","2026-08-12T20:10:57Z","android_vivo_y19_termux","NATIVE_HARDWARE","aarch64","aarch64",8,3741,"Linux 4.14.186-g1003dc13e-dirty","clang","21.1.8 ","-O3 -march=armv8-a","mlkem-native","v1.2.0 (0ba906cb14b1c241476134d7403a811b382ca498)","ML-KEM-512","keygen",65,41615,3567616,True,""
"063b48d7-9312-4699-bfc6-efc5b17d6cdd","1cf4e8f3-f542-4c18-9b08-89f225d37af6","2026-08-12T20:10:57Z","android_vivo_y19_termux","NATIVE_HARDWARE","aarch64","aarch64",8,3741,"Linux 4.14.186-g1003dc13e-dirty","clang","21.1.8 ","-O3 -march=armv8-a","mlkem-native","v1.2.0 (0ba906cb14b1c241476134d7403a811b382ca498)","ML-KEM-512","encapsulation",65,46154,3567616,True,""
"063b48d7-9312-4699-bfc6-efc5b17d6cdd","1cf4e8f3-f542-4c18-9b08-89f225d37af6","2026-08-12T20:10:57Z","android_vivo_y19_termux","NATIVE_HARDWARE","aarch64","aarch64",8,3741,"Linux 4.14.186-g1003dc13e-dirty","clang","21.1.8 ","-O3 -march=armv8-a","mlkem-native","v1.2.0 (0ba906cb14b1c241476134d7403a811b382ca498)","ML-KEM-512","decapsulation",65,53230,3567616,True,""
"063b48d7-9312-4699-bfc6-efc5b17d6cdd","1cf4e8f3-f542-4c18-9b08-89f225d37af6","2026-08-12T20:10:57Z","android_vivo_y19_termux","NATIVE_HARDWARE","aarch64","aarch64",8,3741,"Linux 4.14.186-g1003dc13e-dirty","clang","21.1.8 ","-O3 -march=armv8-a","mlkem-native","v1.2.0 (0ba906cb14b1c241476134d7403a811b382ca498)","ML-KEM-512","keygen",66,40538,3567616,True,""
"063b48d7-9312-4699-bfc6-efc5b17d6cdd","1cf4e8f3-f542-4c18-9b08-89f225d37af6","2026-08-12T20:10:57Z","android_vivo_y19_termux","NATIVE_HARDWARE","aarch64","aarch64",8,3741,"Linux 4.14.186-g1003dc13e-dirty","clang","21.1.8 ","-O3 -march=armv8-a","mlkem-native","v1.2.0 (0ba906cb14b1c241476134d7403a811b382ca498)","ML-KEM-512","encapsulation",66,45538,3567616,True,""
"063b48d7-9312-4699-bfc6-efc5b17d6cdd","1cf4e8f3-f542-4c18-9b08-89f225d37af6","2026-08-12T20:10:57Z","android_vivo_y19_termux","NATIVE_HARDWARE","aarch64","aarch64",8,3741,"Linux 4.14.186-g1003dc13e-dirty","clang","21.1.8 ","-O3 -march=armv8-a","mlkem-native","v1.2.0 (0ba906cb14b1c241476134d7403a811b382ca498)","ML-KEM-512","decapsulation",66,53231,3567616,True,""
"063b48d7-9312-4699-bfc6-efc5b17d6cdd","1cf4e8f3-f542-4c18-9b08-89f225d37af6","2026-08-12T20:10:57Z","android_vivo_y19_termux","NATIVE_HARDWARE","aarch64","aarch64",8,3741,"Linux 4.14.186-g1003dc13e-dirty","clang","21.1.8 ","-O3 -march=armv8-a","mlkem-native","v1.2.0 (0ba906cb14b1c241476134d7403a811b382ca498)","ML-KEM-512","keygen",67,40538,3567616,True,""
"063b48d7-9312-4699-bfc6-efc5b17d6cdd","1cf4e8f3-f542-4c18-9b08-89f225d37af6","2026-08-12T20:10:57Z","android_vivo_y19_termux","NATIVE_HARDWARE","aarch64","aarch64",8,3741,"Linux 4.14.186-g1003dc13e-dirty","clang","21.1.8 ","-O3 -march=armv8-a","mlkem-native","v1.2.0 (0ba906cb14b1c241476134d7403a811b382ca498)","ML-KEM-512","encapsulation",67,44923,3567616,True,""
"063b48d7-9312-4699-bfc6-efc5b17d6cdd","1cf4e8f3-f542-4c18-9b08-89f225d37af6","2026-08-12T20:10:57Z","android_vivo_y19_termux","NATIVE_HARDWARE","aarch64","aarch64",8,3741,"Linux 4.14.186-g1003dc13e-dirty","clang","21.1.8 ","-O3 -march=armv8-a","mlkem-native","v1.2.0 (0ba906cb14b1c241476134d7403a811b382ca498)","ML-KEM-512","decapsulation",67,52385,3567616,True,""
"063b48d7-9312-4699-bfc6-efc5b17d6cdd","1cf4e8f3-f542-4c18-9b08-89f225d37af6","2026-08-12T20:10:57Z","android_vivo_y19_termux","NATIVE_HARDWARE","aarch64","aarch64",8,3741,"Linux 4.14.186-g1003dc13e-dirty","clang","21.1.8 ","-O3 -march=armv8-a","mlkem-native","v1.2.0 (0ba906cb14b1c241476134d7403a811b382ca498)","ML-KEM-512","keygen",68,40616,3567616,True,""
"063b48d7-9312-4699-bfc6-efc5b17d6cdd","1cf4e8f3-f542-4c18-9b08-89f225d37af6","2026-08-12T20:10:57Z","android_vivo_y19_termux","NATIVE_HARDWARE","aarch64","aarch64",8,3741,"Linux 4.14.186-g1003dc13e-dirty","clang","21.1.8 ","-O3 -march=armv8-a","mlkem-native","v1.2.0 (0ba906cb14b1c241476134d7403a811b382ca498)","ML-KEM-512","encapsulation",68,45539,3567616,True,""
"063b48d7-9312-4699-bfc6-efc5b17d6cdd","1cf4e8f3-f542-4c18-9b08-89f225d37af6","2026-08-12T20:10:57Z","android_vivo_y19_termux","NATIVE_HARDWARE","aarch64","aarch64",8,3741,"Linux 4.14.186-g1003dc13e-dirty","clang","21.1.8 ","-O3 -march=armv8-a","mlkem-native","v1.2.0 (0ba906cb14b1c241476134d7403a811b382ca498)","ML-KEM-512","decapsulation",68,53000,3567616,True,""
"063b48d7-9312-4699-bfc6-efc5b17d6cdd","1cf4e8f3-f542-4c18-9b08-89f225d37af6","2026-08-12T20:10:57Z","android_vivo_y19_termux","NATIVE_HARDWARE","aarch64","aarch64",8,3741,"Linux 4.14.186-g1003dc13e-dirty","clang","21.1.8 ","-O3 -march=armv8-a","mlkem-native","v1.2.0 (0ba906cb14b1c241476134d7403a811b382ca498)","ML-KEM-512","keygen",69,40384,3567616,True,""
"063b48d7-9312-4699-bfc6-efc5b17d6cdd","1cf4e8f3-f542-4c18-9b08-89f225d37af6","2026-08-12T20:10:57Z","android_vivo_y19_termux","NATIVE_HARDWARE","aarch64","aarch64",8,3741,"Linux 4.14.186-g1003dc13e-dirty","clang","21.1.8 ","-O3 -march=armv8-a","mlkem-native","v1.2.0 (0ba906cb14b1c241476134d7403a811b382ca498)","ML-KEM-512","encapsulation",69,46077,3567616,True,""
"063b48d7-9312-4699-bfc6-efc5b17d6cdd","1cf4e8f3-f542-4c18-9b08-89f225d37af6","2026-08-12T20:10:57Z","android_vivo_y19_termux","NATIVE_HARDWARE","aarch64","aarch64",8,3741,"Linux 4.14.186-g1003dc13e-dirty","clang","21.1.8 ","-O3 -march=armv8-a","mlkem-native","v1.2.0 (0ba906cb14b1c241476134d7403a811b382ca498)","ML-KEM-512","decapsulation",69,53154,3567616,True,""
"063b48d7-9312-4699-bfc6-efc5b17d6cdd","1cf4e8f3-f542-4c18-9b08-89f225d37af6","2026-08-12T20:10:57Z","android_vivo_y19_termux","NATIVE_HARDWARE","aarch64","aarch64",8,3741,"Linux 4.14.186-g1003dc13e-dirty","clang","21.1.8 ","-O3 -march=armv8-a","mlkem-native","v1.2.0 (0ba906cb14b1c241476134d7403a811b382ca498)","ML-KEM-512","keygen",70,40615,3567616,True,""
"063b48d7-9312-4699-bfc6-efc5b17d6cdd","1cf4e8f3-f542-4c18-9b08-89f225d37af6","2026-08-12T20:10:57Z","android_vivo_y19_termux","NATIVE_HARDWARE","aarch64","aarch64",8,3741,"Linux 4.14.186-g1003dc13e-dirty","clang","21.1.8 ","-O3 -march=armv8-a","mlkem-native","v1.2.0 (0ba906cb14b1c241476134d7403a811b382ca498)","ML-KEM-512","encapsulation",70,48923,3567616,True,""
"063b48d7-9312-4699-bfc6-efc5b17d6cdd","1cf4e8f3-f542-4c18-9b08-89f225d37af6","2026-08-12T20:10:57Z","android_vivo_y19_termux","NATIVE_HARDWARE","aarch64","aarch64",8,3741,"Linux 4.14.186-g1003dc13e-dirty","clang","21.1.8 ","-O3 -march=armv8-a","mlkem-native","v1.2.0 (0ba906cb14b1c241476134d7403a811b382ca498)","ML-KEM-512","decapsulation",70,56923,3567616,True,""
"063b48d7-9312-4699-bfc6-efc5b17d6cdd","1cf4e8f3-f542-4c18-9b08-89f225d37af6","2026-08-12T20:10:57Z","android_vivo_y19_termux","NATIVE_HARDWARE","aarch64","aarch64",8,3741,"Linux 4.14.186-g1003dc13e-dirty","clang","21.1.8 ","-O3 -march=armv8-a","mlkem-native","v1.2.0 (0ba906cb14b1c241476134d7403a811b382ca498)","ML-KEM-512","keygen",71,40539,3567616,True,""
"063b48d7-9312-4699-bfc6-efc5b17d6cdd","1cf4e8f3-f542-4c18-9b08-89f225d37af6","2026-08-12T20:10:57Z","android_vivo_y19_termux","NATIVE_HARDWARE","aarch64","aarch64",8,3741,"Linux 4.14.186-g1003dc13e-dirty","clang","21.1.8 ","-O3 -march=armv8-a","mlkem-native","v1.2.0 (0ba906cb14b1c241476134d7403a811b382ca498)","ML-KEM-512","encapsulation",71,46077,3567616,True,""
"063b48d7-9312-4699-bfc6-efc5b17d6cdd","1cf4e8f3-f542-4c18-9b08-89f225d37af6","2026-08-12T20:10:57Z","android_vivo_y19_termux","NATIVE_HARDWARE","aarch64","aarch64",8,3741,"Linux 4.14.186-g1003dc13e-dirty","clang","21.1.8 ","-O3 -march=armv8-a","mlkem-native","v1.2.0 (0ba906cb14b1c241476134d7403a811b382ca498)","ML-KEM-512","decapsulation",71,53308,3567616,True,""
"063b48d7-9312-4699-bfc6-efc5b17d6cdd","1cf4e8f3-f542-4c18-9b08-89f225d37af6","2026-08-12T20:10:57Z","android_vivo_y19_termux","NATIVE_HARDWARE","aarch64","aarch64",8,3741,"Linux 4.14.186-g1003dc13e-dirty","clang","21.1.8 ","-O3 -march=armv8-a","mlkem-native","v1.2.0 (0ba906cb14b1c241476134d7403a811b382ca498)","ML-KEM-512","keygen",72,40692,3567616,True,""
"063b48d7-9312-4699-bfc6-efc5b17d6cdd","1cf4e8f3-f542-4c18-9b08-89f225d37af6","2026-08-12T20:10:57Z","android_vivo_y19_termux","NATIVE_HARDWARE","aarch64","aarch64",8,3741,"Linux 4.14.186-g1003dc13e-dirty","clang","21.1.8 ","-O3 -march=armv8-a","mlkem-native","v1.2.0 (0ba906cb14b1c241476134d7403a811b382ca498)","ML-KEM-512","encapsulation",72,46385,3567616,True,""
"063b48d7-9312-4699-bfc6-efc5b17d6cdd","1cf4e8f3-f542-4c18-9b08-89f225d37af6","2026-08-12T20:10:57Z","android_vivo_y19_termux","NATIVE_HARDWARE","aarch64","aarch64",8,3741,"Linux 4.14.186-g1003dc13e-dirty","clang","21.1.8 ","-O3 -march=armv8-a","mlkem-native","v1.2.0 (0ba906cb14b1c241476134d7403a811b382ca498)","ML-KEM-512","decapsulation",72,54077,3567616,True,""
"063b48d7-9312-4699-bfc6-efc5b17d6cdd","1cf4e8f3-f542-4c18-9b08-89f225d37af6","2026-08-12T20:10:57Z","android_vivo_y19_termux","NATIVE_HARDWARE","aarch64","aarch64",8,3741,"Linux 4.14.186-g1003dc13e-dirty","clang","21.1.8 ","-O3 -march=armv8-a","mlkem-native","v1.2.0 (0ba906cb14b1c241476134d7403a811b382ca498)","ML-KEM-512","keygen",73,40846,3567616,True,""
"063b48d7-9312-4699-bfc6-efc5b17d6cdd","1cf4e8f3-f542-4c18-9b08-89f225d37af6","2026-08-12T20:10:57Z","android_vivo_y19_termux","NATIVE_HARDWARE","aarch64","aarch64",8,3741,"Linux 4.14.186-g1003dc13e-dirty","clang","21.1.8 ","-O3 -march=armv8-a","mlkem-native","v1.2.0 (0ba906cb14b1c241476134d7403a811b382ca498)","ML-KEM-512","encapsulation",73,46153,3567616,True,""
"063b48d7-9312-4699-bfc6-efc5b17d6cdd","1cf4e8f3-f542-4c18-9b08-89f225d37af6","2026-08-12T20:10:57Z","android_vivo_y19_termux","NATIVE_HARDWARE","aarch64","aarch64",8,3741,"Linux 4.14.186-g1003dc13e-dirty","clang","21.1.8 ","-O3 -march=armv8-a","mlkem-native","v1.2.0 (0ba906cb14b1c241476134d7403a811b382ca498)","ML-KEM-512","decapsulation",73,53000,3567616,True,""
"063b48d7-9312-4699-bfc6-efc5b17d6cdd","1cf4e8f3-f542-4c18-9b08-89f225d37af6","2026-08-12T20:10:57Z","android_vivo_y19_termux","NATIVE_HARDWARE","aarch64","aarch64",8,3741,"Linux 4.14.186-g1003dc13e-dirty","clang","21.1.8 ","-O3 -march=armv8-a","mlkem-native","v1.2.0 (0ba906cb14b1c241476134d7403a811b382ca498)","ML-KEM-512","keygen",74,44923,3567616,True,""
"063b48d7-9312-4699-bfc6-efc5b17d6cdd","1cf4e8f3-f542-4c18-9b08-89f225d37af6","2026-08-12T20:10:57Z","android_vivo_y19_termux","NATIVE_HARDWARE","aarch64","aarch64",8,3741,"Linux 4.14.186-g1003dc13e-dirty","clang","21.1.8 ","-O3 -march=armv8-a","mlkem-native","v1.2.0 (0ba906cb14b1c241476134d7403a811b382ca498)","ML-KEM-512","encapsulation",74,46770,3567616,True,""
"063b48d7-9312-4699-bfc6-efc5b17d6cdd","1cf4e8f3-f542-4c18-9b08-89f225d37af6","2026-08-12T20:10:57Z","android_vivo_y19_termux","NATIVE_HARDWARE","aarch64","aarch64",8,3741,"Linux 4.14.186-g1003dc13e-dirty","clang","21.1.8 ","-O3 -march=armv8-a","mlkem-native","v1.2.0 (0ba906cb14b1c241476134d7403a811b382ca498)","ML-KEM-512","decapsulation",74,54385,3567616,True,""
"063b48d7-9312-4699-bfc6-efc5b17d6cdd","1cf4e8f3-f542-4c18-9b08-89f225d37af6","2026-08-12T20:10:57Z","android_vivo_y19_termux","NATIVE_HARDWARE","aarch64","aarch64",8,3741,"Linux 4.14.186-g1003dc13e-dirty","clang","21.1.8 ","-O3 -march=armv8-a","mlkem-native","v1.2.0 (0ba906cb14b1c241476134d7403a811b382ca498)","ML-KEM-512","keygen",75,41153,3567616,True,""
"063b48d7-9312-4699-bfc6-efc5b17d6cdd","1cf4e8f3-f542-4c18-9b08-89f225d37af6","2026-08-12T20:10:57Z","android_vivo_y19_termux","NATIVE_HARDWARE","aarch64","aarch64",8,3741,"Linux 4.14.186-g1003dc13e-dirty","clang","21.1.8 ","-O3 -march=armv8-a","mlkem-native","v1.2.0 (0ba906cb14b1c241476134d7403a811b382ca498)","ML-KEM-512","encapsulation",75,49846,3567616,True,""
"063b48d7-9312-4699-bfc6-efc5b17d6cdd","1cf4e8f3-f542-4c18-9b08-89f225d37af6","2026-08-12T20:10:57Z","android_vivo_y19_termux","NATIVE_HARDWARE","aarch64","aarch64",8,3741,"Linux 4.14.186-g1003dc13e-dirty","clang","21.1.8 ","-O3 -march=armv8-a","mlkem-native","v1.2.0 (0ba906cb14b1c241476134d7403a811b382ca498)","ML-KEM-512","decapsulation",75,56385,3567616,True,""
"063b48d7-9312-4699-bfc6-efc5b17d6cdd","1cf4e8f3-f542-4c18-9b08-89f225d37af6","2026-08-12T20:10:57Z","android_vivo_y19_termux","NATIVE_HARDWARE","aarch64","aarch64",8,3741,"Linux 4.14.186-g1003dc13e-dirty","clang","21.1.8 ","-O3 -march=armv8-a","mlkem-native","v1.2.0 (0ba906cb14b1c241476134d7403a811b382ca498)","ML-KEM-512","keygen",76,41846,3567616,True,""
"063b48d7-9312-4699-bfc6-efc5b17d6cdd","1cf4e8f3-f542-4c18-9b08-89f225d37af6","2026-08-12T20:10:57Z","android_vivo_y19_termux","NATIVE_HARDWARE","aarch64","aarch64",8,3741,"Linux 4.14.186-g1003dc13e-dirty","clang","21.1.8 ","-O3 -march=armv8-a","mlkem-native","v1.2.0 (0ba906cb14b1c241476134d7403a811b382ca498)","ML-KEM-512","encapsulation",76,46847,3567616,True,""
"063b48d7-9312-4699-bfc6-efc5b17d6cdd","1cf4e8f3-f542-4c18-9b08-89f225d37af6","2026-08-12T20:10:57Z","android_vivo_y19_termux","NATIVE_HARDWARE","aarch64","aarch64",8,3741,"Linux 4.14.186-g1003dc13e-dirty","clang","21.1.8 ","-O3 -march=armv8-a","mlkem-native","v1.2.0 (0ba906cb14b1c241476134d7403a811b382ca498)","ML-KEM-512","decapsulation",76,54385,3567616,True,""
"063b48d7-9312-4699-bfc6-efc5b17d6cdd","1cf4e8f3-f542-4c18-9b08-89f225d37af6","2026-08-12T20:10:57Z","android_vivo_y19_termux","NATIVE_HARDWARE","aarch64","aarch64",8,3741,"Linux 4.14.186-g1003dc13e-dirty","clang","21.1.8 ","-O3 -march=armv8-a","mlkem-native","v1.2.0 (0ba906cb14b1c241476134d7403a811b382ca498)","ML-KEM-512","keygen",77,40923,3567616,True,""
"063b48d7-9312-4699-bfc6-efc5b17d6cdd","1cf4e8f3-f542-4c18-9b08-89f225d37af6","2026-08-12T20:10:57Z","android_vivo_y19_termux","NATIVE_HARDWARE","aarch64","aarch64",8,3741,"Linux 4.14.186-g1003dc13e-dirty","clang","21.1.8 ","-O3 -march=armv8-a","mlkem-native","v1.2.0 (0ba906cb14b1c241476134d7403a811b382ca498)","ML-KEM-512","encapsulation",77,45308,3567616,True,""
"063b48d7-9312-4699-bfc6-efc5b17d6cdd","1cf4e8f3-f542-4c18-9b08-89f225d37af6","2026-08-12T20:10:57Z","android_vivo_y19_termux","NATIVE_HARDWARE","aarch64","aarch64",8,3741,"Linux 4.14.186-g1003dc13e-dirty","clang","21.1.8 ","-O3 -march=armv8-a","mlkem-native","v1.2.0 (0ba906cb14b1c241476134d7403a811b382ca498)","ML-KEM-512","decapsulation",77,52847,3567616,True,""
"063b48d7-9312-4699-bfc6-efc5b17d6cdd","1cf4e8f3-f542-4c18-9b08-89f225d37af6","2026-08-12T20:10:57Z","android_vivo_y19_termux","NATIVE_HARDWARE","aarch64","aarch64",8,3741,"Linux 4.14.186-g1003dc13e-dirty","clang","21.1.8 ","-O3 -march=armv8-a","mlkem-native","v1.2.0 (0ba906cb14b1c241476134d7403a811b382ca498)","ML-KEM-512","keygen",78,40615,3567616,True,""
"063b48d7-9312-4699-bfc6-efc5b17d6cdd","1cf4e8f3-f542-4c18-9b08-89f225d37af6","2026-08-12T20:10:57Z","android_vivo_y19_termux","NATIVE_HARDWARE","aarch64","aarch64",8,3741,"Linux 4.14.186-g1003dc13e-dirty","clang","21.1.8 ","-O3 -march=armv8-a","mlkem-native","v1.2.0 (0ba906cb14b1c241476134d7403a811b382ca498)","ML-KEM-512","encapsulation",78,45461,3567616,True,""
"063b48d7-9312-4699-bfc6-efc5b17d6cdd","1cf4e8f3-f542-4c18-9b08-89f225d37af6","2026-08-12T20:10:57Z","android_vivo_y19_termux","NATIVE_HARDWARE","aarch64","aarch64",8,3741,"Linux 4.14.186-g1003dc13e-dirty","clang","21.1.8 ","-O3 -march=armv8-a","mlkem-native","v1.2.0 (0ba906cb14b1c241476134d7403a811b382ca498)","ML-KEM-512","decapsulation",78,52615,3567616,True,""
"063b48d7-9312-4699-bfc6-efc5b17d6cdd","1cf4e8f3-f542-4c18-9b08-89f225d37af6","2026-08-12T20:10:57Z","android_vivo_y19_termux","NATIVE_HARDWARE","aarch64","aarch64",8,3741,"Linux 4.14.186-g1003dc13e-dirty","clang","21.1.8 ","-O3 -march=armv8-a","mlkem-native","v1.2.0 (0ba906cb14b1c241476134d7403a811b382ca498)","ML-KEM-512","keygen",79,40616,3567616,True,""
"063b48d7-9312-4699-bfc6-efc5b17d6cdd","1cf4e8f3-f542-4c18-9b08-89f225d37af6","2026-08-12T20:10:57Z","android_vivo_y19_termux","NATIVE_HARDWARE","aarch64","aarch64",8,3741,"Linux 4.14.186-g1003dc13e-dirty","clang","21.1.8 ","-O3 -march=armv8-a","mlkem-native","v1.2.0 (0ba906cb14b1c241476134d7403a811b382ca498)","ML-KEM-512","encapsulation",79,45154,3567616,True,""
"063b48d7-9312-4699-bfc6-efc5b17d6cdd","1cf4e8f3-f542-4c18-9b08-89f225d37af6","2026-08-12T20:10:57Z","android_vivo_y19_termux","NATIVE_HARDWARE","aarch64","aarch64",8,3741,"Linux 4.14.186-g1003dc13e-dirty","clang","21.1.8 ","-O3 -march=armv8-a","mlkem-native","v1.2.0 (0ba906cb14b1c241476134d7403a811b382ca498)","ML-KEM-512","decapsulation",79,53538,3567616,True,""
"063b48d7-9312-4699-bfc6-efc5b17d6cdd","1cf4e8f3-f542-4c18-9b08-89f225d37af6","2026-08-12T20:10:57Z","android_vivo_y19_termux","NATIVE_HARDWARE","aarch64","aarch64",8,3741,"Linux 4.14.186-g1003dc13e-dirty","clang","21.1.8 ","-O3 -march=armv8-a","mlkem-native","v1.2.0 (0ba906cb14b1c241476134d7403a811b382ca498)","ML-KEM-512","keygen",80,41230,3567616,True,""
"063b48d7-9312-4699-bfc6-efc5b17d6cdd","1cf4e8f3-f542-4c18-9b08-89f225d37af6","2026-08-12T20:10:57Z","android_vivo_y19_termux","NATIVE_HARDWARE","aarch64","aarch64",8,3741,"Linux 4.14.186-g1003dc13e-dirty","clang","21.1.8 ","-O3 -march=armv8-a","mlkem-native","v1.2.0 (0ba906cb14b1c241476134d7403a811b382ca498)","ML-KEM-512","encapsulation",80,45923,3567616,True,""
"063b48d7-9312-4699-bfc6-efc5b17d6cdd","1cf4e8f3-f542-4c18-9b08-89f225d37af6","2026-08-12T20:10:57Z","android_vivo_y19_termux","NATIVE_HARDWARE","aarch64","aarch64",8,3741,"Linux 4.14.186-g1003dc13e-dirty","clang","21.1.8 ","-O3 -march=armv8-a","mlkem-native","v1.2.0 (0ba906cb14b1c241476134d7403a811b382ca498)","ML-KEM-512","decapsulation",80,53462,3567616,True,""
"063b48d7-9312-4699-bfc6-efc5b17d6cdd","1cf4e8f3-f542-4c18-9b08-89f225d37af6","2026-08-12T20:10:57Z","android_vivo_y19_termux","NATIVE_HARDWARE","aarch64","aarch64",8,3741,"Linux 4.14.186-g1003dc13e-dirty","clang","21.1.8 ","-O3 -march=armv8-a","mlkem-native","v1.2.0 (0ba906cb14b1c241476134d7403a811b382ca498)","ML-KEM-512","keygen",81,40615,3567616,True,""
"063b48d7-9312-4699-bfc6-efc5b17d6cdd","1cf4e8f3-f542-4c18-9b08-89f225d37af6","2026-08-12T20:10:57Z","android_vivo_y19_termux","NATIVE_HARDWARE","aarch64","aarch64",8,3741,"Linux 4.14.186-g1003dc13e-dirty","clang","21.1.8 ","-O3 -march=armv8-a","mlkem-native","v1.2.0 (0ba906cb14b1c241476134d7403a811b382ca498)","ML-KEM-512","encapsulation",81,44923,3567616,True,""
"063b48d7-9312-4699-bfc6-efc5b17d6cdd","1cf4e8f3-f542-4c18-9b08-89f225d37af6","2026-08-12T20:10:57Z","android_vivo_y19_termux","NATIVE_HARDWARE","aarch64","aarch64",8,3741,"Linux 4.14.186-g1003dc13e-dirty","clang","21.1.8 ","-O3 -march=armv8-a","mlkem-native","v1.2.0 (0ba906cb14b1c241476134d7403a811b382ca498)","ML-KEM-512","decapsulation",81,52308,3567616,True,""
"063b48d7-9312-4699-bfc6-efc5b17d6cdd","1cf4e8f3-f542-4c18-9b08-89f225d37af6","2026-08-12T20:10:57Z","android_vivo_y19_termux","NATIVE_HARDWARE","aarch64","aarch64",8,3741,"Linux 4.14.186-g1003dc13e-dirty","clang","21.1.8 ","-O3 -march=armv8-a","mlkem-native","v1.2.0 (0ba906cb14b1c241476134d7403a811b382ca498)","ML-KEM-512","keygen",82,40077,3567616,True,""
"063b48d7-9312-4699-bfc6-efc5b17d6cdd","1cf4e8f3-f542-4c18-9b08-89f225d37af6","2026-08-12T20:10:57Z","android_vivo_y19_termux","NATIVE_HARDWARE","aarch64","aarch64",8,3741,"Linux 4.14.186-g1003dc13e-dirty","clang","21.1.8 ","-O3 -march=armv8-a","mlkem-native","v1.2.0 (0ba906cb14b1c241476134d7403a811b382ca498)","ML-KEM-512","encapsulation",82,45539,3567616,True,""
"063b48d7-9312-4699-bfc6-efc5b17d6cdd","1cf4e8f3-f542-4c18-9b08-89f225d37af6","2026-08-12T20:10:57Z","android_vivo_y19_termux","NATIVE_HARDWARE","aarch64","aarch64",8,3741,"Linux 4.14.186-g1003dc13e-dirty","clang","21.1.8 ","-O3 -march=armv8-a","mlkem-native","v1.2.0 (0ba906cb14b1c241476134d7403a811b382ca498)","ML-KEM-512","decapsulation",82,53308,3567616,True,""
"063b48d7-9312-4699-bfc6-efc5b17d6cdd","1cf4e8f3-f542-4c18-9b08-89f225d37af6","2026-08-12T20:10:57Z","android_vivo_y19_termux","NATIVE_HARDWARE","aarch64","aarch64",8,3741,"Linux 4.14.186-g1003dc13e-dirty","clang","21.1.8 ","-O3 -march=armv8-a","mlkem-native","v1.2.0 (0ba906cb14b1c241476134d7403a811b382ca498)","ML-KEM-512","keygen",83,40615,3567616,True,""
"063b48d7-9312-4699-bfc6-efc5b17d6cdd","1cf4e8f3-f542-4c18-9b08-89f225d37af6","2026-08-12T20:10:57Z","android_vivo_y19_termux","NATIVE_HARDWARE","aarch64","aarch64",8,3741,"Linux 4.14.186-g1003dc13e-dirty","clang","21.1.8 ","-O3 -march=armv8-a","mlkem-native","v1.2.0 (0ba906cb14b1c241476134d7403a811b382ca498)","ML-KEM-512","encapsulation",83,45154,3567616,True,""
"063b48d7-9312-4699-bfc6-efc5b17d6cdd","1cf4e8f3-f542-4c18-9b08-89f225d37af6","2026-08-12T20:10:57Z","android_vivo_y19_termux","NATIVE_HARDWARE","aarch64","aarch64",8,3741,"Linux 4.14.186-g1003dc13e-dirty","clang","21.1.8 ","-O3 -march=armv8-a","mlkem-native","v1.2.0 (0ba906cb14b1c241476134d7403a811b382ca498)","ML-KEM-512","decapsulation",83,53538,3567616,True,""
"063b48d7-9312-4699-bfc6-efc5b17d6cdd","1cf4e8f3-f542-4c18-9b08-89f225d37af6","2026-08-12T20:10:57Z","android_vivo_y19_termux","NATIVE_HARDWARE","aarch64","aarch64",8,3741,"Linux 4.14.186-g1003dc13e-dirty","clang","21.1.8 ","-O3 -march=armv8-a","mlkem-native","v1.2.0 (0ba906cb14b1c241476134d7403a811b382ca498)","ML-KEM-512","keygen",84,40923,3567616,True,""
"063b48d7-9312-4699-bfc6-efc5b17d6cdd","1cf4e8f3-f542-4c18-9b08-89f225d37af6","2026-08-12T20:10:57Z","android_vivo_y19_termux","NATIVE_HARDWARE","aarch64","aarch64",8,3741,"Linux 4.14.186-g1003dc13e-dirty","clang","21.1.8 ","-O3 -march=armv8-a","mlkem-native","v1.2.0 (0ba906cb14b1c241476134d7403a811b382ca498)","ML-KEM-512","encapsulation",84,45462,3567616,True,""
"063b48d7-9312-4699-bfc6-efc5b17d6cdd","1cf4e8f3-f542-4c18-9b08-89f225d37af6","2026-08-12T20:10:57Z","android_vivo_y19_termux","NATIVE_HARDWARE","aarch64","aarch64",8,3741,"Linux 4.14.186-g1003dc13e-dirty","clang","21.1.8 ","-O3 -march=armv8-a","mlkem-native","v1.2.0 (0ba906cb14b1c241476134d7403a811b382ca498)","ML-KEM-512","decapsulation",84,53230,3567616,True,""
"063b48d7-9312-4699-bfc6-efc5b17d6cdd","1cf4e8f3-f542-4c18-9b08-89f225d37af6","2026-08-12T20:10:57Z","android_vivo_y19_termux","NATIVE_HARDWARE","aarch64","aarch64",8,3741,"Linux 4.14.186-g1003dc13e-dirty","clang","21.1.8 ","-O3 -march=armv8-a","mlkem-native","v1.2.0 (0ba906cb14b1c241476134d7403a811b382ca498)","ML-KEM-512","keygen",85,40615,3567616,True,""
"063b48d7-9312-4699-bfc6-efc5b17d6cdd","1cf4e8f3-f542-4c18-9b08-89f225d37af6","2026-08-12T20:10:57Z","android_vivo_y19_termux","NATIVE_HARDWARE","aarch64","aarch64",8,3741,"Linux 4.14.186-g1003dc13e-dirty","clang","21.1.8 ","-O3 -march=armv8-a","mlkem-native","v1.2.0 (0ba906cb14b1c241476134d7403a811b382ca498)","ML-KEM-512","encapsulation",85,44846,3567616,True,""
"063b48d7-9312-4699-bfc6-efc5b17d6cdd","1cf4e8f3-f542-4c18-9b08-89f225d37af6","2026-08-12T20:10:57Z","android_vivo_y19_termux","NATIVE_HARDWARE","aarch64","aarch64",8,3741,"Linux 4.14.186-g1003dc13e-dirty","clang","21.1.8 ","-O3 -march=armv8-a","mlkem-native","v1.2.0 (0ba906cb14b1c241476134d7403a811b382ca498)","ML-KEM-512","decapsulation",85,52615,3567616,True,""
"063b48d7-9312-4699-bfc6-efc5b17d6cdd","1cf4e8f3-f542-4c18-9b08-89f225d37af6","2026-08-12T20:10:57Z","android_vivo_y19_termux","NATIVE_HARDWARE","aarch64","aarch64",8,3741,"Linux 4.14.186-g1003dc13e-dirty","clang","21.1.8 ","-O3 -march=armv8-a","mlkem-native","v1.2.0 (0ba906cb14b1c241476134d7403a811b382ca498)","ML-KEM-512","keygen",86,40231,3567616,True,""
"063b48d7-9312-4699-bfc6-efc5b17d6cdd","1cf4e8f3-f542-4c18-9b08-89f225d37af6","2026-08-12T20:10:57Z","android_vivo_y19_termux","NATIVE_HARDWARE","aarch64","aarch64",8,3741,"Linux 4.14.186-g1003dc13e-dirty","clang","21.1.8 ","-O3 -march=armv8-a","mlkem-native","v1.2.0 (0ba906cb14b1c241476134d7403a811b382ca498)","ML-KEM-512","encapsulation",86,44923,3567616,True,""
"063b48d7-9312-4699-bfc6-efc5b17d6cdd","1cf4e8f3-f542-4c18-9b08-89f225d37af6","2026-08-12T20:10:57Z","android_vivo_y19_termux","NATIVE_HARDWARE","aarch64","aarch64",8,3741,"Linux 4.14.186-g1003dc13e-dirty","clang","21.1.8 ","-O3 -march=armv8-a","mlkem-native","v1.2.0 (0ba906cb14b1c241476134d7403a811b382ca498)","ML-KEM-512","decapsulation",86,52615,3567616,True,""
"063b48d7-9312-4699-bfc6-efc5b17d6cdd","1cf4e8f3-f542-4c18-9b08-89f225d37af6","2026-08-12T20:10:57Z","android_vivo_y19_termux","NATIVE_HARDWARE","aarch64","aarch64",8,3741,"Linux 4.14.186-g1003dc13e-dirty","clang","21.1.8 ","-O3 -march=armv8-a","mlkem-native","v1.2.0 (0ba906cb14b1c241476134d7403a811b382ca498)","ML-KEM-512","keygen",87,40846,3567616,True,""
"063b48d7-9312-4699-bfc6-efc5b17d6cdd","1cf4e8f3-f542-4c18-9b08-89f225d37af6","2026-08-12T20:10:57Z","android_vivo_y19_termux","NATIVE_HARDWARE","aarch64","aarch64",8,3741,"Linux 4.14.186-g1003dc13e-dirty","clang","21.1.8 ","-O3 -march=armv8-a","mlkem-native","v1.2.0 (0ba906cb14b1c241476134d7403a811b382ca498)","ML-KEM-512","encapsulation",87,46846,3567616,True,""
"063b48d7-9312-4699-bfc6-efc5b17d6cdd","1cf4e8f3-f542-4c18-9b08-89f225d37af6","2026-08-12T20:10:57Z","android_vivo_y19_termux","NATIVE_HARDWARE","aarch64","aarch64",8,3741,"Linux 4.14.186-g1003dc13e-dirty","clang","21.1.8 ","-O3 -march=armv8-a","mlkem-native","v1.2.0 (0ba906cb14b1c241476134d7403a811b382ca498)","ML-KEM-512","decapsulation",87,54769,3567616,True,""
"063b48d7-9312-4699-bfc6-efc5b17d6cdd","1cf4e8f3-f542-4c18-9b08-89f225d37af6","2026-08-12T20:10:57Z","android_vivo_y19_termux","NATIVE_HARDWARE","aarch64","aarch64",8,3741,"Linux 4.14.186-g1003dc13e-dirty","clang","21.1.8 ","-O3 -march=armv8-a","mlkem-native","v1.2.0 (0ba906cb14b1c241476134d7403a811b382ca498)","ML-KEM-512","keygen",88,41462,3567616,True,""
"063b48d7-9312-4699-bfc6-efc5b17d6cdd","1cf4e8f3-f542-4c18-9b08-89f225d37af6","2026-08-12T20:10:57Z","android_vivo_y19_termux","NATIVE_HARDWARE","aarch64","aarch64",8,3741,"Linux 4.14.186-g1003dc13e-dirty","clang","21.1.8 ","-O3 -march=armv8-a","mlkem-native","v1.2.0 (0ba906cb14b1c241476134d7403a811b382ca498)","ML-KEM-512","encapsulation",88,45538,3567616,True,""
"063b48d7-9312-4699-bfc6-efc5b17d6cdd","1cf4e8f3-f542-4c18-9b08-89f225d37af6","2026-08-12T20:10:57Z","android_vivo_y19_termux","NATIVE_HARDWARE","aarch64","aarch64",8,3741,"Linux 4.14.186-g1003dc13e-dirty","clang","21.1.8 ","-O3 -march=armv8-a","mlkem-native","v1.2.0 (0ba906cb14b1c241476134d7403a811b382ca498)","ML-KEM-512","decapsulation",88,53231,3567616,True,""
"063b48d7-9312-4699-bfc6-efc5b17d6cdd","1cf4e8f3-f542-4c18-9b08-89f225d37af6","2026-08-12T20:10:57Z","android_vivo_y19_termux","NATIVE_HARDWARE","aarch64","aarch64",8,3741,"Linux 4.14.186-g1003dc13e-dirty","clang","21.1.8 ","-O3 -march=armv8-a","mlkem-native","v1.2.0 (0ba906cb14b1c241476134d7403a811b382ca498)","ML-KEM-512","keygen",89,40385,3567616,True,""
"063b48d7-9312-4699-bfc6-efc5b17d6cdd","1cf4e8f3-f542-4c18-9b08-89f225d37af6","2026-08-12T20:10:57Z","android_vivo_y19_termux","NATIVE_HARDWARE","aarch64","aarch64",8,3741,"Linux 4.14.186-g1003dc13e-dirty","clang","21.1.8 ","-O3 -march=armv8-a","mlkem-native","v1.2.0 (0ba906cb14b1c241476134d7403a811b382ca498)","ML-KEM-512","encapsulation",89,46077,3567616,True,""
"063b48d7-9312-4699-bfc6-efc5b17d6cdd","1cf4e8f3-f542-4c18-9b08-89f225d37af6","2026-08-12T20:10:57Z","android_vivo_y19_termux","NATIVE_HARDWARE","aarch64","aarch64",8,3741,"Linux 4.14.186-g1003dc13e-dirty","clang","21.1.8 ","-O3 -march=armv8-a","mlkem-native","v1.2.0 (0ba906cb14b1c241476134d7403a811b382ca498)","ML-KEM-512","decapsulation",89,53538,3567616,True,""
"063b48d7-9312-4699-bfc6-efc5b17d6cdd","1cf4e8f3-f542-4c18-9b08-89f225d37af6","2026-08-12T20:10:57Z","android_vivo_y19_termux","NATIVE_HARDWARE","aarch64","aarch64",8,3741,"Linux 4.14.186-g1003dc13e-dirty","clang","21.1.8 ","-O3 -march=armv8-a","mlkem-native","v1.2.0 (0ba906cb14b1c241476134d7403a811b382ca498)","ML-KEM-512","keygen",90,40616,3567616,True,""
"063b48d7-9312-4699-bfc6-efc5b17d6cdd","1cf4e8f3-f542-4c18-9b08-89f225d37af6","2026-08-12T20:10:57Z","android_vivo_y19_termux","NATIVE_HARDWARE","aarch64","aarch64",8,3741,"Linux 4.14.186-g1003dc13e-dirty","clang","21.1.8 ","-O3 -march=armv8-a","mlkem-native","v1.2.0 (0ba906cb14b1c241476134d7403a811b382ca498)","ML-KEM-512","encapsulation",90,45615,3567616,True,""
"063b48d7-9312-4699-bfc6-efc5b17d6cdd","1cf4e8f3-f542-4c18-9b08-89f225d37af6","2026-08-12T20:10:57Z","android_vivo_y19_termux","NATIVE_HARDWARE","aarch64","aarch64",8,3741,"Linux 4.14.186-g1003dc13e-dirty","clang","21.1.8 ","-O3 -march=armv8-a","mlkem-native","v1.2.0 (0ba906cb14b1c241476134d7403a811b382ca498)","ML-KEM-512","decapsulation",90,53231,3567616,True,""
"063b48d7-9312-4699-bfc6-efc5b17d6cdd","1cf4e8f3-f542-4c18-9b08-89f225d37af6","2026-08-12T20:10:57Z","android_vivo_y19_termux","NATIVE_HARDWARE","aarch64","aarch64",8,3741,"Linux 4.14.186-g1003dc13e-dirty","clang","21.1.8 ","-O3 -march=armv8-a","mlkem-native","v1.2.0 (0ba906cb14b1c241476134d7403a811b382ca498)","ML-KEM-512","keygen",91,41154,3567616,True,""
"063b48d7-9312-4699-bfc6-efc5b17d6cdd","1cf4e8f3-f542-4c18-9b08-89f225d37af6","2026-08-12T20:10:57Z","android_vivo_y19_termux","NATIVE_HARDWARE","aarch64","aarch64",8,3741,"Linux 4.14.186-g1003dc13e-dirty","clang","21.1.8 ","-O3 -march=armv8-a","mlkem-native","v1.2.0 (0ba906cb14b1c241476134d7403a811b382ca498)","ML-KEM-512","encapsulation",91,46462,3567616,True,""
"063b48d7-9312-4699-bfc6-efc5b17d6cdd","1cf4e8f3-f542-4c18-9b08-89f225d37af6","2026-08-12T20:10:57Z","android_vivo_y19_termux","NATIVE_HARDWARE","aarch64","aarch64",8,3741,"Linux 4.14.186-g1003dc13e-dirty","clang","21.1.8 ","-O3 -march=armv8-a","mlkem-native","v1.2.0 (0ba906cb14b1c241476134d7403a811b382ca498)","ML-KEM-512","decapsulation",91,53615,3567616,True,""
"063b48d7-9312-4699-bfc6-efc5b17d6cdd","1cf4e8f3-f542-4c18-9b08-89f225d37af6","2026-08-12T20:10:57Z","android_vivo_y19_termux","NATIVE_HARDWARE","aarch64","aarch64",8,3741,"Linux 4.14.186-g1003dc13e-dirty","clang","21.1.8 ","-O3 -march=armv8-a","mlkem-native","v1.2.0 (0ba906cb14b1c241476134d7403a811b382ca498)","ML-KEM-512","keygen",92,40692,3567616,True,""
"063b48d7-9312-4699-bfc6-efc5b17d6cdd","1cf4e8f3-f542-4c18-9b08-89f225d37af6","2026-08-12T20:10:57Z","android_vivo_y19_termux","NATIVE_HARDWARE","aarch64","aarch64",8,3741,"Linux 4.14.186-g1003dc13e-dirty","clang","21.1.8 ","-O3 -march=armv8-a","mlkem-native","v1.2.0 (0ba906cb14b1c241476134d7403a811b382ca498)","ML-KEM-512","encapsulation",92,45538,3567616,True,""
"063b48d7-9312-4699-bfc6-efc5b17d6cdd","1cf4e8f3-f542-4c18-9b08-89f225d37af6","2026-08-12T20:10:57Z","android_vivo_y19_termux","NATIVE_HARDWARE","aarch64","aarch64",8,3741,"Linux 4.14.186-g1003dc13e-dirty","clang","21.1.8 ","-O3 -march=armv8-a","mlkem-native","v1.2.0 (0ba906cb14b1c241476134d7403a811b382ca498)","ML-KEM-512","decapsulation",92,52923,3567616,True,""
"063b48d7-9312-4699-bfc6-efc5b17d6cdd","1cf4e8f3-f542-4c18-9b08-89f225d37af6","2026-08-12T20:10:57Z","android_vivo_y19_termux","NATIVE_HARDWARE","aarch64","aarch64",8,3741,"Linux 4.14.186-g1003dc13e-dirty","clang","21.1.8 ","-O3 -march=armv8-a","mlkem-native","v1.2.0 (0ba906cb14b1c241476134d7403a811b382ca498)","ML-KEM-512","keygen",93,40077,3567616,True,""
"063b48d7-9312-4699-bfc6-efc5b17d6cdd","1cf4e8f3-f542-4c18-9b08-89f225d37af6","2026-08-12T20:10:57Z","android_vivo_y19_termux","NATIVE_HARDWARE","aarch64","aarch64",8,3741,"Linux 4.14.186-g1003dc13e-dirty","clang","21.1.8 ","-O3 -march=armv8-a","mlkem-native","v1.2.0 (0ba906cb14b1c241476134d7403a811b382ca498)","ML-KEM-512","encapsulation",93,44923,3567616,True,""
"063b48d7-9312-4699-bfc6-efc5b17d6cdd","1cf4e8f3-f542-4c18-9b08-89f225d37af6","2026-08-12T20:10:57Z","android_vivo_y19_termux","NATIVE_HARDWARE","aarch64","aarch64",8,3741,"Linux 4.14.186-g1003dc13e-dirty","clang","21.1.8 ","-O3 -march=armv8-a","mlkem-native","v1.2.0 (0ba906cb14b1c241476134d7403a811b382ca498)","ML-KEM-512","decapsulation",93,52615,3567616,True,""
"063b48d7-9312-4699-bfc6-efc5b17d6cdd","1cf4e8f3-f542-4c18-9b08-89f225d37af6","2026-08-12T20:10:57Z","android_vivo_y19_termux","NATIVE_HARDWARE","aarch64","aarch64",8,3741,"Linux 4.14.186-g1003dc13e-dirty","clang","21.1.8 ","-O3 -march=armv8-a","mlkem-native","v1.2.0 (0ba906cb14b1c241476134d7403a811b382ca498)","ML-KEM-512","keygen",94,40615,3567616,True,""
"063b48d7-9312-4699-bfc6-efc5b17d6cdd","1cf4e8f3-f542-4c18-9b08-89f225d37af6","2026-08-12T20:10:57Z","android_vivo_y19_termux","NATIVE_HARDWARE","aarch64","aarch64",8,3741,"Linux 4.14.186-g1003dc13e-dirty","clang","21.1.8 ","-O3 -march=armv8-a","mlkem-native","v1.2.0 (0ba906cb14b1c241476134d7403a811b382ca498)","ML-KEM-512","encapsulation",94,45769,3567616,True,""
"063b48d7-9312-4699-bfc6-efc5b17d6cdd","1cf4e8f3-f542-4c18-9b08-89f225d37af6","2026-08-12T20:10:57Z","android_vivo_y19_termux","NATIVE_HARDWARE","aarch64","aarch64",8,3741,"Linux 4.14.186-g1003dc13e-dirty","clang","21.1.8 ","-O3 -march=armv8-a","mlkem-native","v1.2.0 (0ba906cb14b1c241476134d7403a811b382ca498)","ML-KEM-512","decapsulation",94,53847,3567616,True,""
"063b48d7-9312-4699-bfc6-efc5b17d6cdd","1cf4e8f3-f542-4c18-9b08-89f225d37af6","2026-08-12T20:10:57Z","android_vivo_y19_termux","NATIVE_HARDWARE","aarch64","aarch64",8,3741,"Linux 4.14.186-g1003dc13e-dirty","clang","21.1.8 ","-O3 -march=armv8-a","mlkem-native","v1.2.0 (0ba906cb14b1c241476134d7403a811b382ca498)","ML-KEM-512","keygen",95,40692,3567616,True,""
"063b48d7-9312-4699-bfc6-efc5b17d6cdd","1cf4e8f3-f542-4c18-9b08-89f225d37af6","2026-08-12T20:10:57Z","android_vivo_y19_termux","NATIVE_HARDWARE","aarch64","aarch64",8,3741,"Linux 4.14.186-g1003dc13e-dirty","clang","21.1.8 ","-O3 -march=armv8-a","mlkem-native","v1.2.0 (0ba906cb14b1c241476134d7403a811b382ca498)","ML-KEM-512","encapsulation",95,45231,3567616,True,""
"063b48d7-9312-4699-bfc6-efc5b17d6cdd","1cf4e8f3-f542-4c18-9b08-89f225d37af6","2026-08-12T20:10:57Z","android_vivo_y19_termux","NATIVE_HARDWARE","aarch64","aarch64",8,3741,"Linux 4.14.186-g1003dc13e-dirty","clang","21.1.8 ","-O3 -march=armv8-a","mlkem-native","v1.2.0 (0ba906cb14b1c241476134d7403a811b382ca498)","ML-KEM-512","decapsulation",95,52923,3567616,True,""
"063b48d7-9312-4699-bfc6-efc5b17d6cdd","1cf4e8f3-f542-4c18-9b08-89f225d37af6","2026-08-12T20:10:57Z","android_vivo_y19_termux","NATIVE_HARDWARE","aarch64","aarch64",8,3741,"Linux 4.14.186-g1003dc13e-dirty","clang","21.1.8 ","-O3 -march=armv8-a","mlkem-native","v1.2.0 (0ba906cb14b1c241476134d7403a811b382ca498)","ML-KEM-512","keygen",96,40846,3567616,True,""
"063b48d7-9312-4699-bfc6-efc5b17d6cdd","1cf4e8f3-f542-4c18-9b08-89f225d37af6","2026-08-12T20:10:57Z","android_vivo_y19_termux","NATIVE_HARDWARE","aarch64","aarch64",8,3741,"Linux 4.14.186-g1003dc13e-dirty","clang","21.1.8 ","-O3 -march=armv8-a","mlkem-native","v1.2.0 (0ba906cb14b1c241476134d7403a811b382ca498)","ML-KEM-512","encapsulation",96,45307,3567616,True,""
"063b48d7-9312-4699-bfc6-efc5b17d6cdd","1cf4e8f3-f542-4c18-9b08-89f225d37af6","2026-08-12T20:10:57Z","android_vivo_y19_termux","NATIVE_HARDWARE","aarch64","aarch64",8,3741,"Linux 4.14.186-g1003dc13e-dirty","clang","21.1.8 ","-O3 -march=armv8-a","mlkem-native","v1.2.0 (0ba906cb14b1c241476134d7403a811b382ca498)","ML-KEM-512","decapsulation",96,53461,3567616,True,""
"063b48d7-9312-4699-bfc6-efc5b17d6cdd","1cf4e8f3-f542-4c18-9b08-89f225d37af6","2026-08-12T20:10:57Z","android_vivo_y19_termux","NATIVE_HARDWARE","aarch64","aarch64",8,3741,"Linux 4.14.186-g1003dc13e-dirty","clang","21.1.8 ","-O3 -march=armv8-a","mlkem-native","v1.2.0 (0ba906cb14b1c241476134d7403a811b382ca498)","ML-KEM-512","keygen",97,40538,3567616,True,""
"063b48d7-9312-4699-bfc6-efc5b17d6cdd","1cf4e8f3-f542-4c18-9b08-89f225d37af6","2026-08-12T20:10:57Z","android_vivo_y19_termux","NATIVE_HARDWARE","aarch64","aarch64",8,3741,"Linux 4.14.186-g1003dc13e-dirty","clang","21.1.8 ","-O3 -march=armv8-a","mlkem-native","v1.2.0 (0ba906cb14b1c241476134d7403a811b382ca498)","ML-KEM-512","encapsulation",97,45615,3567616,True,""
"063b48d7-9312-4699-bfc6-efc5b17d6cdd","1cf4e8f3-f542-4c18-9b08-89f225d37af6","2026-08-12T20:10:57Z","android_vivo_y19_termux","NATIVE_HARDWARE","aarch64","aarch64",8,3741,"Linux 4.14.186-g1003dc13e-dirty","clang","21.1.8 ","-O3 -march=armv8-a","mlkem-native","v1.2.0 (0ba906cb14b1c241476134d7403a811b382ca498)","ML-KEM-512","decapsulation",97,52923,3567616,True,""
"063b48d7-9312-4699-bfc6-efc5b17d6cdd","1cf4e8f3-f542-4c18-9b08-89f225d37af6","2026-08-12T20:10:57Z","android_vivo_y19_termux","NATIVE_HARDWARE","aarch64","aarch64",8,3741,"Linux 4.14.186-g1003dc13e-dirty","clang","21.1.8 ","-O3 -march=armv8-a","mlkem-native","v1.2.0 (0ba906cb14b1c241476134d7403a811b382ca498)","ML-KEM-512","keygen",98,40384,3567616,True,""
"063b48d7-9312-4699-bfc6-efc5b17d6cdd","1cf4e8f3-f542-4c18-9b08-89f225d37af6","2026-08-12T20:10:57Z","android_vivo_y19_termux","NATIVE_HARDWARE","aarch64","aarch64",8,3741,"Linux 4.14.186-g1003dc13e-dirty","clang","21.1.8 ","-O3 -march=armv8-a","mlkem-native","v1.2.0 (0ba906cb14b1c241476134d7403a811b382ca498)","ML-KEM-512","encapsulation",98,45231,3567616,True,""
"063b48d7-9312-4699-bfc6-efc5b17d6cdd","1cf4e8f3-f542-4c18-9b08-89f225d37af6","2026-08-12T20:10:57Z","android_vivo_y19_termux","NATIVE_HARDWARE","aarch64","aarch64",8,3741,"Linux 4.14.186-g1003dc13e-dirty","clang","21.1.8 ","-O3 -march=armv8-a","mlkem-native","v1.2.0 (0ba906cb14b1c241476134d7403a811b382ca498)","ML-KEM-512","decapsulation",98,53615,3567616,True,""
"063b48d7-9312-4699-bfc6-efc5b17d6cdd","1cf4e8f3-f542-4c18-9b08-89f225d37af6","2026-08-12T20:10:57Z","android_vivo_y19_termux","NATIVE_HARDWARE","aarch64","aarch64",8,3741,"Linux 4.14.186-g1003dc13e-dirty","clang","21.1.8 ","-O3 -march=armv8-a","mlkem-native","v1.2.0 (0ba906cb14b1c241476134d7403a811b382ca498)","ML-KEM-512","keygen",99,41154,3567616,True,""
"063b48d7-9312-4699-bfc6-efc5b17d6cdd","1cf4e8f3-f542-4c18-9b08-89f225d37af6","2026-08-12T20:10:57Z","android_vivo_y19_termux","NATIVE_HARDWARE","aarch64","aarch64",8,3741,"Linux 4.14.186-g1003dc13e-dirty","clang","21.1.8 ","-O3 -march=armv8-a","mlkem-native","v1.2.0 (0ba906cb14b1c241476134d7403a811b382ca498)","ML-KEM-512","encapsulation",99,44924,3567616,True,""
"063b48d7-9312-4699-bfc6-efc5b17d6cdd","1cf4e8f3-f542-4c18-9b08-89f225d37af6","2026-08-12T20:10:57Z","android_vivo_y19_termux","NATIVE_HARDWARE","aarch64","aarch64",8,3741,"Linux 4.14.186-g1003dc13e-dirty","clang","21.1.8 ","-O3 -march=armv8-a","mlkem-native","v1.2.0 (0ba906cb14b1c241476134d7403a811b382ca498)","ML-KEM-512","decapsulation",99,52384,3567616,True,""
"063b48d7-9312-4699-bfc6-efc5b17d6cdd","1cf4e8f3-f542-4c18-9b08-89f225d37af6","2026-08-12T20:10:57Z","android_vivo_y19_termux","NATIVE_HARDWARE","aarch64","aarch64",8,3741,"Linux 4.14.186-g1003dc13e-dirty","clang","21.1.8 ","-O3 -march=armv8-a","mlkem-native","v1.2.0 (0ba906cb14b1c241476134d7403a811b382ca498)","ML-KEM-512","keygen",100,40616,3567616,True,""
"063b48d7-9312-4699-bfc6-efc5b17d6cdd","1cf4e8f3-f542-4c18-9b08-89f225d37af6","2026-08-12T20:10:57Z","android_vivo_y19_termux","NATIVE_HARDWARE","aarch64","aarch64",8,3741,"Linux 4.14.186-g1003dc13e-dirty","clang","21.1.8 ","-O3 -march=armv8-a","mlkem-native","v1.2.0 (0ba906cb14b1c241476134d7403a811b382ca498)","ML-KEM-512","encapsulation",100,45846,3567616,True,""
"063b48d7-9312-4699-bfc6-efc5b17d6cdd","1cf4e8f3-f542-4c18-9b08-89f225d37af6","2026-08-12T20:10:57Z","android_vivo_y19_termux","NATIVE_HARDWARE","aarch64","aarch64",8,3741,"Linux 4.14.186-g1003dc13e-dirty","clang","21.1.8 ","-O3 -march=armv8-a","mlkem-native","v1.2.0 (0ba906cb14b1c241476134d7403a811b382ca498)","ML-KEM-512","decapsulation",100,53769,3567616,True,""
