experiment_id,run_id,timestamp,environment,measurement_type,architecture,processor,cpu_cores,ram_mb,os,compiler,compiler_version,optimization_flags,implementation,implementation_version,mlkem_variant,operation,iteration,execution_time_ns,memory_bytes,success,error_message
"74b24b04-e82c-4473-afab-2b49cf13e703","9ed9e956-6b76-4aa6-bc5b-2d9eeb8d5d4d","2026-08-12T20:11:05Z","android_vivo_y19_termux","NATIVE_HARDWARE","aarch64","aarch64",8,3741,"Linux 4.14.186-g1003dc13e-dirty","clang","21.1.8 ","-O3 -march=armv8-a","mlkem-native","v1.2.0 (0ba906cb14b1c241476134d7403a811b382ca498)","ML-KEM-768","keygen",1,223154,3710976,True,""
"74b24b04-e82c-4473-afab-2b49cf13e703","9ed9e956-6b76-4aa6-bc5b-2d9eeb8d5d4d","2026-08-12T20:11:05Z","android_vivo_y19_termux","NATIVE_HARDWARE","aarch64","aarch64",8,3741,"Linux 4.14.186-g1003dc13e-dirty","clang","21.1.8 ","-O3 -march=armv8-a","mlkem-native","v1.2.0 (0ba906cb14b1c241476134d7403a811b382ca498)","ML-KEM-768","encapsulation",1,223384,3710976,True,""
"74b24b04-e82c-4473-afab-2b49cf13e703","9ed9e956-6b76-4aa6-bc5b-2d9eeb8d5d4d","2026-08-12T20:11:05Z","android_vivo_y19_termux","NATIVE_HARDWARE","aarch64","aarch64",8,3741,"Linux 4.14.186-g1003dc13e-dirty","clang","21.1.8 ","-O3 -march=armv8-a","mlkem-native","v1.2.0 (0ba906cb14b1c241476134d7403a811b382ca498)","ML-KEM-768","decapsulation",1,251384,3710976,True,""
"74b24b04-e82c-4473-afab-2b49cf13e703","9ed9e956-6b76-4aa6-bc5b-2d9eeb8d5d4d","2026-08-12T20:11:05Z","android_vivo_y19_termux","NATIVE_HARDWARE","aarch64","aarch64",8,3741,"Linux 4.14.186-g1003dc13e-dirty","clang","21.1.8 ","-O3 -march=armv8-a","mlkem-native","v1.2.0 (0ba906cb14b1c241476134d7403a811b382ca498)","ML-KEM-768","keygen",2,174230,3710976,True,""
"74b24b04-e82c-4473-afab-2b49cf13e703","9ed9e956-6b76-4aa6-bc5b-2d9eeb8d5d4d","2026-08-12T20:11:05Z","android_vivo_y19_termux","NATIVE_HARDWARE","aarch64","aarch64",8,3741,"Linux 4.14.186-g1003dc13e-dirty","clang","21.1.8 ","-O3 -march=armv8-a","mlkem-native","v1.2.0 (0ba906cb14b1c241476134d7403a811b382ca498)","ML-KEM-768","encapsulation",2,192923,3710976,True,""
"74b24b04-e82c-4473-afab-2b49cf13e703","9ed9e956-6b76-4aa6-bc5b-2d9eeb8d5d4d","2026-08-12T20:11:05Z","android_vivo_y19_termux","NATIVE_HARDWARE","aarch64","aarch64",8,3741,"Linux 4.14.186-g1003dc13e-dirty","clang","21.1.8 ","-O3 -march=armv8-a","mlkem-native","v1.2.0 (0ba906cb14b1c241476134d7403a811b382ca498)","ML-KEM-768","decapsulation",2,227000,3710976,True,""
"74b24b04-e82c-4473-afab-2b49cf13e703","9ed9e956-6b76-4aa6-bc5b-2d9eeb8d5d4d","2026-08-12T20:11:05Z","android_vivo_y19_termux","NATIVE_HARDWARE","aarch64","aarch64",8,3741,"Linux 4.14.186-g1003dc13e-dirty","clang","21.1.8 ","-O3 -march=armv8-a","mlkem-native","v1.2.0 (0ba906cb14b1c241476134d7403a811b382ca498)","ML-KEM-768","keygen",3,171693,3710976,True,""
"74b24b04-e82c-4473-afab-2b49cf13e703","9ed9e956-6b76-4aa6-bc5b-2d9eeb8d5d4d","2026-08-12T20:11:05Z","android_vivo_y19_termux","NATIVE_HARDWARE","aarch64","aarch64",8,3741,"Linux 4.14.186-g1003dc13e-dirty","clang","21.1.8 ","-O3 -march=armv8-a","mlkem-native","v1.2.0 (0ba906cb14b1c241476134d7403a811b382ca498)","ML-KEM-768","encapsulation",3,192615,3710976,True,""
"74b24b04-e82c-4473-afab-2b49cf13e703","9ed9e956-6b76-4aa6-bc5b-2d9eeb8d5d4d","2026-08-12T20:11:05Z","android_vivo_y19_termux","NATIVE_HARDWARE","aarch64","aarch64",8,3741,"Linux 4.14.186-g1003dc13e-dirty","clang","21.1.8 ","-O3 -march=armv8-a","mlkem-native","v1.2.0 (0ba906cb14b1c241476134d7403a811b382ca498)","ML-KEM-768","decapsulation",3,225231,3710976,True,""
"74b24b04-e82c-4473-afab-2b49cf13e703","9ed9e956-6b76-4aa6-bc5b-2d9eeb8d5d4d","2026-08-12T20:11:05Z","android_vivo_y19_termux","NATIVE_HARDWARE","aarch64","aarch64",8,3741,"Linux 4.14.186-g1003dc13e-dirty","clang","21.1.8 ","-O3 -march=armv8-a","mlkem-native","v1.2.0 (0ba906cb14b1c241476134d7403a811b382ca498)","ML-KEM-768","keygen",4,172923,3710976,True,""
"74b24b04-e82c-4473-afab-2b49cf13e703","9ed9e956-6b76-4aa6-bc5b-2d9eeb8d5d4d","2026-08-12T20:11:05Z","android_vivo_y19_termux","NATIVE_HARDWARE","aarch64","aarch64",8,3741,"Linux 4.14.186-g1003dc13e-dirty","clang","21.1.8 ","-O3 -march=armv8-a","mlkem-native","v1.2.0 (0ba906cb14b1c241476134d7403a811b382ca498)","ML-KEM-768","encapsulation",4,192615,3710976,True,""
"74b24b04-e82c-4473-afab-2b49cf13e703","9ed9e956-6b76-4aa6-bc5b-2d9eeb8d5d4d","2026-08-12T20:11:05Z","android_vivo_y19_termux","NATIVE_HARDWARE","aarch64","aarch64",8,3741,"Linux 4.14.186-g1003dc13e-dirty","clang","21.1.8 ","-O3 -march=armv8-a","mlkem-native","v1.2.0 (0ba906cb14b1c241476134d7403a811b382ca498)","ML-KEM-768","decapsulation",4,228230,3710976,True,""
"74b24b04-e82c-4473-afab-2b49cf13e703","9ed9e956-6b76-4aa6-bc5b-2d9eeb8d5d4d","2026-08-12T20:11:05Z","android_vivo_y19_termux","NATIVE_HARDWARE","aarch64","aarch64",8,3741,"Linux 4.14.186-g1003dc13e-dirty","clang","21.1.8 ","-O3 -march=armv8-a","mlkem-native","v1.2.0 (0ba906cb14b1c241476134d7403a811b382ca498)","ML-KEM-768","keygen",5,171077,3710976,True,""
"74b24b04-e82c-4473-afab-2b49cf13e703","9ed9e956-6b76-4aa6-bc5b-2d9eeb8d5d4d","2026-08-12T20:11:05Z","android_vivo_y19_termux","NATIVE_HARDWARE","aarch64","aarch64",8,3741,"Linux 4.14.186-g1003dc13e-dirty","clang","21.1.8 ","-O3 -march=armv8-a","mlkem-native","v1.2.0 (0ba906cb14b1c241476134d7403a811b382ca498)","ML-KEM-768","encapsulation",5,191693,3710976,True,""
"74b24b04-e82c-4473-afab-2b49cf13e703","9ed9e956-6b76-4aa6-bc5b-2d9eeb8d5d4d","2026-08-12T20:11:05Z","android_vivo_y19_termux","NATIVE_HARDWARE","aarch64","aarch64",8,3741,"Linux 4.14.186-g1003dc13e-dirty","clang","21.1.8 ","-O3 -march=armv8-a","mlkem-native","v1.2.0 (0ba906cb14b1c241476134d7403a811b382ca498)","ML-KEM-768","decapsulation",5,224692,3710976,True,""
"74b24b04-e82c-4473-afab-2b49cf13e703","9ed9e956-6b76-4aa6-bc5b-2d9eeb8d5d4d","2026-08-12T20:11:05Z","android_vivo_y19_termux","NATIVE_HARDWARE","aarch64","aarch64",8,3741,"Linux 4.14.186-g1003dc13e-dirty","clang","21.1.8 ","-O3 -march=armv8-a","mlkem-native","v1.2.0 (0ba906cb14b1c241476134d7403a811b382ca498)","ML-KEM-768","keygen",6,173153,3710976,True,""
"74b24b04-e82c-4473-afab-2b49cf13e703","9ed9e956-6b76-4aa6-bc5b-2d9eeb8d5d4d","2026-08-12T20:11:05Z","android_vivo_y19_termux","NATIVE_HARDWARE","aarch64","aarch64",8,3741,"Linux 4.14.186-g1003dc13e-dirty","clang","21.1.8 ","-O3 -march=armv8-a","mlkem-native","v1.2.0 (0ba906cb14b1c241476134d7403a811b382ca498)","ML-KEM-768","encapsulation",6,192000,3710976,True,""
"74b24b04-e82c-4473-afab-2b49cf13e703","9ed9e956-6b76-4aa6-bc5b-2d9eeb8d5d4d","2026-08-12T20:11:05Z","android_vivo_y19_termux","NATIVE_HARDWARE","aarch64","aarch64",8,3741,"Linux 4.14.186-g1003dc13e-dirty","clang","21.1.8 ","-O3 -march=armv8-a","mlkem-native","v1.2.0 (0ba906cb14b1c241476134d7403a811b382ca498)","ML-KEM-768","decapsulation",6,224384,3710976,True,""
"74b24b04-e82c-4473-afab-2b49cf13e703","9ed9e956-6b76-4aa6-bc5b-2d9eeb8d5d4d","2026-08-12T20:11:05Z","android_vivo_y19_termux","NATIVE_HARDWARE","aarch64","aarch64",8,3741,"Linux 4.14.186-g1003dc13e-dirty","clang","21.1.8 ","-O3 -march=armv8-a","mlkem-native","v1.2.0 (0ba906cb14b1c241476134d7403a811b382ca498)","ML-KEM-768","keygen",7,171461,3710976,True,""
"74b24b04-e82c-4473-afab-2b49cf13e703","9ed9e956-6b76-4aa6-bc5b-2d9eeb8d5d4d","2026-08-12T20:11:05Z","android_vivo_y19_termux","NATIVE_HARDWARE","aarch64","aarch64",8,3741,"Linux 4.14.186-g1003dc13e-dirty","clang","21.1.8 ","-O3 -march=armv8-a","mlkem-native","v1.2.0 (0ba906cb14b1c241476134d7403a811b382ca498)","ML-KEM-768","encapsulation",7,192077,3710976,True,""
"74b24b04-e82c-4473-afab-2b49cf13e703","9ed9e956-6b76-4aa6-bc5b-2d9eeb8d5d4d","2026-08-12T20:11:05Z","android_vivo_y19_termux","NATIVE_HARDWARE","aarch64","aarch64",8,3741,"Linux 4.14.186-g1003dc13e-dirty","clang","21.1.8 ","-O3 -march=armv8-a","mlkem-native","v1.2.0 (0ba906cb14b1c241476134d7403a811b382ca498)","ML-KEM-768","decapsulation",7,224692,3710976,True,""
"74b24b04-e82c-4473-afab-2b49cf13e703","9ed9e956-6b76-4aa6-bc5b-2d9eeb8d5d4d","2026-08-12T20:11:05Z","android_vivo_y19_termux","NATIVE_HARDWARE","aarch64","aarch64",8,3741,"Linux 4.14.186-g1003dc13e-dirty","clang","21.1.8 ","-O3 -march=armv8-a","mlkem-native","v1.2.0 (0ba906cb14b1c241476134d7403a811b382ca498)","ML-KEM-768","keygen",8,171923,3710976,True,""
"74b24b04-e82c-4473-afab-2b49cf13e703","9ed9e956-6b76-4aa6-bc5b-2d9eeb8d5d4d","2026-08-12T20:11:05Z","android_vivo_y19_termux","NATIVE_HARDWARE","aarch64","aarch64",8,3741,"Linux 4.14.186-g1003dc13e-dirty","clang","21.1.8 ","-O3 -march=armv8-a","mlkem-native","v1.2.0 (0ba906cb14b1c241476134d7403a811b382ca498)","ML-KEM-768","encapsulation",8,191384,3710976,True,""
"74b24b04-e82c-4473-afab-2b49cf13e703","9ed9e956-6b76-4aa6-bc5b-2d9eeb8d5d4d","2026-08-12T20:11:05Z","android_vivo_y19_termux","NATIVE_HARDWARE","aarch64","aarch64",8,3741,"Linux 4.14.186-g1003dc13e-dirty","clang","21.1.8 ","-O3 -march=armv8-a","mlkem-native","v1.2.0 (0ba906cb14b1c241476134d7403a811b382ca498)","ML-KEM-768","decapsulation",8,224385,3710976,True,""
"74b24b04-e82c-4473-afab-2b49cf13e703","9ed9e956-6b76-4aa6-bc5b-2d9eeb8d5d4d","2026-08-12T20:11:05Z","android_vivo_y19_termux","NATIVE_HARDWARE","aarch64","aarch64",8,3741,"Linux 4.14.186-g1003dc13e-dirty","clang","21.1.8 ","-O3 -march=armv8-a","mlkem-native","v1.2.0 (0ba906cb14b1c241476134d7403a811b382ca498)","ML-KEM-768","keygen",9,172308,3710976,True,""
"74b24b04-e82c-4473-afab-2b49cf13e703","9ed9e956-6b76-4aa6-bc5b-2d9eeb8d5d4d","2026-08-12T20:11:05Z","android_vivo_y19_termux","NATIVE_HARDWARE","aarch64","aarch64",8,3741,"Linux 4.14.186-g1003dc13e-dirty","clang","21.1.8 ","-O3 -march=armv8-a","mlkem-native","v1.2.0 (0ba906cb14b1c241476134d7403a811b382ca498)","ML-KEM-768","encapsulation",9,191692,3710976,True,""
"74b24b04-e82c-4473-afab-2b49cf13e703","9ed9e956-6b76-4aa6-bc5b-2d9eeb8d5d4d","2026-08-12T20:11:05Z","android_vivo_y19_termux","NATIVE_HARDWARE","aarch64","aarch64",8,3741,"Linux 4.14.186-g1003dc13e-dirty","clang","21.1.8 ","-O3 -march=armv8-a","mlkem-native","v1.2.0 (0ba906cb14b1c241476134d7403a811b382ca498)","ML-KEM-768","decapsulation",9,224616,3710976,True,""
"74b24b04-e82c-4473-afab-2b49cf13e703","9ed9e956-6b76-4aa6-bc5b-2d9eeb8d5d4d","2026-08-12T20:11:05Z","android_vivo_y19_termux","NATIVE_HARDWARE","aarch64","aarch64",8,3741,"Linux 4.14.186-g1003dc13e-dirty","clang","21.1.8 ","-O3 -march=armv8-a","mlkem-native","v1.2.0 (0ba906cb14b1c241476134d7403a811b382ca498)","ML-KEM-768","keygen",10,172000,3710976,True,""
"74b24b04-e82c-4473-afab-2b49cf13e703","9ed9e956-6b76-4aa6-bc5b-2d9eeb8d5d4d","2026-08-12T20:11:05Z","android_vivo_y19_termux","NATIVE_HARDWARE","aarch64","aarch64",8,3741,"Linux 4.14.186-g1003dc13e-dirty","clang","21.1.8 ","-O3 -march=armv8-a","mlkem-native","v1.2.0 (0ba906cb14b1c241476134d7403a811b382ca498)","ML-KEM-768","encapsulation",10,245000,3710976,True,""
"74b24b04-e82c-4473-afab-2b49cf13e703","9ed9e956-6b76-4aa6-bc5b-2d9eeb8d5d4d","2026-08-12T20:11:05Z","android_vivo_y19_termux","NATIVE_HARDWARE","aarch64","aarch64",8,3741,"Linux 4.14.186-g1003dc13e-dirty","clang","21.1.8 ","-O3 -march=armv8-a","mlkem-native","v1.2.0 (0ba906cb14b1c241476134d7403a811b382ca498)","ML-KEM-768","decapsulation",10,224692,3710976,True,""
"74b24b04-e82c-4473-afab-2b49cf13e703","9ed9e956-6b76-4aa6-bc5b-2d9eeb8d5d4d","2026-08-12T20:11:05Z","android_vivo_y19_termux","NATIVE_HARDWARE","aarch64","aarch64",8,3741,"Linux 4.14.186-g1003dc13e-dirty","clang","21.1.8 ","-O3 -march=armv8-a","mlkem-native","v1.2.0 (0ba906cb14b1c241476134d7403a811b382ca498)","ML-KEM-768","keygen",11,171692,3710976,True,""
"74b24b04-e82c-4473-afab-2b49cf13e703","9ed9e956-6b76-4aa6-bc5b-2d9eeb8d5d4d","2026-08-12T20:11:05Z","android_vivo_y19_termux","NATIVE_HARDWARE","aarch64","aarch64",8,3741,"Linux 4.14.186-g1003dc13e-dirty","clang","21.1.8 ","-O3 -march=armv8-a","mlkem-native","v1.2.0 (0ba906cb14b1c241476134d7403a811b382ca498)","ML-KEM-768","encapsulation",11,191923,3710976,True,""
"74b24b04-e82c-4473-afab-2b49cf13e703","9ed9e956-6b76-4aa6-bc5b-2d9eeb8d5d4d","2026-08-12T20:11:05Z","android_vivo_y19_termux","NATIVE_HARDWARE","aarch64","aarch64",8,3741,"Linux 4.14.186-g1003dc13e-dirty","clang","21.1.8 ","-O3 -march=armv8-a","mlkem-native","v1.2.0 (0ba906cb14b1c241476134d7403a811b382ca498)","ML-KEM-768","decapsulation",11,225000,3710976,True,""
"74b24b04-e82c-4473-afab-2b49cf13e703","9ed9e956-6b76-4aa6-bc5b-2d9eeb8d5d4d","2026-08-12T20:11:05Z","android_vivo_y19_termux","NATIVE_HARDWARE","aarch64","aarch64",8,3741,"Linux 4.14.186-g1003dc13e-dirty","clang","21.1.8 ","-O3 -march=armv8-a","mlkem-native","v1.2.0 (0ba906cb14b1c241476134d7403a811b382ca498)","ML-KEM-768","keygen",12,172231,3710976,True,""
"74b24b04-e82c-4473-afab-2b49cf13e703","9ed9e956-6b76-4aa6-bc5b-2d9eeb8d5d4d","2026-08-12T20:11:05Z","android_vivo_y19_termux","NATIVE_HARDWARE","aarch64","aarch64",8,3741,"Linux 4.14.186-g1003dc13e-dirty","clang","21.1.8 ","-O3 -march=armv8-a","mlkem-native","v1.2.0 (0ba906cb14b1c241476134d7403a811b382ca498)","ML-KEM-768","encapsulation",12,191692,3710976,True,""
"74b24b04-e82c-4473-afab-2b49cf13e703","9ed9e956-6b76-4aa6-bc5b-2d9eeb8d5d4d","2026-08-12T20:11:05Z","android_vivo_y19_termux","NATIVE_HARDWARE","aarch64","aarch64",8,3741,"Linux 4.14.186-g1003dc13e-dirty","clang","21.1.8 ","-O3 -march=armv8-a","mlkem-native","v1.2.0 (0ba906cb14b1c241476134d7403a811b382ca498)","ML-KEM-768","decapsulation",12,225153,3710976,True,""
"74b24b04-e82c-4473-afab-2b49cf13e703","9ed9e956-6b76-4aa6-bc5b-2d9eeb8d5d4d","2026-08-12T20:11:05Z","android_vivo_y19_termux","NATIVE_HARDWARE","aarch64","aarch64",8,3741,"Linux 4.14.186-g1003dc13e-dirty","clang","21.1.8 ","-O3 -march=armv8-a","mlkem-native","v1.2.0 (0ba906cb14b1c241476134d7403a811b382ca498)","ML-KEM-768","keygen",13,172000,3710976,True,""
"74b24b04-e82c-4473-afab-2b49cf13e703","9ed9e956-6b76-4aa6-bc5b-2d9eeb8d5d4d","2026-08-12T20:11:05Z","android_vivo_y19_termux","NATIVE_HARDWARE","aarch64","aarch64",8,3741,"Linux 4.14.186-g1003dc13e-dirty","clang","21.1.8 ","-O3 -march=armv8-a","mlkem-native","v1.2.0 (0ba906cb14b1c241476134d7403a811b382ca498)","ML-KEM-768","encapsulation",13,191308,3710976,True,""
"74b24b04-e82c-4473-afab-2b49cf13e703","9ed9e956-6b76-4aa6-bc5b-2d9eeb8d5d4d","2026-08-12T20:11:05Z","android_vivo_y19_termux","NATIVE_HARDWARE","aarch64","aarch64",8,3741,"Linux 4.14.186-g1003dc13e-dirty","clang","21.1.8 ","-O3 -march=armv8-a","mlkem-native","v1.2.0 (0ba906cb14b1c241476134d7403a811b382ca498)","ML-KEM-768","decapsulation",13,323462,3710976,True,""
"74b24b04-e82c-4473-afab-2b49cf13e703","9ed9e956-6b76-4aa6-bc5b-2d9eeb8d5d4d","2026-08-12T20:11:05Z","android_vivo_y19_termux","NATIVE_HARDWARE","aarch64","aarch64",8,3741,"Linux 4.14.186-g1003dc13e-dirty","clang","21.1.8 ","-O3 -march=armv8-a","mlkem-native","v1.2.0 (0ba906cb14b1c241476134d7403a811b382ca498)","ML-KEM-768","keygen",14,172000,3710976,True,""
"74b24b04-e82c-4473-afab-2b49cf13e703","9ed9e956-6b76-4aa6-bc5b-2d9eeb8d5d4d","2026-08-12T20:11:05Z","android_vivo_y19_termux","NATIVE_HARDWARE","aarch64","aarch64",8,3741,"Linux 4.14.186-g1003dc13e-dirty","clang","21.1.8 ","-O3 -march=armv8-a","mlkem-native","v1.2.0 (0ba906cb14b1c241476134d7403a811b382ca498)","ML-KEM-768","encapsulation",14,234385,3710976,True,""
"74b24b04-e82c-4473-afab-2b49cf13e703","9ed9e956-6b76-4aa6-bc5b-2d9eeb8d5d4d","2026-08-12T20:11:05Z","android_vivo_y19_termux","NATIVE_HARDWARE","aarch64","aarch64",8,3741,"Linux 4.14.186-g1003dc13e-dirty","clang","21.1.8 ","-O3 -march=armv8-a","mlkem-native","v1.2.0 (0ba906cb14b1c241476134d7403a811b382ca498)","ML-KEM-768","decapsulation",14,224846,3710976,True,""
"74b24b04-e82c-4473-afab-2b49cf13e703","9ed9e956-6b76-4aa6-bc5b-2d9eeb8d5d4d","2026-08-12T20:11:05Z","android_vivo_y19_termux","NATIVE_HARDWARE","aarch64","aarch64",8,3741,"Linux 4.14.186-g1003dc13e-dirty","clang","21.1.8 ","-O3 -march=armv8-a","mlkem-native","v1.2.0 (0ba906cb14b1c241476134d7403a811b382ca498)","ML-KEM-768","keygen",15,179923,3710976,True,""
"74b24b04-e82c-4473-afab-2b49cf13e703","9ed9e956-6b76-4aa6-bc5b-2d9eeb8d5d4d","2026-08-12T20:11:05Z","android_vivo_y19_termux","NATIVE_HARDWARE","aarch64","aarch64",8,3741,"Linux 4.14.186-g1003dc13e-dirty","clang","21.1.8 ","-O3 -march=armv8-a","mlkem-native","v1.2.0 (0ba906cb14b1c241476134d7403a811b382ca498)","ML-KEM-768","encapsulation",15,191154,3710976,True,""
"74b24b04-e82c-4473-afab-2b49cf13e703","9ed9e956-6b76-4aa6-bc5b-2d9eeb8d5d4d","2026-08-12T20:11:05Z","android_vivo_y19_termux","NATIVE_HARDWARE","aarch64","aarch64",8,3741,"Linux 4.14.186-g1003dc13e-dirty","clang","21.1.8 ","-O3 -march=armv8-a","mlkem-native","v1.2.0 (0ba906cb14b1c241476134d7403a811b382ca498)","ML-KEM-768","decapsulation",15,224616,3710976,True,""
"74b24b04-e82c-4473-afab-2b49cf13e703","9ed9e956-6b76-4aa6-bc5b-2d9eeb8d5d4d","2026-08-12T20:11:05Z","android_vivo_y19_termux","NATIVE_HARDWARE","aarch64","aarch64",8,3741,"Linux 4.14.186-g1003dc13e-dirty","clang","21.1.8 ","-O3 -march=armv8-a","mlkem-native","v1.2.0 (0ba906cb14b1c241476134d7403a811b382ca498)","ML-KEM-768","keygen",16,172231,3710976,True,""
"74b24b04-e82c-4473-afab-2b49cf13e703","9ed9e956-6b76-4aa6-bc5b-2d9eeb8d5d4d","2026-08-12T20:11:05Z","android_vivo_y19_termux","NATIVE_HARDWARE","aarch64","aarch64",8,3741,"Linux 4.14.186-g1003dc13e-dirty","clang","21.1.8 ","-O3 -march=armv8-a","mlkem-native","v1.2.0 (0ba906cb14b1c241476134d7403a811b382ca498)","ML-KEM-768","encapsulation",16,199077,3710976,True,""
"74b24b04-e82c-4473-afab-2b49cf13e703","9ed9e956-6b76-4aa6-bc5b-2d9eeb8d5d4d","2026-08-12T20:11:05Z","android_vivo_y19_termux","NATIVE_HARDWARE","aarch64","aarch64",8,3741,"Linux 4.14.186-g1003dc13e-dirty","clang","21.1.8 ","-O3 -march=armv8-a","mlkem-native","v1.2.0 (0ba906cb14b1c241476134d7403a811b382ca498)","ML-KEM-768","decapsulation",16,232923,3710976,True,""
"74b24b04-e82c-4473-afab-2b49cf13e703","9ed9e956-6b76-4aa6-bc5b-2d9eeb8d5d4d","2026-08-12T20:11:05Z","android_vivo_y19_termux","NATIVE_HARDWARE","aarch64","aarch64",8,3741,"Linux 4.14.186-g1003dc13e-dirty","clang","21.1.8 ","-O3 -march=armv8-a","mlkem-native","v1.2.0 (0ba906cb14b1c241476134d7403a811b382ca498)","ML-KEM-768","keygen",17,158461,3710976,True,""
"74b24b04-e82c-4473-afab-2b49cf13e703","9ed9e956-6b76-4aa6-bc5b-2d9eeb8d5d4d","2026-08-12T20:11:05Z","android_vivo_y19_termux","NATIVE_HARDWARE","aarch64","aarch64",8,3741,"Linux 4.14.186-g1003dc13e-dirty","clang","21.1.8 ","-O3 -march=armv8-a","mlkem-native","v1.2.0 (0ba906cb14b1c241476134d7403a811b382ca498)","ML-KEM-768","encapsulation",17,177230,3710976,True,""
"74b24b04-e82c-4473-afab-2b49cf13e703","9ed9e956-6b76-4aa6-bc5b-2d9eeb8d5d4d","2026-08-12T20:11:05Z","android_vivo_y19_termux","NATIVE_HARDWARE","aarch64","aarch64",8,3741,"Linux 4.14.186-g1003dc13e-dirty","clang","21.1.8 ","-O3 -march=armv8-a","mlkem-native","v1.2.0 (0ba906cb14b1c241476134d7403a811b382ca498)","ML-KEM-768","decapsulation",17,208000,3710976,True,""
"74b24b04-e82c-4473-afab-2b49cf13e703","9ed9e956-6b76-4aa6-bc5b-2d9eeb8d5d4d","2026-08-12T20:11:05Z","android_vivo_y19_termux","NATIVE_HARDWARE","aarch64","aarch64",8,3741,"Linux 4.14.186-g1003dc13e-dirty","clang","21.1.8 ","-O3 -march=armv8-a","mlkem-native","v1.2.0 (0ba906cb14b1c241476134d7403a811b382ca498)","ML-KEM-768","keygen",18,158770,3710976,True,""
"74b24b04-e82c-4473-afab-2b49cf13e703","9ed9e956-6b76-4aa6-bc5b-2d9eeb8d5d4d","2026-08-12T20:11:05Z","android_vivo_y19_termux","NATIVE_HARDWARE","aarch64","aarch64",8,3741,"Linux 4.14.186-g1003dc13e-dirty","clang","21.1.8 ","-O3 -march=armv8-a","mlkem-native","v1.2.0 (0ba906cb14b1c241476134d7403a811b382ca498)","ML-KEM-768","encapsulation",18,175692,3710976,True,""
"74b24b04-e82c-4473-afab-2b49cf13e703","9ed9e956-6b76-4aa6-bc5b-2d9eeb8d5d4d","2026-08-12T20:11:05Z","android_vivo_y19_termux","NATIVE_HARDWARE","aarch64","aarch64",8,3741,"Linux 4.14.186-g1003dc13e-dirty","clang","21.1.8 ","-O3 -march=armv8-a","mlkem-native","v1.2.0 (0ba906cb14b1c241476134d7403a811b382ca498)","ML-KEM-768","decapsulation",18,207077,3710976,True,""
"74b24b04-e82c-4473-afab-2b49cf13e703","9ed9e956-6b76-4aa6-bc5b-2d9eeb8d5d4d","2026-08-12T20:11:05Z","android_vivo_y19_termux","NATIVE_HARDWARE","aarch64","aarch64",8,3741,"Linux 4.14.186-g1003dc13e-dirty","clang","21.1.8 ","-O3 -march=armv8-a","mlkem-native","v1.2.0 (0ba906cb14b1c241476134d7403a811b382ca498)","ML-KEM-768","keygen",19,159616,3710976,True,""
"74b24b04-e82c-4473-afab-2b49cf13e703","9ed9e956-6b76-4aa6-bc5b-2d9eeb8d5d4d","2026-08-12T20:11:05Z","android_vivo_y19_termux","NATIVE_HARDWARE","aarch64","aarch64",8,3741,"Linux 4.14.186-g1003dc13e-dirty","clang","21.1.8 ","-O3 -march=armv8-a","mlkem-native","v1.2.0 (0ba906cb14b1c241476134d7403a811b382ca498)","ML-KEM-768","encapsulation",19,176923,3710976,True,""
"74b24b04-e82c-4473-afab-2b49cf13e703","9ed9e956-6b76-4aa6-bc5b-2d9eeb8d5d4d","2026-08-12T20:11:05Z","android_vivo_y19_termux","NATIVE_HARDWARE","aarch64","aarch64",8,3741,"Linux 4.14.186-g1003dc13e-dirty","clang","21.1.8 ","-O3 -march=armv8-a","mlkem-native","v1.2.0 (0ba906cb14b1c241476134d7403a811b382ca498)","ML-KEM-768","decapsulation",19,207693,3710976,True,""
"74b24b04-e82c-4473-afab-2b49cf13e703","9ed9e956-6b76-4aa6-bc5b-2d9eeb8d5d4d","2026-08-12T20:11:05Z","android_vivo_y19_termux","NATIVE_HARDWARE","aarch64","aarch64",8,3741,"Linux 4.14.186-g1003dc13e-dirty","clang","21.1.8 ","-O3 -march=armv8-a","mlkem-native","v1.2.0 (0ba906cb14b1c241476134d7403a811b382ca498)","ML-KEM-768","keygen",20,159692,3710976,True,""
"74b24b04-e82c-4473-afab-2b49cf13e703","9ed9e956-6b76-4aa6-bc5b-2d9eeb8d5d4d","2026-08-12T20:11:05Z","android_vivo_y19_termux","NATIVE_HARDWARE","aarch64","aarch64",8,3741,"Linux 4.14.186-g1003dc13e-dirty","clang","21.1.8 ","-O3 -march=armv8-a","mlkem-native","v1.2.0 (0ba906cb14b1c241476134d7403a811b382ca498)","ML-KEM-768","encapsulation",20,290847,3710976,True,""
"74b24b04-e82c-4473-afab-2b49cf13e703","9ed9e956-6b76-4aa6-bc5b-2d9eeb8d5d4d","2026-08-12T20:11:05Z","android_vivo_y19_termux","NATIVE_HARDWARE","aarch64","aarch64",8,3741,"Linux 4.14.186-g1003dc13e-dirty","clang","21.1.8 ","-O3 -march=armv8-a","mlkem-native","v1.2.0 (0ba906cb14b1c241476134d7403a811b382ca498)","ML-KEM-768","decapsulation",20,207692,3710976,True,""
"74b24b04-e82c-4473-afab-2b49cf13e703","9ed9e956-6b76-4aa6-bc5b-2d9eeb8d5d4d","2026-08-12T20:11:05Z","android_vivo_y19_termux","NATIVE_HARDWARE","aarch64","aarch64",8,3741,"Linux 4.14.186-g1003dc13e-dirty","clang","21.1.8 ","-O3 -march=armv8-a","mlkem-native","v1.2.0 (0ba906cb14b1c241476134d7403a811b382ca498)","ML-KEM-768","keygen",21,158770,3710976,True,""
"74b24b04-e82c-4473-afab-2b49cf13e703","9ed9e956-6b76-4aa6-bc5b-2d9eeb8d5d4d","2026-08-12T20:11:05Z","android_vivo_y19_termux","NATIVE_HARDWARE","aarch64","aarch64",8,3741,"Linux 4.14.186-g1003dc13e-dirty","clang","21.1.8 ","-O3 -march=armv8-a","mlkem-native","v1.2.0 (0ba906cb14b1c241476134d7403a811b382ca498)","ML-KEM-768","encapsulation",21,176923,3710976,True,""
"74b24b04-e82c-4473-afab-2b49cf13e703","9ed9e956-6b76-4aa6-bc5b-2d9eeb8d5d4d","2026-08-12T20:11:05Z","android_vivo_y19_termux","NATIVE_HARDWARE","aarch64","aarch64",8,3741,"Linux 4.14.186-g1003dc13e-dirty","clang","21.1.8 ","-O3 -march=armv8-a","mlkem-native","v1.2.0 (0ba906cb14b1c241476134d7403a811b382ca498)","ML-KEM-768","decapsulation",21,207308,3710976,True,""
"74b24b04-e82c-4473-afab-2b49cf13e703","9ed9e956-6b76-4aa6-bc5b-2d9eeb8d5d4d","2026-08-12T20:11:05Z","android_vivo_y19_termux","NATIVE_HARDWARE","aarch64","aarch64",8,3741,"Linux 4.14.186-g1003dc13e-dirty","clang","21.1.8 ","-O3 -march=armv8-a","mlkem-native","v1.2.0 (0ba906cb14b1c241476134d7403a811b382ca498)","ML-KEM-768","keygen",22,158847,3710976,True,""
"74b24b04-e82c-4473-afab-2b49cf13e703","9ed9e956-6b76-4aa6-bc5b-2d9eeb8d5d4d","2026-08-12T20:11:05Z","android_vivo_y19_termux","NATIVE_HARDWARE","aarch64","aarch64",8,3741,"Linux 4.14.186-g1003dc13e-dirty","clang","21.1.8 ","-O3 -march=armv8-a","mlkem-native","v1.2.0 (0ba906cb14b1c241476134d7403a811b382ca498)","ML-KEM-768","encapsulation",22,177308,3710976,True,""
"74b24b04-e82c-4473-afab-2b49cf13e703","9ed9e956-6b76-4aa6-bc5b-2d9eeb8d5d4d","2026-08-12T20:11:05Z","android_vivo_y19_termux","NATIVE_HARDWARE","aarch64","aarch64",8,3741,"Linux 4.14.186-g1003dc13e-dirty","clang","21.1.8 ","-O3 -march=armv8-a","mlkem-native","v1.2.0 (0ba906cb14b1c241476134d7403a811b382ca498)","ML-KEM-768","decapsulation",22,208000,3710976,True,""
"74b24b04-e82c-4473-afab-2b49cf13e703","9ed9e956-6b76-4aa6-bc5b-2d9eeb8d5d4d","2026-08-12T20:11:05Z","android_vivo_y19_termux","NATIVE_HARDWARE","aarch64","aarch64",8,3741,"Linux 4.14.186-g1003dc13e-dirty","clang","21.1.8 ","-O3 -march=armv8-a","mlkem-native","v1.2.0 (0ba906cb14b1c241476134d7403a811b382ca498)","ML-KEM-768","keygen",23,159616,3710976,True,""
"74b24b04-e82c-4473-afab-2b49cf13e703","9ed9e956-6b76-4aa6-bc5b-2d9eeb8d5d4d","2026-08-12T20:11:05Z","android_vivo_y19_termux","NATIVE_HARDWARE","aarch64","aarch64",8,3741,"Linux 4.14.186-g1003dc13e-dirty","clang","21.1.8 ","-O3 -march=armv8-a","mlkem-native","v1.2.0 (0ba906cb14b1c241476134d7403a811b382ca498)","ML-KEM-768","encapsulation",23,176846,3710976,True,""
"74b24b04-e82c-4473-afab-2b49cf13e703","9ed9e956-6b76-4aa6-bc5b-2d9eeb8d5d4d","2026-08-12T20:11:05Z","android_vivo_y19_termux","NATIVE_HARDWARE","aarch64","aarch64",8,3741,"Linux 4.14.186-g1003dc13e-dirty","clang","21.1.8 ","-O3 -march=armv8-a","mlkem-native","v1.2.0 (0ba906cb14b1c241476134d7403a811b382ca498)","ML-KEM-768","decapsulation",23,207385,3710976,True,""
"74b24b04-e82c-4473-afab-2b49cf13e703","9ed9e956-6b76-4aa6-bc5b-2d9eeb8d5d4d","2026-08-12T20:11:05Z","android_vivo_y19_termux","NATIVE_HARDWARE","aarch64","aarch64",8,3741,"Linux 4.14.186-g1003dc13e-dirty","clang","21.1.8 ","-O3 -march=armv8-a","mlkem-native","v1.2.0 (0ba906cb14b1c241476134d7403a811b382ca498)","ML-KEM-768","keygen",24,159923,3710976,True,""
"74b24b04-e82c-4473-afab-2b49cf13e703","9ed9e956-6b76-4aa6-bc5b-2d9eeb8d5d4d","2026-08-12T20:11:05Z","android_vivo_y19_termux","NATIVE_HARDWARE","aarch64","aarch64",8,3741,"Linux 4.14.186-g1003dc13e-dirty","clang","21.1.8 ","-O3 -march=armv8-a","mlkem-native","v1.2.0 (0ba906cb14b1c241476134d7403a811b382ca498)","ML-KEM-768","encapsulation",24,183616,3710976,True,""
"74b24b04-e82c-4473-afab-2b49cf13e703","9ed9e956-6b76-4aa6-bc5b-2d9eeb8d5d4d","2026-08-12T20:11:05Z","android_vivo_y19_termux","NATIVE_HARDWARE","aarch64","aarch64",8,3741,"Linux 4.14.186-g1003dc13e-dirty","clang","21.1.8 ","-O3 -march=armv8-a","mlkem-native","v1.2.0 (0ba906cb14b1c241476134d7403a811b382ca498)","ML-KEM-768","decapsulation",24,214461,3710976,True,""
"74b24b04-e82c-4473-afab-2b49cf13e703","9ed9e956-6b76-4aa6-bc5b-2d9eeb8d5d4d","2026-08-12T20:11:05Z","android_vivo_y19_termux","NATIVE_HARDWARE","aarch64","aarch64",8,3741,"Linux 4.14.186-g1003dc13e-dirty","clang","21.1.8 ","-O3 -march=armv8-a","mlkem-native","v1.2.0 (0ba906cb14b1c241476134d7403a811b382ca498)","ML-KEM-768","keygen",25,158461,3710976,True,""
"74b24b04-e82c-4473-afab-2b49cf13e703","9ed9e956-6b76-4aa6-bc5b-2d9eeb8d5d4d","2026-08-12T20:11:05Z","android_vivo_y19_termux","NATIVE_HARDWARE","aarch64","aarch64",8,3741,"Linux 4.14.186-g1003dc13e-dirty","clang","21.1.8 ","-O3 -march=armv8-a","mlkem-native","v1.2.0 (0ba906cb14b1c241476134d7403a811b382ca498)","ML-KEM-768","encapsulation",25,177000,3710976,True,""
"74b24b04-e82c-4473-afab-2b49cf13e703","9ed9e956-6b76-4aa6-bc5b-2d9eeb8d5d4d","2026-08-12T20:11:05Z","android_vivo_y19_termux","NATIVE_HARDWARE","aarch64","aarch64",8,3741,"Linux 4.14.186-g1003dc13e-dirty","clang","21.1.8 ","-O3 -march=armv8-a","mlkem-native","v1.2.0 (0ba906cb14b1c241476134d7403a811b382ca498)","ML-KEM-768","decapsulation",25,207385,3710976,True,""
"74b24b04-e82c-4473-afab-2b49cf13e703","9ed9e956-6b76-4aa6-bc5b-2d9eeb8d5d4d","2026-08-12T20:11:05Z","android_vivo_y19_termux","NATIVE_HARDWARE","aarch64","aarch64",8,3741,"Linux 4.14.186-g1003dc13e-dirty","clang","21.1.8 ","-O3 -march=armv8-a","mlkem-native","v1.2.0 (0ba906cb14b1c241476134d7403a811b382ca498)","ML-KEM-768","keygen",26,158769,3710976,True,""
"74b24b04-e82c-4473-afab-2b49cf13e703","9ed9e956-6b76-4aa6-bc5b-2d9eeb8d5d4d","2026-08-12T20:11:05Z","android_vivo_y19_termux","NATIVE_HARDWARE","aarch64","aarch64",8,3741,"Linux 4.14.186-g1003dc13e-dirty","clang","21.1.8 ","-O3 -march=armv8-a","mlkem-native","v1.2.0 (0ba906cb14b1c241476134d7403a811b382ca498)","ML-KEM-768","encapsulation",26,176923,3710976,True,""
"74b24b04-e82c-4473-afab-2b49cf13e703","9ed9e956-6b76-4aa6-bc5b-2d9eeb8d5d4d","2026-08-12T20:11:05Z","android_vivo_y19_termux","NATIVE_HARDWARE","aarch64","aarch64",8,3741,"Linux 4.14.186-g1003dc13e-dirty","clang","21.1.8 ","-O3 -march=armv8-a","mlkem-native","v1.2.0 (0ba906cb14b1c241476134d7403a811b382ca498)","ML-KEM-768","decapsulation",26,207615,3710976,True,""
"74b24b04-e82c-4473-afab-2b49cf13e703","9ed9e956-6b76-4aa6-bc5b-2d9eeb8d5d4d","2026-08-12T20:11:05Z","android_vivo_y19_termux","NATIVE_HARDWARE","aarch64","aarch64",8,3741,"Linux 4.14.186-g1003dc13e-dirty","clang","21.1.8 ","-O3 -march=armv8-a","mlkem-native","v1.2.0 (0ba906cb14b1c241476134d7403a811b382ca498)","ML-KEM-768","keygen",27,160539,3710976,True,""
"74b24b04-e82c-4473-afab-2b49cf13e703","9ed9e956-6b76-4aa6-bc5b-2d9eeb8d5d4d","2026-08-12T20:11:05Z","android_vivo_y19_termux","NATIVE_HARDWARE","aarch64","aarch64",8,3741,"Linux 4.14.186-g1003dc13e-dirty","clang","21.1.8 ","-O3 -march=armv8-a","mlkem-native","v1.2.0 (0ba906cb14b1c241476134d7403a811b382ca498)","ML-KEM-768","encapsulation",27,244077,3710976,True,""
"74b24b04-e82c-4473-afab-2b49cf13e703","9ed9e956-6b76-4aa6-bc5b-2d9eeb8d5d4d","2026-08-12T20:11:05Z","android_vivo_y19_termux","NATIVE_HARDWARE","aarch64","aarch64",8,3741,"Linux 4.14.186-g1003dc13e-dirty","clang","21.1.8 ","-O3 -march=armv8-a","mlkem-native","v1.2.0 (0ba906cb14b1c241476134d7403a811b382ca498)","ML-KEM-768","decapsulation",27,208077,3710976,True,""
"74b24b04-e82c-4473-afab-2b49cf13e703","9ed9e956-6b76-4aa6-bc5b-2d9eeb8d5d4d","2026-08-12T20:11:05Z","android_vivo_y19_termux","NATIVE_HARDWARE","aarch64","aarch64",8,3741,"Linux 4.14.186-g1003dc13e-dirty","clang","21.1.8 ","-O3 -march=armv8-a","mlkem-native","v1.2.0 (0ba906cb14b1c241476134d7403a811b382ca498)","ML-KEM-768","keygen",28,158692,3710976,True,""
"74b24b04-e82c-4473-afab-2b49cf13e703","9ed9e956-6b76-4aa6-bc5b-2d9eeb8d5d4d","2026-08-12T20:11:05Z","android_vivo_y19_termux","NATIVE_HARDWARE","aarch64","aarch64",8,3741,"Linux 4.14.186-g1003dc13e-dirty","clang","21.1.8 ","-O3 -march=armv8-a","mlkem-native","v1.2.0 (0ba906cb14b1c241476134d7403a811b382ca498)","ML-KEM-768","encapsulation",28,176538,3710976,True,""
"74b24b04-e82c-4473-afab-2b49cf13e703","9ed9e956-6b76-4aa6-bc5b-2d9eeb8d5d4d","2026-08-12T20:11:05Z","android_vivo_y19_termux","NATIVE_HARDWARE","aarch64","aarch64",8,3741,"Linux 4.14.186-g1003dc13e-dirty","clang","21.1.8 ","-O3 -march=armv8-a","mlkem-native","v1.2.0 (0ba906cb14b1c241476134d7403a811b382ca498)","ML-KEM-768","decapsulation",28,207385,3710976,True,""
"74b24b04-e82c-4473-afab-2b49cf13e703","9ed9e956-6b76-4aa6-bc5b-2d9eeb8d5d4d","2026-08-12T20:11:05Z","android_vivo_y19_termux","NATIVE_HARDWARE","aarch64","aarch64",8,3741,"Linux 4.14.186-g1003dc13e-dirty","clang","21.1.8 ","-O3 -march=armv8-a","mlkem-native","v1.2.0 (0ba906cb14b1c241476134d7403a811b382ca498)","ML-KEM-768","keygen",29,159154,3710976,True,""
"74b24b04-e82c-4473-afab-2b49cf13e703","9ed9e956-6b76-4aa6-bc5b-2d9eeb8d5d4d","2026-08-12T20:11:05Z","android_vivo_y19_termux","NATIVE_HARDWARE","aarch64","aarch64",8,3741,"Linux 4.14.186-g1003dc13e-dirty","clang","21.1.8 ","-O3 -march=armv8-a","mlkem-native","v1.2.0 (0ba906cb14b1c241476134d7403a811b382ca498)","ML-KEM-768","encapsulation",29,183924,3710976,True,""
"74b24b04-e82c-4473-afab-2b49cf13e703","9ed9e956-6b76-4aa6-bc5b-2d9eeb8d5d4d","2026-08-12T20:11:05Z","android_vivo_y19_termux","NATIVE_HARDWARE","aarch64","aarch64",8,3741,"Linux 4.14.186-g1003dc13e-dirty","clang","21.1.8 ","-O3 -march=armv8-a","mlkem-native","v1.2.0 (0ba906cb14b1c241476134d7403a811b382ca498)","ML-KEM-768","decapsulation",29,214462,3710976,True,""
"74b24b04-e82c-4473-afab-2b49cf13e703","9ed9e956-6b76-4aa6-bc5b-2d9eeb8d5d4d","2026-08-12T20:11:05Z","android_vivo_y19_termux","NATIVE_HARDWARE","aarch64","aarch64",8,3741,"Linux 4.14.186-g1003dc13e-dirty","clang","21.1.8 ","-O3 -march=armv8-a","mlkem-native","v1.2.0 (0ba906cb14b1c241476134d7403a811b382ca498)","ML-KEM-768","keygen",30,159077,3710976,True,""
"74b24b04-e82c-4473-afab-2b49cf13e703","9ed9e956-6b76-4aa6-bc5b-2d9eeb8d5d4d","2026-08-12T20:11:05Z","android_vivo_y19_termux","NATIVE_HARDWARE","aarch64","aarch64",8,3741,"Linux 4.14.186-g1003dc13e-dirty","clang","21.1.8 ","-O3 -march=armv8-a","mlkem-native","v1.2.0 (0ba906cb14b1c241476134d7403a811b382ca498)","ML-KEM-768","encapsulation",30,176616,3710976,True,""
"74b24b04-e82c-4473-afab-2b49cf13e703","9ed9e956-6b76-4aa6-bc5b-2d9eeb8d5d4d","2026-08-12T20:11:05Z","android_vivo_y19_termux","NATIVE_HARDWARE","aarch64","aarch64",8,3741,"Linux 4.14.186-g1003dc13e-dirty","clang","21.1.8 ","-O3 -march=armv8-a","mlkem-native","v1.2.0 (0ba906cb14b1c241476134d7403a811b382ca498)","ML-KEM-768","decapsulation",30,207385,3710976,True,""
"74b24b04-e82c-4473-afab-2b49cf13e703","9ed9e956-6b76-4aa6-bc5b-2d9eeb8d5d4d","2026-08-12T20:11:05Z","android_vivo_y19_termux","NATIVE_HARDWARE","aarch64","aarch64",8,3741,"Linux 4.14.186-g1003dc13e-dirty","clang","21.1.8 ","-O3 -march=armv8-a","mlkem-native","v1.2.0 (0ba906cb14b1c241476134d7403a811b382ca498)","ML-KEM-768","keygen",31,202769,3710976,True,""
"74b24b04-e82c-4473-afab-2b49cf13e703","9ed9e956-6b76-4aa6-bc5b-2d9eeb8d5d4d","2026-08-12T20:11:05Z","android_vivo_y19_termux","NATIVE_HARDWARE","aarch64","aarch64",8,3741,"Linux 4.14.186-g1003dc13e-dirty","clang","21.1.8 ","-O3 -march=armv8-a","mlkem-native","v1.2.0 (0ba906cb14b1c241476134d7403a811b382ca498)","ML-KEM-768","encapsulation",31,176923,3710976,True,""
"74b24b04-e82c-4473-afab-2b49cf13e703","9ed9e956-6b76-4aa6-bc5b-2d9eeb8d5d4d","2026-08-12T20:11:05Z","android_vivo_y19_termux","NATIVE_HARDWARE","aarch64","aarch64",8,3741,"Linux 4.14.186-g1003dc13e-dirty","clang","21.1.8 ","-O3 -march=armv8-a","mlkem-native","v1.2.0 (0ba906cb14b1c241476134d7403a811b382ca498)","ML-KEM-768","decapsulation",31,207692,3710976,True,""
"74b24b04-e82c-4473-afab-2b49cf13e703","9ed9e956-6b76-4aa6-bc5b-2d9eeb8d5d4d","2026-08-12T20:11:05Z","android_vivo_y19_termux","NATIVE_HARDWARE","aarch64","aarch64",8,3741,"Linux 4.14.186-g1003dc13e-dirty","clang","21.1.8 ","-O3 -march=armv8-a","mlkem-native","v1.2.0 (0ba906cb14b1c241476134d7403a811b382ca498)","ML-KEM-768","keygen",32,160230,3710976,True,""
"74b24b04-e82c-4473-afab-2b49cf13e703","9ed9e956-6b76-4aa6-bc5b-2d9eeb8d5d4d","2026-08-12T20:11:05Z","android_vivo_y19_termux","NATIVE_HARDWARE","aarch64","aarch64",8,3741,"Linux 4.14.186-g1003dc13e-dirty","clang","21.1.8 ","-O3 -march=armv8-a","mlkem-native","v1.2.0 (0ba906cb14b1c241476134d7403a811b382ca498)","ML-KEM-768","encapsulation",32,177154,3710976,True,""
"74b24b04-e82c-4473-afab-2b49cf13e703","9ed9e956-6b76-4aa6-bc5b-2d9eeb8d5d4d","2026-08-12T20:11:05Z","android_vivo_y19_termux","NATIVE_HARDWARE","aarch64","aarch64",8,3741,"Linux 4.14.186-g1003dc13e-dirty","clang","21.1.8 ","-O3 -march=armv8-a","mlkem-native","v1.2.0 (0ba906cb14b1c241476134d7403a811b382ca498)","ML-KEM-768","decapsulation",32,207461,3710976,True,""
"74b24b04-e82c-4473-afab-2b49cf13e703","9ed9e956-6b76-4aa6-bc5b-2d9eeb8d5d4d","2026-08-12T20:11:05Z","android_vivo_y19_termux","NATIVE_HARDWARE","aarch64","aarch64",8,3741,"Linux 4.14.186-g1003dc13e-dirty","clang","21.1.8 ","-O3 -march=armv8-a","mlkem-native","v1.2.0 (0ba906cb14b1c241476134d7403a811b382ca498)","ML-KEM-768","keygen",33,158692,3710976,True,""
"74b24b04-e82c-4473-afab-2b49cf13e703","9ed9e956-6b76-4aa6-bc5b-2d9eeb8d5d4d","2026-08-12T20:11:05Z","android_vivo_y19_termux","NATIVE_HARDWARE","aarch64","aarch64",8,3741,"Linux 4.14.186-g1003dc13e-dirty","clang","21.1.8 ","-O3 -march=armv8-a","mlkem-native","v1.2.0 (0ba906cb14b1c241476134d7403a811b382ca498)","ML-KEM-768","encapsulation",33,176923,3710976,True,""
"74b24b04-e82c-4473-afab-2b49cf13e703","9ed9e956-6b76-4aa6-bc5b-2d9eeb8d5d4d","2026-08-12T20:11:05Z","android_vivo_y19_termux","NATIVE_HARDWARE","aarch64","aarch64",8,3741,"Linux 4.14.186-g1003dc13e-dirty","clang","21.1.8 ","-O3 -march=armv8-a","mlkem-native","v1.2.0 (0ba906cb14b1c241476134d7403a811b382ca498)","ML-KEM-768","decapsulation",33,245923,3710976,True,""
"74b24b04-e82c-4473-afab-2b49cf13e703","9ed9e956-6b76-4aa6-bc5b-2d9eeb8d5d4d","2026-08-12T20:11:05Z","android_vivo_y19_termux","NATIVE_HARDWARE","aarch64","aarch64",8,3741,"Linux 4.14.186-g1003dc13e-dirty","clang","21.1.8 ","-O3 -march=armv8-a","mlkem-native","v1.2.0 (0ba906cb14b1c241476134d7403a811b382ca498)","ML-KEM-768","keygen",34,166231,3710976,True,""
"74b24b04-e82c-4473-afab-2b49cf13e703","9ed9e956-6b76-4aa6-bc5b-2d9eeb8d5d4d","2026-08-12T20:11:05Z","android_vivo_y19_termux","NATIVE_HARDWARE","aarch64","aarch64",8,3741,"Linux 4.14.186-g1003dc13e-dirty","clang","21.1.8 ","-O3 -march=armv8-a","mlkem-native","v1.2.0 (0ba906cb14b1c241476134d7403a811b382ca498)","ML-KEM-768","encapsulation",34,176846,3710976,True,""
"74b24b04-e82c-4473-afab-2b49cf13e703","9ed9e956-6b76-4aa6-bc5b-2d9eeb8d5d4d","2026-08-12T20:11:05Z","android_vivo_y19_termux","NATIVE_HARDWARE","aarch64","aarch64",8,3741,"Linux 4.14.186-g1003dc13e-dirty","clang","21.1.8 ","-O3 -march=armv8-a","mlkem-native","v1.2.0 (0ba906cb14b1c241476134d7403a811b382ca498)","ML-KEM-768","decapsulation",34,200384,3710976,True,""
"74b24b04-e82c-4473-afab-2b49cf13e703","9ed9e956-6b76-4aa6-bc5b-2d9eeb8d5d4d","2026-08-12T20:11:05Z","android_vivo_y19_termux","NATIVE_HARDWARE","aarch64","aarch64",8,3741,"Linux 4.14.186-g1003dc13e-dirty","clang","21.1.8 ","-O3 -march=armv8-a","mlkem-native","v1.2.0 (0ba906cb14b1c241476134d7403a811b382ca498)","ML-KEM-768","keygen",35,152308,3710976,True,""
"74b24b04-e82c-4473-afab-2b49cf13e703","9ed9e956-6b76-4aa6-bc5b-2d9eeb8d5d4d","2026-08-12T20:11:05Z","android_vivo_y19_termux","NATIVE_HARDWARE","aarch64","aarch64",8,3741,"Linux 4.14.186-g1003dc13e-dirty","clang","21.1.8 ","-O3 -march=armv8-a","mlkem-native","v1.2.0 (0ba906cb14b1c241476134d7403a811b382ca498)","ML-KEM-768","encapsulation",35,169538,3710976,True,""
"74b24b04-e82c-4473-afab-2b49cf13e703","9ed9e956-6b76-4aa6-bc5b-2d9eeb8d5d4d","2026-08-12T20:11:05Z","android_vivo_y19_termux","NATIVE_HARDWARE","aarch64","aarch64",8,3741,"Linux 4.14.186-g1003dc13e-dirty","clang","21.1.8 ","-O3 -march=armv8-a","mlkem-native","v1.2.0 (0ba906cb14b1c241476134d7403a811b382ca498)","ML-KEM-768","decapsulation",35,198769,3710976,True,""
"74b24b04-e82c-4473-afab-2b49cf13e703","9ed9e956-6b76-4aa6-bc5b-2d9eeb8d5d4d","2026-08-12T20:11:05Z","android_vivo_y19_termux","NATIVE_HARDWARE","aarch64","aarch64",8,3741,"Linux 4.14.186-g1003dc13e-dirty","clang","21.1.8 ","-O3 -march=armv8-a","mlkem-native","v1.2.0 (0ba906cb14b1c241476134d7403a811b382ca498)","ML-KEM-768","keygen",36,152077,3710976,True,""
"74b24b04-e82c-4473-afab-2b49cf13e703","9ed9e956-6b76-4aa6-bc5b-2d9eeb8d5d4d","2026-08-12T20:11:05Z","android_vivo_y19_termux","NATIVE_HARDWARE","aarch64","aarch64",8,3741,"Linux 4.14.186-g1003dc13e-dirty","clang","21.1.8 ","-O3 -march=armv8-a","mlkem-native","v1.2.0 (0ba906cb14b1c241476134d7403a811b382ca498)","ML-KEM-768","encapsulation",36,170769,3710976,True,""
"74b24b04-e82c-4473-afab-2b49cf13e703","9ed9e956-6b76-4aa6-bc5b-2d9eeb8d5d4d","2026-08-12T20:11:05Z","android_vivo_y19_termux","NATIVE_HARDWARE","aarch64","aarch64",8,3741,"Linux 4.14.186-g1003dc13e-dirty","clang","21.1.8 ","-O3 -march=armv8-a","mlkem-native","v1.2.0 (0ba906cb14b1c241476134d7403a811b382ca498)","ML-KEM-768","decapsulation",36,199924,3710976,True,""
"74b24b04-e82c-4473-afab-2b49cf13e703","9ed9e956-6b76-4aa6-bc5b-2d9eeb8d5d4d","2026-08-12T20:11:05Z","android_vivo_y19_termux","NATIVE_HARDWARE","aarch64","aarch64",8,3741,"Linux 4.14.186-g1003dc13e-dirty","clang","21.1.8 ","-O3 -march=armv8-a","mlkem-native","v1.2.0 (0ba906cb14b1c241476134d7403a811b382ca498)","ML-KEM-768","keygen",37,152615,3710976,True,""
"74b24b04-e82c-4473-afab-2b49cf13e703","9ed9e956-6b76-4aa6-bc5b-2d9eeb8d5d4d","2026-08-12T20:11:05Z","android_vivo_y19_termux","NATIVE_HARDWARE","aarch64","aarch64",8,3741,"Linux 4.14.186-g1003dc13e-dirty","clang","21.1.8 ","-O3 -march=armv8-a","mlkem-native","v1.2.0 (0ba906cb14b1c241476134d7403a811b382ca498)","ML-KEM-768","encapsulation",37,170769,3710976,True,""
"74b24b04-e82c-4473-afab-2b49cf13e703","9ed9e956-6b76-4aa6-bc5b-2d9eeb8d5d4d","2026-08-12T20:11:05Z","android_vivo_y19_termux","NATIVE_HARDWARE","aarch64","aarch64",8,3741,"Linux 4.14.186-g1003dc13e-dirty","clang","21.1.8 ","-O3 -march=armv8-a","mlkem-native","v1.2.0 (0ba906cb14b1c241476134d7403a811b382ca498)","ML-KEM-768","decapsulation",37,199692,3710976,True,""
"74b24b04-e82c-4473-afab-2b49cf13e703","9ed9e956-6b76-4aa6-bc5b-2d9eeb8d5d4d","2026-08-12T20:11:05Z","android_vivo_y19_termux","NATIVE_HARDWARE","aarch64","aarch64",8,3741,"Linux 4.14.186-g1003dc13e-dirty","clang","21.1.8 ","-O3 -march=armv8-a","mlkem-native","v1.2.0 (0ba906cb14b1c241476134d7403a811b382ca498)","ML-KEM-768","keygen",38,152615,3710976,True,""
"74b24b04-e82c-4473-afab-2b49cf13e703","9ed9e956-6b76-4aa6-bc5b-2d9eeb8d5d4d","2026-08-12T20:11:05Z","android_vivo_y19_termux","NATIVE_HARDWARE","aarch64","aarch64",8,3741,"Linux 4.14.186-g1003dc13e-dirty","clang","21.1.8 ","-O3 -march=armv8-a","mlkem-native","v1.2.0 (0ba906cb14b1c241476134d7403a811b382ca498)","ML-KEM-768","encapsulation",38,170769,3710976,True,""
"74b24b04-e82c-4473-afab-2b49cf13e703","9ed9e956-6b76-4aa6-bc5b-2d9eeb8d5d4d","2026-08-12T20:11:05Z","android_vivo_y19_termux","NATIVE_HARDWARE","aarch64","aarch64",8,3741,"Linux 4.14.186-g1003dc13e-dirty","clang","21.1.8 ","-O3 -march=armv8-a","mlkem-native","v1.2.0 (0ba906cb14b1c241476134d7403a811b382ca498)","ML-KEM-768","decapsulation",38,200000,3710976,True,""
"74b24b04-e82c-4473-afab-2b49cf13e703","9ed9e956-6b76-4aa6-bc5b-2d9eeb8d5d4d","2026-08-12T20:11:05Z","android_vivo_y19_termux","NATIVE_HARDWARE","aarch64","aarch64",8,3741,"Linux 4.14.186-g1003dc13e-dirty","clang","21.1.8 ","-O3 -march=armv8-a","mlkem-native","v1.2.0 (0ba906cb14b1c241476134d7403a811b382ca498)","ML-KEM-768","keygen",39,152231,3710976,True,""
"74b24b04-e82c-4473-afab-2b49cf13e703","9ed9e956-6b76-4aa6-bc5b-2d9eeb8d5d4d","2026-08-12T20:11:05Z","android_vivo_y19_termux","NATIVE_HARDWARE","aarch64","aarch64",8,3741,"Linux 4.14.186-g1003dc13e-dirty","clang","21.1.8 ","-O3 -march=armv8-a","mlkem-native","v1.2.0 (0ba906cb14b1c241476134d7403a811b382ca498)","ML-KEM-768","encapsulation",39,169539,3710976,True,""
"74b24b04-e82c-4473-afab-2b49cf13e703","9ed9e956-6b76-4aa6-bc5b-2d9eeb8d5d4d","2026-08-12T20:11:05Z","android_vivo_y19_termux","NATIVE_HARDWARE","aarch64","aarch64",8,3741,"Linux 4.14.186-g1003dc13e-dirty","clang","21.1.8 ","-O3 -march=armv8-a","mlkem-native","v1.2.0 (0ba906cb14b1c241476134d7403a811b382ca498)","ML-KEM-768","decapsulation",39,199000,3710976,True,""
"74b24b04-e82c-4473-afab-2b49cf13e703","9ed9e956-6b76-4aa6-bc5b-2d9eeb8d5d4d","2026-08-12T20:11:05Z","android_vivo_y19_termux","NATIVE_HARDWARE","aarch64","aarch64",8,3741,"Linux 4.14.186-g1003dc13e-dirty","clang","21.1.8 ","-O3 -march=armv8-a","mlkem-native","v1.2.0 (0ba906cb14b1c241476134d7403a811b382ca498)","ML-KEM-768","keygen",40,152308,3710976,True,""
"74b24b04-e82c-4473-afab-2b49cf13e703","9ed9e956-6b76-4aa6-bc5b-2d9eeb8d5d4d","2026-08-12T20:11:05Z","android_vivo_y19_termux","NATIVE_HARDWARE","aarch64","aarch64",8,3741,"Linux 4.14.186-g1003dc13e-dirty","clang","21.1.8 ","-O3 -march=armv8-a","mlkem-native","v1.2.0 (0ba906cb14b1c241476134d7403a811b382ca498)","ML-KEM-768","encapsulation",40,170231,3710976,True,""
"74b24b04-e82c-4473-afab-2b49cf13e703","9ed9e956-6b76-4aa6-bc5b-2d9eeb8d5d4d","2026-08-12T20:11:05Z","android_vivo_y19_termux","NATIVE_HARDWARE","aarch64","aarch64",8,3741,"Linux 4.14.186-g1003dc13e-dirty","clang","21.1.8 ","-O3 -march=armv8-a","mlkem-native","v1.2.0 (0ba906cb14b1c241476134d7403a811b382ca498)","ML-KEM-768","decapsulation",40,199154,3710976,True,""
"74b24b04-e82c-4473-afab-2b49cf13e703","9ed9e956-6b76-4aa6-bc5b-2d9eeb8d5d4d","2026-08-12T20:11:05Z","android_vivo_y19_termux","NATIVE_HARDWARE","aarch64","aarch64",8,3741,"Linux 4.14.186-g1003dc13e-dirty","clang","21.1.8 ","-O3 -march=armv8-a","mlkem-native","v1.2.0 (0ba906cb14b1c241476134d7403a811b382ca498)","ML-KEM-768","keygen",41,152539,3710976,True,""
"74b24b04-e82c-4473-afab-2b49cf13e703","9ed9e956-6b76-4aa6-bc5b-2d9eeb8d5d4d","2026-08-12T20:11:05Z","android_vivo_y19_termux","NATIVE_HARDWARE","aarch64","aarch64",8,3741,"Linux 4.14.186-g1003dc13e-dirty","clang","21.1.8 ","-O3 -march=armv8-a","mlkem-native","v1.2.0 (0ba906cb14b1c241476134d7403a811b382ca498)","ML-KEM-768","encapsulation",41,170692,3710976,True,""
"74b24b04-e82c-4473-afab-2b49cf13e703","9ed9e956-6b76-4aa6-bc5b-2d9eeb8d5d4d","2026-08-12T20:11:05Z","android_vivo_y19_termux","NATIVE_HARDWARE","aarch64","aarch64",8,3741,"Linux 4.14.186-g1003dc13e-dirty","clang","21.1.8 ","-O3 -march=armv8-a","mlkem-native","v1.2.0 (0ba906cb14b1c241476134d7403a811b382ca498)","ML-KEM-768","decapsulation",41,200385,3710976,True,""
"74b24b04-e82c-4473-afab-2b49cf13e703","9ed9e956-6b76-4aa6-bc5b-2d9eeb8d5d4d","2026-08-12T20:11:05Z","android_vivo_y19_termux","NATIVE_HARDWARE","aarch64","aarch64",8,3741,"Linux 4.14.186-g1003dc13e-dirty","clang","21.1.8 ","-O3 -march=armv8-a","mlkem-native","v1.2.0 (0ba906cb14b1c241476134d7403a811b382ca498)","ML-KEM-768","keygen",42,153000,3710976,True,""
"74b24b04-e82c-4473-afab-2b49cf13e703","9ed9e956-6b76-4aa6-bc5b-2d9eeb8d5d4d","2026-08-12T20:11:05Z","android_vivo_y19_termux","NATIVE_HARDWARE","aarch64","aarch64",8,3741,"Linux 4.14.186-g1003dc13e-dirty","clang","21.1.8 ","-O3 -march=armv8-a","mlkem-native","v1.2.0 (0ba906cb14b1c241476134d7403a811b382ca498)","ML-KEM-768","encapsulation",42,169539,3710976,True,""
"74b24b04-e82c-4473-afab-2b49cf13e703","9ed9e956-6b76-4aa6-bc5b-2d9eeb8d5d4d","2026-08-12T20:11:05Z","android_vivo_y19_termux","NATIVE_HARDWARE","aarch64","aarch64",8,3741,"Linux 4.14.186-g1003dc13e-dirty","clang","21.1.8 ","-O3 -march=armv8-a","mlkem-native","v1.2.0 (0ba906cb14b1c241476134d7403a811b382ca498)","ML-KEM-768","decapsulation",42,199077,3710976,True,""
"74b24b04-e82c-4473-afab-2b49cf13e703","9ed9e956-6b76-4aa6-bc5b-2d9eeb8d5d4d","2026-08-12T20:11:05Z","android_vivo_y19_termux","NATIVE_HARDWARE","aarch64","aarch64",8,3741,"Linux 4.14.186-g1003dc13e-dirty","clang","21.1.8 ","-O3 -march=armv8-a","mlkem-native","v1.2.0 (0ba906cb14b1c241476134d7403a811b382ca498)","ML-KEM-768","keygen",43,152539,3710976,True,""
"74b24b04-e82c-4473-afab-2b49cf13e703","9ed9e956-6b76-4aa6-bc5b-2d9eeb8d5d4d","2026-08-12T20:11:05Z","android_vivo_y19_termux","NATIVE_HARDWARE","aarch64","aarch64",8,3741,"Linux 4.14.186-g1003dc13e-dirty","clang","21.1.8 ","-O3 -march=armv8-a","mlkem-native","v1.2.0 (0ba906cb14b1c241476134d7403a811b382ca498)","ML-KEM-768","encapsulation",43,169769,3710976,True,""
"74b24b04-e82c-4473-afab-2b49cf13e703","9ed9e956-6b76-4aa6-bc5b-2d9eeb8d5d4d","2026-08-12T20:11:05Z","android_vivo_y19_termux","NATIVE_HARDWARE","aarch64","aarch64",8,3741,"Linux 4.14.186-g1003dc13e-dirty","clang","21.1.8 ","-O3 -march=armv8-a","mlkem-native","v1.2.0 (0ba906cb14b1c241476134d7403a811b382ca498)","ML-KEM-768","decapsulation",43,199000,3710976,True,""
"74b24b04-e82c-4473-afab-2b49cf13e703","9ed9e956-6b76-4aa6-bc5b-2d9eeb8d5d4d","2026-08-12T20:11:05Z","android_vivo_y19_termux","NATIVE_HARDWARE","aarch64","aarch64",8,3741,"Linux 4.14.186-g1003dc13e-dirty","clang","21.1.8 ","-O3 -march=armv8-a","mlkem-native","v1.2.0 (0ba906cb14b1c241476134d7403a811b382ca498)","ML-KEM-768","keygen",44,152538,3710976,True,""
"74b24b04-e82c-4473-afab-2b49cf13e703","9ed9e956-6b76-4aa6-bc5b-2d9eeb8d5d4d","2026-08-12T20:11:05Z","android_vivo_y19_termux","NATIVE_HARDWARE","aarch64","aarch64",8,3741,"Linux 4.14.186-g1003dc13e-dirty","clang","21.1.8 ","-O3 -march=armv8-a","mlkem-native","v1.2.0 (0ba906cb14b1c241476134d7403a811b382ca498)","ML-KEM-768","encapsulation",44,170462,3710976,True,""
"74b24b04-e82c-4473-afab-2b49cf13e703","9ed9e956-6b76-4aa6-bc5b-2d9eeb8d5d4d","2026-08-12T20:11:05Z","android_vivo_y19_termux","NATIVE_HARDWARE","aarch64","aarch64",8,3741,"Linux 4.14.186-g1003dc13e-dirty","clang","21.1.8 ","-O3 -march=armv8-a","mlkem-native","v1.2.0 (0ba906cb14b1c241476134d7403a811b382ca498)","ML-KEM-768","decapsulation",44,199461,3710976,True,""
"74b24b04-e82c-4473-afab-2b49cf13e703","9ed9e956-6b76-4aa6-bc5b-2d9eeb8d5d4d","2026-08-12T20:11:05Z","android_vivo_y19_termux","NATIVE_HARDWARE","aarch64","aarch64",8,3741,"Linux 4.14.186-g1003dc13e-dirty","clang","21.1.8 ","-O3 -march=armv8-a","mlkem-native","v1.2.0 (0ba906cb14b1c241476134d7403a811b382ca498)","ML-KEM-768","keygen",45,159154,3710976,True,""
"74b24b04-e82c-4473-afab-2b49cf13e703","9ed9e956-6b76-4aa6-bc5b-2d9eeb8d5d4d","2026-08-12T20:11:05Z","android_vivo_y19_termux","NATIVE_HARDWARE","aarch64","aarch64",8,3741,"Linux 4.14.186-g1003dc13e-dirty","clang","21.1.8 ","-O3 -march=armv8-a","mlkem-native","v1.2.0 (0ba906cb14b1c241476134d7403a811b382ca498)","ML-KEM-768","encapsulation",45,170154,3710976,True,""
"74b24b04-e82c-4473-afab-2b49cf13e703","9ed9e956-6b76-4aa6-bc5b-2d9eeb8d5d4d","2026-08-12T20:11:05Z","android_vivo_y19_termux","NATIVE_HARDWARE","aarch64","aarch64",8,3741,"Linux 4.14.186-g1003dc13e-dirty","clang","21.1.8 ","-O3 -march=armv8-a","mlkem-native","v1.2.0 (0ba906cb14b1c241476134d7403a811b382ca498)","ML-KEM-768","decapsulation",45,199615,3710976,True,""
"74b24b04-e82c-4473-afab-2b49cf13e703","9ed9e956-6b76-4aa6-bc5b-2d9eeb8d5d4d","2026-08-12T20:11:05Z","android_vivo_y19_termux","NATIVE_HARDWARE","aarch64","aarch64",8,3741,"Linux 4.14.186-g1003dc13e-dirty","clang","21.1.8 ","-O3 -march=armv8-a","mlkem-native","v1.2.0 (0ba906cb14b1c241476134d7403a811b382ca498)","ML-KEM-768","keygen",46,152846,3710976,True,""
"74b24b04-e82c-4473-afab-2b49cf13e703","9ed9e956-6b76-4aa6-bc5b-2d9eeb8d5d4d","2026-08-12T20:11:05Z","android_vivo_y19_termux","NATIVE_HARDWARE","aarch64","aarch64",8,3741,"Linux 4.14.186-g1003dc13e-dirty","clang","21.1.8 ","-O3 -march=armv8-a","mlkem-native","v1.2.0 (0ba906cb14b1c241476134d7403a811b382ca498)","ML-KEM-768","encapsulation",46,170769,3710976,True,""
"74b24b04-e82c-4473-afab-2b49cf13e703","9ed9e956-6b76-4aa6-bc5b-2d9eeb8d5d4d","2026-08-12T20:11:05Z","android_vivo_y19_termux","NATIVE_HARDWARE","aarch64","aarch64",8,3741,"Linux 4.14.186-g1003dc13e-dirty","clang","21.1.8 ","-O3 -march=armv8-a","mlkem-native","v1.2.0 (0ba906cb14b1c241476134d7403a811b382ca498)","ML-KEM-768","decapsulation",46,200231,3710976,True,""
"74b24b04-e82c-4473-afab-2b49cf13e703","9ed9e956-6b76-4aa6-bc5b-2d9eeb8d5d4d","2026-08-12T20:11:05Z","android_vivo_y19_termux","NATIVE_HARDWARE","aarch64","aarch64",8,3741,"Linux 4.14.186-g1003dc13e-dirty","clang","21.1.8 ","-O3 -march=armv8-a","mlkem-native","v1.2.0 (0ba906cb14b1c241476134d7403a811b382ca498)","ML-KEM-768","keygen",47,152923,3710976,True,""
"74b24b04-e82c-4473-afab-2b49cf13e703","9ed9e956-6b76-4aa6-bc5b-2d9eeb8d5d4d","2026-08-12T20:11:05Z","android_vivo_y19_termux","NATIVE_HARDWARE","aarch64","aarch64",8,3741,"Linux 4.14.186-g1003dc13e-dirty","clang","21.1.8 ","-O3 -march=armv8-a","mlkem-native","v1.2.0 (0ba906cb14b1c241476134d7403a811b382ca498)","ML-KEM-768","encapsulation",47,170462,3710976,True,""
"74b24b04-e82c-4473-afab-2b49cf13e703","9ed9e956-6b76-4aa6-bc5b-2d9eeb8d5d4d","2026-08-12T20:11:05Z","android_vivo_y19_termux","NATIVE_HARDWARE","aarch64","aarch64",8,3741,"Linux 4.14.186-g1003dc13e-dirty","clang","21.1.8 ","-O3 -march=armv8-a","mlkem-native","v1.2.0 (0ba906cb14b1c241476134d7403a811b382ca498)","ML-KEM-768","decapsulation",47,200000,3710976,True,""
"74b24b04-e82c-4473-afab-2b49cf13e703","9ed9e956-6b76-4aa6-bc5b-2d9eeb8d5d4d","2026-08-12T20:11:05Z","android_vivo_y19_termux","NATIVE_HARDWARE","aarch64","aarch64",8,3741,"Linux 4.14.186-g1003dc13e-dirty","clang","21.1.8 ","-O3 -march=armv8-a","mlkem-native","v1.2.0 (0ba906cb14b1c241476134d7403a811b382ca498)","ML-KEM-768","keygen",48,152615,3710976,True,""
"74b24b04-e82c-4473-afab-2b49cf13e703","9ed9e956-6b76-4aa6-bc5b-2d9eeb8d5d4d","2026-08-12T20:11:05Z","android_vivo_y19_termux","NATIVE_HARDWARE","aarch64","aarch64",8,3741,"Linux 4.14.186-g1003dc13e-dirty","clang","21.1.8 ","-O3 -march=armv8-a","mlkem-native","v1.2.0 (0ba906cb14b1c241476134d7403a811b382ca498)","ML-KEM-768","encapsulation",48,169847,3710976,True,""
"74b24b04-e82c-4473-afab-2b49cf13e703","9ed9e956-6b76-4aa6-bc5b-2d9eeb8d5d4d","2026-08-12T20:11:05Z","android_vivo_y19_termux","NATIVE_HARDWARE","aarch64","aarch64",8,3741,"Linux 4.14.186-g1003dc13e-dirty","clang","21.1.8 ","-O3 -march=armv8-a","mlkem-native","v1.2.0 (0ba906cb14b1c241476134d7403a811b382ca498)","ML-KEM-768","decapsulation",48,199077,3710976,True,""
"74b24b04-e82c-4473-afab-2b49cf13e703","9ed9e956-6b76-4aa6-bc5b-2d9eeb8d5d4d","2026-08-12T20:11:05Z","android_vivo_y19_termux","NATIVE_HARDWARE","aarch64","aarch64",8,3741,"Linux 4.14.186-g1003dc13e-dirty","clang","21.1.8 ","-O3 -march=armv8-a","mlkem-native","v1.2.0 (0ba906cb14b1c241476134d7403a811b382ca498)","ML-KEM-768","keygen",49,152308,3710976,True,""
"74b24b04-e82c-4473-afab-2b49cf13e703","9ed9e956-6b76-4aa6-bc5b-2d9eeb8d5d4d","2026-08-12T20:11:05Z","android_vivo_y19_termux","NATIVE_HARDWARE","aarch64","aarch64",8,3741,"Linux 4.14.186-g1003dc13e-dirty","clang","21.1.8 ","-O3 -march=armv8-a","mlkem-native","v1.2.0 (0ba906cb14b1c241476134d7403a811b382ca498)","ML-KEM-768","encapsulation",49,168923,3710976,True,""
"74b24b04-e82c-4473-afab-2b49cf13e703","9ed9e956-6b76-4aa6-bc5b-2d9eeb8d5d4d","2026-08-12T20:11:05Z","android_vivo_y19_termux","NATIVE_HARDWARE","aarch64","aarch64",8,3741,"Linux 4.14.186-g1003dc13e-dirty","clang","21.1.8 ","-O3 -march=armv8-a","mlkem-native","v1.2.0 (0ba906cb14b1c241476134d7403a811b382ca498)","ML-KEM-768","decapsulation",49,192307,3710976,True,""
"74b24b04-e82c-4473-afab-2b49cf13e703","9ed9e956-6b76-4aa6-bc5b-2d9eeb8d5d4d","2026-08-12T20:11:05Z","android_vivo_y19_termux","NATIVE_HARDWARE","aarch64","aarch64",8,3741,"Linux 4.14.186-g1003dc13e-dirty","clang","21.1.8 ","-O3 -march=armv8-a","mlkem-native","v1.2.0 (0ba906cb14b1c241476134d7403a811b382ca498)","ML-KEM-768","keygen",50,147462,3710976,True,""
"74b24b04-e82c-4473-afab-2b49cf13e703","9ed9e956-6b76-4aa6-bc5b-2d9eeb8d5d4d","2026-08-12T20:11:05Z","android_vivo_y19_termux","NATIVE_HARDWARE","aarch64","aarch64",8,3741,"Linux 4.14.186-g1003dc13e-dirty","clang","21.1.8 ","-O3 -march=armv8-a","mlkem-native","v1.2.0 (0ba906cb14b1c241476134d7403a811b382ca498)","ML-KEM-768","encapsulation",50,163692,3710976,True,""
"74b24b04-e82c-4473-afab-2b49cf13e703","9ed9e956-6b76-4aa6-bc5b-2d9eeb8d5d4d","2026-08-12T20:11:05Z","android_vivo_y19_termux","NATIVE_HARDWARE","aarch64","aarch64",8,3741,"Linux 4.14.186-g1003dc13e-dirty","clang","21.1.8 ","-O3 -march=armv8-a","mlkem-native","v1.2.0 (0ba906cb14b1c241476134d7403a811b382ca498)","ML-KEM-768","decapsulation",50,192000,3710976,True,""
"74b24b04-e82c-4473-afab-2b49cf13e703","9ed9e956-6b76-4aa6-bc5b-2d9eeb8d5d4d","2026-08-12T20:11:05Z","android_vivo_y19_termux","NATIVE_HARDWARE","aarch64","aarch64",8,3741,"Linux 4.14.186-g1003dc13e-dirty","clang","21.1.8 ","-O3 -march=armv8-a","mlkem-native","v1.2.0 (0ba906cb14b1c241476134d7403a811b382ca498)","ML-KEM-768","keygen",51,147308,3710976,True,""
"74b24b04-e82c-4473-afab-2b49cf13e703","9ed9e956-6b76-4aa6-bc5b-2d9eeb8d5d4d","2026-08-12T20:11:05Z","android_vivo_y19_termux","NATIVE_HARDWARE","aarch64","aarch64",8,3741,"Linux 4.14.186-g1003dc13e-dirty","clang","21.1.8 ","-O3 -march=armv8-a","mlkem-native","v1.2.0 (0ba906cb14b1c241476134d7403a811b382ca498)","ML-KEM-768","encapsulation",51,163692,3710976,True,""
"74b24b04-e82c-4473-afab-2b49cf13e703","9ed9e956-6b76-4aa6-bc5b-2d9eeb8d5d4d","2026-08-12T20:11:05Z","android_vivo_y19_termux","NATIVE_HARDWARE","aarch64","aarch64",8,3741,"Linux 4.14.186-g1003dc13e-dirty","clang","21.1.8 ","-O3 -march=armv8-a","mlkem-native","v1.2.0 (0ba906cb14b1c241476134d7403a811b382ca498)","ML-KEM-768","decapsulation",51,191923,3710976,True,""
"74b24b04-e82c-4473-afab-2b49cf13e703","9ed9e956-6b76-4aa6-bc5b-2d9eeb8d5d4d","2026-08-12T20:11:05Z","android_vivo_y19_termux","NATIVE_HARDWARE","aarch64","aarch64",8,3741,"Linux 4.14.186-g1003dc13e-dirty","clang","21.1.8 ","-O3 -march=armv8-a","mlkem-native","v1.2.0 (0ba906cb14b1c241476134d7403a811b382ca498)","ML-KEM-768","keygen",52,146231,3710976,True,""
"74b24b04-e82c-4473-afab-2b49cf13e703","9ed9e956-6b76-4aa6-bc5b-2d9eeb8d5d4d","2026-08-12T20:11:05Z","android_vivo_y19_termux","NATIVE_HARDWARE","aarch64","aarch64",8,3741,"Linux 4.14.186-g1003dc13e-dirty","clang","21.1.8 ","-O3 -march=armv8-a","mlkem-native","v1.2.0 (0ba906cb14b1c241476134d7403a811b382ca498)","ML-KEM-768","encapsulation",52,164307,3710976,True,""
"74b24b04-e82c-4473-afab-2b49cf13e703","9ed9e956-6b76-4aa6-bc5b-2d9eeb8d5d4d","2026-08-12T20:11:05Z","android_vivo_y19_termux","NATIVE_HARDWARE","aarch64","aarch64",8,3741,"Linux 4.14.186-g1003dc13e-dirty","clang","21.1.8 ","-O3 -march=armv8-a","mlkem-native","v1.2.0 (0ba906cb14b1c241476134d7403a811b382ca498)","ML-KEM-768","decapsulation",52,192616,3710976,True,""
"74b24b04-e82c-4473-afab-2b49cf13e703","9ed9e956-6b76-4aa6-bc5b-2d9eeb8d5d4d","2026-08-12T20:11:05Z","android_vivo_y19_termux","NATIVE_HARDWARE","aarch64","aarch64",8,3741,"Linux 4.14.186-g1003dc13e-dirty","clang","21.1.8 ","-O3 -march=armv8-a","mlkem-native","v1.2.0 (0ba906cb14b1c241476134d7403a811b382ca498)","ML-KEM-768","keygen",53,146846,3710976,True,""
"74b24b04-e82c-4473-afab-2b49cf13e703","9ed9e956-6b76-4aa6-bc5b-2d9eeb8d5d4d","2026-08-12T20:11:05Z","android_vivo_y19_termux","NATIVE_HARDWARE","aarch64","aarch64",8,3741,"Linux 4.14.186-g1003dc13e-dirty","clang","21.1.8 ","-O3 -march=armv8-a","mlkem-native","v1.2.0 (0ba906cb14b1c241476134d7403a811b382ca498)","ML-KEM-768","encapsulation",53,163308,3710976,True,""
"74b24b04-e82c-4473-afab-2b49cf13e703","9ed9e956-6b76-4aa6-bc5b-2d9eeb8d5d4d","2026-08-12T20:11:05Z","android_vivo_y19_termux","NATIVE_HARDWARE","aarch64","aarch64",8,3741,"Linux 4.14.186-g1003dc13e-dirty","clang","21.1.8 ","-O3 -march=armv8-a","mlkem-native","v1.2.0 (0ba906cb14b1c241476134d7403a811b382ca498)","ML-KEM-768","decapsulation",53,191769,3710976,True,""
"74b24b04-e82c-4473-afab-2b49cf13e703","9ed9e956-6b76-4aa6-bc5b-2d9eeb8d5d4d","2026-08-12T20:11:05Z","android_vivo_y19_termux","NATIVE_HARDWARE","aarch64","aarch64",8,3741,"Linux 4.14.186-g1003dc13e-dirty","clang","21.1.8 ","-O3 -march=armv8-a","mlkem-native","v1.2.0 (0ba906cb14b1c241476134d7403a811b382ca498)","ML-KEM-768","keygen",54,146846,3710976,True,""
"74b24b04-e82c-4473-afab-2b49cf13e703","9ed9e956-6b76-4aa6-bc5b-2d9eeb8d5d4d","2026-08-12T20:11:05Z","android_vivo_y19_termux","NATIVE_HARDWARE","aarch64","aarch64",8,3741,"Linux 4.14.186-g1003dc13e-dirty","clang","21.1.8 ","-O3 -march=armv8-a","mlkem-native","v1.2.0 (0ba906cb14b1c241476134d7403a811b382ca498)","ML-KEM-768","encapsulation",54,169846,3710976,True,""
"74b24b04-e82c-4473-afab-2b49cf13e703","9ed9e956-6b76-4aa6-bc5b-2d9eeb8d5d4d","2026-08-12T20:11:05Z","android_vivo_y19_termux","NATIVE_HARDWARE","aarch64","aarch64",8,3741,"Linux 4.14.186-g1003dc13e-dirty","clang","21.1.8 ","-O3 -march=armv8-a","mlkem-native","v1.2.0 (0ba906cb14b1c241476134d7403a811b382ca498)","ML-KEM-768","decapsulation",54,198230,3710976,True,""
"74b24b04-e82c-4473-afab-2b49cf13e703","9ed9e956-6b76-4aa6-bc5b-2d9eeb8d5d4d","2026-08-12T20:11:05Z","android_vivo_y19_termux","NATIVE_HARDWARE","aarch64","aarch64",8,3741,"Linux 4.14.186-g1003dc13e-dirty","clang","21.1.8 ","-O3 -march=armv8-a","mlkem-native","v1.2.0 (0ba906cb14b1c241476134d7403a811b382ca498)","ML-KEM-768","keygen",55,147385,3710976,True,""
"74b24b04-e82c-4473-afab-2b49cf13e703","9ed9e956-6b76-4aa6-bc5b-2d9eeb8d5d4d","2026-08-12T20:11:05Z","android_vivo_y19_termux","NATIVE_HARDWARE","aarch64","aarch64",8,3741,"Linux 4.14.186-g1003dc13e-dirty","clang","21.1.8 ","-O3 -march=armv8-a","mlkem-native","v1.2.0 (0ba906cb14b1c241476134d7403a811b382ca498)","ML-KEM-768","encapsulation",55,163769,3710976,True,""
"74b24b04-e82c-4473-afab-2b49cf13e703","9ed9e956-6b76-4aa6-bc5b-2d9eeb8d5d4d","2026-08-12T20:11:05Z","android_vivo_y19_termux","NATIVE_HARDWARE","aarch64","aarch64",8,3741,"Linux 4.14.186-g1003dc13e-dirty","clang","21.1.8 ","-O3 -march=armv8-a","mlkem-native","v1.2.0 (0ba906cb14b1c241476134d7403a811b382ca498)","ML-KEM-768","decapsulation",55,192077,3710976,True,""
"74b24b04-e82c-4473-afab-2b49cf13e703","9ed9e956-6b76-4aa6-bc5b-2d9eeb8d5d4d","2026-08-12T20:11:05Z","android_vivo_y19_termux","NATIVE_HARDWARE","aarch64","aarch64",8,3741,"Linux 4.14.186-g1003dc13e-dirty","clang","21.1.8 ","-O3 -march=armv8-a","mlkem-native","v1.2.0 (0ba906cb14b1c241476134d7403a811b382ca498)","ML-KEM-768","keygen",56,147770,3710976,True,""
"74b24b04-e82c-4473-afab-2b49cf13e703","9ed9e956-6b76-4aa6-bc5b-2d9eeb8d5d4d","2026-08-12T20:11:05Z","android_vivo_y19_termux","NATIVE_HARDWARE","aarch64","aarch64",8,3741,"Linux 4.14.186-g1003dc13e-dirty","clang","21.1.8 ","-O3 -march=armv8-a","mlkem-native","v1.2.0 (0ba906cb14b1c241476134d7403a811b382ca498)","ML-KEM-768","encapsulation",56,163923,3710976,True,""
"74b24b04-e82c-4473-afab-2b49cf13e703","9ed9e956-6b76-4aa6-bc5b-2d9eeb8d5d4d","2026-08-12T20:11:05Z","android_vivo_y19_termux","NATIVE_HARDWARE","aarch64","aarch64",8,3741,"Linux 4.14.186-g1003dc13e-dirty","clang","21.1.8 ","-O3 -march=armv8-a","mlkem-native","v1.2.0 (0ba906cb14b1c241476134d7403a811b382ca498)","ML-KEM-768","decapsulation",56,192308,3710976,True,""
"74b24b04-e82c-4473-afab-2b49cf13e703","9ed9e956-6b76-4aa6-bc5b-2d9eeb8d5d4d","2026-08-12T20:11:05Z","android_vivo_y19_termux","NATIVE_HARDWARE","aarch64","aarch64",8,3741,"Linux 4.14.186-g1003dc13e-dirty","clang","21.1.8 ","-O3 -march=armv8-a","mlkem-native","v1.2.0 (0ba906cb14b1c241476134d7403a811b382ca498)","ML-KEM-768","keygen",57,200307,3710976,True,""
"74b24b04-e82c-4473-afab-2b49cf13e703","9ed9e956-6b76-4aa6-bc5b-2d9eeb8d5d4d","2026-08-12T20:11:05Z","android_vivo_y19_termux","NATIVE_HARDWARE","aarch64","aarch64",8,3741,"Linux 4.14.186-g1003dc13e-dirty","clang","21.1.8 ","-O3 -march=armv8-a","mlkem-native","v1.2.0 (0ba906cb14b1c241476134d7403a811b382ca498)","ML-KEM-768","encapsulation",57,163077,3710976,True,""
"74b24b04-e82c-4473-afab-2b49cf13e703","9ed9e956-6b76-4aa6-bc5b-2d9eeb8d5d4d","2026-08-12T20:11:05Z","android_vivo_y19_termux","NATIVE_HARDWARE","aarch64","aarch64",8,3741,"Linux 4.14.186-g1003dc13e-dirty","clang","21.1.8 ","-O3 -march=armv8-a","mlkem-native","v1.2.0 (0ba906cb14b1c241476134d7403a811b382ca498)","ML-KEM-768","decapsulation",57,191307,3710976,True,""
"74b24b04-e82c-4473-afab-2b49cf13e703","9ed9e956-6b76-4aa6-bc5b-2d9eeb8d5d4d","2026-08-12T20:11:05Z","android_vivo_y19_termux","NATIVE_HARDWARE","aarch64","aarch64",8,3741,"Linux 4.14.186-g1003dc13e-dirty","clang","21.1.8 ","-O3 -march=armv8-a","mlkem-native","v1.2.0 (0ba906cb14b1c241476134d7403a811b382ca498)","ML-KEM-768","keygen",58,146692,3710976,True,""
"74b24b04-e82c-4473-afab-2b49cf13e703","9ed9e956-6b76-4aa6-bc5b-2d9eeb8d5d4d","2026-08-12T20:11:05Z","android_vivo_y19_termux","NATIVE_HARDWARE","aarch64","aarch64",8,3741,"Linux 4.14.186-g1003dc13e-dirty","clang","21.1.8 ","-O3 -march=armv8-a","mlkem-native","v1.2.0 (0ba906cb14b1c241476134d7403a811b382ca498)","ML-KEM-768","encapsulation",58,163692,3710976,True,""
"74b24b04-e82c-4473-afab-2b49cf13e703","9ed9e956-6b76-4aa6-bc5b-2d9eeb8d5d4d","2026-08-12T20:11:05Z","android_vivo_y19_termux","NATIVE_HARDWARE","aarch64","aarch64",8,3741,"Linux 4.14.186-g1003dc13e-dirty","clang","21.1.8 ","-O3 -march=armv8-a","mlkem-native","v1.2.0 (0ba906cb14b1c241476134d7403a811b382ca498)","ML-KEM-768","decapsulation",58,192308,3710976,True,""
"74b24b04-e82c-4473-afab-2b49cf13e703","9ed9e956-6b76-4aa6-bc5b-2d9eeb8d5d4d","2026-08-12T20:11:05Z","android_vivo_y19_termux","NATIVE_HARDWARE","aarch64","aarch64",8,3741,"Linux 4.14.186-g1003dc13e-dirty","clang","21.1.8 ","-O3 -march=armv8-a","mlkem-native","v1.2.0 (0ba906cb14b1c241476134d7403a811b382ca498)","ML-KEM-768","keygen",59,145923,3710976,True,""
"74b24b04-e82c-4473-afab-2b49cf13e703","9ed9e956-6b76-4aa6-bc5b-2d9eeb8d5d4d","2026-08-12T20:11:05Z","android_vivo_y19_termux","NATIVE_HARDWARE","aarch64","aarch64",8,3741,"Linux 4.14.186-g1003dc13e-dirty","clang","21.1.8 ","-O3 -march=armv8-a","mlkem-native","v1.2.0 (0ba906cb14b1c241476134d7403a811b382ca498)","ML-KEM-768","encapsulation",59,163384,3710976,True,""
"74b24b04-e82c-4473-afab-2b49cf13e703","9ed9e956-6b76-4aa6-bc5b-2d9eeb8d5d4d","2026-08-12T20:11:05Z","android_vivo_y19_termux","NATIVE_HARDWARE","aarch64","aarch64",8,3741,"Linux 4.14.186-g1003dc13e-dirty","clang","21.1.8 ","-O3 -march=armv8-a","mlkem-native","v1.2.0 (0ba906cb14b1c241476134d7403a811b382ca498)","ML-KEM-768","decapsulation",59,194846,3710976,True,""
"74b24b04-e82c-4473-afab-2b49cf13e703","9ed9e956-6b76-4aa6-bc5b-2d9eeb8d5d4d","2026-08-12T20:11:05Z","android_vivo_y19_termux","NATIVE_HARDWARE","aarch64","aarch64",8,3741,"Linux 4.14.186-g1003dc13e-dirty","clang","21.1.8 ","-O3 -march=armv8-a","mlkem-native","v1.2.0 (0ba906cb14b1c241476134d7403a811b382ca498)","ML-KEM-768","keygen",60,148923,3710976,True,""
"74b24b04-e82c-4473-afab-2b49cf13e703","9ed9e956-6b76-4aa6-bc5b-2d9eeb8d5d4d","2026-08-12T20:11:05Z","android_vivo_y19_termux","NATIVE_HARDWARE","aarch64","aarch64",8,3741,"Linux 4.14.186-g1003dc13e-dirty","clang","21.1.8 ","-O3 -march=armv8-a","mlkem-native","v1.2.0 (0ba906cb14b1c241476134d7403a811b382ca498)","ML-KEM-768","encapsulation",60,163692,3710976,True,""
"74b24b04-e82c-4473-afab-2b49cf13e703","9ed9e956-6b76-4aa6-bc5b-2d9eeb8d5d4d","2026-08-12T20:11:05Z","android_vivo_y19_termux","NATIVE_HARDWARE","aarch64","aarch64",8,3741,"Linux 4.14.186-g1003dc13e-dirty","clang","21.1.8 ","-O3 -march=armv8-a","mlkem-native","v1.2.0 (0ba906cb14b1c241476134d7403a811b382ca498)","ML-KEM-768","decapsulation",60,190462,3710976,True,""
"74b24b04-e82c-4473-afab-2b49cf13e703","9ed9e956-6b76-4aa6-bc5b-2d9eeb8d5d4d","2026-08-12T20:11:05Z","android_vivo_y19_termux","NATIVE_HARDWARE","aarch64","aarch64",8,3741,"Linux 4.14.186-g1003dc13e-dirty","clang","21.1.8 ","-O3 -march=armv8-a","mlkem-native","v1.2.0 (0ba906cb14b1c241476134d7403a811b382ca498)","ML-KEM-768","keygen",61,138154,3710976,True,""
"74b24b04-e82c-4473-afab-2b49cf13e703","9ed9e956-6b76-4aa6-bc5b-2d9eeb8d5d4d","2026-08-12T20:11:05Z","android_vivo_y19_termux","NATIVE_HARDWARE","aarch64","aarch64",8,3741,"Linux 4.14.186-g1003dc13e-dirty","clang","21.1.8 ","-O3 -march=armv8-a","mlkem-native","v1.2.0 (0ba906cb14b1c241476134d7403a811b382ca498)","ML-KEM-768","encapsulation",61,154769,3710976,True,""
"74b24b04-e82c-4473-afab-2b49cf13e703","9ed9e956-6b76-4aa6-bc5b-2d9eeb8d5d4d","2026-08-12T20:11:05Z","android_vivo_y19_termux","NATIVE_HARDWARE","aarch64","aarch64",8,3741,"Linux 4.14.186-g1003dc13e-dirty","clang","21.1.8 ","-O3 -march=armv8-a","mlkem-native","v1.2.0 (0ba906cb14b1c241476134d7403a811b382ca498)","ML-KEM-768","decapsulation",61,181461,3710976,True,""
"74b24b04-e82c-4473-afab-2b49cf13e703","9ed9e956-6b76-4aa6-bc5b-2d9eeb8d5d4d","2026-08-12T20:11:05Z","android_vivo_y19_termux","NATIVE_HARDWARE","aarch64","aarch64",8,3741,"Linux 4.14.186-g1003dc13e-dirty","clang","21.1.8 ","-O3 -march=armv8-a","mlkem-native","v1.2.0 (0ba906cb14b1c241476134d7403a811b382ca498)","ML-KEM-768","keygen",62,138385,3710976,True,""
"74b24b04-e82c-4473-afab-2b49cf13e703","9ed9e956-6b76-4aa6-bc5b-2d9eeb8d5d4d","2026-08-12T20:11:05Z","android_vivo_y19_termux","NATIVE_HARDWARE","aarch64","aarch64",8,3741,"Linux 4.14.186-g1003dc13e-dirty","clang","21.1.8 ","-O3 -march=armv8-a","mlkem-native","v1.2.0 (0ba906cb14b1c241476134d7403a811b382ca498)","ML-KEM-768","encapsulation",62,153615,3710976,True,""
"74b24b04-e82c-4473-afab-2b49cf13e703","9ed9e956-6b76-4aa6-bc5b-2d9eeb8d5d4d","2026-08-12T20:11:05Z","android_vivo_y19_termux","NATIVE_HARDWARE","aarch64","aarch64",8,3741,"Linux 4.14.186-g1003dc13e-dirty","clang","21.1.8 ","-O3 -march=armv8-a","mlkem-native","v1.2.0 (0ba906cb14b1c241476134d7403a811b382ca498)","ML-KEM-768","decapsulation",62,179770,3710976,True,""
"74b24b04-e82c-4473-afab-2b49cf13e703","9ed9e956-6b76-4aa6-bc5b-2d9eeb8d5d4d","2026-08-12T20:11:05Z","android_vivo_y19_termux","NATIVE_HARDWARE","aarch64","aarch64",8,3741,"Linux 4.14.186-g1003dc13e-dirty","clang","21.1.8 ","-O3 -march=armv8-a","mlkem-native","v1.2.0 (0ba906cb14b1c241476134d7403a811b382ca498)","ML-KEM-768","keygen",63,138461,3710976,True,""
"74b24b04-e82c-4473-afab-2b49cf13e703","9ed9e956-6b76-4aa6-bc5b-2d9eeb8d5d4d","2026-08-12T20:11:05Z","android_vivo_y19_termux","NATIVE_HARDWARE","aarch64","aarch64",8,3741,"Linux 4.14.186-g1003dc13e-dirty","clang","21.1.8 ","-O3 -march=armv8-a","mlkem-native","v1.2.0 (0ba906cb14b1c241476134d7403a811b382ca498)","ML-KEM-768","encapsulation",63,154385,3710976,True,""
"74b24b04-e82c-4473-afab-2b49cf13e703","9ed9e956-6b76-4aa6-bc5b-2d9eeb8d5d4d","2026-08-12T20:11:05Z","android_vivo_y19_termux","NATIVE_HARDWARE","aarch64","aarch64",8,3741,"Linux 4.14.186-g1003dc13e-dirty","clang","21.1.8 ","-O3 -march=armv8-a","mlkem-native","v1.2.0 (0ba906cb14b1c241476134d7403a811b382ca498)","ML-KEM-768","decapsulation",63,180615,3710976,True,""
"74b24b04-e82c-4473-afab-2b49cf13e703","9ed9e956-6b76-4aa6-bc5b-2d9eeb8d5d4d","2026-08-12T20:11:05Z","android_vivo_y19_termux","NATIVE_HARDWARE","aarch64","aarch64",8,3741,"Linux 4.14.186-g1003dc13e-dirty","clang","21.1.8 ","-O3 -march=armv8-a","mlkem-native","v1.2.0 (0ba906cb14b1c241476134d7403a811b382ca498)","ML-KEM-768","keygen",64,138462,3710976,True,""
"74b24b04-e82c-4473-afab-2b49cf13e703","9ed9e956-6b76-4aa6-bc5b-2d9eeb8d5d4d","2026-08-12T20:11:05Z","android_vivo_y19_termux","NATIVE_HARDWARE","aarch64","aarch64",8,3741,"Linux 4.14.186-g1003dc13e-dirty","clang","21.1.8 ","-O3 -march=armv8-a","mlkem-native","v1.2.0 (0ba906cb14b1c241476134d7403a811b382ca498)","ML-KEM-768","encapsulation",64,154538,3710976,True,""
"74b24b04-e82c-4473-afab-2b49cf13e703","9ed9e956-6b76-4aa6-bc5b-2d9eeb8d5d4d","2026-08-12T20:11:05Z","android_vivo_y19_termux","NATIVE_HARDWARE","aarch64","aarch64",8,3741,"Linux 4.14.186-g1003dc13e-dirty","clang","21.1.8 ","-O3 -march=armv8-a","mlkem-native","v1.2.0 (0ba906cb14b1c241476134d7403a811b382ca498)","ML-KEM-768","decapsulation",64,181231,3710976,True,""
"74b24b04-e82c-4473-afab-2b49cf13e703","9ed9e956-6b76-4aa6-bc5b-2d9eeb8d5d4d","2026-08-12T20:11:05Z","android_vivo_y19_termux","NATIVE_HARDWARE","aarch64","aarch64",8,3741,"Linux 4.14.186-g1003dc13e-dirty","clang","21.1.8 ","-O3 -march=armv8-a","mlkem-native","v1.2.0 (0ba906cb14b1c241476134d7403a811b382ca498)","ML-KEM-768","keygen",65,184923,3710976,True,""
"74b24b04-e82c-4473-afab-2b49cf13e703","9ed9e956-6b76-4aa6-bc5b-2d9eeb8d5d4d","2026-08-12T20:11:05Z","android_vivo_y19_termux","NATIVE_HARDWARE","aarch64","aarch64",8,3741,"Linux 4.14.186-g1003dc13e-dirty","clang","21.1.8 ","-O3 -march=armv8-a","mlkem-native","v1.2.0 (0ba906cb14b1c241476134d7403a811b382ca498)","ML-KEM-768","encapsulation",65,154154,3710976,True,""
"74b24b04-e82c-4473-afab-2b49cf13e703","9ed9e956-6b76-4aa6-bc5b-2d9eeb8d5d4d","2026-08-12T20:11:05Z","android_vivo_y19_termux","NATIVE_HARDWARE","aarch64","aarch64",8,3741,"Linux 4.14.186-g1003dc13e-dirty","clang","21.1.8 ","-O3 -march=armv8-a","mlkem-native","v1.2.0 (0ba906cb14b1c241476134d7403a811b382ca498)","ML-KEM-768","decapsulation",65,180846,3710976,True,""
"74b24b04-e82c-4473-afab-2b49cf13e703","9ed9e956-6b76-4aa6-bc5b-2d9eeb8d5d4d","2026-08-12T20:11:05Z","android_vivo_y19_termux","NATIVE_HARDWARE","aarch64","aarch64",8,3741,"Linux 4.14.186-g1003dc13e-dirty","clang","21.1.8 ","-O3 -march=armv8-a","mlkem-native","v1.2.0 (0ba906cb14b1c241476134d7403a811b382ca498)","ML-KEM-768","keygen",66,138385,3710976,True,""
"74b24b04-e82c-4473-afab-2b49cf13e703","9ed9e956-6b76-4aa6-bc5b-2d9eeb8d5d4d","2026-08-12T20:11:05Z","android_vivo_y19_termux","NATIVE_HARDWARE","aarch64","aarch64",8,3741,"Linux 4.14.186-g1003dc13e-dirty","clang","21.1.8 ","-O3 -march=armv8-a","mlkem-native","v1.2.0 (0ba906cb14b1c241476134d7403a811b382ca498)","ML-KEM-768","encapsulation",66,154538,3710976,True,""
"74b24b04-e82c-4473-afab-2b49cf13e703","9ed9e956-6b76-4aa6-bc5b-2d9eeb8d5d4d","2026-08-12T20:11:05Z","android_vivo_y19_termux","NATIVE_HARDWARE","aarch64","aarch64",8,3741,"Linux 4.14.186-g1003dc13e-dirty","clang","21.1.8 ","-O3 -march=armv8-a","mlkem-native","v1.2.0 (0ba906cb14b1c241476134d7403a811b382ca498)","ML-KEM-768","decapsulation",66,180385,3710976,True,""
"74b24b04-e82c-4473-afab-2b49cf13e703","9ed9e956-6b76-4aa6-bc5b-2d9eeb8d5d4d","2026-08-12T20:11:05Z","android_vivo_y19_termux","NATIVE_HARDWARE","aarch64","aarch64",8,3741,"Linux 4.14.186-g1003dc13e-dirty","clang","21.1.8 ","-O3 -march=armv8-a","mlkem-native","v1.2.0 (0ba906cb14b1c241476134d7403a811b382ca498)","ML-KEM-768","keygen",67,138231,3710976,True,""
"74b24b04-e82c-4473-afab-2b49cf13e703","9ed9e956-6b76-4aa6-bc5b-2d9eeb8d5d4d","2026-08-12T20:11:05Z","android_vivo_y19_termux","NATIVE_HARDWARE","aarch64","aarch64",8,3741,"Linux 4.14.186-g1003dc13e-dirty","clang","21.1.8 ","-O3 -march=armv8-a","mlkem-native","v1.2.0 (0ba906cb14b1c241476134d7403a811b382ca498)","ML-KEM-768","encapsulation",67,154846,3710976,True,""
"74b24b04-e82c-4473-afab-2b49cf13e703","9ed9e956-6b76-4aa6-bc5b-2d9eeb8d5d4d","2026-08-12T20:11:05Z","android_vivo_y19_termux","NATIVE_HARDWARE","aarch64","aarch64",8,3741,"Linux 4.14.186-g1003dc13e-dirty","clang","21.1.8 ","-O3 -march=armv8-a","mlkem-native","v1.2.0 (0ba906cb14b1c241476134d7403a811b382ca498)","ML-KEM-768","decapsulation",67,180923,3710976,True,""
"74b24b04-e82c-4473-afab-2b49cf13e703","9ed9e956-6b76-4aa6-bc5b-2d9eeb8d5d4d","2026-08-12T20:11:05Z","android_vivo_y19_termux","NATIVE_HARDWARE","aarch64","aarch64",8,3741,"Linux 4.14.186-g1003dc13e-dirty","clang","21.1.8 ","-O3 -march=armv8-a","mlkem-native","v1.2.0 (0ba906cb14b1c241476134d7403a811b382ca498)","ML-KEM-768","keygen",68,138231,3710976,True,""
"74b24b04-e82c-4473-afab-2b49cf13e703","9ed9e956-6b76-4aa6-bc5b-2d9eeb8d5d4d","2026-08-12T20:11:05Z","android_vivo_y19_termux","NATIVE_HARDWARE","aarch64","aarch64",8,3741,"Linux 4.14.186-g1003dc13e-dirty","clang","21.1.8 ","-O3 -march=armv8-a","mlkem-native","v1.2.0 (0ba906cb14b1c241476134d7403a811b382ca498)","ML-KEM-768","encapsulation",68,154384,3710976,True,""
"74b24b04-e82c-4473-afab-2b49cf13e703","9ed9e956-6b76-4aa6-bc5b-2d9eeb8d5d4d","2026-08-12T20:11:05Z","android_vivo_y19_termux","NATIVE_HARDWARE","aarch64","aarch64",8,3741,"Linux 4.14.186-g1003dc13e-dirty","clang","21.1.8 ","-O3 -march=armv8-a","mlkem-native","v1.2.0 (0ba906cb14b1c241476134d7403a811b382ca498)","ML-KEM-768","decapsulation",68,180385,3710976,True,""
"74b24b04-e82c-4473-afab-2b49cf13e703","9ed9e956-6b76-4aa6-bc5b-2d9eeb8d5d4d","2026-08-12T20:11:05Z","android_vivo_y19_termux","NATIVE_HARDWARE","aarch64","aarch64",8,3741,"Linux 4.14.186-g1003dc13e-dirty","clang","21.1.8 ","-O3 -march=armv8-a","mlkem-native","v1.2.0 (0ba906cb14b1c241476134d7403a811b382ca498)","ML-KEM-768","keygen",69,138538,3710976,True,""
"74b24b04-e82c-4473-afab-2b49cf13e703","9ed9e956-6b76-4aa6-bc5b-2d9eeb8d5d4d","2026-08-12T20:11:05Z","android_vivo_y19_termux","NATIVE_HARDWARE","aarch64","aarch64",8,3741,"Linux 4.14.186-g1003dc13e-dirty","clang","21.1.8 ","-O3 -march=armv8-a","mlkem-native","v1.2.0 (0ba906cb14b1c241476134d7403a811b382ca498)","ML-KEM-768","encapsulation",69,155000,3710976,True,""
"74b24b04-e82c-4473-afab-2b49cf13e703","9ed9e956-6b76-4aa6-bc5b-2d9eeb8d5d4d","2026-08-12T20:11:05Z","android_vivo_y19_termux","NATIVE_HARDWARE","aarch64","aarch64",8,3741,"Linux 4.14.186-g1003dc13e-dirty","clang","21.1.8 ","-O3 -march=armv8-a","mlkem-native","v1.2.0 (0ba906cb14b1c241476134d7403a811b382ca498)","ML-KEM-768","decapsulation",69,181000,3710976,True,""
"74b24b04-e82c-4473-afab-2b49cf13e703","9ed9e956-6b76-4aa6-bc5b-2d9eeb8d5d4d","2026-08-12T20:11:05Z","android_vivo_y19_termux","NATIVE_HARDWARE","aarch64","aarch64",8,3741,"Linux 4.14.186-g1003dc13e-dirty","clang","21.1.8 ","-O3 -march=armv8-a","mlkem-native","v1.2.0 (0ba906cb14b1c241476134d7403a811b382ca498)","ML-KEM-768","keygen",70,138461,3710976,True,""
"74b24b04-e82c-4473-afab-2b49cf13e703","9ed9e956-6b76-4aa6-bc5b-2d9eeb8d5d4d","2026-08-12T20:11:05Z","android_vivo_y19_termux","NATIVE_HARDWARE","aarch64","aarch64",8,3741,"Linux 4.14.186-g1003dc13e-dirty","clang","21.1.8 ","-O3 -march=armv8-a","mlkem-native","v1.2.0 (0ba906cb14b1c241476134d7403a811b382ca498)","ML-KEM-768","encapsulation",70,156307,3710976,True,""
"74b24b04-e82c-4473-afab-2b49cf13e703","9ed9e956-6b76-4aa6-bc5b-2d9eeb8d5d4d","2026-08-12T20:11:05Z","android_vivo_y19_termux","NATIVE_HARDWARE","aarch64","aarch64",8,3741,"Linux 4.14.186-g1003dc13e-dirty","clang","21.1.8 ","-O3 -march=armv8-a","mlkem-native","v1.2.0 (0ba906cb14b1c241476134d7403a811b382ca498)","ML-KEM-768","decapsulation",70,182461,3710976,True,""
"74b24b04-e82c-4473-afab-2b49cf13e703","9ed9e956-6b76-4aa6-bc5b-2d9eeb8d5d4d","2026-08-12T20:11:05Z","android_vivo_y19_termux","NATIVE_HARDWARE","aarch64","aarch64",8,3741,"Linux 4.14.186-g1003dc13e-dirty","clang","21.1.8 ","-O3 -march=armv8-a","mlkem-native","v1.2.0 (0ba906cb14b1c241476134d7403a811b382ca498)","ML-KEM-768","keygen",71,145846,3710976,True,""
"74b24b04-e82c-4473-afab-2b49cf13e703","9ed9e956-6b76-4aa6-bc5b-2d9eeb8d5d4d","2026-08-12T20:11:05Z","android_vivo_y19_termux","NATIVE_HARDWARE","aarch64","aarch64",8,3741,"Linux 4.14.186-g1003dc13e-dirty","clang","21.1.8 ","-O3 -march=armv8-a","mlkem-native","v1.2.0 (0ba906cb14b1c241476134d7403a811b382ca498)","ML-KEM-768","encapsulation",71,155615,3710976,True,""
"74b24b04-e82c-4473-afab-2b49cf13e703","9ed9e956-6b76-4aa6-bc5b-2d9eeb8d5d4d","2026-08-12T20:11:05Z","android_vivo_y19_termux","NATIVE_HARDWARE","aarch64","aarch64",8,3741,"Linux 4.14.186-g1003dc13e-dirty","clang","21.1.8 ","-O3 -march=armv8-a","mlkem-native","v1.2.0 (0ba906cb14b1c241476134d7403a811b382ca498)","ML-KEM-768","decapsulation",71,182384,3710976,True,""
"74b24b04-e82c-4473-afab-2b49cf13e703","9ed9e956-6b76-4aa6-bc5b-2d9eeb8d5d4d","2026-08-12T20:11:05Z","android_vivo_y19_termux","NATIVE_HARDWARE","aarch64","aarch64",8,3741,"Linux 4.14.186-g1003dc13e-dirty","clang","21.1.8 ","-O3 -march=armv8-a","mlkem-native","v1.2.0 (0ba906cb14b1c241476134d7403a811b382ca498)","ML-KEM-768","keygen",72,139076,3710976,True,""
"74b24b04-e82c-4473-afab-2b49cf13e703","9ed9e956-6b76-4aa6-bc5b-2d9eeb8d5d4d","2026-08-12T20:11:05Z","android_vivo_y19_termux","NATIVE_HARDWARE","aarch64","aarch64",8,3741,"Linux 4.14.186-g1003dc13e-dirty","clang","21.1.8 ","-O3 -march=armv8-a","mlkem-native","v1.2.0 (0ba906cb14b1c241476134d7403a811b382ca498)","ML-KEM-768","encapsulation",72,155385,3710976,True,""
"74b24b04-e82c-4473-afab-2b49cf13e703","9ed9e956-6b76-4aa6-bc5b-2d9eeb8d5d4d","2026-08-12T20:11:05Z","android_vivo_y19_termux","NATIVE_HARDWARE","aarch64","aarch64",8,3741,"Linux 4.14.186-g1003dc13e-dirty","clang","21.1.8 ","-O3 -march=armv8-a","mlkem-native","v1.2.0 (0ba906cb14b1c241476134d7403a811b382ca498)","ML-KEM-768","decapsulation",72,182692,3710976,True,""
"74b24b04-e82c-4473-afab-2b49cf13e703","9ed9e956-6b76-4aa6-bc5b-2d9eeb8d5d4d","2026-08-12T20:11:05Z","android_vivo_y19_termux","NATIVE_HARDWARE","aarch64","aarch64",8,3741,"Linux 4.14.186-g1003dc13e-dirty","clang","21.1.8 ","-O3 -march=armv8-a","mlkem-native","v1.2.0 (0ba906cb14b1c241476134d7403a811b382ca498)","ML-KEM-768","keygen",73,139154,3710976,True,""
"74b24b04-e82c-4473-afab-2b49cf13e703","9ed9e956-6b76-4aa6-bc5b-2d9eeb8d5d4d","2026-08-12T20:11:05Z","android_vivo_y19_termux","NATIVE_HARDWARE","aarch64","aarch64",8,3741,"Linux 4.14.186-g1003dc13e-dirty","clang","21.1.8 ","-O3 -march=armv8-a","mlkem-native","v1.2.0 (0ba906cb14b1c241476134d7403a811b382ca498)","ML-KEM-768","encapsulation",73,155385,3710976,True,""
"74b24b04-e82c-4473-afab-2b49cf13e703","9ed9e956-6b76-4aa6-bc5b-2d9eeb8d5d4d","2026-08-12T20:11:05Z","android_vivo_y19_termux","NATIVE_HARDWARE","aarch64","aarch64",8,3741,"Linux 4.14.186-g1003dc13e-dirty","clang","21.1.8 ","-O3 -march=armv8-a","mlkem-native","v1.2.0 (0ba906cb14b1c241476134d7403a811b382ca498)","ML-KEM-768","decapsulation",73,182385,3710976,True,""
"74b24b04-e82c-4473-afab-2b49cf13e703","9ed9e956-6b76-4aa6-bc5b-2d9eeb8d5d4d","2026-08-12T20:11:05Z","android_vivo_y19_termux","NATIVE_HARDWARE","aarch64","aarch64",8,3741,"Linux 4.14.186-g1003dc13e-dirty","clang","21.1.8 ","-O3 -march=armv8-a","mlkem-native","v1.2.0 (0ba906cb14b1c241476134d7403a811b382ca498)","ML-KEM-768","keygen",74,139462,3710976,True,""
"74b24b04-e82c-4473-afab-2b49cf13e703","9ed9e956-6b76-4aa6-bc5b-2d9eeb8d5d4d","2026-08-12T20:11:05Z","android_vivo_y19_termux","NATIVE_HARDWARE","aarch64","aarch64",8,3741,"Linux 4.14.186-g1003dc13e-dirty","clang","21.1.8 ","-O3 -march=armv8-a","mlkem-native","v1.2.0 (0ba906cb14b1c241476134d7403a811b382ca498)","ML-KEM-768","encapsulation",74,155077,3710976,True,""
"74b24b04-e82c-4473-afab-2b49cf13e703","9ed9e956-6b76-4aa6-bc5b-2d9eeb8d5d4d","2026-08-12T20:11:05Z","android_vivo_y19_termux","NATIVE_HARDWARE","aarch64","aarch64",8,3741,"Linux 4.14.186-g1003dc13e-dirty","clang","21.1.8 ","-O3 -march=armv8-a","mlkem-native","v1.2.0 (0ba906cb14b1c241476134d7403a811b382ca498)","ML-KEM-768","decapsulation",74,181769,3710976,True,""
"74b24b04-e82c-4473-afab-2b49cf13e703","9ed9e956-6b76-4aa6-bc5b-2d9eeb8d5d4d","2026-08-12T20:11:05Z","android_vivo_y19_termux","NATIVE_HARDWARE","aarch64","aarch64",8,3741,"Linux 4.14.186-g1003dc13e-dirty","clang","21.1.8 ","-O3 -march=armv8-a","mlkem-native","v1.2.0 (0ba906cb14b1c241476134d7403a811b382ca498)","ML-KEM-768","keygen",75,139307,3710976,True,""
"74b24b04-e82c-4473-afab-2b49cf13e703","9ed9e956-6b76-4aa6-bc5b-2d9eeb8d5d4d","2026-08-12T20:11:05Z","android_vivo_y19_termux","NATIVE_HARDWARE","aarch64","aarch64",8,3741,"Linux 4.14.186-g1003dc13e-dirty","clang","21.1.8 ","-O3 -march=armv8-a","mlkem-native","v1.2.0 (0ba906cb14b1c241476134d7403a811b382ca498)","ML-KEM-768","encapsulation",75,155385,3710976,True,""
"74b24b04-e82c-4473-afab-2b49cf13e703","9ed9e956-6b76-4aa6-bc5b-2d9eeb8d5d4d","2026-08-12T20:11:05Z","android_vivo_y19_termux","NATIVE_HARDWARE","aarch64","aarch64",8,3741,"Linux 4.14.186-g1003dc13e-dirty","clang","21.1.8 ","-O3 -march=armv8-a","mlkem-native","v1.2.0 (0ba906cb14b1c241476134d7403a811b382ca498)","ML-KEM-768","decapsulation",75,182769,3710976,True,""
"74b24b04-e82c-4473-afab-2b49cf13e703","9ed9e956-6b76-4aa6-bc5b-2d9eeb8d5d4d","2026-08-12T20:11:05Z","android_vivo_y19_termux","NATIVE_HARDWARE","aarch64","aarch64",8,3741,"Linux 4.14.186-g1003dc13e-dirty","clang","21.1.8 ","-O3 -march=armv8-a","mlkem-native","v1.2.0 (0ba906cb14b1c241476134d7403a811b382ca498)","ML-KEM-768","keygen",76,138693,3710976,True,""
"74b24b04-e82c-4473-afab-2b49cf13e703","9ed9e956-6b76-4aa6-bc5b-2d9eeb8d5d4d","2026-08-12T20:11:05Z","android_vivo_y19_termux","NATIVE_HARDWARE","aarch64","aarch64",8,3741,"Linux 4.14.186-g1003dc13e-dirty","clang","21.1.8 ","-O3 -march=armv8-a","mlkem-native","v1.2.0 (0ba906cb14b1c241476134d7403a811b382ca498)","ML-KEM-768","encapsulation",76,155308,3710976,True,""
"74b24b04-e82c-4473-afab-2b49cf13e703","9ed9e956-6b76-4aa6-bc5b-2d9eeb8d5d4d","2026-08-12T20:11:05Z","android_vivo_y19_termux","NATIVE_HARDWARE","aarch64","aarch64",8,3741,"Linux 4.14.186-g1003dc13e-dirty","clang","21.1.8 ","-O3 -march=armv8-a","mlkem-native","v1.2.0 (0ba906cb14b1c241476134d7403a811b382ca498)","ML-KEM-768","decapsulation",76,182153,3710976,True,""
"74b24b04-e82c-4473-afab-2b49cf13e703","9ed9e956-6b76-4aa6-bc5b-2d9eeb8d5d4d","2026-08-12T20:11:05Z","android_vivo_y19_termux","NATIVE_HARDWARE","aarch64","aarch64",8,3741,"Linux 4.14.186-g1003dc13e-dirty","clang","21.1.8 ","-O3 -march=armv8-a","mlkem-native","v1.2.0 (0ba906cb14b1c241476134d7403a811b382ca498)","ML-KEM-768","keygen",77,139692,3710976,True,""
"74b24b04-e82c-4473-afab-2b49cf13e703","9ed9e956-6b76-4aa6-bc5b-2d9eeb8d5d4d","2026-08-12T20:11:05Z","android_vivo_y19_termux","NATIVE_HARDWARE","aarch64","aarch64",8,3741,"Linux 4.14.186-g1003dc13e-dirty","clang","21.1.8 ","-O3 -march=armv8-a","mlkem-native","v1.2.0 (0ba906cb14b1c241476134d7403a811b382ca498)","ML-KEM-768","encapsulation",77,150461,3710976,True,""
"74b24b04-e82c-4473-afab-2b49cf13e703","9ed9e956-6b76-4aa6-bc5b-2d9eeb8d5d4d","2026-08-12T20:11:05Z","android_vivo_y19_termux","NATIVE_HARDWARE","aarch64","aarch64",8,3741,"Linux 4.14.186-g1003dc13e-dirty","clang","21.1.8 ","-O3 -march=armv8-a","mlkem-native","v1.2.0 (0ba906cb14b1c241476134d7403a811b382ca498)","ML-KEM-768","decapsulation",77,176615,3710976,True,""
"74b24b04-e82c-4473-afab-2b49cf13e703","9ed9e956-6b76-4aa6-bc5b-2d9eeb8d5d4d","2026-08-12T20:11:05Z","android_vivo_y19_termux","NATIVE_HARDWARE","aarch64","aarch64",8,3741,"Linux 4.14.186-g1003dc13e-dirty","clang","21.1.8 ","-O3 -march=armv8-a","mlkem-native","v1.2.0 (0ba906cb14b1c241476134d7403a811b382ca498)","ML-KEM-768","keygen",78,134231,3710976,True,""
"74b24b04-e82c-4473-afab-2b49cf13e703","9ed9e956-6b76-4aa6-bc5b-2d9eeb8d5d4d","2026-08-12T20:11:05Z","android_vivo_y19_termux","NATIVE_HARDWARE","aarch64","aarch64",8,3741,"Linux 4.14.186-g1003dc13e-dirty","clang","21.1.8 ","-O3 -march=armv8-a","mlkem-native","v1.2.0 (0ba906cb14b1c241476134d7403a811b382ca498)","ML-KEM-768","encapsulation",78,150231,3710976,True,""
"74b24b04-e82c-4473-afab-2b49cf13e703","9ed9e956-6b76-4aa6-bc5b-2d9eeb8d5d4d","2026-08-12T20:11:05Z","android_vivo_y19_termux","NATIVE_HARDWARE","aarch64","aarch64",8,3741,"Linux 4.14.186-g1003dc13e-dirty","clang","21.1.8 ","-O3 -march=armv8-a","mlkem-native","v1.2.0 (0ba906cb14b1c241476134d7403a811b382ca498)","ML-KEM-768","decapsulation",78,176923,3710976,True,""
"74b24b04-e82c-4473-afab-2b49cf13e703","9ed9e956-6b76-4aa6-bc5b-2d9eeb8d5d4d","2026-08-12T20:11:05Z","android_vivo_y19_termux","NATIVE_HARDWARE","aarch64","aarch64",8,3741,"Linux 4.14.186-g1003dc13e-dirty","clang","21.1.8 ","-O3 -march=armv8-a","mlkem-native","v1.2.0 (0ba906cb14b1c241476134d7403a811b382ca498)","ML-KEM-768","keygen",79,134462,3710976,True,""
"74b24b04-e82c-4473-afab-2b49cf13e703","9ed9e956-6b76-4aa6-bc5b-2d9eeb8d5d4d","2026-08-12T20:11:05Z","android_vivo_y19_termux","NATIVE_HARDWARE","aarch64","aarch64",8,3741,"Linux 4.14.186-g1003dc13e-dirty","clang","21.1.8 ","-O3 -march=armv8-a","mlkem-native","v1.2.0 (0ba906cb14b1c241476134d7403a811b382ca498)","ML-KEM-768","encapsulation",79,150769,3710976,True,""
"74b24b04-e82c-4473-afab-2b49cf13e703","9ed9e956-6b76-4aa6-bc5b-2d9eeb8d5d4d","2026-08-12T20:11:05Z","android_vivo_y19_termux","NATIVE_HARDWARE","aarch64","aarch64",8,3741,"Linux 4.14.186-g1003dc13e-dirty","clang","21.1.8 ","-O3 -march=armv8-a","mlkem-native","v1.2.0 (0ba906cb14b1c241476134d7403a811b382ca498)","ML-KEM-768","decapsulation",79,176923,3710976,True,""
"74b24b04-e82c-4473-afab-2b49cf13e703","9ed9e956-6b76-4aa6-bc5b-2d9eeb8d5d4d","2026-08-12T20:11:05Z","android_vivo_y19_termux","NATIVE_HARDWARE","aarch64","aarch64",8,3741,"Linux 4.14.186-g1003dc13e-dirty","clang","21.1.8 ","-O3 -march=armv8-a","mlkem-native","v1.2.0 (0ba906cb14b1c241476134d7403a811b382ca498)","ML-KEM-768","keygen",80,135693,3710976,True,""
"74b24b04-e82c-4473-afab-2b49cf13e703","9ed9e956-6b76-4aa6-bc5b-2d9eeb8d5d4d","2026-08-12T20:11:05Z","android_vivo_y19_termux","NATIVE_HARDWARE","aarch64","aarch64",8,3741,"Linux 4.14.186-g1003dc13e-dirty","clang","21.1.8 ","-O3 -march=armv8-a","mlkem-native","v1.2.0 (0ba906cb14b1c241476134d7403a811b382ca498)","ML-KEM-768","encapsulation",80,150385,3710976,True,""
"74b24b04-e82c-4473-afab-2b49cf13e703","9ed9e956-6b76-4aa6-bc5b-2d9eeb8d5d4d","2026-08-12T20:11:05Z","android_vivo_y19_termux","NATIVE_HARDWARE","aarch64","aarch64",8,3741,"Linux 4.14.186-g1003dc13e-dirty","clang","21.1.8 ","-O3 -march=armv8-a","mlkem-native","v1.2.0 (0ba906cb14b1c241476134d7403a811b382ca498)","ML-KEM-768","decapsulation",80,176308,3710976,True,""
"74b24b04-e82c-4473-afab-2b49cf13e703","9ed9e956-6b76-4aa6-bc5b-2d9eeb8d5d4d","2026-08-12T20:11:05Z","android_vivo_y19_termux","NATIVE_HARDWARE","aarch64","aarch64",8,3741,"Linux 4.14.186-g1003dc13e-dirty","clang","21.1.8 ","-O3 -march=armv8-a","mlkem-native","v1.2.0 (0ba906cb14b1c241476134d7403a811b382ca498)","ML-KEM-768","keygen",81,135000,3710976,True,""
"74b24b04-e82c-4473-afab-2b49cf13e703","9ed9e956-6b76-4aa6-bc5b-2d9eeb8d5d4d","2026-08-12T20:11:05Z","android_vivo_y19_termux","NATIVE_HARDWARE","aarch64","aarch64",8,3741,"Linux 4.14.186-g1003dc13e-dirty","clang","21.1.8 ","-O3 -march=armv8-a","mlkem-native","v1.2.0 (0ba906cb14b1c241476134d7403a811b382ca498)","ML-KEM-768","encapsulation",81,150385,3710976,True,""
"74b24b04-e82c-4473-afab-2b49cf13e703","9ed9e956-6b76-4aa6-bc5b-2d9eeb8d5d4d","2026-08-12T20:11:05Z","android_vivo_y19_termux","NATIVE_HARDWARE","aarch64","aarch64",8,3741,"Linux 4.14.186-g1003dc13e-dirty","clang","21.1.8 ","-O3 -march=armv8-a","mlkem-native","v1.2.0 (0ba906cb14b1c241476134d7403a811b382ca498)","ML-KEM-768","decapsulation",81,162769,3710976,True,""
"74b24b04-e82c-4473-afab-2b49cf13e703","9ed9e956-6b76-4aa6-bc5b-2d9eeb8d5d4d","2026-08-12T20:11:05Z","android_vivo_y19_termux","NATIVE_HARDWARE","aarch64","aarch64",8,3741,"Linux 4.14.186-g1003dc13e-dirty","clang","21.1.8 ","-O3 -march=armv8-a","mlkem-native","v1.2.0 (0ba906cb14b1c241476134d7403a811b382ca498)","ML-KEM-768","keygen",82,124615,3710976,True,""
"74b24b04-e82c-4473-afab-2b49cf13e703","9ed9e956-6b76-4aa6-bc5b-2d9eeb8d5d4d","2026-08-12T20:11:05Z","android_vivo_y19_termux","NATIVE_HARDWARE","aarch64","aarch64",8,3741,"Linux 4.14.186-g1003dc13e-dirty","clang","21.1.8 ","-O3 -march=armv8-a","mlkem-native","v1.2.0 (0ba906cb14b1c241476134d7403a811b382ca498)","ML-KEM-768","encapsulation",82,138230,3710976,True,""
"74b24b04-e82c-4473-afab-2b49cf13e703","9ed9e956-6b76-4aa6-bc5b-2d9eeb8d5d4d","2026-08-12T20:11:05Z","android_vivo_y19_termux","NATIVE_HARDWARE","aarch64","aarch64",8,3741,"Linux 4.14.186-g1003dc13e-dirty","clang","21.1.8 ","-O3 -march=armv8-a","mlkem-native","v1.2.0 (0ba906cb14b1c241476134d7403a811b382ca498)","ML-KEM-768","decapsulation",82,162154,3710976,True,""
"74b24b04-e82c-4473-afab-2b49cf13e703","9ed9e956-6b76-4aa6-bc5b-2d9eeb8d5d4d","2026-08-12T20:11:05Z","android_vivo_y19_termux","NATIVE_HARDWARE","aarch64","aarch64",8,3741,"Linux 4.14.186-g1003dc13e-dirty","clang","21.1.8 ","-O3 -march=armv8-a","mlkem-native","v1.2.0 (0ba906cb14b1c241476134d7403a811b382ca498)","ML-KEM-768","keygen",83,123693,3710976,True,""
"74b24b04-e82c-4473-afab-2b49cf13e703","9ed9e956-6b76-4aa6-bc5b-2d9eeb8d5d4d","2026-08-12T20:11:05Z","android_vivo_y19_termux","NATIVE_HARDWARE","aarch64","aarch64",8,3741,"Linux 4.14.186-g1003dc13e-dirty","clang","21.1.8 ","-O3 -march=armv8-a","mlkem-native","v1.2.0 (0ba906cb14b1c241476134d7403a811b382ca498)","ML-KEM-768","encapsulation",83,139692,3710976,True,""
"74b24b04-e82c-4473-afab-2b49cf13e703","9ed9e956-6b76-4aa6-bc5b-2d9eeb8d5d4d","2026-08-12T20:11:05Z","android_vivo_y19_termux","NATIVE_HARDWARE","aarch64","aarch64",8,3741,"Linux 4.14.186-g1003dc13e-dirty","clang","21.1.8 ","-O3 -march=armv8-a","mlkem-native","v1.2.0 (0ba906cb14b1c241476134d7403a811b382ca498)","ML-KEM-768","decapsulation",83,163385,3710976,True,""
"74b24b04-e82c-4473-afab-2b49cf13e703","9ed9e956-6b76-4aa6-bc5b-2d9eeb8d5d4d","2026-08-12T20:11:05Z","android_vivo_y19_termux","NATIVE_HARDWARE","aarch64","aarch64",8,3741,"Linux 4.14.186-g1003dc13e-dirty","clang","21.1.8 ","-O3 -march=armv8-a","mlkem-native","v1.2.0 (0ba906cb14b1c241476134d7403a811b382ca498)","ML-KEM-768","keygen",84,124231,3710976,True,""
"74b24b04-e82c-4473-afab-2b49cf13e703","9ed9e956-6b76-4aa6-bc5b-2d9eeb8d5d4d","2026-08-12T20:11:05Z","android_vivo_y19_termux","NATIVE_HARDWARE","aarch64","aarch64",8,3741,"Linux 4.14.186-g1003dc13e-dirty","clang","21.1.8 ","-O3 -march=armv8-a","mlkem-native","v1.2.0 (0ba906cb14b1c241476134d7403a811b382ca498)","ML-KEM-768","encapsulation",84,138385,3710976,True,""
"74b24b04-e82c-4473-afab-2b49cf13e703","9ed9e956-6b76-4aa6-bc5b-2d9eeb8d5d4d","2026-08-12T20:11:05Z","android_vivo_y19_termux","NATIVE_HARDWARE","aarch64","aarch64",8,3741,"Linux 4.14.186-g1003dc13e-dirty","clang","21.1.8 ","-O3 -march=armv8-a","mlkem-native","v1.2.0 (0ba906cb14b1c241476134d7403a811b382ca498)","ML-KEM-768","decapsulation",84,162153,3710976,True,""
"74b24b04-e82c-4473-afab-2b49cf13e703","9ed9e956-6b76-4aa6-bc5b-2d9eeb8d5d4d","2026-08-12T20:11:05Z","android_vivo_y19_termux","NATIVE_HARDWARE","aarch64","aarch64",8,3741,"Linux 4.14.186-g1003dc13e-dirty","clang","21.1.8 ","-O3 -march=armv8-a","mlkem-native","v1.2.0 (0ba906cb14b1c241476134d7403a811b382ca498)","ML-KEM-768","keygen",85,124231,3710976,True,""
"74b24b04-e82c-4473-afab-2b49cf13e703","9ed9e956-6b76-4aa6-bc5b-2d9eeb8d5d4d","2026-08-12T20:11:05Z","android_vivo_y19_termux","NATIVE_HARDWARE","aarch64","aarch64",8,3741,"Linux 4.14.186-g1003dc13e-dirty","clang","21.1.8 ","-O3 -march=armv8-a","mlkem-native","v1.2.0 (0ba906cb14b1c241476134d7403a811b382ca498)","ML-KEM-768","encapsulation",85,138462,3710976,True,""
"74b24b04-e82c-4473-afab-2b49cf13e703","9ed9e956-6b76-4aa6-bc5b-2d9eeb8d5d4d","2026-08-12T20:11:05Z","android_vivo_y19_termux","NATIVE_HARDWARE","aarch64","aarch64",8,3741,"Linux 4.14.186-g1003dc13e-dirty","clang","21.1.8 ","-O3 -march=armv8-a","mlkem-native","v1.2.0 (0ba906cb14b1c241476134d7403a811b382ca498)","ML-KEM-768","decapsulation",85,162693,3710976,True,""
"74b24b04-e82c-4473-afab-2b49cf13e703","9ed9e956-6b76-4aa6-bc5b-2d9eeb8d5d4d","2026-08-12T20:11:05Z","android_vivo_y19_termux","NATIVE_HARDWARE","aarch64","aarch64",8,3741,"Linux 4.14.186-g1003dc13e-dirty","clang","21.1.8 ","-O3 -march=armv8-a","mlkem-native","v1.2.0 (0ba906cb14b1c241476134d7403a811b382ca498)","ML-KEM-768","keygen",86,124923,3710976,True,""
"74b24b04-e82c-4473-afab-2b49cf13e703","9ed9e956-6b76-4aa6-bc5b-2d9eeb8d5d4d","2026-08-12T20:11:05Z","android_vivo_y19_termux","NATIVE_HARDWARE","aarch64","aarch64",8,3741,"Linux 4.14.186-g1003dc13e-dirty","clang","21.1.8 ","-O3 -march=armv8-a","mlkem-native","v1.2.0 (0ba906cb14b1c241476134d7403a811b382ca498)","ML-KEM-768","encapsulation",86,138154,3710976,True,""
"74b24b04-e82c-4473-afab-2b49cf13e703","9ed9e956-6b76-4aa6-bc5b-2d9eeb8d5d4d","2026-08-12T20:11:05Z","android_vivo_y19_termux","NATIVE_HARDWARE","aarch64","aarch64",8,3741,"Linux 4.14.186-g1003dc13e-dirty","clang","21.1.8 ","-O3 -march=armv8-a","mlkem-native","v1.2.0 (0ba906cb14b1c241476134d7403a811b382ca498)","ML-KEM-768","decapsulation",86,162461,3710976,True,""
"74b24b04-e82c-4473-afab-2b49cf13e703","9ed9e956-6b76-4aa6-bc5b-2d9eeb8d5d4d","2026-08-12T20:11:05Z","android_vivo_y19_termux","NATIVE_HARDWARE","aarch64","aarch64",8,3741,"Linux 4.14.186-g1003dc13e-dirty","clang","21.1.8 ","-O3 -march=armv8-a","mlkem-native","v1.2.0 (0ba906cb14b1c241476134d7403a811b382ca498)","ML-KEM-768","keygen",87,124923,3710976,True,""
"74b24b04-e82c-4473-afab-2b49cf13e703","9ed9e956-6b76-4aa6-bc5b-2d9eeb8d5d4d","2026-08-12T20:11:05Z","android_vivo_y19_termux","NATIVE_HARDWARE","aarch64","aarch64",8,3741,"Linux 4.14.186-g1003dc13e-dirty","clang","21.1.8 ","-O3 -march=armv8-a","mlkem-native","v1.2.0 (0ba906cb14b1c241476134d7403a811b382ca498)","ML-KEM-768","encapsulation",87,138539,3710976,True,""
"74b24b04-e82c-4473-afab-2b49cf13e703","9ed9e956-6b76-4aa6-bc5b-2d9eeb8d5d4d","2026-08-12T20:11:05Z","android_vivo_y19_termux","NATIVE_HARDWARE","aarch64","aarch64",8,3741,"Linux 4.14.186-g1003dc13e-dirty","clang","21.1.8 ","-O3 -march=armv8-a","mlkem-native","v1.2.0 (0ba906cb14b1c241476134d7403a811b382ca498)","ML-KEM-768","decapsulation",87,162538,3710976,True,""
"74b24b04-e82c-4473-afab-2b49cf13e703","9ed9e956-6b76-4aa6-bc5b-2d9eeb8d5d4d","2026-08-12T20:11:05Z","android_vivo_y19_termux","NATIVE_HARDWARE","aarch64","aarch64",8,3741,"Linux 4.14.186-g1003dc13e-dirty","clang","21.1.8 ","-O3 -march=armv8-a","mlkem-native","v1.2.0 (0ba906cb14b1c241476134d7403a811b382ca498)","ML-KEM-768","keygen",88,124308,3710976,True,""
"74b24b04-e82c-4473-afab-2b49cf13e703","9ed9e956-6b76-4aa6-bc5b-2d9eeb8d5d4d","2026-08-12T20:11:05Z","android_vivo_y19_termux","NATIVE_HARDWARE","aarch64","aarch64",8,3741,"Linux 4.14.186-g1003dc13e-dirty","clang","21.1.8 ","-O3 -march=armv8-a","mlkem-native","v1.2.0 (0ba906cb14b1c241476134d7403a811b382ca498)","ML-KEM-768","encapsulation",88,139384,3710976,True,""
"74b24b04-e82c-4473-afab-2b49cf13e703","9ed9e956-6b76-4aa6-bc5b-2d9eeb8d5d4d","2026-08-12T20:11:05Z","android_vivo_y19_termux","NATIVE_HARDWARE","aarch64","aarch64",8,3741,"Linux 4.14.186-g1003dc13e-dirty","clang","21.1.8 ","-O3 -march=armv8-a","mlkem-native","v1.2.0 (0ba906cb14b1c241476134d7403a811b382ca498)","ML-KEM-768","decapsulation",88,163153,3710976,True,""
"74b24b04-e82c-4473-afab-2b49cf13e703","9ed9e956-6b76-4aa6-bc5b-2d9eeb8d5d4d","2026-08-12T20:11:05Z","android_vivo_y19_termux","NATIVE_HARDWARE","aarch64","aarch64",8,3741,"Linux 4.14.186-g1003dc13e-dirty","clang","21.1.8 ","-O3 -march=armv8-a","mlkem-native","v1.2.0 (0ba906cb14b1c241476134d7403a811b382ca498)","ML-KEM-768","keygen",89,124000,3710976,True,""
"74b24b04-e82c-4473-afab-2b49cf13e703","9ed9e956-6b76-4aa6-bc5b-2d9eeb8d5d4d","2026-08-12T20:11:05Z","android_vivo_y19_termux","NATIVE_HARDWARE","aarch64","aarch64",8,3741,"Linux 4.14.186-g1003dc13e-dirty","clang","21.1.8 ","-O3 -march=armv8-a","mlkem-native","v1.2.0 (0ba906cb14b1c241476134d7403a811b382ca498)","ML-KEM-768","encapsulation",89,144000,3710976,True,""
"74b24b04-e82c-4473-afab-2b49cf13e703","9ed9e956-6b76-4aa6-bc5b-2d9eeb8d5d4d","2026-08-12T20:11:05Z","android_vivo_y19_termux","NATIVE_HARDWARE","aarch64","aarch64",8,3741,"Linux 4.14.186-g1003dc13e-dirty","clang","21.1.8 ","-O3 -march=armv8-a","mlkem-native","v1.2.0 (0ba906cb14b1c241476134d7403a811b382ca498)","ML-KEM-768","decapsulation",89,168846,3710976,True,""
"74b24b04-e82c-4473-afab-2b49cf13e703","9ed9e956-6b76-4aa6-bc5b-2d9eeb8d5d4d","2026-08-12T20:11:05Z","android_vivo_y19_termux","NATIVE_HARDWARE","aarch64","aarch64",8,3741,"Linux 4.14.186-g1003dc13e-dirty","clang","21.1.8 ","-O3 -march=armv8-a","mlkem-native","v1.2.0 (0ba906cb14b1c241476134d7403a811b382ca498)","ML-KEM-768","keygen",90,124000,3710976,True,""
"74b24b04-e82c-4473-afab-2b49cf13e703","9ed9e956-6b76-4aa6-bc5b-2d9eeb8d5d4d","2026-08-12T20:11:05Z","android_vivo_y19_termux","NATIVE_HARDWARE","aarch64","aarch64",8,3741,"Linux 4.14.186-g1003dc13e-dirty","clang","21.1.8 ","-O3 -march=armv8-a","mlkem-native","v1.2.0 (0ba906cb14b1c241476134d7403a811b382ca498)","ML-KEM-768","encapsulation",90,174077,3710976,True,""
"74b24b04-e82c-4473-afab-2b49cf13e703","9ed9e956-6b76-4aa6-bc5b-2d9eeb8d5d4d","2026-08-12T20:11:05Z","android_vivo_y19_termux","NATIVE_HARDWARE","aarch64","aarch64",8,3741,"Linux 4.14.186-g1003dc13e-dirty","clang","21.1.8 ","-O3 -march=armv8-a","mlkem-native","v1.2.0 (0ba906cb14b1c241476134d7403a811b382ca498)","ML-KEM-768","decapsulation",90,163385,3710976,True,""
"74b24b04-e82c-4473-afab-2b49cf13e703","9ed9e956-6b76-4aa6-bc5b-2d9eeb8d5d4d","2026-08-12T20:11:05Z","android_vivo_y19_termux","NATIVE_HARDWARE","aarch64","aarch64",8,3741,"Linux 4.14.186-g1003dc13e-dirty","clang","21.1.8 ","-O3 -march=armv8-a","mlkem-native","v1.2.0 (0ba906cb14b1c241476134d7403a811b382ca498)","ML-KEM-768","keygen",91,124000,3710976,True,""
"74b24b04-e82c-4473-afab-2b49cf13e703","9ed9e956-6b76-4aa6-bc5b-2d9eeb8d5d4d","2026-08-12T20:11:05Z","android_vivo_y19_termux","NATIVE_HARDWARE","aarch64","aarch64",8,3741,"Linux 4.14.186-g1003dc13e-dirty","clang","21.1.8 ","-O3 -march=armv8-a","mlkem-native","v1.2.0 (0ba906cb14b1c241476134d7403a811b382ca498)","ML-KEM-768","encapsulation",91,138692,3710976,True,""
"74b24b04-e82c-4473-afab-2b49cf13e703","9ed9e956-6b76-4aa6-bc5b-2d9eeb8d5d4d","2026-08-12T20:11:05Z","android_vivo_y19_termux","NATIVE_HARDWARE","aarch64","aarch64",8,3741,"Linux 4.14.186-g1003dc13e-dirty","clang","21.1.8 ","-O3 -march=armv8-a","mlkem-native","v1.2.0 (0ba906cb14b1c241476134d7403a811b382ca498)","ML-KEM-768","decapsulation",91,162231,3710976,True,""
"74b24b04-e82c-4473-afab-2b49cf13e703","9ed9e956-6b76-4aa6-bc5b-2d9eeb8d5d4d","2026-08-12T20:11:05Z","android_vivo_y19_termux","NATIVE_HARDWARE","aarch64","aarch64",8,3741,"Linux 4.14.186-g1003dc13e-dirty","clang","21.1.8 ","-O3 -march=armv8-a","mlkem-native","v1.2.0 (0ba906cb14b1c241476134d7403a811b382ca498)","ML-KEM-768","keygen",92,124231,3710976,True,""
"74b24b04-e82c-4473-afab-2b49cf13e703","9ed9e956-6b76-4aa6-bc5b-2d9eeb8d5d4d","2026-08-12T20:11:05Z","android_vivo_y19_termux","NATIVE_HARDWARE","aarch64","aarch64",8,3741,"Linux 4.14.186-g1003dc13e-dirty","clang","21.1.8 ","-O3 -march=armv8-a","mlkem-native","v1.2.0 (0ba906cb14b1c241476134d7403a811b382ca498)","ML-KEM-768","encapsulation",92,138539,3710976,True,""
"74b24b04-e82c-4473-afab-2b49cf13e703","9ed9e956-6b76-4aa6-bc5b-2d9eeb8d5d4d","2026-08-12T20:11:05Z","android_vivo_y19_termux","NATIVE_HARDWARE","aarch64","aarch64",8,3741,"Linux 4.14.186-g1003dc13e-dirty","clang","21.1.8 ","-O3 -march=armv8-a","mlkem-native","v1.2.0 (0ba906cb14b1c241476134d7403a811b382ca498)","ML-KEM-768","decapsulation",92,162231,3710976,True,""
"74b24b04-e82c-4473-afab-2b49cf13e703","9ed9e956-6b76-4aa6-bc5b-2d9eeb8d5d4d","2026-08-12T20:11:05Z","android_vivo_y19_termux","NATIVE_HARDWARE","aarch64","aarch64",8,3741,"Linux 4.14.186-g1003dc13e-dirty","clang","21.1.8 ","-O3 -march=armv8-a","mlkem-native","v1.2.0 (0ba906cb14b1c241476134d7403a811b382ca498)","ML-KEM-768","keygen",93,123693,3710976,True,""
"74b24b04-e82c-4473-afab-2b49cf13e703","9ed9e956-6b76-4aa6-bc5b-2d9eeb8d5d4d","2026-08-12T20:11:05Z","android_vivo_y19_termux","NATIVE_HARDWARE","aarch64","aarch64",8,3741,"Linux 4.14.186-g1003dc13e-dirty","clang","21.1.8 ","-O3 -march=armv8-a","mlkem-native","v1.2.0 (0ba906cb14b1c241476134d7403a811b382ca498)","ML-KEM-768","encapsulation",93,138077,3710976,True,""
"74b24b04-e82c-4473-afab-2b49cf13e703","9ed9e956-6b76-4aa6-bc5b-2d9eeb8d5d4d","2026-08-12T20:11:05Z","android_vivo_y19_termux","NATIVE_HARDWARE","aarch64","aarch64",8,3741,"Linux 4.14.186-g1003dc13e-dirty","clang","21.1.8 ","-O3 -march=armv8-a","mlkem-native","v1.2.0 (0ba906cb14b1c241476134d7403a811b382ca498)","ML-KEM-768","decapsulation",93,162153,3710976,True,""
"74b24b04-e82c-4473-afab-2b49cf13e703","9ed9e956-6b76-4aa6-bc5b-2d9eeb8d5d4d","2026-08-12T20:11:05Z","android_vivo_y19_termux","NATIVE_HARDWARE","aarch64","aarch64",8,3741,"Linux 4.14.186-g1003dc13e-dirty","clang","21.1.8 ","-O3 -march=armv8-a","mlkem-native","v1.2.0 (0ba906cb14b1c241476134d7403a811b382ca498)","ML-KEM-768","keygen",94,123692,3710976,True,""
"74b24b04-e82c-4473-afab-2b49cf13e703","9ed9e956-6b76-4aa6-bc5b-2d9eeb8d5d4d","2026-08-12T20:11:05Z","android_vivo_y19_termux","NATIVE_HARDWARE","aarch64","aarch64",8,3741,"Linux 4.14.186-g1003dc13e-dirty","clang","21.1.8 ","-O3 -march=armv8-a","mlkem-native","v1.2.0 (0ba906cb14b1c241476134d7403a811b382ca498)","ML-KEM-768","encapsulation",94,138847,3710976,True,""
"74b24b04-e82c-4473-afab-2b49cf13e703","9ed9e956-6b76-4aa6-bc5b-2d9eeb8d5d4d","2026-08-12T20:11:05Z","android_vivo_y19_termux","NATIVE_HARDWARE","aarch64","aarch64",8,3741,"Linux 4.14.186-g1003dc13e-dirty","clang","21.1.8 ","-O3 -march=armv8-a","mlkem-native","v1.2.0 (0ba906cb14b1c241476134d7403a811b382ca498)","ML-KEM-768","decapsulation",94,163077,3710976,True,""
"74b24b04-e82c-4473-afab-2b49cf13e703","9ed9e956-6b76-4aa6-bc5b-2d9eeb8d5d4d","2026-08-12T20:11:05Z","android_vivo_y19_termux","NATIVE_HARDWARE","aarch64","aarch64",8,3741,"Linux 4.14.186-g1003dc13e-dirty","clang","21.1.8 ","-O3 -march=armv8-a","mlkem-native","v1.2.0 (0ba906cb14b1c241476134d7403a811b382ca498)","ML-KEM-768","keygen",95,168615,3710976,True,""
"74b24b04-e82c-4473-afab-2b49cf13e703","9ed9e956-6b76-4aa6-bc5b-2d9eeb8d5d4d","2026-08-12T20:11:05Z","android_vivo_y19_termux","NATIVE_HARDWARE","aarch64","aarch64",8,3741,"Linux 4.14.186-g1003dc13e-dirty","clang","21.1.8 ","-O3 -march=armv8-a","mlkem-native","v1.2.0 (0ba906cb14b1c241476134d7403a811b382ca498)","ML-KEM-768","encapsulation",95,138847,3710976,True,""
"74b24b04-e82c-4473-afab-2b49cf13e703","9ed9e956-6b76-4aa6-bc5b-2d9eeb8d5d4d","2026-08-12T20:11:05Z","android_vivo_y19_termux","NATIVE_HARDWARE","aarch64","aarch64",8,3741,"Linux 4.14.186-g1003dc13e-dirty","clang","21.1.8 ","-O3 -march=armv8-a","mlkem-native","v1.2.0 (0ba906cb14b1c241476134d7403a811b382ca498)","ML-KEM-768","decapsulation",95,162770,3710976,True,""
"74b24b04-e82c-4473-afab-2b49cf13e703","9ed9e956-6b76-4aa6-bc5b-2d9eeb8d5d4d","2026-08-12T20:11:05Z","android_vivo_y19_termux","NATIVE_HARDWARE","aarch64","aarch64",8,3741,"Linux 4.14.186-g1003dc13e-dirty","clang","21.1.8 ","-O3 -march=armv8-a","mlkem-native","v1.2.0 (0ba906cb14b1c241476134d7403a811b382ca498)","ML-KEM-768","keygen",96,124616,3710976,True,""
"74b24b04-e82c-4473-afab-2b49cf13e703","9ed9e956-6b76-4aa6-bc5b-2d9eeb8d5d4d","2026-08-12T20:11:05Z","android_vivo_y19_termux","NATIVE_HARDWARE","aarch64","aarch64",8,3741,"Linux 4.14.186-g1003dc13e-dirty","clang","21.1.8 ","-O3 -march=armv8-a","mlkem-native","v1.2.0 (0ba906cb14b1c241476134d7403a811b382ca498)","ML-KEM-768","encapsulation",96,139077,3710976,True,""
"74b24b04-e82c-4473-afab-2b49cf13e703","9ed9e956-6b76-4aa6-bc5b-2d9eeb8d5d4d","2026-08-12T20:11:05Z","android_vivo_y19_termux","NATIVE_HARDWARE","aarch64","aarch64",8,3741,"Linux 4.14.186-g1003dc13e-dirty","clang","21.1.8 ","-O3 -march=armv8-a","mlkem-native","v1.2.0 (0ba906cb14b1c241476134d7403a811b382ca498)","ML-KEM-768","decapsulation",96,163000,3710976,True,""
"74b24b04-e82c-4473-afab-2b49cf13e703","9ed9e956-6b76-4aa6-bc5b-2d9eeb8d5d4d","2026-08-12T20:11:05Z","android_vivo_y19_termux","NATIVE_HARDWARE","aarch64","aarch64",8,3741,"Linux 4.14.186-g1003dc13e-dirty","clang","21.1.8 ","-O3 -march=armv8-a","mlkem-native","v1.2.0 (0ba906cb14b1c241476134d7403a811b382ca498)","ML-KEM-768","keygen",97,124539,3710976,True,""
"74b24b04-e82c-4473-afab-2b49cf13e703","9ed9e956-6b76-4aa6-bc5b-2d9eeb8d5d4d","2026-08-12T20:11:05Z","android_vivo_y19_termux","NATIVE_HARDWARE","aarch64","aarch64",8,3741,"Linux 4.14.186-g1003dc13e-dirty","clang","21.1.8 ","-O3 -march=armv8-a","mlkem-native","v1.2.0 (0ba906cb14b1c241476134d7403a811b382ca498)","ML-KEM-768","encapsulation",97,141538,3710976,True,""
"74b24b04-e82c-4473-afab-2b49cf13e703","9ed9e956-6b76-4aa6-bc5b-2d9eeb8d5d4d","2026-08-12T20:11:05Z","android_vivo_y19_termux","NATIVE_HARDWARE","aarch64","aarch64",8,3741,"Linux 4.14.186-g1003dc13e-dirty","clang","21.1.8 ","-O3 -march=armv8-a","mlkem-native","v1.2.0 (0ba906cb14b1c241476134d7403a811b382ca498)","ML-KEM-768","decapsulation",97,162538,3710976,True,""
"74b24b04-e82c-4473-afab-2b49cf13e703","9ed9e956-6b76-4aa6-bc5b-2d9eeb8d5d4d","2026-08-12T20:11:05Z","android_vivo_y19_termux","NATIVE_HARDWARE","aarch64","aarch64",8,3741,"Linux 4.14.186-g1003dc13e-dirty","clang","21.1.8 ","-O3 -march=armv8-a","mlkem-native","v1.2.0 (0ba906cb14b1c241476134d7403a811b382ca498)","ML-KEM-768","keygen",98,124616,3710976,True,""
"74b24b04-e82c-4473-afab-2b49cf13e703","9ed9e956-6b76-4aa6-bc5b-2d9eeb8d5d4d","2026-08-12T20:11:05Z","android_vivo_y19_termux","NATIVE_HARDWARE","aarch64","aarch64",8,3741,"Linux 4.14.186-g1003dc13e-dirty","clang","21.1.8 ","-O3 -march=armv8-a","mlkem-native","v1.2.0 (0ba906cb14b1c241476134d7403a811b382ca498)","ML-KEM-768","encapsulation",98,139000,3710976,True,""
"74b24b04-e82c-4473-afab-2b49cf13e703","9ed9e956-6b76-4aa6-bc5b-2d9eeb8d5d4d","2026-08-12T20:11:05Z","android_vivo_y19_termux","NATIVE_HARDWARE","aarch64","aarch64",8,3741,"Linux 4.14.186-g1003dc13e-dirty","clang","21.1.8 ","-O3 -march=armv8-a","mlkem-native","v1.2.0 (0ba906cb14b1c241476134d7403a811b382ca498)","ML-KEM-768","decapsulation",98,163000,3710976,True,""
"74b24b04-e82c-4473-afab-2b49cf13e703","9ed9e956-6b76-4aa6-bc5b-2d9eeb8d5d4d","2026-08-12T20:11:05Z","android_vivo_y19_termux","NATIVE_HARDWARE","aarch64","aarch64",8,3741,"Linux 4.14.186-g1003dc13e-dirty","clang","21.1.8 ","-O3 -march=armv8-a","mlkem-native","v1.2.0 (0ba906cb14b1c241476134d7403a811b382ca498)","ML-KEM-768","keygen",99,135461,3710976,True,""
"74b24b04-e82c-4473-afab-2b49cf13e703","9ed9e956-6b76-4aa6-bc5b-2d9eeb8d5d4d","2026-08-12T20:11:05Z","android_vivo_y19_termux","NATIVE_HARDWARE","aarch64","aarch64",8,3741,"Linux 4.14.186-g1003dc13e-dirty","clang","21.1.8 ","-O3 -march=armv8-a","mlkem-native","v1.2.0 (0ba906cb14b1c241476134d7403a811b382ca498)","ML-KEM-768","encapsulation",99,174538,3710976,True,""
"74b24b04-e82c-4473-afab-2b49cf13e703","9ed9e956-6b76-4aa6-bc5b-2d9eeb8d5d4d","2026-08-12T20:11:05Z","android_vivo_y19_termux","NATIVE_HARDWARE","aarch64","aarch64",8,3741,"Linux 4.14.186-g1003dc13e-dirty","clang","21.1.8 ","-O3 -march=armv8-a","mlkem-native","v1.2.0 (0ba906cb14b1c241476134d7403a811b382ca498)","ML-KEM-768","decapsulation",99,162385,3710976,True,""
"74b24b04-e82c-4473-afab-2b49cf13e703","9ed9e956-6b76-4aa6-bc5b-2d9eeb8d5d4d","2026-08-12T20:11:05Z","android_vivo_y19_termux","NATIVE_HARDWARE","aarch64","aarch64",8,3741,"Linux 4.14.186-g1003dc13e-dirty","clang","21.1.8 ","-O3 -march=armv8-a","mlkem-native","v1.2.0 (0ba906cb14b1c241476134d7403a811b382ca498)","ML-KEM-768","keygen",100,123769,3710976,True,""
"74b24b04-e82c-4473-afab-2b49cf13e703","9ed9e956-6b76-4aa6-bc5b-2d9eeb8d5d4d","2026-08-12T20:11:05Z","android_vivo_y19_termux","NATIVE_HARDWARE","aarch64","aarch64",8,3741,"Linux 4.14.186-g1003dc13e-dirty","clang","21.1.8 ","-O3 -march=armv8-a","mlkem-native","v1.2.0 (0ba906cb14b1c241476134d7403a811b382ca498)","ML-KEM-768","encapsulation",100,139077,3710976,True,""
"74b24b04-e82c-4473-afab-2b49cf13e703","9ed9e956-6b76-4aa6-bc5b-2d9eeb8d5d4d","2026-08-12T20:11:05Z","android_vivo_y19_termux","NATIVE_HARDWARE","aarch64","aarch64",8,3741,"Linux 4.14.186-g1003dc13e-dirty","clang","21.1.8 ","-O3 -march=armv8-a","mlkem-native","v1.2.0 (0ba906cb14b1c241476134d7403a811b382ca498)","ML-KEM-768","decapsulation",100,162769,3710976,True,""
