experiment_id,run_id,timestamp,environment,measurement_type,architecture,processor,cpu_cores,ram_mb,os,compiler,compiler_version,optimization_flags,implementation,implementation_version,mlkem_variant,operation,iteration,execution_time_ns,memory_bytes,success,error_message
c9d712db-38a3-4386-9ce7-d3d61e338ba7,a4109b71-5a8c-4d3e-8f45-7de071d0e57a,2026-09-16T11:00:00Z,esp32_xtensa_lx6_arduino,NATIVE_HARDWARE,xtensa_lx6,ESP32 Xtensa Dual-Core 240MHz,2,0,FreeRTOS (ESP-IDF / Arduino Core),xtensa-esp32-elf-gcc,xtensa-esp32-elf-gcc (Espressif),-O2,mlkem-native,v1.2.0 (2507ff79a0acfec6e94a9a83709b5774491fdbb6),ML-KEM-768,keygen,1,7854000,266556,True,
c9d712db-38a3-4386-9ce7-d3d61e338ba7,a4109b71-5a8c-4d3e-8f45-7de071d0e57a,2026-09-16T11:00:00Z,esp32_xtensa_lx6_arduino,NATIVE_HARDWARE,xtensa_lx6,ESP32 Xtensa Dual-Core 240MHz,2,0,FreeRTOS (ESP-IDF / Arduino Core),xtensa-esp32-elf-gcc,xtensa-esp32-elf-gcc (Espressif),-O2,mlkem-native,v1.2.0 (2507ff79a0acfec6e94a9a83709b5774491fdbb6),ML-KEM-768,encapsulation,1,9155000,266556,True,
c9d712db-38a3-4386-9ce7-d3d61e338ba7,a4109b71-5a8c-4d3e-8f45-7de071d0e57a,2026-09-16T11:00:00Z,esp32_xtensa_lx6_arduino,NATIVE_HARDWARE,xtensa_lx6,ESP32 Xtensa Dual-Core 240MHz,2,0,FreeRTOS (ESP-IDF / Arduino Core),xtensa-esp32-elf-gcc,xtensa-esp32-elf-gcc (Espressif),-O2,mlkem-native,v1.2.0 (2507ff79a0acfec6e94a9a83709b5774491fdbb6),ML-KEM-768,decapsulation,1,11465000,266556,True,
c9d712db-38a3-4386-9ce7-d3d61e338ba7,a4109b71-5a8c-4d3e-8f45-7de071d0e57a,2026-09-16T11:00:00Z,esp32_xtensa_lx6_arduino,NATIVE_HARDWARE,xtensa_lx6,ESP32 Xtensa Dual-Core 240MHz,2,0,FreeRTOS (ESP-IDF / Arduino Core),xtensa-esp32-elf-gcc,xtensa-esp32-elf-gcc (Espressif),-O2,mlkem-native,v1.2.0 (2507ff79a0acfec6e94a9a83709b5774491fdbb6),ML-KEM-768,keygen,2,7854000,266556,True,
c9d712db-38a3-4386-9ce7-d3d61e338ba7,a4109b71-5a8c-4d3e-8f45-7de071d0e57a,2026-09-16T11:00:00Z,esp32_xtensa_lx6_arduino,NATIVE_HARDWARE,xtensa_lx6,ESP32 Xtensa Dual-Core 240MHz,2,0,FreeRTOS (ESP-IDF / Arduino Core),xtensa-esp32-elf-gcc,xtensa-esp32-elf-gcc (Espressif),-O2,mlkem-native,v1.2.0 (2507ff79a0acfec6e94a9a83709b5774491fdbb6),ML-KEM-768,encapsulation,2,9156000,266556,True,
c9d712db-38a3-4386-9ce7-d3d61e338ba7,a4109b71-5a8c-4d3e-8f45-7de071d0e57a,2026-09-16T11:00:00Z,esp32_xtensa_lx6_arduino,NATIVE_HARDWARE,xtensa_lx6,ESP32 Xtensa Dual-Core 240MHz,2,0,FreeRTOS (ESP-IDF / Arduino Core),xtensa-esp32-elf-gcc,xtensa-esp32-elf-gcc (Espressif),-O2,mlkem-native,v1.2.0 (2507ff79a0acfec6e94a9a83709b5774491fdbb6),ML-KEM-768,decapsulation,2,11466000,266556,True,
c9d712db-38a3-4386-9ce7-d3d61e338ba7,a4109b71-5a8c-4d3e-8f45-7de071d0e57a,2026-09-16T11:00:00Z,esp32_xtensa_lx6_arduino,NATIVE_HARDWARE,xtensa_lx6,ESP32 Xtensa Dual-Core 240MHz,2,0,FreeRTOS (ESP-IDF / Arduino Core),xtensa-esp32-elf-gcc,xtensa-esp32-elf-gcc (Espressif),-O2,mlkem-native,v1.2.0 (2507ff79a0acfec6e94a9a83709b5774491fdbb6),ML-KEM-768,keygen,3,7857000,266556,True,
c9d712db-38a3-4386-9ce7-d3d61e338ba7,a4109b71-5a8c-4d3e-8f45-7de071d0e57a,2026-09-16T11:00:00Z,esp32_xtensa_lx6_arduino,NATIVE_HARDWARE,xtensa_lx6,ESP32 Xtensa Dual-Core 240MHz,2,0,FreeRTOS (ESP-IDF / Arduino Core),xtensa-esp32-elf-gcc,xtensa-esp32-elf-gcc (Espressif),-O2,mlkem-native,v1.2.0 (2507ff79a0acfec6e94a9a83709b5774491fdbb6),ML-KEM-768,encapsulation,3,9159000,266556,True,
c9d712db-38a3-4386-9ce7-d3d61e338ba7,a4109b71-5a8c-4d3e-8f45-7de071d0e57a,2026-09-16T11:00:00Z,esp32_xtensa_lx6_arduino,NATIVE_HARDWARE,xtensa_lx6,ESP32 Xtensa Dual-Core 240MHz,2,0,FreeRTOS (ESP-IDF / Arduino Core),xtensa-esp32-elf-gcc,xtensa-esp32-elf-gcc (Espressif),-O2,mlkem-native,v1.2.0 (2507ff79a0acfec6e94a9a83709b5774491fdbb6),ML-KEM-768,decapsulation,3,11469000,266556,True,
c9d712db-38a3-4386-9ce7-d3d61e338ba7,a4109b71-5a8c-4d3e-8f45-7de071d0e57a,2026-09-16T11:00:00Z,esp32_xtensa_lx6_arduino,NATIVE_HARDWARE,xtensa_lx6,ESP32 Xtensa Dual-Core 240MHz,2,0,FreeRTOS (ESP-IDF / Arduino Core),xtensa-esp32-elf-gcc,xtensa-esp32-elf-gcc (Espressif),-O2,mlkem-native,v1.2.0 (2507ff79a0acfec6e94a9a83709b5774491fdbb6),ML-KEM-768,keygen,4,7850000,266556,True,
c9d712db-38a3-4386-9ce7-d3d61e338ba7,a4109b71-5a8c-4d3e-8f45-7de071d0e57a,2026-09-16T11:00:00Z,esp32_xtensa_lx6_arduino,NATIVE_HARDWARE,xtensa_lx6,ESP32 Xtensa Dual-Core 240MHz,2,0,FreeRTOS (ESP-IDF / Arduino Core),xtensa-esp32-elf-gcc,xtensa-esp32-elf-gcc (Espressif),-O2,mlkem-native,v1.2.0 (2507ff79a0acfec6e94a9a83709b5774491fdbb6),ML-KEM-768,encapsulation,4,9153000,266556,True,
c9d712db-38a3-4386-9ce7-d3d61e338ba7,a4109b71-5a8c-4d3e-8f45-7de071d0e57a,2026-09-16T11:00:00Z,esp32_xtensa_lx6_arduino,NATIVE_HARDWARE,xtensa_lx6,ESP32 Xtensa Dual-Core 240MHz,2,0,FreeRTOS (ESP-IDF / Arduino Core),xtensa-esp32-elf-gcc,xtensa-esp32-elf-gcc (Espressif),-O2,mlkem-native,v1.2.0 (2507ff79a0acfec6e94a9a83709b5774491fdbb6),ML-KEM-768,decapsulation,4,11466000,266556,True,
c9d712db-38a3-4386-9ce7-d3d61e338ba7,a4109b71-5a8c-4d3e-8f45-7de071d0e57a,2026-09-16T11:00:00Z,esp32_xtensa_lx6_arduino,NATIVE_HARDWARE,xtensa_lx6,ESP32 Xtensa Dual-Core 240MHz,2,0,FreeRTOS (ESP-IDF / Arduino Core),xtensa-esp32-elf-gcc,xtensa-esp32-elf-gcc (Espressif),-O2,mlkem-native,v1.2.0 (2507ff79a0acfec6e94a9a83709b5774491fdbb6),ML-KEM-768,keygen,5,7852000,266556,True,
c9d712db-38a3-4386-9ce7-d3d61e338ba7,a4109b71-5a8c-4d3e-8f45-7de071d0e57a,2026-09-16T11:00:00Z,esp32_xtensa_lx6_arduino,NATIVE_HARDWARE,xtensa_lx6,ESP32 Xtensa Dual-Core 240MHz,2,0,FreeRTOS (ESP-IDF / Arduino Core),xtensa-esp32-elf-gcc,xtensa-esp32-elf-gcc (Espressif),-O2,mlkem-native,v1.2.0 (2507ff79a0acfec6e94a9a83709b5774491fdbb6),ML-KEM-768,encapsulation,5,9155000,266556,True,
c9d712db-38a3-4386-9ce7-d3d61e338ba7,a4109b71-5a8c-4d3e-8f45-7de071d0e57a,2026-09-16T11:00:00Z,esp32_xtensa_lx6_arduino,NATIVE_HARDWARE,xtensa_lx6,ESP32 Xtensa Dual-Core 240MHz,2,0,FreeRTOS (ESP-IDF / Arduino Core),xtensa-esp32-elf-gcc,xtensa-esp32-elf-gcc (Espressif),-O2,mlkem-native,v1.2.0 (2507ff79a0acfec6e94a9a83709b5774491fdbb6),ML-KEM-768,decapsulation,5,11468000,266556,True,
c9d712db-38a3-4386-9ce7-d3d61e338ba7,a4109b71-5a8c-4d3e-8f45-7de071d0e57a,2026-09-16T11:00:00Z,esp32_xtensa_lx6_arduino,NATIVE_HARDWARE,xtensa_lx6,ESP32 Xtensa Dual-Core 240MHz,2,0,FreeRTOS (ESP-IDF / Arduino Core),xtensa-esp32-elf-gcc,xtensa-esp32-elf-gcc (Espressif),-O2,mlkem-native,v1.2.0 (2507ff79a0acfec6e94a9a83709b5774491fdbb6),ML-KEM-768,keygen,6,7852000,266556,True,
c9d712db-38a3-4386-9ce7-d3d61e338ba7,a4109b71-5a8c-4d3e-8f45-7de071d0e57a,2026-09-16T11:00:00Z,esp32_xtensa_lx6_arduino,NATIVE_HARDWARE,xtensa_lx6,ESP32 Xtensa Dual-Core 240MHz,2,0,FreeRTOS (ESP-IDF / Arduino Core),xtensa-esp32-elf-gcc,xtensa-esp32-elf-gcc (Espressif),-O2,mlkem-native,v1.2.0 (2507ff79a0acfec6e94a9a83709b5774491fdbb6),ML-KEM-768,encapsulation,6,9154000,266556,True,
c9d712db-38a3-4386-9ce7-d3d61e338ba7,a4109b71-5a8c-4d3e-8f45-7de071d0e57a,2026-09-16T11:00:00Z,esp32_xtensa_lx6_arduino,NATIVE_HARDWARE,xtensa_lx6,ESP32 Xtensa Dual-Core 240MHz,2,0,FreeRTOS (ESP-IDF / Arduino Core),xtensa-esp32-elf-gcc,xtensa-esp32-elf-gcc (Espressif),-O2,mlkem-native,v1.2.0 (2507ff79a0acfec6e94a9a83709b5774491fdbb6),ML-KEM-768,decapsulation,6,11464000,266556,True,
c9d712db-38a3-4386-9ce7-d3d61e338ba7,a4109b71-5a8c-4d3e-8f45-7de071d0e57a,2026-09-16T11:00:00Z,esp32_xtensa_lx6_arduino,NATIVE_HARDWARE,xtensa_lx6,ESP32 Xtensa Dual-Core 240MHz,2,0,FreeRTOS (ESP-IDF / Arduino Core),xtensa-esp32-elf-gcc,xtensa-esp32-elf-gcc (Espressif),-O2,mlkem-native,v1.2.0 (2507ff79a0acfec6e94a9a83709b5774491fdbb6),ML-KEM-768,keygen,7,8225000,266556,True,
c9d712db-38a3-4386-9ce7-d3d61e338ba7,a4109b71-5a8c-4d3e-8f45-7de071d0e57a,2026-09-16T11:00:00Z,esp32_xtensa_lx6_arduino,NATIVE_HARDWARE,xtensa_lx6,ESP32 Xtensa Dual-Core 240MHz,2,0,FreeRTOS (ESP-IDF / Arduino Core),xtensa-esp32-elf-gcc,xtensa-esp32-elf-gcc (Espressif),-O2,mlkem-native,v1.2.0 (2507ff79a0acfec6e94a9a83709b5774491fdbb6),ML-KEM-768,encapsulation,7,9532000,266556,True,
c9d712db-38a3-4386-9ce7-d3d61e338ba7,a4109b71-5a8c-4d3e-8f45-7de071d0e57a,2026-09-16T11:00:00Z,esp32_xtensa_lx6_arduino,NATIVE_HARDWARE,xtensa_lx6,ESP32 Xtensa Dual-Core 240MHz,2,0,FreeRTOS (ESP-IDF / Arduino Core),xtensa-esp32-elf-gcc,xtensa-esp32-elf-gcc (Espressif),-O2,mlkem-native,v1.2.0 (2507ff79a0acfec6e94a9a83709b5774491fdbb6),ML-KEM-768,decapsulation,7,11843000,266556,True,
c9d712db-38a3-4386-9ce7-d3d61e338ba7,a4109b71-5a8c-4d3e-8f45-7de071d0e57a,2026-09-16T11:00:00Z,esp32_xtensa_lx6_arduino,NATIVE_HARDWARE,xtensa_lx6,ESP32 Xtensa Dual-Core 240MHz,2,0,FreeRTOS (ESP-IDF / Arduino Core),xtensa-esp32-elf-gcc,xtensa-esp32-elf-gcc (Espressif),-O2,mlkem-native,v1.2.0 (2507ff79a0acfec6e94a9a83709b5774491fdbb6),ML-KEM-768,keygen,8,7853000,266556,True,
c9d712db-38a3-4386-9ce7-d3d61e338ba7,a4109b71-5a8c-4d3e-8f45-7de071d0e57a,2026-09-16T11:00:00Z,esp32_xtensa_lx6_arduino,NATIVE_HARDWARE,xtensa_lx6,ESP32 Xtensa Dual-Core 240MHz,2,0,FreeRTOS (ESP-IDF / Arduino Core),xtensa-esp32-elf-gcc,xtensa-esp32-elf-gcc (Espressif),-O2,mlkem-native,v1.2.0 (2507ff79a0acfec6e94a9a83709b5774491fdbb6),ML-KEM-768,encapsulation,8,9155000,266556,True,
c9d712db-38a3-4386-9ce7-d3d61e338ba7,a4109b71-5a8c-4d3e-8f45-7de071d0e57a,2026-09-16T11:00:00Z,esp32_xtensa_lx6_arduino,NATIVE_HARDWARE,xtensa_lx6,ESP32 Xtensa Dual-Core 240MHz,2,0,FreeRTOS (ESP-IDF / Arduino Core),xtensa-esp32-elf-gcc,xtensa-esp32-elf-gcc (Espressif),-O2,mlkem-native,v1.2.0 (2507ff79a0acfec6e94a9a83709b5774491fdbb6),ML-KEM-768,decapsulation,8,11464000,266556,True,
c9d712db-38a3-4386-9ce7-d3d61e338ba7,a4109b71-5a8c-4d3e-8f45-7de071d0e57a,2026-09-16T11:00:00Z,esp32_xtensa_lx6_arduino,NATIVE_HARDWARE,xtensa_lx6,ESP32 Xtensa Dual-Core 240MHz,2,0,FreeRTOS (ESP-IDF / Arduino Core),xtensa-esp32-elf-gcc,xtensa-esp32-elf-gcc (Espressif),-O2,mlkem-native,v1.2.0 (2507ff79a0acfec6e94a9a83709b5774491fdbb6),ML-KEM-768,keygen,9,8224000,266556,True,
c9d712db-38a3-4386-9ce7-d3d61e338ba7,a4109b71-5a8c-4d3e-8f45-7de071d0e57a,2026-09-16T11:00:00Z,esp32_xtensa_lx6_arduino,NATIVE_HARDWARE,xtensa_lx6,ESP32 Xtensa Dual-Core 240MHz,2,0,FreeRTOS (ESP-IDF / Arduino Core),xtensa-esp32-elf-gcc,xtensa-esp32-elf-gcc (Espressif),-O2,mlkem-native,v1.2.0 (2507ff79a0acfec6e94a9a83709b5774491fdbb6),ML-KEM-768,encapsulation,9,9527000,266556,True,
c9d712db-38a3-4386-9ce7-d3d61e338ba7,a4109b71-5a8c-4d3e-8f45-7de071d0e57a,2026-09-16T11:00:00Z,esp32_xtensa_lx6_arduino,NATIVE_HARDWARE,xtensa_lx6,ESP32 Xtensa Dual-Core 240MHz,2,0,FreeRTOS (ESP-IDF / Arduino Core),xtensa-esp32-elf-gcc,xtensa-esp32-elf-gcc (Espressif),-O2,mlkem-native,v1.2.0 (2507ff79a0acfec6e94a9a83709b5774491fdbb6),ML-KEM-768,decapsulation,9,11840000,266556,True,
c9d712db-38a3-4386-9ce7-d3d61e338ba7,a4109b71-5a8c-4d3e-8f45-7de071d0e57a,2026-09-16T11:00:00Z,esp32_xtensa_lx6_arduino,NATIVE_HARDWARE,xtensa_lx6,ESP32 Xtensa Dual-Core 240MHz,2,0,FreeRTOS (ESP-IDF / Arduino Core),xtensa-esp32-elf-gcc,xtensa-esp32-elf-gcc (Espressif),-O2,mlkem-native,v1.2.0 (2507ff79a0acfec6e94a9a83709b5774491fdbb6),ML-KEM-768,keygen,10,8226000,266556,True,
c9d712db-38a3-4386-9ce7-d3d61e338ba7,a4109b71-5a8c-4d3e-8f45-7de071d0e57a,2026-09-16T11:00:00Z,esp32_xtensa_lx6_arduino,NATIVE_HARDWARE,xtensa_lx6,ESP32 Xtensa Dual-Core 240MHz,2,0,FreeRTOS (ESP-IDF / Arduino Core),xtensa-esp32-elf-gcc,xtensa-esp32-elf-gcc (Espressif),-O2,mlkem-native,v1.2.0 (2507ff79a0acfec6e94a9a83709b5774491fdbb6),ML-KEM-768,encapsulation,10,9530000,266556,True,
c9d712db-38a3-4386-9ce7-d3d61e338ba7,a4109b71-5a8c-4d3e-8f45-7de071d0e57a,2026-09-16T11:00:00Z,esp32_xtensa_lx6_arduino,NATIVE_HARDWARE,xtensa_lx6,ESP32 Xtensa Dual-Core 240MHz,2,0,FreeRTOS (ESP-IDF / Arduino Core),xtensa-esp32-elf-gcc,xtensa-esp32-elf-gcc (Espressif),-O2,mlkem-native,v1.2.0 (2507ff79a0acfec6e94a9a83709b5774491fdbb6),ML-KEM-768,decapsulation,10,11844000,266556,True,
c9d712db-38a3-4386-9ce7-d3d61e338ba7,a4109b71-5a8c-4d3e-8f45-7de071d0e57a,2026-09-16T11:00:00Z,esp32_xtensa_lx6_arduino,NATIVE_HARDWARE,xtensa_lx6,ESP32 Xtensa Dual-Core 240MHz,2,0,FreeRTOS (ESP-IDF / Arduino Core),xtensa-esp32-elf-gcc,xtensa-esp32-elf-gcc (Espressif),-O2,mlkem-native,v1.2.0 (2507ff79a0acfec6e94a9a83709b5774491fdbb6),ML-KEM-768,keygen,11,7852000,266556,True,
c9d712db-38a3-4386-9ce7-d3d61e338ba7,a4109b71-5a8c-4d3e-8f45-7de071d0e57a,2026-09-16T11:00:00Z,esp32_xtensa_lx6_arduino,NATIVE_HARDWARE,xtensa_lx6,ESP32 Xtensa Dual-Core 240MHz,2,0,FreeRTOS (ESP-IDF / Arduino Core),xtensa-esp32-elf-gcc,xtensa-esp32-elf-gcc (Espressif),-O2,mlkem-native,v1.2.0 (2507ff79a0acfec6e94a9a83709b5774491fdbb6),ML-KEM-768,encapsulation,11,9156000,266556,True,
c9d712db-38a3-4386-9ce7-d3d61e338ba7,a4109b71-5a8c-4d3e-8f45-7de071d0e57a,2026-09-16T11:00:00Z,esp32_xtensa_lx6_arduino,NATIVE_HARDWARE,xtensa_lx6,ESP32 Xtensa Dual-Core 240MHz,2,0,FreeRTOS (ESP-IDF / Arduino Core),xtensa-esp32-elf-gcc,xtensa-esp32-elf-gcc (Espressif),-O2,mlkem-native,v1.2.0 (2507ff79a0acfec6e94a9a83709b5774491fdbb6),ML-KEM-768,decapsulation,11,11469000,266556,True,
c9d712db-38a3-4386-9ce7-d3d61e338ba7,a4109b71-5a8c-4d3e-8f45-7de071d0e57a,2026-09-16T11:00:00Z,esp32_xtensa_lx6_arduino,NATIVE_HARDWARE,xtensa_lx6,ESP32 Xtensa Dual-Core 240MHz,2,0,FreeRTOS (ESP-IDF / Arduino Core),xtensa-esp32-elf-gcc,xtensa-esp32-elf-gcc (Espressif),-O2,mlkem-native,v1.2.0 (2507ff79a0acfec6e94a9a83709b5774491fdbb6),ML-KEM-768,keygen,12,7855000,266556,True,
c9d712db-38a3-4386-9ce7-d3d61e338ba7,a4109b71-5a8c-4d3e-8f45-7de071d0e57a,2026-09-16T11:00:00Z,esp32_xtensa_lx6_arduino,NATIVE_HARDWARE,xtensa_lx6,ESP32 Xtensa Dual-Core 240MHz,2,0,FreeRTOS (ESP-IDF / Arduino Core),xtensa-esp32-elf-gcc,xtensa-esp32-elf-gcc (Espressif),-O2,mlkem-native,v1.2.0 (2507ff79a0acfec6e94a9a83709b5774491fdbb6),ML-KEM-768,encapsulation,12,9157000,266556,True,
c9d712db-38a3-4386-9ce7-d3d61e338ba7,a4109b71-5a8c-4d3e-8f45-7de071d0e57a,2026-09-16T11:00:00Z,esp32_xtensa_lx6_arduino,NATIVE_HARDWARE,xtensa_lx6,ESP32 Xtensa Dual-Core 240MHz,2,0,FreeRTOS (ESP-IDF / Arduino Core),xtensa-esp32-elf-gcc,xtensa-esp32-elf-gcc (Espressif),-O2,mlkem-native,v1.2.0 (2507ff79a0acfec6e94a9a83709b5774491fdbb6),ML-KEM-768,decapsulation,12,11467000,266556,True,
c9d712db-38a3-4386-9ce7-d3d61e338ba7,a4109b71-5a8c-4d3e-8f45-7de071d0e57a,2026-09-16T11:00:00Z,esp32_xtensa_lx6_arduino,NATIVE_HARDWARE,xtensa_lx6,ESP32 Xtensa Dual-Core 240MHz,2,0,FreeRTOS (ESP-IDF / Arduino Core),xtensa-esp32-elf-gcc,xtensa-esp32-elf-gcc (Espressif),-O2,mlkem-native,v1.2.0 (2507ff79a0acfec6e94a9a83709b5774491fdbb6),ML-KEM-768,keygen,13,7852000,266556,True,
c9d712db-38a3-4386-9ce7-d3d61e338ba7,a4109b71-5a8c-4d3e-8f45-7de071d0e57a,2026-09-16T11:00:00Z,esp32_xtensa_lx6_arduino,NATIVE_HARDWARE,xtensa_lx6,ESP32 Xtensa Dual-Core 240MHz,2,0,FreeRTOS (ESP-IDF / Arduino Core),xtensa-esp32-elf-gcc,xtensa-esp32-elf-gcc (Espressif),-O2,mlkem-native,v1.2.0 (2507ff79a0acfec6e94a9a83709b5774491fdbb6),ML-KEM-768,encapsulation,13,9155000,266556,True,
c9d712db-38a3-4386-9ce7-d3d61e338ba7,a4109b71-5a8c-4d3e-8f45-7de071d0e57a,2026-09-16T11:00:00Z,esp32_xtensa_lx6_arduino,NATIVE_HARDWARE,xtensa_lx6,ESP32 Xtensa Dual-Core 240MHz,2,0,FreeRTOS (ESP-IDF / Arduino Core),xtensa-esp32-elf-gcc,xtensa-esp32-elf-gcc (Espressif),-O2,mlkem-native,v1.2.0 (2507ff79a0acfec6e94a9a83709b5774491fdbb6),ML-KEM-768,decapsulation,13,11465000,266556,True,
c9d712db-38a3-4386-9ce7-d3d61e338ba7,a4109b71-5a8c-4d3e-8f45-7de071d0e57a,2026-09-16T11:00:00Z,esp32_xtensa_lx6_arduino,NATIVE_HARDWARE,xtensa_lx6,ESP32 Xtensa Dual-Core 240MHz,2,0,FreeRTOS (ESP-IDF / Arduino Core),xtensa-esp32-elf-gcc,xtensa-esp32-elf-gcc (Espressif),-O2,mlkem-native,v1.2.0 (2507ff79a0acfec6e94a9a83709b5774491fdbb6),ML-KEM-768,keygen,14,7854000,266556,True,
c9d712db-38a3-4386-9ce7-d3d61e338ba7,a4109b71-5a8c-4d3e-8f45-7de071d0e57a,2026-09-16T11:00:00Z,esp32_xtensa_lx6_arduino,NATIVE_HARDWARE,xtensa_lx6,ESP32 Xtensa Dual-Core 240MHz,2,0,FreeRTOS (ESP-IDF / Arduino Core),xtensa-esp32-elf-gcc,xtensa-esp32-elf-gcc (Espressif),-O2,mlkem-native,v1.2.0 (2507ff79a0acfec6e94a9a83709b5774491fdbb6),ML-KEM-768,encapsulation,14,9157000,266556,True,
c9d712db-38a3-4386-9ce7-d3d61e338ba7,a4109b71-5a8c-4d3e-8f45-7de071d0e57a,2026-09-16T11:00:00Z,esp32_xtensa_lx6_arduino,NATIVE_HARDWARE,xtensa_lx6,ESP32 Xtensa Dual-Core 240MHz,2,0,FreeRTOS (ESP-IDF / Arduino Core),xtensa-esp32-elf-gcc,xtensa-esp32-elf-gcc (Espressif),-O2,mlkem-native,v1.2.0 (2507ff79a0acfec6e94a9a83709b5774491fdbb6),ML-KEM-768,decapsulation,14,11467000,266556,True,
c9d712db-38a3-4386-9ce7-d3d61e338ba7,a4109b71-5a8c-4d3e-8f45-7de071d0e57a,2026-09-16T11:00:00Z,esp32_xtensa_lx6_arduino,NATIVE_HARDWARE,xtensa_lx6,ESP32 Xtensa Dual-Core 240MHz,2,0,FreeRTOS (ESP-IDF / Arduino Core),xtensa-esp32-elf-gcc,xtensa-esp32-elf-gcc (Espressif),-O2,mlkem-native,v1.2.0 (2507ff79a0acfec6e94a9a83709b5774491fdbb6),ML-KEM-768,keygen,15,8222000,266556,True,
c9d712db-38a3-4386-9ce7-d3d61e338ba7,a4109b71-5a8c-4d3e-8f45-7de071d0e57a,2026-09-16T11:00:00Z,esp32_xtensa_lx6_arduino,NATIVE_HARDWARE,xtensa_lx6,ESP32 Xtensa Dual-Core 240MHz,2,0,FreeRTOS (ESP-IDF / Arduino Core),xtensa-esp32-elf-gcc,xtensa-esp32-elf-gcc (Espressif),-O2,mlkem-native,v1.2.0 (2507ff79a0acfec6e94a9a83709b5774491fdbb6),ML-KEM-768,encapsulation,15,9524000,266556,True,
c9d712db-38a3-4386-9ce7-d3d61e338ba7,a4109b71-5a8c-4d3e-8f45-7de071d0e57a,2026-09-16T11:00:00Z,esp32_xtensa_lx6_arduino,NATIVE_HARDWARE,xtensa_lx6,ESP32 Xtensa Dual-Core 240MHz,2,0,FreeRTOS (ESP-IDF / Arduino Core),xtensa-esp32-elf-gcc,xtensa-esp32-elf-gcc (Espressif),-O2,mlkem-native,v1.2.0 (2507ff79a0acfec6e94a9a83709b5774491fdbb6),ML-KEM-768,decapsulation,15,11838000,266556,True,
c9d712db-38a3-4386-9ce7-d3d61e338ba7,a4109b71-5a8c-4d3e-8f45-7de071d0e57a,2026-09-16T11:00:00Z,esp32_xtensa_lx6_arduino,NATIVE_HARDWARE,xtensa_lx6,ESP32 Xtensa Dual-Core 240MHz,2,0,FreeRTOS (ESP-IDF / Arduino Core),xtensa-esp32-elf-gcc,xtensa-esp32-elf-gcc (Espressif),-O2,mlkem-native,v1.2.0 (2507ff79a0acfec6e94a9a83709b5774491fdbb6),ML-KEM-768,keygen,16,7855000,266556,True,
c9d712db-38a3-4386-9ce7-d3d61e338ba7,a4109b71-5a8c-4d3e-8f45-7de071d0e57a,2026-09-16T11:00:00Z,esp32_xtensa_lx6_arduino,NATIVE_HARDWARE,xtensa_lx6,ESP32 Xtensa Dual-Core 240MHz,2,0,FreeRTOS (ESP-IDF / Arduino Core),xtensa-esp32-elf-gcc,xtensa-esp32-elf-gcc (Espressif),-O2,mlkem-native,v1.2.0 (2507ff79a0acfec6e94a9a83709b5774491fdbb6),ML-KEM-768,encapsulation,16,9158000,266556,True,
c9d712db-38a3-4386-9ce7-d3d61e338ba7,a4109b71-5a8c-4d3e-8f45-7de071d0e57a,2026-09-16T11:00:00Z,esp32_xtensa_lx6_arduino,NATIVE_HARDWARE,xtensa_lx6,ESP32 Xtensa Dual-Core 240MHz,2,0,FreeRTOS (ESP-IDF / Arduino Core),xtensa-esp32-elf-gcc,xtensa-esp32-elf-gcc (Espressif),-O2,mlkem-native,v1.2.0 (2507ff79a0acfec6e94a9a83709b5774491fdbb6),ML-KEM-768,decapsulation,16,11471000,266556,True,
c9d712db-38a3-4386-9ce7-d3d61e338ba7,a4109b71-5a8c-4d3e-8f45-7de071d0e57a,2026-09-16T11:00:00Z,esp32_xtensa_lx6_arduino,NATIVE_HARDWARE,xtensa_lx6,ESP32 Xtensa Dual-Core 240MHz,2,0,FreeRTOS (ESP-IDF / Arduino Core),xtensa-esp32-elf-gcc,xtensa-esp32-elf-gcc (Espressif),-O2,mlkem-native,v1.2.0 (2507ff79a0acfec6e94a9a83709b5774491fdbb6),ML-KEM-768,keygen,17,7854000,266556,True,
c9d712db-38a3-4386-9ce7-d3d61e338ba7,a4109b71-5a8c-4d3e-8f45-7de071d0e57a,2026-09-16T11:00:00Z,esp32_xtensa_lx6_arduino,NATIVE_HARDWARE,xtensa_lx6,ESP32 Xtensa Dual-Core 240MHz,2,0,FreeRTOS (ESP-IDF / Arduino Core),xtensa-esp32-elf-gcc,xtensa-esp32-elf-gcc (Espressif),-O2,mlkem-native,v1.2.0 (2507ff79a0acfec6e94a9a83709b5774491fdbb6),ML-KEM-768,encapsulation,17,9158000,266556,True,
c9d712db-38a3-4386-9ce7-d3d61e338ba7,a4109b71-5a8c-4d3e-8f45-7de071d0e57a,2026-09-16T11:00:00Z,esp32_xtensa_lx6_arduino,NATIVE_HARDWARE,xtensa_lx6,ESP32 Xtensa Dual-Core 240MHz,2,0,FreeRTOS (ESP-IDF / Arduino Core),xtensa-esp32-elf-gcc,xtensa-esp32-elf-gcc (Espressif),-O2,mlkem-native,v1.2.0 (2507ff79a0acfec6e94a9a83709b5774491fdbb6),ML-KEM-768,decapsulation,17,11471000,266556,True,
c9d712db-38a3-4386-9ce7-d3d61e338ba7,a4109b71-5a8c-4d3e-8f45-7de071d0e57a,2026-09-16T11:00:00Z,esp32_xtensa_lx6_arduino,NATIVE_HARDWARE,xtensa_lx6,ESP32 Xtensa Dual-Core 240MHz,2,0,FreeRTOS (ESP-IDF / Arduino Core),xtensa-esp32-elf-gcc,xtensa-esp32-elf-gcc (Espressif),-O2,mlkem-native,v1.2.0 (2507ff79a0acfec6e94a9a83709b5774491fdbb6),ML-KEM-768,keygen,18,7853000,266556,True,
c9d712db-38a3-4386-9ce7-d3d61e338ba7,a4109b71-5a8c-4d3e-8f45-7de071d0e57a,2026-09-16T11:00:00Z,esp32_xtensa_lx6_arduino,NATIVE_HARDWARE,xtensa_lx6,ESP32 Xtensa Dual-Core 240MHz,2,0,FreeRTOS (ESP-IDF / Arduino Core),xtensa-esp32-elf-gcc,xtensa-esp32-elf-gcc (Espressif),-O2,mlkem-native,v1.2.0 (2507ff79a0acfec6e94a9a83709b5774491fdbb6),ML-KEM-768,encapsulation,18,9155000,266556,True,
c9d712db-38a3-4386-9ce7-d3d61e338ba7,a4109b71-5a8c-4d3e-8f45-7de071d0e57a,2026-09-16T11:00:00Z,esp32_xtensa_lx6_arduino,NATIVE_HARDWARE,xtensa_lx6,ESP32 Xtensa Dual-Core 240MHz,2,0,FreeRTOS (ESP-IDF / Arduino Core),xtensa-esp32-elf-gcc,xtensa-esp32-elf-gcc (Espressif),-O2,mlkem-native,v1.2.0 (2507ff79a0acfec6e94a9a83709b5774491fdbb6),ML-KEM-768,decapsulation,18,11465000,266556,True,
c9d712db-38a3-4386-9ce7-d3d61e338ba7,a4109b71-5a8c-4d3e-8f45-7de071d0e57a,2026-09-16T11:00:00Z,esp32_xtensa_lx6_arduino,NATIVE_HARDWARE,xtensa_lx6,ESP32 Xtensa Dual-Core 240MHz,2,0,FreeRTOS (ESP-IDF / Arduino Core),xtensa-esp32-elf-gcc,xtensa-esp32-elf-gcc (Espressif),-O2,mlkem-native,v1.2.0 (2507ff79a0acfec6e94a9a83709b5774491fdbb6),ML-KEM-768,keygen,19,7855000,266556,True,
c9d712db-38a3-4386-9ce7-d3d61e338ba7,a4109b71-5a8c-4d3e-8f45-7de071d0e57a,2026-09-16T11:00:00Z,esp32_xtensa_lx6_arduino,NATIVE_HARDWARE,xtensa_lx6,ESP32 Xtensa Dual-Core 240MHz,2,0,FreeRTOS (ESP-IDF / Arduino Core),xtensa-esp32-elf-gcc,xtensa-esp32-elf-gcc (Espressif),-O2,mlkem-native,v1.2.0 (2507ff79a0acfec6e94a9a83709b5774491fdbb6),ML-KEM-768,encapsulation,19,9158000,266556,True,
c9d712db-38a3-4386-9ce7-d3d61e338ba7,a4109b71-5a8c-4d3e-8f45-7de071d0e57a,2026-09-16T11:00:00Z,esp32_xtensa_lx6_arduino,NATIVE_HARDWARE,xtensa_lx6,ESP32 Xtensa Dual-Core 240MHz,2,0,FreeRTOS (ESP-IDF / Arduino Core),xtensa-esp32-elf-gcc,xtensa-esp32-elf-gcc (Espressif),-O2,mlkem-native,v1.2.0 (2507ff79a0acfec6e94a9a83709b5774491fdbb6),ML-KEM-768,decapsulation,19,11468000,266556,True,
c9d712db-38a3-4386-9ce7-d3d61e338ba7,a4109b71-5a8c-4d3e-8f45-7de071d0e57a,2026-09-16T11:00:00Z,esp32_xtensa_lx6_arduino,NATIVE_HARDWARE,xtensa_lx6,ESP32 Xtensa Dual-Core 240MHz,2,0,FreeRTOS (ESP-IDF / Arduino Core),xtensa-esp32-elf-gcc,xtensa-esp32-elf-gcc (Espressif),-O2,mlkem-native,v1.2.0 (2507ff79a0acfec6e94a9a83709b5774491fdbb6),ML-KEM-768,keygen,20,7853000,266556,True,
c9d712db-38a3-4386-9ce7-d3d61e338ba7,a4109b71-5a8c-4d3e-8f45-7de071d0e57a,2026-09-16T11:00:00Z,esp32_xtensa_lx6_arduino,NATIVE_HARDWARE,xtensa_lx6,ESP32 Xtensa Dual-Core 240MHz,2,0,FreeRTOS (ESP-IDF / Arduino Core),xtensa-esp32-elf-gcc,xtensa-esp32-elf-gcc (Espressif),-O2,mlkem-native,v1.2.0 (2507ff79a0acfec6e94a9a83709b5774491fdbb6),ML-KEM-768,encapsulation,20,9156000,266556,True,
c9d712db-38a3-4386-9ce7-d3d61e338ba7,a4109b71-5a8c-4d3e-8f45-7de071d0e57a,2026-09-16T11:00:00Z,esp32_xtensa_lx6_arduino,NATIVE_HARDWARE,xtensa_lx6,ESP32 Xtensa Dual-Core 240MHz,2,0,FreeRTOS (ESP-IDF / Arduino Core),xtensa-esp32-elf-gcc,xtensa-esp32-elf-gcc (Espressif),-O2,mlkem-native,v1.2.0 (2507ff79a0acfec6e94a9a83709b5774491fdbb6),ML-KEM-768,decapsulation,20,11466000,266556,True,
c9d712db-38a3-4386-9ce7-d3d61e338ba7,a4109b71-5a8c-4d3e-8f45-7de071d0e57a,2026-09-16T11:00:00Z,esp32_xtensa_lx6_arduino,NATIVE_HARDWARE,xtensa_lx6,ESP32 Xtensa Dual-Core 240MHz,2,0,FreeRTOS (ESP-IDF / Arduino Core),xtensa-esp32-elf-gcc,xtensa-esp32-elf-gcc (Espressif),-O2,mlkem-native,v1.2.0 (2507ff79a0acfec6e94a9a83709b5774491fdbb6),ML-KEM-768,keygen,21,7856000,266556,True,
c9d712db-38a3-4386-9ce7-d3d61e338ba7,a4109b71-5a8c-4d3e-8f45-7de071d0e57a,2026-09-16T11:00:00Z,esp32_xtensa_lx6_arduino,NATIVE_HARDWARE,xtensa_lx6,ESP32 Xtensa Dual-Core 240MHz,2,0,FreeRTOS (ESP-IDF / Arduino Core),xtensa-esp32-elf-gcc,xtensa-esp32-elf-gcc (Espressif),-O2,mlkem-native,v1.2.0 (2507ff79a0acfec6e94a9a83709b5774491fdbb6),ML-KEM-768,encapsulation,21,9158000,266556,True,
c9d712db-38a3-4386-9ce7-d3d61e338ba7,a4109b71-5a8c-4d3e-8f45-7de071d0e57a,2026-09-16T11:00:00Z,esp32_xtensa_lx6_arduino,NATIVE_HARDWARE,xtensa_lx6,ESP32 Xtensa Dual-Core 240MHz,2,0,FreeRTOS (ESP-IDF / Arduino Core),xtensa-esp32-elf-gcc,xtensa-esp32-elf-gcc (Espressif),-O2,mlkem-native,v1.2.0 (2507ff79a0acfec6e94a9a83709b5774491fdbb6),ML-KEM-768,decapsulation,21,11466000,266556,True,
c9d712db-38a3-4386-9ce7-d3d61e338ba7,a4109b71-5a8c-4d3e-8f45-7de071d0e57a,2026-09-16T11:00:00Z,esp32_xtensa_lx6_arduino,NATIVE_HARDWARE,xtensa_lx6,ESP32 Xtensa Dual-Core 240MHz,2,0,FreeRTOS (ESP-IDF / Arduino Core),xtensa-esp32-elf-gcc,xtensa-esp32-elf-gcc (Espressif),-O2,mlkem-native,v1.2.0 (2507ff79a0acfec6e94a9a83709b5774491fdbb6),ML-KEM-768,keygen,22,8223000,266556,True,
c9d712db-38a3-4386-9ce7-d3d61e338ba7,a4109b71-5a8c-4d3e-8f45-7de071d0e57a,2026-09-16T11:00:00Z,esp32_xtensa_lx6_arduino,NATIVE_HARDWARE,xtensa_lx6,ESP32 Xtensa Dual-Core 240MHz,2,0,FreeRTOS (ESP-IDF / Arduino Core),xtensa-esp32-elf-gcc,xtensa-esp32-elf-gcc (Espressif),-O2,mlkem-native,v1.2.0 (2507ff79a0acfec6e94a9a83709b5774491fdbb6),ML-KEM-768,encapsulation,22,9526000,266556,True,
c9d712db-38a3-4386-9ce7-d3d61e338ba7,a4109b71-5a8c-4d3e-8f45-7de071d0e57a,2026-09-16T11:00:00Z,esp32_xtensa_lx6_arduino,NATIVE_HARDWARE,xtensa_lx6,ESP32 Xtensa Dual-Core 240MHz,2,0,FreeRTOS (ESP-IDF / Arduino Core),xtensa-esp32-elf-gcc,xtensa-esp32-elf-gcc (Espressif),-O2,mlkem-native,v1.2.0 (2507ff79a0acfec6e94a9a83709b5774491fdbb6),ML-KEM-768,decapsulation,22,11839000,266556,True,
c9d712db-38a3-4386-9ce7-d3d61e338ba7,a4109b71-5a8c-4d3e-8f45-7de071d0e57a,2026-09-16T11:00:00Z,esp32_xtensa_lx6_arduino,NATIVE_HARDWARE,xtensa_lx6,ESP32 Xtensa Dual-Core 240MHz,2,0,FreeRTOS (ESP-IDF / Arduino Core),xtensa-esp32-elf-gcc,xtensa-esp32-elf-gcc (Espressif),-O2,mlkem-native,v1.2.0 (2507ff79a0acfec6e94a9a83709b5774491fdbb6),ML-KEM-768,keygen,23,7851000,266556,True,
c9d712db-38a3-4386-9ce7-d3d61e338ba7,a4109b71-5a8c-4d3e-8f45-7de071d0e57a,2026-09-16T11:00:00Z,esp32_xtensa_lx6_arduino,NATIVE_HARDWARE,xtensa_lx6,ESP32 Xtensa Dual-Core 240MHz,2,0,FreeRTOS (ESP-IDF / Arduino Core),xtensa-esp32-elf-gcc,xtensa-esp32-elf-gcc (Espressif),-O2,mlkem-native,v1.2.0 (2507ff79a0acfec6e94a9a83709b5774491fdbb6),ML-KEM-768,encapsulation,23,9154000,266556,True,
c9d712db-38a3-4386-9ce7-d3d61e338ba7,a4109b71-5a8c-4d3e-8f45-7de071d0e57a,2026-09-16T11:00:00Z,esp32_xtensa_lx6_arduino,NATIVE_HARDWARE,xtensa_lx6,ESP32 Xtensa Dual-Core 240MHz,2,0,FreeRTOS (ESP-IDF / Arduino Core),xtensa-esp32-elf-gcc,xtensa-esp32-elf-gcc (Espressif),-O2,mlkem-native,v1.2.0 (2507ff79a0acfec6e94a9a83709b5774491fdbb6),ML-KEM-768,decapsulation,23,11468000,266556,True,
c9d712db-38a3-4386-9ce7-d3d61e338ba7,a4109b71-5a8c-4d3e-8f45-7de071d0e57a,2026-09-16T11:00:00Z,esp32_xtensa_lx6_arduino,NATIVE_HARDWARE,xtensa_lx6,ESP32 Xtensa Dual-Core 240MHz,2,0,FreeRTOS (ESP-IDF / Arduino Core),xtensa-esp32-elf-gcc,xtensa-esp32-elf-gcc (Espressif),-O2,mlkem-native,v1.2.0 (2507ff79a0acfec6e94a9a83709b5774491fdbb6),ML-KEM-768,keygen,24,7853000,266556,True,
c9d712db-38a3-4386-9ce7-d3d61e338ba7,a4109b71-5a8c-4d3e-8f45-7de071d0e57a,2026-09-16T11:00:00Z,esp32_xtensa_lx6_arduino,NATIVE_HARDWARE,xtensa_lx6,ESP32 Xtensa Dual-Core 240MHz,2,0,FreeRTOS (ESP-IDF / Arduino Core),xtensa-esp32-elf-gcc,xtensa-esp32-elf-gcc (Espressif),-O2,mlkem-native,v1.2.0 (2507ff79a0acfec6e94a9a83709b5774491fdbb6),ML-KEM-768,encapsulation,24,9157000,266556,True,
c9d712db-38a3-4386-9ce7-d3d61e338ba7,a4109b71-5a8c-4d3e-8f45-7de071d0e57a,2026-09-16T11:00:00Z,esp32_xtensa_lx6_arduino,NATIVE_HARDWARE,xtensa_lx6,ESP32 Xtensa Dual-Core 240MHz,2,0,FreeRTOS (ESP-IDF / Arduino Core),xtensa-esp32-elf-gcc,xtensa-esp32-elf-gcc (Espressif),-O2,mlkem-native,v1.2.0 (2507ff79a0acfec6e94a9a83709b5774491fdbb6),ML-KEM-768,decapsulation,24,11469000,266556,True,
c9d712db-38a3-4386-9ce7-d3d61e338ba7,a4109b71-5a8c-4d3e-8f45-7de071d0e57a,2026-09-16T11:00:00Z,esp32_xtensa_lx6_arduino,NATIVE_HARDWARE,xtensa_lx6,ESP32 Xtensa Dual-Core 240MHz,2,0,FreeRTOS (ESP-IDF / Arduino Core),xtensa-esp32-elf-gcc,xtensa-esp32-elf-gcc (Espressif),-O2,mlkem-native,v1.2.0 (2507ff79a0acfec6e94a9a83709b5774491fdbb6),ML-KEM-768,keygen,25,8227000,266556,True,
c9d712db-38a3-4386-9ce7-d3d61e338ba7,a4109b71-5a8c-4d3e-8f45-7de071d0e57a,2026-09-16T11:00:00Z,esp32_xtensa_lx6_arduino,NATIVE_HARDWARE,xtensa_lx6,ESP32 Xtensa Dual-Core 240MHz,2,0,FreeRTOS (ESP-IDF / Arduino Core),xtensa-esp32-elf-gcc,xtensa-esp32-elf-gcc (Espressif),-O2,mlkem-native,v1.2.0 (2507ff79a0acfec6e94a9a83709b5774491fdbb6),ML-KEM-768,encapsulation,25,9530000,266556,True,
c9d712db-38a3-4386-9ce7-d3d61e338ba7,a4109b71-5a8c-4d3e-8f45-7de071d0e57a,2026-09-16T11:00:00Z,esp32_xtensa_lx6_arduino,NATIVE_HARDWARE,xtensa_lx6,ESP32 Xtensa Dual-Core 240MHz,2,0,FreeRTOS (ESP-IDF / Arduino Core),xtensa-esp32-elf-gcc,xtensa-esp32-elf-gcc (Espressif),-O2,mlkem-native,v1.2.0 (2507ff79a0acfec6e94a9a83709b5774491fdbb6),ML-KEM-768,decapsulation,25,11839000,266556,True,
c9d712db-38a3-4386-9ce7-d3d61e338ba7,a4109b71-5a8c-4d3e-8f45-7de071d0e57a,2026-09-16T11:00:00Z,esp32_xtensa_lx6_arduino,NATIVE_HARDWARE,xtensa_lx6,ESP32 Xtensa Dual-Core 240MHz,2,0,FreeRTOS (ESP-IDF / Arduino Core),xtensa-esp32-elf-gcc,xtensa-esp32-elf-gcc (Espressif),-O2,mlkem-native,v1.2.0 (2507ff79a0acfec6e94a9a83709b5774491fdbb6),ML-KEM-768,keygen,26,7852000,266556,True,
c9d712db-38a3-4386-9ce7-d3d61e338ba7,a4109b71-5a8c-4d3e-8f45-7de071d0e57a,2026-09-16T11:00:00Z,esp32_xtensa_lx6_arduino,NATIVE_HARDWARE,xtensa_lx6,ESP32 Xtensa Dual-Core 240MHz,2,0,FreeRTOS (ESP-IDF / Arduino Core),xtensa-esp32-elf-gcc,xtensa-esp32-elf-gcc (Espressif),-O2,mlkem-native,v1.2.0 (2507ff79a0acfec6e94a9a83709b5774491fdbb6),ML-KEM-768,encapsulation,26,9155000,266556,True,
c9d712db-38a3-4386-9ce7-d3d61e338ba7,a4109b71-5a8c-4d3e-8f45-7de071d0e57a,2026-09-16T11:00:00Z,esp32_xtensa_lx6_arduino,NATIVE_HARDWARE,xtensa_lx6,ESP32 Xtensa Dual-Core 240MHz,2,0,FreeRTOS (ESP-IDF / Arduino Core),xtensa-esp32-elf-gcc,xtensa-esp32-elf-gcc (Espressif),-O2,mlkem-native,v1.2.0 (2507ff79a0acfec6e94a9a83709b5774491fdbb6),ML-KEM-768,decapsulation,26,11464000,266556,True,
c9d712db-38a3-4386-9ce7-d3d61e338ba7,a4109b71-5a8c-4d3e-8f45-7de071d0e57a,2026-09-16T11:00:00Z,esp32_xtensa_lx6_arduino,NATIVE_HARDWARE,xtensa_lx6,ESP32 Xtensa Dual-Core 240MHz,2,0,FreeRTOS (ESP-IDF / Arduino Core),xtensa-esp32-elf-gcc,xtensa-esp32-elf-gcc (Espressif),-O2,mlkem-native,v1.2.0 (2507ff79a0acfec6e94a9a83709b5774491fdbb6),ML-KEM-768,keygen,27,7853000,266556,True,
c9d712db-38a3-4386-9ce7-d3d61e338ba7,a4109b71-5a8c-4d3e-8f45-7de071d0e57a,2026-09-16T11:00:00Z,esp32_xtensa_lx6_arduino,NATIVE_HARDWARE,xtensa_lx6,ESP32 Xtensa Dual-Core 240MHz,2,0,FreeRTOS (ESP-IDF / Arduino Core),xtensa-esp32-elf-gcc,xtensa-esp32-elf-gcc (Espressif),-O2,mlkem-native,v1.2.0 (2507ff79a0acfec6e94a9a83709b5774491fdbb6),ML-KEM-768,encapsulation,27,9156000,266556,True,
c9d712db-38a3-4386-9ce7-d3d61e338ba7,a4109b71-5a8c-4d3e-8f45-7de071d0e57a,2026-09-16T11:00:00Z,esp32_xtensa_lx6_arduino,NATIVE_HARDWARE,xtensa_lx6,ESP32 Xtensa Dual-Core 240MHz,2,0,FreeRTOS (ESP-IDF / Arduino Core),xtensa-esp32-elf-gcc,xtensa-esp32-elf-gcc (Espressif),-O2,mlkem-native,v1.2.0 (2507ff79a0acfec6e94a9a83709b5774491fdbb6),ML-KEM-768,decapsulation,27,11466000,266556,True,
c9d712db-38a3-4386-9ce7-d3d61e338ba7,a4109b71-5a8c-4d3e-8f45-7de071d0e57a,2026-09-16T11:00:00Z,esp32_xtensa_lx6_arduino,NATIVE_HARDWARE,xtensa_lx6,ESP32 Xtensa Dual-Core 240MHz,2,0,FreeRTOS (ESP-IDF / Arduino Core),xtensa-esp32-elf-gcc,xtensa-esp32-elf-gcc (Espressif),-O2,mlkem-native,v1.2.0 (2507ff79a0acfec6e94a9a83709b5774491fdbb6),ML-KEM-768,keygen,28,7852000,266556,True,
c9d712db-38a3-4386-9ce7-d3d61e338ba7,a4109b71-5a8c-4d3e-8f45-7de071d0e57a,2026-09-16T11:00:00Z,esp32_xtensa_lx6_arduino,NATIVE_HARDWARE,xtensa_lx6,ESP32 Xtensa Dual-Core 240MHz,2,0,FreeRTOS (ESP-IDF / Arduino Core),xtensa-esp32-elf-gcc,xtensa-esp32-elf-gcc (Espressif),-O2,mlkem-native,v1.2.0 (2507ff79a0acfec6e94a9a83709b5774491fdbb6),ML-KEM-768,encapsulation,28,9154000,266556,True,
c9d712db-38a3-4386-9ce7-d3d61e338ba7,a4109b71-5a8c-4d3e-8f45-7de071d0e57a,2026-09-16T11:00:00Z,esp32_xtensa_lx6_arduino,NATIVE_HARDWARE,xtensa_lx6,ESP32 Xtensa Dual-Core 240MHz,2,0,FreeRTOS (ESP-IDF / Arduino Core),xtensa-esp32-elf-gcc,xtensa-esp32-elf-gcc (Espressif),-O2,mlkem-native,v1.2.0 (2507ff79a0acfec6e94a9a83709b5774491fdbb6),ML-KEM-768,decapsulation,28,11463000,266556,True,
c9d712db-38a3-4386-9ce7-d3d61e338ba7,a4109b71-5a8c-4d3e-8f45-7de071d0e57a,2026-09-16T11:00:00Z,esp32_xtensa_lx6_arduino,NATIVE_HARDWARE,xtensa_lx6,ESP32 Xtensa Dual-Core 240MHz,2,0,FreeRTOS (ESP-IDF / Arduino Core),xtensa-esp32-elf-gcc,xtensa-esp32-elf-gcc (Espressif),-O2,mlkem-native,v1.2.0 (2507ff79a0acfec6e94a9a83709b5774491fdbb6),ML-KEM-768,keygen,29,7855000,266556,True,
c9d712db-38a3-4386-9ce7-d3d61e338ba7,a4109b71-5a8c-4d3e-8f45-7de071d0e57a,2026-09-16T11:00:00Z,esp32_xtensa_lx6_arduino,NATIVE_HARDWARE,xtensa_lx6,ESP32 Xtensa Dual-Core 240MHz,2,0,FreeRTOS (ESP-IDF / Arduino Core),xtensa-esp32-elf-gcc,xtensa-esp32-elf-gcc (Espressif),-O2,mlkem-native,v1.2.0 (2507ff79a0acfec6e94a9a83709b5774491fdbb6),ML-KEM-768,encapsulation,29,9158000,266556,True,
c9d712db-38a3-4386-9ce7-d3d61e338ba7,a4109b71-5a8c-4d3e-8f45-7de071d0e57a,2026-09-16T11:00:00Z,esp32_xtensa_lx6_arduino,NATIVE_HARDWARE,xtensa_lx6,ESP32 Xtensa Dual-Core 240MHz,2,0,FreeRTOS (ESP-IDF / Arduino Core),xtensa-esp32-elf-gcc,xtensa-esp32-elf-gcc (Espressif),-O2,mlkem-native,v1.2.0 (2507ff79a0acfec6e94a9a83709b5774491fdbb6),ML-KEM-768,decapsulation,29,11472000,266556,True,
c9d712db-38a3-4386-9ce7-d3d61e338ba7,a4109b71-5a8c-4d3e-8f45-7de071d0e57a,2026-09-16T11:00:00Z,esp32_xtensa_lx6_arduino,NATIVE_HARDWARE,xtensa_lx6,ESP32 Xtensa Dual-Core 240MHz,2,0,FreeRTOS (ESP-IDF / Arduino Core),xtensa-esp32-elf-gcc,xtensa-esp32-elf-gcc (Espressif),-O2,mlkem-native,v1.2.0 (2507ff79a0acfec6e94a9a83709b5774491fdbb6),ML-KEM-768,keygen,30,7852000,266556,True,
c9d712db-38a3-4386-9ce7-d3d61e338ba7,a4109b71-5a8c-4d3e-8f45-7de071d0e57a,2026-09-16T11:00:00Z,esp32_xtensa_lx6_arduino,NATIVE_HARDWARE,xtensa_lx6,ESP32 Xtensa Dual-Core 240MHz,2,0,FreeRTOS (ESP-IDF / Arduino Core),xtensa-esp32-elf-gcc,xtensa-esp32-elf-gcc (Espressif),-O2,mlkem-native,v1.2.0 (2507ff79a0acfec6e94a9a83709b5774491fdbb6),ML-KEM-768,encapsulation,30,9155000,266556,True,
c9d712db-38a3-4386-9ce7-d3d61e338ba7,a4109b71-5a8c-4d3e-8f45-7de071d0e57a,2026-09-16T11:00:00Z,esp32_xtensa_lx6_arduino,NATIVE_HARDWARE,xtensa_lx6,ESP32 Xtensa Dual-Core 240MHz,2,0,FreeRTOS (ESP-IDF / Arduino Core),xtensa-esp32-elf-gcc,xtensa-esp32-elf-gcc (Espressif),-O2,mlkem-native,v1.2.0 (2507ff79a0acfec6e94a9a83709b5774491fdbb6),ML-KEM-768,decapsulation,30,11468000,266556,True,
c9d712db-38a3-4386-9ce7-d3d61e338ba7,a4109b71-5a8c-4d3e-8f45-7de071d0e57a,2026-09-16T11:00:00Z,esp32_xtensa_lx6_arduino,NATIVE_HARDWARE,xtensa_lx6,ESP32 Xtensa Dual-Core 240MHz,2,0,FreeRTOS (ESP-IDF / Arduino Core),xtensa-esp32-elf-gcc,xtensa-esp32-elf-gcc (Espressif),-O2,mlkem-native,v1.2.0 (2507ff79a0acfec6e94a9a83709b5774491fdbb6),ML-KEM-768,keygen,31,7852000,266556,True,
c9d712db-38a3-4386-9ce7-d3d61e338ba7,a4109b71-5a8c-4d3e-8f45-7de071d0e57a,2026-09-16T11:00:00Z,esp32_xtensa_lx6_arduino,NATIVE_HARDWARE,xtensa_lx6,ESP32 Xtensa Dual-Core 240MHz,2,0,FreeRTOS (ESP-IDF / Arduino Core),xtensa-esp32-elf-gcc,xtensa-esp32-elf-gcc (Espressif),-O2,mlkem-native,v1.2.0 (2507ff79a0acfec6e94a9a83709b5774491fdbb6),ML-KEM-768,encapsulation,31,9154000,266556,True,
c9d712db-38a3-4386-9ce7-d3d61e338ba7,a4109b71-5a8c-4d3e-8f45-7de071d0e57a,2026-09-16T11:00:00Z,esp32_xtensa_lx6_arduino,NATIVE_HARDWARE,xtensa_lx6,ESP32 Xtensa Dual-Core 240MHz,2,0,FreeRTOS (ESP-IDF / Arduino Core),xtensa-esp32-elf-gcc,xtensa-esp32-elf-gcc (Espressif),-O2,mlkem-native,v1.2.0 (2507ff79a0acfec6e94a9a83709b5774491fdbb6),ML-KEM-768,decapsulation,31,11464000,266556,True,
c9d712db-38a3-4386-9ce7-d3d61e338ba7,a4109b71-5a8c-4d3e-8f45-7de071d0e57a,2026-09-16T11:00:00Z,esp32_xtensa_lx6_arduino,NATIVE_HARDWARE,xtensa_lx6,ESP32 Xtensa Dual-Core 240MHz,2,0,FreeRTOS (ESP-IDF / Arduino Core),xtensa-esp32-elf-gcc,xtensa-esp32-elf-gcc (Espressif),-O2,mlkem-native,v1.2.0 (2507ff79a0acfec6e94a9a83709b5774491fdbb6),ML-KEM-768,keygen,32,7856000,266556,True,
c9d712db-38a3-4386-9ce7-d3d61e338ba7,a4109b71-5a8c-4d3e-8f45-7de071d0e57a,2026-09-16T11:00:00Z,esp32_xtensa_lx6_arduino,NATIVE_HARDWARE,xtensa_lx6,ESP32 Xtensa Dual-Core 240MHz,2,0,FreeRTOS (ESP-IDF / Arduino Core),xtensa-esp32-elf-gcc,xtensa-esp32-elf-gcc (Espressif),-O2,mlkem-native,v1.2.0 (2507ff79a0acfec6e94a9a83709b5774491fdbb6),ML-KEM-768,encapsulation,32,9159000,266556,True,
c9d712db-38a3-4386-9ce7-d3d61e338ba7,a4109b71-5a8c-4d3e-8f45-7de071d0e57a,2026-09-16T11:00:00Z,esp32_xtensa_lx6_arduino,NATIVE_HARDWARE,xtensa_lx6,ESP32 Xtensa Dual-Core 240MHz,2,0,FreeRTOS (ESP-IDF / Arduino Core),xtensa-esp32-elf-gcc,xtensa-esp32-elf-gcc (Espressif),-O2,mlkem-native,v1.2.0 (2507ff79a0acfec6e94a9a83709b5774491fdbb6),ML-KEM-768,decapsulation,32,11469000,266556,True,
c9d712db-38a3-4386-9ce7-d3d61e338ba7,a4109b71-5a8c-4d3e-8f45-7de071d0e57a,2026-09-16T11:00:00Z,esp32_xtensa_lx6_arduino,NATIVE_HARDWARE,xtensa_lx6,ESP32 Xtensa Dual-Core 240MHz,2,0,FreeRTOS (ESP-IDF / Arduino Core),xtensa-esp32-elf-gcc,xtensa-esp32-elf-gcc (Espressif),-O2,mlkem-native,v1.2.0 (2507ff79a0acfec6e94a9a83709b5774491fdbb6),ML-KEM-768,keygen,33,7853000,266556,True,
c9d712db-38a3-4386-9ce7-d3d61e338ba7,a4109b71-5a8c-4d3e-8f45-7de071d0e57a,2026-09-16T11:00:00Z,esp32_xtensa_lx6_arduino,NATIVE_HARDWARE,xtensa_lx6,ESP32 Xtensa Dual-Core 240MHz,2,0,FreeRTOS (ESP-IDF / Arduino Core),xtensa-esp32-elf-gcc,xtensa-esp32-elf-gcc (Espressif),-O2,mlkem-native,v1.2.0 (2507ff79a0acfec6e94a9a83709b5774491fdbb6),ML-KEM-768,encapsulation,33,9155000,266556,True,
c9d712db-38a3-4386-9ce7-d3d61e338ba7,a4109b71-5a8c-4d3e-8f45-7de071d0e57a,2026-09-16T11:00:00Z,esp32_xtensa_lx6_arduino,NATIVE_HARDWARE,xtensa_lx6,ESP32 Xtensa Dual-Core 240MHz,2,0,FreeRTOS (ESP-IDF / Arduino Core),xtensa-esp32-elf-gcc,xtensa-esp32-elf-gcc (Espressif),-O2,mlkem-native,v1.2.0 (2507ff79a0acfec6e94a9a83709b5774491fdbb6),ML-KEM-768,decapsulation,33,11465000,266556,True,
c9d712db-38a3-4386-9ce7-d3d61e338ba7,a4109b71-5a8c-4d3e-8f45-7de071d0e57a,2026-09-16T11:00:00Z,esp32_xtensa_lx6_arduino,NATIVE_HARDWARE,xtensa_lx6,ESP32 Xtensa Dual-Core 240MHz,2,0,FreeRTOS (ESP-IDF / Arduino Core),xtensa-esp32-elf-gcc,xtensa-esp32-elf-gcc (Espressif),-O2,mlkem-native,v1.2.0 (2507ff79a0acfec6e94a9a83709b5774491fdbb6),ML-KEM-768,keygen,34,7854000,266556,True,
c9d712db-38a3-4386-9ce7-d3d61e338ba7,a4109b71-5a8c-4d3e-8f45-7de071d0e57a,2026-09-16T11:00:00Z,esp32_xtensa_lx6_arduino,NATIVE_HARDWARE,xtensa_lx6,ESP32 Xtensa Dual-Core 240MHz,2,0,FreeRTOS (ESP-IDF / Arduino Core),xtensa-esp32-elf-gcc,xtensa-esp32-elf-gcc (Espressif),-O2,mlkem-native,v1.2.0 (2507ff79a0acfec6e94a9a83709b5774491fdbb6),ML-KEM-768,encapsulation,34,9157000,266556,True,
c9d712db-38a3-4386-9ce7-d3d61e338ba7,a4109b71-5a8c-4d3e-8f45-7de071d0e57a,2026-09-16T11:00:00Z,esp32_xtensa_lx6_arduino,NATIVE_HARDWARE,xtensa_lx6,ESP32 Xtensa Dual-Core 240MHz,2,0,FreeRTOS (ESP-IDF / Arduino Core),xtensa-esp32-elf-gcc,xtensa-esp32-elf-gcc (Espressif),-O2,mlkem-native,v1.2.0 (2507ff79a0acfec6e94a9a83709b5774491fdbb6),ML-KEM-768,decapsulation,34,11466000,266556,True,
c9d712db-38a3-4386-9ce7-d3d61e338ba7,a4109b71-5a8c-4d3e-8f45-7de071d0e57a,2026-09-16T11:00:00Z,esp32_xtensa_lx6_arduino,NATIVE_HARDWARE,xtensa_lx6,ESP32 Xtensa Dual-Core 240MHz,2,0,FreeRTOS (ESP-IDF / Arduino Core),xtensa-esp32-elf-gcc,xtensa-esp32-elf-gcc (Espressif),-O2,mlkem-native,v1.2.0 (2507ff79a0acfec6e94a9a83709b5774491fdbb6),ML-KEM-768,keygen,35,7853000,266556,True,
c9d712db-38a3-4386-9ce7-d3d61e338ba7,a4109b71-5a8c-4d3e-8f45-7de071d0e57a,2026-09-16T11:00:00Z,esp32_xtensa_lx6_arduino,NATIVE_HARDWARE,xtensa_lx6,ESP32 Xtensa Dual-Core 240MHz,2,0,FreeRTOS (ESP-IDF / Arduino Core),xtensa-esp32-elf-gcc,xtensa-esp32-elf-gcc (Espressif),-O2,mlkem-native,v1.2.0 (2507ff79a0acfec6e94a9a83709b5774491fdbb6),ML-KEM-768,encapsulation,35,9156000,266556,True,
c9d712db-38a3-4386-9ce7-d3d61e338ba7,a4109b71-5a8c-4d3e-8f45-7de071d0e57a,2026-09-16T11:00:00Z,esp32_xtensa_lx6_arduino,NATIVE_HARDWARE,xtensa_lx6,ESP32 Xtensa Dual-Core 240MHz,2,0,FreeRTOS (ESP-IDF / Arduino Core),xtensa-esp32-elf-gcc,xtensa-esp32-elf-gcc (Espressif),-O2,mlkem-native,v1.2.0 (2507ff79a0acfec6e94a9a83709b5774491fdbb6),ML-KEM-768,decapsulation,35,11470000,266556,True,
c9d712db-38a3-4386-9ce7-d3d61e338ba7,a4109b71-5a8c-4d3e-8f45-7de071d0e57a,2026-09-16T11:00:00Z,esp32_xtensa_lx6_arduino,NATIVE_HARDWARE,xtensa_lx6,ESP32 Xtensa Dual-Core 240MHz,2,0,FreeRTOS (ESP-IDF / Arduino Core),xtensa-esp32-elf-gcc,xtensa-esp32-elf-gcc (Espressif),-O2,mlkem-native,v1.2.0 (2507ff79a0acfec6e94a9a83709b5774491fdbb6),ML-KEM-768,keygen,36,7856000,266556,True,
c9d712db-38a3-4386-9ce7-d3d61e338ba7,a4109b71-5a8c-4d3e-8f45-7de071d0e57a,2026-09-16T11:00:00Z,esp32_xtensa_lx6_arduino,NATIVE_HARDWARE,xtensa_lx6,ESP32 Xtensa Dual-Core 240MHz,2,0,FreeRTOS (ESP-IDF / Arduino Core),xtensa-esp32-elf-gcc,xtensa-esp32-elf-gcc (Espressif),-O2,mlkem-native,v1.2.0 (2507ff79a0acfec6e94a9a83709b5774491fdbb6),ML-KEM-768,encapsulation,36,9158000,266556,True,
c9d712db-38a3-4386-9ce7-d3d61e338ba7,a4109b71-5a8c-4d3e-8f45-7de071d0e57a,2026-09-16T11:00:00Z,esp32_xtensa_lx6_arduino,NATIVE_HARDWARE,xtensa_lx6,ESP32 Xtensa Dual-Core 240MHz,2,0,FreeRTOS (ESP-IDF / Arduino Core),xtensa-esp32-elf-gcc,xtensa-esp32-elf-gcc (Espressif),-O2,mlkem-native,v1.2.0 (2507ff79a0acfec6e94a9a83709b5774491fdbb6),ML-KEM-768,decapsulation,36,11468000,266556,True,
c9d712db-38a3-4386-9ce7-d3d61e338ba7,a4109b71-5a8c-4d3e-8f45-7de071d0e57a,2026-09-16T11:00:00Z,esp32_xtensa_lx6_arduino,NATIVE_HARDWARE,xtensa_lx6,ESP32 Xtensa Dual-Core 240MHz,2,0,FreeRTOS (ESP-IDF / Arduino Core),xtensa-esp32-elf-gcc,xtensa-esp32-elf-gcc (Espressif),-O2,mlkem-native,v1.2.0 (2507ff79a0acfec6e94a9a83709b5774491fdbb6),ML-KEM-768,keygen,37,7854000,266556,True,
c9d712db-38a3-4386-9ce7-d3d61e338ba7,a4109b71-5a8c-4d3e-8f45-7de071d0e57a,2026-09-16T11:00:00Z,esp32_xtensa_lx6_arduino,NATIVE_HARDWARE,xtensa_lx6,ESP32 Xtensa Dual-Core 240MHz,2,0,FreeRTOS (ESP-IDF / Arduino Core),xtensa-esp32-elf-gcc,xtensa-esp32-elf-gcc (Espressif),-O2,mlkem-native,v1.2.0 (2507ff79a0acfec6e94a9a83709b5774491fdbb6),ML-KEM-768,encapsulation,37,9156000,266556,True,
c9d712db-38a3-4386-9ce7-d3d61e338ba7,a4109b71-5a8c-4d3e-8f45-7de071d0e57a,2026-09-16T11:00:00Z,esp32_xtensa_lx6_arduino,NATIVE_HARDWARE,xtensa_lx6,ESP32 Xtensa Dual-Core 240MHz,2,0,FreeRTOS (ESP-IDF / Arduino Core),xtensa-esp32-elf-gcc,xtensa-esp32-elf-gcc (Espressif),-O2,mlkem-native,v1.2.0 (2507ff79a0acfec6e94a9a83709b5774491fdbb6),ML-KEM-768,decapsulation,37,11467000,266556,True,
c9d712db-38a3-4386-9ce7-d3d61e338ba7,a4109b71-5a8c-4d3e-8f45-7de071d0e57a,2026-09-16T11:00:00Z,esp32_xtensa_lx6_arduino,NATIVE_HARDWARE,xtensa_lx6,ESP32 Xtensa Dual-Core 240MHz,2,0,FreeRTOS (ESP-IDF / Arduino Core),xtensa-esp32-elf-gcc,xtensa-esp32-elf-gcc (Espressif),-O2,mlkem-native,v1.2.0 (2507ff79a0acfec6e94a9a83709b5774491fdbb6),ML-KEM-768,keygen,38,7853000,266556,True,
c9d712db-38a3-4386-9ce7-d3d61e338ba7,a4109b71-5a8c-4d3e-8f45-7de071d0e57a,2026-09-16T11:00:00Z,esp32_xtensa_lx6_arduino,NATIVE_HARDWARE,xtensa_lx6,ESP32 Xtensa Dual-Core 240MHz,2,0,FreeRTOS (ESP-IDF / Arduino Core),xtensa-esp32-elf-gcc,xtensa-esp32-elf-gcc (Espressif),-O2,mlkem-native,v1.2.0 (2507ff79a0acfec6e94a9a83709b5774491fdbb6),ML-KEM-768,encapsulation,38,9155000,266556,True,
c9d712db-38a3-4386-9ce7-d3d61e338ba7,a4109b71-5a8c-4d3e-8f45-7de071d0e57a,2026-09-16T11:00:00Z,esp32_xtensa_lx6_arduino,NATIVE_HARDWARE,xtensa_lx6,ESP32 Xtensa Dual-Core 240MHz,2,0,FreeRTOS (ESP-IDF / Arduino Core),xtensa-esp32-elf-gcc,xtensa-esp32-elf-gcc (Espressif),-O2,mlkem-native,v1.2.0 (2507ff79a0acfec6e94a9a83709b5774491fdbb6),ML-KEM-768,decapsulation,38,11465000,266556,True,
c9d712db-38a3-4386-9ce7-d3d61e338ba7,a4109b71-5a8c-4d3e-8f45-7de071d0e57a,2026-09-16T11:00:00Z,esp32_xtensa_lx6_arduino,NATIVE_HARDWARE,xtensa_lx6,ESP32 Xtensa Dual-Core 240MHz,2,0,FreeRTOS (ESP-IDF / Arduino Core),xtensa-esp32-elf-gcc,xtensa-esp32-elf-gcc (Espressif),-O2,mlkem-native,v1.2.0 (2507ff79a0acfec6e94a9a83709b5774491fdbb6),ML-KEM-768,keygen,39,7852000,266556,True,
c9d712db-38a3-4386-9ce7-d3d61e338ba7,a4109b71-5a8c-4d3e-8f45-7de071d0e57a,2026-09-16T11:00:00Z,esp32_xtensa_lx6_arduino,NATIVE_HARDWARE,xtensa_lx6,ESP32 Xtensa Dual-Core 240MHz,2,0,FreeRTOS (ESP-IDF / Arduino Core),xtensa-esp32-elf-gcc,xtensa-esp32-elf-gcc (Espressif),-O2,mlkem-native,v1.2.0 (2507ff79a0acfec6e94a9a83709b5774491fdbb6),ML-KEM-768,encapsulation,39,9155000,266556,True,
c9d712db-38a3-4386-9ce7-d3d61e338ba7,a4109b71-5a8c-4d3e-8f45-7de071d0e57a,2026-09-16T11:00:00Z,esp32_xtensa_lx6_arduino,NATIVE_HARDWARE,xtensa_lx6,ESP32 Xtensa Dual-Core 240MHz,2,0,FreeRTOS (ESP-IDF / Arduino Core),xtensa-esp32-elf-gcc,xtensa-esp32-elf-gcc (Espressif),-O2,mlkem-native,v1.2.0 (2507ff79a0acfec6e94a9a83709b5774491fdbb6),ML-KEM-768,decapsulation,39,11467000,266556,True,
c9d712db-38a3-4386-9ce7-d3d61e338ba7,a4109b71-5a8c-4d3e-8f45-7de071d0e57a,2026-09-16T11:00:00Z,esp32_xtensa_lx6_arduino,NATIVE_HARDWARE,xtensa_lx6,ESP32 Xtensa Dual-Core 240MHz,2,0,FreeRTOS (ESP-IDF / Arduino Core),xtensa-esp32-elf-gcc,xtensa-esp32-elf-gcc (Espressif),-O2,mlkem-native,v1.2.0 (2507ff79a0acfec6e94a9a83709b5774491fdbb6),ML-KEM-768,keygen,40,7851000,266556,True,
c9d712db-38a3-4386-9ce7-d3d61e338ba7,a4109b71-5a8c-4d3e-8f45-7de071d0e57a,2026-09-16T11:00:00Z,esp32_xtensa_lx6_arduino,NATIVE_HARDWARE,xtensa_lx6,ESP32 Xtensa Dual-Core 240MHz,2,0,FreeRTOS (ESP-IDF / Arduino Core),xtensa-esp32-elf-gcc,xtensa-esp32-elf-gcc (Espressif),-O2,mlkem-native,v1.2.0 (2507ff79a0acfec6e94a9a83709b5774491fdbb6),ML-KEM-768,encapsulation,40,9155000,266556,True,
c9d712db-38a3-4386-9ce7-d3d61e338ba7,a4109b71-5a8c-4d3e-8f45-7de071d0e57a,2026-09-16T11:00:00Z,esp32_xtensa_lx6_arduino,NATIVE_HARDWARE,xtensa_lx6,ESP32 Xtensa Dual-Core 240MHz,2,0,FreeRTOS (ESP-IDF / Arduino Core),xtensa-esp32-elf-gcc,xtensa-esp32-elf-gcc (Espressif),-O2,mlkem-native,v1.2.0 (2507ff79a0acfec6e94a9a83709b5774491fdbb6),ML-KEM-768,decapsulation,40,11468000,266556,True,
c9d712db-38a3-4386-9ce7-d3d61e338ba7,a4109b71-5a8c-4d3e-8f45-7de071d0e57a,2026-09-16T11:00:00Z,esp32_xtensa_lx6_arduino,NATIVE_HARDWARE,xtensa_lx6,ESP32 Xtensa Dual-Core 240MHz,2,0,FreeRTOS (ESP-IDF / Arduino Core),xtensa-esp32-elf-gcc,xtensa-esp32-elf-gcc (Espressif),-O2,mlkem-native,v1.2.0 (2507ff79a0acfec6e94a9a83709b5774491fdbb6),ML-KEM-768,keygen,41,8320000,266556,True,
c9d712db-38a3-4386-9ce7-d3d61e338ba7,a4109b71-5a8c-4d3e-8f45-7de071d0e57a,2026-09-16T11:00:00Z,esp32_xtensa_lx6_arduino,NATIVE_HARDWARE,xtensa_lx6,ESP32 Xtensa Dual-Core 240MHz,2,0,FreeRTOS (ESP-IDF / Arduino Core),xtensa-esp32-elf-gcc,xtensa-esp32-elf-gcc (Espressif),-O2,mlkem-native,v1.2.0 (2507ff79a0acfec6e94a9a83709b5774491fdbb6),ML-KEM-768,encapsulation,41,9618000,266556,True,
c9d712db-38a3-4386-9ce7-d3d61e338ba7,a4109b71-5a8c-4d3e-8f45-7de071d0e57a,2026-09-16T11:00:00Z,esp32_xtensa_lx6_arduino,NATIVE_HARDWARE,xtensa_lx6,ESP32 Xtensa Dual-Core 240MHz,2,0,FreeRTOS (ESP-IDF / Arduino Core),xtensa-esp32-elf-gcc,xtensa-esp32-elf-gcc (Espressif),-O2,mlkem-native,v1.2.0 (2507ff79a0acfec6e94a9a83709b5774491fdbb6),ML-KEM-768,decapsulation,41,11933000,266556,True,
c9d712db-38a3-4386-9ce7-d3d61e338ba7,a4109b71-5a8c-4d3e-8f45-7de071d0e57a,2026-09-16T11:00:00Z,esp32_xtensa_lx6_arduino,NATIVE_HARDWARE,xtensa_lx6,ESP32 Xtensa Dual-Core 240MHz,2,0,FreeRTOS (ESP-IDF / Arduino Core),xtensa-esp32-elf-gcc,xtensa-esp32-elf-gcc (Espressif),-O2,mlkem-native,v1.2.0 (2507ff79a0acfec6e94a9a83709b5774491fdbb6),ML-KEM-768,keygen,42,7854000,266556,True,
c9d712db-38a3-4386-9ce7-d3d61e338ba7,a4109b71-5a8c-4d3e-8f45-7de071d0e57a,2026-09-16T11:00:00Z,esp32_xtensa_lx6_arduino,NATIVE_HARDWARE,xtensa_lx6,ESP32 Xtensa Dual-Core 240MHz,2,0,FreeRTOS (ESP-IDF / Arduino Core),xtensa-esp32-elf-gcc,xtensa-esp32-elf-gcc (Espressif),-O2,mlkem-native,v1.2.0 (2507ff79a0acfec6e94a9a83709b5774491fdbb6),ML-KEM-768,encapsulation,42,9158000,266556,True,
c9d712db-38a3-4386-9ce7-d3d61e338ba7,a4109b71-5a8c-4d3e-8f45-7de071d0e57a,2026-09-16T11:00:00Z,esp32_xtensa_lx6_arduino,NATIVE_HARDWARE,xtensa_lx6,ESP32 Xtensa Dual-Core 240MHz,2,0,FreeRTOS (ESP-IDF / Arduino Core),xtensa-esp32-elf-gcc,xtensa-esp32-elf-gcc (Espressif),-O2,mlkem-native,v1.2.0 (2507ff79a0acfec6e94a9a83709b5774491fdbb6),ML-KEM-768,decapsulation,42,11470000,266556,True,
c9d712db-38a3-4386-9ce7-d3d61e338ba7,a4109b71-5a8c-4d3e-8f45-7de071d0e57a,2026-09-16T11:00:00Z,esp32_xtensa_lx6_arduino,NATIVE_HARDWARE,xtensa_lx6,ESP32 Xtensa Dual-Core 240MHz,2,0,FreeRTOS (ESP-IDF / Arduino Core),xtensa-esp32-elf-gcc,xtensa-esp32-elf-gcc (Espressif),-O2,mlkem-native,v1.2.0 (2507ff79a0acfec6e94a9a83709b5774491fdbb6),ML-KEM-768,keygen,43,7854000,266556,True,
c9d712db-38a3-4386-9ce7-d3d61e338ba7,a4109b71-5a8c-4d3e-8f45-7de071d0e57a,2026-09-16T11:00:00Z,esp32_xtensa_lx6_arduino,NATIVE_HARDWARE,xtensa_lx6,ESP32 Xtensa Dual-Core 240MHz,2,0,FreeRTOS (ESP-IDF / Arduino Core),xtensa-esp32-elf-gcc,xtensa-esp32-elf-gcc (Espressif),-O2,mlkem-native,v1.2.0 (2507ff79a0acfec6e94a9a83709b5774491fdbb6),ML-KEM-768,encapsulation,43,9155000,266556,True,
c9d712db-38a3-4386-9ce7-d3d61e338ba7,a4109b71-5a8c-4d3e-8f45-7de071d0e57a,2026-09-16T11:00:00Z,esp32_xtensa_lx6_arduino,NATIVE_HARDWARE,xtensa_lx6,ESP32 Xtensa Dual-Core 240MHz,2,0,FreeRTOS (ESP-IDF / Arduino Core),xtensa-esp32-elf-gcc,xtensa-esp32-elf-gcc (Espressif),-O2,mlkem-native,v1.2.0 (2507ff79a0acfec6e94a9a83709b5774491fdbb6),ML-KEM-768,decapsulation,43,11465000,266556,True,
c9d712db-38a3-4386-9ce7-d3d61e338ba7,a4109b71-5a8c-4d3e-8f45-7de071d0e57a,2026-09-16T11:00:00Z,esp32_xtensa_lx6_arduino,NATIVE_HARDWARE,xtensa_lx6,ESP32 Xtensa Dual-Core 240MHz,2,0,FreeRTOS (ESP-IDF / Arduino Core),xtensa-esp32-elf-gcc,xtensa-esp32-elf-gcc (Espressif),-O2,mlkem-native,v1.2.0 (2507ff79a0acfec6e94a9a83709b5774491fdbb6),ML-KEM-768,keygen,44,7851000,266556,True,
c9d712db-38a3-4386-9ce7-d3d61e338ba7,a4109b71-5a8c-4d3e-8f45-7de071d0e57a,2026-09-16T11:00:00Z,esp32_xtensa_lx6_arduino,NATIVE_HARDWARE,xtensa_lx6,ESP32 Xtensa Dual-Core 240MHz,2,0,FreeRTOS (ESP-IDF / Arduino Core),xtensa-esp32-elf-gcc,xtensa-esp32-elf-gcc (Espressif),-O2,mlkem-native,v1.2.0 (2507ff79a0acfec6e94a9a83709b5774491fdbb6),ML-KEM-768,encapsulation,44,9154000,266556,True,
c9d712db-38a3-4386-9ce7-d3d61e338ba7,a4109b71-5a8c-4d3e-8f45-7de071d0e57a,2026-09-16T11:00:00Z,esp32_xtensa_lx6_arduino,NATIVE_HARDWARE,xtensa_lx6,ESP32 Xtensa Dual-Core 240MHz,2,0,FreeRTOS (ESP-IDF / Arduino Core),xtensa-esp32-elf-gcc,xtensa-esp32-elf-gcc (Espressif),-O2,mlkem-native,v1.2.0 (2507ff79a0acfec6e94a9a83709b5774491fdbb6),ML-KEM-768,decapsulation,44,11464000,266556,True,
c9d712db-38a3-4386-9ce7-d3d61e338ba7,a4109b71-5a8c-4d3e-8f45-7de071d0e57a,2026-09-16T11:00:00Z,esp32_xtensa_lx6_arduino,NATIVE_HARDWARE,xtensa_lx6,ESP32 Xtensa Dual-Core 240MHz,2,0,FreeRTOS (ESP-IDF / Arduino Core),xtensa-esp32-elf-gcc,xtensa-esp32-elf-gcc (Espressif),-O2,mlkem-native,v1.2.0 (2507ff79a0acfec6e94a9a83709b5774491fdbb6),ML-KEM-768,keygen,45,7854000,266556,True,
c9d712db-38a3-4386-9ce7-d3d61e338ba7,a4109b71-5a8c-4d3e-8f45-7de071d0e57a,2026-09-16T11:00:00Z,esp32_xtensa_lx6_arduino,NATIVE_HARDWARE,xtensa_lx6,ESP32 Xtensa Dual-Core 240MHz,2,0,FreeRTOS (ESP-IDF / Arduino Core),xtensa-esp32-elf-gcc,xtensa-esp32-elf-gcc (Espressif),-O2,mlkem-native,v1.2.0 (2507ff79a0acfec6e94a9a83709b5774491fdbb6),ML-KEM-768,encapsulation,45,9156000,266556,True,
c9d712db-38a3-4386-9ce7-d3d61e338ba7,a4109b71-5a8c-4d3e-8f45-7de071d0e57a,2026-09-16T11:00:00Z,esp32_xtensa_lx6_arduino,NATIVE_HARDWARE,xtensa_lx6,ESP32 Xtensa Dual-Core 240MHz,2,0,FreeRTOS (ESP-IDF / Arduino Core),xtensa-esp32-elf-gcc,xtensa-esp32-elf-gcc (Espressif),-O2,mlkem-native,v1.2.0 (2507ff79a0acfec6e94a9a83709b5774491fdbb6),ML-KEM-768,decapsulation,45,11465000,266556,True,
c9d712db-38a3-4386-9ce7-d3d61e338ba7,a4109b71-5a8c-4d3e-8f45-7de071d0e57a,2026-09-16T11:00:00Z,esp32_xtensa_lx6_arduino,NATIVE_HARDWARE,xtensa_lx6,ESP32 Xtensa Dual-Core 240MHz,2,0,FreeRTOS (ESP-IDF / Arduino Core),xtensa-esp32-elf-gcc,xtensa-esp32-elf-gcc (Espressif),-O2,mlkem-native,v1.2.0 (2507ff79a0acfec6e94a9a83709b5774491fdbb6),ML-KEM-768,keygen,46,7853000,266556,True,
c9d712db-38a3-4386-9ce7-d3d61e338ba7,a4109b71-5a8c-4d3e-8f45-7de071d0e57a,2026-09-16T11:00:00Z,esp32_xtensa_lx6_arduino,NATIVE_HARDWARE,xtensa_lx6,ESP32 Xtensa Dual-Core 240MHz,2,0,FreeRTOS (ESP-IDF / Arduino Core),xtensa-esp32-elf-gcc,xtensa-esp32-elf-gcc (Espressif),-O2,mlkem-native,v1.2.0 (2507ff79a0acfec6e94a9a83709b5774491fdbb6),ML-KEM-768,encapsulation,46,9156000,266556,True,
c9d712db-38a3-4386-9ce7-d3d61e338ba7,a4109b71-5a8c-4d3e-8f45-7de071d0e57a,2026-09-16T11:00:00Z,esp32_xtensa_lx6_arduino,NATIVE_HARDWARE,xtensa_lx6,ESP32 Xtensa Dual-Core 240MHz,2,0,FreeRTOS (ESP-IDF / Arduino Core),xtensa-esp32-elf-gcc,xtensa-esp32-elf-gcc (Espressif),-O2,mlkem-native,v1.2.0 (2507ff79a0acfec6e94a9a83709b5774491fdbb6),ML-KEM-768,decapsulation,46,11469000,266556,True,
c9d712db-38a3-4386-9ce7-d3d61e338ba7,a4109b71-5a8c-4d3e-8f45-7de071d0e57a,2026-09-16T11:00:00Z,esp32_xtensa_lx6_arduino,NATIVE_HARDWARE,xtensa_lx6,ESP32 Xtensa Dual-Core 240MHz,2,0,FreeRTOS (ESP-IDF / Arduino Core),xtensa-esp32-elf-gcc,xtensa-esp32-elf-gcc (Espressif),-O2,mlkem-native,v1.2.0 (2507ff79a0acfec6e94a9a83709b5774491fdbb6),ML-KEM-768,keygen,47,7854000,266556,True,
c9d712db-38a3-4386-9ce7-d3d61e338ba7,a4109b71-5a8c-4d3e-8f45-7de071d0e57a,2026-09-16T11:00:00Z,esp32_xtensa_lx6_arduino,NATIVE_HARDWARE,xtensa_lx6,ESP32 Xtensa Dual-Core 240MHz,2,0,FreeRTOS (ESP-IDF / Arduino Core),xtensa-esp32-elf-gcc,xtensa-esp32-elf-gcc (Espressif),-O2,mlkem-native,v1.2.0 (2507ff79a0acfec6e94a9a83709b5774491fdbb6),ML-KEM-768,encapsulation,47,9157000,266556,True,
c9d712db-38a3-4386-9ce7-d3d61e338ba7,a4109b71-5a8c-4d3e-8f45-7de071d0e57a,2026-09-16T11:00:00Z,esp32_xtensa_lx6_arduino,NATIVE_HARDWARE,xtensa_lx6,ESP32 Xtensa Dual-Core 240MHz,2,0,FreeRTOS (ESP-IDF / Arduino Core),xtensa-esp32-elf-gcc,xtensa-esp32-elf-gcc (Espressif),-O2,mlkem-native,v1.2.0 (2507ff79a0acfec6e94a9a83709b5774491fdbb6),ML-KEM-768,decapsulation,47,11470000,266556,True,
c9d712db-38a3-4386-9ce7-d3d61e338ba7,a4109b71-5a8c-4d3e-8f45-7de071d0e57a,2026-09-16T11:00:00Z,esp32_xtensa_lx6_arduino,NATIVE_HARDWARE,xtensa_lx6,ESP32 Xtensa Dual-Core 240MHz,2,0,FreeRTOS (ESP-IDF / Arduino Core),xtensa-esp32-elf-gcc,xtensa-esp32-elf-gcc (Espressif),-O2,mlkem-native,v1.2.0 (2507ff79a0acfec6e94a9a83709b5774491fdbb6),ML-KEM-768,keygen,48,7854000,266556,True,
c9d712db-38a3-4386-9ce7-d3d61e338ba7,a4109b71-5a8c-4d3e-8f45-7de071d0e57a,2026-09-16T11:00:00Z,esp32_xtensa_lx6_arduino,NATIVE_HARDWARE,xtensa_lx6,ESP32 Xtensa Dual-Core 240MHz,2,0,FreeRTOS (ESP-IDF / Arduino Core),xtensa-esp32-elf-gcc,xtensa-esp32-elf-gcc (Espressif),-O2,mlkem-native,v1.2.0 (2507ff79a0acfec6e94a9a83709b5774491fdbb6),ML-KEM-768,encapsulation,48,9156000,266556,True,
c9d712db-38a3-4386-9ce7-d3d61e338ba7,a4109b71-5a8c-4d3e-8f45-7de071d0e57a,2026-09-16T11:00:00Z,esp32_xtensa_lx6_arduino,NATIVE_HARDWARE,xtensa_lx6,ESP32 Xtensa Dual-Core 240MHz,2,0,FreeRTOS (ESP-IDF / Arduino Core),xtensa-esp32-elf-gcc,xtensa-esp32-elf-gcc (Espressif),-O2,mlkem-native,v1.2.0 (2507ff79a0acfec6e94a9a83709b5774491fdbb6),ML-KEM-768,decapsulation,48,11465000,266556,True,
c9d712db-38a3-4386-9ce7-d3d61e338ba7,a4109b71-5a8c-4d3e-8f45-7de071d0e57a,2026-09-16T11:00:00Z,esp32_xtensa_lx6_arduino,NATIVE_HARDWARE,xtensa_lx6,ESP32 Xtensa Dual-Core 240MHz,2,0,FreeRTOS (ESP-IDF / Arduino Core),xtensa-esp32-elf-gcc,xtensa-esp32-elf-gcc (Espressif),-O2,mlkem-native,v1.2.0 (2507ff79a0acfec6e94a9a83709b5774491fdbb6),ML-KEM-768,keygen,49,7856000,266556,True,
c9d712db-38a3-4386-9ce7-d3d61e338ba7,a4109b71-5a8c-4d3e-8f45-7de071d0e57a,2026-09-16T11:00:00Z,esp32_xtensa_lx6_arduino,NATIVE_HARDWARE,xtensa_lx6,ESP32 Xtensa Dual-Core 240MHz,2,0,FreeRTOS (ESP-IDF / Arduino Core),xtensa-esp32-elf-gcc,xtensa-esp32-elf-gcc (Espressif),-O2,mlkem-native,v1.2.0 (2507ff79a0acfec6e94a9a83709b5774491fdbb6),ML-KEM-768,encapsulation,49,9158000,266556,True,
c9d712db-38a3-4386-9ce7-d3d61e338ba7,a4109b71-5a8c-4d3e-8f45-7de071d0e57a,2026-09-16T11:00:00Z,esp32_xtensa_lx6_arduino,NATIVE_HARDWARE,xtensa_lx6,ESP32 Xtensa Dual-Core 240MHz,2,0,FreeRTOS (ESP-IDF / Arduino Core),xtensa-esp32-elf-gcc,xtensa-esp32-elf-gcc (Espressif),-O2,mlkem-native,v1.2.0 (2507ff79a0acfec6e94a9a83709b5774491fdbb6),ML-KEM-768,decapsulation,49,11469000,266556,True,
c9d712db-38a3-4386-9ce7-d3d61e338ba7,a4109b71-5a8c-4d3e-8f45-7de071d0e57a,2026-09-16T11:00:00Z,esp32_xtensa_lx6_arduino,NATIVE_HARDWARE,xtensa_lx6,ESP32 Xtensa Dual-Core 240MHz,2,0,FreeRTOS (ESP-IDF / Arduino Core),xtensa-esp32-elf-gcc,xtensa-esp32-elf-gcc (Espressif),-O2,mlkem-native,v1.2.0 (2507ff79a0acfec6e94a9a83709b5774491fdbb6),ML-KEM-768,keygen,50,7854000,266556,True,
c9d712db-38a3-4386-9ce7-d3d61e338ba7,a4109b71-5a8c-4d3e-8f45-7de071d0e57a,2026-09-16T11:00:00Z,esp32_xtensa_lx6_arduino,NATIVE_HARDWARE,xtensa_lx6,ESP32 Xtensa Dual-Core 240MHz,2,0,FreeRTOS (ESP-IDF / Arduino Core),xtensa-esp32-elf-gcc,xtensa-esp32-elf-gcc (Espressif),-O2,mlkem-native,v1.2.0 (2507ff79a0acfec6e94a9a83709b5774491fdbb6),ML-KEM-768,encapsulation,50,9156000,266556,True,
c9d712db-38a3-4386-9ce7-d3d61e338ba7,a4109b71-5a8c-4d3e-8f45-7de071d0e57a,2026-09-16T11:00:00Z,esp32_xtensa_lx6_arduino,NATIVE_HARDWARE,xtensa_lx6,ESP32 Xtensa Dual-Core 240MHz,2,0,FreeRTOS (ESP-IDF / Arduino Core),xtensa-esp32-elf-gcc,xtensa-esp32-elf-gcc (Espressif),-O2,mlkem-native,v1.2.0 (2507ff79a0acfec6e94a9a83709b5774491fdbb6),ML-KEM-768,decapsulation,50,11466000,266556,True,
c9d712db-38a3-4386-9ce7-d3d61e338ba7,a4109b71-5a8c-4d3e-8f45-7de071d0e57a,2026-09-16T11:00:00Z,esp32_xtensa_lx6_arduino,NATIVE_HARDWARE,xtensa_lx6,ESP32 Xtensa Dual-Core 240MHz,2,0,FreeRTOS (ESP-IDF / Arduino Core),xtensa-esp32-elf-gcc,xtensa-esp32-elf-gcc (Espressif),-O2,mlkem-native,v1.2.0 (2507ff79a0acfec6e94a9a83709b5774491fdbb6),ML-KEM-768,keygen,51,7858000,266556,True,
c9d712db-38a3-4386-9ce7-d3d61e338ba7,a4109b71-5a8c-4d3e-8f45-7de071d0e57a,2026-09-16T11:00:00Z,esp32_xtensa_lx6_arduino,NATIVE_HARDWARE,xtensa_lx6,ESP32 Xtensa Dual-Core 240MHz,2,0,FreeRTOS (ESP-IDF / Arduino Core),xtensa-esp32-elf-gcc,xtensa-esp32-elf-gcc (Espressif),-O2,mlkem-native,v1.2.0 (2507ff79a0acfec6e94a9a83709b5774491fdbb6),ML-KEM-768,encapsulation,51,9160000,266556,True,
c9d712db-38a3-4386-9ce7-d3d61e338ba7,a4109b71-5a8c-4d3e-8f45-7de071d0e57a,2026-09-16T11:00:00Z,esp32_xtensa_lx6_arduino,NATIVE_HARDWARE,xtensa_lx6,ESP32 Xtensa Dual-Core 240MHz,2,0,FreeRTOS (ESP-IDF / Arduino Core),xtensa-esp32-elf-gcc,xtensa-esp32-elf-gcc (Espressif),-O2,mlkem-native,v1.2.0 (2507ff79a0acfec6e94a9a83709b5774491fdbb6),ML-KEM-768,decapsulation,51,11474000,266556,True,
c9d712db-38a3-4386-9ce7-d3d61e338ba7,a4109b71-5a8c-4d3e-8f45-7de071d0e57a,2026-09-16T11:00:00Z,esp32_xtensa_lx6_arduino,NATIVE_HARDWARE,xtensa_lx6,ESP32 Xtensa Dual-Core 240MHz,2,0,FreeRTOS (ESP-IDF / Arduino Core),xtensa-esp32-elf-gcc,xtensa-esp32-elf-gcc (Espressif),-O2,mlkem-native,v1.2.0 (2507ff79a0acfec6e94a9a83709b5774491fdbb6),ML-KEM-768,keygen,52,7857000,266556,True,
c9d712db-38a3-4386-9ce7-d3d61e338ba7,a4109b71-5a8c-4d3e-8f45-7de071d0e57a,2026-09-16T11:00:00Z,esp32_xtensa_lx6_arduino,NATIVE_HARDWARE,xtensa_lx6,ESP32 Xtensa Dual-Core 240MHz,2,0,FreeRTOS (ESP-IDF / Arduino Core),xtensa-esp32-elf-gcc,xtensa-esp32-elf-gcc (Espressif),-O2,mlkem-native,v1.2.0 (2507ff79a0acfec6e94a9a83709b5774491fdbb6),ML-KEM-768,encapsulation,52,9160000,266556,True,
c9d712db-38a3-4386-9ce7-d3d61e338ba7,a4109b71-5a8c-4d3e-8f45-7de071d0e57a,2026-09-16T11:00:00Z,esp32_xtensa_lx6_arduino,NATIVE_HARDWARE,xtensa_lx6,ESP32 Xtensa Dual-Core 240MHz,2,0,FreeRTOS (ESP-IDF / Arduino Core),xtensa-esp32-elf-gcc,xtensa-esp32-elf-gcc (Espressif),-O2,mlkem-native,v1.2.0 (2507ff79a0acfec6e94a9a83709b5774491fdbb6),ML-KEM-768,decapsulation,52,11474000,266556,True,
c9d712db-38a3-4386-9ce7-d3d61e338ba7,a4109b71-5a8c-4d3e-8f45-7de071d0e57a,2026-09-16T11:00:00Z,esp32_xtensa_lx6_arduino,NATIVE_HARDWARE,xtensa_lx6,ESP32 Xtensa Dual-Core 240MHz,2,0,FreeRTOS (ESP-IDF / Arduino Core),xtensa-esp32-elf-gcc,xtensa-esp32-elf-gcc (Espressif),-O2,mlkem-native,v1.2.0 (2507ff79a0acfec6e94a9a83709b5774491fdbb6),ML-KEM-768,keygen,53,7856000,266556,True,
c9d712db-38a3-4386-9ce7-d3d61e338ba7,a4109b71-5a8c-4d3e-8f45-7de071d0e57a,2026-09-16T11:00:00Z,esp32_xtensa_lx6_arduino,NATIVE_HARDWARE,xtensa_lx6,ESP32 Xtensa Dual-Core 240MHz,2,0,FreeRTOS (ESP-IDF / Arduino Core),xtensa-esp32-elf-gcc,xtensa-esp32-elf-gcc (Espressif),-O2,mlkem-native,v1.2.0 (2507ff79a0acfec6e94a9a83709b5774491fdbb6),ML-KEM-768,encapsulation,53,9158000,266556,True,
c9d712db-38a3-4386-9ce7-d3d61e338ba7,a4109b71-5a8c-4d3e-8f45-7de071d0e57a,2026-09-16T11:00:00Z,esp32_xtensa_lx6_arduino,NATIVE_HARDWARE,xtensa_lx6,ESP32 Xtensa Dual-Core 240MHz,2,0,FreeRTOS (ESP-IDF / Arduino Core),xtensa-esp32-elf-gcc,xtensa-esp32-elf-gcc (Espressif),-O2,mlkem-native,v1.2.0 (2507ff79a0acfec6e94a9a83709b5774491fdbb6),ML-KEM-768,decapsulation,53,11467000,266556,True,
c9d712db-38a3-4386-9ce7-d3d61e338ba7,a4109b71-5a8c-4d3e-8f45-7de071d0e57a,2026-09-16T11:00:00Z,esp32_xtensa_lx6_arduino,NATIVE_HARDWARE,xtensa_lx6,ESP32 Xtensa Dual-Core 240MHz,2,0,FreeRTOS (ESP-IDF / Arduino Core),xtensa-esp32-elf-gcc,xtensa-esp32-elf-gcc (Espressif),-O2,mlkem-native,v1.2.0 (2507ff79a0acfec6e94a9a83709b5774491fdbb6),ML-KEM-768,keygen,54,7852000,266556,True,
c9d712db-38a3-4386-9ce7-d3d61e338ba7,a4109b71-5a8c-4d3e-8f45-7de071d0e57a,2026-09-16T11:00:00Z,esp32_xtensa_lx6_arduino,NATIVE_HARDWARE,xtensa_lx6,ESP32 Xtensa Dual-Core 240MHz,2,0,FreeRTOS (ESP-IDF / Arduino Core),xtensa-esp32-elf-gcc,xtensa-esp32-elf-gcc (Espressif),-O2,mlkem-native,v1.2.0 (2507ff79a0acfec6e94a9a83709b5774491fdbb6),ML-KEM-768,encapsulation,54,9155000,266556,True,
c9d712db-38a3-4386-9ce7-d3d61e338ba7,a4109b71-5a8c-4d3e-8f45-7de071d0e57a,2026-09-16T11:00:00Z,esp32_xtensa_lx6_arduino,NATIVE_HARDWARE,xtensa_lx6,ESP32 Xtensa Dual-Core 240MHz,2,0,FreeRTOS (ESP-IDF / Arduino Core),xtensa-esp32-elf-gcc,xtensa-esp32-elf-gcc (Espressif),-O2,mlkem-native,v1.2.0 (2507ff79a0acfec6e94a9a83709b5774491fdbb6),ML-KEM-768,decapsulation,54,11465000,266556,True,
c9d712db-38a3-4386-9ce7-d3d61e338ba7,a4109b71-5a8c-4d3e-8f45-7de071d0e57a,2026-09-16T11:00:00Z,esp32_xtensa_lx6_arduino,NATIVE_HARDWARE,xtensa_lx6,ESP32 Xtensa Dual-Core 240MHz,2,0,FreeRTOS (ESP-IDF / Arduino Core),xtensa-esp32-elf-gcc,xtensa-esp32-elf-gcc (Espressif),-O2,mlkem-native,v1.2.0 (2507ff79a0acfec6e94a9a83709b5774491fdbb6),ML-KEM-768,keygen,55,7854000,266556,True,
c9d712db-38a3-4386-9ce7-d3d61e338ba7,a4109b71-5a8c-4d3e-8f45-7de071d0e57a,2026-09-16T11:00:00Z,esp32_xtensa_lx6_arduino,NATIVE_HARDWARE,xtensa_lx6,ESP32 Xtensa Dual-Core 240MHz,2,0,FreeRTOS (ESP-IDF / Arduino Core),xtensa-esp32-elf-gcc,xtensa-esp32-elf-gcc (Espressif),-O2,mlkem-native,v1.2.0 (2507ff79a0acfec6e94a9a83709b5774491fdbb6),ML-KEM-768,encapsulation,55,9156000,266556,True,
c9d712db-38a3-4386-9ce7-d3d61e338ba7,a4109b71-5a8c-4d3e-8f45-7de071d0e57a,2026-09-16T11:00:00Z,esp32_xtensa_lx6_arduino,NATIVE_HARDWARE,xtensa_lx6,ESP32 Xtensa Dual-Core 240MHz,2,0,FreeRTOS (ESP-IDF / Arduino Core),xtensa-esp32-elf-gcc,xtensa-esp32-elf-gcc (Espressif),-O2,mlkem-native,v1.2.0 (2507ff79a0acfec6e94a9a83709b5774491fdbb6),ML-KEM-768,decapsulation,55,11465000,266556,True,
c9d712db-38a3-4386-9ce7-d3d61e338ba7,a4109b71-5a8c-4d3e-8f45-7de071d0e57a,2026-09-16T11:00:00Z,esp32_xtensa_lx6_arduino,NATIVE_HARDWARE,xtensa_lx6,ESP32 Xtensa Dual-Core 240MHz,2,0,FreeRTOS (ESP-IDF / Arduino Core),xtensa-esp32-elf-gcc,xtensa-esp32-elf-gcc (Espressif),-O2,mlkem-native,v1.2.0 (2507ff79a0acfec6e94a9a83709b5774491fdbb6),ML-KEM-768,keygen,56,7850000,266556,True,
c9d712db-38a3-4386-9ce7-d3d61e338ba7,a4109b71-5a8c-4d3e-8f45-7de071d0e57a,2026-09-16T11:00:00Z,esp32_xtensa_lx6_arduino,NATIVE_HARDWARE,xtensa_lx6,ESP32 Xtensa Dual-Core 240MHz,2,0,FreeRTOS (ESP-IDF / Arduino Core),xtensa-esp32-elf-gcc,xtensa-esp32-elf-gcc (Espressif),-O2,mlkem-native,v1.2.0 (2507ff79a0acfec6e94a9a83709b5774491fdbb6),ML-KEM-768,encapsulation,56,9153000,266556,True,
c9d712db-38a3-4386-9ce7-d3d61e338ba7,a4109b71-5a8c-4d3e-8f45-7de071d0e57a,2026-09-16T11:00:00Z,esp32_xtensa_lx6_arduino,NATIVE_HARDWARE,xtensa_lx6,ESP32 Xtensa Dual-Core 240MHz,2,0,FreeRTOS (ESP-IDF / Arduino Core),xtensa-esp32-elf-gcc,xtensa-esp32-elf-gcc (Espressif),-O2,mlkem-native,v1.2.0 (2507ff79a0acfec6e94a9a83709b5774491fdbb6),ML-KEM-768,decapsulation,56,11467000,266556,True,
c9d712db-38a3-4386-9ce7-d3d61e338ba7,a4109b71-5a8c-4d3e-8f45-7de071d0e57a,2026-09-16T11:00:00Z,esp32_xtensa_lx6_arduino,NATIVE_HARDWARE,xtensa_lx6,ESP32 Xtensa Dual-Core 240MHz,2,0,FreeRTOS (ESP-IDF / Arduino Core),xtensa-esp32-elf-gcc,xtensa-esp32-elf-gcc (Espressif),-O2,mlkem-native,v1.2.0 (2507ff79a0acfec6e94a9a83709b5774491fdbb6),ML-KEM-768,keygen,57,7857000,266556,True,
c9d712db-38a3-4386-9ce7-d3d61e338ba7,a4109b71-5a8c-4d3e-8f45-7de071d0e57a,2026-09-16T11:00:00Z,esp32_xtensa_lx6_arduino,NATIVE_HARDWARE,xtensa_lx6,ESP32 Xtensa Dual-Core 240MHz,2,0,FreeRTOS (ESP-IDF / Arduino Core),xtensa-esp32-elf-gcc,xtensa-esp32-elf-gcc (Espressif),-O2,mlkem-native,v1.2.0 (2507ff79a0acfec6e94a9a83709b5774491fdbb6),ML-KEM-768,encapsulation,57,9161000,266556,True,
c9d712db-38a3-4386-9ce7-d3d61e338ba7,a4109b71-5a8c-4d3e-8f45-7de071d0e57a,2026-09-16T11:00:00Z,esp32_xtensa_lx6_arduino,NATIVE_HARDWARE,xtensa_lx6,ESP32 Xtensa Dual-Core 240MHz,2,0,FreeRTOS (ESP-IDF / Arduino Core),xtensa-esp32-elf-gcc,xtensa-esp32-elf-gcc (Espressif),-O2,mlkem-native,v1.2.0 (2507ff79a0acfec6e94a9a83709b5774491fdbb6),ML-KEM-768,decapsulation,57,11474000,266556,True,
c9d712db-38a3-4386-9ce7-d3d61e338ba7,a4109b71-5a8c-4d3e-8f45-7de071d0e57a,2026-09-16T11:00:00Z,esp32_xtensa_lx6_arduino,NATIVE_HARDWARE,xtensa_lx6,ESP32 Xtensa Dual-Core 240MHz,2,0,FreeRTOS (ESP-IDF / Arduino Core),xtensa-esp32-elf-gcc,xtensa-esp32-elf-gcc (Espressif),-O2,mlkem-native,v1.2.0 (2507ff79a0acfec6e94a9a83709b5774491fdbb6),ML-KEM-768,keygen,58,7854000,266556,True,
c9d712db-38a3-4386-9ce7-d3d61e338ba7,a4109b71-5a8c-4d3e-8f45-7de071d0e57a,2026-09-16T11:00:00Z,esp32_xtensa_lx6_arduino,NATIVE_HARDWARE,xtensa_lx6,ESP32 Xtensa Dual-Core 240MHz,2,0,FreeRTOS (ESP-IDF / Arduino Core),xtensa-esp32-elf-gcc,xtensa-esp32-elf-gcc (Espressif),-O2,mlkem-native,v1.2.0 (2507ff79a0acfec6e94a9a83709b5774491fdbb6),ML-KEM-768,encapsulation,58,9156000,266556,True,
c9d712db-38a3-4386-9ce7-d3d61e338ba7,a4109b71-5a8c-4d3e-8f45-7de071d0e57a,2026-09-16T11:00:00Z,esp32_xtensa_lx6_arduino,NATIVE_HARDWARE,xtensa_lx6,ESP32 Xtensa Dual-Core 240MHz,2,0,FreeRTOS (ESP-IDF / Arduino Core),xtensa-esp32-elf-gcc,xtensa-esp32-elf-gcc (Espressif),-O2,mlkem-native,v1.2.0 (2507ff79a0acfec6e94a9a83709b5774491fdbb6),ML-KEM-768,decapsulation,58,11466000,266556,True,
c9d712db-38a3-4386-9ce7-d3d61e338ba7,a4109b71-5a8c-4d3e-8f45-7de071d0e57a,2026-09-16T11:00:00Z,esp32_xtensa_lx6_arduino,NATIVE_HARDWARE,xtensa_lx6,ESP32 Xtensa Dual-Core 240MHz,2,0,FreeRTOS (ESP-IDF / Arduino Core),xtensa-esp32-elf-gcc,xtensa-esp32-elf-gcc (Espressif),-O2,mlkem-native,v1.2.0 (2507ff79a0acfec6e94a9a83709b5774491fdbb6),ML-KEM-768,keygen,59,7853000,266556,True,
c9d712db-38a3-4386-9ce7-d3d61e338ba7,a4109b71-5a8c-4d3e-8f45-7de071d0e57a,2026-09-16T11:00:00Z,esp32_xtensa_lx6_arduino,NATIVE_HARDWARE,xtensa_lx6,ESP32 Xtensa Dual-Core 240MHz,2,0,FreeRTOS (ESP-IDF / Arduino Core),xtensa-esp32-elf-gcc,xtensa-esp32-elf-gcc (Espressif),-O2,mlkem-native,v1.2.0 (2507ff79a0acfec6e94a9a83709b5774491fdbb6),ML-KEM-768,encapsulation,59,9155000,266556,True,
c9d712db-38a3-4386-9ce7-d3d61e338ba7,a4109b71-5a8c-4d3e-8f45-7de071d0e57a,2026-09-16T11:00:00Z,esp32_xtensa_lx6_arduino,NATIVE_HARDWARE,xtensa_lx6,ESP32 Xtensa Dual-Core 240MHz,2,0,FreeRTOS (ESP-IDF / Arduino Core),xtensa-esp32-elf-gcc,xtensa-esp32-elf-gcc (Espressif),-O2,mlkem-native,v1.2.0 (2507ff79a0acfec6e94a9a83709b5774491fdbb6),ML-KEM-768,decapsulation,59,11466000,266556,True,
c9d712db-38a3-4386-9ce7-d3d61e338ba7,a4109b71-5a8c-4d3e-8f45-7de071d0e57a,2026-09-16T11:00:00Z,esp32_xtensa_lx6_arduino,NATIVE_HARDWARE,xtensa_lx6,ESP32 Xtensa Dual-Core 240MHz,2,0,FreeRTOS (ESP-IDF / Arduino Core),xtensa-esp32-elf-gcc,xtensa-esp32-elf-gcc (Espressif),-O2,mlkem-native,v1.2.0 (2507ff79a0acfec6e94a9a83709b5774491fdbb6),ML-KEM-768,keygen,60,7855000,266556,True,
c9d712db-38a3-4386-9ce7-d3d61e338ba7,a4109b71-5a8c-4d3e-8f45-7de071d0e57a,2026-09-16T11:00:00Z,esp32_xtensa_lx6_arduino,NATIVE_HARDWARE,xtensa_lx6,ESP32 Xtensa Dual-Core 240MHz,2,0,FreeRTOS (ESP-IDF / Arduino Core),xtensa-esp32-elf-gcc,xtensa-esp32-elf-gcc (Espressif),-O2,mlkem-native,v1.2.0 (2507ff79a0acfec6e94a9a83709b5774491fdbb6),ML-KEM-768,encapsulation,60,9158000,266556,True,
c9d712db-38a3-4386-9ce7-d3d61e338ba7,a4109b71-5a8c-4d3e-8f45-7de071d0e57a,2026-09-16T11:00:00Z,esp32_xtensa_lx6_arduino,NATIVE_HARDWARE,xtensa_lx6,ESP32 Xtensa Dual-Core 240MHz,2,0,FreeRTOS (ESP-IDF / Arduino Core),xtensa-esp32-elf-gcc,xtensa-esp32-elf-gcc (Espressif),-O2,mlkem-native,v1.2.0 (2507ff79a0acfec6e94a9a83709b5774491fdbb6),ML-KEM-768,decapsulation,60,11466000,266556,True,
c9d712db-38a3-4386-9ce7-d3d61e338ba7,a4109b71-5a8c-4d3e-8f45-7de071d0e57a,2026-09-16T11:00:00Z,esp32_xtensa_lx6_arduino,NATIVE_HARDWARE,xtensa_lx6,ESP32 Xtensa Dual-Core 240MHz,2,0,FreeRTOS (ESP-IDF / Arduino Core),xtensa-esp32-elf-gcc,xtensa-esp32-elf-gcc (Espressif),-O2,mlkem-native,v1.2.0 (2507ff79a0acfec6e94a9a83709b5774491fdbb6),ML-KEM-768,keygen,61,7853000,266556,True,
c9d712db-38a3-4386-9ce7-d3d61e338ba7,a4109b71-5a8c-4d3e-8f45-7de071d0e57a,2026-09-16T11:00:00Z,esp32_xtensa_lx6_arduino,NATIVE_HARDWARE,xtensa_lx6,ESP32 Xtensa Dual-Core 240MHz,2,0,FreeRTOS (ESP-IDF / Arduino Core),xtensa-esp32-elf-gcc,xtensa-esp32-elf-gcc (Espressif),-O2,mlkem-native,v1.2.0 (2507ff79a0acfec6e94a9a83709b5774491fdbb6),ML-KEM-768,encapsulation,61,9156000,266556,True,
c9d712db-38a3-4386-9ce7-d3d61e338ba7,a4109b71-5a8c-4d3e-8f45-7de071d0e57a,2026-09-16T11:00:00Z,esp32_xtensa_lx6_arduino,NATIVE_HARDWARE,xtensa_lx6,ESP32 Xtensa Dual-Core 240MHz,2,0,FreeRTOS (ESP-IDF / Arduino Core),xtensa-esp32-elf-gcc,xtensa-esp32-elf-gcc (Espressif),-O2,mlkem-native,v1.2.0 (2507ff79a0acfec6e94a9a83709b5774491fdbb6),ML-KEM-768,decapsulation,61,11469000,266556,True,
c9d712db-38a3-4386-9ce7-d3d61e338ba7,a4109b71-5a8c-4d3e-8f45-7de071d0e57a,2026-09-16T11:00:00Z,esp32_xtensa_lx6_arduino,NATIVE_HARDWARE,xtensa_lx6,ESP32 Xtensa Dual-Core 240MHz,2,0,FreeRTOS (ESP-IDF / Arduino Core),xtensa-esp32-elf-gcc,xtensa-esp32-elf-gcc (Espressif),-O2,mlkem-native,v1.2.0 (2507ff79a0acfec6e94a9a83709b5774491fdbb6),ML-KEM-768,keygen,62,7855000,266556,True,
c9d712db-38a3-4386-9ce7-d3d61e338ba7,a4109b71-5a8c-4d3e-8f45-7de071d0e57a,2026-09-16T11:00:00Z,esp32_xtensa_lx6_arduino,NATIVE_HARDWARE,xtensa_lx6,ESP32 Xtensa Dual-Core 240MHz,2,0,FreeRTOS (ESP-IDF / Arduino Core),xtensa-esp32-elf-gcc,xtensa-esp32-elf-gcc (Espressif),-O2,mlkem-native,v1.2.0 (2507ff79a0acfec6e94a9a83709b5774491fdbb6),ML-KEM-768,encapsulation,62,9159000,266556,True,
c9d712db-38a3-4386-9ce7-d3d61e338ba7,a4109b71-5a8c-4d3e-8f45-7de071d0e57a,2026-09-16T11:00:00Z,esp32_xtensa_lx6_arduino,NATIVE_HARDWARE,xtensa_lx6,ESP32 Xtensa Dual-Core 240MHz,2,0,FreeRTOS (ESP-IDF / Arduino Core),xtensa-esp32-elf-gcc,xtensa-esp32-elf-gcc (Espressif),-O2,mlkem-native,v1.2.0 (2507ff79a0acfec6e94a9a83709b5774491fdbb6),ML-KEM-768,decapsulation,62,11472000,266556,True,
c9d712db-38a3-4386-9ce7-d3d61e338ba7,a4109b71-5a8c-4d3e-8f45-7de071d0e57a,2026-09-16T11:00:00Z,esp32_xtensa_lx6_arduino,NATIVE_HARDWARE,xtensa_lx6,ESP32 Xtensa Dual-Core 240MHz,2,0,FreeRTOS (ESP-IDF / Arduino Core),xtensa-esp32-elf-gcc,xtensa-esp32-elf-gcc (Espressif),-O2,mlkem-native,v1.2.0 (2507ff79a0acfec6e94a9a83709b5774491fdbb6),ML-KEM-768,keygen,63,7855000,266556,True,
c9d712db-38a3-4386-9ce7-d3d61e338ba7,a4109b71-5a8c-4d3e-8f45-7de071d0e57a,2026-09-16T11:00:00Z,esp32_xtensa_lx6_arduino,NATIVE_HARDWARE,xtensa_lx6,ESP32 Xtensa Dual-Core 240MHz,2,0,FreeRTOS (ESP-IDF / Arduino Core),xtensa-esp32-elf-gcc,xtensa-esp32-elf-gcc (Espressif),-O2,mlkem-native,v1.2.0 (2507ff79a0acfec6e94a9a83709b5774491fdbb6),ML-KEM-768,encapsulation,63,9156000,266556,True,
c9d712db-38a3-4386-9ce7-d3d61e338ba7,a4109b71-5a8c-4d3e-8f45-7de071d0e57a,2026-09-16T11:00:00Z,esp32_xtensa_lx6_arduino,NATIVE_HARDWARE,xtensa_lx6,ESP32 Xtensa Dual-Core 240MHz,2,0,FreeRTOS (ESP-IDF / Arduino Core),xtensa-esp32-elf-gcc,xtensa-esp32-elf-gcc (Espressif),-O2,mlkem-native,v1.2.0 (2507ff79a0acfec6e94a9a83709b5774491fdbb6),ML-KEM-768,decapsulation,63,11466000,266556,True,
c9d712db-38a3-4386-9ce7-d3d61e338ba7,a4109b71-5a8c-4d3e-8f45-7de071d0e57a,2026-09-16T11:00:00Z,esp32_xtensa_lx6_arduino,NATIVE_HARDWARE,xtensa_lx6,ESP32 Xtensa Dual-Core 240MHz,2,0,FreeRTOS (ESP-IDF / Arduino Core),xtensa-esp32-elf-gcc,xtensa-esp32-elf-gcc (Espressif),-O2,mlkem-native,v1.2.0 (2507ff79a0acfec6e94a9a83709b5774491fdbb6),ML-KEM-768,keygen,64,8224000,266556,True,
c9d712db-38a3-4386-9ce7-d3d61e338ba7,a4109b71-5a8c-4d3e-8f45-7de071d0e57a,2026-09-16T11:00:00Z,esp32_xtensa_lx6_arduino,NATIVE_HARDWARE,xtensa_lx6,ESP32 Xtensa Dual-Core 240MHz,2,0,FreeRTOS (ESP-IDF / Arduino Core),xtensa-esp32-elf-gcc,xtensa-esp32-elf-gcc (Espressif),-O2,mlkem-native,v1.2.0 (2507ff79a0acfec6e94a9a83709b5774491fdbb6),ML-KEM-768,encapsulation,64,9530000,266556,True,
c9d712db-38a3-4386-9ce7-d3d61e338ba7,a4109b71-5a8c-4d3e-8f45-7de071d0e57a,2026-09-16T11:00:00Z,esp32_xtensa_lx6_arduino,NATIVE_HARDWARE,xtensa_lx6,ESP32 Xtensa Dual-Core 240MHz,2,0,FreeRTOS (ESP-IDF / Arduino Core),xtensa-esp32-elf-gcc,xtensa-esp32-elf-gcc (Espressif),-O2,mlkem-native,v1.2.0 (2507ff79a0acfec6e94a9a83709b5774491fdbb6),ML-KEM-768,decapsulation,64,11836000,266556,True,
c9d712db-38a3-4386-9ce7-d3d61e338ba7,a4109b71-5a8c-4d3e-8f45-7de071d0e57a,2026-09-16T11:00:00Z,esp32_xtensa_lx6_arduino,NATIVE_HARDWARE,xtensa_lx6,ESP32 Xtensa Dual-Core 240MHz,2,0,FreeRTOS (ESP-IDF / Arduino Core),xtensa-esp32-elf-gcc,xtensa-esp32-elf-gcc (Espressif),-O2,mlkem-native,v1.2.0 (2507ff79a0acfec6e94a9a83709b5774491fdbb6),ML-KEM-768,keygen,65,7945000,266556,True,
c9d712db-38a3-4386-9ce7-d3d61e338ba7,a4109b71-5a8c-4d3e-8f45-7de071d0e57a,2026-09-16T11:00:00Z,esp32_xtensa_lx6_arduino,NATIVE_HARDWARE,xtensa_lx6,ESP32 Xtensa Dual-Core 240MHz,2,0,FreeRTOS (ESP-IDF / Arduino Core),xtensa-esp32-elf-gcc,xtensa-esp32-elf-gcc (Espressif),-O2,mlkem-native,v1.2.0 (2507ff79a0acfec6e94a9a83709b5774491fdbb6),ML-KEM-768,encapsulation,65,9248000,266556,True,
c9d712db-38a3-4386-9ce7-d3d61e338ba7,a4109b71-5a8c-4d3e-8f45-7de071d0e57a,2026-09-16T11:00:00Z,esp32_xtensa_lx6_arduino,NATIVE_HARDWARE,xtensa_lx6,ESP32 Xtensa Dual-Core 240MHz,2,0,FreeRTOS (ESP-IDF / Arduino Core),xtensa-esp32-elf-gcc,xtensa-esp32-elf-gcc (Espressif),-O2,mlkem-native,v1.2.0 (2507ff79a0acfec6e94a9a83709b5774491fdbb6),ML-KEM-768,decapsulation,65,11559000,266556,True,
c9d712db-38a3-4386-9ce7-d3d61e338ba7,a4109b71-5a8c-4d3e-8f45-7de071d0e57a,2026-09-16T11:00:00Z,esp32_xtensa_lx6_arduino,NATIVE_HARDWARE,xtensa_lx6,ESP32 Xtensa Dual-Core 240MHz,2,0,FreeRTOS (ESP-IDF / Arduino Core),xtensa-esp32-elf-gcc,xtensa-esp32-elf-gcc (Espressif),-O2,mlkem-native,v1.2.0 (2507ff79a0acfec6e94a9a83709b5774491fdbb6),ML-KEM-768,keygen,66,7853000,266556,True,
c9d712db-38a3-4386-9ce7-d3d61e338ba7,a4109b71-5a8c-4d3e-8f45-7de071d0e57a,2026-09-16T11:00:00Z,esp32_xtensa_lx6_arduino,NATIVE_HARDWARE,xtensa_lx6,ESP32 Xtensa Dual-Core 240MHz,2,0,FreeRTOS (ESP-IDF / Arduino Core),xtensa-esp32-elf-gcc,xtensa-esp32-elf-gcc (Espressif),-O2,mlkem-native,v1.2.0 (2507ff79a0acfec6e94a9a83709b5774491fdbb6),ML-KEM-768,encapsulation,66,9156000,266556,True,
c9d712db-38a3-4386-9ce7-d3d61e338ba7,a4109b71-5a8c-4d3e-8f45-7de071d0e57a,2026-09-16T11:00:00Z,esp32_xtensa_lx6_arduino,NATIVE_HARDWARE,xtensa_lx6,ESP32 Xtensa Dual-Core 240MHz,2,0,FreeRTOS (ESP-IDF / Arduino Core),xtensa-esp32-elf-gcc,xtensa-esp32-elf-gcc (Espressif),-O2,mlkem-native,v1.2.0 (2507ff79a0acfec6e94a9a83709b5774491fdbb6),ML-KEM-768,decapsulation,66,11464000,266556,True,
c9d712db-38a3-4386-9ce7-d3d61e338ba7,a4109b71-5a8c-4d3e-8f45-7de071d0e57a,2026-09-16T11:00:00Z,esp32_xtensa_lx6_arduino,NATIVE_HARDWARE,xtensa_lx6,ESP32 Xtensa Dual-Core 240MHz,2,0,FreeRTOS (ESP-IDF / Arduino Core),xtensa-esp32-elf-gcc,xtensa-esp32-elf-gcc (Espressif),-O2,mlkem-native,v1.2.0 (2507ff79a0acfec6e94a9a83709b5774491fdbb6),ML-KEM-768,keygen,67,7853000,266556,True,
c9d712db-38a3-4386-9ce7-d3d61e338ba7,a4109b71-5a8c-4d3e-8f45-7de071d0e57a,2026-09-16T11:00:00Z,esp32_xtensa_lx6_arduino,NATIVE_HARDWARE,xtensa_lx6,ESP32 Xtensa Dual-Core 240MHz,2,0,FreeRTOS (ESP-IDF / Arduino Core),xtensa-esp32-elf-gcc,xtensa-esp32-elf-gcc (Espressif),-O2,mlkem-native,v1.2.0 (2507ff79a0acfec6e94a9a83709b5774491fdbb6),ML-KEM-768,encapsulation,67,9156000,266556,True,
c9d712db-38a3-4386-9ce7-d3d61e338ba7,a4109b71-5a8c-4d3e-8f45-7de071d0e57a,2026-09-16T11:00:00Z,esp32_xtensa_lx6_arduino,NATIVE_HARDWARE,xtensa_lx6,ESP32 Xtensa Dual-Core 240MHz,2,0,FreeRTOS (ESP-IDF / Arduino Core),xtensa-esp32-elf-gcc,xtensa-esp32-elf-gcc (Espressif),-O2,mlkem-native,v1.2.0 (2507ff79a0acfec6e94a9a83709b5774491fdbb6),ML-KEM-768,decapsulation,67,11470000,266556,True,
c9d712db-38a3-4386-9ce7-d3d61e338ba7,a4109b71-5a8c-4d3e-8f45-7de071d0e57a,2026-09-16T11:00:00Z,esp32_xtensa_lx6_arduino,NATIVE_HARDWARE,xtensa_lx6,ESP32 Xtensa Dual-Core 240MHz,2,0,FreeRTOS (ESP-IDF / Arduino Core),xtensa-esp32-elf-gcc,xtensa-esp32-elf-gcc (Espressif),-O2,mlkem-native,v1.2.0 (2507ff79a0acfec6e94a9a83709b5774491fdbb6),ML-KEM-768,keygen,68,7855000,266556,True,
c9d712db-38a3-4386-9ce7-d3d61e338ba7,a4109b71-5a8c-4d3e-8f45-7de071d0e57a,2026-09-16T11:00:00Z,esp32_xtensa_lx6_arduino,NATIVE_HARDWARE,xtensa_lx6,ESP32 Xtensa Dual-Core 240MHz,2,0,FreeRTOS (ESP-IDF / Arduino Core),xtensa-esp32-elf-gcc,xtensa-esp32-elf-gcc (Espressif),-O2,mlkem-native,v1.2.0 (2507ff79a0acfec6e94a9a83709b5774491fdbb6),ML-KEM-768,encapsulation,68,9162000,266556,True,
c9d712db-38a3-4386-9ce7-d3d61e338ba7,a4109b71-5a8c-4d3e-8f45-7de071d0e57a,2026-09-16T11:00:00Z,esp32_xtensa_lx6_arduino,NATIVE_HARDWARE,xtensa_lx6,ESP32 Xtensa Dual-Core 240MHz,2,0,FreeRTOS (ESP-IDF / Arduino Core),xtensa-esp32-elf-gcc,xtensa-esp32-elf-gcc (Espressif),-O2,mlkem-native,v1.2.0 (2507ff79a0acfec6e94a9a83709b5774491fdbb6),ML-KEM-768,decapsulation,68,11472000,266556,True,
c9d712db-38a3-4386-9ce7-d3d61e338ba7,a4109b71-5a8c-4d3e-8f45-7de071d0e57a,2026-09-16T11:00:00Z,esp32_xtensa_lx6_arduino,NATIVE_HARDWARE,xtensa_lx6,ESP32 Xtensa Dual-Core 240MHz,2,0,FreeRTOS (ESP-IDF / Arduino Core),xtensa-esp32-elf-gcc,xtensa-esp32-elf-gcc (Espressif),-O2,mlkem-native,v1.2.0 (2507ff79a0acfec6e94a9a83709b5774491fdbb6),ML-KEM-768,keygen,69,7850000,266556,True,
c9d712db-38a3-4386-9ce7-d3d61e338ba7,a4109b71-5a8c-4d3e-8f45-7de071d0e57a,2026-09-16T11:00:00Z,esp32_xtensa_lx6_arduino,NATIVE_HARDWARE,xtensa_lx6,ESP32 Xtensa Dual-Core 240MHz,2,0,FreeRTOS (ESP-IDF / Arduino Core),xtensa-esp32-elf-gcc,xtensa-esp32-elf-gcc (Espressif),-O2,mlkem-native,v1.2.0 (2507ff79a0acfec6e94a9a83709b5774491fdbb6),ML-KEM-768,encapsulation,69,9157000,266556,True,
c9d712db-38a3-4386-9ce7-d3d61e338ba7,a4109b71-5a8c-4d3e-8f45-7de071d0e57a,2026-09-16T11:00:00Z,esp32_xtensa_lx6_arduino,NATIVE_HARDWARE,xtensa_lx6,ESP32 Xtensa Dual-Core 240MHz,2,0,FreeRTOS (ESP-IDF / Arduino Core),xtensa-esp32-elf-gcc,xtensa-esp32-elf-gcc (Espressif),-O2,mlkem-native,v1.2.0 (2507ff79a0acfec6e94a9a83709b5774491fdbb6),ML-KEM-768,decapsulation,69,11470000,266556,True,
c9d712db-38a3-4386-9ce7-d3d61e338ba7,a4109b71-5a8c-4d3e-8f45-7de071d0e57a,2026-09-16T11:00:00Z,esp32_xtensa_lx6_arduino,NATIVE_HARDWARE,xtensa_lx6,ESP32 Xtensa Dual-Core 240MHz,2,0,FreeRTOS (ESP-IDF / Arduino Core),xtensa-esp32-elf-gcc,xtensa-esp32-elf-gcc (Espressif),-O2,mlkem-native,v1.2.0 (2507ff79a0acfec6e94a9a83709b5774491fdbb6),ML-KEM-768,keygen,70,7854000,266556,True,
c9d712db-38a3-4386-9ce7-d3d61e338ba7,a4109b71-5a8c-4d3e-8f45-7de071d0e57a,2026-09-16T11:00:00Z,esp32_xtensa_lx6_arduino,NATIVE_HARDWARE,xtensa_lx6,ESP32 Xtensa Dual-Core 240MHz,2,0,FreeRTOS (ESP-IDF / Arduino Core),xtensa-esp32-elf-gcc,xtensa-esp32-elf-gcc (Espressif),-O2,mlkem-native,v1.2.0 (2507ff79a0acfec6e94a9a83709b5774491fdbb6),ML-KEM-768,encapsulation,70,9156000,266556,True,
c9d712db-38a3-4386-9ce7-d3d61e338ba7,a4109b71-5a8c-4d3e-8f45-7de071d0e57a,2026-09-16T11:00:00Z,esp32_xtensa_lx6_arduino,NATIVE_HARDWARE,xtensa_lx6,ESP32 Xtensa Dual-Core 240MHz,2,0,FreeRTOS (ESP-IDF / Arduino Core),xtensa-esp32-elf-gcc,xtensa-esp32-elf-gcc (Espressif),-O2,mlkem-native,v1.2.0 (2507ff79a0acfec6e94a9a83709b5774491fdbb6),ML-KEM-768,decapsulation,70,11466000,266556,True,
c9d712db-38a3-4386-9ce7-d3d61e338ba7,a4109b71-5a8c-4d3e-8f45-7de071d0e57a,2026-09-16T11:00:00Z,esp32_xtensa_lx6_arduino,NATIVE_HARDWARE,xtensa_lx6,ESP32 Xtensa Dual-Core 240MHz,2,0,FreeRTOS (ESP-IDF / Arduino Core),xtensa-esp32-elf-gcc,xtensa-esp32-elf-gcc (Espressif),-O2,mlkem-native,v1.2.0 (2507ff79a0acfec6e94a9a83709b5774491fdbb6),ML-KEM-768,keygen,71,7853000,266556,True,
c9d712db-38a3-4386-9ce7-d3d61e338ba7,a4109b71-5a8c-4d3e-8f45-7de071d0e57a,2026-09-16T11:00:00Z,esp32_xtensa_lx6_arduino,NATIVE_HARDWARE,xtensa_lx6,ESP32 Xtensa Dual-Core 240MHz,2,0,FreeRTOS (ESP-IDF / Arduino Core),xtensa-esp32-elf-gcc,xtensa-esp32-elf-gcc (Espressif),-O2,mlkem-native,v1.2.0 (2507ff79a0acfec6e94a9a83709b5774491fdbb6),ML-KEM-768,encapsulation,71,9156000,266556,True,
c9d712db-38a3-4386-9ce7-d3d61e338ba7,a4109b71-5a8c-4d3e-8f45-7de071d0e57a,2026-09-16T11:00:00Z,esp32_xtensa_lx6_arduino,NATIVE_HARDWARE,xtensa_lx6,ESP32 Xtensa Dual-Core 240MHz,2,0,FreeRTOS (ESP-IDF / Arduino Core),xtensa-esp32-elf-gcc,xtensa-esp32-elf-gcc (Espressif),-O2,mlkem-native,v1.2.0 (2507ff79a0acfec6e94a9a83709b5774491fdbb6),ML-KEM-768,decapsulation,71,11466000,266556,True,
c9d712db-38a3-4386-9ce7-d3d61e338ba7,a4109b71-5a8c-4d3e-8f45-7de071d0e57a,2026-09-16T11:00:00Z,esp32_xtensa_lx6_arduino,NATIVE_HARDWARE,xtensa_lx6,ESP32 Xtensa Dual-Core 240MHz,2,0,FreeRTOS (ESP-IDF / Arduino Core),xtensa-esp32-elf-gcc,xtensa-esp32-elf-gcc (Espressif),-O2,mlkem-native,v1.2.0 (2507ff79a0acfec6e94a9a83709b5774491fdbb6),ML-KEM-768,keygen,72,7854000,266556,True,
c9d712db-38a3-4386-9ce7-d3d61e338ba7,a4109b71-5a8c-4d3e-8f45-7de071d0e57a,2026-09-16T11:00:00Z,esp32_xtensa_lx6_arduino,NATIVE_HARDWARE,xtensa_lx6,ESP32 Xtensa Dual-Core 240MHz,2,0,FreeRTOS (ESP-IDF / Arduino Core),xtensa-esp32-elf-gcc,xtensa-esp32-elf-gcc (Espressif),-O2,mlkem-native,v1.2.0 (2507ff79a0acfec6e94a9a83709b5774491fdbb6),ML-KEM-768,encapsulation,72,9157000,266556,True,
c9d712db-38a3-4386-9ce7-d3d61e338ba7,a4109b71-5a8c-4d3e-8f45-7de071d0e57a,2026-09-16T11:00:00Z,esp32_xtensa_lx6_arduino,NATIVE_HARDWARE,xtensa_lx6,ESP32 Xtensa Dual-Core 240MHz,2,0,FreeRTOS (ESP-IDF / Arduino Core),xtensa-esp32-elf-gcc,xtensa-esp32-elf-gcc (Espressif),-O2,mlkem-native,v1.2.0 (2507ff79a0acfec6e94a9a83709b5774491fdbb6),ML-KEM-768,decapsulation,72,11465000,266556,True,
c9d712db-38a3-4386-9ce7-d3d61e338ba7,a4109b71-5a8c-4d3e-8f45-7de071d0e57a,2026-09-16T11:00:00Z,esp32_xtensa_lx6_arduino,NATIVE_HARDWARE,xtensa_lx6,ESP32 Xtensa Dual-Core 240MHz,2,0,FreeRTOS (ESP-IDF / Arduino Core),xtensa-esp32-elf-gcc,xtensa-esp32-elf-gcc (Espressif),-O2,mlkem-native,v1.2.0 (2507ff79a0acfec6e94a9a83709b5774491fdbb6),ML-KEM-768,keygen,73,7855000,266556,True,
c9d712db-38a3-4386-9ce7-d3d61e338ba7,a4109b71-5a8c-4d3e-8f45-7de071d0e57a,2026-09-16T11:00:00Z,esp32_xtensa_lx6_arduino,NATIVE_HARDWARE,xtensa_lx6,ESP32 Xtensa Dual-Core 240MHz,2,0,FreeRTOS (ESP-IDF / Arduino Core),xtensa-esp32-elf-gcc,xtensa-esp32-elf-gcc (Espressif),-O2,mlkem-native,v1.2.0 (2507ff79a0acfec6e94a9a83709b5774491fdbb6),ML-KEM-768,encapsulation,73,9158000,266556,True,
c9d712db-38a3-4386-9ce7-d3d61e338ba7,a4109b71-5a8c-4d3e-8f45-7de071d0e57a,2026-09-16T11:00:00Z,esp32_xtensa_lx6_arduino,NATIVE_HARDWARE,xtensa_lx6,ESP32 Xtensa Dual-Core 240MHz,2,0,FreeRTOS (ESP-IDF / Arduino Core),xtensa-esp32-elf-gcc,xtensa-esp32-elf-gcc (Espressif),-O2,mlkem-native,v1.2.0 (2507ff79a0acfec6e94a9a83709b5774491fdbb6),ML-KEM-768,decapsulation,73,11472000,266556,True,
c9d712db-38a3-4386-9ce7-d3d61e338ba7,a4109b71-5a8c-4d3e-8f45-7de071d0e57a,2026-09-16T11:00:00Z,esp32_xtensa_lx6_arduino,NATIVE_HARDWARE,xtensa_lx6,ESP32 Xtensa Dual-Core 240MHz,2,0,FreeRTOS (ESP-IDF / Arduino Core),xtensa-esp32-elf-gcc,xtensa-esp32-elf-gcc (Espressif),-O2,mlkem-native,v1.2.0 (2507ff79a0acfec6e94a9a83709b5774491fdbb6),ML-KEM-768,keygen,74,7853000,266556,True,
c9d712db-38a3-4386-9ce7-d3d61e338ba7,a4109b71-5a8c-4d3e-8f45-7de071d0e57a,2026-09-16T11:00:00Z,esp32_xtensa_lx6_arduino,NATIVE_HARDWARE,xtensa_lx6,ESP32 Xtensa Dual-Core 240MHz,2,0,FreeRTOS (ESP-IDF / Arduino Core),xtensa-esp32-elf-gcc,xtensa-esp32-elf-gcc (Espressif),-O2,mlkem-native,v1.2.0 (2507ff79a0acfec6e94a9a83709b5774491fdbb6),ML-KEM-768,encapsulation,74,9157000,266556,True,
c9d712db-38a3-4386-9ce7-d3d61e338ba7,a4109b71-5a8c-4d3e-8f45-7de071d0e57a,2026-09-16T11:00:00Z,esp32_xtensa_lx6_arduino,NATIVE_HARDWARE,xtensa_lx6,ESP32 Xtensa Dual-Core 240MHz,2,0,FreeRTOS (ESP-IDF / Arduino Core),xtensa-esp32-elf-gcc,xtensa-esp32-elf-gcc (Espressif),-O2,mlkem-native,v1.2.0 (2507ff79a0acfec6e94a9a83709b5774491fdbb6),ML-KEM-768,decapsulation,74,11470000,266556,True,
c9d712db-38a3-4386-9ce7-d3d61e338ba7,a4109b71-5a8c-4d3e-8f45-7de071d0e57a,2026-09-16T11:00:00Z,esp32_xtensa_lx6_arduino,NATIVE_HARDWARE,xtensa_lx6,ESP32 Xtensa Dual-Core 240MHz,2,0,FreeRTOS (ESP-IDF / Arduino Core),xtensa-esp32-elf-gcc,xtensa-esp32-elf-gcc (Espressif),-O2,mlkem-native,v1.2.0 (2507ff79a0acfec6e94a9a83709b5774491fdbb6),ML-KEM-768,keygen,75,7852000,266556,True,
c9d712db-38a3-4386-9ce7-d3d61e338ba7,a4109b71-5a8c-4d3e-8f45-7de071d0e57a,2026-09-16T11:00:00Z,esp32_xtensa_lx6_arduino,NATIVE_HARDWARE,xtensa_lx6,ESP32 Xtensa Dual-Core 240MHz,2,0,FreeRTOS (ESP-IDF / Arduino Core),xtensa-esp32-elf-gcc,xtensa-esp32-elf-gcc (Espressif),-O2,mlkem-native,v1.2.0 (2507ff79a0acfec6e94a9a83709b5774491fdbb6),ML-KEM-768,encapsulation,75,9154000,266556,True,
c9d712db-38a3-4386-9ce7-d3d61e338ba7,a4109b71-5a8c-4d3e-8f45-7de071d0e57a,2026-09-16T11:00:00Z,esp32_xtensa_lx6_arduino,NATIVE_HARDWARE,xtensa_lx6,ESP32 Xtensa Dual-Core 240MHz,2,0,FreeRTOS (ESP-IDF / Arduino Core),xtensa-esp32-elf-gcc,xtensa-esp32-elf-gcc (Espressif),-O2,mlkem-native,v1.2.0 (2507ff79a0acfec6e94a9a83709b5774491fdbb6),ML-KEM-768,decapsulation,75,11464000,266556,True,
c9d712db-38a3-4386-9ce7-d3d61e338ba7,a4109b71-5a8c-4d3e-8f45-7de071d0e57a,2026-09-16T11:00:00Z,esp32_xtensa_lx6_arduino,NATIVE_HARDWARE,xtensa_lx6,ESP32 Xtensa Dual-Core 240MHz,2,0,FreeRTOS (ESP-IDF / Arduino Core),xtensa-esp32-elf-gcc,xtensa-esp32-elf-gcc (Espressif),-O2,mlkem-native,v1.2.0 (2507ff79a0acfec6e94a9a83709b5774491fdbb6),ML-KEM-768,keygen,76,7854000,266556,True,
c9d712db-38a3-4386-9ce7-d3d61e338ba7,a4109b71-5a8c-4d3e-8f45-7de071d0e57a,2026-09-16T11:00:00Z,esp32_xtensa_lx6_arduino,NATIVE_HARDWARE,xtensa_lx6,ESP32 Xtensa Dual-Core 240MHz,2,0,FreeRTOS (ESP-IDF / Arduino Core),xtensa-esp32-elf-gcc,xtensa-esp32-elf-gcc (Espressif),-O2,mlkem-native,v1.2.0 (2507ff79a0acfec6e94a9a83709b5774491fdbb6),ML-KEM-768,encapsulation,76,9157000,266556,True,
c9d712db-38a3-4386-9ce7-d3d61e338ba7,a4109b71-5a8c-4d3e-8f45-7de071d0e57a,2026-09-16T11:00:00Z,esp32_xtensa_lx6_arduino,NATIVE_HARDWARE,xtensa_lx6,ESP32 Xtensa Dual-Core 240MHz,2,0,FreeRTOS (ESP-IDF / Arduino Core),xtensa-esp32-elf-gcc,xtensa-esp32-elf-gcc (Espressif),-O2,mlkem-native,v1.2.0 (2507ff79a0acfec6e94a9a83709b5774491fdbb6),ML-KEM-768,decapsulation,76,11467000,266556,True,
c9d712db-38a3-4386-9ce7-d3d61e338ba7,a4109b71-5a8c-4d3e-8f45-7de071d0e57a,2026-09-16T11:00:00Z,esp32_xtensa_lx6_arduino,NATIVE_HARDWARE,xtensa_lx6,ESP32 Xtensa Dual-Core 240MHz,2,0,FreeRTOS (ESP-IDF / Arduino Core),xtensa-esp32-elf-gcc,xtensa-esp32-elf-gcc (Espressif),-O2,mlkem-native,v1.2.0 (2507ff79a0acfec6e94a9a83709b5774491fdbb6),ML-KEM-768,keygen,77,7853000,266556,True,
c9d712db-38a3-4386-9ce7-d3d61e338ba7,a4109b71-5a8c-4d3e-8f45-7de071d0e57a,2026-09-16T11:00:00Z,esp32_xtensa_lx6_arduino,NATIVE_HARDWARE,xtensa_lx6,ESP32 Xtensa Dual-Core 240MHz,2,0,FreeRTOS (ESP-IDF / Arduino Core),xtensa-esp32-elf-gcc,xtensa-esp32-elf-gcc (Espressif),-O2,mlkem-native,v1.2.0 (2507ff79a0acfec6e94a9a83709b5774491fdbb6),ML-KEM-768,encapsulation,77,9156000,266556,True,
c9d712db-38a3-4386-9ce7-d3d61e338ba7,a4109b71-5a8c-4d3e-8f45-7de071d0e57a,2026-09-16T11:00:00Z,esp32_xtensa_lx6_arduino,NATIVE_HARDWARE,xtensa_lx6,ESP32 Xtensa Dual-Core 240MHz,2,0,FreeRTOS (ESP-IDF / Arduino Core),xtensa-esp32-elf-gcc,xtensa-esp32-elf-gcc (Espressif),-O2,mlkem-native,v1.2.0 (2507ff79a0acfec6e94a9a83709b5774491fdbb6),ML-KEM-768,decapsulation,77,11466000,266556,True,
c9d712db-38a3-4386-9ce7-d3d61e338ba7,a4109b71-5a8c-4d3e-8f45-7de071d0e57a,2026-09-16T11:00:00Z,esp32_xtensa_lx6_arduino,NATIVE_HARDWARE,xtensa_lx6,ESP32 Xtensa Dual-Core 240MHz,2,0,FreeRTOS (ESP-IDF / Arduino Core),xtensa-esp32-elf-gcc,xtensa-esp32-elf-gcc (Espressif),-O2,mlkem-native,v1.2.0 (2507ff79a0acfec6e94a9a83709b5774491fdbb6),ML-KEM-768,keygen,78,7855000,266556,True,
c9d712db-38a3-4386-9ce7-d3d61e338ba7,a4109b71-5a8c-4d3e-8f45-7de071d0e57a,2026-09-16T11:00:00Z,esp32_xtensa_lx6_arduino,NATIVE_HARDWARE,xtensa_lx6,ESP32 Xtensa Dual-Core 240MHz,2,0,FreeRTOS (ESP-IDF / Arduino Core),xtensa-esp32-elf-gcc,xtensa-esp32-elf-gcc (Espressif),-O2,mlkem-native,v1.2.0 (2507ff79a0acfec6e94a9a83709b5774491fdbb6),ML-KEM-768,encapsulation,78,9157000,266556,True,
c9d712db-38a3-4386-9ce7-d3d61e338ba7,a4109b71-5a8c-4d3e-8f45-7de071d0e57a,2026-09-16T11:00:00Z,esp32_xtensa_lx6_arduino,NATIVE_HARDWARE,xtensa_lx6,ESP32 Xtensa Dual-Core 240MHz,2,0,FreeRTOS (ESP-IDF / Arduino Core),xtensa-esp32-elf-gcc,xtensa-esp32-elf-gcc (Espressif),-O2,mlkem-native,v1.2.0 (2507ff79a0acfec6e94a9a83709b5774491fdbb6),ML-KEM-768,decapsulation,78,11466000,266556,True,
c9d712db-38a3-4386-9ce7-d3d61e338ba7,a4109b71-5a8c-4d3e-8f45-7de071d0e57a,2026-09-16T11:00:00Z,esp32_xtensa_lx6_arduino,NATIVE_HARDWARE,xtensa_lx6,ESP32 Xtensa Dual-Core 240MHz,2,0,FreeRTOS (ESP-IDF / Arduino Core),xtensa-esp32-elf-gcc,xtensa-esp32-elf-gcc (Espressif),-O2,mlkem-native,v1.2.0 (2507ff79a0acfec6e94a9a83709b5774491fdbb6),ML-KEM-768,keygen,79,8225000,266556,True,
c9d712db-38a3-4386-9ce7-d3d61e338ba7,a4109b71-5a8c-4d3e-8f45-7de071d0e57a,2026-09-16T11:00:00Z,esp32_xtensa_lx6_arduino,NATIVE_HARDWARE,xtensa_lx6,ESP32 Xtensa Dual-Core 240MHz,2,0,FreeRTOS (ESP-IDF / Arduino Core),xtensa-esp32-elf-gcc,xtensa-esp32-elf-gcc (Espressif),-O2,mlkem-native,v1.2.0 (2507ff79a0acfec6e94a9a83709b5774491fdbb6),ML-KEM-768,encapsulation,79,9528000,266556,True,
c9d712db-38a3-4386-9ce7-d3d61e338ba7,a4109b71-5a8c-4d3e-8f45-7de071d0e57a,2026-09-16T11:00:00Z,esp32_xtensa_lx6_arduino,NATIVE_HARDWARE,xtensa_lx6,ESP32 Xtensa Dual-Core 240MHz,2,0,FreeRTOS (ESP-IDF / Arduino Core),xtensa-esp32-elf-gcc,xtensa-esp32-elf-gcc (Espressif),-O2,mlkem-native,v1.2.0 (2507ff79a0acfec6e94a9a83709b5774491fdbb6),ML-KEM-768,decapsulation,79,11841000,266556,True,
c9d712db-38a3-4386-9ce7-d3d61e338ba7,a4109b71-5a8c-4d3e-8f45-7de071d0e57a,2026-09-16T11:00:00Z,esp32_xtensa_lx6_arduino,NATIVE_HARDWARE,xtensa_lx6,ESP32 Xtensa Dual-Core 240MHz,2,0,FreeRTOS (ESP-IDF / Arduino Core),xtensa-esp32-elf-gcc,xtensa-esp32-elf-gcc (Espressif),-O2,mlkem-native,v1.2.0 (2507ff79a0acfec6e94a9a83709b5774491fdbb6),ML-KEM-768,keygen,80,7846000,266556,True,
c9d712db-38a3-4386-9ce7-d3d61e338ba7,a4109b71-5a8c-4d3e-8f45-7de071d0e57a,2026-09-16T11:00:00Z,esp32_xtensa_lx6_arduino,NATIVE_HARDWARE,xtensa_lx6,ESP32 Xtensa Dual-Core 240MHz,2,0,FreeRTOS (ESP-IDF / Arduino Core),xtensa-esp32-elf-gcc,xtensa-esp32-elf-gcc (Espressif),-O2,mlkem-native,v1.2.0 (2507ff79a0acfec6e94a9a83709b5774491fdbb6),ML-KEM-768,encapsulation,80,9153000,266556,True,
c9d712db-38a3-4386-9ce7-d3d61e338ba7,a4109b71-5a8c-4d3e-8f45-7de071d0e57a,2026-09-16T11:00:00Z,esp32_xtensa_lx6_arduino,NATIVE_HARDWARE,xtensa_lx6,ESP32 Xtensa Dual-Core 240MHz,2,0,FreeRTOS (ESP-IDF / Arduino Core),xtensa-esp32-elf-gcc,xtensa-esp32-elf-gcc (Espressif),-O2,mlkem-native,v1.2.0 (2507ff79a0acfec6e94a9a83709b5774491fdbb6),ML-KEM-768,decapsulation,80,11466000,266556,True,
c9d712db-38a3-4386-9ce7-d3d61e338ba7,a4109b71-5a8c-4d3e-8f45-7de071d0e57a,2026-09-16T11:00:00Z,esp32_xtensa_lx6_arduino,NATIVE_HARDWARE,xtensa_lx6,ESP32 Xtensa Dual-Core 240MHz,2,0,FreeRTOS (ESP-IDF / Arduino Core),xtensa-esp32-elf-gcc,xtensa-esp32-elf-gcc (Espressif),-O2,mlkem-native,v1.2.0 (2507ff79a0acfec6e94a9a83709b5774491fdbb6),ML-KEM-768,keygen,81,7852000,266556,True,
c9d712db-38a3-4386-9ce7-d3d61e338ba7,a4109b71-5a8c-4d3e-8f45-7de071d0e57a,2026-09-16T11:00:00Z,esp32_xtensa_lx6_arduino,NATIVE_HARDWARE,xtensa_lx6,ESP32 Xtensa Dual-Core 240MHz,2,0,FreeRTOS (ESP-IDF / Arduino Core),xtensa-esp32-elf-gcc,xtensa-esp32-elf-gcc (Espressif),-O2,mlkem-native,v1.2.0 (2507ff79a0acfec6e94a9a83709b5774491fdbb6),ML-KEM-768,encapsulation,81,9155000,266556,True,
c9d712db-38a3-4386-9ce7-d3d61e338ba7,a4109b71-5a8c-4d3e-8f45-7de071d0e57a,2026-09-16T11:00:00Z,esp32_xtensa_lx6_arduino,NATIVE_HARDWARE,xtensa_lx6,ESP32 Xtensa Dual-Core 240MHz,2,0,FreeRTOS (ESP-IDF / Arduino Core),xtensa-esp32-elf-gcc,xtensa-esp32-elf-gcc (Espressif),-O2,mlkem-native,v1.2.0 (2507ff79a0acfec6e94a9a83709b5774491fdbb6),ML-KEM-768,decapsulation,81,11465000,266556,True,
c9d712db-38a3-4386-9ce7-d3d61e338ba7,a4109b71-5a8c-4d3e-8f45-7de071d0e57a,2026-09-16T11:00:00Z,esp32_xtensa_lx6_arduino,NATIVE_HARDWARE,xtensa_lx6,ESP32 Xtensa Dual-Core 240MHz,2,0,FreeRTOS (ESP-IDF / Arduino Core),xtensa-esp32-elf-gcc,xtensa-esp32-elf-gcc (Espressif),-O2,mlkem-native,v1.2.0 (2507ff79a0acfec6e94a9a83709b5774491fdbb6),ML-KEM-768,keygen,82,7852000,266556,True,
c9d712db-38a3-4386-9ce7-d3d61e338ba7,a4109b71-5a8c-4d3e-8f45-7de071d0e57a,2026-09-16T11:00:00Z,esp32_xtensa_lx6_arduino,NATIVE_HARDWARE,xtensa_lx6,ESP32 Xtensa Dual-Core 240MHz,2,0,FreeRTOS (ESP-IDF / Arduino Core),xtensa-esp32-elf-gcc,xtensa-esp32-elf-gcc (Espressif),-O2,mlkem-native,v1.2.0 (2507ff79a0acfec6e94a9a83709b5774491fdbb6),ML-KEM-768,encapsulation,82,9154000,266556,True,
c9d712db-38a3-4386-9ce7-d3d61e338ba7,a4109b71-5a8c-4d3e-8f45-7de071d0e57a,2026-09-16T11:00:00Z,esp32_xtensa_lx6_arduino,NATIVE_HARDWARE,xtensa_lx6,ESP32 Xtensa Dual-Core 240MHz,2,0,FreeRTOS (ESP-IDF / Arduino Core),xtensa-esp32-elf-gcc,xtensa-esp32-elf-gcc (Espressif),-O2,mlkem-native,v1.2.0 (2507ff79a0acfec6e94a9a83709b5774491fdbb6),ML-KEM-768,decapsulation,82,11464000,266556,True,
c9d712db-38a3-4386-9ce7-d3d61e338ba7,a4109b71-5a8c-4d3e-8f45-7de071d0e57a,2026-09-16T11:00:00Z,esp32_xtensa_lx6_arduino,NATIVE_HARDWARE,xtensa_lx6,ESP32 Xtensa Dual-Core 240MHz,2,0,FreeRTOS (ESP-IDF / Arduino Core),xtensa-esp32-elf-gcc,xtensa-esp32-elf-gcc (Espressif),-O2,mlkem-native,v1.2.0 (2507ff79a0acfec6e94a9a83709b5774491fdbb6),ML-KEM-768,keygen,83,8225000,266556,True,
c9d712db-38a3-4386-9ce7-d3d61e338ba7,a4109b71-5a8c-4d3e-8f45-7de071d0e57a,2026-09-16T11:00:00Z,esp32_xtensa_lx6_arduino,NATIVE_HARDWARE,xtensa_lx6,ESP32 Xtensa Dual-Core 240MHz,2,0,FreeRTOS (ESP-IDF / Arduino Core),xtensa-esp32-elf-gcc,xtensa-esp32-elf-gcc (Espressif),-O2,mlkem-native,v1.2.0 (2507ff79a0acfec6e94a9a83709b5774491fdbb6),ML-KEM-768,encapsulation,83,9528000,266556,True,
c9d712db-38a3-4386-9ce7-d3d61e338ba7,a4109b71-5a8c-4d3e-8f45-7de071d0e57a,2026-09-16T11:00:00Z,esp32_xtensa_lx6_arduino,NATIVE_HARDWARE,xtensa_lx6,ESP32 Xtensa Dual-Core 240MHz,2,0,FreeRTOS (ESP-IDF / Arduino Core),xtensa-esp32-elf-gcc,xtensa-esp32-elf-gcc (Espressif),-O2,mlkem-native,v1.2.0 (2507ff79a0acfec6e94a9a83709b5774491fdbb6),ML-KEM-768,decapsulation,83,11842000,266556,True,
c9d712db-38a3-4386-9ce7-d3d61e338ba7,a4109b71-5a8c-4d3e-8f45-7de071d0e57a,2026-09-16T11:00:00Z,esp32_xtensa_lx6_arduino,NATIVE_HARDWARE,xtensa_lx6,ESP32 Xtensa Dual-Core 240MHz,2,0,FreeRTOS (ESP-IDF / Arduino Core),xtensa-esp32-elf-gcc,xtensa-esp32-elf-gcc (Espressif),-O2,mlkem-native,v1.2.0 (2507ff79a0acfec6e94a9a83709b5774491fdbb6),ML-KEM-768,keygen,84,7856000,266556,True,
c9d712db-38a3-4386-9ce7-d3d61e338ba7,a4109b71-5a8c-4d3e-8f45-7de071d0e57a,2026-09-16T11:00:00Z,esp32_xtensa_lx6_arduino,NATIVE_HARDWARE,xtensa_lx6,ESP32 Xtensa Dual-Core 240MHz,2,0,FreeRTOS (ESP-IDF / Arduino Core),xtensa-esp32-elf-gcc,xtensa-esp32-elf-gcc (Espressif),-O2,mlkem-native,v1.2.0 (2507ff79a0acfec6e94a9a83709b5774491fdbb6),ML-KEM-768,encapsulation,84,9159000,266556,True,
c9d712db-38a3-4386-9ce7-d3d61e338ba7,a4109b71-5a8c-4d3e-8f45-7de071d0e57a,2026-09-16T11:00:00Z,esp32_xtensa_lx6_arduino,NATIVE_HARDWARE,xtensa_lx6,ESP32 Xtensa Dual-Core 240MHz,2,0,FreeRTOS (ESP-IDF / Arduino Core),xtensa-esp32-elf-gcc,xtensa-esp32-elf-gcc (Espressif),-O2,mlkem-native,v1.2.0 (2507ff79a0acfec6e94a9a83709b5774491fdbb6),ML-KEM-768,decapsulation,84,11472000,266556,True,
c9d712db-38a3-4386-9ce7-d3d61e338ba7,a4109b71-5a8c-4d3e-8f45-7de071d0e57a,2026-09-16T11:00:00Z,esp32_xtensa_lx6_arduino,NATIVE_HARDWARE,xtensa_lx6,ESP32 Xtensa Dual-Core 240MHz,2,0,FreeRTOS (ESP-IDF / Arduino Core),xtensa-esp32-elf-gcc,xtensa-esp32-elf-gcc (Espressif),-O2,mlkem-native,v1.2.0 (2507ff79a0acfec6e94a9a83709b5774491fdbb6),ML-KEM-768,keygen,85,7857000,266556,True,
c9d712db-38a3-4386-9ce7-d3d61e338ba7,a4109b71-5a8c-4d3e-8f45-7de071d0e57a,2026-09-16T11:00:00Z,esp32_xtensa_lx6_arduino,NATIVE_HARDWARE,xtensa_lx6,ESP32 Xtensa Dual-Core 240MHz,2,0,FreeRTOS (ESP-IDF / Arduino Core),xtensa-esp32-elf-gcc,xtensa-esp32-elf-gcc (Espressif),-O2,mlkem-native,v1.2.0 (2507ff79a0acfec6e94a9a83709b5774491fdbb6),ML-KEM-768,encapsulation,85,9161000,266556,True,
c9d712db-38a3-4386-9ce7-d3d61e338ba7,a4109b71-5a8c-4d3e-8f45-7de071d0e57a,2026-09-16T11:00:00Z,esp32_xtensa_lx6_arduino,NATIVE_HARDWARE,xtensa_lx6,ESP32 Xtensa Dual-Core 240MHz,2,0,FreeRTOS (ESP-IDF / Arduino Core),xtensa-esp32-elf-gcc,xtensa-esp32-elf-gcc (Espressif),-O2,mlkem-native,v1.2.0 (2507ff79a0acfec6e94a9a83709b5774491fdbb6),ML-KEM-768,decapsulation,85,11474000,266556,True,
c9d712db-38a3-4386-9ce7-d3d61e338ba7,a4109b71-5a8c-4d3e-8f45-7de071d0e57a,2026-09-16T11:00:00Z,esp32_xtensa_lx6_arduino,NATIVE_HARDWARE,xtensa_lx6,ESP32 Xtensa Dual-Core 240MHz,2,0,FreeRTOS (ESP-IDF / Arduino Core),xtensa-esp32-elf-gcc,xtensa-esp32-elf-gcc (Espressif),-O2,mlkem-native,v1.2.0 (2507ff79a0acfec6e94a9a83709b5774491fdbb6),ML-KEM-768,keygen,86,7858000,266556,True,
c9d712db-38a3-4386-9ce7-d3d61e338ba7,a4109b71-5a8c-4d3e-8f45-7de071d0e57a,2026-09-16T11:00:00Z,esp32_xtensa_lx6_arduino,NATIVE_HARDWARE,xtensa_lx6,ESP32 Xtensa Dual-Core 240MHz,2,0,FreeRTOS (ESP-IDF / Arduino Core),xtensa-esp32-elf-gcc,xtensa-esp32-elf-gcc (Espressif),-O2,mlkem-native,v1.2.0 (2507ff79a0acfec6e94a9a83709b5774491fdbb6),ML-KEM-768,encapsulation,86,9160000,266556,True,
c9d712db-38a3-4386-9ce7-d3d61e338ba7,a4109b71-5a8c-4d3e-8f45-7de071d0e57a,2026-09-16T11:00:00Z,esp32_xtensa_lx6_arduino,NATIVE_HARDWARE,xtensa_lx6,ESP32 Xtensa Dual-Core 240MHz,2,0,FreeRTOS (ESP-IDF / Arduino Core),xtensa-esp32-elf-gcc,xtensa-esp32-elf-gcc (Espressif),-O2,mlkem-native,v1.2.0 (2507ff79a0acfec6e94a9a83709b5774491fdbb6),ML-KEM-768,decapsulation,86,11470000,266556,True,
c9d712db-38a3-4386-9ce7-d3d61e338ba7,a4109b71-5a8c-4d3e-8f45-7de071d0e57a,2026-09-16T11:00:00Z,esp32_xtensa_lx6_arduino,NATIVE_HARDWARE,xtensa_lx6,ESP32 Xtensa Dual-Core 240MHz,2,0,FreeRTOS (ESP-IDF / Arduino Core),xtensa-esp32-elf-gcc,xtensa-esp32-elf-gcc (Espressif),-O2,mlkem-native,v1.2.0 (2507ff79a0acfec6e94a9a83709b5774491fdbb6),ML-KEM-768,keygen,87,7853000,266556,True,
c9d712db-38a3-4386-9ce7-d3d61e338ba7,a4109b71-5a8c-4d3e-8f45-7de071d0e57a,2026-09-16T11:00:00Z,esp32_xtensa_lx6_arduino,NATIVE_HARDWARE,xtensa_lx6,ESP32 Xtensa Dual-Core 240MHz,2,0,FreeRTOS (ESP-IDF / Arduino Core),xtensa-esp32-elf-gcc,xtensa-esp32-elf-gcc (Espressif),-O2,mlkem-native,v1.2.0 (2507ff79a0acfec6e94a9a83709b5774491fdbb6),ML-KEM-768,encapsulation,87,9156000,266556,True,
c9d712db-38a3-4386-9ce7-d3d61e338ba7,a4109b71-5a8c-4d3e-8f45-7de071d0e57a,2026-09-16T11:00:00Z,esp32_xtensa_lx6_arduino,NATIVE_HARDWARE,xtensa_lx6,ESP32 Xtensa Dual-Core 240MHz,2,0,FreeRTOS (ESP-IDF / Arduino Core),xtensa-esp32-elf-gcc,xtensa-esp32-elf-gcc (Espressif),-O2,mlkem-native,v1.2.0 (2507ff79a0acfec6e94a9a83709b5774491fdbb6),ML-KEM-768,decapsulation,87,11466000,266556,True,
c9d712db-38a3-4386-9ce7-d3d61e338ba7,a4109b71-5a8c-4d3e-8f45-7de071d0e57a,2026-09-16T11:00:00Z,esp32_xtensa_lx6_arduino,NATIVE_HARDWARE,xtensa_lx6,ESP32 Xtensa Dual-Core 240MHz,2,0,FreeRTOS (ESP-IDF / Arduino Core),xtensa-esp32-elf-gcc,xtensa-esp32-elf-gcc (Espressif),-O2,mlkem-native,v1.2.0 (2507ff79a0acfec6e94a9a83709b5774491fdbb6),ML-KEM-768,keygen,88,7857000,266556,True,
c9d712db-38a3-4386-9ce7-d3d61e338ba7,a4109b71-5a8c-4d3e-8f45-7de071d0e57a,2026-09-16T11:00:00Z,esp32_xtensa_lx6_arduino,NATIVE_HARDWARE,xtensa_lx6,ESP32 Xtensa Dual-Core 240MHz,2,0,FreeRTOS (ESP-IDF / Arduino Core),xtensa-esp32-elf-gcc,xtensa-esp32-elf-gcc (Espressif),-O2,mlkem-native,v1.2.0 (2507ff79a0acfec6e94a9a83709b5774491fdbb6),ML-KEM-768,encapsulation,88,9160000,266556,True,
c9d712db-38a3-4386-9ce7-d3d61e338ba7,a4109b71-5a8c-4d3e-8f45-7de071d0e57a,2026-09-16T11:00:00Z,esp32_xtensa_lx6_arduino,NATIVE_HARDWARE,xtensa_lx6,ESP32 Xtensa Dual-Core 240MHz,2,0,FreeRTOS (ESP-IDF / Arduino Core),xtensa-esp32-elf-gcc,xtensa-esp32-elf-gcc (Espressif),-O2,mlkem-native,v1.2.0 (2507ff79a0acfec6e94a9a83709b5774491fdbb6),ML-KEM-768,decapsulation,88,11468000,266556,True,
c9d712db-38a3-4386-9ce7-d3d61e338ba7,a4109b71-5a8c-4d3e-8f45-7de071d0e57a,2026-09-16T11:00:00Z,esp32_xtensa_lx6_arduino,NATIVE_HARDWARE,xtensa_lx6,ESP32 Xtensa Dual-Core 240MHz,2,0,FreeRTOS (ESP-IDF / Arduino Core),xtensa-esp32-elf-gcc,xtensa-esp32-elf-gcc (Espressif),-O2,mlkem-native,v1.2.0 (2507ff79a0acfec6e94a9a83709b5774491fdbb6),ML-KEM-768,keygen,89,7856000,266556,True,
c9d712db-38a3-4386-9ce7-d3d61e338ba7,a4109b71-5a8c-4d3e-8f45-7de071d0e57a,2026-09-16T11:00:00Z,esp32_xtensa_lx6_arduino,NATIVE_HARDWARE,xtensa_lx6,ESP32 Xtensa Dual-Core 240MHz,2,0,FreeRTOS (ESP-IDF / Arduino Core),xtensa-esp32-elf-gcc,xtensa-esp32-elf-gcc (Espressif),-O2,mlkem-native,v1.2.0 (2507ff79a0acfec6e94a9a83709b5774491fdbb6),ML-KEM-768,encapsulation,89,9159000,266556,True,
c9d712db-38a3-4386-9ce7-d3d61e338ba7,a4109b71-5a8c-4d3e-8f45-7de071d0e57a,2026-09-16T11:00:00Z,esp32_xtensa_lx6_arduino,NATIVE_HARDWARE,xtensa_lx6,ESP32 Xtensa Dual-Core 240MHz,2,0,FreeRTOS (ESP-IDF / Arduino Core),xtensa-esp32-elf-gcc,xtensa-esp32-elf-gcc (Espressif),-O2,mlkem-native,v1.2.0 (2507ff79a0acfec6e94a9a83709b5774491fdbb6),ML-KEM-768,decapsulation,89,11473000,266556,True,
c9d712db-38a3-4386-9ce7-d3d61e338ba7,a4109b71-5a8c-4d3e-8f45-7de071d0e57a,2026-09-16T11:00:00Z,esp32_xtensa_lx6_arduino,NATIVE_HARDWARE,xtensa_lx6,ESP32 Xtensa Dual-Core 240MHz,2,0,FreeRTOS (ESP-IDF / Arduino Core),xtensa-esp32-elf-gcc,xtensa-esp32-elf-gcc (Espressif),-O2,mlkem-native,v1.2.0 (2507ff79a0acfec6e94a9a83709b5774491fdbb6),ML-KEM-768,keygen,90,7851000,266556,True,
c9d712db-38a3-4386-9ce7-d3d61e338ba7,a4109b71-5a8c-4d3e-8f45-7de071d0e57a,2026-09-16T11:00:00Z,esp32_xtensa_lx6_arduino,NATIVE_HARDWARE,xtensa_lx6,ESP32 Xtensa Dual-Core 240MHz,2,0,FreeRTOS (ESP-IDF / Arduino Core),xtensa-esp32-elf-gcc,xtensa-esp32-elf-gcc (Espressif),-O2,mlkem-native,v1.2.0 (2507ff79a0acfec6e94a9a83709b5774491fdbb6),ML-KEM-768,encapsulation,90,9155000,266556,True,
c9d712db-38a3-4386-9ce7-d3d61e338ba7,a4109b71-5a8c-4d3e-8f45-7de071d0e57a,2026-09-16T11:00:00Z,esp32_xtensa_lx6_arduino,NATIVE_HARDWARE,xtensa_lx6,ESP32 Xtensa Dual-Core 240MHz,2,0,FreeRTOS (ESP-IDF / Arduino Core),xtensa-esp32-elf-gcc,xtensa-esp32-elf-gcc (Espressif),-O2,mlkem-native,v1.2.0 (2507ff79a0acfec6e94a9a83709b5774491fdbb6),ML-KEM-768,decapsulation,90,11468000,266556,True,
c9d712db-38a3-4386-9ce7-d3d61e338ba7,a4109b71-5a8c-4d3e-8f45-7de071d0e57a,2026-09-16T11:00:00Z,esp32_xtensa_lx6_arduino,NATIVE_HARDWARE,xtensa_lx6,ESP32 Xtensa Dual-Core 240MHz,2,0,FreeRTOS (ESP-IDF / Arduino Core),xtensa-esp32-elf-gcc,xtensa-esp32-elf-gcc (Espressif),-O2,mlkem-native,v1.2.0 (2507ff79a0acfec6e94a9a83709b5774491fdbb6),ML-KEM-768,keygen,91,7856000,266556,True,
c9d712db-38a3-4386-9ce7-d3d61e338ba7,a4109b71-5a8c-4d3e-8f45-7de071d0e57a,2026-09-16T11:00:00Z,esp32_xtensa_lx6_arduino,NATIVE_HARDWARE,xtensa_lx6,ESP32 Xtensa Dual-Core 240MHz,2,0,FreeRTOS (ESP-IDF / Arduino Core),xtensa-esp32-elf-gcc,xtensa-esp32-elf-gcc (Espressif),-O2,mlkem-native,v1.2.0 (2507ff79a0acfec6e94a9a83709b5774491fdbb6),ML-KEM-768,encapsulation,91,9158000,266556,True,
c9d712db-38a3-4386-9ce7-d3d61e338ba7,a4109b71-5a8c-4d3e-8f45-7de071d0e57a,2026-09-16T11:00:00Z,esp32_xtensa_lx6_arduino,NATIVE_HARDWARE,xtensa_lx6,ESP32 Xtensa Dual-Core 240MHz,2,0,FreeRTOS (ESP-IDF / Arduino Core),xtensa-esp32-elf-gcc,xtensa-esp32-elf-gcc (Espressif),-O2,mlkem-native,v1.2.0 (2507ff79a0acfec6e94a9a83709b5774491fdbb6),ML-KEM-768,decapsulation,91,11468000,266556,True,
c9d712db-38a3-4386-9ce7-d3d61e338ba7,a4109b71-5a8c-4d3e-8f45-7de071d0e57a,2026-09-16T11:00:00Z,esp32_xtensa_lx6_arduino,NATIVE_HARDWARE,xtensa_lx6,ESP32 Xtensa Dual-Core 240MHz,2,0,FreeRTOS (ESP-IDF / Arduino Core),xtensa-esp32-elf-gcc,xtensa-esp32-elf-gcc (Espressif),-O2,mlkem-native,v1.2.0 (2507ff79a0acfec6e94a9a83709b5774491fdbb6),ML-KEM-768,keygen,92,7855000,266556,True,
c9d712db-38a3-4386-9ce7-d3d61e338ba7,a4109b71-5a8c-4d3e-8f45-7de071d0e57a,2026-09-16T11:00:00Z,esp32_xtensa_lx6_arduino,NATIVE_HARDWARE,xtensa_lx6,ESP32 Xtensa Dual-Core 240MHz,2,0,FreeRTOS (ESP-IDF / Arduino Core),xtensa-esp32-elf-gcc,xtensa-esp32-elf-gcc (Espressif),-O2,mlkem-native,v1.2.0 (2507ff79a0acfec6e94a9a83709b5774491fdbb6),ML-KEM-768,encapsulation,92,9158000,266556,True,
c9d712db-38a3-4386-9ce7-d3d61e338ba7,a4109b71-5a8c-4d3e-8f45-7de071d0e57a,2026-09-16T11:00:00Z,esp32_xtensa_lx6_arduino,NATIVE_HARDWARE,xtensa_lx6,ESP32 Xtensa Dual-Core 240MHz,2,0,FreeRTOS (ESP-IDF / Arduino Core),xtensa-esp32-elf-gcc,xtensa-esp32-elf-gcc (Espressif),-O2,mlkem-native,v1.2.0 (2507ff79a0acfec6e94a9a83709b5774491fdbb6),ML-KEM-768,decapsulation,92,11468000,266556,True,
c9d712db-38a3-4386-9ce7-d3d61e338ba7,a4109b71-5a8c-4d3e-8f45-7de071d0e57a,2026-09-16T11:00:00Z,esp32_xtensa_lx6_arduino,NATIVE_HARDWARE,xtensa_lx6,ESP32 Xtensa Dual-Core 240MHz,2,0,FreeRTOS (ESP-IDF / Arduino Core),xtensa-esp32-elf-gcc,xtensa-esp32-elf-gcc (Espressif),-O2,mlkem-native,v1.2.0 (2507ff79a0acfec6e94a9a83709b5774491fdbb6),ML-KEM-768,keygen,93,7853000,266556,True,
c9d712db-38a3-4386-9ce7-d3d61e338ba7,a4109b71-5a8c-4d3e-8f45-7de071d0e57a,2026-09-16T11:00:00Z,esp32_xtensa_lx6_arduino,NATIVE_HARDWARE,xtensa_lx6,ESP32 Xtensa Dual-Core 240MHz,2,0,FreeRTOS (ESP-IDF / Arduino Core),xtensa-esp32-elf-gcc,xtensa-esp32-elf-gcc (Espressif),-O2,mlkem-native,v1.2.0 (2507ff79a0acfec6e94a9a83709b5774491fdbb6),ML-KEM-768,encapsulation,93,9155000,266556,True,
c9d712db-38a3-4386-9ce7-d3d61e338ba7,a4109b71-5a8c-4d3e-8f45-7de071d0e57a,2026-09-16T11:00:00Z,esp32_xtensa_lx6_arduino,NATIVE_HARDWARE,xtensa_lx6,ESP32 Xtensa Dual-Core 240MHz,2,0,FreeRTOS (ESP-IDF / Arduino Core),xtensa-esp32-elf-gcc,xtensa-esp32-elf-gcc (Espressif),-O2,mlkem-native,v1.2.0 (2507ff79a0acfec6e94a9a83709b5774491fdbb6),ML-KEM-768,decapsulation,93,11465000,266556,True,
c9d712db-38a3-4386-9ce7-d3d61e338ba7,a4109b71-5a8c-4d3e-8f45-7de071d0e57a,2026-09-16T11:00:00Z,esp32_xtensa_lx6_arduino,NATIVE_HARDWARE,xtensa_lx6,ESP32 Xtensa Dual-Core 240MHz,2,0,FreeRTOS (ESP-IDF / Arduino Core),xtensa-esp32-elf-gcc,xtensa-esp32-elf-gcc (Espressif),-O2,mlkem-native,v1.2.0 (2507ff79a0acfec6e94a9a83709b5774491fdbb6),ML-KEM-768,keygen,94,7856000,266556,True,
c9d712db-38a3-4386-9ce7-d3d61e338ba7,a4109b71-5a8c-4d3e-8f45-7de071d0e57a,2026-09-16T11:00:00Z,esp32_xtensa_lx6_arduino,NATIVE_HARDWARE,xtensa_lx6,ESP32 Xtensa Dual-Core 240MHz,2,0,FreeRTOS (ESP-IDF / Arduino Core),xtensa-esp32-elf-gcc,xtensa-esp32-elf-gcc (Espressif),-O2,mlkem-native,v1.2.0 (2507ff79a0acfec6e94a9a83709b5774491fdbb6),ML-KEM-768,encapsulation,94,9158000,266556,True,
c9d712db-38a3-4386-9ce7-d3d61e338ba7,a4109b71-5a8c-4d3e-8f45-7de071d0e57a,2026-09-16T11:00:00Z,esp32_xtensa_lx6_arduino,NATIVE_HARDWARE,xtensa_lx6,ESP32 Xtensa Dual-Core 240MHz,2,0,FreeRTOS (ESP-IDF / Arduino Core),xtensa-esp32-elf-gcc,xtensa-esp32-elf-gcc (Espressif),-O2,mlkem-native,v1.2.0 (2507ff79a0acfec6e94a9a83709b5774491fdbb6),ML-KEM-768,decapsulation,94,11467000,266556,True,
c9d712db-38a3-4386-9ce7-d3d61e338ba7,a4109b71-5a8c-4d3e-8f45-7de071d0e57a,2026-09-16T11:00:00Z,esp32_xtensa_lx6_arduino,NATIVE_HARDWARE,xtensa_lx6,ESP32 Xtensa Dual-Core 240MHz,2,0,FreeRTOS (ESP-IDF / Arduino Core),xtensa-esp32-elf-gcc,xtensa-esp32-elf-gcc (Espressif),-O2,mlkem-native,v1.2.0 (2507ff79a0acfec6e94a9a83709b5774491fdbb6),ML-KEM-768,keygen,95,7855000,266556,True,
c9d712db-38a3-4386-9ce7-d3d61e338ba7,a4109b71-5a8c-4d3e-8f45-7de071d0e57a,2026-09-16T11:00:00Z,esp32_xtensa_lx6_arduino,NATIVE_HARDWARE,xtensa_lx6,ESP32 Xtensa Dual-Core 240MHz,2,0,FreeRTOS (ESP-IDF / Arduino Core),xtensa-esp32-elf-gcc,xtensa-esp32-elf-gcc (Espressif),-O2,mlkem-native,v1.2.0 (2507ff79a0acfec6e94a9a83709b5774491fdbb6),ML-KEM-768,encapsulation,95,9158000,266556,True,
c9d712db-38a3-4386-9ce7-d3d61e338ba7,a4109b71-5a8c-4d3e-8f45-7de071d0e57a,2026-09-16T11:00:00Z,esp32_xtensa_lx6_arduino,NATIVE_HARDWARE,xtensa_lx6,ESP32 Xtensa Dual-Core 240MHz,2,0,FreeRTOS (ESP-IDF / Arduino Core),xtensa-esp32-elf-gcc,xtensa-esp32-elf-gcc (Espressif),-O2,mlkem-native,v1.2.0 (2507ff79a0acfec6e94a9a83709b5774491fdbb6),ML-KEM-768,decapsulation,95,11472000,266556,True,
c9d712db-38a3-4386-9ce7-d3d61e338ba7,a4109b71-5a8c-4d3e-8f45-7de071d0e57a,2026-09-16T11:00:00Z,esp32_xtensa_lx6_arduino,NATIVE_HARDWARE,xtensa_lx6,ESP32 Xtensa Dual-Core 240MHz,2,0,FreeRTOS (ESP-IDF / Arduino Core),xtensa-esp32-elf-gcc,xtensa-esp32-elf-gcc (Espressif),-O2,mlkem-native,v1.2.0 (2507ff79a0acfec6e94a9a83709b5774491fdbb6),ML-KEM-768,keygen,96,7854000,266556,True,
c9d712db-38a3-4386-9ce7-d3d61e338ba7,a4109b71-5a8c-4d3e-8f45-7de071d0e57a,2026-09-16T11:00:00Z,esp32_xtensa_lx6_arduino,NATIVE_HARDWARE,xtensa_lx6,ESP32 Xtensa Dual-Core 240MHz,2,0,FreeRTOS (ESP-IDF / Arduino Core),xtensa-esp32-elf-gcc,xtensa-esp32-elf-gcc (Espressif),-O2,mlkem-native,v1.2.0 (2507ff79a0acfec6e94a9a83709b5774491fdbb6),ML-KEM-768,encapsulation,96,9157000,266556,True,
c9d712db-38a3-4386-9ce7-d3d61e338ba7,a4109b71-5a8c-4d3e-8f45-7de071d0e57a,2026-09-16T11:00:00Z,esp32_xtensa_lx6_arduino,NATIVE_HARDWARE,xtensa_lx6,ESP32 Xtensa Dual-Core 240MHz,2,0,FreeRTOS (ESP-IDF / Arduino Core),xtensa-esp32-elf-gcc,xtensa-esp32-elf-gcc (Espressif),-O2,mlkem-native,v1.2.0 (2507ff79a0acfec6e94a9a83709b5774491fdbb6),ML-KEM-768,decapsulation,96,11470000,266556,True,
c9d712db-38a3-4386-9ce7-d3d61e338ba7,a4109b71-5a8c-4d3e-8f45-7de071d0e57a,2026-09-16T11:00:00Z,esp32_xtensa_lx6_arduino,NATIVE_HARDWARE,xtensa_lx6,ESP32 Xtensa Dual-Core 240MHz,2,0,FreeRTOS (ESP-IDF / Arduino Core),xtensa-esp32-elf-gcc,xtensa-esp32-elf-gcc (Espressif),-O2,mlkem-native,v1.2.0 (2507ff79a0acfec6e94a9a83709b5774491fdbb6),ML-KEM-768,keygen,97,7851000,266556,True,
c9d712db-38a3-4386-9ce7-d3d61e338ba7,a4109b71-5a8c-4d3e-8f45-7de071d0e57a,2026-09-16T11:00:00Z,esp32_xtensa_lx6_arduino,NATIVE_HARDWARE,xtensa_lx6,ESP32 Xtensa Dual-Core 240MHz,2,0,FreeRTOS (ESP-IDF / Arduino Core),xtensa-esp32-elf-gcc,xtensa-esp32-elf-gcc (Espressif),-O2,mlkem-native,v1.2.0 (2507ff79a0acfec6e94a9a83709b5774491fdbb6),ML-KEM-768,encapsulation,97,9152000,266556,True,
c9d712db-38a3-4386-9ce7-d3d61e338ba7,a4109b71-5a8c-4d3e-8f45-7de071d0e57a,2026-09-16T11:00:00Z,esp32_xtensa_lx6_arduino,NATIVE_HARDWARE,xtensa_lx6,ESP32 Xtensa Dual-Core 240MHz,2,0,FreeRTOS (ESP-IDF / Arduino Core),xtensa-esp32-elf-gcc,xtensa-esp32-elf-gcc (Espressif),-O2,mlkem-native,v1.2.0 (2507ff79a0acfec6e94a9a83709b5774491fdbb6),ML-KEM-768,decapsulation,97,11463000,266556,True,
c9d712db-38a3-4386-9ce7-d3d61e338ba7,a4109b71-5a8c-4d3e-8f45-7de071d0e57a,2026-09-16T11:00:00Z,esp32_xtensa_lx6_arduino,NATIVE_HARDWARE,xtensa_lx6,ESP32 Xtensa Dual-Core 240MHz,2,0,FreeRTOS (ESP-IDF / Arduino Core),xtensa-esp32-elf-gcc,xtensa-esp32-elf-gcc (Espressif),-O2,mlkem-native,v1.2.0 (2507ff79a0acfec6e94a9a83709b5774491fdbb6),ML-KEM-768,keygen,98,7854000,266556,True,
c9d712db-38a3-4386-9ce7-d3d61e338ba7,a4109b71-5a8c-4d3e-8f45-7de071d0e57a,2026-09-16T11:00:00Z,esp32_xtensa_lx6_arduino,NATIVE_HARDWARE,xtensa_lx6,ESP32 Xtensa Dual-Core 240MHz,2,0,FreeRTOS (ESP-IDF / Arduino Core),xtensa-esp32-elf-gcc,xtensa-esp32-elf-gcc (Espressif),-O2,mlkem-native,v1.2.0 (2507ff79a0acfec6e94a9a83709b5774491fdbb6),ML-KEM-768,encapsulation,98,9157000,266556,True,
c9d712db-38a3-4386-9ce7-d3d61e338ba7,a4109b71-5a8c-4d3e-8f45-7de071d0e57a,2026-09-16T11:00:00Z,esp32_xtensa_lx6_arduino,NATIVE_HARDWARE,xtensa_lx6,ESP32 Xtensa Dual-Core 240MHz,2,0,FreeRTOS (ESP-IDF / Arduino Core),xtensa-esp32-elf-gcc,xtensa-esp32-elf-gcc (Espressif),-O2,mlkem-native,v1.2.0 (2507ff79a0acfec6e94a9a83709b5774491fdbb6),ML-KEM-768,decapsulation,98,11467000,266556,True,
c9d712db-38a3-4386-9ce7-d3d61e338ba7,a4109b71-5a8c-4d3e-8f45-7de071d0e57a,2026-09-16T11:00:00Z,esp32_xtensa_lx6_arduino,NATIVE_HARDWARE,xtensa_lx6,ESP32 Xtensa Dual-Core 240MHz,2,0,FreeRTOS (ESP-IDF / Arduino Core),xtensa-esp32-elf-gcc,xtensa-esp32-elf-gcc (Espressif),-O2,mlkem-native,v1.2.0 (2507ff79a0acfec6e94a9a83709b5774491fdbb6),ML-KEM-768,keygen,99,7851000,266556,True,
c9d712db-38a3-4386-9ce7-d3d61e338ba7,a4109b71-5a8c-4d3e-8f45-7de071d0e57a,2026-09-16T11:00:00Z,esp32_xtensa_lx6_arduino,NATIVE_HARDWARE,xtensa_lx6,ESP32 Xtensa Dual-Core 240MHz,2,0,FreeRTOS (ESP-IDF / Arduino Core),xtensa-esp32-elf-gcc,xtensa-esp32-elf-gcc (Espressif),-O2,mlkem-native,v1.2.0 (2507ff79a0acfec6e94a9a83709b5774491fdbb6),ML-KEM-768,encapsulation,99,9153000,266556,True,
c9d712db-38a3-4386-9ce7-d3d61e338ba7,a4109b71-5a8c-4d3e-8f45-7de071d0e57a,2026-09-16T11:00:00Z,esp32_xtensa_lx6_arduino,NATIVE_HARDWARE,xtensa_lx6,ESP32 Xtensa Dual-Core 240MHz,2,0,FreeRTOS (ESP-IDF / Arduino Core),xtensa-esp32-elf-gcc,xtensa-esp32-elf-gcc (Espressif),-O2,mlkem-native,v1.2.0 (2507ff79a0acfec6e94a9a83709b5774491fdbb6),ML-KEM-768,decapsulation,99,11462000,266556,True,
c9d712db-38a3-4386-9ce7-d3d61e338ba7,a4109b71-5a8c-4d3e-8f45-7de071d0e57a,2026-09-16T11:00:00Z,esp32_xtensa_lx6_arduino,NATIVE_HARDWARE,xtensa_lx6,ESP32 Xtensa Dual-Core 240MHz,2,0,FreeRTOS (ESP-IDF / Arduino Core),xtensa-esp32-elf-gcc,xtensa-esp32-elf-gcc (Espressif),-O2,mlkem-native,v1.2.0 (2507ff79a0acfec6e94a9a83709b5774491fdbb6),ML-KEM-768,keygen,100,7857000,266556,True,
c9d712db-38a3-4386-9ce7-d3d61e338ba7,a4109b71-5a8c-4d3e-8f45-7de071d0e57a,2026-09-16T11:00:00Z,esp32_xtensa_lx6_arduino,NATIVE_HARDWARE,xtensa_lx6,ESP32 Xtensa Dual-Core 240MHz,2,0,FreeRTOS (ESP-IDF / Arduino Core),xtensa-esp32-elf-gcc,xtensa-esp32-elf-gcc (Espressif),-O2,mlkem-native,v1.2.0 (2507ff79a0acfec6e94a9a83709b5774491fdbb6),ML-KEM-768,encapsulation,100,9159000,266556,True,
c9d712db-38a3-4386-9ce7-d3d61e338ba7,a4109b71-5a8c-4d3e-8f45-7de071d0e57a,2026-09-16T11:00:00Z,esp32_xtensa_lx6_arduino,NATIVE_HARDWARE,xtensa_lx6,ESP32 Xtensa Dual-Core 240MHz,2,0,FreeRTOS (ESP-IDF / Arduino Core),xtensa-esp32-elf-gcc,xtensa-esp32-elf-gcc (Espressif),-O2,mlkem-native,v1.2.0 (2507ff79a0acfec6e94a9a83709b5774491fdbb6),ML-KEM-768,decapsulation,100,11473000,266556,True,
c9d712db-38a3-4386-9ce7-d3d61e338ba7,a4109b71-5a8c-4d3e-8f45-7de071d0e57a,2026-09-16T11:00:00Z,esp32_xtensa_lx6_arduino,NATIVE_HARDWARE,xtensa_lx6,ESP32 Xtensa Dual-Core 240MHz,2,0,FreeRTOS (ESP-IDF / Arduino Core),xtensa-esp32-elf-gcc,xtensa-esp32-elf-gcc (Espressif),-O2,mlkem-native,v1.2.0 (2507ff79a0acfec6e94a9a83709b5774491fdbb6),ML-KEM-768,keygen,101,7855000,266556,True,
c9d712db-38a3-4386-9ce7-d3d61e338ba7,a4109b71-5a8c-4d3e-8f45-7de071d0e57a,2026-09-16T11:00:00Z,esp32_xtensa_lx6_arduino,NATIVE_HARDWARE,xtensa_lx6,ESP32 Xtensa Dual-Core 240MHz,2,0,FreeRTOS (ESP-IDF / Arduino Core),xtensa-esp32-elf-gcc,xtensa-esp32-elf-gcc (Espressif),-O2,mlkem-native,v1.2.0 (2507ff79a0acfec6e94a9a83709b5774491fdbb6),ML-KEM-768,encapsulation,101,9158000,266556,True,
c9d712db-38a3-4386-9ce7-d3d61e338ba7,a4109b71-5a8c-4d3e-8f45-7de071d0e57a,2026-09-16T11:00:00Z,esp32_xtensa_lx6_arduino,NATIVE_HARDWARE,xtensa_lx6,ESP32 Xtensa Dual-Core 240MHz,2,0,FreeRTOS (ESP-IDF / Arduino Core),xtensa-esp32-elf-gcc,xtensa-esp32-elf-gcc (Espressif),-O2,mlkem-native,v1.2.0 (2507ff79a0acfec6e94a9a83709b5774491fdbb6),ML-KEM-768,decapsulation,101,11471000,266556,True,
c9d712db-38a3-4386-9ce7-d3d61e338ba7,a4109b71-5a8c-4d3e-8f45-7de071d0e57a,2026-09-16T11:00:00Z,esp32_xtensa_lx6_arduino,NATIVE_HARDWARE,xtensa_lx6,ESP32 Xtensa Dual-Core 240MHz,2,0,FreeRTOS (ESP-IDF / Arduino Core),xtensa-esp32-elf-gcc,xtensa-esp32-elf-gcc (Espressif),-O2,mlkem-native,v1.2.0 (2507ff79a0acfec6e94a9a83709b5774491fdbb6),ML-KEM-768,keygen,102,7854000,266556,True,
c9d712db-38a3-4386-9ce7-d3d61e338ba7,a4109b71-5a8c-4d3e-8f45-7de071d0e57a,2026-09-16T11:00:00Z,esp32_xtensa_lx6_arduino,NATIVE_HARDWARE,xtensa_lx6,ESP32 Xtensa Dual-Core 240MHz,2,0,FreeRTOS (ESP-IDF / Arduino Core),xtensa-esp32-elf-gcc,xtensa-esp32-elf-gcc (Espressif),-O2,mlkem-native,v1.2.0 (2507ff79a0acfec6e94a9a83709b5774491fdbb6),ML-KEM-768,encapsulation,102,9156000,266556,True,
c9d712db-38a3-4386-9ce7-d3d61e338ba7,a4109b71-5a8c-4d3e-8f45-7de071d0e57a,2026-09-16T11:00:00Z,esp32_xtensa_lx6_arduino,NATIVE_HARDWARE,xtensa_lx6,ESP32 Xtensa Dual-Core 240MHz,2,0,FreeRTOS (ESP-IDF / Arduino Core),xtensa-esp32-elf-gcc,xtensa-esp32-elf-gcc (Espressif),-O2,mlkem-native,v1.2.0 (2507ff79a0acfec6e94a9a83709b5774491fdbb6),ML-KEM-768,decapsulation,102,11465000,266556,True,
c9d712db-38a3-4386-9ce7-d3d61e338ba7,a4109b71-5a8c-4d3e-8f45-7de071d0e57a,2026-09-16T11:00:00Z,esp32_xtensa_lx6_arduino,NATIVE_HARDWARE,xtensa_lx6,ESP32 Xtensa Dual-Core 240MHz,2,0,FreeRTOS (ESP-IDF / Arduino Core),xtensa-esp32-elf-gcc,xtensa-esp32-elf-gcc (Espressif),-O2,mlkem-native,v1.2.0 (2507ff79a0acfec6e94a9a83709b5774491fdbb6),ML-KEM-768,keygen,103,7853000,266556,True,
c9d712db-38a3-4386-9ce7-d3d61e338ba7,a4109b71-5a8c-4d3e-8f45-7de071d0e57a,2026-09-16T11:00:00Z,esp32_xtensa_lx6_arduino,NATIVE_HARDWARE,xtensa_lx6,ESP32 Xtensa Dual-Core 240MHz,2,0,FreeRTOS (ESP-IDF / Arduino Core),xtensa-esp32-elf-gcc,xtensa-esp32-elf-gcc (Espressif),-O2,mlkem-native,v1.2.0 (2507ff79a0acfec6e94a9a83709b5774491fdbb6),ML-KEM-768,encapsulation,103,9155000,266556,True,
c9d712db-38a3-4386-9ce7-d3d61e338ba7,a4109b71-5a8c-4d3e-8f45-7de071d0e57a,2026-09-16T11:00:00Z,esp32_xtensa_lx6_arduino,NATIVE_HARDWARE,xtensa_lx6,ESP32 Xtensa Dual-Core 240MHz,2,0,FreeRTOS (ESP-IDF / Arduino Core),xtensa-esp32-elf-gcc,xtensa-esp32-elf-gcc (Espressif),-O2,mlkem-native,v1.2.0 (2507ff79a0acfec6e94a9a83709b5774491fdbb6),ML-KEM-768,decapsulation,103,11466000,266556,True,
c9d712db-38a3-4386-9ce7-d3d61e338ba7,a4109b71-5a8c-4d3e-8f45-7de071d0e57a,2026-09-16T11:00:00Z,esp32_xtensa_lx6_arduino,NATIVE_HARDWARE,xtensa_lx6,ESP32 Xtensa Dual-Core 240MHz,2,0,FreeRTOS (ESP-IDF / Arduino Core),xtensa-esp32-elf-gcc,xtensa-esp32-elf-gcc (Espressif),-O2,mlkem-native,v1.2.0 (2507ff79a0acfec6e94a9a83709b5774491fdbb6),ML-KEM-768,keygen,104,7854000,266556,True,
c9d712db-38a3-4386-9ce7-d3d61e338ba7,a4109b71-5a8c-4d3e-8f45-7de071d0e57a,2026-09-16T11:00:00Z,esp32_xtensa_lx6_arduino,NATIVE_HARDWARE,xtensa_lx6,ESP32 Xtensa Dual-Core 240MHz,2,0,FreeRTOS (ESP-IDF / Arduino Core),xtensa-esp32-elf-gcc,xtensa-esp32-elf-gcc (Espressif),-O2,mlkem-native,v1.2.0 (2507ff79a0acfec6e94a9a83709b5774491fdbb6),ML-KEM-768,encapsulation,104,9157000,266556,True,
c9d712db-38a3-4386-9ce7-d3d61e338ba7,a4109b71-5a8c-4d3e-8f45-7de071d0e57a,2026-09-16T11:00:00Z,esp32_xtensa_lx6_arduino,NATIVE_HARDWARE,xtensa_lx6,ESP32 Xtensa Dual-Core 240MHz,2,0,FreeRTOS (ESP-IDF / Arduino Core),xtensa-esp32-elf-gcc,xtensa-esp32-elf-gcc (Espressif),-O2,mlkem-native,v1.2.0 (2507ff79a0acfec6e94a9a83709b5774491fdbb6),ML-KEM-768,decapsulation,104,11466000,266556,True,
c9d712db-38a3-4386-9ce7-d3d61e338ba7,a4109b71-5a8c-4d3e-8f45-7de071d0e57a,2026-09-16T11:00:00Z,esp32_xtensa_lx6_arduino,NATIVE_HARDWARE,xtensa_lx6,ESP32 Xtensa Dual-Core 240MHz,2,0,FreeRTOS (ESP-IDF / Arduino Core),xtensa-esp32-elf-gcc,xtensa-esp32-elf-gcc (Espressif),-O2,mlkem-native,v1.2.0 (2507ff79a0acfec6e94a9a83709b5774491fdbb6),ML-KEM-768,keygen,105,8224000,266556,True,
c9d712db-38a3-4386-9ce7-d3d61e338ba7,a4109b71-5a8c-4d3e-8f45-7de071d0e57a,2026-09-16T11:00:00Z,esp32_xtensa_lx6_arduino,NATIVE_HARDWARE,xtensa_lx6,ESP32 Xtensa Dual-Core 240MHz,2,0,FreeRTOS (ESP-IDF / Arduino Core),xtensa-esp32-elf-gcc,xtensa-esp32-elf-gcc (Espressif),-O2,mlkem-native,v1.2.0 (2507ff79a0acfec6e94a9a83709b5774491fdbb6),ML-KEM-768,encapsulation,105,9531000,266556,True,
c9d712db-38a3-4386-9ce7-d3d61e338ba7,a4109b71-5a8c-4d3e-8f45-7de071d0e57a,2026-09-16T11:00:00Z,esp32_xtensa_lx6_arduino,NATIVE_HARDWARE,xtensa_lx6,ESP32 Xtensa Dual-Core 240MHz,2,0,FreeRTOS (ESP-IDF / Arduino Core),xtensa-esp32-elf-gcc,xtensa-esp32-elf-gcc (Espressif),-O2,mlkem-native,v1.2.0 (2507ff79a0acfec6e94a9a83709b5774491fdbb6),ML-KEM-768,decapsulation,105,11841000,266556,True,
c9d712db-38a3-4386-9ce7-d3d61e338ba7,a4109b71-5a8c-4d3e-8f45-7de071d0e57a,2026-09-16T11:00:00Z,esp32_xtensa_lx6_arduino,NATIVE_HARDWARE,xtensa_lx6,ESP32 Xtensa Dual-Core 240MHz,2,0,FreeRTOS (ESP-IDF / Arduino Core),xtensa-esp32-elf-gcc,xtensa-esp32-elf-gcc (Espressif),-O2,mlkem-native,v1.2.0 (2507ff79a0acfec6e94a9a83709b5774491fdbb6),ML-KEM-768,keygen,106,7857000,266556,True,
c9d712db-38a3-4386-9ce7-d3d61e338ba7,a4109b71-5a8c-4d3e-8f45-7de071d0e57a,2026-09-16T11:00:00Z,esp32_xtensa_lx6_arduino,NATIVE_HARDWARE,xtensa_lx6,ESP32 Xtensa Dual-Core 240MHz,2,0,FreeRTOS (ESP-IDF / Arduino Core),xtensa-esp32-elf-gcc,xtensa-esp32-elf-gcc (Espressif),-O2,mlkem-native,v1.2.0 (2507ff79a0acfec6e94a9a83709b5774491fdbb6),ML-KEM-768,encapsulation,106,9160000,266556,True,
c9d712db-38a3-4386-9ce7-d3d61e338ba7,a4109b71-5a8c-4d3e-8f45-7de071d0e57a,2026-09-16T11:00:00Z,esp32_xtensa_lx6_arduino,NATIVE_HARDWARE,xtensa_lx6,ESP32 Xtensa Dual-Core 240MHz,2,0,FreeRTOS (ESP-IDF / Arduino Core),xtensa-esp32-elf-gcc,xtensa-esp32-elf-gcc (Espressif),-O2,mlkem-native,v1.2.0 (2507ff79a0acfec6e94a9a83709b5774491fdbb6),ML-KEM-768,decapsulation,106,11468000,266556,True,
c9d712db-38a3-4386-9ce7-d3d61e338ba7,a4109b71-5a8c-4d3e-8f45-7de071d0e57a,2026-09-16T11:00:00Z,esp32_xtensa_lx6_arduino,NATIVE_HARDWARE,xtensa_lx6,ESP32 Xtensa Dual-Core 240MHz,2,0,FreeRTOS (ESP-IDF / Arduino Core),xtensa-esp32-elf-gcc,xtensa-esp32-elf-gcc (Espressif),-O2,mlkem-native,v1.2.0 (2507ff79a0acfec6e94a9a83709b5774491fdbb6),ML-KEM-768,keygen,107,7853000,266556,True,
c9d712db-38a3-4386-9ce7-d3d61e338ba7,a4109b71-5a8c-4d3e-8f45-7de071d0e57a,2026-09-16T11:00:00Z,esp32_xtensa_lx6_arduino,NATIVE_HARDWARE,xtensa_lx6,ESP32 Xtensa Dual-Core 240MHz,2,0,FreeRTOS (ESP-IDF / Arduino Core),xtensa-esp32-elf-gcc,xtensa-esp32-elf-gcc (Espressif),-O2,mlkem-native,v1.2.0 (2507ff79a0acfec6e94a9a83709b5774491fdbb6),ML-KEM-768,encapsulation,107,9157000,266556,True,
c9d712db-38a3-4386-9ce7-d3d61e338ba7,a4109b71-5a8c-4d3e-8f45-7de071d0e57a,2026-09-16T11:00:00Z,esp32_xtensa_lx6_arduino,NATIVE_HARDWARE,xtensa_lx6,ESP32 Xtensa Dual-Core 240MHz,2,0,FreeRTOS (ESP-IDF / Arduino Core),xtensa-esp32-elf-gcc,xtensa-esp32-elf-gcc (Espressif),-O2,mlkem-native,v1.2.0 (2507ff79a0acfec6e94a9a83709b5774491fdbb6),ML-KEM-768,decapsulation,107,11470000,266556,True,
c9d712db-38a3-4386-9ce7-d3d61e338ba7,a4109b71-5a8c-4d3e-8f45-7de071d0e57a,2026-09-16T11:00:00Z,esp32_xtensa_lx6_arduino,NATIVE_HARDWARE,xtensa_lx6,ESP32 Xtensa Dual-Core 240MHz,2,0,FreeRTOS (ESP-IDF / Arduino Core),xtensa-esp32-elf-gcc,xtensa-esp32-elf-gcc (Espressif),-O2,mlkem-native,v1.2.0 (2507ff79a0acfec6e94a9a83709b5774491fdbb6),ML-KEM-768,keygen,108,8226000,266556,True,
c9d712db-38a3-4386-9ce7-d3d61e338ba7,a4109b71-5a8c-4d3e-8f45-7de071d0e57a,2026-09-16T11:00:00Z,esp32_xtensa_lx6_arduino,NATIVE_HARDWARE,xtensa_lx6,ESP32 Xtensa Dual-Core 240MHz,2,0,FreeRTOS (ESP-IDF / Arduino Core),xtensa-esp32-elf-gcc,xtensa-esp32-elf-gcc (Espressif),-O2,mlkem-native,v1.2.0 (2507ff79a0acfec6e94a9a83709b5774491fdbb6),ML-KEM-768,encapsulation,108,9528000,266556,True,
c9d712db-38a3-4386-9ce7-d3d61e338ba7,a4109b71-5a8c-4d3e-8f45-7de071d0e57a,2026-09-16T11:00:00Z,esp32_xtensa_lx6_arduino,NATIVE_HARDWARE,xtensa_lx6,ESP32 Xtensa Dual-Core 240MHz,2,0,FreeRTOS (ESP-IDF / Arduino Core),xtensa-esp32-elf-gcc,xtensa-esp32-elf-gcc (Espressif),-O2,mlkem-native,v1.2.0 (2507ff79a0acfec6e94a9a83709b5774491fdbb6),ML-KEM-768,decapsulation,108,11839000,266556,True,
c9d712db-38a3-4386-9ce7-d3d61e338ba7,a4109b71-5a8c-4d3e-8f45-7de071d0e57a,2026-09-16T11:00:00Z,esp32_xtensa_lx6_arduino,NATIVE_HARDWARE,xtensa_lx6,ESP32 Xtensa Dual-Core 240MHz,2,0,FreeRTOS (ESP-IDF / Arduino Core),xtensa-esp32-elf-gcc,xtensa-esp32-elf-gcc (Espressif),-O2,mlkem-native,v1.2.0 (2507ff79a0acfec6e94a9a83709b5774491fdbb6),ML-KEM-768,keygen,109,7854000,266556,True,
c9d712db-38a3-4386-9ce7-d3d61e338ba7,a4109b71-5a8c-4d3e-8f45-7de071d0e57a,2026-09-16T11:00:00Z,esp32_xtensa_lx6_arduino,NATIVE_HARDWARE,xtensa_lx6,ESP32 Xtensa Dual-Core 240MHz,2,0,FreeRTOS (ESP-IDF / Arduino Core),xtensa-esp32-elf-gcc,xtensa-esp32-elf-gcc (Espressif),-O2,mlkem-native,v1.2.0 (2507ff79a0acfec6e94a9a83709b5774491fdbb6),ML-KEM-768,encapsulation,109,9156000,266556,True,
c9d712db-38a3-4386-9ce7-d3d61e338ba7,a4109b71-5a8c-4d3e-8f45-7de071d0e57a,2026-09-16T11:00:00Z,esp32_xtensa_lx6_arduino,NATIVE_HARDWARE,xtensa_lx6,ESP32 Xtensa Dual-Core 240MHz,2,0,FreeRTOS (ESP-IDF / Arduino Core),xtensa-esp32-elf-gcc,xtensa-esp32-elf-gcc (Espressif),-O2,mlkem-native,v1.2.0 (2507ff79a0acfec6e94a9a83709b5774491fdbb6),ML-KEM-768,decapsulation,109,11465000,266556,True,
c9d712db-38a3-4386-9ce7-d3d61e338ba7,a4109b71-5a8c-4d3e-8f45-7de071d0e57a,2026-09-16T11:00:00Z,esp32_xtensa_lx6_arduino,NATIVE_HARDWARE,xtensa_lx6,ESP32 Xtensa Dual-Core 240MHz,2,0,FreeRTOS (ESP-IDF / Arduino Core),xtensa-esp32-elf-gcc,xtensa-esp32-elf-gcc (Espressif),-O2,mlkem-native,v1.2.0 (2507ff79a0acfec6e94a9a83709b5774491fdbb6),ML-KEM-768,keygen,110,7854000,266556,True,
c9d712db-38a3-4386-9ce7-d3d61e338ba7,a4109b71-5a8c-4d3e-8f45-7de071d0e57a,2026-09-16T11:00:00Z,esp32_xtensa_lx6_arduino,NATIVE_HARDWARE,xtensa_lx6,ESP32 Xtensa Dual-Core 240MHz,2,0,FreeRTOS (ESP-IDF / Arduino Core),xtensa-esp32-elf-gcc,xtensa-esp32-elf-gcc (Espressif),-O2,mlkem-native,v1.2.0 (2507ff79a0acfec6e94a9a83709b5774491fdbb6),ML-KEM-768,encapsulation,110,9157000,266556,True,
c9d712db-38a3-4386-9ce7-d3d61e338ba7,a4109b71-5a8c-4d3e-8f45-7de071d0e57a,2026-09-16T11:00:00Z,esp32_xtensa_lx6_arduino,NATIVE_HARDWARE,xtensa_lx6,ESP32 Xtensa Dual-Core 240MHz,2,0,FreeRTOS (ESP-IDF / Arduino Core),xtensa-esp32-elf-gcc,xtensa-esp32-elf-gcc (Espressif),-O2,mlkem-native,v1.2.0 (2507ff79a0acfec6e94a9a83709b5774491fdbb6),ML-KEM-768,decapsulation,110,11467000,266556,True,
c9d712db-38a3-4386-9ce7-d3d61e338ba7,a4109b71-5a8c-4d3e-8f45-7de071d0e57a,2026-09-16T11:00:00Z,esp32_xtensa_lx6_arduino,NATIVE_HARDWARE,xtensa_lx6,ESP32 Xtensa Dual-Core 240MHz,2,0,FreeRTOS (ESP-IDF / Arduino Core),xtensa-esp32-elf-gcc,xtensa-esp32-elf-gcc (Espressif),-O2,mlkem-native,v1.2.0 (2507ff79a0acfec6e94a9a83709b5774491fdbb6),ML-KEM-768,keygen,111,8223000,266556,True,
c9d712db-38a3-4386-9ce7-d3d61e338ba7,a4109b71-5a8c-4d3e-8f45-7de071d0e57a,2026-09-16T11:00:00Z,esp32_xtensa_lx6_arduino,NATIVE_HARDWARE,xtensa_lx6,ESP32 Xtensa Dual-Core 240MHz,2,0,FreeRTOS (ESP-IDF / Arduino Core),xtensa-esp32-elf-gcc,xtensa-esp32-elf-gcc (Espressif),-O2,mlkem-native,v1.2.0 (2507ff79a0acfec6e94a9a83709b5774491fdbb6),ML-KEM-768,encapsulation,111,9525000,266556,True,
c9d712db-38a3-4386-9ce7-d3d61e338ba7,a4109b71-5a8c-4d3e-8f45-7de071d0e57a,2026-09-16T11:00:00Z,esp32_xtensa_lx6_arduino,NATIVE_HARDWARE,xtensa_lx6,ESP32 Xtensa Dual-Core 240MHz,2,0,FreeRTOS (ESP-IDF / Arduino Core),xtensa-esp32-elf-gcc,xtensa-esp32-elf-gcc (Espressif),-O2,mlkem-native,v1.2.0 (2507ff79a0acfec6e94a9a83709b5774491fdbb6),ML-KEM-768,decapsulation,111,11839000,266556,True,
c9d712db-38a3-4386-9ce7-d3d61e338ba7,a4109b71-5a8c-4d3e-8f45-7de071d0e57a,2026-09-16T11:00:00Z,esp32_xtensa_lx6_arduino,NATIVE_HARDWARE,xtensa_lx6,ESP32 Xtensa Dual-Core 240MHz,2,0,FreeRTOS (ESP-IDF / Arduino Core),xtensa-esp32-elf-gcc,xtensa-esp32-elf-gcc (Espressif),-O2,mlkem-native,v1.2.0 (2507ff79a0acfec6e94a9a83709b5774491fdbb6),ML-KEM-768,keygen,112,7856000,266556,True,
c9d712db-38a3-4386-9ce7-d3d61e338ba7,a4109b71-5a8c-4d3e-8f45-7de071d0e57a,2026-09-16T11:00:00Z,esp32_xtensa_lx6_arduino,NATIVE_HARDWARE,xtensa_lx6,ESP32 Xtensa Dual-Core 240MHz,2,0,FreeRTOS (ESP-IDF / Arduino Core),xtensa-esp32-elf-gcc,xtensa-esp32-elf-gcc (Espressif),-O2,mlkem-native,v1.2.0 (2507ff79a0acfec6e94a9a83709b5774491fdbb6),ML-KEM-768,encapsulation,112,9159000,266556,True,
c9d712db-38a3-4386-9ce7-d3d61e338ba7,a4109b71-5a8c-4d3e-8f45-7de071d0e57a,2026-09-16T11:00:00Z,esp32_xtensa_lx6_arduino,NATIVE_HARDWARE,xtensa_lx6,ESP32 Xtensa Dual-Core 240MHz,2,0,FreeRTOS (ESP-IDF / Arduino Core),xtensa-esp32-elf-gcc,xtensa-esp32-elf-gcc (Espressif),-O2,mlkem-native,v1.2.0 (2507ff79a0acfec6e94a9a83709b5774491fdbb6),ML-KEM-768,decapsulation,112,11473000,266556,True,
c9d712db-38a3-4386-9ce7-d3d61e338ba7,a4109b71-5a8c-4d3e-8f45-7de071d0e57a,2026-09-16T11:00:00Z,esp32_xtensa_lx6_arduino,NATIVE_HARDWARE,xtensa_lx6,ESP32 Xtensa Dual-Core 240MHz,2,0,FreeRTOS (ESP-IDF / Arduino Core),xtensa-esp32-elf-gcc,xtensa-esp32-elf-gcc (Espressif),-O2,mlkem-native,v1.2.0 (2507ff79a0acfec6e94a9a83709b5774491fdbb6),ML-KEM-768,keygen,113,7854000,266556,True,
c9d712db-38a3-4386-9ce7-d3d61e338ba7,a4109b71-5a8c-4d3e-8f45-7de071d0e57a,2026-09-16T11:00:00Z,esp32_xtensa_lx6_arduino,NATIVE_HARDWARE,xtensa_lx6,ESP32 Xtensa Dual-Core 240MHz,2,0,FreeRTOS (ESP-IDF / Arduino Core),xtensa-esp32-elf-gcc,xtensa-esp32-elf-gcc (Espressif),-O2,mlkem-native,v1.2.0 (2507ff79a0acfec6e94a9a83709b5774491fdbb6),ML-KEM-768,encapsulation,113,9158000,266556,True,
c9d712db-38a3-4386-9ce7-d3d61e338ba7,a4109b71-5a8c-4d3e-8f45-7de071d0e57a,2026-09-16T11:00:00Z,esp32_xtensa_lx6_arduino,NATIVE_HARDWARE,xtensa_lx6,ESP32 Xtensa Dual-Core 240MHz,2,0,FreeRTOS (ESP-IDF / Arduino Core),xtensa-esp32-elf-gcc,xtensa-esp32-elf-gcc (Espressif),-O2,mlkem-native,v1.2.0 (2507ff79a0acfec6e94a9a83709b5774491fdbb6),ML-KEM-768,decapsulation,113,11471000,266556,True,
c9d712db-38a3-4386-9ce7-d3d61e338ba7,a4109b71-5a8c-4d3e-8f45-7de071d0e57a,2026-09-16T11:00:00Z,esp32_xtensa_lx6_arduino,NATIVE_HARDWARE,xtensa_lx6,ESP32 Xtensa Dual-Core 240MHz,2,0,FreeRTOS (ESP-IDF / Arduino Core),xtensa-esp32-elf-gcc,xtensa-esp32-elf-gcc (Espressif),-O2,mlkem-native,v1.2.0 (2507ff79a0acfec6e94a9a83709b5774491fdbb6),ML-KEM-768,keygen,114,7855000,266556,True,
c9d712db-38a3-4386-9ce7-d3d61e338ba7,a4109b71-5a8c-4d3e-8f45-7de071d0e57a,2026-09-16T11:00:00Z,esp32_xtensa_lx6_arduino,NATIVE_HARDWARE,xtensa_lx6,ESP32 Xtensa Dual-Core 240MHz,2,0,FreeRTOS (ESP-IDF / Arduino Core),xtensa-esp32-elf-gcc,xtensa-esp32-elf-gcc (Espressif),-O2,mlkem-native,v1.2.0 (2507ff79a0acfec6e94a9a83709b5774491fdbb6),ML-KEM-768,encapsulation,114,9157000,266556,True,
c9d712db-38a3-4386-9ce7-d3d61e338ba7,a4109b71-5a8c-4d3e-8f45-7de071d0e57a,2026-09-16T11:00:00Z,esp32_xtensa_lx6_arduino,NATIVE_HARDWARE,xtensa_lx6,ESP32 Xtensa Dual-Core 240MHz,2,0,FreeRTOS (ESP-IDF / Arduino Core),xtensa-esp32-elf-gcc,xtensa-esp32-elf-gcc (Espressif),-O2,mlkem-native,v1.2.0 (2507ff79a0acfec6e94a9a83709b5774491fdbb6),ML-KEM-768,decapsulation,114,11467000,266556,True,
c9d712db-38a3-4386-9ce7-d3d61e338ba7,a4109b71-5a8c-4d3e-8f45-7de071d0e57a,2026-09-16T11:00:00Z,esp32_xtensa_lx6_arduino,NATIVE_HARDWARE,xtensa_lx6,ESP32 Xtensa Dual-Core 240MHz,2,0,FreeRTOS (ESP-IDF / Arduino Core),xtensa-esp32-elf-gcc,xtensa-esp32-elf-gcc (Espressif),-O2,mlkem-native,v1.2.0 (2507ff79a0acfec6e94a9a83709b5774491fdbb6),ML-KEM-768,keygen,115,7855000,266556,True,
c9d712db-38a3-4386-9ce7-d3d61e338ba7,a4109b71-5a8c-4d3e-8f45-7de071d0e57a,2026-09-16T11:00:00Z,esp32_xtensa_lx6_arduino,NATIVE_HARDWARE,xtensa_lx6,ESP32 Xtensa Dual-Core 240MHz,2,0,FreeRTOS (ESP-IDF / Arduino Core),xtensa-esp32-elf-gcc,xtensa-esp32-elf-gcc (Espressif),-O2,mlkem-native,v1.2.0 (2507ff79a0acfec6e94a9a83709b5774491fdbb6),ML-KEM-768,encapsulation,115,9158000,266556,True,
c9d712db-38a3-4386-9ce7-d3d61e338ba7,a4109b71-5a8c-4d3e-8f45-7de071d0e57a,2026-09-16T11:00:00Z,esp32_xtensa_lx6_arduino,NATIVE_HARDWARE,xtensa_lx6,ESP32 Xtensa Dual-Core 240MHz,2,0,FreeRTOS (ESP-IDF / Arduino Core),xtensa-esp32-elf-gcc,xtensa-esp32-elf-gcc (Espressif),-O2,mlkem-native,v1.2.0 (2507ff79a0acfec6e94a9a83709b5774491fdbb6),ML-KEM-768,decapsulation,115,11468000,266556,True,
c9d712db-38a3-4386-9ce7-d3d61e338ba7,a4109b71-5a8c-4d3e-8f45-7de071d0e57a,2026-09-16T11:00:00Z,esp32_xtensa_lx6_arduino,NATIVE_HARDWARE,xtensa_lx6,ESP32 Xtensa Dual-Core 240MHz,2,0,FreeRTOS (ESP-IDF / Arduino Core),xtensa-esp32-elf-gcc,xtensa-esp32-elf-gcc (Espressif),-O2,mlkem-native,v1.2.0 (2507ff79a0acfec6e94a9a83709b5774491fdbb6),ML-KEM-768,keygen,116,7854000,266556,True,
c9d712db-38a3-4386-9ce7-d3d61e338ba7,a4109b71-5a8c-4d3e-8f45-7de071d0e57a,2026-09-16T11:00:00Z,esp32_xtensa_lx6_arduino,NATIVE_HARDWARE,xtensa_lx6,ESP32 Xtensa Dual-Core 240MHz,2,0,FreeRTOS (ESP-IDF / Arduino Core),xtensa-esp32-elf-gcc,xtensa-esp32-elf-gcc (Espressif),-O2,mlkem-native,v1.2.0 (2507ff79a0acfec6e94a9a83709b5774491fdbb6),ML-KEM-768,encapsulation,116,9157000,266556,True,
c9d712db-38a3-4386-9ce7-d3d61e338ba7,a4109b71-5a8c-4d3e-8f45-7de071d0e57a,2026-09-16T11:00:00Z,esp32_xtensa_lx6_arduino,NATIVE_HARDWARE,xtensa_lx6,ESP32 Xtensa Dual-Core 240MHz,2,0,FreeRTOS (ESP-IDF / Arduino Core),xtensa-esp32-elf-gcc,xtensa-esp32-elf-gcc (Espressif),-O2,mlkem-native,v1.2.0 (2507ff79a0acfec6e94a9a83709b5774491fdbb6),ML-KEM-768,decapsulation,116,11465000,266556,True,
c9d712db-38a3-4386-9ce7-d3d61e338ba7,a4109b71-5a8c-4d3e-8f45-7de071d0e57a,2026-09-16T11:00:00Z,esp32_xtensa_lx6_arduino,NATIVE_HARDWARE,xtensa_lx6,ESP32 Xtensa Dual-Core 240MHz,2,0,FreeRTOS (ESP-IDF / Arduino Core),xtensa-esp32-elf-gcc,xtensa-esp32-elf-gcc (Espressif),-O2,mlkem-native,v1.2.0 (2507ff79a0acfec6e94a9a83709b5774491fdbb6),ML-KEM-768,keygen,117,8221000,266556,True,
c9d712db-38a3-4386-9ce7-d3d61e338ba7,a4109b71-5a8c-4d3e-8f45-7de071d0e57a,2026-09-16T11:00:00Z,esp32_xtensa_lx6_arduino,NATIVE_HARDWARE,xtensa_lx6,ESP32 Xtensa Dual-Core 240MHz,2,0,FreeRTOS (ESP-IDF / Arduino Core),xtensa-esp32-elf-gcc,xtensa-esp32-elf-gcc (Espressif),-O2,mlkem-native,v1.2.0 (2507ff79a0acfec6e94a9a83709b5774491fdbb6),ML-KEM-768,encapsulation,117,9523000,266556,True,
c9d712db-38a3-4386-9ce7-d3d61e338ba7,a4109b71-5a8c-4d3e-8f45-7de071d0e57a,2026-09-16T11:00:00Z,esp32_xtensa_lx6_arduino,NATIVE_HARDWARE,xtensa_lx6,ESP32 Xtensa Dual-Core 240MHz,2,0,FreeRTOS (ESP-IDF / Arduino Core),xtensa-esp32-elf-gcc,xtensa-esp32-elf-gcc (Espressif),-O2,mlkem-native,v1.2.0 (2507ff79a0acfec6e94a9a83709b5774491fdbb6),ML-KEM-768,decapsulation,117,11837000,266556,True,
c9d712db-38a3-4386-9ce7-d3d61e338ba7,a4109b71-5a8c-4d3e-8f45-7de071d0e57a,2026-09-16T11:00:00Z,esp32_xtensa_lx6_arduino,NATIVE_HARDWARE,xtensa_lx6,ESP32 Xtensa Dual-Core 240MHz,2,0,FreeRTOS (ESP-IDF / Arduino Core),xtensa-esp32-elf-gcc,xtensa-esp32-elf-gcc (Espressif),-O2,mlkem-native,v1.2.0 (2507ff79a0acfec6e94a9a83709b5774491fdbb6),ML-KEM-768,keygen,118,7852000,266556,True,
c9d712db-38a3-4386-9ce7-d3d61e338ba7,a4109b71-5a8c-4d3e-8f45-7de071d0e57a,2026-09-16T11:00:00Z,esp32_xtensa_lx6_arduino,NATIVE_HARDWARE,xtensa_lx6,ESP32 Xtensa Dual-Core 240MHz,2,0,FreeRTOS (ESP-IDF / Arduino Core),xtensa-esp32-elf-gcc,xtensa-esp32-elf-gcc (Espressif),-O2,mlkem-native,v1.2.0 (2507ff79a0acfec6e94a9a83709b5774491fdbb6),ML-KEM-768,encapsulation,118,9155000,266556,True,
c9d712db-38a3-4386-9ce7-d3d61e338ba7,a4109b71-5a8c-4d3e-8f45-7de071d0e57a,2026-09-16T11:00:00Z,esp32_xtensa_lx6_arduino,NATIVE_HARDWARE,xtensa_lx6,ESP32 Xtensa Dual-Core 240MHz,2,0,FreeRTOS (ESP-IDF / Arduino Core),xtensa-esp32-elf-gcc,xtensa-esp32-elf-gcc (Espressif),-O2,mlkem-native,v1.2.0 (2507ff79a0acfec6e94a9a83709b5774491fdbb6),ML-KEM-768,decapsulation,118,11469000,266556,True,
c9d712db-38a3-4386-9ce7-d3d61e338ba7,a4109b71-5a8c-4d3e-8f45-7de071d0e57a,2026-09-16T11:00:00Z,esp32_xtensa_lx6_arduino,NATIVE_HARDWARE,xtensa_lx6,ESP32 Xtensa Dual-Core 240MHz,2,0,FreeRTOS (ESP-IDF / Arduino Core),xtensa-esp32-elf-gcc,xtensa-esp32-elf-gcc (Espressif),-O2,mlkem-native,v1.2.0 (2507ff79a0acfec6e94a9a83709b5774491fdbb6),ML-KEM-768,keygen,119,7948000,266556,True,
c9d712db-38a3-4386-9ce7-d3d61e338ba7,a4109b71-5a8c-4d3e-8f45-7de071d0e57a,2026-09-16T11:00:00Z,esp32_xtensa_lx6_arduino,NATIVE_HARDWARE,xtensa_lx6,ESP32 Xtensa Dual-Core 240MHz,2,0,FreeRTOS (ESP-IDF / Arduino Core),xtensa-esp32-elf-gcc,xtensa-esp32-elf-gcc (Espressif),-O2,mlkem-native,v1.2.0 (2507ff79a0acfec6e94a9a83709b5774491fdbb6),ML-KEM-768,encapsulation,119,9255000,266556,True,
c9d712db-38a3-4386-9ce7-d3d61e338ba7,a4109b71-5a8c-4d3e-8f45-7de071d0e57a,2026-09-16T11:00:00Z,esp32_xtensa_lx6_arduino,NATIVE_HARDWARE,xtensa_lx6,ESP32 Xtensa Dual-Core 240MHz,2,0,FreeRTOS (ESP-IDF / Arduino Core),xtensa-esp32-elf-gcc,xtensa-esp32-elf-gcc (Espressif),-O2,mlkem-native,v1.2.0 (2507ff79a0acfec6e94a9a83709b5774491fdbb6),ML-KEM-768,decapsulation,119,11564000,266556,True,
c9d712db-38a3-4386-9ce7-d3d61e338ba7,a4109b71-5a8c-4d3e-8f45-7de071d0e57a,2026-09-16T11:00:00Z,esp32_xtensa_lx6_arduino,NATIVE_HARDWARE,xtensa_lx6,ESP32 Xtensa Dual-Core 240MHz,2,0,FreeRTOS (ESP-IDF / Arduino Core),xtensa-esp32-elf-gcc,xtensa-esp32-elf-gcc (Espressif),-O2,mlkem-native,v1.2.0 (2507ff79a0acfec6e94a9a83709b5774491fdbb6),ML-KEM-768,keygen,120,7854000,266556,True,
c9d712db-38a3-4386-9ce7-d3d61e338ba7,a4109b71-5a8c-4d3e-8f45-7de071d0e57a,2026-09-16T11:00:00Z,esp32_xtensa_lx6_arduino,NATIVE_HARDWARE,xtensa_lx6,ESP32 Xtensa Dual-Core 240MHz,2,0,FreeRTOS (ESP-IDF / Arduino Core),xtensa-esp32-elf-gcc,xtensa-esp32-elf-gcc (Espressif),-O2,mlkem-native,v1.2.0 (2507ff79a0acfec6e94a9a83709b5774491fdbb6),ML-KEM-768,encapsulation,120,9158000,266556,True,
c9d712db-38a3-4386-9ce7-d3d61e338ba7,a4109b71-5a8c-4d3e-8f45-7de071d0e57a,2026-09-16T11:00:00Z,esp32_xtensa_lx6_arduino,NATIVE_HARDWARE,xtensa_lx6,ESP32 Xtensa Dual-Core 240MHz,2,0,FreeRTOS (ESP-IDF / Arduino Core),xtensa-esp32-elf-gcc,xtensa-esp32-elf-gcc (Espressif),-O2,mlkem-native,v1.2.0 (2507ff79a0acfec6e94a9a83709b5774491fdbb6),ML-KEM-768,decapsulation,120,11471000,266556,True,
c9d712db-38a3-4386-9ce7-d3d61e338ba7,a4109b71-5a8c-4d3e-8f45-7de071d0e57a,2026-09-16T11:00:00Z,esp32_xtensa_lx6_arduino,NATIVE_HARDWARE,xtensa_lx6,ESP32 Xtensa Dual-Core 240MHz,2,0,FreeRTOS (ESP-IDF / Arduino Core),xtensa-esp32-elf-gcc,xtensa-esp32-elf-gcc (Espressif),-O2,mlkem-native,v1.2.0 (2507ff79a0acfec6e94a9a83709b5774491fdbb6),ML-KEM-768,keygen,121,7855000,266556,True,
c9d712db-38a3-4386-9ce7-d3d61e338ba7,a4109b71-5a8c-4d3e-8f45-7de071d0e57a,2026-09-16T11:00:00Z,esp32_xtensa_lx6_arduino,NATIVE_HARDWARE,xtensa_lx6,ESP32 Xtensa Dual-Core 240MHz,2,0,FreeRTOS (ESP-IDF / Arduino Core),xtensa-esp32-elf-gcc,xtensa-esp32-elf-gcc (Espressif),-O2,mlkem-native,v1.2.0 (2507ff79a0acfec6e94a9a83709b5774491fdbb6),ML-KEM-768,encapsulation,121,9157000,266556,True,
c9d712db-38a3-4386-9ce7-d3d61e338ba7,a4109b71-5a8c-4d3e-8f45-7de071d0e57a,2026-09-16T11:00:00Z,esp32_xtensa_lx6_arduino,NATIVE_HARDWARE,xtensa_lx6,ESP32 Xtensa Dual-Core 240MHz,2,0,FreeRTOS (ESP-IDF / Arduino Core),xtensa-esp32-elf-gcc,xtensa-esp32-elf-gcc (Espressif),-O2,mlkem-native,v1.2.0 (2507ff79a0acfec6e94a9a83709b5774491fdbb6),ML-KEM-768,decapsulation,121,11466000,266556,True,
c9d712db-38a3-4386-9ce7-d3d61e338ba7,a4109b71-5a8c-4d3e-8f45-7de071d0e57a,2026-09-16T11:00:00Z,esp32_xtensa_lx6_arduino,NATIVE_HARDWARE,xtensa_lx6,ESP32 Xtensa Dual-Core 240MHz,2,0,FreeRTOS (ESP-IDF / Arduino Core),xtensa-esp32-elf-gcc,xtensa-esp32-elf-gcc (Espressif),-O2,mlkem-native,v1.2.0 (2507ff79a0acfec6e94a9a83709b5774491fdbb6),ML-KEM-768,keygen,122,7850000,266556,True,
c9d712db-38a3-4386-9ce7-d3d61e338ba7,a4109b71-5a8c-4d3e-8f45-7de071d0e57a,2026-09-16T11:00:00Z,esp32_xtensa_lx6_arduino,NATIVE_HARDWARE,xtensa_lx6,ESP32 Xtensa Dual-Core 240MHz,2,0,FreeRTOS (ESP-IDF / Arduino Core),xtensa-esp32-elf-gcc,xtensa-esp32-elf-gcc (Espressif),-O2,mlkem-native,v1.2.0 (2507ff79a0acfec6e94a9a83709b5774491fdbb6),ML-KEM-768,encapsulation,122,9153000,266556,True,
c9d712db-38a3-4386-9ce7-d3d61e338ba7,a4109b71-5a8c-4d3e-8f45-7de071d0e57a,2026-09-16T11:00:00Z,esp32_xtensa_lx6_arduino,NATIVE_HARDWARE,xtensa_lx6,ESP32 Xtensa Dual-Core 240MHz,2,0,FreeRTOS (ESP-IDF / Arduino Core),xtensa-esp32-elf-gcc,xtensa-esp32-elf-gcc (Espressif),-O2,mlkem-native,v1.2.0 (2507ff79a0acfec6e94a9a83709b5774491fdbb6),ML-KEM-768,decapsulation,122,11464000,266556,True,
c9d712db-38a3-4386-9ce7-d3d61e338ba7,a4109b71-5a8c-4d3e-8f45-7de071d0e57a,2026-09-16T11:00:00Z,esp32_xtensa_lx6_arduino,NATIVE_HARDWARE,xtensa_lx6,ESP32 Xtensa Dual-Core 240MHz,2,0,FreeRTOS (ESP-IDF / Arduino Core),xtensa-esp32-elf-gcc,xtensa-esp32-elf-gcc (Espressif),-O2,mlkem-native,v1.2.0 (2507ff79a0acfec6e94a9a83709b5774491fdbb6),ML-KEM-768,keygen,123,7853000,266556,True,
c9d712db-38a3-4386-9ce7-d3d61e338ba7,a4109b71-5a8c-4d3e-8f45-7de071d0e57a,2026-09-16T11:00:00Z,esp32_xtensa_lx6_arduino,NATIVE_HARDWARE,xtensa_lx6,ESP32 Xtensa Dual-Core 240MHz,2,0,FreeRTOS (ESP-IDF / Arduino Core),xtensa-esp32-elf-gcc,xtensa-esp32-elf-gcc (Espressif),-O2,mlkem-native,v1.2.0 (2507ff79a0acfec6e94a9a83709b5774491fdbb6),ML-KEM-768,encapsulation,123,9156000,266556,True,
c9d712db-38a3-4386-9ce7-d3d61e338ba7,a4109b71-5a8c-4d3e-8f45-7de071d0e57a,2026-09-16T11:00:00Z,esp32_xtensa_lx6_arduino,NATIVE_HARDWARE,xtensa_lx6,ESP32 Xtensa Dual-Core 240MHz,2,0,FreeRTOS (ESP-IDF / Arduino Core),xtensa-esp32-elf-gcc,xtensa-esp32-elf-gcc (Espressif),-O2,mlkem-native,v1.2.0 (2507ff79a0acfec6e94a9a83709b5774491fdbb6),ML-KEM-768,decapsulation,123,11465000,266556,True,
c9d712db-38a3-4386-9ce7-d3d61e338ba7,a4109b71-5a8c-4d3e-8f45-7de071d0e57a,2026-09-16T11:00:00Z,esp32_xtensa_lx6_arduino,NATIVE_HARDWARE,xtensa_lx6,ESP32 Xtensa Dual-Core 240MHz,2,0,FreeRTOS (ESP-IDF / Arduino Core),xtensa-esp32-elf-gcc,xtensa-esp32-elf-gcc (Espressif),-O2,mlkem-native,v1.2.0 (2507ff79a0acfec6e94a9a83709b5774491fdbb6),ML-KEM-768,keygen,124,7850000,266556,True,
c9d712db-38a3-4386-9ce7-d3d61e338ba7,a4109b71-5a8c-4d3e-8f45-7de071d0e57a,2026-09-16T11:00:00Z,esp32_xtensa_lx6_arduino,NATIVE_HARDWARE,xtensa_lx6,ESP32 Xtensa Dual-Core 240MHz,2,0,FreeRTOS (ESP-IDF / Arduino Core),xtensa-esp32-elf-gcc,xtensa-esp32-elf-gcc (Espressif),-O2,mlkem-native,v1.2.0 (2507ff79a0acfec6e94a9a83709b5774491fdbb6),ML-KEM-768,encapsulation,124,9153000,266556,True,
c9d712db-38a3-4386-9ce7-d3d61e338ba7,a4109b71-5a8c-4d3e-8f45-7de071d0e57a,2026-09-16T11:00:00Z,esp32_xtensa_lx6_arduino,NATIVE_HARDWARE,xtensa_lx6,ESP32 Xtensa Dual-Core 240MHz,2,0,FreeRTOS (ESP-IDF / Arduino Core),xtensa-esp32-elf-gcc,xtensa-esp32-elf-gcc (Espressif),-O2,mlkem-native,v1.2.0 (2507ff79a0acfec6e94a9a83709b5774491fdbb6),ML-KEM-768,decapsulation,124,11466000,266556,True,
c9d712db-38a3-4386-9ce7-d3d61e338ba7,a4109b71-5a8c-4d3e-8f45-7de071d0e57a,2026-09-16T11:00:00Z,esp32_xtensa_lx6_arduino,NATIVE_HARDWARE,xtensa_lx6,ESP32 Xtensa Dual-Core 240MHz,2,0,FreeRTOS (ESP-IDF / Arduino Core),xtensa-esp32-elf-gcc,xtensa-esp32-elf-gcc (Espressif),-O2,mlkem-native,v1.2.0 (2507ff79a0acfec6e94a9a83709b5774491fdbb6),ML-KEM-768,keygen,125,7850000,266556,True,
c9d712db-38a3-4386-9ce7-d3d61e338ba7,a4109b71-5a8c-4d3e-8f45-7de071d0e57a,2026-09-16T11:00:00Z,esp32_xtensa_lx6_arduino,NATIVE_HARDWARE,xtensa_lx6,ESP32 Xtensa Dual-Core 240MHz,2,0,FreeRTOS (ESP-IDF / Arduino Core),xtensa-esp32-elf-gcc,xtensa-esp32-elf-gcc (Espressif),-O2,mlkem-native,v1.2.0 (2507ff79a0acfec6e94a9a83709b5774491fdbb6),ML-KEM-768,encapsulation,125,9154000,266556,True,
c9d712db-38a3-4386-9ce7-d3d61e338ba7,a4109b71-5a8c-4d3e-8f45-7de071d0e57a,2026-09-16T11:00:00Z,esp32_xtensa_lx6_arduino,NATIVE_HARDWARE,xtensa_lx6,ESP32 Xtensa Dual-Core 240MHz,2,0,FreeRTOS (ESP-IDF / Arduino Core),xtensa-esp32-elf-gcc,xtensa-esp32-elf-gcc (Espressif),-O2,mlkem-native,v1.2.0 (2507ff79a0acfec6e94a9a83709b5774491fdbb6),ML-KEM-768,decapsulation,125,11467000,266556,True,
c9d712db-38a3-4386-9ce7-d3d61e338ba7,a4109b71-5a8c-4d3e-8f45-7de071d0e57a,2026-09-16T11:00:00Z,esp32_xtensa_lx6_arduino,NATIVE_HARDWARE,xtensa_lx6,ESP32 Xtensa Dual-Core 240MHz,2,0,FreeRTOS (ESP-IDF / Arduino Core),xtensa-esp32-elf-gcc,xtensa-esp32-elf-gcc (Espressif),-O2,mlkem-native,v1.2.0 (2507ff79a0acfec6e94a9a83709b5774491fdbb6),ML-KEM-768,keygen,126,7850000,266556,True,
c9d712db-38a3-4386-9ce7-d3d61e338ba7,a4109b71-5a8c-4d3e-8f45-7de071d0e57a,2026-09-16T11:00:00Z,esp32_xtensa_lx6_arduino,NATIVE_HARDWARE,xtensa_lx6,ESP32 Xtensa Dual-Core 240MHz,2,0,FreeRTOS (ESP-IDF / Arduino Core),xtensa-esp32-elf-gcc,xtensa-esp32-elf-gcc (Espressif),-O2,mlkem-native,v1.2.0 (2507ff79a0acfec6e94a9a83709b5774491fdbb6),ML-KEM-768,encapsulation,126,9153000,266556,True,
c9d712db-38a3-4386-9ce7-d3d61e338ba7,a4109b71-5a8c-4d3e-8f45-7de071d0e57a,2026-09-16T11:00:00Z,esp32_xtensa_lx6_arduino,NATIVE_HARDWARE,xtensa_lx6,ESP32 Xtensa Dual-Core 240MHz,2,0,FreeRTOS (ESP-IDF / Arduino Core),xtensa-esp32-elf-gcc,xtensa-esp32-elf-gcc (Espressif),-O2,mlkem-native,v1.2.0 (2507ff79a0acfec6e94a9a83709b5774491fdbb6),ML-KEM-768,decapsulation,126,11462000,266556,True,
c9d712db-38a3-4386-9ce7-d3d61e338ba7,a4109b71-5a8c-4d3e-8f45-7de071d0e57a,2026-09-16T11:00:00Z,esp32_xtensa_lx6_arduino,NATIVE_HARDWARE,xtensa_lx6,ESP32 Xtensa Dual-Core 240MHz,2,0,FreeRTOS (ESP-IDF / Arduino Core),xtensa-esp32-elf-gcc,xtensa-esp32-elf-gcc (Espressif),-O2,mlkem-native,v1.2.0 (2507ff79a0acfec6e94a9a83709b5774491fdbb6),ML-KEM-768,keygen,127,7855000,266556,True,
c9d712db-38a3-4386-9ce7-d3d61e338ba7,a4109b71-5a8c-4d3e-8f45-7de071d0e57a,2026-09-16T11:00:00Z,esp32_xtensa_lx6_arduino,NATIVE_HARDWARE,xtensa_lx6,ESP32 Xtensa Dual-Core 240MHz,2,0,FreeRTOS (ESP-IDF / Arduino Core),xtensa-esp32-elf-gcc,xtensa-esp32-elf-gcc (Espressif),-O2,mlkem-native,v1.2.0 (2507ff79a0acfec6e94a9a83709b5774491fdbb6),ML-KEM-768,encapsulation,127,9157000,266556,True,
c9d712db-38a3-4386-9ce7-d3d61e338ba7,a4109b71-5a8c-4d3e-8f45-7de071d0e57a,2026-09-16T11:00:00Z,esp32_xtensa_lx6_arduino,NATIVE_HARDWARE,xtensa_lx6,ESP32 Xtensa Dual-Core 240MHz,2,0,FreeRTOS (ESP-IDF / Arduino Core),xtensa-esp32-elf-gcc,xtensa-esp32-elf-gcc (Espressif),-O2,mlkem-native,v1.2.0 (2507ff79a0acfec6e94a9a83709b5774491fdbb6),ML-KEM-768,decapsulation,127,11468000,266556,True,
c9d712db-38a3-4386-9ce7-d3d61e338ba7,a4109b71-5a8c-4d3e-8f45-7de071d0e57a,2026-09-16T11:00:00Z,esp32_xtensa_lx6_arduino,NATIVE_HARDWARE,xtensa_lx6,ESP32 Xtensa Dual-Core 240MHz,2,0,FreeRTOS (ESP-IDF / Arduino Core),xtensa-esp32-elf-gcc,xtensa-esp32-elf-gcc (Espressif),-O2,mlkem-native,v1.2.0 (2507ff79a0acfec6e94a9a83709b5774491fdbb6),ML-KEM-768,keygen,128,7850000,266556,True,
c9d712db-38a3-4386-9ce7-d3d61e338ba7,a4109b71-5a8c-4d3e-8f45-7de071d0e57a,2026-09-16T11:00:00Z,esp32_xtensa_lx6_arduino,NATIVE_HARDWARE,xtensa_lx6,ESP32 Xtensa Dual-Core 240MHz,2,0,FreeRTOS (ESP-IDF / Arduino Core),xtensa-esp32-elf-gcc,xtensa-esp32-elf-gcc (Espressif),-O2,mlkem-native,v1.2.0 (2507ff79a0acfec6e94a9a83709b5774491fdbb6),ML-KEM-768,encapsulation,128,9153000,266556,True,
c9d712db-38a3-4386-9ce7-d3d61e338ba7,a4109b71-5a8c-4d3e-8f45-7de071d0e57a,2026-09-16T11:00:00Z,esp32_xtensa_lx6_arduino,NATIVE_HARDWARE,xtensa_lx6,ESP32 Xtensa Dual-Core 240MHz,2,0,FreeRTOS (ESP-IDF / Arduino Core),xtensa-esp32-elf-gcc,xtensa-esp32-elf-gcc (Espressif),-O2,mlkem-native,v1.2.0 (2507ff79a0acfec6e94a9a83709b5774491fdbb6),ML-KEM-768,decapsulation,128,11462000,266556,True,
c9d712db-38a3-4386-9ce7-d3d61e338ba7,a4109b71-5a8c-4d3e-8f45-7de071d0e57a,2026-09-16T11:00:00Z,esp32_xtensa_lx6_arduino,NATIVE_HARDWARE,xtensa_lx6,ESP32 Xtensa Dual-Core 240MHz,2,0,FreeRTOS (ESP-IDF / Arduino Core),xtensa-esp32-elf-gcc,xtensa-esp32-elf-gcc (Espressif),-O2,mlkem-native,v1.2.0 (2507ff79a0acfec6e94a9a83709b5774491fdbb6),ML-KEM-768,keygen,129,7855000,266556,True,
c9d712db-38a3-4386-9ce7-d3d61e338ba7,a4109b71-5a8c-4d3e-8f45-7de071d0e57a,2026-09-16T11:00:00Z,esp32_xtensa_lx6_arduino,NATIVE_HARDWARE,xtensa_lx6,ESP32 Xtensa Dual-Core 240MHz,2,0,FreeRTOS (ESP-IDF / Arduino Core),xtensa-esp32-elf-gcc,xtensa-esp32-elf-gcc (Espressif),-O2,mlkem-native,v1.2.0 (2507ff79a0acfec6e94a9a83709b5774491fdbb6),ML-KEM-768,encapsulation,129,9157000,266556,True,
c9d712db-38a3-4386-9ce7-d3d61e338ba7,a4109b71-5a8c-4d3e-8f45-7de071d0e57a,2026-09-16T11:00:00Z,esp32_xtensa_lx6_arduino,NATIVE_HARDWARE,xtensa_lx6,ESP32 Xtensa Dual-Core 240MHz,2,0,FreeRTOS (ESP-IDF / Arduino Core),xtensa-esp32-elf-gcc,xtensa-esp32-elf-gcc (Espressif),-O2,mlkem-native,v1.2.0 (2507ff79a0acfec6e94a9a83709b5774491fdbb6),ML-KEM-768,decapsulation,129,11470000,266556,True,
c9d712db-38a3-4386-9ce7-d3d61e338ba7,a4109b71-5a8c-4d3e-8f45-7de071d0e57a,2026-09-16T11:00:00Z,esp32_xtensa_lx6_arduino,NATIVE_HARDWARE,xtensa_lx6,ESP32 Xtensa Dual-Core 240MHz,2,0,FreeRTOS (ESP-IDF / Arduino Core),xtensa-esp32-elf-gcc,xtensa-esp32-elf-gcc (Espressif),-O2,mlkem-native,v1.2.0 (2507ff79a0acfec6e94a9a83709b5774491fdbb6),ML-KEM-768,keygen,130,7854000,266556,True,
c9d712db-38a3-4386-9ce7-d3d61e338ba7,a4109b71-5a8c-4d3e-8f45-7de071d0e57a,2026-09-16T11:00:00Z,esp32_xtensa_lx6_arduino,NATIVE_HARDWARE,xtensa_lx6,ESP32 Xtensa Dual-Core 240MHz,2,0,FreeRTOS (ESP-IDF / Arduino Core),xtensa-esp32-elf-gcc,xtensa-esp32-elf-gcc (Espressif),-O2,mlkem-native,v1.2.0 (2507ff79a0acfec6e94a9a83709b5774491fdbb6),ML-KEM-768,encapsulation,130,9157000,266556,True,
c9d712db-38a3-4386-9ce7-d3d61e338ba7,a4109b71-5a8c-4d3e-8f45-7de071d0e57a,2026-09-16T11:00:00Z,esp32_xtensa_lx6_arduino,NATIVE_HARDWARE,xtensa_lx6,ESP32 Xtensa Dual-Core 240MHz,2,0,FreeRTOS (ESP-IDF / Arduino Core),xtensa-esp32-elf-gcc,xtensa-esp32-elf-gcc (Espressif),-O2,mlkem-native,v1.2.0 (2507ff79a0acfec6e94a9a83709b5774491fdbb6),ML-KEM-768,decapsulation,130,11470000,266556,True,
c9d712db-38a3-4386-9ce7-d3d61e338ba7,a4109b71-5a8c-4d3e-8f45-7de071d0e57a,2026-09-16T11:00:00Z,esp32_xtensa_lx6_arduino,NATIVE_HARDWARE,xtensa_lx6,ESP32 Xtensa Dual-Core 240MHz,2,0,FreeRTOS (ESP-IDF / Arduino Core),xtensa-esp32-elf-gcc,xtensa-esp32-elf-gcc (Espressif),-O2,mlkem-native,v1.2.0 (2507ff79a0acfec6e94a9a83709b5774491fdbb6),ML-KEM-768,keygen,131,7854000,266556,True,
c9d712db-38a3-4386-9ce7-d3d61e338ba7,a4109b71-5a8c-4d3e-8f45-7de071d0e57a,2026-09-16T11:00:00Z,esp32_xtensa_lx6_arduino,NATIVE_HARDWARE,xtensa_lx6,ESP32 Xtensa Dual-Core 240MHz,2,0,FreeRTOS (ESP-IDF / Arduino Core),xtensa-esp32-elf-gcc,xtensa-esp32-elf-gcc (Espressif),-O2,mlkem-native,v1.2.0 (2507ff79a0acfec6e94a9a83709b5774491fdbb6),ML-KEM-768,encapsulation,131,9156000,266556,True,
c9d712db-38a3-4386-9ce7-d3d61e338ba7,a4109b71-5a8c-4d3e-8f45-7de071d0e57a,2026-09-16T11:00:00Z,esp32_xtensa_lx6_arduino,NATIVE_HARDWARE,xtensa_lx6,ESP32 Xtensa Dual-Core 240MHz,2,0,FreeRTOS (ESP-IDF / Arduino Core),xtensa-esp32-elf-gcc,xtensa-esp32-elf-gcc (Espressif),-O2,mlkem-native,v1.2.0 (2507ff79a0acfec6e94a9a83709b5774491fdbb6),ML-KEM-768,decapsulation,131,11465000,266556,True,
c9d712db-38a3-4386-9ce7-d3d61e338ba7,a4109b71-5a8c-4d3e-8f45-7de071d0e57a,2026-09-16T11:00:00Z,esp32_xtensa_lx6_arduino,NATIVE_HARDWARE,xtensa_lx6,ESP32 Xtensa Dual-Core 240MHz,2,0,FreeRTOS (ESP-IDF / Arduino Core),xtensa-esp32-elf-gcc,xtensa-esp32-elf-gcc (Espressif),-O2,mlkem-native,v1.2.0 (2507ff79a0acfec6e94a9a83709b5774491fdbb6),ML-KEM-768,keygen,132,7854000,266556,True,
c9d712db-38a3-4386-9ce7-d3d61e338ba7,a4109b71-5a8c-4d3e-8f45-7de071d0e57a,2026-09-16T11:00:00Z,esp32_xtensa_lx6_arduino,NATIVE_HARDWARE,xtensa_lx6,ESP32 Xtensa Dual-Core 240MHz,2,0,FreeRTOS (ESP-IDF / Arduino Core),xtensa-esp32-elf-gcc,xtensa-esp32-elf-gcc (Espressif),-O2,mlkem-native,v1.2.0 (2507ff79a0acfec6e94a9a83709b5774491fdbb6),ML-KEM-768,encapsulation,132,9156000,266556,True,
c9d712db-38a3-4386-9ce7-d3d61e338ba7,a4109b71-5a8c-4d3e-8f45-7de071d0e57a,2026-09-16T11:00:00Z,esp32_xtensa_lx6_arduino,NATIVE_HARDWARE,xtensa_lx6,ESP32 Xtensa Dual-Core 240MHz,2,0,FreeRTOS (ESP-IDF / Arduino Core),xtensa-esp32-elf-gcc,xtensa-esp32-elf-gcc (Espressif),-O2,mlkem-native,v1.2.0 (2507ff79a0acfec6e94a9a83709b5774491fdbb6),ML-KEM-768,decapsulation,132,11467000,266556,True,
c9d712db-38a3-4386-9ce7-d3d61e338ba7,a4109b71-5a8c-4d3e-8f45-7de071d0e57a,2026-09-16T11:00:00Z,esp32_xtensa_lx6_arduino,NATIVE_HARDWARE,xtensa_lx6,ESP32 Xtensa Dual-Core 240MHz,2,0,FreeRTOS (ESP-IDF / Arduino Core),xtensa-esp32-elf-gcc,xtensa-esp32-elf-gcc (Espressif),-O2,mlkem-native,v1.2.0 (2507ff79a0acfec6e94a9a83709b5774491fdbb6),ML-KEM-768,keygen,133,7854000,266556,True,
c9d712db-38a3-4386-9ce7-d3d61e338ba7,a4109b71-5a8c-4d3e-8f45-7de071d0e57a,2026-09-16T11:00:00Z,esp32_xtensa_lx6_arduino,NATIVE_HARDWARE,xtensa_lx6,ESP32 Xtensa Dual-Core 240MHz,2,0,FreeRTOS (ESP-IDF / Arduino Core),xtensa-esp32-elf-gcc,xtensa-esp32-elf-gcc (Espressif),-O2,mlkem-native,v1.2.0 (2507ff79a0acfec6e94a9a83709b5774491fdbb6),ML-KEM-768,encapsulation,133,9157000,266556,True,
c9d712db-38a3-4386-9ce7-d3d61e338ba7,a4109b71-5a8c-4d3e-8f45-7de071d0e57a,2026-09-16T11:00:00Z,esp32_xtensa_lx6_arduino,NATIVE_HARDWARE,xtensa_lx6,ESP32 Xtensa Dual-Core 240MHz,2,0,FreeRTOS (ESP-IDF / Arduino Core),xtensa-esp32-elf-gcc,xtensa-esp32-elf-gcc (Espressif),-O2,mlkem-native,v1.2.0 (2507ff79a0acfec6e94a9a83709b5774491fdbb6),ML-KEM-768,decapsulation,133,11466000,266556,True,
c9d712db-38a3-4386-9ce7-d3d61e338ba7,a4109b71-5a8c-4d3e-8f45-7de071d0e57a,2026-09-16T11:00:00Z,esp32_xtensa_lx6_arduino,NATIVE_HARDWARE,xtensa_lx6,ESP32 Xtensa Dual-Core 240MHz,2,0,FreeRTOS (ESP-IDF / Arduino Core),xtensa-esp32-elf-gcc,xtensa-esp32-elf-gcc (Espressif),-O2,mlkem-native,v1.2.0 (2507ff79a0acfec6e94a9a83709b5774491fdbb6),ML-KEM-768,keygen,134,7854000,266556,True,
c9d712db-38a3-4386-9ce7-d3d61e338ba7,a4109b71-5a8c-4d3e-8f45-7de071d0e57a,2026-09-16T11:00:00Z,esp32_xtensa_lx6_arduino,NATIVE_HARDWARE,xtensa_lx6,ESP32 Xtensa Dual-Core 240MHz,2,0,FreeRTOS (ESP-IDF / Arduino Core),xtensa-esp32-elf-gcc,xtensa-esp32-elf-gcc (Espressif),-O2,mlkem-native,v1.2.0 (2507ff79a0acfec6e94a9a83709b5774491fdbb6),ML-KEM-768,encapsulation,134,9157000,266556,True,
c9d712db-38a3-4386-9ce7-d3d61e338ba7,a4109b71-5a8c-4d3e-8f45-7de071d0e57a,2026-09-16T11:00:00Z,esp32_xtensa_lx6_arduino,NATIVE_HARDWARE,xtensa_lx6,ESP32 Xtensa Dual-Core 240MHz,2,0,FreeRTOS (ESP-IDF / Arduino Core),xtensa-esp32-elf-gcc,xtensa-esp32-elf-gcc (Espressif),-O2,mlkem-native,v1.2.0 (2507ff79a0acfec6e94a9a83709b5774491fdbb6),ML-KEM-768,decapsulation,134,11470000,266556,True,
c9d712db-38a3-4386-9ce7-d3d61e338ba7,a4109b71-5a8c-4d3e-8f45-7de071d0e57a,2026-09-16T11:00:00Z,esp32_xtensa_lx6_arduino,NATIVE_HARDWARE,xtensa_lx6,ESP32 Xtensa Dual-Core 240MHz,2,0,FreeRTOS (ESP-IDF / Arduino Core),xtensa-esp32-elf-gcc,xtensa-esp32-elf-gcc (Espressif),-O2,mlkem-native,v1.2.0 (2507ff79a0acfec6e94a9a83709b5774491fdbb6),ML-KEM-768,keygen,135,7854000,266556,True,
c9d712db-38a3-4386-9ce7-d3d61e338ba7,a4109b71-5a8c-4d3e-8f45-7de071d0e57a,2026-09-16T11:00:00Z,esp32_xtensa_lx6_arduino,NATIVE_HARDWARE,xtensa_lx6,ESP32 Xtensa Dual-Core 240MHz,2,0,FreeRTOS (ESP-IDF / Arduino Core),xtensa-esp32-elf-gcc,xtensa-esp32-elf-gcc (Espressif),-O2,mlkem-native,v1.2.0 (2507ff79a0acfec6e94a9a83709b5774491fdbb6),ML-KEM-768,encapsulation,135,9158000,266556,True,
c9d712db-38a3-4386-9ce7-d3d61e338ba7,a4109b71-5a8c-4d3e-8f45-7de071d0e57a,2026-09-16T11:00:00Z,esp32_xtensa_lx6_arduino,NATIVE_HARDWARE,xtensa_lx6,ESP32 Xtensa Dual-Core 240MHz,2,0,FreeRTOS (ESP-IDF / Arduino Core),xtensa-esp32-elf-gcc,xtensa-esp32-elf-gcc (Espressif),-O2,mlkem-native,v1.2.0 (2507ff79a0acfec6e94a9a83709b5774491fdbb6),ML-KEM-768,decapsulation,135,11470000,266556,True,
c9d712db-38a3-4386-9ce7-d3d61e338ba7,a4109b71-5a8c-4d3e-8f45-7de071d0e57a,2026-09-16T11:00:00Z,esp32_xtensa_lx6_arduino,NATIVE_HARDWARE,xtensa_lx6,ESP32 Xtensa Dual-Core 240MHz,2,0,FreeRTOS (ESP-IDF / Arduino Core),xtensa-esp32-elf-gcc,xtensa-esp32-elf-gcc (Espressif),-O2,mlkem-native,v1.2.0 (2507ff79a0acfec6e94a9a83709b5774491fdbb6),ML-KEM-768,keygen,136,7854000,266556,True,
c9d712db-38a3-4386-9ce7-d3d61e338ba7,a4109b71-5a8c-4d3e-8f45-7de071d0e57a,2026-09-16T11:00:00Z,esp32_xtensa_lx6_arduino,NATIVE_HARDWARE,xtensa_lx6,ESP32 Xtensa Dual-Core 240MHz,2,0,FreeRTOS (ESP-IDF / Arduino Core),xtensa-esp32-elf-gcc,xtensa-esp32-elf-gcc (Espressif),-O2,mlkem-native,v1.2.0 (2507ff79a0acfec6e94a9a83709b5774491fdbb6),ML-KEM-768,encapsulation,136,9155000,266556,True,
c9d712db-38a3-4386-9ce7-d3d61e338ba7,a4109b71-5a8c-4d3e-8f45-7de071d0e57a,2026-09-16T11:00:00Z,esp32_xtensa_lx6_arduino,NATIVE_HARDWARE,xtensa_lx6,ESP32 Xtensa Dual-Core 240MHz,2,0,FreeRTOS (ESP-IDF / Arduino Core),xtensa-esp32-elf-gcc,xtensa-esp32-elf-gcc (Espressif),-O2,mlkem-native,v1.2.0 (2507ff79a0acfec6e94a9a83709b5774491fdbb6),ML-KEM-768,decapsulation,136,11466000,266556,True,
c9d712db-38a3-4386-9ce7-d3d61e338ba7,a4109b71-5a8c-4d3e-8f45-7de071d0e57a,2026-09-16T11:00:00Z,esp32_xtensa_lx6_arduino,NATIVE_HARDWARE,xtensa_lx6,ESP32 Xtensa Dual-Core 240MHz,2,0,FreeRTOS (ESP-IDF / Arduino Core),xtensa-esp32-elf-gcc,xtensa-esp32-elf-gcc (Espressif),-O2,mlkem-native,v1.2.0 (2507ff79a0acfec6e94a9a83709b5774491fdbb6),ML-KEM-768,keygen,137,7853000,266556,True,
c9d712db-38a3-4386-9ce7-d3d61e338ba7,a4109b71-5a8c-4d3e-8f45-7de071d0e57a,2026-09-16T11:00:00Z,esp32_xtensa_lx6_arduino,NATIVE_HARDWARE,xtensa_lx6,ESP32 Xtensa Dual-Core 240MHz,2,0,FreeRTOS (ESP-IDF / Arduino Core),xtensa-esp32-elf-gcc,xtensa-esp32-elf-gcc (Espressif),-O2,mlkem-native,v1.2.0 (2507ff79a0acfec6e94a9a83709b5774491fdbb6),ML-KEM-768,encapsulation,137,9156000,266556,True,
c9d712db-38a3-4386-9ce7-d3d61e338ba7,a4109b71-5a8c-4d3e-8f45-7de071d0e57a,2026-09-16T11:00:00Z,esp32_xtensa_lx6_arduino,NATIVE_HARDWARE,xtensa_lx6,ESP32 Xtensa Dual-Core 240MHz,2,0,FreeRTOS (ESP-IDF / Arduino Core),xtensa-esp32-elf-gcc,xtensa-esp32-elf-gcc (Espressif),-O2,mlkem-native,v1.2.0 (2507ff79a0acfec6e94a9a83709b5774491fdbb6),ML-KEM-768,decapsulation,137,11466000,266556,True,
c9d712db-38a3-4386-9ce7-d3d61e338ba7,a4109b71-5a8c-4d3e-8f45-7de071d0e57a,2026-09-16T11:00:00Z,esp32_xtensa_lx6_arduino,NATIVE_HARDWARE,xtensa_lx6,ESP32 Xtensa Dual-Core 240MHz,2,0,FreeRTOS (ESP-IDF / Arduino Core),xtensa-esp32-elf-gcc,xtensa-esp32-elf-gcc (Espressif),-O2,mlkem-native,v1.2.0 (2507ff79a0acfec6e94a9a83709b5774491fdbb6),ML-KEM-768,keygen,138,7852000,266556,True,
c9d712db-38a3-4386-9ce7-d3d61e338ba7,a4109b71-5a8c-4d3e-8f45-7de071d0e57a,2026-09-16T11:00:00Z,esp32_xtensa_lx6_arduino,NATIVE_HARDWARE,xtensa_lx6,ESP32 Xtensa Dual-Core 240MHz,2,0,FreeRTOS (ESP-IDF / Arduino Core),xtensa-esp32-elf-gcc,xtensa-esp32-elf-gcc (Espressif),-O2,mlkem-native,v1.2.0 (2507ff79a0acfec6e94a9a83709b5774491fdbb6),ML-KEM-768,encapsulation,138,9155000,266556,True,
c9d712db-38a3-4386-9ce7-d3d61e338ba7,a4109b71-5a8c-4d3e-8f45-7de071d0e57a,2026-09-16T11:00:00Z,esp32_xtensa_lx6_arduino,NATIVE_HARDWARE,xtensa_lx6,ESP32 Xtensa Dual-Core 240MHz,2,0,FreeRTOS (ESP-IDF / Arduino Core),xtensa-esp32-elf-gcc,xtensa-esp32-elf-gcc (Espressif),-O2,mlkem-native,v1.2.0 (2507ff79a0acfec6e94a9a83709b5774491fdbb6),ML-KEM-768,decapsulation,138,11464000,266556,True,
c9d712db-38a3-4386-9ce7-d3d61e338ba7,a4109b71-5a8c-4d3e-8f45-7de071d0e57a,2026-09-16T11:00:00Z,esp32_xtensa_lx6_arduino,NATIVE_HARDWARE,xtensa_lx6,ESP32 Xtensa Dual-Core 240MHz,2,0,FreeRTOS (ESP-IDF / Arduino Core),xtensa-esp32-elf-gcc,xtensa-esp32-elf-gcc (Espressif),-O2,mlkem-native,v1.2.0 (2507ff79a0acfec6e94a9a83709b5774491fdbb6),ML-KEM-768,keygen,139,7855000,266556,True,
c9d712db-38a3-4386-9ce7-d3d61e338ba7,a4109b71-5a8c-4d3e-8f45-7de071d0e57a,2026-09-16T11:00:00Z,esp32_xtensa_lx6_arduino,NATIVE_HARDWARE,xtensa_lx6,ESP32 Xtensa Dual-Core 240MHz,2,0,FreeRTOS (ESP-IDF / Arduino Core),xtensa-esp32-elf-gcc,xtensa-esp32-elf-gcc (Espressif),-O2,mlkem-native,v1.2.0 (2507ff79a0acfec6e94a9a83709b5774491fdbb6),ML-KEM-768,encapsulation,139,9158000,266556,True,
c9d712db-38a3-4386-9ce7-d3d61e338ba7,a4109b71-5a8c-4d3e-8f45-7de071d0e57a,2026-09-16T11:00:00Z,esp32_xtensa_lx6_arduino,NATIVE_HARDWARE,xtensa_lx6,ESP32 Xtensa Dual-Core 240MHz,2,0,FreeRTOS (ESP-IDF / Arduino Core),xtensa-esp32-elf-gcc,xtensa-esp32-elf-gcc (Espressif),-O2,mlkem-native,v1.2.0 (2507ff79a0acfec6e94a9a83709b5774491fdbb6),ML-KEM-768,decapsulation,139,11471000,266556,True,
c9d712db-38a3-4386-9ce7-d3d61e338ba7,a4109b71-5a8c-4d3e-8f45-7de071d0e57a,2026-09-16T11:00:00Z,esp32_xtensa_lx6_arduino,NATIVE_HARDWARE,xtensa_lx6,ESP32 Xtensa Dual-Core 240MHz,2,0,FreeRTOS (ESP-IDF / Arduino Core),xtensa-esp32-elf-gcc,xtensa-esp32-elf-gcc (Espressif),-O2,mlkem-native,v1.2.0 (2507ff79a0acfec6e94a9a83709b5774491fdbb6),ML-KEM-768,keygen,140,7848000,266556,True,
c9d712db-38a3-4386-9ce7-d3d61e338ba7,a4109b71-5a8c-4d3e-8f45-7de071d0e57a,2026-09-16T11:00:00Z,esp32_xtensa_lx6_arduino,NATIVE_HARDWARE,xtensa_lx6,ESP32 Xtensa Dual-Core 240MHz,2,0,FreeRTOS (ESP-IDF / Arduino Core),xtensa-esp32-elf-gcc,xtensa-esp32-elf-gcc (Espressif),-O2,mlkem-native,v1.2.0 (2507ff79a0acfec6e94a9a83709b5774491fdbb6),ML-KEM-768,encapsulation,140,9154000,266556,True,
c9d712db-38a3-4386-9ce7-d3d61e338ba7,a4109b71-5a8c-4d3e-8f45-7de071d0e57a,2026-09-16T11:00:00Z,esp32_xtensa_lx6_arduino,NATIVE_HARDWARE,xtensa_lx6,ESP32 Xtensa Dual-Core 240MHz,2,0,FreeRTOS (ESP-IDF / Arduino Core),xtensa-esp32-elf-gcc,xtensa-esp32-elf-gcc (Espressif),-O2,mlkem-native,v1.2.0 (2507ff79a0acfec6e94a9a83709b5774491fdbb6),ML-KEM-768,decapsulation,140,11463000,266556,True,
c9d712db-38a3-4386-9ce7-d3d61e338ba7,a4109b71-5a8c-4d3e-8f45-7de071d0e57a,2026-09-16T11:00:00Z,esp32_xtensa_lx6_arduino,NATIVE_HARDWARE,xtensa_lx6,ESP32 Xtensa Dual-Core 240MHz,2,0,FreeRTOS (ESP-IDF / Arduino Core),xtensa-esp32-elf-gcc,xtensa-esp32-elf-gcc (Espressif),-O2,mlkem-native,v1.2.0 (2507ff79a0acfec6e94a9a83709b5774491fdbb6),ML-KEM-768,keygen,141,7852000,266556,True,
c9d712db-38a3-4386-9ce7-d3d61e338ba7,a4109b71-5a8c-4d3e-8f45-7de071d0e57a,2026-09-16T11:00:00Z,esp32_xtensa_lx6_arduino,NATIVE_HARDWARE,xtensa_lx6,ESP32 Xtensa Dual-Core 240MHz,2,0,FreeRTOS (ESP-IDF / Arduino Core),xtensa-esp32-elf-gcc,xtensa-esp32-elf-gcc (Espressif),-O2,mlkem-native,v1.2.0 (2507ff79a0acfec6e94a9a83709b5774491fdbb6),ML-KEM-768,encapsulation,141,9155000,266556,True,
c9d712db-38a3-4386-9ce7-d3d61e338ba7,a4109b71-5a8c-4d3e-8f45-7de071d0e57a,2026-09-16T11:00:00Z,esp32_xtensa_lx6_arduino,NATIVE_HARDWARE,xtensa_lx6,ESP32 Xtensa Dual-Core 240MHz,2,0,FreeRTOS (ESP-IDF / Arduino Core),xtensa-esp32-elf-gcc,xtensa-esp32-elf-gcc (Espressif),-O2,mlkem-native,v1.2.0 (2507ff79a0acfec6e94a9a83709b5774491fdbb6),ML-KEM-768,decapsulation,141,11466000,266556,True,
c9d712db-38a3-4386-9ce7-d3d61e338ba7,a4109b71-5a8c-4d3e-8f45-7de071d0e57a,2026-09-16T11:00:00Z,esp32_xtensa_lx6_arduino,NATIVE_HARDWARE,xtensa_lx6,ESP32 Xtensa Dual-Core 240MHz,2,0,FreeRTOS (ESP-IDF / Arduino Core),xtensa-esp32-elf-gcc,xtensa-esp32-elf-gcc (Espressif),-O2,mlkem-native,v1.2.0 (2507ff79a0acfec6e94a9a83709b5774491fdbb6),ML-KEM-768,keygen,142,7854000,266556,True,
c9d712db-38a3-4386-9ce7-d3d61e338ba7,a4109b71-5a8c-4d3e-8f45-7de071d0e57a,2026-09-16T11:00:00Z,esp32_xtensa_lx6_arduino,NATIVE_HARDWARE,xtensa_lx6,ESP32 Xtensa Dual-Core 240MHz,2,0,FreeRTOS (ESP-IDF / Arduino Core),xtensa-esp32-elf-gcc,xtensa-esp32-elf-gcc (Espressif),-O2,mlkem-native,v1.2.0 (2507ff79a0acfec6e94a9a83709b5774491fdbb6),ML-KEM-768,encapsulation,142,9156000,266556,True,
c9d712db-38a3-4386-9ce7-d3d61e338ba7,a4109b71-5a8c-4d3e-8f45-7de071d0e57a,2026-09-16T11:00:00Z,esp32_xtensa_lx6_arduino,NATIVE_HARDWARE,xtensa_lx6,ESP32 Xtensa Dual-Core 240MHz,2,0,FreeRTOS (ESP-IDF / Arduino Core),xtensa-esp32-elf-gcc,xtensa-esp32-elf-gcc (Espressif),-O2,mlkem-native,v1.2.0 (2507ff79a0acfec6e94a9a83709b5774491fdbb6),ML-KEM-768,decapsulation,142,11465000,266556,True,
c9d712db-38a3-4386-9ce7-d3d61e338ba7,a4109b71-5a8c-4d3e-8f45-7de071d0e57a,2026-09-16T11:00:00Z,esp32_xtensa_lx6_arduino,NATIVE_HARDWARE,xtensa_lx6,ESP32 Xtensa Dual-Core 240MHz,2,0,FreeRTOS (ESP-IDF / Arduino Core),xtensa-esp32-elf-gcc,xtensa-esp32-elf-gcc (Espressif),-O2,mlkem-native,v1.2.0 (2507ff79a0acfec6e94a9a83709b5774491fdbb6),ML-KEM-768,keygen,143,7854000,266556,True,
c9d712db-38a3-4386-9ce7-d3d61e338ba7,a4109b71-5a8c-4d3e-8f45-7de071d0e57a,2026-09-16T11:00:00Z,esp32_xtensa_lx6_arduino,NATIVE_HARDWARE,xtensa_lx6,ESP32 Xtensa Dual-Core 240MHz,2,0,FreeRTOS (ESP-IDF / Arduino Core),xtensa-esp32-elf-gcc,xtensa-esp32-elf-gcc (Espressif),-O2,mlkem-native,v1.2.0 (2507ff79a0acfec6e94a9a83709b5774491fdbb6),ML-KEM-768,encapsulation,143,9156000,266556,True,
c9d712db-38a3-4386-9ce7-d3d61e338ba7,a4109b71-5a8c-4d3e-8f45-7de071d0e57a,2026-09-16T11:00:00Z,esp32_xtensa_lx6_arduino,NATIVE_HARDWARE,xtensa_lx6,ESP32 Xtensa Dual-Core 240MHz,2,0,FreeRTOS (ESP-IDF / Arduino Core),xtensa-esp32-elf-gcc,xtensa-esp32-elf-gcc (Espressif),-O2,mlkem-native,v1.2.0 (2507ff79a0acfec6e94a9a83709b5774491fdbb6),ML-KEM-768,decapsulation,143,11469000,266556,True,
c9d712db-38a3-4386-9ce7-d3d61e338ba7,a4109b71-5a8c-4d3e-8f45-7de071d0e57a,2026-09-16T11:00:00Z,esp32_xtensa_lx6_arduino,NATIVE_HARDWARE,xtensa_lx6,ESP32 Xtensa Dual-Core 240MHz,2,0,FreeRTOS (ESP-IDF / Arduino Core),xtensa-esp32-elf-gcc,xtensa-esp32-elf-gcc (Espressif),-O2,mlkem-native,v1.2.0 (2507ff79a0acfec6e94a9a83709b5774491fdbb6),ML-KEM-768,keygen,144,8224000,266556,True,
c9d712db-38a3-4386-9ce7-d3d61e338ba7,a4109b71-5a8c-4d3e-8f45-7de071d0e57a,2026-09-16T11:00:00Z,esp32_xtensa_lx6_arduino,NATIVE_HARDWARE,xtensa_lx6,ESP32 Xtensa Dual-Core 240MHz,2,0,FreeRTOS (ESP-IDF / Arduino Core),xtensa-esp32-elf-gcc,xtensa-esp32-elf-gcc (Espressif),-O2,mlkem-native,v1.2.0 (2507ff79a0acfec6e94a9a83709b5774491fdbb6),ML-KEM-768,encapsulation,144,9526000,266556,True,
c9d712db-38a3-4386-9ce7-d3d61e338ba7,a4109b71-5a8c-4d3e-8f45-7de071d0e57a,2026-09-16T11:00:00Z,esp32_xtensa_lx6_arduino,NATIVE_HARDWARE,xtensa_lx6,ESP32 Xtensa Dual-Core 240MHz,2,0,FreeRTOS (ESP-IDF / Arduino Core),xtensa-esp32-elf-gcc,xtensa-esp32-elf-gcc (Espressif),-O2,mlkem-native,v1.2.0 (2507ff79a0acfec6e94a9a83709b5774491fdbb6),ML-KEM-768,decapsulation,144,11840000,266556,True,
c9d712db-38a3-4386-9ce7-d3d61e338ba7,a4109b71-5a8c-4d3e-8f45-7de071d0e57a,2026-09-16T11:00:00Z,esp32_xtensa_lx6_arduino,NATIVE_HARDWARE,xtensa_lx6,ESP32 Xtensa Dual-Core 240MHz,2,0,FreeRTOS (ESP-IDF / Arduino Core),xtensa-esp32-elf-gcc,xtensa-esp32-elf-gcc (Espressif),-O2,mlkem-native,v1.2.0 (2507ff79a0acfec6e94a9a83709b5774491fdbb6),ML-KEM-768,keygen,145,7854000,266556,True,
c9d712db-38a3-4386-9ce7-d3d61e338ba7,a4109b71-5a8c-4d3e-8f45-7de071d0e57a,2026-09-16T11:00:00Z,esp32_xtensa_lx6_arduino,NATIVE_HARDWARE,xtensa_lx6,ESP32 Xtensa Dual-Core 240MHz,2,0,FreeRTOS (ESP-IDF / Arduino Core),xtensa-esp32-elf-gcc,xtensa-esp32-elf-gcc (Espressif),-O2,mlkem-native,v1.2.0 (2507ff79a0acfec6e94a9a83709b5774491fdbb6),ML-KEM-768,encapsulation,145,9157000,266556,True,
c9d712db-38a3-4386-9ce7-d3d61e338ba7,a4109b71-5a8c-4d3e-8f45-7de071d0e57a,2026-09-16T11:00:00Z,esp32_xtensa_lx6_arduino,NATIVE_HARDWARE,xtensa_lx6,ESP32 Xtensa Dual-Core 240MHz,2,0,FreeRTOS (ESP-IDF / Arduino Core),xtensa-esp32-elf-gcc,xtensa-esp32-elf-gcc (Espressif),-O2,mlkem-native,v1.2.0 (2507ff79a0acfec6e94a9a83709b5774491fdbb6),ML-KEM-768,decapsulation,145,11471000,266556,True,
c9d712db-38a3-4386-9ce7-d3d61e338ba7,a4109b71-5a8c-4d3e-8f45-7de071d0e57a,2026-09-16T11:00:00Z,esp32_xtensa_lx6_arduino,NATIVE_HARDWARE,xtensa_lx6,ESP32 Xtensa Dual-Core 240MHz,2,0,FreeRTOS (ESP-IDF / Arduino Core),xtensa-esp32-elf-gcc,xtensa-esp32-elf-gcc (Espressif),-O2,mlkem-native,v1.2.0 (2507ff79a0acfec6e94a9a83709b5774491fdbb6),ML-KEM-768,keygen,146,7854000,266556,True,
c9d712db-38a3-4386-9ce7-d3d61e338ba7,a4109b71-5a8c-4d3e-8f45-7de071d0e57a,2026-09-16T11:00:00Z,esp32_xtensa_lx6_arduino,NATIVE_HARDWARE,xtensa_lx6,ESP32 Xtensa Dual-Core 240MHz,2,0,FreeRTOS (ESP-IDF / Arduino Core),xtensa-esp32-elf-gcc,xtensa-esp32-elf-gcc (Espressif),-O2,mlkem-native,v1.2.0 (2507ff79a0acfec6e94a9a83709b5774491fdbb6),ML-KEM-768,encapsulation,146,9156000,266556,True,
c9d712db-38a3-4386-9ce7-d3d61e338ba7,a4109b71-5a8c-4d3e-8f45-7de071d0e57a,2026-09-16T11:00:00Z,esp32_xtensa_lx6_arduino,NATIVE_HARDWARE,xtensa_lx6,ESP32 Xtensa Dual-Core 240MHz,2,0,FreeRTOS (ESP-IDF / Arduino Core),xtensa-esp32-elf-gcc,xtensa-esp32-elf-gcc (Espressif),-O2,mlkem-native,v1.2.0 (2507ff79a0acfec6e94a9a83709b5774491fdbb6),ML-KEM-768,decapsulation,146,11465000,266556,True,
c9d712db-38a3-4386-9ce7-d3d61e338ba7,a4109b71-5a8c-4d3e-8f45-7de071d0e57a,2026-09-16T11:00:00Z,esp32_xtensa_lx6_arduino,NATIVE_HARDWARE,xtensa_lx6,ESP32 Xtensa Dual-Core 240MHz,2,0,FreeRTOS (ESP-IDF / Arduino Core),xtensa-esp32-elf-gcc,xtensa-esp32-elf-gcc (Espressif),-O2,mlkem-native,v1.2.0 (2507ff79a0acfec6e94a9a83709b5774491fdbb6),ML-KEM-768,keygen,147,7853000,266556,True,
c9d712db-38a3-4386-9ce7-d3d61e338ba7,a4109b71-5a8c-4d3e-8f45-7de071d0e57a,2026-09-16T11:00:00Z,esp32_xtensa_lx6_arduino,NATIVE_HARDWARE,xtensa_lx6,ESP32 Xtensa Dual-Core 240MHz,2,0,FreeRTOS (ESP-IDF / Arduino Core),xtensa-esp32-elf-gcc,xtensa-esp32-elf-gcc (Espressif),-O2,mlkem-native,v1.2.0 (2507ff79a0acfec6e94a9a83709b5774491fdbb6),ML-KEM-768,encapsulation,147,9156000,266556,True,
c9d712db-38a3-4386-9ce7-d3d61e338ba7,a4109b71-5a8c-4d3e-8f45-7de071d0e57a,2026-09-16T11:00:00Z,esp32_xtensa_lx6_arduino,NATIVE_HARDWARE,xtensa_lx6,ESP32 Xtensa Dual-Core 240MHz,2,0,FreeRTOS (ESP-IDF / Arduino Core),xtensa-esp32-elf-gcc,xtensa-esp32-elf-gcc (Espressif),-O2,mlkem-native,v1.2.0 (2507ff79a0acfec6e94a9a83709b5774491fdbb6),ML-KEM-768,decapsulation,147,11467000,266556,True,
c9d712db-38a3-4386-9ce7-d3d61e338ba7,a4109b71-5a8c-4d3e-8f45-7de071d0e57a,2026-09-16T11:00:00Z,esp32_xtensa_lx6_arduino,NATIVE_HARDWARE,xtensa_lx6,ESP32 Xtensa Dual-Core 240MHz,2,0,FreeRTOS (ESP-IDF / Arduino Core),xtensa-esp32-elf-gcc,xtensa-esp32-elf-gcc (Espressif),-O2,mlkem-native,v1.2.0 (2507ff79a0acfec6e94a9a83709b5774491fdbb6),ML-KEM-768,keygen,148,7851000,266556,True,
c9d712db-38a3-4386-9ce7-d3d61e338ba7,a4109b71-5a8c-4d3e-8f45-7de071d0e57a,2026-09-16T11:00:00Z,esp32_xtensa_lx6_arduino,NATIVE_HARDWARE,xtensa_lx6,ESP32 Xtensa Dual-Core 240MHz,2,0,FreeRTOS (ESP-IDF / Arduino Core),xtensa-esp32-elf-gcc,xtensa-esp32-elf-gcc (Espressif),-O2,mlkem-native,v1.2.0 (2507ff79a0acfec6e94a9a83709b5774491fdbb6),ML-KEM-768,encapsulation,148,9153000,266556,True,
c9d712db-38a3-4386-9ce7-d3d61e338ba7,a4109b71-5a8c-4d3e-8f45-7de071d0e57a,2026-09-16T11:00:00Z,esp32_xtensa_lx6_arduino,NATIVE_HARDWARE,xtensa_lx6,ESP32 Xtensa Dual-Core 240MHz,2,0,FreeRTOS (ESP-IDF / Arduino Core),xtensa-esp32-elf-gcc,xtensa-esp32-elf-gcc (Espressif),-O2,mlkem-native,v1.2.0 (2507ff79a0acfec6e94a9a83709b5774491fdbb6),ML-KEM-768,decapsulation,148,11463000,266556,True,
c9d712db-38a3-4386-9ce7-d3d61e338ba7,a4109b71-5a8c-4d3e-8f45-7de071d0e57a,2026-09-16T11:00:00Z,esp32_xtensa_lx6_arduino,NATIVE_HARDWARE,xtensa_lx6,ESP32 Xtensa Dual-Core 240MHz,2,0,FreeRTOS (ESP-IDF / Arduino Core),xtensa-esp32-elf-gcc,xtensa-esp32-elf-gcc (Espressif),-O2,mlkem-native,v1.2.0 (2507ff79a0acfec6e94a9a83709b5774491fdbb6),ML-KEM-768,keygen,149,7853000,266556,True,
c9d712db-38a3-4386-9ce7-d3d61e338ba7,a4109b71-5a8c-4d3e-8f45-7de071d0e57a,2026-09-16T11:00:00Z,esp32_xtensa_lx6_arduino,NATIVE_HARDWARE,xtensa_lx6,ESP32 Xtensa Dual-Core 240MHz,2,0,FreeRTOS (ESP-IDF / Arduino Core),xtensa-esp32-elf-gcc,xtensa-esp32-elf-gcc (Espressif),-O2,mlkem-native,v1.2.0 (2507ff79a0acfec6e94a9a83709b5774491fdbb6),ML-KEM-768,encapsulation,149,9156000,266556,True,
c9d712db-38a3-4386-9ce7-d3d61e338ba7,a4109b71-5a8c-4d3e-8f45-7de071d0e57a,2026-09-16T11:00:00Z,esp32_xtensa_lx6_arduino,NATIVE_HARDWARE,xtensa_lx6,ESP32 Xtensa Dual-Core 240MHz,2,0,FreeRTOS (ESP-IDF / Arduino Core),xtensa-esp32-elf-gcc,xtensa-esp32-elf-gcc (Espressif),-O2,mlkem-native,v1.2.0 (2507ff79a0acfec6e94a9a83709b5774491fdbb6),ML-KEM-768,decapsulation,149,11470000,266556,True,
c9d712db-38a3-4386-9ce7-d3d61e338ba7,a4109b71-5a8c-4d3e-8f45-7de071d0e57a,2026-09-16T11:00:00Z,esp32_xtensa_lx6_arduino,NATIVE_HARDWARE,xtensa_lx6,ESP32 Xtensa Dual-Core 240MHz,2,0,FreeRTOS (ESP-IDF / Arduino Core),xtensa-esp32-elf-gcc,xtensa-esp32-elf-gcc (Espressif),-O2,mlkem-native,v1.2.0 (2507ff79a0acfec6e94a9a83709b5774491fdbb6),ML-KEM-768,keygen,150,7854000,266556,True,
c9d712db-38a3-4386-9ce7-d3d61e338ba7,a4109b71-5a8c-4d3e-8f45-7de071d0e57a,2026-09-16T11:00:00Z,esp32_xtensa_lx6_arduino,NATIVE_HARDWARE,xtensa_lx6,ESP32 Xtensa Dual-Core 240MHz,2,0,FreeRTOS (ESP-IDF / Arduino Core),xtensa-esp32-elf-gcc,xtensa-esp32-elf-gcc (Espressif),-O2,mlkem-native,v1.2.0 (2507ff79a0acfec6e94a9a83709b5774491fdbb6),ML-KEM-768,encapsulation,150,9158000,266556,True,
c9d712db-38a3-4386-9ce7-d3d61e338ba7,a4109b71-5a8c-4d3e-8f45-7de071d0e57a,2026-09-16T11:00:00Z,esp32_xtensa_lx6_arduino,NATIVE_HARDWARE,xtensa_lx6,ESP32 Xtensa Dual-Core 240MHz,2,0,FreeRTOS (ESP-IDF / Arduino Core),xtensa-esp32-elf-gcc,xtensa-esp32-elf-gcc (Espressif),-O2,mlkem-native,v1.2.0 (2507ff79a0acfec6e94a9a83709b5774491fdbb6),ML-KEM-768,decapsulation,150,11470000,266556,True,
c9d712db-38a3-4386-9ce7-d3d61e338ba7,a4109b71-5a8c-4d3e-8f45-7de071d0e57a,2026-09-16T11:00:00Z,esp32_xtensa_lx6_arduino,NATIVE_HARDWARE,xtensa_lx6,ESP32 Xtensa Dual-Core 240MHz,2,0,FreeRTOS (ESP-IDF / Arduino Core),xtensa-esp32-elf-gcc,xtensa-esp32-elf-gcc (Espressif),-O2,mlkem-native,v1.2.0 (2507ff79a0acfec6e94a9a83709b5774491fdbb6),ML-KEM-768,keygen,151,7855000,266556,True,
c9d712db-38a3-4386-9ce7-d3d61e338ba7,a4109b71-5a8c-4d3e-8f45-7de071d0e57a,2026-09-16T11:00:00Z,esp32_xtensa_lx6_arduino,NATIVE_HARDWARE,xtensa_lx6,ESP32 Xtensa Dual-Core 240MHz,2,0,FreeRTOS (ESP-IDF / Arduino Core),xtensa-esp32-elf-gcc,xtensa-esp32-elf-gcc (Espressif),-O2,mlkem-native,v1.2.0 (2507ff79a0acfec6e94a9a83709b5774491fdbb6),ML-KEM-768,encapsulation,151,9157000,266556,True,
c9d712db-38a3-4386-9ce7-d3d61e338ba7,a4109b71-5a8c-4d3e-8f45-7de071d0e57a,2026-09-16T11:00:00Z,esp32_xtensa_lx6_arduino,NATIVE_HARDWARE,xtensa_lx6,ESP32 Xtensa Dual-Core 240MHz,2,0,FreeRTOS (ESP-IDF / Arduino Core),xtensa-esp32-elf-gcc,xtensa-esp32-elf-gcc (Espressif),-O2,mlkem-native,v1.2.0 (2507ff79a0acfec6e94a9a83709b5774491fdbb6),ML-KEM-768,decapsulation,151,11466000,266556,True,
c9d712db-38a3-4386-9ce7-d3d61e338ba7,a4109b71-5a8c-4d3e-8f45-7de071d0e57a,2026-09-16T11:00:00Z,esp32_xtensa_lx6_arduino,NATIVE_HARDWARE,xtensa_lx6,ESP32 Xtensa Dual-Core 240MHz,2,0,FreeRTOS (ESP-IDF / Arduino Core),xtensa-esp32-elf-gcc,xtensa-esp32-elf-gcc (Espressif),-O2,mlkem-native,v1.2.0 (2507ff79a0acfec6e94a9a83709b5774491fdbb6),ML-KEM-768,keygen,152,7855000,266556,True,
c9d712db-38a3-4386-9ce7-d3d61e338ba7,a4109b71-5a8c-4d3e-8f45-7de071d0e57a,2026-09-16T11:00:00Z,esp32_xtensa_lx6_arduino,NATIVE_HARDWARE,xtensa_lx6,ESP32 Xtensa Dual-Core 240MHz,2,0,FreeRTOS (ESP-IDF / Arduino Core),xtensa-esp32-elf-gcc,xtensa-esp32-elf-gcc (Espressif),-O2,mlkem-native,v1.2.0 (2507ff79a0acfec6e94a9a83709b5774491fdbb6),ML-KEM-768,encapsulation,152,9158000,266556,True,
c9d712db-38a3-4386-9ce7-d3d61e338ba7,a4109b71-5a8c-4d3e-8f45-7de071d0e57a,2026-09-16T11:00:00Z,esp32_xtensa_lx6_arduino,NATIVE_HARDWARE,xtensa_lx6,ESP32 Xtensa Dual-Core 240MHz,2,0,FreeRTOS (ESP-IDF / Arduino Core),xtensa-esp32-elf-gcc,xtensa-esp32-elf-gcc (Espressif),-O2,mlkem-native,v1.2.0 (2507ff79a0acfec6e94a9a83709b5774491fdbb6),ML-KEM-768,decapsulation,152,11469000,266556,True,
c9d712db-38a3-4386-9ce7-d3d61e338ba7,a4109b71-5a8c-4d3e-8f45-7de071d0e57a,2026-09-16T11:00:00Z,esp32_xtensa_lx6_arduino,NATIVE_HARDWARE,xtensa_lx6,ESP32 Xtensa Dual-Core 240MHz,2,0,FreeRTOS (ESP-IDF / Arduino Core),xtensa-esp32-elf-gcc,xtensa-esp32-elf-gcc (Espressif),-O2,mlkem-native,v1.2.0 (2507ff79a0acfec6e94a9a83709b5774491fdbb6),ML-KEM-768,keygen,153,7855000,266556,True,
c9d712db-38a3-4386-9ce7-d3d61e338ba7,a4109b71-5a8c-4d3e-8f45-7de071d0e57a,2026-09-16T11:00:00Z,esp32_xtensa_lx6_arduino,NATIVE_HARDWARE,xtensa_lx6,ESP32 Xtensa Dual-Core 240MHz,2,0,FreeRTOS (ESP-IDF / Arduino Core),xtensa-esp32-elf-gcc,xtensa-esp32-elf-gcc (Espressif),-O2,mlkem-native,v1.2.0 (2507ff79a0acfec6e94a9a83709b5774491fdbb6),ML-KEM-768,encapsulation,153,9157000,266556,True,
c9d712db-38a3-4386-9ce7-d3d61e338ba7,a4109b71-5a8c-4d3e-8f45-7de071d0e57a,2026-09-16T11:00:00Z,esp32_xtensa_lx6_arduino,NATIVE_HARDWARE,xtensa_lx6,ESP32 Xtensa Dual-Core 240MHz,2,0,FreeRTOS (ESP-IDF / Arduino Core),xtensa-esp32-elf-gcc,xtensa-esp32-elf-gcc (Espressif),-O2,mlkem-native,v1.2.0 (2507ff79a0acfec6e94a9a83709b5774491fdbb6),ML-KEM-768,decapsulation,153,11466000,266556,True,
