experiment_id,run_id,timestamp,environment,measurement_type,architecture,processor,cpu_cores,ram_mb,os,compiler,compiler_version,optimization_flags,implementation,implementation_version,mlkem_variant,operation,iteration,execution_time_ns,memory_bytes,success,error_message
a1573bf1-398a-4b41-bcfd-2e58b9f77bfc,8f246007-d113-4fb2-a3b9-2ac9fbdeafe4,2026-09-16T11:00:00Z,esp32_xtensa_lx6_arduino,NATIVE_HARDWARE,xtensa_lx6,ESP32 Xtensa Dual-Core 240MHz,2,0,FreeRTOS (ESP-IDF / Arduino Core),xtensa-esp32-elf-gcc,xtensa-esp32-elf-gcc (Espressif),-O2,mlkem-native,v1.2.0 (2507ff79a0acfec6e94a9a83709b5774491fdbb6),ML-KEM-1024,keygen,1,11960000,264924,True,
a1573bf1-398a-4b41-bcfd-2e58b9f77bfc,8f246007-d113-4fb2-a3b9-2ac9fbdeafe4,2026-09-16T11:00:00Z,esp32_xtensa_lx6_arduino,NATIVE_HARDWARE,xtensa_lx6,ESP32 Xtensa Dual-Core 240MHz,2,0,FreeRTOS (ESP-IDF / Arduino Core),xtensa-esp32-elf-gcc,xtensa-esp32-elf-gcc (Espressif),-O2,mlkem-native,v1.2.0 (2507ff79a0acfec6e94a9a83709b5774491fdbb6),ML-KEM-1024,encapsulation,1,13482000,264924,True,
a1573bf1-398a-4b41-bcfd-2e58b9f77bfc,8f246007-d113-4fb2-a3b9-2ac9fbdeafe4,2026-09-16T11:00:00Z,esp32_xtensa_lx6_arduino,NATIVE_HARDWARE,xtensa_lx6,ESP32 Xtensa Dual-Core 240MHz,2,0,FreeRTOS (ESP-IDF / Arduino Core),xtensa-esp32-elf-gcc,xtensa-esp32-elf-gcc (Espressif),-O2,mlkem-native,v1.2.0 (2507ff79a0acfec6e94a9a83709b5774491fdbb6),ML-KEM-1024,decapsulation,1,16406000,264924,True,
a1573bf1-398a-4b41-bcfd-2e58b9f77bfc,8f246007-d113-4fb2-a3b9-2ac9fbdeafe4,2026-09-16T11:00:00Z,esp32_xtensa_lx6_arduino,NATIVE_HARDWARE,xtensa_lx6,ESP32 Xtensa Dual-Core 240MHz,2,0,FreeRTOS (ESP-IDF / Arduino Core),xtensa-esp32-elf-gcc,xtensa-esp32-elf-gcc (Espressif),-O2,mlkem-native,v1.2.0 (2507ff79a0acfec6e94a9a83709b5774491fdbb6),ML-KEM-1024,keygen,2,11959000,264924,True,
a1573bf1-398a-4b41-bcfd-2e58b9f77bfc,8f246007-d113-4fb2-a3b9-2ac9fbdeafe4,2026-09-16T11:00:00Z,esp32_xtensa_lx6_arduino,NATIVE_HARDWARE,xtensa_lx6,ESP32 Xtensa Dual-Core 240MHz,2,0,FreeRTOS (ESP-IDF / Arduino Core),xtensa-esp32-elf-gcc,xtensa-esp32-elf-gcc (Espressif),-O2,mlkem-native,v1.2.0 (2507ff79a0acfec6e94a9a83709b5774491fdbb6),ML-KEM-1024,encapsulation,2,13476000,264924,True,
a1573bf1-398a-4b41-bcfd-2e58b9f77bfc,8f246007-d113-4fb2-a3b9-2ac9fbdeafe4,2026-09-16T11:00:00Z,esp32_xtensa_lx6_arduino,NATIVE_HARDWARE,xtensa_lx6,ESP32 Xtensa Dual-Core 240MHz,2,0,FreeRTOS (ESP-IDF / Arduino Core),xtensa-esp32-elf-gcc,xtensa-esp32-elf-gcc (Espressif),-O2,mlkem-native,v1.2.0 (2507ff79a0acfec6e94a9a83709b5774491fdbb6),ML-KEM-1024,decapsulation,2,16404000,264924,True,
a1573bf1-398a-4b41-bcfd-2e58b9f77bfc,8f246007-d113-4fb2-a3b9-2ac9fbdeafe4,2026-09-16T11:00:00Z,esp32_xtensa_lx6_arduino,NATIVE_HARDWARE,xtensa_lx6,ESP32 Xtensa Dual-Core 240MHz,2,0,FreeRTOS (ESP-IDF / Arduino Core),xtensa-esp32-elf-gcc,xtensa-esp32-elf-gcc (Espressif),-O2,mlkem-native,v1.2.0 (2507ff79a0acfec6e94a9a83709b5774491fdbb6),ML-KEM-1024,keygen,3,12333000,264924,True,
a1573bf1-398a-4b41-bcfd-2e58b9f77bfc,8f246007-d113-4fb2-a3b9-2ac9fbdeafe4,2026-09-16T11:00:00Z,esp32_xtensa_lx6_arduino,NATIVE_HARDWARE,xtensa_lx6,ESP32 Xtensa Dual-Core 240MHz,2,0,FreeRTOS (ESP-IDF / Arduino Core),xtensa-esp32-elf-gcc,xtensa-esp32-elf-gcc (Espressif),-O2,mlkem-native,v1.2.0 (2507ff79a0acfec6e94a9a83709b5774491fdbb6),ML-KEM-1024,encapsulation,3,13854000,264924,True,
a1573bf1-398a-4b41-bcfd-2e58b9f77bfc,8f246007-d113-4fb2-a3b9-2ac9fbdeafe4,2026-09-16T11:00:00Z,esp32_xtensa_lx6_arduino,NATIVE_HARDWARE,xtensa_lx6,ESP32 Xtensa Dual-Core 240MHz,2,0,FreeRTOS (ESP-IDF / Arduino Core),xtensa-esp32-elf-gcc,xtensa-esp32-elf-gcc (Espressif),-O2,mlkem-native,v1.2.0 (2507ff79a0acfec6e94a9a83709b5774491fdbb6),ML-KEM-1024,decapsulation,3,16783000,264924,True,
a1573bf1-398a-4b41-bcfd-2e58b9f77bfc,8f246007-d113-4fb2-a3b9-2ac9fbdeafe4,2026-09-16T11:00:00Z,esp32_xtensa_lx6_arduino,NATIVE_HARDWARE,xtensa_lx6,ESP32 Xtensa Dual-Core 240MHz,2,0,FreeRTOS (ESP-IDF / Arduino Core),xtensa-esp32-elf-gcc,xtensa-esp32-elf-gcc (Espressif),-O2,mlkem-native,v1.2.0 (2507ff79a0acfec6e94a9a83709b5774491fdbb6),ML-KEM-1024,keygen,4,11961000,264924,True,
a1573bf1-398a-4b41-bcfd-2e58b9f77bfc,8f246007-d113-4fb2-a3b9-2ac9fbdeafe4,2026-09-16T11:00:00Z,esp32_xtensa_lx6_arduino,NATIVE_HARDWARE,xtensa_lx6,ESP32 Xtensa Dual-Core 240MHz,2,0,FreeRTOS (ESP-IDF / Arduino Core),xtensa-esp32-elf-gcc,xtensa-esp32-elf-gcc (Espressif),-O2,mlkem-native,v1.2.0 (2507ff79a0acfec6e94a9a83709b5774491fdbb6),ML-KEM-1024,encapsulation,4,13486000,264924,True,
a1573bf1-398a-4b41-bcfd-2e58b9f77bfc,8f246007-d113-4fb2-a3b9-2ac9fbdeafe4,2026-09-16T11:00:00Z,esp32_xtensa_lx6_arduino,NATIVE_HARDWARE,xtensa_lx6,ESP32 Xtensa Dual-Core 240MHz,2,0,FreeRTOS (ESP-IDF / Arduino Core),xtensa-esp32-elf-gcc,xtensa-esp32-elf-gcc (Espressif),-O2,mlkem-native,v1.2.0 (2507ff79a0acfec6e94a9a83709b5774491fdbb6),ML-KEM-1024,decapsulation,4,16414000,264924,True,
a1573bf1-398a-4b41-bcfd-2e58b9f77bfc,8f246007-d113-4fb2-a3b9-2ac9fbdeafe4,2026-09-16T11:00:00Z,esp32_xtensa_lx6_arduino,NATIVE_HARDWARE,xtensa_lx6,ESP32 Xtensa Dual-Core 240MHz,2,0,FreeRTOS (ESP-IDF / Arduino Core),xtensa-esp32-elf-gcc,xtensa-esp32-elf-gcc (Espressif),-O2,mlkem-native,v1.2.0 (2507ff79a0acfec6e94a9a83709b5774491fdbb6),ML-KEM-1024,keygen,5,11958000,264924,True,
a1573bf1-398a-4b41-bcfd-2e58b9f77bfc,8f246007-d113-4fb2-a3b9-2ac9fbdeafe4,2026-09-16T11:00:00Z,esp32_xtensa_lx6_arduino,NATIVE_HARDWARE,xtensa_lx6,ESP32 Xtensa Dual-Core 240MHz,2,0,FreeRTOS (ESP-IDF / Arduino Core),xtensa-esp32-elf-gcc,xtensa-esp32-elf-gcc (Espressif),-O2,mlkem-native,v1.2.0 (2507ff79a0acfec6e94a9a83709b5774491fdbb6),ML-KEM-1024,encapsulation,5,13480000,264924,True,
a1573bf1-398a-4b41-bcfd-2e58b9f77bfc,8f246007-d113-4fb2-a3b9-2ac9fbdeafe4,2026-09-16T11:00:00Z,esp32_xtensa_lx6_arduino,NATIVE_HARDWARE,xtensa_lx6,ESP32 Xtensa Dual-Core 240MHz,2,0,FreeRTOS (ESP-IDF / Arduino Core),xtensa-esp32-elf-gcc,xtensa-esp32-elf-gcc (Espressif),-O2,mlkem-native,v1.2.0 (2507ff79a0acfec6e94a9a83709b5774491fdbb6),ML-KEM-1024,decapsulation,5,16405000,264924,True,
a1573bf1-398a-4b41-bcfd-2e58b9f77bfc,8f246007-d113-4fb2-a3b9-2ac9fbdeafe4,2026-09-16T11:00:00Z,esp32_xtensa_lx6_arduino,NATIVE_HARDWARE,xtensa_lx6,ESP32 Xtensa Dual-Core 240MHz,2,0,FreeRTOS (ESP-IDF / Arduino Core),xtensa-esp32-elf-gcc,xtensa-esp32-elf-gcc (Espressif),-O2,mlkem-native,v1.2.0 (2507ff79a0acfec6e94a9a83709b5774491fdbb6),ML-KEM-1024,keygen,6,11955000,264924,True,
a1573bf1-398a-4b41-bcfd-2e58b9f77bfc,8f246007-d113-4fb2-a3b9-2ac9fbdeafe4,2026-09-16T11:00:00Z,esp32_xtensa_lx6_arduino,NATIVE_HARDWARE,xtensa_lx6,ESP32 Xtensa Dual-Core 240MHz,2,0,FreeRTOS (ESP-IDF / Arduino Core),xtensa-esp32-elf-gcc,xtensa-esp32-elf-gcc (Espressif),-O2,mlkem-native,v1.2.0 (2507ff79a0acfec6e94a9a83709b5774491fdbb6),ML-KEM-1024,encapsulation,6,13473000,264924,True,
a1573bf1-398a-4b41-bcfd-2e58b9f77bfc,8f246007-d113-4fb2-a3b9-2ac9fbdeafe4,2026-09-16T11:00:00Z,esp32_xtensa_lx6_arduino,NATIVE_HARDWARE,xtensa_lx6,ESP32 Xtensa Dual-Core 240MHz,2,0,FreeRTOS (ESP-IDF / Arduino Core),xtensa-esp32-elf-gcc,xtensa-esp32-elf-gcc (Espressif),-O2,mlkem-native,v1.2.0 (2507ff79a0acfec6e94a9a83709b5774491fdbb6),ML-KEM-1024,decapsulation,6,16401000,264924,True,
a1573bf1-398a-4b41-bcfd-2e58b9f77bfc,8f246007-d113-4fb2-a3b9-2ac9fbdeafe4,2026-09-16T11:00:00Z,esp32_xtensa_lx6_arduino,NATIVE_HARDWARE,xtensa_lx6,ESP32 Xtensa Dual-Core 240MHz,2,0,FreeRTOS (ESP-IDF / Arduino Core),xtensa-esp32-elf-gcc,xtensa-esp32-elf-gcc (Espressif),-O2,mlkem-native,v1.2.0 (2507ff79a0acfec6e94a9a83709b5774491fdbb6),ML-KEM-1024,keygen,7,11957000,264924,True,
a1573bf1-398a-4b41-bcfd-2e58b9f77bfc,8f246007-d113-4fb2-a3b9-2ac9fbdeafe4,2026-09-16T11:00:00Z,esp32_xtensa_lx6_arduino,NATIVE_HARDWARE,xtensa_lx6,ESP32 Xtensa Dual-Core 240MHz,2,0,FreeRTOS (ESP-IDF / Arduino Core),xtensa-esp32-elf-gcc,xtensa-esp32-elf-gcc (Espressif),-O2,mlkem-native,v1.2.0 (2507ff79a0acfec6e94a9a83709b5774491fdbb6),ML-KEM-1024,encapsulation,7,13475000,264924,True,
a1573bf1-398a-4b41-bcfd-2e58b9f77bfc,8f246007-d113-4fb2-a3b9-2ac9fbdeafe4,2026-09-16T11:00:00Z,esp32_xtensa_lx6_arduino,NATIVE_HARDWARE,xtensa_lx6,ESP32 Xtensa Dual-Core 240MHz,2,0,FreeRTOS (ESP-IDF / Arduino Core),xtensa-esp32-elf-gcc,xtensa-esp32-elf-gcc (Espressif),-O2,mlkem-native,v1.2.0 (2507ff79a0acfec6e94a9a83709b5774491fdbb6),ML-KEM-1024,decapsulation,7,16402000,264924,True,
a1573bf1-398a-4b41-bcfd-2e58b9f77bfc,8f246007-d113-4fb2-a3b9-2ac9fbdeafe4,2026-09-16T11:00:00Z,esp32_xtensa_lx6_arduino,NATIVE_HARDWARE,xtensa_lx6,ESP32 Xtensa Dual-Core 240MHz,2,0,FreeRTOS (ESP-IDF / Arduino Core),xtensa-esp32-elf-gcc,xtensa-esp32-elf-gcc (Espressif),-O2,mlkem-native,v1.2.0 (2507ff79a0acfec6e94a9a83709b5774491fdbb6),ML-KEM-1024,keygen,8,11963000,264924,True,
a1573bf1-398a-4b41-bcfd-2e58b9f77bfc,8f246007-d113-4fb2-a3b9-2ac9fbdeafe4,2026-09-16T11:00:00Z,esp32_xtensa_lx6_arduino,NATIVE_HARDWARE,xtensa_lx6,ESP32 Xtensa Dual-Core 240MHz,2,0,FreeRTOS (ESP-IDF / Arduino Core),xtensa-esp32-elf-gcc,xtensa-esp32-elf-gcc (Espressif),-O2,mlkem-native,v1.2.0 (2507ff79a0acfec6e94a9a83709b5774491fdbb6),ML-KEM-1024,encapsulation,8,13481000,264924,True,
a1573bf1-398a-4b41-bcfd-2e58b9f77bfc,8f246007-d113-4fb2-a3b9-2ac9fbdeafe4,2026-09-16T11:00:00Z,esp32_xtensa_lx6_arduino,NATIVE_HARDWARE,xtensa_lx6,ESP32 Xtensa Dual-Core 240MHz,2,0,FreeRTOS (ESP-IDF / Arduino Core),xtensa-esp32-elf-gcc,xtensa-esp32-elf-gcc (Espressif),-O2,mlkem-native,v1.2.0 (2507ff79a0acfec6e94a9a83709b5774491fdbb6),ML-KEM-1024,decapsulation,8,16414000,264924,True,
a1573bf1-398a-4b41-bcfd-2e58b9f77bfc,8f246007-d113-4fb2-a3b9-2ac9fbdeafe4,2026-09-16T11:00:00Z,esp32_xtensa_lx6_arduino,NATIVE_HARDWARE,xtensa_lx6,ESP32 Xtensa Dual-Core 240MHz,2,0,FreeRTOS (ESP-IDF / Arduino Core),xtensa-esp32-elf-gcc,xtensa-esp32-elf-gcc (Espressif),-O2,mlkem-native,v1.2.0 (2507ff79a0acfec6e94a9a83709b5774491fdbb6),ML-KEM-1024,keygen,9,11961000,264924,True,
a1573bf1-398a-4b41-bcfd-2e58b9f77bfc,8f246007-d113-4fb2-a3b9-2ac9fbdeafe4,2026-09-16T11:00:00Z,esp32_xtensa_lx6_arduino,NATIVE_HARDWARE,xtensa_lx6,ESP32 Xtensa Dual-Core 240MHz,2,0,FreeRTOS (ESP-IDF / Arduino Core),xtensa-esp32-elf-gcc,xtensa-esp32-elf-gcc (Espressif),-O2,mlkem-native,v1.2.0 (2507ff79a0acfec6e94a9a83709b5774491fdbb6),ML-KEM-1024,encapsulation,9,13483000,264924,True,
a1573bf1-398a-4b41-bcfd-2e58b9f77bfc,8f246007-d113-4fb2-a3b9-2ac9fbdeafe4,2026-09-16T11:00:00Z,esp32_xtensa_lx6_arduino,NATIVE_HARDWARE,xtensa_lx6,ESP32 Xtensa Dual-Core 240MHz,2,0,FreeRTOS (ESP-IDF / Arduino Core),xtensa-esp32-elf-gcc,xtensa-esp32-elf-gcc (Espressif),-O2,mlkem-native,v1.2.0 (2507ff79a0acfec6e94a9a83709b5774491fdbb6),ML-KEM-1024,decapsulation,9,16411000,264924,True,
a1573bf1-398a-4b41-bcfd-2e58b9f77bfc,8f246007-d113-4fb2-a3b9-2ac9fbdeafe4,2026-09-16T11:00:00Z,esp32_xtensa_lx6_arduino,NATIVE_HARDWARE,xtensa_lx6,ESP32 Xtensa Dual-Core 240MHz,2,0,FreeRTOS (ESP-IDF / Arduino Core),xtensa-esp32-elf-gcc,xtensa-esp32-elf-gcc (Espressif),-O2,mlkem-native,v1.2.0 (2507ff79a0acfec6e94a9a83709b5774491fdbb6),ML-KEM-1024,keygen,10,12331000,264924,True,
a1573bf1-398a-4b41-bcfd-2e58b9f77bfc,8f246007-d113-4fb2-a3b9-2ac9fbdeafe4,2026-09-16T11:00:00Z,esp32_xtensa_lx6_arduino,NATIVE_HARDWARE,xtensa_lx6,ESP32 Xtensa Dual-Core 240MHz,2,0,FreeRTOS (ESP-IDF / Arduino Core),xtensa-esp32-elf-gcc,xtensa-esp32-elf-gcc (Espressif),-O2,mlkem-native,v1.2.0 (2507ff79a0acfec6e94a9a83709b5774491fdbb6),ML-KEM-1024,encapsulation,10,13852000,264924,True,
a1573bf1-398a-4b41-bcfd-2e58b9f77bfc,8f246007-d113-4fb2-a3b9-2ac9fbdeafe4,2026-09-16T11:00:00Z,esp32_xtensa_lx6_arduino,NATIVE_HARDWARE,xtensa_lx6,ESP32 Xtensa Dual-Core 240MHz,2,0,FreeRTOS (ESP-IDF / Arduino Core),xtensa-esp32-elf-gcc,xtensa-esp32-elf-gcc (Espressif),-O2,mlkem-native,v1.2.0 (2507ff79a0acfec6e94a9a83709b5774491fdbb6),ML-KEM-1024,decapsulation,10,16780000,264924,True,
a1573bf1-398a-4b41-bcfd-2e58b9f77bfc,8f246007-d113-4fb2-a3b9-2ac9fbdeafe4,2026-09-16T11:00:00Z,esp32_xtensa_lx6_arduino,NATIVE_HARDWARE,xtensa_lx6,ESP32 Xtensa Dual-Core 240MHz,2,0,FreeRTOS (ESP-IDF / Arduino Core),xtensa-esp32-elf-gcc,xtensa-esp32-elf-gcc (Espressif),-O2,mlkem-native,v1.2.0 (2507ff79a0acfec6e94a9a83709b5774491fdbb6),ML-KEM-1024,keygen,11,11960000,264924,True,
a1573bf1-398a-4b41-bcfd-2e58b9f77bfc,8f246007-d113-4fb2-a3b9-2ac9fbdeafe4,2026-09-16T11:00:00Z,esp32_xtensa_lx6_arduino,NATIVE_HARDWARE,xtensa_lx6,ESP32 Xtensa Dual-Core 240MHz,2,0,FreeRTOS (ESP-IDF / Arduino Core),xtensa-esp32-elf-gcc,xtensa-esp32-elf-gcc (Espressif),-O2,mlkem-native,v1.2.0 (2507ff79a0acfec6e94a9a83709b5774491fdbb6),ML-KEM-1024,encapsulation,11,13478000,264924,True,
a1573bf1-398a-4b41-bcfd-2e58b9f77bfc,8f246007-d113-4fb2-a3b9-2ac9fbdeafe4,2026-09-16T11:00:00Z,esp32_xtensa_lx6_arduino,NATIVE_HARDWARE,xtensa_lx6,ESP32 Xtensa Dual-Core 240MHz,2,0,FreeRTOS (ESP-IDF / Arduino Core),xtensa-esp32-elf-gcc,xtensa-esp32-elf-gcc (Espressif),-O2,mlkem-native,v1.2.0 (2507ff79a0acfec6e94a9a83709b5774491fdbb6),ML-KEM-1024,decapsulation,11,16406000,264924,True,
a1573bf1-398a-4b41-bcfd-2e58b9f77bfc,8f246007-d113-4fb2-a3b9-2ac9fbdeafe4,2026-09-16T11:00:00Z,esp32_xtensa_lx6_arduino,NATIVE_HARDWARE,xtensa_lx6,ESP32 Xtensa Dual-Core 240MHz,2,0,FreeRTOS (ESP-IDF / Arduino Core),xtensa-esp32-elf-gcc,xtensa-esp32-elf-gcc (Espressif),-O2,mlkem-native,v1.2.0 (2507ff79a0acfec6e94a9a83709b5774491fdbb6),ML-KEM-1024,keygen,12,11963000,264924,True,
a1573bf1-398a-4b41-bcfd-2e58b9f77bfc,8f246007-d113-4fb2-a3b9-2ac9fbdeafe4,2026-09-16T11:00:00Z,esp32_xtensa_lx6_arduino,NATIVE_HARDWARE,xtensa_lx6,ESP32 Xtensa Dual-Core 240MHz,2,0,FreeRTOS (ESP-IDF / Arduino Core),xtensa-esp32-elf-gcc,xtensa-esp32-elf-gcc (Espressif),-O2,mlkem-native,v1.2.0 (2507ff79a0acfec6e94a9a83709b5774491fdbb6),ML-KEM-1024,encapsulation,12,13481000,264924,True,
a1573bf1-398a-4b41-bcfd-2e58b9f77bfc,8f246007-d113-4fb2-a3b9-2ac9fbdeafe4,2026-09-16T11:00:00Z,esp32_xtensa_lx6_arduino,NATIVE_HARDWARE,xtensa_lx6,ESP32 Xtensa Dual-Core 240MHz,2,0,FreeRTOS (ESP-IDF / Arduino Core),xtensa-esp32-elf-gcc,xtensa-esp32-elf-gcc (Espressif),-O2,mlkem-native,v1.2.0 (2507ff79a0acfec6e94a9a83709b5774491fdbb6),ML-KEM-1024,decapsulation,12,16414000,264924,True,
a1573bf1-398a-4b41-bcfd-2e58b9f77bfc,8f246007-d113-4fb2-a3b9-2ac9fbdeafe4,2026-09-16T11:00:00Z,esp32_xtensa_lx6_arduino,NATIVE_HARDWARE,xtensa_lx6,ESP32 Xtensa Dual-Core 240MHz,2,0,FreeRTOS (ESP-IDF / Arduino Core),xtensa-esp32-elf-gcc,xtensa-esp32-elf-gcc (Espressif),-O2,mlkem-native,v1.2.0 (2507ff79a0acfec6e94a9a83709b5774491fdbb6),ML-KEM-1024,keygen,13,11959000,264924,True,
a1573bf1-398a-4b41-bcfd-2e58b9f77bfc,8f246007-d113-4fb2-a3b9-2ac9fbdeafe4,2026-09-16T11:00:00Z,esp32_xtensa_lx6_arduino,NATIVE_HARDWARE,xtensa_lx6,ESP32 Xtensa Dual-Core 240MHz,2,0,FreeRTOS (ESP-IDF / Arduino Core),xtensa-esp32-elf-gcc,xtensa-esp32-elf-gcc (Espressif),-O2,mlkem-native,v1.2.0 (2507ff79a0acfec6e94a9a83709b5774491fdbb6),ML-KEM-1024,encapsulation,13,13480000,264924,True,
a1573bf1-398a-4b41-bcfd-2e58b9f77bfc,8f246007-d113-4fb2-a3b9-2ac9fbdeafe4,2026-09-16T11:00:00Z,esp32_xtensa_lx6_arduino,NATIVE_HARDWARE,xtensa_lx6,ESP32 Xtensa Dual-Core 240MHz,2,0,FreeRTOS (ESP-IDF / Arduino Core),xtensa-esp32-elf-gcc,xtensa-esp32-elf-gcc (Espressif),-O2,mlkem-native,v1.2.0 (2507ff79a0acfec6e94a9a83709b5774491fdbb6),ML-KEM-1024,decapsulation,13,16409000,264924,True,
a1573bf1-398a-4b41-bcfd-2e58b9f77bfc,8f246007-d113-4fb2-a3b9-2ac9fbdeafe4,2026-09-16T11:00:00Z,esp32_xtensa_lx6_arduino,NATIVE_HARDWARE,xtensa_lx6,ESP32 Xtensa Dual-Core 240MHz,2,0,FreeRTOS (ESP-IDF / Arduino Core),xtensa-esp32-elf-gcc,xtensa-esp32-elf-gcc (Espressif),-O2,mlkem-native,v1.2.0 (2507ff79a0acfec6e94a9a83709b5774491fdbb6),ML-KEM-1024,keygen,14,11965000,264924,True,
a1573bf1-398a-4b41-bcfd-2e58b9f77bfc,8f246007-d113-4fb2-a3b9-2ac9fbdeafe4,2026-09-16T11:00:00Z,esp32_xtensa_lx6_arduino,NATIVE_HARDWARE,xtensa_lx6,ESP32 Xtensa Dual-Core 240MHz,2,0,FreeRTOS (ESP-IDF / Arduino Core),xtensa-esp32-elf-gcc,xtensa-esp32-elf-gcc (Espressif),-O2,mlkem-native,v1.2.0 (2507ff79a0acfec6e94a9a83709b5774491fdbb6),ML-KEM-1024,encapsulation,14,13486000,264924,True,
a1573bf1-398a-4b41-bcfd-2e58b9f77bfc,8f246007-d113-4fb2-a3b9-2ac9fbdeafe4,2026-09-16T11:00:00Z,esp32_xtensa_lx6_arduino,NATIVE_HARDWARE,xtensa_lx6,ESP32 Xtensa Dual-Core 240MHz,2,0,FreeRTOS (ESP-IDF / Arduino Core),xtensa-esp32-elf-gcc,xtensa-esp32-elf-gcc (Espressif),-O2,mlkem-native,v1.2.0 (2507ff79a0acfec6e94a9a83709b5774491fdbb6),ML-KEM-1024,decapsulation,14,16409000,264924,True,
a1573bf1-398a-4b41-bcfd-2e58b9f77bfc,8f246007-d113-4fb2-a3b9-2ac9fbdeafe4,2026-09-16T11:00:00Z,esp32_xtensa_lx6_arduino,NATIVE_HARDWARE,xtensa_lx6,ESP32 Xtensa Dual-Core 240MHz,2,0,FreeRTOS (ESP-IDF / Arduino Core),xtensa-esp32-elf-gcc,xtensa-esp32-elf-gcc (Espressif),-O2,mlkem-native,v1.2.0 (2507ff79a0acfec6e94a9a83709b5774491fdbb6),ML-KEM-1024,keygen,15,11965000,264924,True,
a1573bf1-398a-4b41-bcfd-2e58b9f77bfc,8f246007-d113-4fb2-a3b9-2ac9fbdeafe4,2026-09-16T11:00:00Z,esp32_xtensa_lx6_arduino,NATIVE_HARDWARE,xtensa_lx6,ESP32 Xtensa Dual-Core 240MHz,2,0,FreeRTOS (ESP-IDF / Arduino Core),xtensa-esp32-elf-gcc,xtensa-esp32-elf-gcc (Espressif),-O2,mlkem-native,v1.2.0 (2507ff79a0acfec6e94a9a83709b5774491fdbb6),ML-KEM-1024,encapsulation,15,13487000,264924,True,
a1573bf1-398a-4b41-bcfd-2e58b9f77bfc,8f246007-d113-4fb2-a3b9-2ac9fbdeafe4,2026-09-16T11:00:00Z,esp32_xtensa_lx6_arduino,NATIVE_HARDWARE,xtensa_lx6,ESP32 Xtensa Dual-Core 240MHz,2,0,FreeRTOS (ESP-IDF / Arduino Core),xtensa-esp32-elf-gcc,xtensa-esp32-elf-gcc (Espressif),-O2,mlkem-native,v1.2.0 (2507ff79a0acfec6e94a9a83709b5774491fdbb6),ML-KEM-1024,decapsulation,15,16410000,264924,True,
a1573bf1-398a-4b41-bcfd-2e58b9f77bfc,8f246007-d113-4fb2-a3b9-2ac9fbdeafe4,2026-09-16T11:00:00Z,esp32_xtensa_lx6_arduino,NATIVE_HARDWARE,xtensa_lx6,ESP32 Xtensa Dual-Core 240MHz,2,0,FreeRTOS (ESP-IDF / Arduino Core),xtensa-esp32-elf-gcc,xtensa-esp32-elf-gcc (Espressif),-O2,mlkem-native,v1.2.0 (2507ff79a0acfec6e94a9a83709b5774491fdbb6),ML-KEM-1024,keygen,16,11964000,264924,True,
a1573bf1-398a-4b41-bcfd-2e58b9f77bfc,8f246007-d113-4fb2-a3b9-2ac9fbdeafe4,2026-09-16T11:00:00Z,esp32_xtensa_lx6_arduino,NATIVE_HARDWARE,xtensa_lx6,ESP32 Xtensa Dual-Core 240MHz,2,0,FreeRTOS (ESP-IDF / Arduino Core),xtensa-esp32-elf-gcc,xtensa-esp32-elf-gcc (Espressif),-O2,mlkem-native,v1.2.0 (2507ff79a0acfec6e94a9a83709b5774491fdbb6),ML-KEM-1024,encapsulation,16,13482000,264924,True,
a1573bf1-398a-4b41-bcfd-2e58b9f77bfc,8f246007-d113-4fb2-a3b9-2ac9fbdeafe4,2026-09-16T11:00:00Z,esp32_xtensa_lx6_arduino,NATIVE_HARDWARE,xtensa_lx6,ESP32 Xtensa Dual-Core 240MHz,2,0,FreeRTOS (ESP-IDF / Arduino Core),xtensa-esp32-elf-gcc,xtensa-esp32-elf-gcc (Espressif),-O2,mlkem-native,v1.2.0 (2507ff79a0acfec6e94a9a83709b5774491fdbb6),ML-KEM-1024,decapsulation,16,16408000,264924,True,
a1573bf1-398a-4b41-bcfd-2e58b9f77bfc,8f246007-d113-4fb2-a3b9-2ac9fbdeafe4,2026-09-16T11:00:00Z,esp32_xtensa_lx6_arduino,NATIVE_HARDWARE,xtensa_lx6,ESP32 Xtensa Dual-Core 240MHz,2,0,FreeRTOS (ESP-IDF / Arduino Core),xtensa-esp32-elf-gcc,xtensa-esp32-elf-gcc (Espressif),-O2,mlkem-native,v1.2.0 (2507ff79a0acfec6e94a9a83709b5774491fdbb6),ML-KEM-1024,keygen,17,11962000,264924,True,
a1573bf1-398a-4b41-bcfd-2e58b9f77bfc,8f246007-d113-4fb2-a3b9-2ac9fbdeafe4,2026-09-16T11:00:00Z,esp32_xtensa_lx6_arduino,NATIVE_HARDWARE,xtensa_lx6,ESP32 Xtensa Dual-Core 240MHz,2,0,FreeRTOS (ESP-IDF / Arduino Core),xtensa-esp32-elf-gcc,xtensa-esp32-elf-gcc (Espressif),-O2,mlkem-native,v1.2.0 (2507ff79a0acfec6e94a9a83709b5774491fdbb6),ML-KEM-1024,encapsulation,17,13480000,264924,True,
a1573bf1-398a-4b41-bcfd-2e58b9f77bfc,8f246007-d113-4fb2-a3b9-2ac9fbdeafe4,2026-09-16T11:00:00Z,esp32_xtensa_lx6_arduino,NATIVE_HARDWARE,xtensa_lx6,ESP32 Xtensa Dual-Core 240MHz,2,0,FreeRTOS (ESP-IDF / Arduino Core),xtensa-esp32-elf-gcc,xtensa-esp32-elf-gcc (Espressif),-O2,mlkem-native,v1.2.0 (2507ff79a0acfec6e94a9a83709b5774491fdbb6),ML-KEM-1024,decapsulation,17,16412000,264924,True,
a1573bf1-398a-4b41-bcfd-2e58b9f77bfc,8f246007-d113-4fb2-a3b9-2ac9fbdeafe4,2026-09-16T11:00:00Z,esp32_xtensa_lx6_arduino,NATIVE_HARDWARE,xtensa_lx6,ESP32 Xtensa Dual-Core 240MHz,2,0,FreeRTOS (ESP-IDF / Arduino Core),xtensa-esp32-elf-gcc,xtensa-esp32-elf-gcc (Espressif),-O2,mlkem-native,v1.2.0 (2507ff79a0acfec6e94a9a83709b5774491fdbb6),ML-KEM-1024,keygen,18,11960000,264924,True,
a1573bf1-398a-4b41-bcfd-2e58b9f77bfc,8f246007-d113-4fb2-a3b9-2ac9fbdeafe4,2026-09-16T11:00:00Z,esp32_xtensa_lx6_arduino,NATIVE_HARDWARE,xtensa_lx6,ESP32 Xtensa Dual-Core 240MHz,2,0,FreeRTOS (ESP-IDF / Arduino Core),xtensa-esp32-elf-gcc,xtensa-esp32-elf-gcc (Espressif),-O2,mlkem-native,v1.2.0 (2507ff79a0acfec6e94a9a83709b5774491fdbb6),ML-KEM-1024,encapsulation,18,13483000,264924,True,
a1573bf1-398a-4b41-bcfd-2e58b9f77bfc,8f246007-d113-4fb2-a3b9-2ac9fbdeafe4,2026-09-16T11:00:00Z,esp32_xtensa_lx6_arduino,NATIVE_HARDWARE,xtensa_lx6,ESP32 Xtensa Dual-Core 240MHz,2,0,FreeRTOS (ESP-IDF / Arduino Core),xtensa-esp32-elf-gcc,xtensa-esp32-elf-gcc (Espressif),-O2,mlkem-native,v1.2.0 (2507ff79a0acfec6e94a9a83709b5774491fdbb6),ML-KEM-1024,decapsulation,18,16411000,264924,True,
a1573bf1-398a-4b41-bcfd-2e58b9f77bfc,8f246007-d113-4fb2-a3b9-2ac9fbdeafe4,2026-09-16T11:00:00Z,esp32_xtensa_lx6_arduino,NATIVE_HARDWARE,xtensa_lx6,ESP32 Xtensa Dual-Core 240MHz,2,0,FreeRTOS (ESP-IDF / Arduino Core),xtensa-esp32-elf-gcc,xtensa-esp32-elf-gcc (Espressif),-O2,mlkem-native,v1.2.0 (2507ff79a0acfec6e94a9a83709b5774491fdbb6),ML-KEM-1024,keygen,19,11963000,264924,True,
a1573bf1-398a-4b41-bcfd-2e58b9f77bfc,8f246007-d113-4fb2-a3b9-2ac9fbdeafe4,2026-09-16T11:00:00Z,esp32_xtensa_lx6_arduino,NATIVE_HARDWARE,xtensa_lx6,ESP32 Xtensa Dual-Core 240MHz,2,0,FreeRTOS (ESP-IDF / Arduino Core),xtensa-esp32-elf-gcc,xtensa-esp32-elf-gcc (Espressif),-O2,mlkem-native,v1.2.0 (2507ff79a0acfec6e94a9a83709b5774491fdbb6),ML-KEM-1024,encapsulation,19,13485000,264924,True,
a1573bf1-398a-4b41-bcfd-2e58b9f77bfc,8f246007-d113-4fb2-a3b9-2ac9fbdeafe4,2026-09-16T11:00:00Z,esp32_xtensa_lx6_arduino,NATIVE_HARDWARE,xtensa_lx6,ESP32 Xtensa Dual-Core 240MHz,2,0,FreeRTOS (ESP-IDF / Arduino Core),xtensa-esp32-elf-gcc,xtensa-esp32-elf-gcc (Espressif),-O2,mlkem-native,v1.2.0 (2507ff79a0acfec6e94a9a83709b5774491fdbb6),ML-KEM-1024,decapsulation,19,16408000,264924,True,
a1573bf1-398a-4b41-bcfd-2e58b9f77bfc,8f246007-d113-4fb2-a3b9-2ac9fbdeafe4,2026-09-16T11:00:00Z,esp32_xtensa_lx6_arduino,NATIVE_HARDWARE,xtensa_lx6,ESP32 Xtensa Dual-Core 240MHz,2,0,FreeRTOS (ESP-IDF / Arduino Core),xtensa-esp32-elf-gcc,xtensa-esp32-elf-gcc (Espressif),-O2,mlkem-native,v1.2.0 (2507ff79a0acfec6e94a9a83709b5774491fdbb6),ML-KEM-1024,keygen,20,11965000,264924,True,
a1573bf1-398a-4b41-bcfd-2e58b9f77bfc,8f246007-d113-4fb2-a3b9-2ac9fbdeafe4,2026-09-16T11:00:00Z,esp32_xtensa_lx6_arduino,NATIVE_HARDWARE,xtensa_lx6,ESP32 Xtensa Dual-Core 240MHz,2,0,FreeRTOS (ESP-IDF / Arduino Core),xtensa-esp32-elf-gcc,xtensa-esp32-elf-gcc (Espressif),-O2,mlkem-native,v1.2.0 (2507ff79a0acfec6e94a9a83709b5774491fdbb6),ML-KEM-1024,encapsulation,20,13487000,264924,True,
a1573bf1-398a-4b41-bcfd-2e58b9f77bfc,8f246007-d113-4fb2-a3b9-2ac9fbdeafe4,2026-09-16T11:00:00Z,esp32_xtensa_lx6_arduino,NATIVE_HARDWARE,xtensa_lx6,ESP32 Xtensa Dual-Core 240MHz,2,0,FreeRTOS (ESP-IDF / Arduino Core),xtensa-esp32-elf-gcc,xtensa-esp32-elf-gcc (Espressif),-O2,mlkem-native,v1.2.0 (2507ff79a0acfec6e94a9a83709b5774491fdbb6),ML-KEM-1024,decapsulation,20,16410000,264924,True,
a1573bf1-398a-4b41-bcfd-2e58b9f77bfc,8f246007-d113-4fb2-a3b9-2ac9fbdeafe4,2026-09-16T11:00:00Z,esp32_xtensa_lx6_arduino,NATIVE_HARDWARE,xtensa_lx6,ESP32 Xtensa Dual-Core 240MHz,2,0,FreeRTOS (ESP-IDF / Arduino Core),xtensa-esp32-elf-gcc,xtensa-esp32-elf-gcc (Espressif),-O2,mlkem-native,v1.2.0 (2507ff79a0acfec6e94a9a83709b5774491fdbb6),ML-KEM-1024,keygen,21,11961000,264924,True,
a1573bf1-398a-4b41-bcfd-2e58b9f77bfc,8f246007-d113-4fb2-a3b9-2ac9fbdeafe4,2026-09-16T11:00:00Z,esp32_xtensa_lx6_arduino,NATIVE_HARDWARE,xtensa_lx6,ESP32 Xtensa Dual-Core 240MHz,2,0,FreeRTOS (ESP-IDF / Arduino Core),xtensa-esp32-elf-gcc,xtensa-esp32-elf-gcc (Espressif),-O2,mlkem-native,v1.2.0 (2507ff79a0acfec6e94a9a83709b5774491fdbb6),ML-KEM-1024,encapsulation,21,13478000,264924,True,
a1573bf1-398a-4b41-bcfd-2e58b9f77bfc,8f246007-d113-4fb2-a3b9-2ac9fbdeafe4,2026-09-16T11:00:00Z,esp32_xtensa_lx6_arduino,NATIVE_HARDWARE,xtensa_lx6,ESP32 Xtensa Dual-Core 240MHz,2,0,FreeRTOS (ESP-IDF / Arduino Core),xtensa-esp32-elf-gcc,xtensa-esp32-elf-gcc (Espressif),-O2,mlkem-native,v1.2.0 (2507ff79a0acfec6e94a9a83709b5774491fdbb6),ML-KEM-1024,decapsulation,21,16406000,264924,True,
a1573bf1-398a-4b41-bcfd-2e58b9f77bfc,8f246007-d113-4fb2-a3b9-2ac9fbdeafe4,2026-09-16T11:00:00Z,esp32_xtensa_lx6_arduino,NATIVE_HARDWARE,xtensa_lx6,ESP32 Xtensa Dual-Core 240MHz,2,0,FreeRTOS (ESP-IDF / Arduino Core),xtensa-esp32-elf-gcc,xtensa-esp32-elf-gcc (Espressif),-O2,mlkem-native,v1.2.0 (2507ff79a0acfec6e94a9a83709b5774491fdbb6),ML-KEM-1024,keygen,22,11956000,264924,True,
a1573bf1-398a-4b41-bcfd-2e58b9f77bfc,8f246007-d113-4fb2-a3b9-2ac9fbdeafe4,2026-09-16T11:00:00Z,esp32_xtensa_lx6_arduino,NATIVE_HARDWARE,xtensa_lx6,ESP32 Xtensa Dual-Core 240MHz,2,0,FreeRTOS (ESP-IDF / Arduino Core),xtensa-esp32-elf-gcc,xtensa-esp32-elf-gcc (Espressif),-O2,mlkem-native,v1.2.0 (2507ff79a0acfec6e94a9a83709b5774491fdbb6),ML-KEM-1024,encapsulation,22,13474000,264924,True,
a1573bf1-398a-4b41-bcfd-2e58b9f77bfc,8f246007-d113-4fb2-a3b9-2ac9fbdeafe4,2026-09-16T11:00:00Z,esp32_xtensa_lx6_arduino,NATIVE_HARDWARE,xtensa_lx6,ESP32 Xtensa Dual-Core 240MHz,2,0,FreeRTOS (ESP-IDF / Arduino Core),xtensa-esp32-elf-gcc,xtensa-esp32-elf-gcc (Espressif),-O2,mlkem-native,v1.2.0 (2507ff79a0acfec6e94a9a83709b5774491fdbb6),ML-KEM-1024,decapsulation,22,16407000,264924,True,
a1573bf1-398a-4b41-bcfd-2e58b9f77bfc,8f246007-d113-4fb2-a3b9-2ac9fbdeafe4,2026-09-16T11:00:00Z,esp32_xtensa_lx6_arduino,NATIVE_HARDWARE,xtensa_lx6,ESP32 Xtensa Dual-Core 240MHz,2,0,FreeRTOS (ESP-IDF / Arduino Core),xtensa-esp32-elf-gcc,xtensa-esp32-elf-gcc (Espressif),-O2,mlkem-native,v1.2.0 (2507ff79a0acfec6e94a9a83709b5774491fdbb6),ML-KEM-1024,keygen,23,11958000,264924,True,
a1573bf1-398a-4b41-bcfd-2e58b9f77bfc,8f246007-d113-4fb2-a3b9-2ac9fbdeafe4,2026-09-16T11:00:00Z,esp32_xtensa_lx6_arduino,NATIVE_HARDWARE,xtensa_lx6,ESP32 Xtensa Dual-Core 240MHz,2,0,FreeRTOS (ESP-IDF / Arduino Core),xtensa-esp32-elf-gcc,xtensa-esp32-elf-gcc (Espressif),-O2,mlkem-native,v1.2.0 (2507ff79a0acfec6e94a9a83709b5774491fdbb6),ML-KEM-1024,encapsulation,23,13480000,264924,True,
a1573bf1-398a-4b41-bcfd-2e58b9f77bfc,8f246007-d113-4fb2-a3b9-2ac9fbdeafe4,2026-09-16T11:00:00Z,esp32_xtensa_lx6_arduino,NATIVE_HARDWARE,xtensa_lx6,ESP32 Xtensa Dual-Core 240MHz,2,0,FreeRTOS (ESP-IDF / Arduino Core),xtensa-esp32-elf-gcc,xtensa-esp32-elf-gcc (Espressif),-O2,mlkem-native,v1.2.0 (2507ff79a0acfec6e94a9a83709b5774491fdbb6),ML-KEM-1024,decapsulation,23,16408000,264924,True,
a1573bf1-398a-4b41-bcfd-2e58b9f77bfc,8f246007-d113-4fb2-a3b9-2ac9fbdeafe4,2026-09-16T11:00:00Z,esp32_xtensa_lx6_arduino,NATIVE_HARDWARE,xtensa_lx6,ESP32 Xtensa Dual-Core 240MHz,2,0,FreeRTOS (ESP-IDF / Arduino Core),xtensa-esp32-elf-gcc,xtensa-esp32-elf-gcc (Espressif),-O2,mlkem-native,v1.2.0 (2507ff79a0acfec6e94a9a83709b5774491fdbb6),ML-KEM-1024,keygen,24,11962000,264924,True,
a1573bf1-398a-4b41-bcfd-2e58b9f77bfc,8f246007-d113-4fb2-a3b9-2ac9fbdeafe4,2026-09-16T11:00:00Z,esp32_xtensa_lx6_arduino,NATIVE_HARDWARE,xtensa_lx6,ESP32 Xtensa Dual-Core 240MHz,2,0,FreeRTOS (ESP-IDF / Arduino Core),xtensa-esp32-elf-gcc,xtensa-esp32-elf-gcc (Espressif),-O2,mlkem-native,v1.2.0 (2507ff79a0acfec6e94a9a83709b5774491fdbb6),ML-KEM-1024,encapsulation,24,13484000,264924,True,
a1573bf1-398a-4b41-bcfd-2e58b9f77bfc,8f246007-d113-4fb2-a3b9-2ac9fbdeafe4,2026-09-16T11:00:00Z,esp32_xtensa_lx6_arduino,NATIVE_HARDWARE,xtensa_lx6,ESP32 Xtensa Dual-Core 240MHz,2,0,FreeRTOS (ESP-IDF / Arduino Core),xtensa-esp32-elf-gcc,xtensa-esp32-elf-gcc (Espressif),-O2,mlkem-native,v1.2.0 (2507ff79a0acfec6e94a9a83709b5774491fdbb6),ML-KEM-1024,decapsulation,24,16408000,264924,True,
a1573bf1-398a-4b41-bcfd-2e58b9f77bfc,8f246007-d113-4fb2-a3b9-2ac9fbdeafe4,2026-09-16T11:00:00Z,esp32_xtensa_lx6_arduino,NATIVE_HARDWARE,xtensa_lx6,ESP32 Xtensa Dual-Core 240MHz,2,0,FreeRTOS (ESP-IDF / Arduino Core),xtensa-esp32-elf-gcc,xtensa-esp32-elf-gcc (Espressif),-O2,mlkem-native,v1.2.0 (2507ff79a0acfec6e94a9a83709b5774491fdbb6),ML-KEM-1024,keygen,25,11966000,264924,True,
a1573bf1-398a-4b41-bcfd-2e58b9f77bfc,8f246007-d113-4fb2-a3b9-2ac9fbdeafe4,2026-09-16T11:00:00Z,esp32_xtensa_lx6_arduino,NATIVE_HARDWARE,xtensa_lx6,ESP32 Xtensa Dual-Core 240MHz,2,0,FreeRTOS (ESP-IDF / Arduino Core),xtensa-esp32-elf-gcc,xtensa-esp32-elf-gcc (Espressif),-O2,mlkem-native,v1.2.0 (2507ff79a0acfec6e94a9a83709b5774491fdbb6),ML-KEM-1024,encapsulation,25,13488000,264924,True,
a1573bf1-398a-4b41-bcfd-2e58b9f77bfc,8f246007-d113-4fb2-a3b9-2ac9fbdeafe4,2026-09-16T11:00:00Z,esp32_xtensa_lx6_arduino,NATIVE_HARDWARE,xtensa_lx6,ESP32 Xtensa Dual-Core 240MHz,2,0,FreeRTOS (ESP-IDF / Arduino Core),xtensa-esp32-elf-gcc,xtensa-esp32-elf-gcc (Espressif),-O2,mlkem-native,v1.2.0 (2507ff79a0acfec6e94a9a83709b5774491fdbb6),ML-KEM-1024,decapsulation,25,16412000,264924,True,
a1573bf1-398a-4b41-bcfd-2e58b9f77bfc,8f246007-d113-4fb2-a3b9-2ac9fbdeafe4,2026-09-16T11:00:00Z,esp32_xtensa_lx6_arduino,NATIVE_HARDWARE,xtensa_lx6,ESP32 Xtensa Dual-Core 240MHz,2,0,FreeRTOS (ESP-IDF / Arduino Core),xtensa-esp32-elf-gcc,xtensa-esp32-elf-gcc (Espressif),-O2,mlkem-native,v1.2.0 (2507ff79a0acfec6e94a9a83709b5774491fdbb6),ML-KEM-1024,keygen,26,11962000,264924,True,
a1573bf1-398a-4b41-bcfd-2e58b9f77bfc,8f246007-d113-4fb2-a3b9-2ac9fbdeafe4,2026-09-16T11:00:00Z,esp32_xtensa_lx6_arduino,NATIVE_HARDWARE,xtensa_lx6,ESP32 Xtensa Dual-Core 240MHz,2,0,FreeRTOS (ESP-IDF / Arduino Core),xtensa-esp32-elf-gcc,xtensa-esp32-elf-gcc (Espressif),-O2,mlkem-native,v1.2.0 (2507ff79a0acfec6e94a9a83709b5774491fdbb6),ML-KEM-1024,encapsulation,26,13479000,264924,True,
a1573bf1-398a-4b41-bcfd-2e58b9f77bfc,8f246007-d113-4fb2-a3b9-2ac9fbdeafe4,2026-09-16T11:00:00Z,esp32_xtensa_lx6_arduino,NATIVE_HARDWARE,xtensa_lx6,ESP32 Xtensa Dual-Core 240MHz,2,0,FreeRTOS (ESP-IDF / Arduino Core),xtensa-esp32-elf-gcc,xtensa-esp32-elf-gcc (Espressif),-O2,mlkem-native,v1.2.0 (2507ff79a0acfec6e94a9a83709b5774491fdbb6),ML-KEM-1024,decapsulation,26,16406000,264924,True,
a1573bf1-398a-4b41-bcfd-2e58b9f77bfc,8f246007-d113-4fb2-a3b9-2ac9fbdeafe4,2026-09-16T11:00:00Z,esp32_xtensa_lx6_arduino,NATIVE_HARDWARE,xtensa_lx6,ESP32 Xtensa Dual-Core 240MHz,2,0,FreeRTOS (ESP-IDF / Arduino Core),xtensa-esp32-elf-gcc,xtensa-esp32-elf-gcc (Espressif),-O2,mlkem-native,v1.2.0 (2507ff79a0acfec6e94a9a83709b5774491fdbb6),ML-KEM-1024,keygen,27,11961000,264924,True,
a1573bf1-398a-4b41-bcfd-2e58b9f77bfc,8f246007-d113-4fb2-a3b9-2ac9fbdeafe4,2026-09-16T11:00:00Z,esp32_xtensa_lx6_arduino,NATIVE_HARDWARE,xtensa_lx6,ESP32 Xtensa Dual-Core 240MHz,2,0,FreeRTOS (ESP-IDF / Arduino Core),xtensa-esp32-elf-gcc,xtensa-esp32-elf-gcc (Espressif),-O2,mlkem-native,v1.2.0 (2507ff79a0acfec6e94a9a83709b5774491fdbb6),ML-KEM-1024,encapsulation,27,13479000,264924,True,
a1573bf1-398a-4b41-bcfd-2e58b9f77bfc,8f246007-d113-4fb2-a3b9-2ac9fbdeafe4,2026-09-16T11:00:00Z,esp32_xtensa_lx6_arduino,NATIVE_HARDWARE,xtensa_lx6,ESP32 Xtensa Dual-Core 240MHz,2,0,FreeRTOS (ESP-IDF / Arduino Core),xtensa-esp32-elf-gcc,xtensa-esp32-elf-gcc (Espressif),-O2,mlkem-native,v1.2.0 (2507ff79a0acfec6e94a9a83709b5774491fdbb6),ML-KEM-1024,decapsulation,27,16411000,264924,True,
a1573bf1-398a-4b41-bcfd-2e58b9f77bfc,8f246007-d113-4fb2-a3b9-2ac9fbdeafe4,2026-09-16T11:00:00Z,esp32_xtensa_lx6_arduino,NATIVE_HARDWARE,xtensa_lx6,ESP32 Xtensa Dual-Core 240MHz,2,0,FreeRTOS (ESP-IDF / Arduino Core),xtensa-esp32-elf-gcc,xtensa-esp32-elf-gcc (Espressif),-O2,mlkem-native,v1.2.0 (2507ff79a0acfec6e94a9a83709b5774491fdbb6),ML-KEM-1024,keygen,28,11963000,264924,True,
a1573bf1-398a-4b41-bcfd-2e58b9f77bfc,8f246007-d113-4fb2-a3b9-2ac9fbdeafe4,2026-09-16T11:00:00Z,esp32_xtensa_lx6_arduino,NATIVE_HARDWARE,xtensa_lx6,ESP32 Xtensa Dual-Core 240MHz,2,0,FreeRTOS (ESP-IDF / Arduino Core),xtensa-esp32-elf-gcc,xtensa-esp32-elf-gcc (Espressif),-O2,mlkem-native,v1.2.0 (2507ff79a0acfec6e94a9a83709b5774491fdbb6),ML-KEM-1024,encapsulation,28,13484000,264924,True,
a1573bf1-398a-4b41-bcfd-2e58b9f77bfc,8f246007-d113-4fb2-a3b9-2ac9fbdeafe4,2026-09-16T11:00:00Z,esp32_xtensa_lx6_arduino,NATIVE_HARDWARE,xtensa_lx6,ESP32 Xtensa Dual-Core 240MHz,2,0,FreeRTOS (ESP-IDF / Arduino Core),xtensa-esp32-elf-gcc,xtensa-esp32-elf-gcc (Espressif),-O2,mlkem-native,v1.2.0 (2507ff79a0acfec6e94a9a83709b5774491fdbb6),ML-KEM-1024,decapsulation,28,16413000,264924,True,
a1573bf1-398a-4b41-bcfd-2e58b9f77bfc,8f246007-d113-4fb2-a3b9-2ac9fbdeafe4,2026-09-16T11:00:00Z,esp32_xtensa_lx6_arduino,NATIVE_HARDWARE,xtensa_lx6,ESP32 Xtensa Dual-Core 240MHz,2,0,FreeRTOS (ESP-IDF / Arduino Core),xtensa-esp32-elf-gcc,xtensa-esp32-elf-gcc (Espressif),-O2,mlkem-native,v1.2.0 (2507ff79a0acfec6e94a9a83709b5774491fdbb6),ML-KEM-1024,keygen,29,11960000,264924,True,
a1573bf1-398a-4b41-bcfd-2e58b9f77bfc,8f246007-d113-4fb2-a3b9-2ac9fbdeafe4,2026-09-16T11:00:00Z,esp32_xtensa_lx6_arduino,NATIVE_HARDWARE,xtensa_lx6,ESP32 Xtensa Dual-Core 240MHz,2,0,FreeRTOS (ESP-IDF / Arduino Core),xtensa-esp32-elf-gcc,xtensa-esp32-elf-gcc (Espressif),-O2,mlkem-native,v1.2.0 (2507ff79a0acfec6e94a9a83709b5774491fdbb6),ML-KEM-1024,encapsulation,29,13481000,264924,True,
a1573bf1-398a-4b41-bcfd-2e58b9f77bfc,8f246007-d113-4fb2-a3b9-2ac9fbdeafe4,2026-09-16T11:00:00Z,esp32_xtensa_lx6_arduino,NATIVE_HARDWARE,xtensa_lx6,ESP32 Xtensa Dual-Core 240MHz,2,0,FreeRTOS (ESP-IDF / Arduino Core),xtensa-esp32-elf-gcc,xtensa-esp32-elf-gcc (Espressif),-O2,mlkem-native,v1.2.0 (2507ff79a0acfec6e94a9a83709b5774491fdbb6),ML-KEM-1024,decapsulation,29,16405000,264924,True,
a1573bf1-398a-4b41-bcfd-2e58b9f77bfc,8f246007-d113-4fb2-a3b9-2ac9fbdeafe4,2026-09-16T11:00:00Z,esp32_xtensa_lx6_arduino,NATIVE_HARDWARE,xtensa_lx6,ESP32 Xtensa Dual-Core 240MHz,2,0,FreeRTOS (ESP-IDF / Arduino Core),xtensa-esp32-elf-gcc,xtensa-esp32-elf-gcc (Espressif),-O2,mlkem-native,v1.2.0 (2507ff79a0acfec6e94a9a83709b5774491fdbb6),ML-KEM-1024,keygen,30,12330000,264924,True,
a1573bf1-398a-4b41-bcfd-2e58b9f77bfc,8f246007-d113-4fb2-a3b9-2ac9fbdeafe4,2026-09-16T11:00:00Z,esp32_xtensa_lx6_arduino,NATIVE_HARDWARE,xtensa_lx6,ESP32 Xtensa Dual-Core 240MHz,2,0,FreeRTOS (ESP-IDF / Arduino Core),xtensa-esp32-elf-gcc,xtensa-esp32-elf-gcc (Espressif),-O2,mlkem-native,v1.2.0 (2507ff79a0acfec6e94a9a83709b5774491fdbb6),ML-KEM-1024,encapsulation,30,13852000,264924,True,
a1573bf1-398a-4b41-bcfd-2e58b9f77bfc,8f246007-d113-4fb2-a3b9-2ac9fbdeafe4,2026-09-16T11:00:00Z,esp32_xtensa_lx6_arduino,NATIVE_HARDWARE,xtensa_lx6,ESP32 Xtensa Dual-Core 240MHz,2,0,FreeRTOS (ESP-IDF / Arduino Core),xtensa-esp32-elf-gcc,xtensa-esp32-elf-gcc (Espressif),-O2,mlkem-native,v1.2.0 (2507ff79a0acfec6e94a9a83709b5774491fdbb6),ML-KEM-1024,decapsulation,30,16776000,264924,True,
a1573bf1-398a-4b41-bcfd-2e58b9f77bfc,8f246007-d113-4fb2-a3b9-2ac9fbdeafe4,2026-09-16T11:00:00Z,esp32_xtensa_lx6_arduino,NATIVE_HARDWARE,xtensa_lx6,ESP32 Xtensa Dual-Core 240MHz,2,0,FreeRTOS (ESP-IDF / Arduino Core),xtensa-esp32-elf-gcc,xtensa-esp32-elf-gcc (Espressif),-O2,mlkem-native,v1.2.0 (2507ff79a0acfec6e94a9a83709b5774491fdbb6),ML-KEM-1024,keygen,31,11965000,264924,True,
a1573bf1-398a-4b41-bcfd-2e58b9f77bfc,8f246007-d113-4fb2-a3b9-2ac9fbdeafe4,2026-09-16T11:00:00Z,esp32_xtensa_lx6_arduino,NATIVE_HARDWARE,xtensa_lx6,ESP32 Xtensa Dual-Core 240MHz,2,0,FreeRTOS (ESP-IDF / Arduino Core),xtensa-esp32-elf-gcc,xtensa-esp32-elf-gcc (Espressif),-O2,mlkem-native,v1.2.0 (2507ff79a0acfec6e94a9a83709b5774491fdbb6),ML-KEM-1024,encapsulation,31,13483000,264924,True,
a1573bf1-398a-4b41-bcfd-2e58b9f77bfc,8f246007-d113-4fb2-a3b9-2ac9fbdeafe4,2026-09-16T11:00:00Z,esp32_xtensa_lx6_arduino,NATIVE_HARDWARE,xtensa_lx6,ESP32 Xtensa Dual-Core 240MHz,2,0,FreeRTOS (ESP-IDF / Arduino Core),xtensa-esp32-elf-gcc,xtensa-esp32-elf-gcc (Espressif),-O2,mlkem-native,v1.2.0 (2507ff79a0acfec6e94a9a83709b5774491fdbb6),ML-KEM-1024,decapsulation,31,16415000,264924,True,
a1573bf1-398a-4b41-bcfd-2e58b9f77bfc,8f246007-d113-4fb2-a3b9-2ac9fbdeafe4,2026-09-16T11:00:00Z,esp32_xtensa_lx6_arduino,NATIVE_HARDWARE,xtensa_lx6,ESP32 Xtensa Dual-Core 240MHz,2,0,FreeRTOS (ESP-IDF / Arduino Core),xtensa-esp32-elf-gcc,xtensa-esp32-elf-gcc (Espressif),-O2,mlkem-native,v1.2.0 (2507ff79a0acfec6e94a9a83709b5774491fdbb6),ML-KEM-1024,keygen,32,11960000,264924,True,
a1573bf1-398a-4b41-bcfd-2e58b9f77bfc,8f246007-d113-4fb2-a3b9-2ac9fbdeafe4,2026-09-16T11:00:00Z,esp32_xtensa_lx6_arduino,NATIVE_HARDWARE,xtensa_lx6,ESP32 Xtensa Dual-Core 240MHz,2,0,FreeRTOS (ESP-IDF / Arduino Core),xtensa-esp32-elf-gcc,xtensa-esp32-elf-gcc (Espressif),-O2,mlkem-native,v1.2.0 (2507ff79a0acfec6e94a9a83709b5774491fdbb6),ML-KEM-1024,encapsulation,32,13479000,264924,True,
a1573bf1-398a-4b41-bcfd-2e58b9f77bfc,8f246007-d113-4fb2-a3b9-2ac9fbdeafe4,2026-09-16T11:00:00Z,esp32_xtensa_lx6_arduino,NATIVE_HARDWARE,xtensa_lx6,ESP32 Xtensa Dual-Core 240MHz,2,0,FreeRTOS (ESP-IDF / Arduino Core),xtensa-esp32-elf-gcc,xtensa-esp32-elf-gcc (Espressif),-O2,mlkem-native,v1.2.0 (2507ff79a0acfec6e94a9a83709b5774491fdbb6),ML-KEM-1024,decapsulation,32,16410000,264924,True,
a1573bf1-398a-4b41-bcfd-2e58b9f77bfc,8f246007-d113-4fb2-a3b9-2ac9fbdeafe4,2026-09-16T11:00:00Z,esp32_xtensa_lx6_arduino,NATIVE_HARDWARE,xtensa_lx6,ESP32 Xtensa Dual-Core 240MHz,2,0,FreeRTOS (ESP-IDF / Arduino Core),xtensa-esp32-elf-gcc,xtensa-esp32-elf-gcc (Espressif),-O2,mlkem-native,v1.2.0 (2507ff79a0acfec6e94a9a83709b5774491fdbb6),ML-KEM-1024,keygen,33,11962000,264924,True,
a1573bf1-398a-4b41-bcfd-2e58b9f77bfc,8f246007-d113-4fb2-a3b9-2ac9fbdeafe4,2026-09-16T11:00:00Z,esp32_xtensa_lx6_arduino,NATIVE_HARDWARE,xtensa_lx6,ESP32 Xtensa Dual-Core 240MHz,2,0,FreeRTOS (ESP-IDF / Arduino Core),xtensa-esp32-elf-gcc,xtensa-esp32-elf-gcc (Espressif),-O2,mlkem-native,v1.2.0 (2507ff79a0acfec6e94a9a83709b5774491fdbb6),ML-KEM-1024,encapsulation,33,13484000,264924,True,
a1573bf1-398a-4b41-bcfd-2e58b9f77bfc,8f246007-d113-4fb2-a3b9-2ac9fbdeafe4,2026-09-16T11:00:00Z,esp32_xtensa_lx6_arduino,NATIVE_HARDWARE,xtensa_lx6,ESP32 Xtensa Dual-Core 240MHz,2,0,FreeRTOS (ESP-IDF / Arduino Core),xtensa-esp32-elf-gcc,xtensa-esp32-elf-gcc (Espressif),-O2,mlkem-native,v1.2.0 (2507ff79a0acfec6e94a9a83709b5774491fdbb6),ML-KEM-1024,decapsulation,33,16413000,264924,True,
a1573bf1-398a-4b41-bcfd-2e58b9f77bfc,8f246007-d113-4fb2-a3b9-2ac9fbdeafe4,2026-09-16T11:00:00Z,esp32_xtensa_lx6_arduino,NATIVE_HARDWARE,xtensa_lx6,ESP32 Xtensa Dual-Core 240MHz,2,0,FreeRTOS (ESP-IDF / Arduino Core),xtensa-esp32-elf-gcc,xtensa-esp32-elf-gcc (Espressif),-O2,mlkem-native,v1.2.0 (2507ff79a0acfec6e94a9a83709b5774491fdbb6),ML-KEM-1024,keygen,34,11965000,264924,True,
a1573bf1-398a-4b41-bcfd-2e58b9f77bfc,8f246007-d113-4fb2-a3b9-2ac9fbdeafe4,2026-09-16T11:00:00Z,esp32_xtensa_lx6_arduino,NATIVE_HARDWARE,xtensa_lx6,ESP32 Xtensa Dual-Core 240MHz,2,0,FreeRTOS (ESP-IDF / Arduino Core),xtensa-esp32-elf-gcc,xtensa-esp32-elf-gcc (Espressif),-O2,mlkem-native,v1.2.0 (2507ff79a0acfec6e94a9a83709b5774491fdbb6),ML-KEM-1024,encapsulation,34,13486000,264924,True,
a1573bf1-398a-4b41-bcfd-2e58b9f77bfc,8f246007-d113-4fb2-a3b9-2ac9fbdeafe4,2026-09-16T11:00:00Z,esp32_xtensa_lx6_arduino,NATIVE_HARDWARE,xtensa_lx6,ESP32 Xtensa Dual-Core 240MHz,2,0,FreeRTOS (ESP-IDF / Arduino Core),xtensa-esp32-elf-gcc,xtensa-esp32-elf-gcc (Espressif),-O2,mlkem-native,v1.2.0 (2507ff79a0acfec6e94a9a83709b5774491fdbb6),ML-KEM-1024,decapsulation,34,16411000,264924,True,
a1573bf1-398a-4b41-bcfd-2e58b9f77bfc,8f246007-d113-4fb2-a3b9-2ac9fbdeafe4,2026-09-16T11:00:00Z,esp32_xtensa_lx6_arduino,NATIVE_HARDWARE,xtensa_lx6,ESP32 Xtensa Dual-Core 240MHz,2,0,FreeRTOS (ESP-IDF / Arduino Core),xtensa-esp32-elf-gcc,xtensa-esp32-elf-gcc (Espressif),-O2,mlkem-native,v1.2.0 (2507ff79a0acfec6e94a9a83709b5774491fdbb6),ML-KEM-1024,keygen,35,11962000,264924,True,
a1573bf1-398a-4b41-bcfd-2e58b9f77bfc,8f246007-d113-4fb2-a3b9-2ac9fbdeafe4,2026-09-16T11:00:00Z,esp32_xtensa_lx6_arduino,NATIVE_HARDWARE,xtensa_lx6,ESP32 Xtensa Dual-Core 240MHz,2,0,FreeRTOS (ESP-IDF / Arduino Core),xtensa-esp32-elf-gcc,xtensa-esp32-elf-gcc (Espressif),-O2,mlkem-native,v1.2.0 (2507ff79a0acfec6e94a9a83709b5774491fdbb6),ML-KEM-1024,encapsulation,35,13479000,264924,True,
a1573bf1-398a-4b41-bcfd-2e58b9f77bfc,8f246007-d113-4fb2-a3b9-2ac9fbdeafe4,2026-09-16T11:00:00Z,esp32_xtensa_lx6_arduino,NATIVE_HARDWARE,xtensa_lx6,ESP32 Xtensa Dual-Core 240MHz,2,0,FreeRTOS (ESP-IDF / Arduino Core),xtensa-esp32-elf-gcc,xtensa-esp32-elf-gcc (Espressif),-O2,mlkem-native,v1.2.0 (2507ff79a0acfec6e94a9a83709b5774491fdbb6),ML-KEM-1024,decapsulation,35,16407000,264924,True,
a1573bf1-398a-4b41-bcfd-2e58b9f77bfc,8f246007-d113-4fb2-a3b9-2ac9fbdeafe4,2026-09-16T11:00:00Z,esp32_xtensa_lx6_arduino,NATIVE_HARDWARE,xtensa_lx6,ESP32 Xtensa Dual-Core 240MHz,2,0,FreeRTOS (ESP-IDF / Arduino Core),xtensa-esp32-elf-gcc,xtensa-esp32-elf-gcc (Espressif),-O2,mlkem-native,v1.2.0 (2507ff79a0acfec6e94a9a83709b5774491fdbb6),ML-KEM-1024,keygen,36,11959000,264924,True,
a1573bf1-398a-4b41-bcfd-2e58b9f77bfc,8f246007-d113-4fb2-a3b9-2ac9fbdeafe4,2026-09-16T11:00:00Z,esp32_xtensa_lx6_arduino,NATIVE_HARDWARE,xtensa_lx6,ESP32 Xtensa Dual-Core 240MHz,2,0,FreeRTOS (ESP-IDF / Arduino Core),xtensa-esp32-elf-gcc,xtensa-esp32-elf-gcc (Espressif),-O2,mlkem-native,v1.2.0 (2507ff79a0acfec6e94a9a83709b5774491fdbb6),ML-KEM-1024,encapsulation,36,13476000,264924,True,
a1573bf1-398a-4b41-bcfd-2e58b9f77bfc,8f246007-d113-4fb2-a3b9-2ac9fbdeafe4,2026-09-16T11:00:00Z,esp32_xtensa_lx6_arduino,NATIVE_HARDWARE,xtensa_lx6,ESP32 Xtensa Dual-Core 240MHz,2,0,FreeRTOS (ESP-IDF / Arduino Core),xtensa-esp32-elf-gcc,xtensa-esp32-elf-gcc (Espressif),-O2,mlkem-native,v1.2.0 (2507ff79a0acfec6e94a9a83709b5774491fdbb6),ML-KEM-1024,decapsulation,36,16404000,264924,True,
a1573bf1-398a-4b41-bcfd-2e58b9f77bfc,8f246007-d113-4fb2-a3b9-2ac9fbdeafe4,2026-09-16T11:00:00Z,esp32_xtensa_lx6_arduino,NATIVE_HARDWARE,xtensa_lx6,ESP32 Xtensa Dual-Core 240MHz,2,0,FreeRTOS (ESP-IDF / Arduino Core),xtensa-esp32-elf-gcc,xtensa-esp32-elf-gcc (Espressif),-O2,mlkem-native,v1.2.0 (2507ff79a0acfec6e94a9a83709b5774491fdbb6),ML-KEM-1024,keygen,37,12337000,264924,True,
a1573bf1-398a-4b41-bcfd-2e58b9f77bfc,8f246007-d113-4fb2-a3b9-2ac9fbdeafe4,2026-09-16T11:00:00Z,esp32_xtensa_lx6_arduino,NATIVE_HARDWARE,xtensa_lx6,ESP32 Xtensa Dual-Core 240MHz,2,0,FreeRTOS (ESP-IDF / Arduino Core),xtensa-esp32-elf-gcc,xtensa-esp32-elf-gcc (Espressif),-O2,mlkem-native,v1.2.0 (2507ff79a0acfec6e94a9a83709b5774491fdbb6),ML-KEM-1024,encapsulation,37,13854000,264924,True,
a1573bf1-398a-4b41-bcfd-2e58b9f77bfc,8f246007-d113-4fb2-a3b9-2ac9fbdeafe4,2026-09-16T11:00:00Z,esp32_xtensa_lx6_arduino,NATIVE_HARDWARE,xtensa_lx6,ESP32 Xtensa Dual-Core 240MHz,2,0,FreeRTOS (ESP-IDF / Arduino Core),xtensa-esp32-elf-gcc,xtensa-esp32-elf-gcc (Espressif),-O2,mlkem-native,v1.2.0 (2507ff79a0acfec6e94a9a83709b5774491fdbb6),ML-KEM-1024,decapsulation,37,16783000,264924,True,
a1573bf1-398a-4b41-bcfd-2e58b9f77bfc,8f246007-d113-4fb2-a3b9-2ac9fbdeafe4,2026-09-16T11:00:00Z,esp32_xtensa_lx6_arduino,NATIVE_HARDWARE,xtensa_lx6,ESP32 Xtensa Dual-Core 240MHz,2,0,FreeRTOS (ESP-IDF / Arduino Core),xtensa-esp32-elf-gcc,xtensa-esp32-elf-gcc (Espressif),-O2,mlkem-native,v1.2.0 (2507ff79a0acfec6e94a9a83709b5774491fdbb6),ML-KEM-1024,keygen,38,11951000,264924,True,
a1573bf1-398a-4b41-bcfd-2e58b9f77bfc,8f246007-d113-4fb2-a3b9-2ac9fbdeafe4,2026-09-16T11:00:00Z,esp32_xtensa_lx6_arduino,NATIVE_HARDWARE,xtensa_lx6,ESP32 Xtensa Dual-Core 240MHz,2,0,FreeRTOS (ESP-IDF / Arduino Core),xtensa-esp32-elf-gcc,xtensa-esp32-elf-gcc (Espressif),-O2,mlkem-native,v1.2.0 (2507ff79a0acfec6e94a9a83709b5774491fdbb6),ML-KEM-1024,encapsulation,38,13477000,264924,True,
a1573bf1-398a-4b41-bcfd-2e58b9f77bfc,8f246007-d113-4fb2-a3b9-2ac9fbdeafe4,2026-09-16T11:00:00Z,esp32_xtensa_lx6_arduino,NATIVE_HARDWARE,xtensa_lx6,ESP32 Xtensa Dual-Core 240MHz,2,0,FreeRTOS (ESP-IDF / Arduino Core),xtensa-esp32-elf-gcc,xtensa-esp32-elf-gcc (Espressif),-O2,mlkem-native,v1.2.0 (2507ff79a0acfec6e94a9a83709b5774491fdbb6),ML-KEM-1024,decapsulation,38,16404000,264924,True,
a1573bf1-398a-4b41-bcfd-2e58b9f77bfc,8f246007-d113-4fb2-a3b9-2ac9fbdeafe4,2026-09-16T11:00:00Z,esp32_xtensa_lx6_arduino,NATIVE_HARDWARE,xtensa_lx6,ESP32 Xtensa Dual-Core 240MHz,2,0,FreeRTOS (ESP-IDF / Arduino Core),xtensa-esp32-elf-gcc,xtensa-esp32-elf-gcc (Espressif),-O2,mlkem-native,v1.2.0 (2507ff79a0acfec6e94a9a83709b5774491fdbb6),ML-KEM-1024,keygen,39,12328000,264924,True,
a1573bf1-398a-4b41-bcfd-2e58b9f77bfc,8f246007-d113-4fb2-a3b9-2ac9fbdeafe4,2026-09-16T11:00:00Z,esp32_xtensa_lx6_arduino,NATIVE_HARDWARE,xtensa_lx6,ESP32 Xtensa Dual-Core 240MHz,2,0,FreeRTOS (ESP-IDF / Arduino Core),xtensa-esp32-elf-gcc,xtensa-esp32-elf-gcc (Espressif),-O2,mlkem-native,v1.2.0 (2507ff79a0acfec6e94a9a83709b5774491fdbb6),ML-KEM-1024,encapsulation,39,13849000,264924,True,
a1573bf1-398a-4b41-bcfd-2e58b9f77bfc,8f246007-d113-4fb2-a3b9-2ac9fbdeafe4,2026-09-16T11:00:00Z,esp32_xtensa_lx6_arduino,NATIVE_HARDWARE,xtensa_lx6,ESP32 Xtensa Dual-Core 240MHz,2,0,FreeRTOS (ESP-IDF / Arduino Core),xtensa-esp32-elf-gcc,xtensa-esp32-elf-gcc (Espressif),-O2,mlkem-native,v1.2.0 (2507ff79a0acfec6e94a9a83709b5774491fdbb6),ML-KEM-1024,decapsulation,39,16777000,264924,True,
a1573bf1-398a-4b41-bcfd-2e58b9f77bfc,8f246007-d113-4fb2-a3b9-2ac9fbdeafe4,2026-09-16T11:00:00Z,esp32_xtensa_lx6_arduino,NATIVE_HARDWARE,xtensa_lx6,ESP32 Xtensa Dual-Core 240MHz,2,0,FreeRTOS (ESP-IDF / Arduino Core),xtensa-esp32-elf-gcc,xtensa-esp32-elf-gcc (Espressif),-O2,mlkem-native,v1.2.0 (2507ff79a0acfec6e94a9a83709b5774491fdbb6),ML-KEM-1024,keygen,40,11963000,264924,True,
a1573bf1-398a-4b41-bcfd-2e58b9f77bfc,8f246007-d113-4fb2-a3b9-2ac9fbdeafe4,2026-09-16T11:00:00Z,esp32_xtensa_lx6_arduino,NATIVE_HARDWARE,xtensa_lx6,ESP32 Xtensa Dual-Core 240MHz,2,0,FreeRTOS (ESP-IDF / Arduino Core),xtensa-esp32-elf-gcc,xtensa-esp32-elf-gcc (Espressif),-O2,mlkem-native,v1.2.0 (2507ff79a0acfec6e94a9a83709b5774491fdbb6),ML-KEM-1024,encapsulation,40,13481000,264924,True,
a1573bf1-398a-4b41-bcfd-2e58b9f77bfc,8f246007-d113-4fb2-a3b9-2ac9fbdeafe4,2026-09-16T11:00:00Z,esp32_xtensa_lx6_arduino,NATIVE_HARDWARE,xtensa_lx6,ESP32 Xtensa Dual-Core 240MHz,2,0,FreeRTOS (ESP-IDF / Arduino Core),xtensa-esp32-elf-gcc,xtensa-esp32-elf-gcc (Espressif),-O2,mlkem-native,v1.2.0 (2507ff79a0acfec6e94a9a83709b5774491fdbb6),ML-KEM-1024,decapsulation,40,16409000,264924,True,
a1573bf1-398a-4b41-bcfd-2e58b9f77bfc,8f246007-d113-4fb2-a3b9-2ac9fbdeafe4,2026-09-16T11:00:00Z,esp32_xtensa_lx6_arduino,NATIVE_HARDWARE,xtensa_lx6,ESP32 Xtensa Dual-Core 240MHz,2,0,FreeRTOS (ESP-IDF / Arduino Core),xtensa-esp32-elf-gcc,xtensa-esp32-elf-gcc (Espressif),-O2,mlkem-native,v1.2.0 (2507ff79a0acfec6e94a9a83709b5774491fdbb6),ML-KEM-1024,keygen,41,11958000,264924,True,
a1573bf1-398a-4b41-bcfd-2e58b9f77bfc,8f246007-d113-4fb2-a3b9-2ac9fbdeafe4,2026-09-16T11:00:00Z,esp32_xtensa_lx6_arduino,NATIVE_HARDWARE,xtensa_lx6,ESP32 Xtensa Dual-Core 240MHz,2,0,FreeRTOS (ESP-IDF / Arduino Core),xtensa-esp32-elf-gcc,xtensa-esp32-elf-gcc (Espressif),-O2,mlkem-native,v1.2.0 (2507ff79a0acfec6e94a9a83709b5774491fdbb6),ML-KEM-1024,encapsulation,41,13476000,264924,True,
a1573bf1-398a-4b41-bcfd-2e58b9f77bfc,8f246007-d113-4fb2-a3b9-2ac9fbdeafe4,2026-09-16T11:00:00Z,esp32_xtensa_lx6_arduino,NATIVE_HARDWARE,xtensa_lx6,ESP32 Xtensa Dual-Core 240MHz,2,0,FreeRTOS (ESP-IDF / Arduino Core),xtensa-esp32-elf-gcc,xtensa-esp32-elf-gcc (Espressif),-O2,mlkem-native,v1.2.0 (2507ff79a0acfec6e94a9a83709b5774491fdbb6),ML-KEM-1024,decapsulation,41,16408000,264924,True,
a1573bf1-398a-4b41-bcfd-2e58b9f77bfc,8f246007-d113-4fb2-a3b9-2ac9fbdeafe4,2026-09-16T11:00:00Z,esp32_xtensa_lx6_arduino,NATIVE_HARDWARE,xtensa_lx6,ESP32 Xtensa Dual-Core 240MHz,2,0,FreeRTOS (ESP-IDF / Arduino Core),xtensa-esp32-elf-gcc,xtensa-esp32-elf-gcc (Espressif),-O2,mlkem-native,v1.2.0 (2507ff79a0acfec6e94a9a83709b5774491fdbb6),ML-KEM-1024,keygen,42,11961000,264924,True,
a1573bf1-398a-4b41-bcfd-2e58b9f77bfc,8f246007-d113-4fb2-a3b9-2ac9fbdeafe4,2026-09-16T11:00:00Z,esp32_xtensa_lx6_arduino,NATIVE_HARDWARE,xtensa_lx6,ESP32 Xtensa Dual-Core 240MHz,2,0,FreeRTOS (ESP-IDF / Arduino Core),xtensa-esp32-elf-gcc,xtensa-esp32-elf-gcc (Espressif),-O2,mlkem-native,v1.2.0 (2507ff79a0acfec6e94a9a83709b5774491fdbb6),ML-KEM-1024,encapsulation,42,13483000,264924,True,
a1573bf1-398a-4b41-bcfd-2e58b9f77bfc,8f246007-d113-4fb2-a3b9-2ac9fbdeafe4,2026-09-16T11:00:00Z,esp32_xtensa_lx6_arduino,NATIVE_HARDWARE,xtensa_lx6,ESP32 Xtensa Dual-Core 240MHz,2,0,FreeRTOS (ESP-IDF / Arduino Core),xtensa-esp32-elf-gcc,xtensa-esp32-elf-gcc (Espressif),-O2,mlkem-native,v1.2.0 (2507ff79a0acfec6e94a9a83709b5774491fdbb6),ML-KEM-1024,decapsulation,42,16411000,264924,True,
a1573bf1-398a-4b41-bcfd-2e58b9f77bfc,8f246007-d113-4fb2-a3b9-2ac9fbdeafe4,2026-09-16T11:00:00Z,esp32_xtensa_lx6_arduino,NATIVE_HARDWARE,xtensa_lx6,ESP32 Xtensa Dual-Core 240MHz,2,0,FreeRTOS (ESP-IDF / Arduino Core),xtensa-esp32-elf-gcc,xtensa-esp32-elf-gcc (Espressif),-O2,mlkem-native,v1.2.0 (2507ff79a0acfec6e94a9a83709b5774491fdbb6),ML-KEM-1024,keygen,43,12330000,264924,True,
a1573bf1-398a-4b41-bcfd-2e58b9f77bfc,8f246007-d113-4fb2-a3b9-2ac9fbdeafe4,2026-09-16T11:00:00Z,esp32_xtensa_lx6_arduino,NATIVE_HARDWARE,xtensa_lx6,ESP32 Xtensa Dual-Core 240MHz,2,0,FreeRTOS (ESP-IDF / Arduino Core),xtensa-esp32-elf-gcc,xtensa-esp32-elf-gcc (Espressif),-O2,mlkem-native,v1.2.0 (2507ff79a0acfec6e94a9a83709b5774491fdbb6),ML-KEM-1024,encapsulation,43,13852000,264924,True,
a1573bf1-398a-4b41-bcfd-2e58b9f77bfc,8f246007-d113-4fb2-a3b9-2ac9fbdeafe4,2026-09-16T11:00:00Z,esp32_xtensa_lx6_arduino,NATIVE_HARDWARE,xtensa_lx6,ESP32 Xtensa Dual-Core 240MHz,2,0,FreeRTOS (ESP-IDF / Arduino Core),xtensa-esp32-elf-gcc,xtensa-esp32-elf-gcc (Espressif),-O2,mlkem-native,v1.2.0 (2507ff79a0acfec6e94a9a83709b5774491fdbb6),ML-KEM-1024,decapsulation,43,16780000,264924,True,
a1573bf1-398a-4b41-bcfd-2e58b9f77bfc,8f246007-d113-4fb2-a3b9-2ac9fbdeafe4,2026-09-16T11:00:00Z,esp32_xtensa_lx6_arduino,NATIVE_HARDWARE,xtensa_lx6,ESP32 Xtensa Dual-Core 240MHz,2,0,FreeRTOS (ESP-IDF / Arduino Core),xtensa-esp32-elf-gcc,xtensa-esp32-elf-gcc (Espressif),-O2,mlkem-native,v1.2.0 (2507ff79a0acfec6e94a9a83709b5774491fdbb6),ML-KEM-1024,keygen,44,11963000,264924,True,
a1573bf1-398a-4b41-bcfd-2e58b9f77bfc,8f246007-d113-4fb2-a3b9-2ac9fbdeafe4,2026-09-16T11:00:00Z,esp32_xtensa_lx6_arduino,NATIVE_HARDWARE,xtensa_lx6,ESP32 Xtensa Dual-Core 240MHz,2,0,FreeRTOS (ESP-IDF / Arduino Core),xtensa-esp32-elf-gcc,xtensa-esp32-elf-gcc (Espressif),-O2,mlkem-native,v1.2.0 (2507ff79a0acfec6e94a9a83709b5774491fdbb6),ML-KEM-1024,encapsulation,44,13481000,264924,True,
a1573bf1-398a-4b41-bcfd-2e58b9f77bfc,8f246007-d113-4fb2-a3b9-2ac9fbdeafe4,2026-09-16T11:00:00Z,esp32_xtensa_lx6_arduino,NATIVE_HARDWARE,xtensa_lx6,ESP32 Xtensa Dual-Core 240MHz,2,0,FreeRTOS (ESP-IDF / Arduino Core),xtensa-esp32-elf-gcc,xtensa-esp32-elf-gcc (Espressif),-O2,mlkem-native,v1.2.0 (2507ff79a0acfec6e94a9a83709b5774491fdbb6),ML-KEM-1024,decapsulation,44,16409000,264924,True,
a1573bf1-398a-4b41-bcfd-2e58b9f77bfc,8f246007-d113-4fb2-a3b9-2ac9fbdeafe4,2026-09-16T11:00:00Z,esp32_xtensa_lx6_arduino,NATIVE_HARDWARE,xtensa_lx6,ESP32 Xtensa Dual-Core 240MHz,2,0,FreeRTOS (ESP-IDF / Arduino Core),xtensa-esp32-elf-gcc,xtensa-esp32-elf-gcc (Espressif),-O2,mlkem-native,v1.2.0 (2507ff79a0acfec6e94a9a83709b5774491fdbb6),ML-KEM-1024,keygen,45,11963000,264924,True,
a1573bf1-398a-4b41-bcfd-2e58b9f77bfc,8f246007-d113-4fb2-a3b9-2ac9fbdeafe4,2026-09-16T11:00:00Z,esp32_xtensa_lx6_arduino,NATIVE_HARDWARE,xtensa_lx6,ESP32 Xtensa Dual-Core 240MHz,2,0,FreeRTOS (ESP-IDF / Arduino Core),xtensa-esp32-elf-gcc,xtensa-esp32-elf-gcc (Espressif),-O2,mlkem-native,v1.2.0 (2507ff79a0acfec6e94a9a83709b5774491fdbb6),ML-KEM-1024,encapsulation,45,13482000,264924,True,
a1573bf1-398a-4b41-bcfd-2e58b9f77bfc,8f246007-d113-4fb2-a3b9-2ac9fbdeafe4,2026-09-16T11:00:00Z,esp32_xtensa_lx6_arduino,NATIVE_HARDWARE,xtensa_lx6,ESP32 Xtensa Dual-Core 240MHz,2,0,FreeRTOS (ESP-IDF / Arduino Core),xtensa-esp32-elf-gcc,xtensa-esp32-elf-gcc (Espressif),-O2,mlkem-native,v1.2.0 (2507ff79a0acfec6e94a9a83709b5774491fdbb6),ML-KEM-1024,decapsulation,45,16414000,264924,True,
a1573bf1-398a-4b41-bcfd-2e58b9f77bfc,8f246007-d113-4fb2-a3b9-2ac9fbdeafe4,2026-09-16T11:00:00Z,esp32_xtensa_lx6_arduino,NATIVE_HARDWARE,xtensa_lx6,ESP32 Xtensa Dual-Core 240MHz,2,0,FreeRTOS (ESP-IDF / Arduino Core),xtensa-esp32-elf-gcc,xtensa-esp32-elf-gcc (Espressif),-O2,mlkem-native,v1.2.0 (2507ff79a0acfec6e94a9a83709b5774491fdbb6),ML-KEM-1024,keygen,46,11961000,264924,True,
a1573bf1-398a-4b41-bcfd-2e58b9f77bfc,8f246007-d113-4fb2-a3b9-2ac9fbdeafe4,2026-09-16T11:00:00Z,esp32_xtensa_lx6_arduino,NATIVE_HARDWARE,xtensa_lx6,ESP32 Xtensa Dual-Core 240MHz,2,0,FreeRTOS (ESP-IDF / Arduino Core),xtensa-esp32-elf-gcc,xtensa-esp32-elf-gcc (Espressif),-O2,mlkem-native,v1.2.0 (2507ff79a0acfec6e94a9a83709b5774491fdbb6),ML-KEM-1024,encapsulation,46,13482000,264924,True,
a1573bf1-398a-4b41-bcfd-2e58b9f77bfc,8f246007-d113-4fb2-a3b9-2ac9fbdeafe4,2026-09-16T11:00:00Z,esp32_xtensa_lx6_arduino,NATIVE_HARDWARE,xtensa_lx6,ESP32 Xtensa Dual-Core 240MHz,2,0,FreeRTOS (ESP-IDF / Arduino Core),xtensa-esp32-elf-gcc,xtensa-esp32-elf-gcc (Espressif),-O2,mlkem-native,v1.2.0 (2507ff79a0acfec6e94a9a83709b5774491fdbb6),ML-KEM-1024,decapsulation,46,16410000,264924,True,
a1573bf1-398a-4b41-bcfd-2e58b9f77bfc,8f246007-d113-4fb2-a3b9-2ac9fbdeafe4,2026-09-16T11:00:00Z,esp32_xtensa_lx6_arduino,NATIVE_HARDWARE,xtensa_lx6,ESP32 Xtensa Dual-Core 240MHz,2,0,FreeRTOS (ESP-IDF / Arduino Core),xtensa-esp32-elf-gcc,xtensa-esp32-elf-gcc (Espressif),-O2,mlkem-native,v1.2.0 (2507ff79a0acfec6e94a9a83709b5774491fdbb6),ML-KEM-1024,keygen,47,11963000,264924,True,
a1573bf1-398a-4b41-bcfd-2e58b9f77bfc,8f246007-d113-4fb2-a3b9-2ac9fbdeafe4,2026-09-16T11:00:00Z,esp32_xtensa_lx6_arduino,NATIVE_HARDWARE,xtensa_lx6,ESP32 Xtensa Dual-Core 240MHz,2,0,FreeRTOS (ESP-IDF / Arduino Core),xtensa-esp32-elf-gcc,xtensa-esp32-elf-gcc (Espressif),-O2,mlkem-native,v1.2.0 (2507ff79a0acfec6e94a9a83709b5774491fdbb6),ML-KEM-1024,encapsulation,47,13484000,264924,True,
a1573bf1-398a-4b41-bcfd-2e58b9f77bfc,8f246007-d113-4fb2-a3b9-2ac9fbdeafe4,2026-09-16T11:00:00Z,esp32_xtensa_lx6_arduino,NATIVE_HARDWARE,xtensa_lx6,ESP32 Xtensa Dual-Core 240MHz,2,0,FreeRTOS (ESP-IDF / Arduino Core),xtensa-esp32-elf-gcc,xtensa-esp32-elf-gcc (Espressif),-O2,mlkem-native,v1.2.0 (2507ff79a0acfec6e94a9a83709b5774491fdbb6),ML-KEM-1024,decapsulation,47,16408000,264924,True,
a1573bf1-398a-4b41-bcfd-2e58b9f77bfc,8f246007-d113-4fb2-a3b9-2ac9fbdeafe4,2026-09-16T11:00:00Z,esp32_xtensa_lx6_arduino,NATIVE_HARDWARE,xtensa_lx6,ESP32 Xtensa Dual-Core 240MHz,2,0,FreeRTOS (ESP-IDF / Arduino Core),xtensa-esp32-elf-gcc,xtensa-esp32-elf-gcc (Espressif),-O2,mlkem-native,v1.2.0 (2507ff79a0acfec6e94a9a83709b5774491fdbb6),ML-KEM-1024,keygen,48,11956000,264924,True,
a1573bf1-398a-4b41-bcfd-2e58b9f77bfc,8f246007-d113-4fb2-a3b9-2ac9fbdeafe4,2026-09-16T11:00:00Z,esp32_xtensa_lx6_arduino,NATIVE_HARDWARE,xtensa_lx6,ESP32 Xtensa Dual-Core 240MHz,2,0,FreeRTOS (ESP-IDF / Arduino Core),xtensa-esp32-elf-gcc,xtensa-esp32-elf-gcc (Espressif),-O2,mlkem-native,v1.2.0 (2507ff79a0acfec6e94a9a83709b5774491fdbb6),ML-KEM-1024,encapsulation,48,13477000,264924,True,
a1573bf1-398a-4b41-bcfd-2e58b9f77bfc,8f246007-d113-4fb2-a3b9-2ac9fbdeafe4,2026-09-16T11:00:00Z,esp32_xtensa_lx6_arduino,NATIVE_HARDWARE,xtensa_lx6,ESP32 Xtensa Dual-Core 240MHz,2,0,FreeRTOS (ESP-IDF / Arduino Core),xtensa-esp32-elf-gcc,xtensa-esp32-elf-gcc (Espressif),-O2,mlkem-native,v1.2.0 (2507ff79a0acfec6e94a9a83709b5774491fdbb6),ML-KEM-1024,decapsulation,48,16401000,264924,True,
a1573bf1-398a-4b41-bcfd-2e58b9f77bfc,8f246007-d113-4fb2-a3b9-2ac9fbdeafe4,2026-09-16T11:00:00Z,esp32_xtensa_lx6_arduino,NATIVE_HARDWARE,xtensa_lx6,ESP32 Xtensa Dual-Core 240MHz,2,0,FreeRTOS (ESP-IDF / Arduino Core),xtensa-esp32-elf-gcc,xtensa-esp32-elf-gcc (Espressif),-O2,mlkem-native,v1.2.0 (2507ff79a0acfec6e94a9a83709b5774491fdbb6),ML-KEM-1024,keygen,49,11963000,264924,True,
a1573bf1-398a-4b41-bcfd-2e58b9f77bfc,8f246007-d113-4fb2-a3b9-2ac9fbdeafe4,2026-09-16T11:00:00Z,esp32_xtensa_lx6_arduino,NATIVE_HARDWARE,xtensa_lx6,ESP32 Xtensa Dual-Core 240MHz,2,0,FreeRTOS (ESP-IDF / Arduino Core),xtensa-esp32-elf-gcc,xtensa-esp32-elf-gcc (Espressif),-O2,mlkem-native,v1.2.0 (2507ff79a0acfec6e94a9a83709b5774491fdbb6),ML-KEM-1024,encapsulation,49,13480000,264924,True,
a1573bf1-398a-4b41-bcfd-2e58b9f77bfc,8f246007-d113-4fb2-a3b9-2ac9fbdeafe4,2026-09-16T11:00:00Z,esp32_xtensa_lx6_arduino,NATIVE_HARDWARE,xtensa_lx6,ESP32 Xtensa Dual-Core 240MHz,2,0,FreeRTOS (ESP-IDF / Arduino Core),xtensa-esp32-elf-gcc,xtensa-esp32-elf-gcc (Espressif),-O2,mlkem-native,v1.2.0 (2507ff79a0acfec6e94a9a83709b5774491fdbb6),ML-KEM-1024,decapsulation,49,16408000,264924,True,
a1573bf1-398a-4b41-bcfd-2e58b9f77bfc,8f246007-d113-4fb2-a3b9-2ac9fbdeafe4,2026-09-16T11:00:00Z,esp32_xtensa_lx6_arduino,NATIVE_HARDWARE,xtensa_lx6,ESP32 Xtensa Dual-Core 240MHz,2,0,FreeRTOS (ESP-IDF / Arduino Core),xtensa-esp32-elf-gcc,xtensa-esp32-elf-gcc (Espressif),-O2,mlkem-native,v1.2.0 (2507ff79a0acfec6e94a9a83709b5774491fdbb6),ML-KEM-1024,keygen,50,12335000,264924,True,
a1573bf1-398a-4b41-bcfd-2e58b9f77bfc,8f246007-d113-4fb2-a3b9-2ac9fbdeafe4,2026-09-16T11:00:00Z,esp32_xtensa_lx6_arduino,NATIVE_HARDWARE,xtensa_lx6,ESP32 Xtensa Dual-Core 240MHz,2,0,FreeRTOS (ESP-IDF / Arduino Core),xtensa-esp32-elf-gcc,xtensa-esp32-elf-gcc (Espressif),-O2,mlkem-native,v1.2.0 (2507ff79a0acfec6e94a9a83709b5774491fdbb6),ML-KEM-1024,encapsulation,50,13852000,264924,True,
a1573bf1-398a-4b41-bcfd-2e58b9f77bfc,8f246007-d113-4fb2-a3b9-2ac9fbdeafe4,2026-09-16T11:00:00Z,esp32_xtensa_lx6_arduino,NATIVE_HARDWARE,xtensa_lx6,ESP32 Xtensa Dual-Core 240MHz,2,0,FreeRTOS (ESP-IDF / Arduino Core),xtensa-esp32-elf-gcc,xtensa-esp32-elf-gcc (Espressif),-O2,mlkem-native,v1.2.0 (2507ff79a0acfec6e94a9a83709b5774491fdbb6),ML-KEM-1024,decapsulation,50,16781000,264924,True,
a1573bf1-398a-4b41-bcfd-2e58b9f77bfc,8f246007-d113-4fb2-a3b9-2ac9fbdeafe4,2026-09-16T11:00:00Z,esp32_xtensa_lx6_arduino,NATIVE_HARDWARE,xtensa_lx6,ESP32 Xtensa Dual-Core 240MHz,2,0,FreeRTOS (ESP-IDF / Arduino Core),xtensa-esp32-elf-gcc,xtensa-esp32-elf-gcc (Espressif),-O2,mlkem-native,v1.2.0 (2507ff79a0acfec6e94a9a83709b5774491fdbb6),ML-KEM-1024,keygen,51,11965000,264924,True,
a1573bf1-398a-4b41-bcfd-2e58b9f77bfc,8f246007-d113-4fb2-a3b9-2ac9fbdeafe4,2026-09-16T11:00:00Z,esp32_xtensa_lx6_arduino,NATIVE_HARDWARE,xtensa_lx6,ESP32 Xtensa Dual-Core 240MHz,2,0,FreeRTOS (ESP-IDF / Arduino Core),xtensa-esp32-elf-gcc,xtensa-esp32-elf-gcc (Espressif),-O2,mlkem-native,v1.2.0 (2507ff79a0acfec6e94a9a83709b5774491fdbb6),ML-KEM-1024,encapsulation,51,13486000,264924,True,
a1573bf1-398a-4b41-bcfd-2e58b9f77bfc,8f246007-d113-4fb2-a3b9-2ac9fbdeafe4,2026-09-16T11:00:00Z,esp32_xtensa_lx6_arduino,NATIVE_HARDWARE,xtensa_lx6,ESP32 Xtensa Dual-Core 240MHz,2,0,FreeRTOS (ESP-IDF / Arduino Core),xtensa-esp32-elf-gcc,xtensa-esp32-elf-gcc (Espressif),-O2,mlkem-native,v1.2.0 (2507ff79a0acfec6e94a9a83709b5774491fdbb6),ML-KEM-1024,decapsulation,51,16409000,264924,True,
a1573bf1-398a-4b41-bcfd-2e58b9f77bfc,8f246007-d113-4fb2-a3b9-2ac9fbdeafe4,2026-09-16T11:00:00Z,esp32_xtensa_lx6_arduino,NATIVE_HARDWARE,xtensa_lx6,ESP32 Xtensa Dual-Core 240MHz,2,0,FreeRTOS (ESP-IDF / Arduino Core),xtensa-esp32-elf-gcc,xtensa-esp32-elf-gcc (Espressif),-O2,mlkem-native,v1.2.0 (2507ff79a0acfec6e94a9a83709b5774491fdbb6),ML-KEM-1024,keygen,52,12697000,264924,True,
a1573bf1-398a-4b41-bcfd-2e58b9f77bfc,8f246007-d113-4fb2-a3b9-2ac9fbdeafe4,2026-09-16T11:00:00Z,esp32_xtensa_lx6_arduino,NATIVE_HARDWARE,xtensa_lx6,ESP32 Xtensa Dual-Core 240MHz,2,0,FreeRTOS (ESP-IDF / Arduino Core),xtensa-esp32-elf-gcc,xtensa-esp32-elf-gcc (Espressif),-O2,mlkem-native,v1.2.0 (2507ff79a0acfec6e94a9a83709b5774491fdbb6),ML-KEM-1024,encapsulation,52,14219000,264924,True,
a1573bf1-398a-4b41-bcfd-2e58b9f77bfc,8f246007-d113-4fb2-a3b9-2ac9fbdeafe4,2026-09-16T11:00:00Z,esp32_xtensa_lx6_arduino,NATIVE_HARDWARE,xtensa_lx6,ESP32 Xtensa Dual-Core 240MHz,2,0,FreeRTOS (ESP-IDF / Arduino Core),xtensa-esp32-elf-gcc,xtensa-esp32-elf-gcc (Espressif),-O2,mlkem-native,v1.2.0 (2507ff79a0acfec6e94a9a83709b5774491fdbb6),ML-KEM-1024,decapsulation,52,17147000,264924,True,
a1573bf1-398a-4b41-bcfd-2e58b9f77bfc,8f246007-d113-4fb2-a3b9-2ac9fbdeafe4,2026-09-16T11:00:00Z,esp32_xtensa_lx6_arduino,NATIVE_HARDWARE,xtensa_lx6,ESP32 Xtensa Dual-Core 240MHz,2,0,FreeRTOS (ESP-IDF / Arduino Core),xtensa-esp32-elf-gcc,xtensa-esp32-elf-gcc (Espressif),-O2,mlkem-native,v1.2.0 (2507ff79a0acfec6e94a9a83709b5774491fdbb6),ML-KEM-1024,keygen,53,11957000,264924,True,
a1573bf1-398a-4b41-bcfd-2e58b9f77bfc,8f246007-d113-4fb2-a3b9-2ac9fbdeafe4,2026-09-16T11:00:00Z,esp32_xtensa_lx6_arduino,NATIVE_HARDWARE,xtensa_lx6,ESP32 Xtensa Dual-Core 240MHz,2,0,FreeRTOS (ESP-IDF / Arduino Core),xtensa-esp32-elf-gcc,xtensa-esp32-elf-gcc (Espressif),-O2,mlkem-native,v1.2.0 (2507ff79a0acfec6e94a9a83709b5774491fdbb6),ML-KEM-1024,encapsulation,53,13475000,264924,True,
a1573bf1-398a-4b41-bcfd-2e58b9f77bfc,8f246007-d113-4fb2-a3b9-2ac9fbdeafe4,2026-09-16T11:00:00Z,esp32_xtensa_lx6_arduino,NATIVE_HARDWARE,xtensa_lx6,ESP32 Xtensa Dual-Core 240MHz,2,0,FreeRTOS (ESP-IDF / Arduino Core),xtensa-esp32-elf-gcc,xtensa-esp32-elf-gcc (Espressif),-O2,mlkem-native,v1.2.0 (2507ff79a0acfec6e94a9a83709b5774491fdbb6),ML-KEM-1024,decapsulation,53,16407000,264924,True,
a1573bf1-398a-4b41-bcfd-2e58b9f77bfc,8f246007-d113-4fb2-a3b9-2ac9fbdeafe4,2026-09-16T11:00:00Z,esp32_xtensa_lx6_arduino,NATIVE_HARDWARE,xtensa_lx6,ESP32 Xtensa Dual-Core 240MHz,2,0,FreeRTOS (ESP-IDF / Arduino Core),xtensa-esp32-elf-gcc,xtensa-esp32-elf-gcc (Espressif),-O2,mlkem-native,v1.2.0 (2507ff79a0acfec6e94a9a83709b5774491fdbb6),ML-KEM-1024,keygen,54,11964000,264924,True,
a1573bf1-398a-4b41-bcfd-2e58b9f77bfc,8f246007-d113-4fb2-a3b9-2ac9fbdeafe4,2026-09-16T11:00:00Z,esp32_xtensa_lx6_arduino,NATIVE_HARDWARE,xtensa_lx6,ESP32 Xtensa Dual-Core 240MHz,2,0,FreeRTOS (ESP-IDF / Arduino Core),xtensa-esp32-elf-gcc,xtensa-esp32-elf-gcc (Espressif),-O2,mlkem-native,v1.2.0 (2507ff79a0acfec6e94a9a83709b5774491fdbb6),ML-KEM-1024,encapsulation,54,13482000,264924,True,
a1573bf1-398a-4b41-bcfd-2e58b9f77bfc,8f246007-d113-4fb2-a3b9-2ac9fbdeafe4,2026-09-16T11:00:00Z,esp32_xtensa_lx6_arduino,NATIVE_HARDWARE,xtensa_lx6,ESP32 Xtensa Dual-Core 240MHz,2,0,FreeRTOS (ESP-IDF / Arduino Core),xtensa-esp32-elf-gcc,xtensa-esp32-elf-gcc (Espressif),-O2,mlkem-native,v1.2.0 (2507ff79a0acfec6e94a9a83709b5774491fdbb6),ML-KEM-1024,decapsulation,54,16414000,264924,True,
a1573bf1-398a-4b41-bcfd-2e58b9f77bfc,8f246007-d113-4fb2-a3b9-2ac9fbdeafe4,2026-09-16T11:00:00Z,esp32_xtensa_lx6_arduino,NATIVE_HARDWARE,xtensa_lx6,ESP32 Xtensa Dual-Core 240MHz,2,0,FreeRTOS (ESP-IDF / Arduino Core),xtensa-esp32-elf-gcc,xtensa-esp32-elf-gcc (Espressif),-O2,mlkem-native,v1.2.0 (2507ff79a0acfec6e94a9a83709b5774491fdbb6),ML-KEM-1024,keygen,55,11961000,264924,True,
a1573bf1-398a-4b41-bcfd-2e58b9f77bfc,8f246007-d113-4fb2-a3b9-2ac9fbdeafe4,2026-09-16T11:00:00Z,esp32_xtensa_lx6_arduino,NATIVE_HARDWARE,xtensa_lx6,ESP32 Xtensa Dual-Core 240MHz,2,0,FreeRTOS (ESP-IDF / Arduino Core),xtensa-esp32-elf-gcc,xtensa-esp32-elf-gcc (Espressif),-O2,mlkem-native,v1.2.0 (2507ff79a0acfec6e94a9a83709b5774491fdbb6),ML-KEM-1024,encapsulation,55,13483000,264924,True,
a1573bf1-398a-4b41-bcfd-2e58b9f77bfc,8f246007-d113-4fb2-a3b9-2ac9fbdeafe4,2026-09-16T11:00:00Z,esp32_xtensa_lx6_arduino,NATIVE_HARDWARE,xtensa_lx6,ESP32 Xtensa Dual-Core 240MHz,2,0,FreeRTOS (ESP-IDF / Arduino Core),xtensa-esp32-elf-gcc,xtensa-esp32-elf-gcc (Espressif),-O2,mlkem-native,v1.2.0 (2507ff79a0acfec6e94a9a83709b5774491fdbb6),ML-KEM-1024,decapsulation,55,16411000,264924,True,
a1573bf1-398a-4b41-bcfd-2e58b9f77bfc,8f246007-d113-4fb2-a3b9-2ac9fbdeafe4,2026-09-16T11:00:00Z,esp32_xtensa_lx6_arduino,NATIVE_HARDWARE,xtensa_lx6,ESP32 Xtensa Dual-Core 240MHz,2,0,FreeRTOS (ESP-IDF / Arduino Core),xtensa-esp32-elf-gcc,xtensa-esp32-elf-gcc (Espressif),-O2,mlkem-native,v1.2.0 (2507ff79a0acfec6e94a9a83709b5774491fdbb6),ML-KEM-1024,keygen,56,11959000,264924,True,
a1573bf1-398a-4b41-bcfd-2e58b9f77bfc,8f246007-d113-4fb2-a3b9-2ac9fbdeafe4,2026-09-16T11:00:00Z,esp32_xtensa_lx6_arduino,NATIVE_HARDWARE,xtensa_lx6,ESP32 Xtensa Dual-Core 240MHz,2,0,FreeRTOS (ESP-IDF / Arduino Core),xtensa-esp32-elf-gcc,xtensa-esp32-elf-gcc (Espressif),-O2,mlkem-native,v1.2.0 (2507ff79a0acfec6e94a9a83709b5774491fdbb6),ML-KEM-1024,encapsulation,56,13480000,264924,True,
a1573bf1-398a-4b41-bcfd-2e58b9f77bfc,8f246007-d113-4fb2-a3b9-2ac9fbdeafe4,2026-09-16T11:00:00Z,esp32_xtensa_lx6_arduino,NATIVE_HARDWARE,xtensa_lx6,ESP32 Xtensa Dual-Core 240MHz,2,0,FreeRTOS (ESP-IDF / Arduino Core),xtensa-esp32-elf-gcc,xtensa-esp32-elf-gcc (Espressif),-O2,mlkem-native,v1.2.0 (2507ff79a0acfec6e94a9a83709b5774491fdbb6),ML-KEM-1024,decapsulation,56,16404000,264924,True,
a1573bf1-398a-4b41-bcfd-2e58b9f77bfc,8f246007-d113-4fb2-a3b9-2ac9fbdeafe4,2026-09-16T11:00:00Z,esp32_xtensa_lx6_arduino,NATIVE_HARDWARE,xtensa_lx6,ESP32 Xtensa Dual-Core 240MHz,2,0,FreeRTOS (ESP-IDF / Arduino Core),xtensa-esp32-elf-gcc,xtensa-esp32-elf-gcc (Espressif),-O2,mlkem-native,v1.2.0 (2507ff79a0acfec6e94a9a83709b5774491fdbb6),ML-KEM-1024,keygen,57,11965000,264924,True,
a1573bf1-398a-4b41-bcfd-2e58b9f77bfc,8f246007-d113-4fb2-a3b9-2ac9fbdeafe4,2026-09-16T11:00:00Z,esp32_xtensa_lx6_arduino,NATIVE_HARDWARE,xtensa_lx6,ESP32 Xtensa Dual-Core 240MHz,2,0,FreeRTOS (ESP-IDF / Arduino Core),xtensa-esp32-elf-gcc,xtensa-esp32-elf-gcc (Espressif),-O2,mlkem-native,v1.2.0 (2507ff79a0acfec6e94a9a83709b5774491fdbb6),ML-KEM-1024,encapsulation,57,13487000,264924,True,
a1573bf1-398a-4b41-bcfd-2e58b9f77bfc,8f246007-d113-4fb2-a3b9-2ac9fbdeafe4,2026-09-16T11:00:00Z,esp32_xtensa_lx6_arduino,NATIVE_HARDWARE,xtensa_lx6,ESP32 Xtensa Dual-Core 240MHz,2,0,FreeRTOS (ESP-IDF / Arduino Core),xtensa-esp32-elf-gcc,xtensa-esp32-elf-gcc (Espressif),-O2,mlkem-native,v1.2.0 (2507ff79a0acfec6e94a9a83709b5774491fdbb6),ML-KEM-1024,decapsulation,57,16411000,264924,True,
a1573bf1-398a-4b41-bcfd-2e58b9f77bfc,8f246007-d113-4fb2-a3b9-2ac9fbdeafe4,2026-09-16T11:00:00Z,esp32_xtensa_lx6_arduino,NATIVE_HARDWARE,xtensa_lx6,ESP32 Xtensa Dual-Core 240MHz,2,0,FreeRTOS (ESP-IDF / Arduino Core),xtensa-esp32-elf-gcc,xtensa-esp32-elf-gcc (Espressif),-O2,mlkem-native,v1.2.0 (2507ff79a0acfec6e94a9a83709b5774491fdbb6),ML-KEM-1024,keygen,58,11963000,264924,True,
a1573bf1-398a-4b41-bcfd-2e58b9f77bfc,8f246007-d113-4fb2-a3b9-2ac9fbdeafe4,2026-09-16T11:00:00Z,esp32_xtensa_lx6_arduino,NATIVE_HARDWARE,xtensa_lx6,ESP32 Xtensa Dual-Core 240MHz,2,0,FreeRTOS (ESP-IDF / Arduino Core),xtensa-esp32-elf-gcc,xtensa-esp32-elf-gcc (Espressif),-O2,mlkem-native,v1.2.0 (2507ff79a0acfec6e94a9a83709b5774491fdbb6),ML-KEM-1024,encapsulation,58,13481000,264924,True,
a1573bf1-398a-4b41-bcfd-2e58b9f77bfc,8f246007-d113-4fb2-a3b9-2ac9fbdeafe4,2026-09-16T11:00:00Z,esp32_xtensa_lx6_arduino,NATIVE_HARDWARE,xtensa_lx6,ESP32 Xtensa Dual-Core 240MHz,2,0,FreeRTOS (ESP-IDF / Arduino Core),xtensa-esp32-elf-gcc,xtensa-esp32-elf-gcc (Espressif),-O2,mlkem-native,v1.2.0 (2507ff79a0acfec6e94a9a83709b5774491fdbb6),ML-KEM-1024,decapsulation,58,16408000,264924,True,
a1573bf1-398a-4b41-bcfd-2e58b9f77bfc,8f246007-d113-4fb2-a3b9-2ac9fbdeafe4,2026-09-16T11:00:00Z,esp32_xtensa_lx6_arduino,NATIVE_HARDWARE,xtensa_lx6,ESP32 Xtensa Dual-Core 240MHz,2,0,FreeRTOS (ESP-IDF / Arduino Core),xtensa-esp32-elf-gcc,xtensa-esp32-elf-gcc (Espressif),-O2,mlkem-native,v1.2.0 (2507ff79a0acfec6e94a9a83709b5774491fdbb6),ML-KEM-1024,keygen,59,11959000,264924,True,
a1573bf1-398a-4b41-bcfd-2e58b9f77bfc,8f246007-d113-4fb2-a3b9-2ac9fbdeafe4,2026-09-16T11:00:00Z,esp32_xtensa_lx6_arduino,NATIVE_HARDWARE,xtensa_lx6,ESP32 Xtensa Dual-Core 240MHz,2,0,FreeRTOS (ESP-IDF / Arduino Core),xtensa-esp32-elf-gcc,xtensa-esp32-elf-gcc (Espressif),-O2,mlkem-native,v1.2.0 (2507ff79a0acfec6e94a9a83709b5774491fdbb6),ML-KEM-1024,encapsulation,59,13477000,264924,True,
a1573bf1-398a-4b41-bcfd-2e58b9f77bfc,8f246007-d113-4fb2-a3b9-2ac9fbdeafe4,2026-09-16T11:00:00Z,esp32_xtensa_lx6_arduino,NATIVE_HARDWARE,xtensa_lx6,ESP32 Xtensa Dual-Core 240MHz,2,0,FreeRTOS (ESP-IDF / Arduino Core),xtensa-esp32-elf-gcc,xtensa-esp32-elf-gcc (Espressif),-O2,mlkem-native,v1.2.0 (2507ff79a0acfec6e94a9a83709b5774491fdbb6),ML-KEM-1024,decapsulation,59,16409000,264924,True,
a1573bf1-398a-4b41-bcfd-2e58b9f77bfc,8f246007-d113-4fb2-a3b9-2ac9fbdeafe4,2026-09-16T11:00:00Z,esp32_xtensa_lx6_arduino,NATIVE_HARDWARE,xtensa_lx6,ESP32 Xtensa Dual-Core 240MHz,2,0,FreeRTOS (ESP-IDF / Arduino Core),xtensa-esp32-elf-gcc,xtensa-esp32-elf-gcc (Espressif),-O2,mlkem-native,v1.2.0 (2507ff79a0acfec6e94a9a83709b5774491fdbb6),ML-KEM-1024,keygen,60,11961000,264924,True,
a1573bf1-398a-4b41-bcfd-2e58b9f77bfc,8f246007-d113-4fb2-a3b9-2ac9fbdeafe4,2026-09-16T11:00:00Z,esp32_xtensa_lx6_arduino,NATIVE_HARDWARE,xtensa_lx6,ESP32 Xtensa Dual-Core 240MHz,2,0,FreeRTOS (ESP-IDF / Arduino Core),xtensa-esp32-elf-gcc,xtensa-esp32-elf-gcc (Espressif),-O2,mlkem-native,v1.2.0 (2507ff79a0acfec6e94a9a83709b5774491fdbb6),ML-KEM-1024,encapsulation,60,13482000,264924,True,
a1573bf1-398a-4b41-bcfd-2e58b9f77bfc,8f246007-d113-4fb2-a3b9-2ac9fbdeafe4,2026-09-16T11:00:00Z,esp32_xtensa_lx6_arduino,NATIVE_HARDWARE,xtensa_lx6,ESP32 Xtensa Dual-Core 240MHz,2,0,FreeRTOS (ESP-IDF / Arduino Core),xtensa-esp32-elf-gcc,xtensa-esp32-elf-gcc (Espressif),-O2,mlkem-native,v1.2.0 (2507ff79a0acfec6e94a9a83709b5774491fdbb6),ML-KEM-1024,decapsulation,60,16411000,264924,True,
a1573bf1-398a-4b41-bcfd-2e58b9f77bfc,8f246007-d113-4fb2-a3b9-2ac9fbdeafe4,2026-09-16T11:00:00Z,esp32_xtensa_lx6_arduino,NATIVE_HARDWARE,xtensa_lx6,ESP32 Xtensa Dual-Core 240MHz,2,0,FreeRTOS (ESP-IDF / Arduino Core),xtensa-esp32-elf-gcc,xtensa-esp32-elf-gcc (Espressif),-O2,mlkem-native,v1.2.0 (2507ff79a0acfec6e94a9a83709b5774491fdbb6),ML-KEM-1024,keygen,61,11957000,264924,True,
a1573bf1-398a-4b41-bcfd-2e58b9f77bfc,8f246007-d113-4fb2-a3b9-2ac9fbdeafe4,2026-09-16T11:00:00Z,esp32_xtensa_lx6_arduino,NATIVE_HARDWARE,xtensa_lx6,ESP32 Xtensa Dual-Core 240MHz,2,0,FreeRTOS (ESP-IDF / Arduino Core),xtensa-esp32-elf-gcc,xtensa-esp32-elf-gcc (Espressif),-O2,mlkem-native,v1.2.0 (2507ff79a0acfec6e94a9a83709b5774491fdbb6),ML-KEM-1024,encapsulation,61,13483000,264924,True,
a1573bf1-398a-4b41-bcfd-2e58b9f77bfc,8f246007-d113-4fb2-a3b9-2ac9fbdeafe4,2026-09-16T11:00:00Z,esp32_xtensa_lx6_arduino,NATIVE_HARDWARE,xtensa_lx6,ESP32 Xtensa Dual-Core 240MHz,2,0,FreeRTOS (ESP-IDF / Arduino Core),xtensa-esp32-elf-gcc,xtensa-esp32-elf-gcc (Espressif),-O2,mlkem-native,v1.2.0 (2507ff79a0acfec6e94a9a83709b5774491fdbb6),ML-KEM-1024,decapsulation,61,16406000,264924,True,
a1573bf1-398a-4b41-bcfd-2e58b9f77bfc,8f246007-d113-4fb2-a3b9-2ac9fbdeafe4,2026-09-16T11:00:00Z,esp32_xtensa_lx6_arduino,NATIVE_HARDWARE,xtensa_lx6,ESP32 Xtensa Dual-Core 240MHz,2,0,FreeRTOS (ESP-IDF / Arduino Core),xtensa-esp32-elf-gcc,xtensa-esp32-elf-gcc (Espressif),-O2,mlkem-native,v1.2.0 (2507ff79a0acfec6e94a9a83709b5774491fdbb6),ML-KEM-1024,keygen,62,11961000,264924,True,
a1573bf1-398a-4b41-bcfd-2e58b9f77bfc,8f246007-d113-4fb2-a3b9-2ac9fbdeafe4,2026-09-16T11:00:00Z,esp32_xtensa_lx6_arduino,NATIVE_HARDWARE,xtensa_lx6,ESP32 Xtensa Dual-Core 240MHz,2,0,FreeRTOS (ESP-IDF / Arduino Core),xtensa-esp32-elf-gcc,xtensa-esp32-elf-gcc (Espressif),-O2,mlkem-native,v1.2.0 (2507ff79a0acfec6e94a9a83709b5774491fdbb6),ML-KEM-1024,encapsulation,62,13482000,264924,True,
a1573bf1-398a-4b41-bcfd-2e58b9f77bfc,8f246007-d113-4fb2-a3b9-2ac9fbdeafe4,2026-09-16T11:00:00Z,esp32_xtensa_lx6_arduino,NATIVE_HARDWARE,xtensa_lx6,ESP32 Xtensa Dual-Core 240MHz,2,0,FreeRTOS (ESP-IDF / Arduino Core),xtensa-esp32-elf-gcc,xtensa-esp32-elf-gcc (Espressif),-O2,mlkem-native,v1.2.0 (2507ff79a0acfec6e94a9a83709b5774491fdbb6),ML-KEM-1024,decapsulation,62,16406000,264924,True,
a1573bf1-398a-4b41-bcfd-2e58b9f77bfc,8f246007-d113-4fb2-a3b9-2ac9fbdeafe4,2026-09-16T11:00:00Z,esp32_xtensa_lx6_arduino,NATIVE_HARDWARE,xtensa_lx6,ESP32 Xtensa Dual-Core 240MHz,2,0,FreeRTOS (ESP-IDF / Arduino Core),xtensa-esp32-elf-gcc,xtensa-esp32-elf-gcc (Espressif),-O2,mlkem-native,v1.2.0 (2507ff79a0acfec6e94a9a83709b5774491fdbb6),ML-KEM-1024,keygen,63,11964000,264924,True,
a1573bf1-398a-4b41-bcfd-2e58b9f77bfc,8f246007-d113-4fb2-a3b9-2ac9fbdeafe4,2026-09-16T11:00:00Z,esp32_xtensa_lx6_arduino,NATIVE_HARDWARE,xtensa_lx6,ESP32 Xtensa Dual-Core 240MHz,2,0,FreeRTOS (ESP-IDF / Arduino Core),xtensa-esp32-elf-gcc,xtensa-esp32-elf-gcc (Espressif),-O2,mlkem-native,v1.2.0 (2507ff79a0acfec6e94a9a83709b5774491fdbb6),ML-KEM-1024,encapsulation,63,13482000,264924,True,
a1573bf1-398a-4b41-bcfd-2e58b9f77bfc,8f246007-d113-4fb2-a3b9-2ac9fbdeafe4,2026-09-16T11:00:00Z,esp32_xtensa_lx6_arduino,NATIVE_HARDWARE,xtensa_lx6,ESP32 Xtensa Dual-Core 240MHz,2,0,FreeRTOS (ESP-IDF / Arduino Core),xtensa-esp32-elf-gcc,xtensa-esp32-elf-gcc (Espressif),-O2,mlkem-native,v1.2.0 (2507ff79a0acfec6e94a9a83709b5774491fdbb6),ML-KEM-1024,decapsulation,63,16409000,264924,True,
a1573bf1-398a-4b41-bcfd-2e58b9f77bfc,8f246007-d113-4fb2-a3b9-2ac9fbdeafe4,2026-09-16T11:00:00Z,esp32_xtensa_lx6_arduino,NATIVE_HARDWARE,xtensa_lx6,ESP32 Xtensa Dual-Core 240MHz,2,0,FreeRTOS (ESP-IDF / Arduino Core),xtensa-esp32-elf-gcc,xtensa-esp32-elf-gcc (Espressif),-O2,mlkem-native,v1.2.0 (2507ff79a0acfec6e94a9a83709b5774491fdbb6),ML-KEM-1024,keygen,64,11959000,264924,True,
a1573bf1-398a-4b41-bcfd-2e58b9f77bfc,8f246007-d113-4fb2-a3b9-2ac9fbdeafe4,2026-09-16T11:00:00Z,esp32_xtensa_lx6_arduino,NATIVE_HARDWARE,xtensa_lx6,ESP32 Xtensa Dual-Core 240MHz,2,0,FreeRTOS (ESP-IDF / Arduino Core),xtensa-esp32-elf-gcc,xtensa-esp32-elf-gcc (Espressif),-O2,mlkem-native,v1.2.0 (2507ff79a0acfec6e94a9a83709b5774491fdbb6),ML-KEM-1024,encapsulation,64,13477000,264924,True,
a1573bf1-398a-4b41-bcfd-2e58b9f77bfc,8f246007-d113-4fb2-a3b9-2ac9fbdeafe4,2026-09-16T11:00:00Z,esp32_xtensa_lx6_arduino,NATIVE_HARDWARE,xtensa_lx6,ESP32 Xtensa Dual-Core 240MHz,2,0,FreeRTOS (ESP-IDF / Arduino Core),xtensa-esp32-elf-gcc,xtensa-esp32-elf-gcc (Espressif),-O2,mlkem-native,v1.2.0 (2507ff79a0acfec6e94a9a83709b5774491fdbb6),ML-KEM-1024,decapsulation,64,16410000,264924,True,
a1573bf1-398a-4b41-bcfd-2e58b9f77bfc,8f246007-d113-4fb2-a3b9-2ac9fbdeafe4,2026-09-16T11:00:00Z,esp32_xtensa_lx6_arduino,NATIVE_HARDWARE,xtensa_lx6,ESP32 Xtensa Dual-Core 240MHz,2,0,FreeRTOS (ESP-IDF / Arduino Core),xtensa-esp32-elf-gcc,xtensa-esp32-elf-gcc (Espressif),-O2,mlkem-native,v1.2.0 (2507ff79a0acfec6e94a9a83709b5774491fdbb6),ML-KEM-1024,keygen,65,11962000,264924,True,
a1573bf1-398a-4b41-bcfd-2e58b9f77bfc,8f246007-d113-4fb2-a3b9-2ac9fbdeafe4,2026-09-16T11:00:00Z,esp32_xtensa_lx6_arduino,NATIVE_HARDWARE,xtensa_lx6,ESP32 Xtensa Dual-Core 240MHz,2,0,FreeRTOS (ESP-IDF / Arduino Core),xtensa-esp32-elf-gcc,xtensa-esp32-elf-gcc (Espressif),-O2,mlkem-native,v1.2.0 (2507ff79a0acfec6e94a9a83709b5774491fdbb6),ML-KEM-1024,encapsulation,65,13484000,264924,True,
a1573bf1-398a-4b41-bcfd-2e58b9f77bfc,8f246007-d113-4fb2-a3b9-2ac9fbdeafe4,2026-09-16T11:00:00Z,esp32_xtensa_lx6_arduino,NATIVE_HARDWARE,xtensa_lx6,ESP32 Xtensa Dual-Core 240MHz,2,0,FreeRTOS (ESP-IDF / Arduino Core),xtensa-esp32-elf-gcc,xtensa-esp32-elf-gcc (Espressif),-O2,mlkem-native,v1.2.0 (2507ff79a0acfec6e94a9a83709b5774491fdbb6),ML-KEM-1024,decapsulation,65,16412000,264924,True,
a1573bf1-398a-4b41-bcfd-2e58b9f77bfc,8f246007-d113-4fb2-a3b9-2ac9fbdeafe4,2026-09-16T11:00:00Z,esp32_xtensa_lx6_arduino,NATIVE_HARDWARE,xtensa_lx6,ESP32 Xtensa Dual-Core 240MHz,2,0,FreeRTOS (ESP-IDF / Arduino Core),xtensa-esp32-elf-gcc,xtensa-esp32-elf-gcc (Espressif),-O2,mlkem-native,v1.2.0 (2507ff79a0acfec6e94a9a83709b5774491fdbb6),ML-KEM-1024,keygen,66,11962000,264924,True,
a1573bf1-398a-4b41-bcfd-2e58b9f77bfc,8f246007-d113-4fb2-a3b9-2ac9fbdeafe4,2026-09-16T11:00:00Z,esp32_xtensa_lx6_arduino,NATIVE_HARDWARE,xtensa_lx6,ESP32 Xtensa Dual-Core 240MHz,2,0,FreeRTOS (ESP-IDF / Arduino Core),xtensa-esp32-elf-gcc,xtensa-esp32-elf-gcc (Espressif),-O2,mlkem-native,v1.2.0 (2507ff79a0acfec6e94a9a83709b5774491fdbb6),ML-KEM-1024,encapsulation,66,13483000,264924,True,
a1573bf1-398a-4b41-bcfd-2e58b9f77bfc,8f246007-d113-4fb2-a3b9-2ac9fbdeafe4,2026-09-16T11:00:00Z,esp32_xtensa_lx6_arduino,NATIVE_HARDWARE,xtensa_lx6,ESP32 Xtensa Dual-Core 240MHz,2,0,FreeRTOS (ESP-IDF / Arduino Core),xtensa-esp32-elf-gcc,xtensa-esp32-elf-gcc (Espressif),-O2,mlkem-native,v1.2.0 (2507ff79a0acfec6e94a9a83709b5774491fdbb6),ML-KEM-1024,decapsulation,66,16406000,264924,True,
a1573bf1-398a-4b41-bcfd-2e58b9f77bfc,8f246007-d113-4fb2-a3b9-2ac9fbdeafe4,2026-09-16T11:00:00Z,esp32_xtensa_lx6_arduino,NATIVE_HARDWARE,xtensa_lx6,ESP32 Xtensa Dual-Core 240MHz,2,0,FreeRTOS (ESP-IDF / Arduino Core),xtensa-esp32-elf-gcc,xtensa-esp32-elf-gcc (Espressif),-O2,mlkem-native,v1.2.0 (2507ff79a0acfec6e94a9a83709b5774491fdbb6),ML-KEM-1024,keygen,67,11956000,264924,True,
a1573bf1-398a-4b41-bcfd-2e58b9f77bfc,8f246007-d113-4fb2-a3b9-2ac9fbdeafe4,2026-09-16T11:00:00Z,esp32_xtensa_lx6_arduino,NATIVE_HARDWARE,xtensa_lx6,ESP32 Xtensa Dual-Core 240MHz,2,0,FreeRTOS (ESP-IDF / Arduino Core),xtensa-esp32-elf-gcc,xtensa-esp32-elf-gcc (Espressif),-O2,mlkem-native,v1.2.0 (2507ff79a0acfec6e94a9a83709b5774491fdbb6),ML-KEM-1024,encapsulation,67,13478000,264924,True,
a1573bf1-398a-4b41-bcfd-2e58b9f77bfc,8f246007-d113-4fb2-a3b9-2ac9fbdeafe4,2026-09-16T11:00:00Z,esp32_xtensa_lx6_arduino,NATIVE_HARDWARE,xtensa_lx6,ESP32 Xtensa Dual-Core 240MHz,2,0,FreeRTOS (ESP-IDF / Arduino Core),xtensa-esp32-elf-gcc,xtensa-esp32-elf-gcc (Espressif),-O2,mlkem-native,v1.2.0 (2507ff79a0acfec6e94a9a83709b5774491fdbb6),ML-KEM-1024,decapsulation,67,16402000,264924,True,
a1573bf1-398a-4b41-bcfd-2e58b9f77bfc,8f246007-d113-4fb2-a3b9-2ac9fbdeafe4,2026-09-16T11:00:00Z,esp32_xtensa_lx6_arduino,NATIVE_HARDWARE,xtensa_lx6,ESP32 Xtensa Dual-Core 240MHz,2,0,FreeRTOS (ESP-IDF / Arduino Core),xtensa-esp32-elf-gcc,xtensa-esp32-elf-gcc (Espressif),-O2,mlkem-native,v1.2.0 (2507ff79a0acfec6e94a9a83709b5774491fdbb6),ML-KEM-1024,keygen,68,12333000,264924,True,
a1573bf1-398a-4b41-bcfd-2e58b9f77bfc,8f246007-d113-4fb2-a3b9-2ac9fbdeafe4,2026-09-16T11:00:00Z,esp32_xtensa_lx6_arduino,NATIVE_HARDWARE,xtensa_lx6,ESP32 Xtensa Dual-Core 240MHz,2,0,FreeRTOS (ESP-IDF / Arduino Core),xtensa-esp32-elf-gcc,xtensa-esp32-elf-gcc (Espressif),-O2,mlkem-native,v1.2.0 (2507ff79a0acfec6e94a9a83709b5774491fdbb6),ML-KEM-1024,encapsulation,68,13854000,264924,True,
a1573bf1-398a-4b41-bcfd-2e58b9f77bfc,8f246007-d113-4fb2-a3b9-2ac9fbdeafe4,2026-09-16T11:00:00Z,esp32_xtensa_lx6_arduino,NATIVE_HARDWARE,xtensa_lx6,ESP32 Xtensa Dual-Core 240MHz,2,0,FreeRTOS (ESP-IDF / Arduino Core),xtensa-esp32-elf-gcc,xtensa-esp32-elf-gcc (Espressif),-O2,mlkem-native,v1.2.0 (2507ff79a0acfec6e94a9a83709b5774491fdbb6),ML-KEM-1024,decapsulation,68,16779000,264924,True,
a1573bf1-398a-4b41-bcfd-2e58b9f77bfc,8f246007-d113-4fb2-a3b9-2ac9fbdeafe4,2026-09-16T11:00:00Z,esp32_xtensa_lx6_arduino,NATIVE_HARDWARE,xtensa_lx6,ESP32 Xtensa Dual-Core 240MHz,2,0,FreeRTOS (ESP-IDF / Arduino Core),xtensa-esp32-elf-gcc,xtensa-esp32-elf-gcc (Espressif),-O2,mlkem-native,v1.2.0 (2507ff79a0acfec6e94a9a83709b5774491fdbb6),ML-KEM-1024,keygen,69,11961000,264924,True,
a1573bf1-398a-4b41-bcfd-2e58b9f77bfc,8f246007-d113-4fb2-a3b9-2ac9fbdeafe4,2026-09-16T11:00:00Z,esp32_xtensa_lx6_arduino,NATIVE_HARDWARE,xtensa_lx6,ESP32 Xtensa Dual-Core 240MHz,2,0,FreeRTOS (ESP-IDF / Arduino Core),xtensa-esp32-elf-gcc,xtensa-esp32-elf-gcc (Espressif),-O2,mlkem-native,v1.2.0 (2507ff79a0acfec6e94a9a83709b5774491fdbb6),ML-KEM-1024,encapsulation,69,13478000,264924,True,
a1573bf1-398a-4b41-bcfd-2e58b9f77bfc,8f246007-d113-4fb2-a3b9-2ac9fbdeafe4,2026-09-16T11:00:00Z,esp32_xtensa_lx6_arduino,NATIVE_HARDWARE,xtensa_lx6,ESP32 Xtensa Dual-Core 240MHz,2,0,FreeRTOS (ESP-IDF / Arduino Core),xtensa-esp32-elf-gcc,xtensa-esp32-elf-gcc (Espressif),-O2,mlkem-native,v1.2.0 (2507ff79a0acfec6e94a9a83709b5774491fdbb6),ML-KEM-1024,decapsulation,69,16410000,264924,True,
a1573bf1-398a-4b41-bcfd-2e58b9f77bfc,8f246007-d113-4fb2-a3b9-2ac9fbdeafe4,2026-09-16T11:00:00Z,esp32_xtensa_lx6_arduino,NATIVE_HARDWARE,xtensa_lx6,ESP32 Xtensa Dual-Core 240MHz,2,0,FreeRTOS (ESP-IDF / Arduino Core),xtensa-esp32-elf-gcc,xtensa-esp32-elf-gcc (Espressif),-O2,mlkem-native,v1.2.0 (2507ff79a0acfec6e94a9a83709b5774491fdbb6),ML-KEM-1024,keygen,70,11962000,264924,True,
a1573bf1-398a-4b41-bcfd-2e58b9f77bfc,8f246007-d113-4fb2-a3b9-2ac9fbdeafe4,2026-09-16T11:00:00Z,esp32_xtensa_lx6_arduino,NATIVE_HARDWARE,xtensa_lx6,ESP32 Xtensa Dual-Core 240MHz,2,0,FreeRTOS (ESP-IDF / Arduino Core),xtensa-esp32-elf-gcc,xtensa-esp32-elf-gcc (Espressif),-O2,mlkem-native,v1.2.0 (2507ff79a0acfec6e94a9a83709b5774491fdbb6),ML-KEM-1024,encapsulation,70,13483000,264924,True,
a1573bf1-398a-4b41-bcfd-2e58b9f77bfc,8f246007-d113-4fb2-a3b9-2ac9fbdeafe4,2026-09-16T11:00:00Z,esp32_xtensa_lx6_arduino,NATIVE_HARDWARE,xtensa_lx6,ESP32 Xtensa Dual-Core 240MHz,2,0,FreeRTOS (ESP-IDF / Arduino Core),xtensa-esp32-elf-gcc,xtensa-esp32-elf-gcc (Espressif),-O2,mlkem-native,v1.2.0 (2507ff79a0acfec6e94a9a83709b5774491fdbb6),ML-KEM-1024,decapsulation,70,16412000,264924,True,
a1573bf1-398a-4b41-bcfd-2e58b9f77bfc,8f246007-d113-4fb2-a3b9-2ac9fbdeafe4,2026-09-16T11:00:00Z,esp32_xtensa_lx6_arduino,NATIVE_HARDWARE,xtensa_lx6,ESP32 Xtensa Dual-Core 240MHz,2,0,FreeRTOS (ESP-IDF / Arduino Core),xtensa-esp32-elf-gcc,xtensa-esp32-elf-gcc (Espressif),-O2,mlkem-native,v1.2.0 (2507ff79a0acfec6e94a9a83709b5774491fdbb6),ML-KEM-1024,keygen,71,11966000,264924,True,
a1573bf1-398a-4b41-bcfd-2e58b9f77bfc,8f246007-d113-4fb2-a3b9-2ac9fbdeafe4,2026-09-16T11:00:00Z,esp32_xtensa_lx6_arduino,NATIVE_HARDWARE,xtensa_lx6,ESP32 Xtensa Dual-Core 240MHz,2,0,FreeRTOS (ESP-IDF / Arduino Core),xtensa-esp32-elf-gcc,xtensa-esp32-elf-gcc (Espressif),-O2,mlkem-native,v1.2.0 (2507ff79a0acfec6e94a9a83709b5774491fdbb6),ML-KEM-1024,encapsulation,71,13487000,264924,True,
a1573bf1-398a-4b41-bcfd-2e58b9f77bfc,8f246007-d113-4fb2-a3b9-2ac9fbdeafe4,2026-09-16T11:00:00Z,esp32_xtensa_lx6_arduino,NATIVE_HARDWARE,xtensa_lx6,ESP32 Xtensa Dual-Core 240MHz,2,0,FreeRTOS (ESP-IDF / Arduino Core),xtensa-esp32-elf-gcc,xtensa-esp32-elf-gcc (Espressif),-O2,mlkem-native,v1.2.0 (2507ff79a0acfec6e94a9a83709b5774491fdbb6),ML-KEM-1024,decapsulation,71,16411000,264924,True,
a1573bf1-398a-4b41-bcfd-2e58b9f77bfc,8f246007-d113-4fb2-a3b9-2ac9fbdeafe4,2026-09-16T11:00:00Z,esp32_xtensa_lx6_arduino,NATIVE_HARDWARE,xtensa_lx6,ESP32 Xtensa Dual-Core 240MHz,2,0,FreeRTOS (ESP-IDF / Arduino Core),xtensa-esp32-elf-gcc,xtensa-esp32-elf-gcc (Espressif),-O2,mlkem-native,v1.2.0 (2507ff79a0acfec6e94a9a83709b5774491fdbb6),ML-KEM-1024,keygen,72,11959000,264924,True,
a1573bf1-398a-4b41-bcfd-2e58b9f77bfc,8f246007-d113-4fb2-a3b9-2ac9fbdeafe4,2026-09-16T11:00:00Z,esp32_xtensa_lx6_arduino,NATIVE_HARDWARE,xtensa_lx6,ESP32 Xtensa Dual-Core 240MHz,2,0,FreeRTOS (ESP-IDF / Arduino Core),xtensa-esp32-elf-gcc,xtensa-esp32-elf-gcc (Espressif),-O2,mlkem-native,v1.2.0 (2507ff79a0acfec6e94a9a83709b5774491fdbb6),ML-KEM-1024,encapsulation,72,13480000,264924,True,
a1573bf1-398a-4b41-bcfd-2e58b9f77bfc,8f246007-d113-4fb2-a3b9-2ac9fbdeafe4,2026-09-16T11:00:00Z,esp32_xtensa_lx6_arduino,NATIVE_HARDWARE,xtensa_lx6,ESP32 Xtensa Dual-Core 240MHz,2,0,FreeRTOS (ESP-IDF / Arduino Core),xtensa-esp32-elf-gcc,xtensa-esp32-elf-gcc (Espressif),-O2,mlkem-native,v1.2.0 (2507ff79a0acfec6e94a9a83709b5774491fdbb6),ML-KEM-1024,decapsulation,72,16404000,264924,True,
a1573bf1-398a-4b41-bcfd-2e58b9f77bfc,8f246007-d113-4fb2-a3b9-2ac9fbdeafe4,2026-09-16T11:00:00Z,esp32_xtensa_lx6_arduino,NATIVE_HARDWARE,xtensa_lx6,ESP32 Xtensa Dual-Core 240MHz,2,0,FreeRTOS (ESP-IDF / Arduino Core),xtensa-esp32-elf-gcc,xtensa-esp32-elf-gcc (Espressif),-O2,mlkem-native,v1.2.0 (2507ff79a0acfec6e94a9a83709b5774491fdbb6),ML-KEM-1024,keygen,73,12331000,264924,True,
a1573bf1-398a-4b41-bcfd-2e58b9f77bfc,8f246007-d113-4fb2-a3b9-2ac9fbdeafe4,2026-09-16T11:00:00Z,esp32_xtensa_lx6_arduino,NATIVE_HARDWARE,xtensa_lx6,ESP32 Xtensa Dual-Core 240MHz,2,0,FreeRTOS (ESP-IDF / Arduino Core),xtensa-esp32-elf-gcc,xtensa-esp32-elf-gcc (Espressif),-O2,mlkem-native,v1.2.0 (2507ff79a0acfec6e94a9a83709b5774491fdbb6),ML-KEM-1024,encapsulation,73,13853000,264924,True,
a1573bf1-398a-4b41-bcfd-2e58b9f77bfc,8f246007-d113-4fb2-a3b9-2ac9fbdeafe4,2026-09-16T11:00:00Z,esp32_xtensa_lx6_arduino,NATIVE_HARDWARE,xtensa_lx6,ESP32 Xtensa Dual-Core 240MHz,2,0,FreeRTOS (ESP-IDF / Arduino Core),xtensa-esp32-elf-gcc,xtensa-esp32-elf-gcc (Espressif),-O2,mlkem-native,v1.2.0 (2507ff79a0acfec6e94a9a83709b5774491fdbb6),ML-KEM-1024,decapsulation,73,16777000,264924,True,
a1573bf1-398a-4b41-bcfd-2e58b9f77bfc,8f246007-d113-4fb2-a3b9-2ac9fbdeafe4,2026-09-16T11:00:00Z,esp32_xtensa_lx6_arduino,NATIVE_HARDWARE,xtensa_lx6,ESP32 Xtensa Dual-Core 240MHz,2,0,FreeRTOS (ESP-IDF / Arduino Core),xtensa-esp32-elf-gcc,xtensa-esp32-elf-gcc (Espressif),-O2,mlkem-native,v1.2.0 (2507ff79a0acfec6e94a9a83709b5774491fdbb6),ML-KEM-1024,keygen,74,11966000,264924,True,
a1573bf1-398a-4b41-bcfd-2e58b9f77bfc,8f246007-d113-4fb2-a3b9-2ac9fbdeafe4,2026-09-16T11:00:00Z,esp32_xtensa_lx6_arduino,NATIVE_HARDWARE,xtensa_lx6,ESP32 Xtensa Dual-Core 240MHz,2,0,FreeRTOS (ESP-IDF / Arduino Core),xtensa-esp32-elf-gcc,xtensa-esp32-elf-gcc (Espressif),-O2,mlkem-native,v1.2.0 (2507ff79a0acfec6e94a9a83709b5774491fdbb6),ML-KEM-1024,encapsulation,74,13484000,264924,True,
a1573bf1-398a-4b41-bcfd-2e58b9f77bfc,8f246007-d113-4fb2-a3b9-2ac9fbdeafe4,2026-09-16T11:00:00Z,esp32_xtensa_lx6_arduino,NATIVE_HARDWARE,xtensa_lx6,ESP32 Xtensa Dual-Core 240MHz,2,0,FreeRTOS (ESP-IDF / Arduino Core),xtensa-esp32-elf-gcc,xtensa-esp32-elf-gcc (Espressif),-O2,mlkem-native,v1.2.0 (2507ff79a0acfec6e94a9a83709b5774491fdbb6),ML-KEM-1024,decapsulation,74,16416000,264924,True,
a1573bf1-398a-4b41-bcfd-2e58b9f77bfc,8f246007-d113-4fb2-a3b9-2ac9fbdeafe4,2026-09-16T11:00:00Z,esp32_xtensa_lx6_arduino,NATIVE_HARDWARE,xtensa_lx6,ESP32 Xtensa Dual-Core 240MHz,2,0,FreeRTOS (ESP-IDF / Arduino Core),xtensa-esp32-elf-gcc,xtensa-esp32-elf-gcc (Espressif),-O2,mlkem-native,v1.2.0 (2507ff79a0acfec6e94a9a83709b5774491fdbb6),ML-KEM-1024,keygen,75,11962000,264924,True,
a1573bf1-398a-4b41-bcfd-2e58b9f77bfc,8f246007-d113-4fb2-a3b9-2ac9fbdeafe4,2026-09-16T11:00:00Z,esp32_xtensa_lx6_arduino,NATIVE_HARDWARE,xtensa_lx6,ESP32 Xtensa Dual-Core 240MHz,2,0,FreeRTOS (ESP-IDF / Arduino Core),xtensa-esp32-elf-gcc,xtensa-esp32-elf-gcc (Espressif),-O2,mlkem-native,v1.2.0 (2507ff79a0acfec6e94a9a83709b5774491fdbb6),ML-KEM-1024,encapsulation,75,13484000,264924,True,
a1573bf1-398a-4b41-bcfd-2e58b9f77bfc,8f246007-d113-4fb2-a3b9-2ac9fbdeafe4,2026-09-16T11:00:00Z,esp32_xtensa_lx6_arduino,NATIVE_HARDWARE,xtensa_lx6,ESP32 Xtensa Dual-Core 240MHz,2,0,FreeRTOS (ESP-IDF / Arduino Core),xtensa-esp32-elf-gcc,xtensa-esp32-elf-gcc (Espressif),-O2,mlkem-native,v1.2.0 (2507ff79a0acfec6e94a9a83709b5774491fdbb6),ML-KEM-1024,decapsulation,75,16412000,264924,True,
a1573bf1-398a-4b41-bcfd-2e58b9f77bfc,8f246007-d113-4fb2-a3b9-2ac9fbdeafe4,2026-09-16T11:00:00Z,esp32_xtensa_lx6_arduino,NATIVE_HARDWARE,xtensa_lx6,ESP32 Xtensa Dual-Core 240MHz,2,0,FreeRTOS (ESP-IDF / Arduino Core),xtensa-esp32-elf-gcc,xtensa-esp32-elf-gcc (Espressif),-O2,mlkem-native,v1.2.0 (2507ff79a0acfec6e94a9a83709b5774491fdbb6),ML-KEM-1024,keygen,76,11958000,264924,True,
a1573bf1-398a-4b41-bcfd-2e58b9f77bfc,8f246007-d113-4fb2-a3b9-2ac9fbdeafe4,2026-09-16T11:00:00Z,esp32_xtensa_lx6_arduino,NATIVE_HARDWARE,xtensa_lx6,ESP32 Xtensa Dual-Core 240MHz,2,0,FreeRTOS (ESP-IDF / Arduino Core),xtensa-esp32-elf-gcc,xtensa-esp32-elf-gcc (Espressif),-O2,mlkem-native,v1.2.0 (2507ff79a0acfec6e94a9a83709b5774491fdbb6),ML-KEM-1024,encapsulation,76,13480000,264924,True,
a1573bf1-398a-4b41-bcfd-2e58b9f77bfc,8f246007-d113-4fb2-a3b9-2ac9fbdeafe4,2026-09-16T11:00:00Z,esp32_xtensa_lx6_arduino,NATIVE_HARDWARE,xtensa_lx6,ESP32 Xtensa Dual-Core 240MHz,2,0,FreeRTOS (ESP-IDF / Arduino Core),xtensa-esp32-elf-gcc,xtensa-esp32-elf-gcc (Espressif),-O2,mlkem-native,v1.2.0 (2507ff79a0acfec6e94a9a83709b5774491fdbb6),ML-KEM-1024,decapsulation,76,16403000,264924,True,
a1573bf1-398a-4b41-bcfd-2e58b9f77bfc,8f246007-d113-4fb2-a3b9-2ac9fbdeafe4,2026-09-16T11:00:00Z,esp32_xtensa_lx6_arduino,NATIVE_HARDWARE,xtensa_lx6,ESP32 Xtensa Dual-Core 240MHz,2,0,FreeRTOS (ESP-IDF / Arduino Core),xtensa-esp32-elf-gcc,xtensa-esp32-elf-gcc (Espressif),-O2,mlkem-native,v1.2.0 (2507ff79a0acfec6e94a9a83709b5774491fdbb6),ML-KEM-1024,keygen,77,11961000,264924,True,
a1573bf1-398a-4b41-bcfd-2e58b9f77bfc,8f246007-d113-4fb2-a3b9-2ac9fbdeafe4,2026-09-16T11:00:00Z,esp32_xtensa_lx6_arduino,NATIVE_HARDWARE,xtensa_lx6,ESP32 Xtensa Dual-Core 240MHz,2,0,FreeRTOS (ESP-IDF / Arduino Core),xtensa-esp32-elf-gcc,xtensa-esp32-elf-gcc (Espressif),-O2,mlkem-native,v1.2.0 (2507ff79a0acfec6e94a9a83709b5774491fdbb6),ML-KEM-1024,encapsulation,77,13482000,264924,True,
a1573bf1-398a-4b41-bcfd-2e58b9f77bfc,8f246007-d113-4fb2-a3b9-2ac9fbdeafe4,2026-09-16T11:00:00Z,esp32_xtensa_lx6_arduino,NATIVE_HARDWARE,xtensa_lx6,ESP32 Xtensa Dual-Core 240MHz,2,0,FreeRTOS (ESP-IDF / Arduino Core),xtensa-esp32-elf-gcc,xtensa-esp32-elf-gcc (Espressif),-O2,mlkem-native,v1.2.0 (2507ff79a0acfec6e94a9a83709b5774491fdbb6),ML-KEM-1024,decapsulation,77,16407000,264924,True,
a1573bf1-398a-4b41-bcfd-2e58b9f77bfc,8f246007-d113-4fb2-a3b9-2ac9fbdeafe4,2026-09-16T11:00:00Z,esp32_xtensa_lx6_arduino,NATIVE_HARDWARE,xtensa_lx6,ESP32 Xtensa Dual-Core 240MHz,2,0,FreeRTOS (ESP-IDF / Arduino Core),xtensa-esp32-elf-gcc,xtensa-esp32-elf-gcc (Espressif),-O2,mlkem-native,v1.2.0 (2507ff79a0acfec6e94a9a83709b5774491fdbb6),ML-KEM-1024,keygen,78,11965000,264924,True,
a1573bf1-398a-4b41-bcfd-2e58b9f77bfc,8f246007-d113-4fb2-a3b9-2ac9fbdeafe4,2026-09-16T11:00:00Z,esp32_xtensa_lx6_arduino,NATIVE_HARDWARE,xtensa_lx6,ESP32 Xtensa Dual-Core 240MHz,2,0,FreeRTOS (ESP-IDF / Arduino Core),xtensa-esp32-elf-gcc,xtensa-esp32-elf-gcc (Espressif),-O2,mlkem-native,v1.2.0 (2507ff79a0acfec6e94a9a83709b5774491fdbb6),ML-KEM-1024,encapsulation,78,13483000,264924,True,
a1573bf1-398a-4b41-bcfd-2e58b9f77bfc,8f246007-d113-4fb2-a3b9-2ac9fbdeafe4,2026-09-16T11:00:00Z,esp32_xtensa_lx6_arduino,NATIVE_HARDWARE,xtensa_lx6,ESP32 Xtensa Dual-Core 240MHz,2,0,FreeRTOS (ESP-IDF / Arduino Core),xtensa-esp32-elf-gcc,xtensa-esp32-elf-gcc (Espressif),-O2,mlkem-native,v1.2.0 (2507ff79a0acfec6e94a9a83709b5774491fdbb6),ML-KEM-1024,decapsulation,78,16410000,264924,True,
a1573bf1-398a-4b41-bcfd-2e58b9f77bfc,8f246007-d113-4fb2-a3b9-2ac9fbdeafe4,2026-09-16T11:00:00Z,esp32_xtensa_lx6_arduino,NATIVE_HARDWARE,xtensa_lx6,ESP32 Xtensa Dual-Core 240MHz,2,0,FreeRTOS (ESP-IDF / Arduino Core),xtensa-esp32-elf-gcc,xtensa-esp32-elf-gcc (Espressif),-O2,mlkem-native,v1.2.0 (2507ff79a0acfec6e94a9a83709b5774491fdbb6),ML-KEM-1024,keygen,79,11960000,264924,True,
a1573bf1-398a-4b41-bcfd-2e58b9f77bfc,8f246007-d113-4fb2-a3b9-2ac9fbdeafe4,2026-09-16T11:00:00Z,esp32_xtensa_lx6_arduino,NATIVE_HARDWARE,xtensa_lx6,ESP32 Xtensa Dual-Core 240MHz,2,0,FreeRTOS (ESP-IDF / Arduino Core),xtensa-esp32-elf-gcc,xtensa-esp32-elf-gcc (Espressif),-O2,mlkem-native,v1.2.0 (2507ff79a0acfec6e94a9a83709b5774491fdbb6),ML-KEM-1024,encapsulation,79,13478000,264924,True,
a1573bf1-398a-4b41-bcfd-2e58b9f77bfc,8f246007-d113-4fb2-a3b9-2ac9fbdeafe4,2026-09-16T11:00:00Z,esp32_xtensa_lx6_arduino,NATIVE_HARDWARE,xtensa_lx6,ESP32 Xtensa Dual-Core 240MHz,2,0,FreeRTOS (ESP-IDF / Arduino Core),xtensa-esp32-elf-gcc,xtensa-esp32-elf-gcc (Espressif),-O2,mlkem-native,v1.2.0 (2507ff79a0acfec6e94a9a83709b5774491fdbb6),ML-KEM-1024,decapsulation,79,16410000,264924,True,
a1573bf1-398a-4b41-bcfd-2e58b9f77bfc,8f246007-d113-4fb2-a3b9-2ac9fbdeafe4,2026-09-16T11:00:00Z,esp32_xtensa_lx6_arduino,NATIVE_HARDWARE,xtensa_lx6,ESP32 Xtensa Dual-Core 240MHz,2,0,FreeRTOS (ESP-IDF / Arduino Core),xtensa-esp32-elf-gcc,xtensa-esp32-elf-gcc (Espressif),-O2,mlkem-native,v1.2.0 (2507ff79a0acfec6e94a9a83709b5774491fdbb6),ML-KEM-1024,keygen,80,11963000,264924,True,
a1573bf1-398a-4b41-bcfd-2e58b9f77bfc,8f246007-d113-4fb2-a3b9-2ac9fbdeafe4,2026-09-16T11:00:00Z,esp32_xtensa_lx6_arduino,NATIVE_HARDWARE,xtensa_lx6,ESP32 Xtensa Dual-Core 240MHz,2,0,FreeRTOS (ESP-IDF / Arduino Core),xtensa-esp32-elf-gcc,xtensa-esp32-elf-gcc (Espressif),-O2,mlkem-native,v1.2.0 (2507ff79a0acfec6e94a9a83709b5774491fdbb6),ML-KEM-1024,encapsulation,80,13484000,264924,True,
a1573bf1-398a-4b41-bcfd-2e58b9f77bfc,8f246007-d113-4fb2-a3b9-2ac9fbdeafe4,2026-09-16T11:00:00Z,esp32_xtensa_lx6_arduino,NATIVE_HARDWARE,xtensa_lx6,ESP32 Xtensa Dual-Core 240MHz,2,0,FreeRTOS (ESP-IDF / Arduino Core),xtensa-esp32-elf-gcc,xtensa-esp32-elf-gcc (Espressif),-O2,mlkem-native,v1.2.0 (2507ff79a0acfec6e94a9a83709b5774491fdbb6),ML-KEM-1024,decapsulation,80,16413000,264924,True,
a1573bf1-398a-4b41-bcfd-2e58b9f77bfc,8f246007-d113-4fb2-a3b9-2ac9fbdeafe4,2026-09-16T11:00:00Z,esp32_xtensa_lx6_arduino,NATIVE_HARDWARE,xtensa_lx6,ESP32 Xtensa Dual-Core 240MHz,2,0,FreeRTOS (ESP-IDF / Arduino Core),xtensa-esp32-elf-gcc,xtensa-esp32-elf-gcc (Espressif),-O2,mlkem-native,v1.2.0 (2507ff79a0acfec6e94a9a83709b5774491fdbb6),ML-KEM-1024,keygen,81,11956000,264924,True,
a1573bf1-398a-4b41-bcfd-2e58b9f77bfc,8f246007-d113-4fb2-a3b9-2ac9fbdeafe4,2026-09-16T11:00:00Z,esp32_xtensa_lx6_arduino,NATIVE_HARDWARE,xtensa_lx6,ESP32 Xtensa Dual-Core 240MHz,2,0,FreeRTOS (ESP-IDF / Arduino Core),xtensa-esp32-elf-gcc,xtensa-esp32-elf-gcc (Espressif),-O2,mlkem-native,v1.2.0 (2507ff79a0acfec6e94a9a83709b5774491fdbb6),ML-KEM-1024,encapsulation,81,13476000,264924,True,
a1573bf1-398a-4b41-bcfd-2e58b9f77bfc,8f246007-d113-4fb2-a3b9-2ac9fbdeafe4,2026-09-16T11:00:00Z,esp32_xtensa_lx6_arduino,NATIVE_HARDWARE,xtensa_lx6,ESP32 Xtensa Dual-Core 240MHz,2,0,FreeRTOS (ESP-IDF / Arduino Core),xtensa-esp32-elf-gcc,xtensa-esp32-elf-gcc (Espressif),-O2,mlkem-native,v1.2.0 (2507ff79a0acfec6e94a9a83709b5774491fdbb6),ML-KEM-1024,decapsulation,81,16401000,264924,True,
a1573bf1-398a-4b41-bcfd-2e58b9f77bfc,8f246007-d113-4fb2-a3b9-2ac9fbdeafe4,2026-09-16T11:00:00Z,esp32_xtensa_lx6_arduino,NATIVE_HARDWARE,xtensa_lx6,ESP32 Xtensa Dual-Core 240MHz,2,0,FreeRTOS (ESP-IDF / Arduino Core),xtensa-esp32-elf-gcc,xtensa-esp32-elf-gcc (Espressif),-O2,mlkem-native,v1.2.0 (2507ff79a0acfec6e94a9a83709b5774491fdbb6),ML-KEM-1024,keygen,82,11961000,264924,True,
a1573bf1-398a-4b41-bcfd-2e58b9f77bfc,8f246007-d113-4fb2-a3b9-2ac9fbdeafe4,2026-09-16T11:00:00Z,esp32_xtensa_lx6_arduino,NATIVE_HARDWARE,xtensa_lx6,ESP32 Xtensa Dual-Core 240MHz,2,0,FreeRTOS (ESP-IDF / Arduino Core),xtensa-esp32-elf-gcc,xtensa-esp32-elf-gcc (Espressif),-O2,mlkem-native,v1.2.0 (2507ff79a0acfec6e94a9a83709b5774491fdbb6),ML-KEM-1024,encapsulation,82,13483000,264924,True,
a1573bf1-398a-4b41-bcfd-2e58b9f77bfc,8f246007-d113-4fb2-a3b9-2ac9fbdeafe4,2026-09-16T11:00:00Z,esp32_xtensa_lx6_arduino,NATIVE_HARDWARE,xtensa_lx6,ESP32 Xtensa Dual-Core 240MHz,2,0,FreeRTOS (ESP-IDF / Arduino Core),xtensa-esp32-elf-gcc,xtensa-esp32-elf-gcc (Espressif),-O2,mlkem-native,v1.2.0 (2507ff79a0acfec6e94a9a83709b5774491fdbb6),ML-KEM-1024,decapsulation,82,16407000,264924,True,
a1573bf1-398a-4b41-bcfd-2e58b9f77bfc,8f246007-d113-4fb2-a3b9-2ac9fbdeafe4,2026-09-16T11:00:00Z,esp32_xtensa_lx6_arduino,NATIVE_HARDWARE,xtensa_lx6,ESP32 Xtensa Dual-Core 240MHz,2,0,FreeRTOS (ESP-IDF / Arduino Core),xtensa-esp32-elf-gcc,xtensa-esp32-elf-gcc (Espressif),-O2,mlkem-native,v1.2.0 (2507ff79a0acfec6e94a9a83709b5774491fdbb6),ML-KEM-1024,keygen,83,11958000,264924,True,
a1573bf1-398a-4b41-bcfd-2e58b9f77bfc,8f246007-d113-4fb2-a3b9-2ac9fbdeafe4,2026-09-16T11:00:00Z,esp32_xtensa_lx6_arduino,NATIVE_HARDWARE,xtensa_lx6,ESP32 Xtensa Dual-Core 240MHz,2,0,FreeRTOS (ESP-IDF / Arduino Core),xtensa-esp32-elf-gcc,xtensa-esp32-elf-gcc (Espressif),-O2,mlkem-native,v1.2.0 (2507ff79a0acfec6e94a9a83709b5774491fdbb6),ML-KEM-1024,encapsulation,83,13475000,264924,True,
a1573bf1-398a-4b41-bcfd-2e58b9f77bfc,8f246007-d113-4fb2-a3b9-2ac9fbdeafe4,2026-09-16T11:00:00Z,esp32_xtensa_lx6_arduino,NATIVE_HARDWARE,xtensa_lx6,ESP32 Xtensa Dual-Core 240MHz,2,0,FreeRTOS (ESP-IDF / Arduino Core),xtensa-esp32-elf-gcc,xtensa-esp32-elf-gcc (Espressif),-O2,mlkem-native,v1.2.0 (2507ff79a0acfec6e94a9a83709b5774491fdbb6),ML-KEM-1024,decapsulation,83,16403000,264924,True,
a1573bf1-398a-4b41-bcfd-2e58b9f77bfc,8f246007-d113-4fb2-a3b9-2ac9fbdeafe4,2026-09-16T11:00:00Z,esp32_xtensa_lx6_arduino,NATIVE_HARDWARE,xtensa_lx6,ESP32 Xtensa Dual-Core 240MHz,2,0,FreeRTOS (ESP-IDF / Arduino Core),xtensa-esp32-elf-gcc,xtensa-esp32-elf-gcc (Espressif),-O2,mlkem-native,v1.2.0 (2507ff79a0acfec6e94a9a83709b5774491fdbb6),ML-KEM-1024,keygen,84,11964000,264924,True,
a1573bf1-398a-4b41-bcfd-2e58b9f77bfc,8f246007-d113-4fb2-a3b9-2ac9fbdeafe4,2026-09-16T11:00:00Z,esp32_xtensa_lx6_arduino,NATIVE_HARDWARE,xtensa_lx6,ESP32 Xtensa Dual-Core 240MHz,2,0,FreeRTOS (ESP-IDF / Arduino Core),xtensa-esp32-elf-gcc,xtensa-esp32-elf-gcc (Espressif),-O2,mlkem-native,v1.2.0 (2507ff79a0acfec6e94a9a83709b5774491fdbb6),ML-KEM-1024,encapsulation,84,13481000,264924,True,
a1573bf1-398a-4b41-bcfd-2e58b9f77bfc,8f246007-d113-4fb2-a3b9-2ac9fbdeafe4,2026-09-16T11:00:00Z,esp32_xtensa_lx6_arduino,NATIVE_HARDWARE,xtensa_lx6,ESP32 Xtensa Dual-Core 240MHz,2,0,FreeRTOS (ESP-IDF / Arduino Core),xtensa-esp32-elf-gcc,xtensa-esp32-elf-gcc (Espressif),-O2,mlkem-native,v1.2.0 (2507ff79a0acfec6e94a9a83709b5774491fdbb6),ML-KEM-1024,decapsulation,84,16414000,264924,True,
a1573bf1-398a-4b41-bcfd-2e58b9f77bfc,8f246007-d113-4fb2-a3b9-2ac9fbdeafe4,2026-09-16T11:00:00Z,esp32_xtensa_lx6_arduino,NATIVE_HARDWARE,xtensa_lx6,ESP32 Xtensa Dual-Core 240MHz,2,0,FreeRTOS (ESP-IDF / Arduino Core),xtensa-esp32-elf-gcc,xtensa-esp32-elf-gcc (Espressif),-O2,mlkem-native,v1.2.0 (2507ff79a0acfec6e94a9a83709b5774491fdbb6),ML-KEM-1024,keygen,85,11961000,264924,True,
a1573bf1-398a-4b41-bcfd-2e58b9f77bfc,8f246007-d113-4fb2-a3b9-2ac9fbdeafe4,2026-09-16T11:00:00Z,esp32_xtensa_lx6_arduino,NATIVE_HARDWARE,xtensa_lx6,ESP32 Xtensa Dual-Core 240MHz,2,0,FreeRTOS (ESP-IDF / Arduino Core),xtensa-esp32-elf-gcc,xtensa-esp32-elf-gcc (Espressif),-O2,mlkem-native,v1.2.0 (2507ff79a0acfec6e94a9a83709b5774491fdbb6),ML-KEM-1024,encapsulation,85,13483000,264924,True,
a1573bf1-398a-4b41-bcfd-2e58b9f77bfc,8f246007-d113-4fb2-a3b9-2ac9fbdeafe4,2026-09-16T11:00:00Z,esp32_xtensa_lx6_arduino,NATIVE_HARDWARE,xtensa_lx6,ESP32 Xtensa Dual-Core 240MHz,2,0,FreeRTOS (ESP-IDF / Arduino Core),xtensa-esp32-elf-gcc,xtensa-esp32-elf-gcc (Espressif),-O2,mlkem-native,v1.2.0 (2507ff79a0acfec6e94a9a83709b5774491fdbb6),ML-KEM-1024,decapsulation,85,16411000,264924,True,
a1573bf1-398a-4b41-bcfd-2e58b9f77bfc,8f246007-d113-4fb2-a3b9-2ac9fbdeafe4,2026-09-16T11:00:00Z,esp32_xtensa_lx6_arduino,NATIVE_HARDWARE,xtensa_lx6,ESP32 Xtensa Dual-Core 240MHz,2,0,FreeRTOS (ESP-IDF / Arduino Core),xtensa-esp32-elf-gcc,xtensa-esp32-elf-gcc (Espressif),-O2,mlkem-native,v1.2.0 (2507ff79a0acfec6e94a9a83709b5774491fdbb6),ML-KEM-1024,keygen,86,11959000,264924,True,
a1573bf1-398a-4b41-bcfd-2e58b9f77bfc,8f246007-d113-4fb2-a3b9-2ac9fbdeafe4,2026-09-16T11:00:00Z,esp32_xtensa_lx6_arduino,NATIVE_HARDWARE,xtensa_lx6,ESP32 Xtensa Dual-Core 240MHz,2,0,FreeRTOS (ESP-IDF / Arduino Core),xtensa-esp32-elf-gcc,xtensa-esp32-elf-gcc (Espressif),-O2,mlkem-native,v1.2.0 (2507ff79a0acfec6e94a9a83709b5774491fdbb6),ML-KEM-1024,encapsulation,86,13481000,264924,True,
a1573bf1-398a-4b41-bcfd-2e58b9f77bfc,8f246007-d113-4fb2-a3b9-2ac9fbdeafe4,2026-09-16T11:00:00Z,esp32_xtensa_lx6_arduino,NATIVE_HARDWARE,xtensa_lx6,ESP32 Xtensa Dual-Core 240MHz,2,0,FreeRTOS (ESP-IDF / Arduino Core),xtensa-esp32-elf-gcc,xtensa-esp32-elf-gcc (Espressif),-O2,mlkem-native,v1.2.0 (2507ff79a0acfec6e94a9a83709b5774491fdbb6),ML-KEM-1024,decapsulation,86,16404000,264924,True,
a1573bf1-398a-4b41-bcfd-2e58b9f77bfc,8f246007-d113-4fb2-a3b9-2ac9fbdeafe4,2026-09-16T11:00:00Z,esp32_xtensa_lx6_arduino,NATIVE_HARDWARE,xtensa_lx6,ESP32 Xtensa Dual-Core 240MHz,2,0,FreeRTOS (ESP-IDF / Arduino Core),xtensa-esp32-elf-gcc,xtensa-esp32-elf-gcc (Espressif),-O2,mlkem-native,v1.2.0 (2507ff79a0acfec6e94a9a83709b5774491fdbb6),ML-KEM-1024,keygen,87,11963000,264924,True,
a1573bf1-398a-4b41-bcfd-2e58b9f77bfc,8f246007-d113-4fb2-a3b9-2ac9fbdeafe4,2026-09-16T11:00:00Z,esp32_xtensa_lx6_arduino,NATIVE_HARDWARE,xtensa_lx6,ESP32 Xtensa Dual-Core 240MHz,2,0,FreeRTOS (ESP-IDF / Arduino Core),xtensa-esp32-elf-gcc,xtensa-esp32-elf-gcc (Espressif),-O2,mlkem-native,v1.2.0 (2507ff79a0acfec6e94a9a83709b5774491fdbb6),ML-KEM-1024,encapsulation,87,13486000,264924,True,
a1573bf1-398a-4b41-bcfd-2e58b9f77bfc,8f246007-d113-4fb2-a3b9-2ac9fbdeafe4,2026-09-16T11:00:00Z,esp32_xtensa_lx6_arduino,NATIVE_HARDWARE,xtensa_lx6,ESP32 Xtensa Dual-Core 240MHz,2,0,FreeRTOS (ESP-IDF / Arduino Core),xtensa-esp32-elf-gcc,xtensa-esp32-elf-gcc (Espressif),-O2,mlkem-native,v1.2.0 (2507ff79a0acfec6e94a9a83709b5774491fdbb6),ML-KEM-1024,decapsulation,87,16409000,264924,True,
a1573bf1-398a-4b41-bcfd-2e58b9f77bfc,8f246007-d113-4fb2-a3b9-2ac9fbdeafe4,2026-09-16T11:00:00Z,esp32_xtensa_lx6_arduino,NATIVE_HARDWARE,xtensa_lx6,ESP32 Xtensa Dual-Core 240MHz,2,0,FreeRTOS (ESP-IDF / Arduino Core),xtensa-esp32-elf-gcc,xtensa-esp32-elf-gcc (Espressif),-O2,mlkem-native,v1.2.0 (2507ff79a0acfec6e94a9a83709b5774491fdbb6),ML-KEM-1024,keygen,88,11962000,264924,True,
a1573bf1-398a-4b41-bcfd-2e58b9f77bfc,8f246007-d113-4fb2-a3b9-2ac9fbdeafe4,2026-09-16T11:00:00Z,esp32_xtensa_lx6_arduino,NATIVE_HARDWARE,xtensa_lx6,ESP32 Xtensa Dual-Core 240MHz,2,0,FreeRTOS (ESP-IDF / Arduino Core),xtensa-esp32-elf-gcc,xtensa-esp32-elf-gcc (Espressif),-O2,mlkem-native,v1.2.0 (2507ff79a0acfec6e94a9a83709b5774491fdbb6),ML-KEM-1024,encapsulation,88,13479000,264924,True,
a1573bf1-398a-4b41-bcfd-2e58b9f77bfc,8f246007-d113-4fb2-a3b9-2ac9fbdeafe4,2026-09-16T11:00:00Z,esp32_xtensa_lx6_arduino,NATIVE_HARDWARE,xtensa_lx6,ESP32 Xtensa Dual-Core 240MHz,2,0,FreeRTOS (ESP-IDF / Arduino Core),xtensa-esp32-elf-gcc,xtensa-esp32-elf-gcc (Espressif),-O2,mlkem-native,v1.2.0 (2507ff79a0acfec6e94a9a83709b5774491fdbb6),ML-KEM-1024,decapsulation,88,16407000,264924,True,
a1573bf1-398a-4b41-bcfd-2e58b9f77bfc,8f246007-d113-4fb2-a3b9-2ac9fbdeafe4,2026-09-16T11:00:00Z,esp32_xtensa_lx6_arduino,NATIVE_HARDWARE,xtensa_lx6,ESP32 Xtensa Dual-Core 240MHz,2,0,FreeRTOS (ESP-IDF / Arduino Core),xtensa-esp32-elf-gcc,xtensa-esp32-elf-gcc (Espressif),-O2,mlkem-native,v1.2.0 (2507ff79a0acfec6e94a9a83709b5774491fdbb6),ML-KEM-1024,keygen,89,12337000,264924,True,
a1573bf1-398a-4b41-bcfd-2e58b9f77bfc,8f246007-d113-4fb2-a3b9-2ac9fbdeafe4,2026-09-16T11:00:00Z,esp32_xtensa_lx6_arduino,NATIVE_HARDWARE,xtensa_lx6,ESP32 Xtensa Dual-Core 240MHz,2,0,FreeRTOS (ESP-IDF / Arduino Core),xtensa-esp32-elf-gcc,xtensa-esp32-elf-gcc (Espressif),-O2,mlkem-native,v1.2.0 (2507ff79a0acfec6e94a9a83709b5774491fdbb6),ML-KEM-1024,encapsulation,89,13855000,264924,True,
a1573bf1-398a-4b41-bcfd-2e58b9f77bfc,8f246007-d113-4fb2-a3b9-2ac9fbdeafe4,2026-09-16T11:00:00Z,esp32_xtensa_lx6_arduino,NATIVE_HARDWARE,xtensa_lx6,ESP32 Xtensa Dual-Core 240MHz,2,0,FreeRTOS (ESP-IDF / Arduino Core),xtensa-esp32-elf-gcc,xtensa-esp32-elf-gcc (Espressif),-O2,mlkem-native,v1.2.0 (2507ff79a0acfec6e94a9a83709b5774491fdbb6),ML-KEM-1024,decapsulation,89,16783000,264924,True,
a1573bf1-398a-4b41-bcfd-2e58b9f77bfc,8f246007-d113-4fb2-a3b9-2ac9fbdeafe4,2026-09-16T11:00:00Z,esp32_xtensa_lx6_arduino,NATIVE_HARDWARE,xtensa_lx6,ESP32 Xtensa Dual-Core 240MHz,2,0,FreeRTOS (ESP-IDF / Arduino Core),xtensa-esp32-elf-gcc,xtensa-esp32-elf-gcc (Espressif),-O2,mlkem-native,v1.2.0 (2507ff79a0acfec6e94a9a83709b5774491fdbb6),ML-KEM-1024,keygen,90,11958000,264924,True,
a1573bf1-398a-4b41-bcfd-2e58b9f77bfc,8f246007-d113-4fb2-a3b9-2ac9fbdeafe4,2026-09-16T11:00:00Z,esp32_xtensa_lx6_arduino,NATIVE_HARDWARE,xtensa_lx6,ESP32 Xtensa Dual-Core 240MHz,2,0,FreeRTOS (ESP-IDF / Arduino Core),xtensa-esp32-elf-gcc,xtensa-esp32-elf-gcc (Espressif),-O2,mlkem-native,v1.2.0 (2507ff79a0acfec6e94a9a83709b5774491fdbb6),ML-KEM-1024,encapsulation,90,13484000,264924,True,
a1573bf1-398a-4b41-bcfd-2e58b9f77bfc,8f246007-d113-4fb2-a3b9-2ac9fbdeafe4,2026-09-16T11:00:00Z,esp32_xtensa_lx6_arduino,NATIVE_HARDWARE,xtensa_lx6,ESP32 Xtensa Dual-Core 240MHz,2,0,FreeRTOS (ESP-IDF / Arduino Core),xtensa-esp32-elf-gcc,xtensa-esp32-elf-gcc (Espressif),-O2,mlkem-native,v1.2.0 (2507ff79a0acfec6e94a9a83709b5774491fdbb6),ML-KEM-1024,decapsulation,90,16411000,264924,True,
a1573bf1-398a-4b41-bcfd-2e58b9f77bfc,8f246007-d113-4fb2-a3b9-2ac9fbdeafe4,2026-09-16T11:00:00Z,esp32_xtensa_lx6_arduino,NATIVE_HARDWARE,xtensa_lx6,ESP32 Xtensa Dual-Core 240MHz,2,0,FreeRTOS (ESP-IDF / Arduino Core),xtensa-esp32-elf-gcc,xtensa-esp32-elf-gcc (Espressif),-O2,mlkem-native,v1.2.0 (2507ff79a0acfec6e94a9a83709b5774491fdbb6),ML-KEM-1024,keygen,91,11962000,264924,True,
a1573bf1-398a-4b41-bcfd-2e58b9f77bfc,8f246007-d113-4fb2-a3b9-2ac9fbdeafe4,2026-09-16T11:00:00Z,esp32_xtensa_lx6_arduino,NATIVE_HARDWARE,xtensa_lx6,ESP32 Xtensa Dual-Core 240MHz,2,0,FreeRTOS (ESP-IDF / Arduino Core),xtensa-esp32-elf-gcc,xtensa-esp32-elf-gcc (Espressif),-O2,mlkem-native,v1.2.0 (2507ff79a0acfec6e94a9a83709b5774491fdbb6),ML-KEM-1024,encapsulation,91,13484000,264924,True,
a1573bf1-398a-4b41-bcfd-2e58b9f77bfc,8f246007-d113-4fb2-a3b9-2ac9fbdeafe4,2026-09-16T11:00:00Z,esp32_xtensa_lx6_arduino,NATIVE_HARDWARE,xtensa_lx6,ESP32 Xtensa Dual-Core 240MHz,2,0,FreeRTOS (ESP-IDF / Arduino Core),xtensa-esp32-elf-gcc,xtensa-esp32-elf-gcc (Espressif),-O2,mlkem-native,v1.2.0 (2507ff79a0acfec6e94a9a83709b5774491fdbb6),ML-KEM-1024,decapsulation,91,16408000,264924,True,
a1573bf1-398a-4b41-bcfd-2e58b9f77bfc,8f246007-d113-4fb2-a3b9-2ac9fbdeafe4,2026-09-16T11:00:00Z,esp32_xtensa_lx6_arduino,NATIVE_HARDWARE,xtensa_lx6,ESP32 Xtensa Dual-Core 240MHz,2,0,FreeRTOS (ESP-IDF / Arduino Core),xtensa-esp32-elf-gcc,xtensa-esp32-elf-gcc (Espressif),-O2,mlkem-native,v1.2.0 (2507ff79a0acfec6e94a9a83709b5774491fdbb6),ML-KEM-1024,keygen,92,11960000,264924,True,
a1573bf1-398a-4b41-bcfd-2e58b9f77bfc,8f246007-d113-4fb2-a3b9-2ac9fbdeafe4,2026-09-16T11:00:00Z,esp32_xtensa_lx6_arduino,NATIVE_HARDWARE,xtensa_lx6,ESP32 Xtensa Dual-Core 240MHz,2,0,FreeRTOS (ESP-IDF / Arduino Core),xtensa-esp32-elf-gcc,xtensa-esp32-elf-gcc (Espressif),-O2,mlkem-native,v1.2.0 (2507ff79a0acfec6e94a9a83709b5774491fdbb6),ML-KEM-1024,encapsulation,92,13478000,264924,True,
a1573bf1-398a-4b41-bcfd-2e58b9f77bfc,8f246007-d113-4fb2-a3b9-2ac9fbdeafe4,2026-09-16T11:00:00Z,esp32_xtensa_lx6_arduino,NATIVE_HARDWARE,xtensa_lx6,ESP32 Xtensa Dual-Core 240MHz,2,0,FreeRTOS (ESP-IDF / Arduino Core),xtensa-esp32-elf-gcc,xtensa-esp32-elf-gcc (Espressif),-O2,mlkem-native,v1.2.0 (2507ff79a0acfec6e94a9a83709b5774491fdbb6),ML-KEM-1024,decapsulation,92,16406000,264924,True,
a1573bf1-398a-4b41-bcfd-2e58b9f77bfc,8f246007-d113-4fb2-a3b9-2ac9fbdeafe4,2026-09-16T11:00:00Z,esp32_xtensa_lx6_arduino,NATIVE_HARDWARE,xtensa_lx6,ESP32 Xtensa Dual-Core 240MHz,2,0,FreeRTOS (ESP-IDF / Arduino Core),xtensa-esp32-elf-gcc,xtensa-esp32-elf-gcc (Espressif),-O2,mlkem-native,v1.2.0 (2507ff79a0acfec6e94a9a83709b5774491fdbb6),ML-KEM-1024,keygen,93,11960000,264924,True,
a1573bf1-398a-4b41-bcfd-2e58b9f77bfc,8f246007-d113-4fb2-a3b9-2ac9fbdeafe4,2026-09-16T11:00:00Z,esp32_xtensa_lx6_arduino,NATIVE_HARDWARE,xtensa_lx6,ESP32 Xtensa Dual-Core 240MHz,2,0,FreeRTOS (ESP-IDF / Arduino Core),xtensa-esp32-elf-gcc,xtensa-esp32-elf-gcc (Espressif),-O2,mlkem-native,v1.2.0 (2507ff79a0acfec6e94a9a83709b5774491fdbb6),ML-KEM-1024,encapsulation,93,13478000,264924,True,
a1573bf1-398a-4b41-bcfd-2e58b9f77bfc,8f246007-d113-4fb2-a3b9-2ac9fbdeafe4,2026-09-16T11:00:00Z,esp32_xtensa_lx6_arduino,NATIVE_HARDWARE,xtensa_lx6,ESP32 Xtensa Dual-Core 240MHz,2,0,FreeRTOS (ESP-IDF / Arduino Core),xtensa-esp32-elf-gcc,xtensa-esp32-elf-gcc (Espressif),-O2,mlkem-native,v1.2.0 (2507ff79a0acfec6e94a9a83709b5774491fdbb6),ML-KEM-1024,decapsulation,93,16410000,264924,True,
a1573bf1-398a-4b41-bcfd-2e58b9f77bfc,8f246007-d113-4fb2-a3b9-2ac9fbdeafe4,2026-09-16T11:00:00Z,esp32_xtensa_lx6_arduino,NATIVE_HARDWARE,xtensa_lx6,ESP32 Xtensa Dual-Core 240MHz,2,0,FreeRTOS (ESP-IDF / Arduino Core),xtensa-esp32-elf-gcc,xtensa-esp32-elf-gcc (Espressif),-O2,mlkem-native,v1.2.0 (2507ff79a0acfec6e94a9a83709b5774491fdbb6),ML-KEM-1024,keygen,94,11963000,264924,True,
a1573bf1-398a-4b41-bcfd-2e58b9f77bfc,8f246007-d113-4fb2-a3b9-2ac9fbdeafe4,2026-09-16T11:00:00Z,esp32_xtensa_lx6_arduino,NATIVE_HARDWARE,xtensa_lx6,ESP32 Xtensa Dual-Core 240MHz,2,0,FreeRTOS (ESP-IDF / Arduino Core),xtensa-esp32-elf-gcc,xtensa-esp32-elf-gcc (Espressif),-O2,mlkem-native,v1.2.0 (2507ff79a0acfec6e94a9a83709b5774491fdbb6),ML-KEM-1024,encapsulation,94,13485000,264924,True,
a1573bf1-398a-4b41-bcfd-2e58b9f77bfc,8f246007-d113-4fb2-a3b9-2ac9fbdeafe4,2026-09-16T11:00:00Z,esp32_xtensa_lx6_arduino,NATIVE_HARDWARE,xtensa_lx6,ESP32 Xtensa Dual-Core 240MHz,2,0,FreeRTOS (ESP-IDF / Arduino Core),xtensa-esp32-elf-gcc,xtensa-esp32-elf-gcc (Espressif),-O2,mlkem-native,v1.2.0 (2507ff79a0acfec6e94a9a83709b5774491fdbb6),ML-KEM-1024,decapsulation,94,16413000,264924,True,
a1573bf1-398a-4b41-bcfd-2e58b9f77bfc,8f246007-d113-4fb2-a3b9-2ac9fbdeafe4,2026-09-16T11:00:00Z,esp32_xtensa_lx6_arduino,NATIVE_HARDWARE,xtensa_lx6,ESP32 Xtensa Dual-Core 240MHz,2,0,FreeRTOS (ESP-IDF / Arduino Core),xtensa-esp32-elf-gcc,xtensa-esp32-elf-gcc (Espressif),-O2,mlkem-native,v1.2.0 (2507ff79a0acfec6e94a9a83709b5774491fdbb6),ML-KEM-1024,keygen,95,11965000,264924,True,
a1573bf1-398a-4b41-bcfd-2e58b9f77bfc,8f246007-d113-4fb2-a3b9-2ac9fbdeafe4,2026-09-16T11:00:00Z,esp32_xtensa_lx6_arduino,NATIVE_HARDWARE,xtensa_lx6,ESP32 Xtensa Dual-Core 240MHz,2,0,FreeRTOS (ESP-IDF / Arduino Core),xtensa-esp32-elf-gcc,xtensa-esp32-elf-gcc (Espressif),-O2,mlkem-native,v1.2.0 (2507ff79a0acfec6e94a9a83709b5774491fdbb6),ML-KEM-1024,encapsulation,95,13486000,264924,True,
a1573bf1-398a-4b41-bcfd-2e58b9f77bfc,8f246007-d113-4fb2-a3b9-2ac9fbdeafe4,2026-09-16T11:00:00Z,esp32_xtensa_lx6_arduino,NATIVE_HARDWARE,xtensa_lx6,ESP32 Xtensa Dual-Core 240MHz,2,0,FreeRTOS (ESP-IDF / Arduino Core),xtensa-esp32-elf-gcc,xtensa-esp32-elf-gcc (Espressif),-O2,mlkem-native,v1.2.0 (2507ff79a0acfec6e94a9a83709b5774491fdbb6),ML-KEM-1024,decapsulation,95,16410000,264924,True,
a1573bf1-398a-4b41-bcfd-2e58b9f77bfc,8f246007-d113-4fb2-a3b9-2ac9fbdeafe4,2026-09-16T11:00:00Z,esp32_xtensa_lx6_arduino,NATIVE_HARDWARE,xtensa_lx6,ESP32 Xtensa Dual-Core 240MHz,2,0,FreeRTOS (ESP-IDF / Arduino Core),xtensa-esp32-elf-gcc,xtensa-esp32-elf-gcc (Espressif),-O2,mlkem-native,v1.2.0 (2507ff79a0acfec6e94a9a83709b5774491fdbb6),ML-KEM-1024,keygen,96,11961000,264924,True,
a1573bf1-398a-4b41-bcfd-2e58b9f77bfc,8f246007-d113-4fb2-a3b9-2ac9fbdeafe4,2026-09-16T11:00:00Z,esp32_xtensa_lx6_arduino,NATIVE_HARDWARE,xtensa_lx6,ESP32 Xtensa Dual-Core 240MHz,2,0,FreeRTOS (ESP-IDF / Arduino Core),xtensa-esp32-elf-gcc,xtensa-esp32-elf-gcc (Espressif),-O2,mlkem-native,v1.2.0 (2507ff79a0acfec6e94a9a83709b5774491fdbb6),ML-KEM-1024,encapsulation,96,13483000,264924,True,
a1573bf1-398a-4b41-bcfd-2e58b9f77bfc,8f246007-d113-4fb2-a3b9-2ac9fbdeafe4,2026-09-16T11:00:00Z,esp32_xtensa_lx6_arduino,NATIVE_HARDWARE,xtensa_lx6,ESP32 Xtensa Dual-Core 240MHz,2,0,FreeRTOS (ESP-IDF / Arduino Core),xtensa-esp32-elf-gcc,xtensa-esp32-elf-gcc (Espressif),-O2,mlkem-native,v1.2.0 (2507ff79a0acfec6e94a9a83709b5774491fdbb6),ML-KEM-1024,decapsulation,96,16406000,264924,True,
a1573bf1-398a-4b41-bcfd-2e58b9f77bfc,8f246007-d113-4fb2-a3b9-2ac9fbdeafe4,2026-09-16T11:00:00Z,esp32_xtensa_lx6_arduino,NATIVE_HARDWARE,xtensa_lx6,ESP32 Xtensa Dual-Core 240MHz,2,0,FreeRTOS (ESP-IDF / Arduino Core),xtensa-esp32-elf-gcc,xtensa-esp32-elf-gcc (Espressif),-O2,mlkem-native,v1.2.0 (2507ff79a0acfec6e94a9a83709b5774491fdbb6),ML-KEM-1024,keygen,97,11961000,264924,True,
a1573bf1-398a-4b41-bcfd-2e58b9f77bfc,8f246007-d113-4fb2-a3b9-2ac9fbdeafe4,2026-09-16T11:00:00Z,esp32_xtensa_lx6_arduino,NATIVE_HARDWARE,xtensa_lx6,ESP32 Xtensa Dual-Core 240MHz,2,0,FreeRTOS (ESP-IDF / Arduino Core),xtensa-esp32-elf-gcc,xtensa-esp32-elf-gcc (Espressif),-O2,mlkem-native,v1.2.0 (2507ff79a0acfec6e94a9a83709b5774491fdbb6),ML-KEM-1024,encapsulation,97,13478000,264924,True,
a1573bf1-398a-4b41-bcfd-2e58b9f77bfc,8f246007-d113-4fb2-a3b9-2ac9fbdeafe4,2026-09-16T11:00:00Z,esp32_xtensa_lx6_arduino,NATIVE_HARDWARE,xtensa_lx6,ESP32 Xtensa Dual-Core 240MHz,2,0,FreeRTOS (ESP-IDF / Arduino Core),xtensa-esp32-elf-gcc,xtensa-esp32-elf-gcc (Espressif),-O2,mlkem-native,v1.2.0 (2507ff79a0acfec6e94a9a83709b5774491fdbb6),ML-KEM-1024,decapsulation,97,16405000,264924,True,
a1573bf1-398a-4b41-bcfd-2e58b9f77bfc,8f246007-d113-4fb2-a3b9-2ac9fbdeafe4,2026-09-16T11:00:00Z,esp32_xtensa_lx6_arduino,NATIVE_HARDWARE,xtensa_lx6,ESP32 Xtensa Dual-Core 240MHz,2,0,FreeRTOS (ESP-IDF / Arduino Core),xtensa-esp32-elf-gcc,xtensa-esp32-elf-gcc (Espressif),-O2,mlkem-native,v1.2.0 (2507ff79a0acfec6e94a9a83709b5774491fdbb6),ML-KEM-1024,keygen,98,11959000,264924,True,
a1573bf1-398a-4b41-bcfd-2e58b9f77bfc,8f246007-d113-4fb2-a3b9-2ac9fbdeafe4,2026-09-16T11:00:00Z,esp32_xtensa_lx6_arduino,NATIVE_HARDWARE,xtensa_lx6,ESP32 Xtensa Dual-Core 240MHz,2,0,FreeRTOS (ESP-IDF / Arduino Core),xtensa-esp32-elf-gcc,xtensa-esp32-elf-gcc (Espressif),-O2,mlkem-native,v1.2.0 (2507ff79a0acfec6e94a9a83709b5774491fdbb6),ML-KEM-1024,encapsulation,98,13477000,264924,True,
a1573bf1-398a-4b41-bcfd-2e58b9f77bfc,8f246007-d113-4fb2-a3b9-2ac9fbdeafe4,2026-09-16T11:00:00Z,esp32_xtensa_lx6_arduino,NATIVE_HARDWARE,xtensa_lx6,ESP32 Xtensa Dual-Core 240MHz,2,0,FreeRTOS (ESP-IDF / Arduino Core),xtensa-esp32-elf-gcc,xtensa-esp32-elf-gcc (Espressif),-O2,mlkem-native,v1.2.0 (2507ff79a0acfec6e94a9a83709b5774491fdbb6),ML-KEM-1024,decapsulation,98,16410000,264924,True,
a1573bf1-398a-4b41-bcfd-2e58b9f77bfc,8f246007-d113-4fb2-a3b9-2ac9fbdeafe4,2026-09-16T11:00:00Z,esp32_xtensa_lx6_arduino,NATIVE_HARDWARE,xtensa_lx6,ESP32 Xtensa Dual-Core 240MHz,2,0,FreeRTOS (ESP-IDF / Arduino Core),xtensa-esp32-elf-gcc,xtensa-esp32-elf-gcc (Espressif),-O2,mlkem-native,v1.2.0 (2507ff79a0acfec6e94a9a83709b5774491fdbb6),ML-KEM-1024,keygen,99,12334000,264924,True,
a1573bf1-398a-4b41-bcfd-2e58b9f77bfc,8f246007-d113-4fb2-a3b9-2ac9fbdeafe4,2026-09-16T11:00:00Z,esp32_xtensa_lx6_arduino,NATIVE_HARDWARE,xtensa_lx6,ESP32 Xtensa Dual-Core 240MHz,2,0,FreeRTOS (ESP-IDF / Arduino Core),xtensa-esp32-elf-gcc,xtensa-esp32-elf-gcc (Espressif),-O2,mlkem-native,v1.2.0 (2507ff79a0acfec6e94a9a83709b5774491fdbb6),ML-KEM-1024,encapsulation,99,13851000,264924,True,
a1573bf1-398a-4b41-bcfd-2e58b9f77bfc,8f246007-d113-4fb2-a3b9-2ac9fbdeafe4,2026-09-16T11:00:00Z,esp32_xtensa_lx6_arduino,NATIVE_HARDWARE,xtensa_lx6,ESP32 Xtensa Dual-Core 240MHz,2,0,FreeRTOS (ESP-IDF / Arduino Core),xtensa-esp32-elf-gcc,xtensa-esp32-elf-gcc (Espressif),-O2,mlkem-native,v1.2.0 (2507ff79a0acfec6e94a9a83709b5774491fdbb6),ML-KEM-1024,decapsulation,99,16779000,264924,True,
a1573bf1-398a-4b41-bcfd-2e58b9f77bfc,8f246007-d113-4fb2-a3b9-2ac9fbdeafe4,2026-09-16T11:00:00Z,esp32_xtensa_lx6_arduino,NATIVE_HARDWARE,xtensa_lx6,ESP32 Xtensa Dual-Core 240MHz,2,0,FreeRTOS (ESP-IDF / Arduino Core),xtensa-esp32-elf-gcc,xtensa-esp32-elf-gcc (Espressif),-O2,mlkem-native,v1.2.0 (2507ff79a0acfec6e94a9a83709b5774491fdbb6),ML-KEM-1024,keygen,100,11963000,264924,True,
a1573bf1-398a-4b41-bcfd-2e58b9f77bfc,8f246007-d113-4fb2-a3b9-2ac9fbdeafe4,2026-09-16T11:00:00Z,esp32_xtensa_lx6_arduino,NATIVE_HARDWARE,xtensa_lx6,ESP32 Xtensa Dual-Core 240MHz,2,0,FreeRTOS (ESP-IDF / Arduino Core),xtensa-esp32-elf-gcc,xtensa-esp32-elf-gcc (Espressif),-O2,mlkem-native,v1.2.0 (2507ff79a0acfec6e94a9a83709b5774491fdbb6),ML-KEM-1024,encapsulation,100,13485000,264924,True,
a1573bf1-398a-4b41-bcfd-2e58b9f77bfc,8f246007-d113-4fb2-a3b9-2ac9fbdeafe4,2026-09-16T11:00:00Z,esp32_xtensa_lx6_arduino,NATIVE_HARDWARE,xtensa_lx6,ESP32 Xtensa Dual-Core 240MHz,2,0,FreeRTOS (ESP-IDF / Arduino Core),xtensa-esp32-elf-gcc,xtensa-esp32-elf-gcc (Espressif),-O2,mlkem-native,v1.2.0 (2507ff79a0acfec6e94a9a83709b5774491fdbb6),ML-KEM-1024,decapsulation,100,16409000,264924,True,
a1573bf1-398a-4b41-bcfd-2e58b9f77bfc,8f246007-d113-4fb2-a3b9-2ac9fbdeafe4,2026-09-16T11:00:00Z,esp32_xtensa_lx6_arduino,NATIVE_HARDWARE,xtensa_lx6,ESP32 Xtensa Dual-Core 240MHz,2,0,FreeRTOS (ESP-IDF / Arduino Core),xtensa-esp32-elf-gcc,xtensa-esp32-elf-gcc (Espressif),-O2,mlkem-native,v1.2.0 (2507ff79a0acfec6e94a9a83709b5774491fdbb6),ML-KEM-1024,keygen,101,11955000,264924,True,
a1573bf1-398a-4b41-bcfd-2e58b9f77bfc,8f246007-d113-4fb2-a3b9-2ac9fbdeafe4,2026-09-16T11:00:00Z,esp32_xtensa_lx6_arduino,NATIVE_HARDWARE,xtensa_lx6,ESP32 Xtensa Dual-Core 240MHz,2,0,FreeRTOS (ESP-IDF / Arduino Core),xtensa-esp32-elf-gcc,xtensa-esp32-elf-gcc (Espressif),-O2,mlkem-native,v1.2.0 (2507ff79a0acfec6e94a9a83709b5774491fdbb6),ML-KEM-1024,encapsulation,101,13472000,264924,True,
a1573bf1-398a-4b41-bcfd-2e58b9f77bfc,8f246007-d113-4fb2-a3b9-2ac9fbdeafe4,2026-09-16T11:00:00Z,esp32_xtensa_lx6_arduino,NATIVE_HARDWARE,xtensa_lx6,ESP32 Xtensa Dual-Core 240MHz,2,0,FreeRTOS (ESP-IDF / Arduino Core),xtensa-esp32-elf-gcc,xtensa-esp32-elf-gcc (Espressif),-O2,mlkem-native,v1.2.0 (2507ff79a0acfec6e94a9a83709b5774491fdbb6),ML-KEM-1024,decapsulation,101,16401000,264924,True,
a1573bf1-398a-4b41-bcfd-2e58b9f77bfc,8f246007-d113-4fb2-a3b9-2ac9fbdeafe4,2026-09-16T11:00:00Z,esp32_xtensa_lx6_arduino,NATIVE_HARDWARE,xtensa_lx6,ESP32 Xtensa Dual-Core 240MHz,2,0,FreeRTOS (ESP-IDF / Arduino Core),xtensa-esp32-elf-gcc,xtensa-esp32-elf-gcc (Espressif),-O2,mlkem-native,v1.2.0 (2507ff79a0acfec6e94a9a83709b5774491fdbb6),ML-KEM-1024,keygen,102,11960000,264924,True,
a1573bf1-398a-4b41-bcfd-2e58b9f77bfc,8f246007-d113-4fb2-a3b9-2ac9fbdeafe4,2026-09-16T11:00:00Z,esp32_xtensa_lx6_arduino,NATIVE_HARDWARE,xtensa_lx6,ESP32 Xtensa Dual-Core 240MHz,2,0,FreeRTOS (ESP-IDF / Arduino Core),xtensa-esp32-elf-gcc,xtensa-esp32-elf-gcc (Espressif),-O2,mlkem-native,v1.2.0 (2507ff79a0acfec6e94a9a83709b5774491fdbb6),ML-KEM-1024,encapsulation,102,13478000,264924,True,
a1573bf1-398a-4b41-bcfd-2e58b9f77bfc,8f246007-d113-4fb2-a3b9-2ac9fbdeafe4,2026-09-16T11:00:00Z,esp32_xtensa_lx6_arduino,NATIVE_HARDWARE,xtensa_lx6,ESP32 Xtensa Dual-Core 240MHz,2,0,FreeRTOS (ESP-IDF / Arduino Core),xtensa-esp32-elf-gcc,xtensa-esp32-elf-gcc (Espressif),-O2,mlkem-native,v1.2.0 (2507ff79a0acfec6e94a9a83709b5774491fdbb6),ML-KEM-1024,decapsulation,102,16406000,264924,True,
a1573bf1-398a-4b41-bcfd-2e58b9f77bfc,8f246007-d113-4fb2-a3b9-2ac9fbdeafe4,2026-09-16T11:00:00Z,esp32_xtensa_lx6_arduino,NATIVE_HARDWARE,xtensa_lx6,ESP32 Xtensa Dual-Core 240MHz,2,0,FreeRTOS (ESP-IDF / Arduino Core),xtensa-esp32-elf-gcc,xtensa-esp32-elf-gcc (Espressif),-O2,mlkem-native,v1.2.0 (2507ff79a0acfec6e94a9a83709b5774491fdbb6),ML-KEM-1024,keygen,103,11964000,264924,True,
a1573bf1-398a-4b41-bcfd-2e58b9f77bfc,8f246007-d113-4fb2-a3b9-2ac9fbdeafe4,2026-09-16T11:00:00Z,esp32_xtensa_lx6_arduino,NATIVE_HARDWARE,xtensa_lx6,ESP32 Xtensa Dual-Core 240MHz,2,0,FreeRTOS (ESP-IDF / Arduino Core),xtensa-esp32-elf-gcc,xtensa-esp32-elf-gcc (Espressif),-O2,mlkem-native,v1.2.0 (2507ff79a0acfec6e94a9a83709b5774491fdbb6),ML-KEM-1024,encapsulation,103,13483000,264924,True,
a1573bf1-398a-4b41-bcfd-2e58b9f77bfc,8f246007-d113-4fb2-a3b9-2ac9fbdeafe4,2026-09-16T11:00:00Z,esp32_xtensa_lx6_arduino,NATIVE_HARDWARE,xtensa_lx6,ESP32 Xtensa Dual-Core 240MHz,2,0,FreeRTOS (ESP-IDF / Arduino Core),xtensa-esp32-elf-gcc,xtensa-esp32-elf-gcc (Espressif),-O2,mlkem-native,v1.2.0 (2507ff79a0acfec6e94a9a83709b5774491fdbb6),ML-KEM-1024,decapsulation,103,16415000,264924,True,
a1573bf1-398a-4b41-bcfd-2e58b9f77bfc,8f246007-d113-4fb2-a3b9-2ac9fbdeafe4,2026-09-16T11:00:00Z,esp32_xtensa_lx6_arduino,NATIVE_HARDWARE,xtensa_lx6,ESP32 Xtensa Dual-Core 240MHz,2,0,FreeRTOS (ESP-IDF / Arduino Core),xtensa-esp32-elf-gcc,xtensa-esp32-elf-gcc (Espressif),-O2,mlkem-native,v1.2.0 (2507ff79a0acfec6e94a9a83709b5774491fdbb6),ML-KEM-1024,keygen,104,11963000,264924,True,
a1573bf1-398a-4b41-bcfd-2e58b9f77bfc,8f246007-d113-4fb2-a3b9-2ac9fbdeafe4,2026-09-16T11:00:00Z,esp32_xtensa_lx6_arduino,NATIVE_HARDWARE,xtensa_lx6,ESP32 Xtensa Dual-Core 240MHz,2,0,FreeRTOS (ESP-IDF / Arduino Core),xtensa-esp32-elf-gcc,xtensa-esp32-elf-gcc (Espressif),-O2,mlkem-native,v1.2.0 (2507ff79a0acfec6e94a9a83709b5774491fdbb6),ML-KEM-1024,encapsulation,104,13483000,264924,True,
a1573bf1-398a-4b41-bcfd-2e58b9f77bfc,8f246007-d113-4fb2-a3b9-2ac9fbdeafe4,2026-09-16T11:00:00Z,esp32_xtensa_lx6_arduino,NATIVE_HARDWARE,xtensa_lx6,ESP32 Xtensa Dual-Core 240MHz,2,0,FreeRTOS (ESP-IDF / Arduino Core),xtensa-esp32-elf-gcc,xtensa-esp32-elf-gcc (Espressif),-O2,mlkem-native,v1.2.0 (2507ff79a0acfec6e94a9a83709b5774491fdbb6),ML-KEM-1024,decapsulation,104,16412000,264924,True,
a1573bf1-398a-4b41-bcfd-2e58b9f77bfc,8f246007-d113-4fb2-a3b9-2ac9fbdeafe4,2026-09-16T11:00:00Z,esp32_xtensa_lx6_arduino,NATIVE_HARDWARE,xtensa_lx6,ESP32 Xtensa Dual-Core 240MHz,2,0,FreeRTOS (ESP-IDF / Arduino Core),xtensa-esp32-elf-gcc,xtensa-esp32-elf-gcc (Espressif),-O2,mlkem-native,v1.2.0 (2507ff79a0acfec6e94a9a83709b5774491fdbb6),ML-KEM-1024,keygen,105,12328000,264924,True,
a1573bf1-398a-4b41-bcfd-2e58b9f77bfc,8f246007-d113-4fb2-a3b9-2ac9fbdeafe4,2026-09-16T11:00:00Z,esp32_xtensa_lx6_arduino,NATIVE_HARDWARE,xtensa_lx6,ESP32 Xtensa Dual-Core 240MHz,2,0,FreeRTOS (ESP-IDF / Arduino Core),xtensa-esp32-elf-gcc,xtensa-esp32-elf-gcc (Espressif),-O2,mlkem-native,v1.2.0 (2507ff79a0acfec6e94a9a83709b5774491fdbb6),ML-KEM-1024,encapsulation,105,13850000,264924,True,
a1573bf1-398a-4b41-bcfd-2e58b9f77bfc,8f246007-d113-4fb2-a3b9-2ac9fbdeafe4,2026-09-16T11:00:00Z,esp32_xtensa_lx6_arduino,NATIVE_HARDWARE,xtensa_lx6,ESP32 Xtensa Dual-Core 240MHz,2,0,FreeRTOS (ESP-IDF / Arduino Core),xtensa-esp32-elf-gcc,xtensa-esp32-elf-gcc (Espressif),-O2,mlkem-native,v1.2.0 (2507ff79a0acfec6e94a9a83709b5774491fdbb6),ML-KEM-1024,decapsulation,105,16778000,264924,True,
a1573bf1-398a-4b41-bcfd-2e58b9f77bfc,8f246007-d113-4fb2-a3b9-2ac9fbdeafe4,2026-09-16T11:00:00Z,esp32_xtensa_lx6_arduino,NATIVE_HARDWARE,xtensa_lx6,ESP32 Xtensa Dual-Core 240MHz,2,0,FreeRTOS (ESP-IDF / Arduino Core),xtensa-esp32-elf-gcc,xtensa-esp32-elf-gcc (Espressif),-O2,mlkem-native,v1.2.0 (2507ff79a0acfec6e94a9a83709b5774491fdbb6),ML-KEM-1024,keygen,106,11964000,264924,True,
a1573bf1-398a-4b41-bcfd-2e58b9f77bfc,8f246007-d113-4fb2-a3b9-2ac9fbdeafe4,2026-09-16T11:00:00Z,esp32_xtensa_lx6_arduino,NATIVE_HARDWARE,xtensa_lx6,ESP32 Xtensa Dual-Core 240MHz,2,0,FreeRTOS (ESP-IDF / Arduino Core),xtensa-esp32-elf-gcc,xtensa-esp32-elf-gcc (Espressif),-O2,mlkem-native,v1.2.0 (2507ff79a0acfec6e94a9a83709b5774491fdbb6),ML-KEM-1024,encapsulation,106,13481000,264924,True,
a1573bf1-398a-4b41-bcfd-2e58b9f77bfc,8f246007-d113-4fb2-a3b9-2ac9fbdeafe4,2026-09-16T11:00:00Z,esp32_xtensa_lx6_arduino,NATIVE_HARDWARE,xtensa_lx6,ESP32 Xtensa Dual-Core 240MHz,2,0,FreeRTOS (ESP-IDF / Arduino Core),xtensa-esp32-elf-gcc,xtensa-esp32-elf-gcc (Espressif),-O2,mlkem-native,v1.2.0 (2507ff79a0acfec6e94a9a83709b5774491fdbb6),ML-KEM-1024,decapsulation,106,16409000,264924,True,
a1573bf1-398a-4b41-bcfd-2e58b9f77bfc,8f246007-d113-4fb2-a3b9-2ac9fbdeafe4,2026-09-16T11:00:00Z,esp32_xtensa_lx6_arduino,NATIVE_HARDWARE,xtensa_lx6,ESP32 Xtensa Dual-Core 240MHz,2,0,FreeRTOS (ESP-IDF / Arduino Core),xtensa-esp32-elf-gcc,xtensa-esp32-elf-gcc (Espressif),-O2,mlkem-native,v1.2.0 (2507ff79a0acfec6e94a9a83709b5774491fdbb6),ML-KEM-1024,keygen,107,11963000,264924,True,
a1573bf1-398a-4b41-bcfd-2e58b9f77bfc,8f246007-d113-4fb2-a3b9-2ac9fbdeafe4,2026-09-16T11:00:00Z,esp32_xtensa_lx6_arduino,NATIVE_HARDWARE,xtensa_lx6,ESP32 Xtensa Dual-Core 240MHz,2,0,FreeRTOS (ESP-IDF / Arduino Core),xtensa-esp32-elf-gcc,xtensa-esp32-elf-gcc (Espressif),-O2,mlkem-native,v1.2.0 (2507ff79a0acfec6e94a9a83709b5774491fdbb6),ML-KEM-1024,encapsulation,107,13480000,264924,True,
a1573bf1-398a-4b41-bcfd-2e58b9f77bfc,8f246007-d113-4fb2-a3b9-2ac9fbdeafe4,2026-09-16T11:00:00Z,esp32_xtensa_lx6_arduino,NATIVE_HARDWARE,xtensa_lx6,ESP32 Xtensa Dual-Core 240MHz,2,0,FreeRTOS (ESP-IDF / Arduino Core),xtensa-esp32-elf-gcc,xtensa-esp32-elf-gcc (Espressif),-O2,mlkem-native,v1.2.0 (2507ff79a0acfec6e94a9a83709b5774491fdbb6),ML-KEM-1024,decapsulation,107,16413000,264924,True,
a1573bf1-398a-4b41-bcfd-2e58b9f77bfc,8f246007-d113-4fb2-a3b9-2ac9fbdeafe4,2026-09-16T11:00:00Z,esp32_xtensa_lx6_arduino,NATIVE_HARDWARE,xtensa_lx6,ESP32 Xtensa Dual-Core 240MHz,2,0,FreeRTOS (ESP-IDF / Arduino Core),xtensa-esp32-elf-gcc,xtensa-esp32-elf-gcc (Espressif),-O2,mlkem-native,v1.2.0 (2507ff79a0acfec6e94a9a83709b5774491fdbb6),ML-KEM-1024,keygen,108,11964000,264924,True,
a1573bf1-398a-4b41-bcfd-2e58b9f77bfc,8f246007-d113-4fb2-a3b9-2ac9fbdeafe4,2026-09-16T11:00:00Z,esp32_xtensa_lx6_arduino,NATIVE_HARDWARE,xtensa_lx6,ESP32 Xtensa Dual-Core 240MHz,2,0,FreeRTOS (ESP-IDF / Arduino Core),xtensa-esp32-elf-gcc,xtensa-esp32-elf-gcc (Espressif),-O2,mlkem-native,v1.2.0 (2507ff79a0acfec6e94a9a83709b5774491fdbb6),ML-KEM-1024,encapsulation,108,13486000,264924,True,
a1573bf1-398a-4b41-bcfd-2e58b9f77bfc,8f246007-d113-4fb2-a3b9-2ac9fbdeafe4,2026-09-16T11:00:00Z,esp32_xtensa_lx6_arduino,NATIVE_HARDWARE,xtensa_lx6,ESP32 Xtensa Dual-Core 240MHz,2,0,FreeRTOS (ESP-IDF / Arduino Core),xtensa-esp32-elf-gcc,xtensa-esp32-elf-gcc (Espressif),-O2,mlkem-native,v1.2.0 (2507ff79a0acfec6e94a9a83709b5774491fdbb6),ML-KEM-1024,decapsulation,108,16414000,264924,True,
a1573bf1-398a-4b41-bcfd-2e58b9f77bfc,8f246007-d113-4fb2-a3b9-2ac9fbdeafe4,2026-09-16T11:00:00Z,esp32_xtensa_lx6_arduino,NATIVE_HARDWARE,xtensa_lx6,ESP32 Xtensa Dual-Core 240MHz,2,0,FreeRTOS (ESP-IDF / Arduino Core),xtensa-esp32-elf-gcc,xtensa-esp32-elf-gcc (Espressif),-O2,mlkem-native,v1.2.0 (2507ff79a0acfec6e94a9a83709b5774491fdbb6),ML-KEM-1024,keygen,109,11959000,264924,True,
a1573bf1-398a-4b41-bcfd-2e58b9f77bfc,8f246007-d113-4fb2-a3b9-2ac9fbdeafe4,2026-09-16T11:00:00Z,esp32_xtensa_lx6_arduino,NATIVE_HARDWARE,xtensa_lx6,ESP32 Xtensa Dual-Core 240MHz,2,0,FreeRTOS (ESP-IDF / Arduino Core),xtensa-esp32-elf-gcc,xtensa-esp32-elf-gcc (Espressif),-O2,mlkem-native,v1.2.0 (2507ff79a0acfec6e94a9a83709b5774491fdbb6),ML-KEM-1024,encapsulation,109,13480000,264924,True,
a1573bf1-398a-4b41-bcfd-2e58b9f77bfc,8f246007-d113-4fb2-a3b9-2ac9fbdeafe4,2026-09-16T11:00:00Z,esp32_xtensa_lx6_arduino,NATIVE_HARDWARE,xtensa_lx6,ESP32 Xtensa Dual-Core 240MHz,2,0,FreeRTOS (ESP-IDF / Arduino Core),xtensa-esp32-elf-gcc,xtensa-esp32-elf-gcc (Espressif),-O2,mlkem-native,v1.2.0 (2507ff79a0acfec6e94a9a83709b5774491fdbb6),ML-KEM-1024,decapsulation,109,16404000,264924,True,
a1573bf1-398a-4b41-bcfd-2e58b9f77bfc,8f246007-d113-4fb2-a3b9-2ac9fbdeafe4,2026-09-16T11:00:00Z,esp32_xtensa_lx6_arduino,NATIVE_HARDWARE,xtensa_lx6,ESP32 Xtensa Dual-Core 240MHz,2,0,FreeRTOS (ESP-IDF / Arduino Core),xtensa-esp32-elf-gcc,xtensa-esp32-elf-gcc (Espressif),-O2,mlkem-native,v1.2.0 (2507ff79a0acfec6e94a9a83709b5774491fdbb6),ML-KEM-1024,keygen,110,11965000,264924,True,
a1573bf1-398a-4b41-bcfd-2e58b9f77bfc,8f246007-d113-4fb2-a3b9-2ac9fbdeafe4,2026-09-16T11:00:00Z,esp32_xtensa_lx6_arduino,NATIVE_HARDWARE,xtensa_lx6,ESP32 Xtensa Dual-Core 240MHz,2,0,FreeRTOS (ESP-IDF / Arduino Core),xtensa-esp32-elf-gcc,xtensa-esp32-elf-gcc (Espressif),-O2,mlkem-native,v1.2.0 (2507ff79a0acfec6e94a9a83709b5774491fdbb6),ML-KEM-1024,encapsulation,110,13486000,264924,True,
a1573bf1-398a-4b41-bcfd-2e58b9f77bfc,8f246007-d113-4fb2-a3b9-2ac9fbdeafe4,2026-09-16T11:00:00Z,esp32_xtensa_lx6_arduino,NATIVE_HARDWARE,xtensa_lx6,ESP32 Xtensa Dual-Core 240MHz,2,0,FreeRTOS (ESP-IDF / Arduino Core),xtensa-esp32-elf-gcc,xtensa-esp32-elf-gcc (Espressif),-O2,mlkem-native,v1.2.0 (2507ff79a0acfec6e94a9a83709b5774491fdbb6),ML-KEM-1024,decapsulation,110,16410000,264924,True,
a1573bf1-398a-4b41-bcfd-2e58b9f77bfc,8f246007-d113-4fb2-a3b9-2ac9fbdeafe4,2026-09-16T11:00:00Z,esp32_xtensa_lx6_arduino,NATIVE_HARDWARE,xtensa_lx6,ESP32 Xtensa Dual-Core 240MHz,2,0,FreeRTOS (ESP-IDF / Arduino Core),xtensa-esp32-elf-gcc,xtensa-esp32-elf-gcc (Espressif),-O2,mlkem-native,v1.2.0 (2507ff79a0acfec6e94a9a83709b5774491fdbb6),ML-KEM-1024,keygen,111,11962000,264924,True,
a1573bf1-398a-4b41-bcfd-2e58b9f77bfc,8f246007-d113-4fb2-a3b9-2ac9fbdeafe4,2026-09-16T11:00:00Z,esp32_xtensa_lx6_arduino,NATIVE_HARDWARE,xtensa_lx6,ESP32 Xtensa Dual-Core 240MHz,2,0,FreeRTOS (ESP-IDF / Arduino Core),xtensa-esp32-elf-gcc,xtensa-esp32-elf-gcc (Espressif),-O2,mlkem-native,v1.2.0 (2507ff79a0acfec6e94a9a83709b5774491fdbb6),ML-KEM-1024,encapsulation,111,13480000,264924,True,
a1573bf1-398a-4b41-bcfd-2e58b9f77bfc,8f246007-d113-4fb2-a3b9-2ac9fbdeafe4,2026-09-16T11:00:00Z,esp32_xtensa_lx6_arduino,NATIVE_HARDWARE,xtensa_lx6,ESP32 Xtensa Dual-Core 240MHz,2,0,FreeRTOS (ESP-IDF / Arduino Core),xtensa-esp32-elf-gcc,xtensa-esp32-elf-gcc (Espressif),-O2,mlkem-native,v1.2.0 (2507ff79a0acfec6e94a9a83709b5774491fdbb6),ML-KEM-1024,decapsulation,111,16408000,264924,True,
a1573bf1-398a-4b41-bcfd-2e58b9f77bfc,8f246007-d113-4fb2-a3b9-2ac9fbdeafe4,2026-09-16T11:00:00Z,esp32_xtensa_lx6_arduino,NATIVE_HARDWARE,xtensa_lx6,ESP32 Xtensa Dual-Core 240MHz,2,0,FreeRTOS (ESP-IDF / Arduino Core),xtensa-esp32-elf-gcc,xtensa-esp32-elf-gcc (Espressif),-O2,mlkem-native,v1.2.0 (2507ff79a0acfec6e94a9a83709b5774491fdbb6),ML-KEM-1024,keygen,112,11964000,264924,True,
a1573bf1-398a-4b41-bcfd-2e58b9f77bfc,8f246007-d113-4fb2-a3b9-2ac9fbdeafe4,2026-09-16T11:00:00Z,esp32_xtensa_lx6_arduino,NATIVE_HARDWARE,xtensa_lx6,ESP32 Xtensa Dual-Core 240MHz,2,0,FreeRTOS (ESP-IDF / Arduino Core),xtensa-esp32-elf-gcc,xtensa-esp32-elf-gcc (Espressif),-O2,mlkem-native,v1.2.0 (2507ff79a0acfec6e94a9a83709b5774491fdbb6),ML-KEM-1024,encapsulation,112,13481000,264924,True,
a1573bf1-398a-4b41-bcfd-2e58b9f77bfc,8f246007-d113-4fb2-a3b9-2ac9fbdeafe4,2026-09-16T11:00:00Z,esp32_xtensa_lx6_arduino,NATIVE_HARDWARE,xtensa_lx6,ESP32 Xtensa Dual-Core 240MHz,2,0,FreeRTOS (ESP-IDF / Arduino Core),xtensa-esp32-elf-gcc,xtensa-esp32-elf-gcc (Espressif),-O2,mlkem-native,v1.2.0 (2507ff79a0acfec6e94a9a83709b5774491fdbb6),ML-KEM-1024,decapsulation,112,16413000,264924,True,
a1573bf1-398a-4b41-bcfd-2e58b9f77bfc,8f246007-d113-4fb2-a3b9-2ac9fbdeafe4,2026-09-16T11:00:00Z,esp32_xtensa_lx6_arduino,NATIVE_HARDWARE,xtensa_lx6,ESP32 Xtensa Dual-Core 240MHz,2,0,FreeRTOS (ESP-IDF / Arduino Core),xtensa-esp32-elf-gcc,xtensa-esp32-elf-gcc (Espressif),-O2,mlkem-native,v1.2.0 (2507ff79a0acfec6e94a9a83709b5774491fdbb6),ML-KEM-1024,keygen,113,11963000,264924,True,
a1573bf1-398a-4b41-bcfd-2e58b9f77bfc,8f246007-d113-4fb2-a3b9-2ac9fbdeafe4,2026-09-16T11:00:00Z,esp32_xtensa_lx6_arduino,NATIVE_HARDWARE,xtensa_lx6,ESP32 Xtensa Dual-Core 240MHz,2,0,FreeRTOS (ESP-IDF / Arduino Core),xtensa-esp32-elf-gcc,xtensa-esp32-elf-gcc (Espressif),-O2,mlkem-native,v1.2.0 (2507ff79a0acfec6e94a9a83709b5774491fdbb6),ML-KEM-1024,encapsulation,113,13484000,264924,True,
a1573bf1-398a-4b41-bcfd-2e58b9f77bfc,8f246007-d113-4fb2-a3b9-2ac9fbdeafe4,2026-09-16T11:00:00Z,esp32_xtensa_lx6_arduino,NATIVE_HARDWARE,xtensa_lx6,ESP32 Xtensa Dual-Core 240MHz,2,0,FreeRTOS (ESP-IDF / Arduino Core),xtensa-esp32-elf-gcc,xtensa-esp32-elf-gcc (Espressif),-O2,mlkem-native,v1.2.0 (2507ff79a0acfec6e94a9a83709b5774491fdbb6),ML-KEM-1024,decapsulation,113,16413000,264924,True,
a1573bf1-398a-4b41-bcfd-2e58b9f77bfc,8f246007-d113-4fb2-a3b9-2ac9fbdeafe4,2026-09-16T11:00:00Z,esp32_xtensa_lx6_arduino,NATIVE_HARDWARE,xtensa_lx6,ESP32 Xtensa Dual-Core 240MHz,2,0,FreeRTOS (ESP-IDF / Arduino Core),xtensa-esp32-elf-gcc,xtensa-esp32-elf-gcc (Espressif),-O2,mlkem-native,v1.2.0 (2507ff79a0acfec6e94a9a83709b5774491fdbb6),ML-KEM-1024,keygen,114,11959000,264924,True,
a1573bf1-398a-4b41-bcfd-2e58b9f77bfc,8f246007-d113-4fb2-a3b9-2ac9fbdeafe4,2026-09-16T11:00:00Z,esp32_xtensa_lx6_arduino,NATIVE_HARDWARE,xtensa_lx6,ESP32 Xtensa Dual-Core 240MHz,2,0,FreeRTOS (ESP-IDF / Arduino Core),xtensa-esp32-elf-gcc,xtensa-esp32-elf-gcc (Espressif),-O2,mlkem-native,v1.2.0 (2507ff79a0acfec6e94a9a83709b5774491fdbb6),ML-KEM-1024,encapsulation,114,13480000,264924,True,
a1573bf1-398a-4b41-bcfd-2e58b9f77bfc,8f246007-d113-4fb2-a3b9-2ac9fbdeafe4,2026-09-16T11:00:00Z,esp32_xtensa_lx6_arduino,NATIVE_HARDWARE,xtensa_lx6,ESP32 Xtensa Dual-Core 240MHz,2,0,FreeRTOS (ESP-IDF / Arduino Core),xtensa-esp32-elf-gcc,xtensa-esp32-elf-gcc (Espressif),-O2,mlkem-native,v1.2.0 (2507ff79a0acfec6e94a9a83709b5774491fdbb6),ML-KEM-1024,decapsulation,114,16404000,264924,True,
a1573bf1-398a-4b41-bcfd-2e58b9f77bfc,8f246007-d113-4fb2-a3b9-2ac9fbdeafe4,2026-09-16T11:00:00Z,esp32_xtensa_lx6_arduino,NATIVE_HARDWARE,xtensa_lx6,ESP32 Xtensa Dual-Core 240MHz,2,0,FreeRTOS (ESP-IDF / Arduino Core),xtensa-esp32-elf-gcc,xtensa-esp32-elf-gcc (Espressif),-O2,mlkem-native,v1.2.0 (2507ff79a0acfec6e94a9a83709b5774491fdbb6),ML-KEM-1024,keygen,115,11961000,264924,True,
a1573bf1-398a-4b41-bcfd-2e58b9f77bfc,8f246007-d113-4fb2-a3b9-2ac9fbdeafe4,2026-09-16T11:00:00Z,esp32_xtensa_lx6_arduino,NATIVE_HARDWARE,xtensa_lx6,ESP32 Xtensa Dual-Core 240MHz,2,0,FreeRTOS (ESP-IDF / Arduino Core),xtensa-esp32-elf-gcc,xtensa-esp32-elf-gcc (Espressif),-O2,mlkem-native,v1.2.0 (2507ff79a0acfec6e94a9a83709b5774491fdbb6),ML-KEM-1024,encapsulation,115,13482000,264924,True,
a1573bf1-398a-4b41-bcfd-2e58b9f77bfc,8f246007-d113-4fb2-a3b9-2ac9fbdeafe4,2026-09-16T11:00:00Z,esp32_xtensa_lx6_arduino,NATIVE_HARDWARE,xtensa_lx6,ESP32 Xtensa Dual-Core 240MHz,2,0,FreeRTOS (ESP-IDF / Arduino Core),xtensa-esp32-elf-gcc,xtensa-esp32-elf-gcc (Espressif),-O2,mlkem-native,v1.2.0 (2507ff79a0acfec6e94a9a83709b5774491fdbb6),ML-KEM-1024,decapsulation,115,16406000,264924,True,
a1573bf1-398a-4b41-bcfd-2e58b9f77bfc,8f246007-d113-4fb2-a3b9-2ac9fbdeafe4,2026-09-16T11:00:00Z,esp32_xtensa_lx6_arduino,NATIVE_HARDWARE,xtensa_lx6,ESP32 Xtensa Dual-Core 240MHz,2,0,FreeRTOS (ESP-IDF / Arduino Core),xtensa-esp32-elf-gcc,xtensa-esp32-elf-gcc (Espressif),-O2,mlkem-native,v1.2.0 (2507ff79a0acfec6e94a9a83709b5774491fdbb6),ML-KEM-1024,keygen,116,11965000,264924,True,
a1573bf1-398a-4b41-bcfd-2e58b9f77bfc,8f246007-d113-4fb2-a3b9-2ac9fbdeafe4,2026-09-16T11:00:00Z,esp32_xtensa_lx6_arduino,NATIVE_HARDWARE,xtensa_lx6,ESP32 Xtensa Dual-Core 240MHz,2,0,FreeRTOS (ESP-IDF / Arduino Core),xtensa-esp32-elf-gcc,xtensa-esp32-elf-gcc (Espressif),-O2,mlkem-native,v1.2.0 (2507ff79a0acfec6e94a9a83709b5774491fdbb6),ML-KEM-1024,encapsulation,116,13483000,264924,True,
a1573bf1-398a-4b41-bcfd-2e58b9f77bfc,8f246007-d113-4fb2-a3b9-2ac9fbdeafe4,2026-09-16T11:00:00Z,esp32_xtensa_lx6_arduino,NATIVE_HARDWARE,xtensa_lx6,ESP32 Xtensa Dual-Core 240MHz,2,0,FreeRTOS (ESP-IDF / Arduino Core),xtensa-esp32-elf-gcc,xtensa-esp32-elf-gcc (Espressif),-O2,mlkem-native,v1.2.0 (2507ff79a0acfec6e94a9a83709b5774491fdbb6),ML-KEM-1024,decapsulation,116,16411000,264924,True,
a1573bf1-398a-4b41-bcfd-2e58b9f77bfc,8f246007-d113-4fb2-a3b9-2ac9fbdeafe4,2026-09-16T11:00:00Z,esp32_xtensa_lx6_arduino,NATIVE_HARDWARE,xtensa_lx6,ESP32 Xtensa Dual-Core 240MHz,2,0,FreeRTOS (ESP-IDF / Arduino Core),xtensa-esp32-elf-gcc,xtensa-esp32-elf-gcc (Espressif),-O2,mlkem-native,v1.2.0 (2507ff79a0acfec6e94a9a83709b5774491fdbb6),ML-KEM-1024,keygen,117,11960000,264924,True,
a1573bf1-398a-4b41-bcfd-2e58b9f77bfc,8f246007-d113-4fb2-a3b9-2ac9fbdeafe4,2026-09-16T11:00:00Z,esp32_xtensa_lx6_arduino,NATIVE_HARDWARE,xtensa_lx6,ESP32 Xtensa Dual-Core 240MHz,2,0,FreeRTOS (ESP-IDF / Arduino Core),xtensa-esp32-elf-gcc,xtensa-esp32-elf-gcc (Espressif),-O2,mlkem-native,v1.2.0 (2507ff79a0acfec6e94a9a83709b5774491fdbb6),ML-KEM-1024,encapsulation,117,13478000,264924,True,
a1573bf1-398a-4b41-bcfd-2e58b9f77bfc,8f246007-d113-4fb2-a3b9-2ac9fbdeafe4,2026-09-16T11:00:00Z,esp32_xtensa_lx6_arduino,NATIVE_HARDWARE,xtensa_lx6,ESP32 Xtensa Dual-Core 240MHz,2,0,FreeRTOS (ESP-IDF / Arduino Core),xtensa-esp32-elf-gcc,xtensa-esp32-elf-gcc (Espressif),-O2,mlkem-native,v1.2.0 (2507ff79a0acfec6e94a9a83709b5774491fdbb6),ML-KEM-1024,decapsulation,117,16410000,264924,True,
a1573bf1-398a-4b41-bcfd-2e58b9f77bfc,8f246007-d113-4fb2-a3b9-2ac9fbdeafe4,2026-09-16T11:00:00Z,esp32_xtensa_lx6_arduino,NATIVE_HARDWARE,xtensa_lx6,ESP32 Xtensa Dual-Core 240MHz,2,0,FreeRTOS (ESP-IDF / Arduino Core),xtensa-esp32-elf-gcc,xtensa-esp32-elf-gcc (Espressif),-O2,mlkem-native,v1.2.0 (2507ff79a0acfec6e94a9a83709b5774491fdbb6),ML-KEM-1024,keygen,118,11961000,264924,True,
a1573bf1-398a-4b41-bcfd-2e58b9f77bfc,8f246007-d113-4fb2-a3b9-2ac9fbdeafe4,2026-09-16T11:00:00Z,esp32_xtensa_lx6_arduino,NATIVE_HARDWARE,xtensa_lx6,ESP32 Xtensa Dual-Core 240MHz,2,0,FreeRTOS (ESP-IDF / Arduino Core),xtensa-esp32-elf-gcc,xtensa-esp32-elf-gcc (Espressif),-O2,mlkem-native,v1.2.0 (2507ff79a0acfec6e94a9a83709b5774491fdbb6),ML-KEM-1024,encapsulation,118,13482000,264924,True,
a1573bf1-398a-4b41-bcfd-2e58b9f77bfc,8f246007-d113-4fb2-a3b9-2ac9fbdeafe4,2026-09-16T11:00:00Z,esp32_xtensa_lx6_arduino,NATIVE_HARDWARE,xtensa_lx6,ESP32 Xtensa Dual-Core 240MHz,2,0,FreeRTOS (ESP-IDF / Arduino Core),xtensa-esp32-elf-gcc,xtensa-esp32-elf-gcc (Espressif),-O2,mlkem-native,v1.2.0 (2507ff79a0acfec6e94a9a83709b5774491fdbb6),ML-KEM-1024,decapsulation,118,16411000,264924,True,
a1573bf1-398a-4b41-bcfd-2e58b9f77bfc,8f246007-d113-4fb2-a3b9-2ac9fbdeafe4,2026-09-16T11:00:00Z,esp32_xtensa_lx6_arduino,NATIVE_HARDWARE,xtensa_lx6,ESP32 Xtensa Dual-Core 240MHz,2,0,FreeRTOS (ESP-IDF / Arduino Core),xtensa-esp32-elf-gcc,xtensa-esp32-elf-gcc (Espressif),-O2,mlkem-native,v1.2.0 (2507ff79a0acfec6e94a9a83709b5774491fdbb6),ML-KEM-1024,keygen,119,11962000,264924,True,
a1573bf1-398a-4b41-bcfd-2e58b9f77bfc,8f246007-d113-4fb2-a3b9-2ac9fbdeafe4,2026-09-16T11:00:00Z,esp32_xtensa_lx6_arduino,NATIVE_HARDWARE,xtensa_lx6,ESP32 Xtensa Dual-Core 240MHz,2,0,FreeRTOS (ESP-IDF / Arduino Core),xtensa-esp32-elf-gcc,xtensa-esp32-elf-gcc (Espressif),-O2,mlkem-native,v1.2.0 (2507ff79a0acfec6e94a9a83709b5774491fdbb6),ML-KEM-1024,encapsulation,119,13484000,264924,True,
a1573bf1-398a-4b41-bcfd-2e58b9f77bfc,8f246007-d113-4fb2-a3b9-2ac9fbdeafe4,2026-09-16T11:00:00Z,esp32_xtensa_lx6_arduino,NATIVE_HARDWARE,xtensa_lx6,ESP32 Xtensa Dual-Core 240MHz,2,0,FreeRTOS (ESP-IDF / Arduino Core),xtensa-esp32-elf-gcc,xtensa-esp32-elf-gcc (Espressif),-O2,mlkem-native,v1.2.0 (2507ff79a0acfec6e94a9a83709b5774491fdbb6),ML-KEM-1024,decapsulation,119,16408000,264924,True,
a1573bf1-398a-4b41-bcfd-2e58b9f77bfc,8f246007-d113-4fb2-a3b9-2ac9fbdeafe4,2026-09-16T11:00:00Z,esp32_xtensa_lx6_arduino,NATIVE_HARDWARE,xtensa_lx6,ESP32 Xtensa Dual-Core 240MHz,2,0,FreeRTOS (ESP-IDF / Arduino Core),xtensa-esp32-elf-gcc,xtensa-esp32-elf-gcc (Espressif),-O2,mlkem-native,v1.2.0 (2507ff79a0acfec6e94a9a83709b5774491fdbb6),ML-KEM-1024,keygen,120,11962000,264924,True,
a1573bf1-398a-4b41-bcfd-2e58b9f77bfc,8f246007-d113-4fb2-a3b9-2ac9fbdeafe4,2026-09-16T11:00:00Z,esp32_xtensa_lx6_arduino,NATIVE_HARDWARE,xtensa_lx6,ESP32 Xtensa Dual-Core 240MHz,2,0,FreeRTOS (ESP-IDF / Arduino Core),xtensa-esp32-elf-gcc,xtensa-esp32-elf-gcc (Espressif),-O2,mlkem-native,v1.2.0 (2507ff79a0acfec6e94a9a83709b5774491fdbb6),ML-KEM-1024,encapsulation,120,13484000,264924,True,
a1573bf1-398a-4b41-bcfd-2e58b9f77bfc,8f246007-d113-4fb2-a3b9-2ac9fbdeafe4,2026-09-16T11:00:00Z,esp32_xtensa_lx6_arduino,NATIVE_HARDWARE,xtensa_lx6,ESP32 Xtensa Dual-Core 240MHz,2,0,FreeRTOS (ESP-IDF / Arduino Core),xtensa-esp32-elf-gcc,xtensa-esp32-elf-gcc (Espressif),-O2,mlkem-native,v1.2.0 (2507ff79a0acfec6e94a9a83709b5774491fdbb6),ML-KEM-1024,decapsulation,120,16408000,264924,True,
a1573bf1-398a-4b41-bcfd-2e58b9f77bfc,8f246007-d113-4fb2-a3b9-2ac9fbdeafe4,2026-09-16T11:00:00Z,esp32_xtensa_lx6_arduino,NATIVE_HARDWARE,xtensa_lx6,ESP32 Xtensa Dual-Core 240MHz,2,0,FreeRTOS (ESP-IDF / Arduino Core),xtensa-esp32-elf-gcc,xtensa-esp32-elf-gcc (Espressif),-O2,mlkem-native,v1.2.0 (2507ff79a0acfec6e94a9a83709b5774491fdbb6),ML-KEM-1024,keygen,121,11962000,264924,True,
a1573bf1-398a-4b41-bcfd-2e58b9f77bfc,8f246007-d113-4fb2-a3b9-2ac9fbdeafe4,2026-09-16T11:00:00Z,esp32_xtensa_lx6_arduino,NATIVE_HARDWARE,xtensa_lx6,ESP32 Xtensa Dual-Core 240MHz,2,0,FreeRTOS (ESP-IDF / Arduino Core),xtensa-esp32-elf-gcc,xtensa-esp32-elf-gcc (Espressif),-O2,mlkem-native,v1.2.0 (2507ff79a0acfec6e94a9a83709b5774491fdbb6),ML-KEM-1024,encapsulation,121,13479000,264924,True,
a1573bf1-398a-4b41-bcfd-2e58b9f77bfc,8f246007-d113-4fb2-a3b9-2ac9fbdeafe4,2026-09-16T11:00:00Z,esp32_xtensa_lx6_arduino,NATIVE_HARDWARE,xtensa_lx6,ESP32 Xtensa Dual-Core 240MHz,2,0,FreeRTOS (ESP-IDF / Arduino Core),xtensa-esp32-elf-gcc,xtensa-esp32-elf-gcc (Espressif),-O2,mlkem-native,v1.2.0 (2507ff79a0acfec6e94a9a83709b5774491fdbb6),ML-KEM-1024,decapsulation,121,16407000,264924,True,
a1573bf1-398a-4b41-bcfd-2e58b9f77bfc,8f246007-d113-4fb2-a3b9-2ac9fbdeafe4,2026-09-16T11:00:00Z,esp32_xtensa_lx6_arduino,NATIVE_HARDWARE,xtensa_lx6,ESP32 Xtensa Dual-Core 240MHz,2,0,FreeRTOS (ESP-IDF / Arduino Core),xtensa-esp32-elf-gcc,xtensa-esp32-elf-gcc (Espressif),-O2,mlkem-native,v1.2.0 (2507ff79a0acfec6e94a9a83709b5774491fdbb6),ML-KEM-1024,keygen,122,11964000,264924,True,
a1573bf1-398a-4b41-bcfd-2e58b9f77bfc,8f246007-d113-4fb2-a3b9-2ac9fbdeafe4,2026-09-16T11:00:00Z,esp32_xtensa_lx6_arduino,NATIVE_HARDWARE,xtensa_lx6,ESP32 Xtensa Dual-Core 240MHz,2,0,FreeRTOS (ESP-IDF / Arduino Core),xtensa-esp32-elf-gcc,xtensa-esp32-elf-gcc (Espressif),-O2,mlkem-native,v1.2.0 (2507ff79a0acfec6e94a9a83709b5774491fdbb6),ML-KEM-1024,encapsulation,122,13483000,264924,True,
a1573bf1-398a-4b41-bcfd-2e58b9f77bfc,8f246007-d113-4fb2-a3b9-2ac9fbdeafe4,2026-09-16T11:00:00Z,esp32_xtensa_lx6_arduino,NATIVE_HARDWARE,xtensa_lx6,ESP32 Xtensa Dual-Core 240MHz,2,0,FreeRTOS (ESP-IDF / Arduino Core),xtensa-esp32-elf-gcc,xtensa-esp32-elf-gcc (Espressif),-O2,mlkem-native,v1.2.0 (2507ff79a0acfec6e94a9a83709b5774491fdbb6),ML-KEM-1024,decapsulation,122,16415000,264924,True,
a1573bf1-398a-4b41-bcfd-2e58b9f77bfc,8f246007-d113-4fb2-a3b9-2ac9fbdeafe4,2026-09-16T11:00:00Z,esp32_xtensa_lx6_arduino,NATIVE_HARDWARE,xtensa_lx6,ESP32 Xtensa Dual-Core 240MHz,2,0,FreeRTOS (ESP-IDF / Arduino Core),xtensa-esp32-elf-gcc,xtensa-esp32-elf-gcc (Espressif),-O2,mlkem-native,v1.2.0 (2507ff79a0acfec6e94a9a83709b5774491fdbb6),ML-KEM-1024,keygen,123,11962000,264924,True,
a1573bf1-398a-4b41-bcfd-2e58b9f77bfc,8f246007-d113-4fb2-a3b9-2ac9fbdeafe4,2026-09-16T11:00:00Z,esp32_xtensa_lx6_arduino,NATIVE_HARDWARE,xtensa_lx6,ESP32 Xtensa Dual-Core 240MHz,2,0,FreeRTOS (ESP-IDF / Arduino Core),xtensa-esp32-elf-gcc,xtensa-esp32-elf-gcc (Espressif),-O2,mlkem-native,v1.2.0 (2507ff79a0acfec6e94a9a83709b5774491fdbb6),ML-KEM-1024,encapsulation,123,13483000,264924,True,
a1573bf1-398a-4b41-bcfd-2e58b9f77bfc,8f246007-d113-4fb2-a3b9-2ac9fbdeafe4,2026-09-16T11:00:00Z,esp32_xtensa_lx6_arduino,NATIVE_HARDWARE,xtensa_lx6,ESP32 Xtensa Dual-Core 240MHz,2,0,FreeRTOS (ESP-IDF / Arduino Core),xtensa-esp32-elf-gcc,xtensa-esp32-elf-gcc (Espressif),-O2,mlkem-native,v1.2.0 (2507ff79a0acfec6e94a9a83709b5774491fdbb6),ML-KEM-1024,decapsulation,123,16412000,264924,True,
a1573bf1-398a-4b41-bcfd-2e58b9f77bfc,8f246007-d113-4fb2-a3b9-2ac9fbdeafe4,2026-09-16T11:00:00Z,esp32_xtensa_lx6_arduino,NATIVE_HARDWARE,xtensa_lx6,ESP32 Xtensa Dual-Core 240MHz,2,0,FreeRTOS (ESP-IDF / Arduino Core),xtensa-esp32-elf-gcc,xtensa-esp32-elf-gcc (Espressif),-O2,mlkem-native,v1.2.0 (2507ff79a0acfec6e94a9a83709b5774491fdbb6),ML-KEM-1024,keygen,124,11964000,264924,True,
a1573bf1-398a-4b41-bcfd-2e58b9f77bfc,8f246007-d113-4fb2-a3b9-2ac9fbdeafe4,2026-09-16T11:00:00Z,esp32_xtensa_lx6_arduino,NATIVE_HARDWARE,xtensa_lx6,ESP32 Xtensa Dual-Core 240MHz,2,0,FreeRTOS (ESP-IDF / Arduino Core),xtensa-esp32-elf-gcc,xtensa-esp32-elf-gcc (Espressif),-O2,mlkem-native,v1.2.0 (2507ff79a0acfec6e94a9a83709b5774491fdbb6),ML-KEM-1024,encapsulation,124,13485000,264924,True,
a1573bf1-398a-4b41-bcfd-2e58b9f77bfc,8f246007-d113-4fb2-a3b9-2ac9fbdeafe4,2026-09-16T11:00:00Z,esp32_xtensa_lx6_arduino,NATIVE_HARDWARE,xtensa_lx6,ESP32 Xtensa Dual-Core 240MHz,2,0,FreeRTOS (ESP-IDF / Arduino Core),xtensa-esp32-elf-gcc,xtensa-esp32-elf-gcc (Espressif),-O2,mlkem-native,v1.2.0 (2507ff79a0acfec6e94a9a83709b5774491fdbb6),ML-KEM-1024,decapsulation,124,16409000,264924,True,
a1573bf1-398a-4b41-bcfd-2e58b9f77bfc,8f246007-d113-4fb2-a3b9-2ac9fbdeafe4,2026-09-16T11:00:00Z,esp32_xtensa_lx6_arduino,NATIVE_HARDWARE,xtensa_lx6,ESP32 Xtensa Dual-Core 240MHz,2,0,FreeRTOS (ESP-IDF / Arduino Core),xtensa-esp32-elf-gcc,xtensa-esp32-elf-gcc (Espressif),-O2,mlkem-native,v1.2.0 (2507ff79a0acfec6e94a9a83709b5774491fdbb6),ML-KEM-1024,keygen,125,11962000,264924,True,
a1573bf1-398a-4b41-bcfd-2e58b9f77bfc,8f246007-d113-4fb2-a3b9-2ac9fbdeafe4,2026-09-16T11:00:00Z,esp32_xtensa_lx6_arduino,NATIVE_HARDWARE,xtensa_lx6,ESP32 Xtensa Dual-Core 240MHz,2,0,FreeRTOS (ESP-IDF / Arduino Core),xtensa-esp32-elf-gcc,xtensa-esp32-elf-gcc (Espressif),-O2,mlkem-native,v1.2.0 (2507ff79a0acfec6e94a9a83709b5774491fdbb6),ML-KEM-1024,encapsulation,125,13484000,264924,True,
a1573bf1-398a-4b41-bcfd-2e58b9f77bfc,8f246007-d113-4fb2-a3b9-2ac9fbdeafe4,2026-09-16T11:00:00Z,esp32_xtensa_lx6_arduino,NATIVE_HARDWARE,xtensa_lx6,ESP32 Xtensa Dual-Core 240MHz,2,0,FreeRTOS (ESP-IDF / Arduino Core),xtensa-esp32-elf-gcc,xtensa-esp32-elf-gcc (Espressif),-O2,mlkem-native,v1.2.0 (2507ff79a0acfec6e94a9a83709b5774491fdbb6),ML-KEM-1024,decapsulation,125,16408000,264924,True,
a1573bf1-398a-4b41-bcfd-2e58b9f77bfc,8f246007-d113-4fb2-a3b9-2ac9fbdeafe4,2026-09-16T11:00:00Z,esp32_xtensa_lx6_arduino,NATIVE_HARDWARE,xtensa_lx6,ESP32 Xtensa Dual-Core 240MHz,2,0,FreeRTOS (ESP-IDF / Arduino Core),xtensa-esp32-elf-gcc,xtensa-esp32-elf-gcc (Espressif),-O2,mlkem-native,v1.2.0 (2507ff79a0acfec6e94a9a83709b5774491fdbb6),ML-KEM-1024,keygen,126,11966000,264924,True,
a1573bf1-398a-4b41-bcfd-2e58b9f77bfc,8f246007-d113-4fb2-a3b9-2ac9fbdeafe4,2026-09-16T11:00:00Z,esp32_xtensa_lx6_arduino,NATIVE_HARDWARE,xtensa_lx6,ESP32 Xtensa Dual-Core 240MHz,2,0,FreeRTOS (ESP-IDF / Arduino Core),xtensa-esp32-elf-gcc,xtensa-esp32-elf-gcc (Espressif),-O2,mlkem-native,v1.2.0 (2507ff79a0acfec6e94a9a83709b5774491fdbb6),ML-KEM-1024,encapsulation,126,13484000,264924,True,
a1573bf1-398a-4b41-bcfd-2e58b9f77bfc,8f246007-d113-4fb2-a3b9-2ac9fbdeafe4,2026-09-16T11:00:00Z,esp32_xtensa_lx6_arduino,NATIVE_HARDWARE,xtensa_lx6,ESP32 Xtensa Dual-Core 240MHz,2,0,FreeRTOS (ESP-IDF / Arduino Core),xtensa-esp32-elf-gcc,xtensa-esp32-elf-gcc (Espressif),-O2,mlkem-native,v1.2.0 (2507ff79a0acfec6e94a9a83709b5774491fdbb6),ML-KEM-1024,decapsulation,126,16411000,264924,True,
a1573bf1-398a-4b41-bcfd-2e58b9f77bfc,8f246007-d113-4fb2-a3b9-2ac9fbdeafe4,2026-09-16T11:00:00Z,esp32_xtensa_lx6_arduino,NATIVE_HARDWARE,xtensa_lx6,ESP32 Xtensa Dual-Core 240MHz,2,0,FreeRTOS (ESP-IDF / Arduino Core),xtensa-esp32-elf-gcc,xtensa-esp32-elf-gcc (Espressif),-O2,mlkem-native,v1.2.0 (2507ff79a0acfec6e94a9a83709b5774491fdbb6),ML-KEM-1024,keygen,127,11962000,264924,True,
a1573bf1-398a-4b41-bcfd-2e58b9f77bfc,8f246007-d113-4fb2-a3b9-2ac9fbdeafe4,2026-09-16T11:00:00Z,esp32_xtensa_lx6_arduino,NATIVE_HARDWARE,xtensa_lx6,ESP32 Xtensa Dual-Core 240MHz,2,0,FreeRTOS (ESP-IDF / Arduino Core),xtensa-esp32-elf-gcc,xtensa-esp32-elf-gcc (Espressif),-O2,mlkem-native,v1.2.0 (2507ff79a0acfec6e94a9a83709b5774491fdbb6),ML-KEM-1024,encapsulation,127,13479000,264924,True,
a1573bf1-398a-4b41-bcfd-2e58b9f77bfc,8f246007-d113-4fb2-a3b9-2ac9fbdeafe4,2026-09-16T11:00:00Z,esp32_xtensa_lx6_arduino,NATIVE_HARDWARE,xtensa_lx6,ESP32 Xtensa Dual-Core 240MHz,2,0,FreeRTOS (ESP-IDF / Arduino Core),xtensa-esp32-elf-gcc,xtensa-esp32-elf-gcc (Espressif),-O2,mlkem-native,v1.2.0 (2507ff79a0acfec6e94a9a83709b5774491fdbb6),ML-KEM-1024,decapsulation,127,16412000,264924,True,
a1573bf1-398a-4b41-bcfd-2e58b9f77bfc,8f246007-d113-4fb2-a3b9-2ac9fbdeafe4,2026-09-16T11:00:00Z,esp32_xtensa_lx6_arduino,NATIVE_HARDWARE,xtensa_lx6,ESP32 Xtensa Dual-Core 240MHz,2,0,FreeRTOS (ESP-IDF / Arduino Core),xtensa-esp32-elf-gcc,xtensa-esp32-elf-gcc (Espressif),-O2,mlkem-native,v1.2.0 (2507ff79a0acfec6e94a9a83709b5774491fdbb6),ML-KEM-1024,keygen,128,11963000,264924,True,
a1573bf1-398a-4b41-bcfd-2e58b9f77bfc,8f246007-d113-4fb2-a3b9-2ac9fbdeafe4,2026-09-16T11:00:00Z,esp32_xtensa_lx6_arduino,NATIVE_HARDWARE,xtensa_lx6,ESP32 Xtensa Dual-Core 240MHz,2,0,FreeRTOS (ESP-IDF / Arduino Core),xtensa-esp32-elf-gcc,xtensa-esp32-elf-gcc (Espressif),-O2,mlkem-native,v1.2.0 (2507ff79a0acfec6e94a9a83709b5774491fdbb6),ML-KEM-1024,encapsulation,128,13486000,264924,True,
a1573bf1-398a-4b41-bcfd-2e58b9f77bfc,8f246007-d113-4fb2-a3b9-2ac9fbdeafe4,2026-09-16T11:00:00Z,esp32_xtensa_lx6_arduino,NATIVE_HARDWARE,xtensa_lx6,ESP32 Xtensa Dual-Core 240MHz,2,0,FreeRTOS (ESP-IDF / Arduino Core),xtensa-esp32-elf-gcc,xtensa-esp32-elf-gcc (Espressif),-O2,mlkem-native,v1.2.0 (2507ff79a0acfec6e94a9a83709b5774491fdbb6),ML-KEM-1024,decapsulation,128,16414000,264924,True,
a1573bf1-398a-4b41-bcfd-2e58b9f77bfc,8f246007-d113-4fb2-a3b9-2ac9fbdeafe4,2026-09-16T11:00:00Z,esp32_xtensa_lx6_arduino,NATIVE_HARDWARE,xtensa_lx6,ESP32 Xtensa Dual-Core 240MHz,2,0,FreeRTOS (ESP-IDF / Arduino Core),xtensa-esp32-elf-gcc,xtensa-esp32-elf-gcc (Espressif),-O2,mlkem-native,v1.2.0 (2507ff79a0acfec6e94a9a83709b5774491fdbb6),ML-KEM-1024,keygen,129,11959000,264924,True,
a1573bf1-398a-4b41-bcfd-2e58b9f77bfc,8f246007-d113-4fb2-a3b9-2ac9fbdeafe4,2026-09-16T11:00:00Z,esp32_xtensa_lx6_arduino,NATIVE_HARDWARE,xtensa_lx6,ESP32 Xtensa Dual-Core 240MHz,2,0,FreeRTOS (ESP-IDF / Arduino Core),xtensa-esp32-elf-gcc,xtensa-esp32-elf-gcc (Espressif),-O2,mlkem-native,v1.2.0 (2507ff79a0acfec6e94a9a83709b5774491fdbb6),ML-KEM-1024,encapsulation,129,13481000,264924,True,
a1573bf1-398a-4b41-bcfd-2e58b9f77bfc,8f246007-d113-4fb2-a3b9-2ac9fbdeafe4,2026-09-16T11:00:00Z,esp32_xtensa_lx6_arduino,NATIVE_HARDWARE,xtensa_lx6,ESP32 Xtensa Dual-Core 240MHz,2,0,FreeRTOS (ESP-IDF / Arduino Core),xtensa-esp32-elf-gcc,xtensa-esp32-elf-gcc (Espressif),-O2,mlkem-native,v1.2.0 (2507ff79a0acfec6e94a9a83709b5774491fdbb6),ML-KEM-1024,decapsulation,129,16404000,264924,True,
a1573bf1-398a-4b41-bcfd-2e58b9f77bfc,8f246007-d113-4fb2-a3b9-2ac9fbdeafe4,2026-09-16T11:00:00Z,esp32_xtensa_lx6_arduino,NATIVE_HARDWARE,xtensa_lx6,ESP32 Xtensa Dual-Core 240MHz,2,0,FreeRTOS (ESP-IDF / Arduino Core),xtensa-esp32-elf-gcc,xtensa-esp32-elf-gcc (Espressif),-O2,mlkem-native,v1.2.0 (2507ff79a0acfec6e94a9a83709b5774491fdbb6),ML-KEM-1024,keygen,130,11957000,264924,True,
a1573bf1-398a-4b41-bcfd-2e58b9f77bfc,8f246007-d113-4fb2-a3b9-2ac9fbdeafe4,2026-09-16T11:00:00Z,esp32_xtensa_lx6_arduino,NATIVE_HARDWARE,xtensa_lx6,ESP32 Xtensa Dual-Core 240MHz,2,0,FreeRTOS (ESP-IDF / Arduino Core),xtensa-esp32-elf-gcc,xtensa-esp32-elf-gcc (Espressif),-O2,mlkem-native,v1.2.0 (2507ff79a0acfec6e94a9a83709b5774491fdbb6),ML-KEM-1024,encapsulation,130,13479000,264924,True,
a1573bf1-398a-4b41-bcfd-2e58b9f77bfc,8f246007-d113-4fb2-a3b9-2ac9fbdeafe4,2026-09-16T11:00:00Z,esp32_xtensa_lx6_arduino,NATIVE_HARDWARE,xtensa_lx6,ESP32 Xtensa Dual-Core 240MHz,2,0,FreeRTOS (ESP-IDF / Arduino Core),xtensa-esp32-elf-gcc,xtensa-esp32-elf-gcc (Espressif),-O2,mlkem-native,v1.2.0 (2507ff79a0acfec6e94a9a83709b5774491fdbb6),ML-KEM-1024,decapsulation,130,16403000,264924,True,
a1573bf1-398a-4b41-bcfd-2e58b9f77bfc,8f246007-d113-4fb2-a3b9-2ac9fbdeafe4,2026-09-16T11:00:00Z,esp32_xtensa_lx6_arduino,NATIVE_HARDWARE,xtensa_lx6,ESP32 Xtensa Dual-Core 240MHz,2,0,FreeRTOS (ESP-IDF / Arduino Core),xtensa-esp32-elf-gcc,xtensa-esp32-elf-gcc (Espressif),-O2,mlkem-native,v1.2.0 (2507ff79a0acfec6e94a9a83709b5774491fdbb6),ML-KEM-1024,keygen,131,11963000,264924,True,
a1573bf1-398a-4b41-bcfd-2e58b9f77bfc,8f246007-d113-4fb2-a3b9-2ac9fbdeafe4,2026-09-16T11:00:00Z,esp32_xtensa_lx6_arduino,NATIVE_HARDWARE,xtensa_lx6,ESP32 Xtensa Dual-Core 240MHz,2,0,FreeRTOS (ESP-IDF / Arduino Core),xtensa-esp32-elf-gcc,xtensa-esp32-elf-gcc (Espressif),-O2,mlkem-native,v1.2.0 (2507ff79a0acfec6e94a9a83709b5774491fdbb6),ML-KEM-1024,encapsulation,131,13480000,264924,True,
a1573bf1-398a-4b41-bcfd-2e58b9f77bfc,8f246007-d113-4fb2-a3b9-2ac9fbdeafe4,2026-09-16T11:00:00Z,esp32_xtensa_lx6_arduino,NATIVE_HARDWARE,xtensa_lx6,ESP32 Xtensa Dual-Core 240MHz,2,0,FreeRTOS (ESP-IDF / Arduino Core),xtensa-esp32-elf-gcc,xtensa-esp32-elf-gcc (Espressif),-O2,mlkem-native,v1.2.0 (2507ff79a0acfec6e94a9a83709b5774491fdbb6),ML-KEM-1024,decapsulation,131,16408000,264924,True,
a1573bf1-398a-4b41-bcfd-2e58b9f77bfc,8f246007-d113-4fb2-a3b9-2ac9fbdeafe4,2026-09-16T11:00:00Z,esp32_xtensa_lx6_arduino,NATIVE_HARDWARE,xtensa_lx6,ESP32 Xtensa Dual-Core 240MHz,2,0,FreeRTOS (ESP-IDF / Arduino Core),xtensa-esp32-elf-gcc,xtensa-esp32-elf-gcc (Espressif),-O2,mlkem-native,v1.2.0 (2507ff79a0acfec6e94a9a83709b5774491fdbb6),ML-KEM-1024,keygen,132,11963000,264924,True,
a1573bf1-398a-4b41-bcfd-2e58b9f77bfc,8f246007-d113-4fb2-a3b9-2ac9fbdeafe4,2026-09-16T11:00:00Z,esp32_xtensa_lx6_arduino,NATIVE_HARDWARE,xtensa_lx6,ESP32 Xtensa Dual-Core 240MHz,2,0,FreeRTOS (ESP-IDF / Arduino Core),xtensa-esp32-elf-gcc,xtensa-esp32-elf-gcc (Espressif),-O2,mlkem-native,v1.2.0 (2507ff79a0acfec6e94a9a83709b5774491fdbb6),ML-KEM-1024,encapsulation,132,13481000,264924,True,
a1573bf1-398a-4b41-bcfd-2e58b9f77bfc,8f246007-d113-4fb2-a3b9-2ac9fbdeafe4,2026-09-16T11:00:00Z,esp32_xtensa_lx6_arduino,NATIVE_HARDWARE,xtensa_lx6,ESP32 Xtensa Dual-Core 240MHz,2,0,FreeRTOS (ESP-IDF / Arduino Core),xtensa-esp32-elf-gcc,xtensa-esp32-elf-gcc (Espressif),-O2,mlkem-native,v1.2.0 (2507ff79a0acfec6e94a9a83709b5774491fdbb6),ML-KEM-1024,decapsulation,132,16413000,264924,True,
a1573bf1-398a-4b41-bcfd-2e58b9f77bfc,8f246007-d113-4fb2-a3b9-2ac9fbdeafe4,2026-09-16T11:00:00Z,esp32_xtensa_lx6_arduino,NATIVE_HARDWARE,xtensa_lx6,ESP32 Xtensa Dual-Core 240MHz,2,0,FreeRTOS (ESP-IDF / Arduino Core),xtensa-esp32-elf-gcc,xtensa-esp32-elf-gcc (Espressif),-O2,mlkem-native,v1.2.0 (2507ff79a0acfec6e94a9a83709b5774491fdbb6),ML-KEM-1024,keygen,133,11963000,264924,True,
a1573bf1-398a-4b41-bcfd-2e58b9f77bfc,8f246007-d113-4fb2-a3b9-2ac9fbdeafe4,2026-09-16T11:00:00Z,esp32_xtensa_lx6_arduino,NATIVE_HARDWARE,xtensa_lx6,ESP32 Xtensa Dual-Core 240MHz,2,0,FreeRTOS (ESP-IDF / Arduino Core),xtensa-esp32-elf-gcc,xtensa-esp32-elf-gcc (Espressif),-O2,mlkem-native,v1.2.0 (2507ff79a0acfec6e94a9a83709b5774491fdbb6),ML-KEM-1024,encapsulation,133,13485000,264924,True,
a1573bf1-398a-4b41-bcfd-2e58b9f77bfc,8f246007-d113-4fb2-a3b9-2ac9fbdeafe4,2026-09-16T11:00:00Z,esp32_xtensa_lx6_arduino,NATIVE_HARDWARE,xtensa_lx6,ESP32 Xtensa Dual-Core 240MHz,2,0,FreeRTOS (ESP-IDF / Arduino Core),xtensa-esp32-elf-gcc,xtensa-esp32-elf-gcc (Espressif),-O2,mlkem-native,v1.2.0 (2507ff79a0acfec6e94a9a83709b5774491fdbb6),ML-KEM-1024,decapsulation,133,16413000,264924,True,
a1573bf1-398a-4b41-bcfd-2e58b9f77bfc,8f246007-d113-4fb2-a3b9-2ac9fbdeafe4,2026-09-16T11:00:00Z,esp32_xtensa_lx6_arduino,NATIVE_HARDWARE,xtensa_lx6,ESP32 Xtensa Dual-Core 240MHz,2,0,FreeRTOS (ESP-IDF / Arduino Core),xtensa-esp32-elf-gcc,xtensa-esp32-elf-gcc (Espressif),-O2,mlkem-native,v1.2.0 (2507ff79a0acfec6e94a9a83709b5774491fdbb6),ML-KEM-1024,keygen,134,11966000,264924,True,
a1573bf1-398a-4b41-bcfd-2e58b9f77bfc,8f246007-d113-4fb2-a3b9-2ac9fbdeafe4,2026-09-16T11:00:00Z,esp32_xtensa_lx6_arduino,NATIVE_HARDWARE,xtensa_lx6,ESP32 Xtensa Dual-Core 240MHz,2,0,FreeRTOS (ESP-IDF / Arduino Core),xtensa-esp32-elf-gcc,xtensa-esp32-elf-gcc (Espressif),-O2,mlkem-native,v1.2.0 (2507ff79a0acfec6e94a9a83709b5774491fdbb6),ML-KEM-1024,encapsulation,134,13487000,264924,True,
a1573bf1-398a-4b41-bcfd-2e58b9f77bfc,8f246007-d113-4fb2-a3b9-2ac9fbdeafe4,2026-09-16T11:00:00Z,esp32_xtensa_lx6_arduino,NATIVE_HARDWARE,xtensa_lx6,ESP32 Xtensa Dual-Core 240MHz,2,0,FreeRTOS (ESP-IDF / Arduino Core),xtensa-esp32-elf-gcc,xtensa-esp32-elf-gcc (Espressif),-O2,mlkem-native,v1.2.0 (2507ff79a0acfec6e94a9a83709b5774491fdbb6),ML-KEM-1024,decapsulation,134,16411000,264924,True,
a1573bf1-398a-4b41-bcfd-2e58b9f77bfc,8f246007-d113-4fb2-a3b9-2ac9fbdeafe4,2026-09-16T11:00:00Z,esp32_xtensa_lx6_arduino,NATIVE_HARDWARE,xtensa_lx6,ESP32 Xtensa Dual-Core 240MHz,2,0,FreeRTOS (ESP-IDF / Arduino Core),xtensa-esp32-elf-gcc,xtensa-esp32-elf-gcc (Espressif),-O2,mlkem-native,v1.2.0 (2507ff79a0acfec6e94a9a83709b5774491fdbb6),ML-KEM-1024,keygen,135,11961000,264924,True,
a1573bf1-398a-4b41-bcfd-2e58b9f77bfc,8f246007-d113-4fb2-a3b9-2ac9fbdeafe4,2026-09-16T11:00:00Z,esp32_xtensa_lx6_arduino,NATIVE_HARDWARE,xtensa_lx6,ESP32 Xtensa Dual-Core 240MHz,2,0,FreeRTOS (ESP-IDF / Arduino Core),xtensa-esp32-elf-gcc,xtensa-esp32-elf-gcc (Espressif),-O2,mlkem-native,v1.2.0 (2507ff79a0acfec6e94a9a83709b5774491fdbb6),ML-KEM-1024,encapsulation,135,13482000,264924,True,
a1573bf1-398a-4b41-bcfd-2e58b9f77bfc,8f246007-d113-4fb2-a3b9-2ac9fbdeafe4,2026-09-16T11:00:00Z,esp32_xtensa_lx6_arduino,NATIVE_HARDWARE,xtensa_lx6,ESP32 Xtensa Dual-Core 240MHz,2,0,FreeRTOS (ESP-IDF / Arduino Core),xtensa-esp32-elf-gcc,xtensa-esp32-elf-gcc (Espressif),-O2,mlkem-native,v1.2.0 (2507ff79a0acfec6e94a9a83709b5774491fdbb6),ML-KEM-1024,decapsulation,135,16406000,264924,True,
a1573bf1-398a-4b41-bcfd-2e58b9f77bfc,8f246007-d113-4fb2-a3b9-2ac9fbdeafe4,2026-09-16T11:00:00Z,esp32_xtensa_lx6_arduino,NATIVE_HARDWARE,xtensa_lx6,ESP32 Xtensa Dual-Core 240MHz,2,0,FreeRTOS (ESP-IDF / Arduino Core),xtensa-esp32-elf-gcc,xtensa-esp32-elf-gcc (Espressif),-O2,mlkem-native,v1.2.0 (2507ff79a0acfec6e94a9a83709b5774491fdbb6),ML-KEM-1024,keygen,136,12332000,264924,True,
a1573bf1-398a-4b41-bcfd-2e58b9f77bfc,8f246007-d113-4fb2-a3b9-2ac9fbdeafe4,2026-09-16T11:00:00Z,esp32_xtensa_lx6_arduino,NATIVE_HARDWARE,xtensa_lx6,ESP32 Xtensa Dual-Core 240MHz,2,0,FreeRTOS (ESP-IDF / Arduino Core),xtensa-esp32-elf-gcc,xtensa-esp32-elf-gcc (Espressif),-O2,mlkem-native,v1.2.0 (2507ff79a0acfec6e94a9a83709b5774491fdbb6),ML-KEM-1024,encapsulation,136,13854000,264924,True,
a1573bf1-398a-4b41-bcfd-2e58b9f77bfc,8f246007-d113-4fb2-a3b9-2ac9fbdeafe4,2026-09-16T11:00:00Z,esp32_xtensa_lx6_arduino,NATIVE_HARDWARE,xtensa_lx6,ESP32 Xtensa Dual-Core 240MHz,2,0,FreeRTOS (ESP-IDF / Arduino Core),xtensa-esp32-elf-gcc,xtensa-esp32-elf-gcc (Espressif),-O2,mlkem-native,v1.2.0 (2507ff79a0acfec6e94a9a83709b5774491fdbb6),ML-KEM-1024,decapsulation,136,16778000,264924,True,
a1573bf1-398a-4b41-bcfd-2e58b9f77bfc,8f246007-d113-4fb2-a3b9-2ac9fbdeafe4,2026-09-16T11:00:00Z,esp32_xtensa_lx6_arduino,NATIVE_HARDWARE,xtensa_lx6,ESP32 Xtensa Dual-Core 240MHz,2,0,FreeRTOS (ESP-IDF / Arduino Core),xtensa-esp32-elf-gcc,xtensa-esp32-elf-gcc (Espressif),-O2,mlkem-native,v1.2.0 (2507ff79a0acfec6e94a9a83709b5774491fdbb6),ML-KEM-1024,keygen,137,11965000,264924,True,
a1573bf1-398a-4b41-bcfd-2e58b9f77bfc,8f246007-d113-4fb2-a3b9-2ac9fbdeafe4,2026-09-16T11:00:00Z,esp32_xtensa_lx6_arduino,NATIVE_HARDWARE,xtensa_lx6,ESP32 Xtensa Dual-Core 240MHz,2,0,FreeRTOS (ESP-IDF / Arduino Core),xtensa-esp32-elf-gcc,xtensa-esp32-elf-gcc (Espressif),-O2,mlkem-native,v1.2.0 (2507ff79a0acfec6e94a9a83709b5774491fdbb6),ML-KEM-1024,encapsulation,137,13482000,264924,True,
a1573bf1-398a-4b41-bcfd-2e58b9f77bfc,8f246007-d113-4fb2-a3b9-2ac9fbdeafe4,2026-09-16T11:00:00Z,esp32_xtensa_lx6_arduino,NATIVE_HARDWARE,xtensa_lx6,ESP32 Xtensa Dual-Core 240MHz,2,0,FreeRTOS (ESP-IDF / Arduino Core),xtensa-esp32-elf-gcc,xtensa-esp32-elf-gcc (Espressif),-O2,mlkem-native,v1.2.0 (2507ff79a0acfec6e94a9a83709b5774491fdbb6),ML-KEM-1024,decapsulation,137,16415000,264924,True,
a1573bf1-398a-4b41-bcfd-2e58b9f77bfc,8f246007-d113-4fb2-a3b9-2ac9fbdeafe4,2026-09-16T11:00:00Z,esp32_xtensa_lx6_arduino,NATIVE_HARDWARE,xtensa_lx6,ESP32 Xtensa Dual-Core 240MHz,2,0,FreeRTOS (ESP-IDF / Arduino Core),xtensa-esp32-elf-gcc,xtensa-esp32-elf-gcc (Espressif),-O2,mlkem-native,v1.2.0 (2507ff79a0acfec6e94a9a83709b5774491fdbb6),ML-KEM-1024,keygen,138,11962000,264924,True,
a1573bf1-398a-4b41-bcfd-2e58b9f77bfc,8f246007-d113-4fb2-a3b9-2ac9fbdeafe4,2026-09-16T11:00:00Z,esp32_xtensa_lx6_arduino,NATIVE_HARDWARE,xtensa_lx6,ESP32 Xtensa Dual-Core 240MHz,2,0,FreeRTOS (ESP-IDF / Arduino Core),xtensa-esp32-elf-gcc,xtensa-esp32-elf-gcc (Espressif),-O2,mlkem-native,v1.2.0 (2507ff79a0acfec6e94a9a83709b5774491fdbb6),ML-KEM-1024,encapsulation,138,13484000,264924,True,
a1573bf1-398a-4b41-bcfd-2e58b9f77bfc,8f246007-d113-4fb2-a3b9-2ac9fbdeafe4,2026-09-16T11:00:00Z,esp32_xtensa_lx6_arduino,NATIVE_HARDWARE,xtensa_lx6,ESP32 Xtensa Dual-Core 240MHz,2,0,FreeRTOS (ESP-IDF / Arduino Core),xtensa-esp32-elf-gcc,xtensa-esp32-elf-gcc (Espressif),-O2,mlkem-native,v1.2.0 (2507ff79a0acfec6e94a9a83709b5774491fdbb6),ML-KEM-1024,decapsulation,138,16413000,264924,True,
a1573bf1-398a-4b41-bcfd-2e58b9f77bfc,8f246007-d113-4fb2-a3b9-2ac9fbdeafe4,2026-09-16T11:00:00Z,esp32_xtensa_lx6_arduino,NATIVE_HARDWARE,xtensa_lx6,ESP32 Xtensa Dual-Core 240MHz,2,0,FreeRTOS (ESP-IDF / Arduino Core),xtensa-esp32-elf-gcc,xtensa-esp32-elf-gcc (Espressif),-O2,mlkem-native,v1.2.0 (2507ff79a0acfec6e94a9a83709b5774491fdbb6),ML-KEM-1024,keygen,139,12334000,264924,True,
a1573bf1-398a-4b41-bcfd-2e58b9f77bfc,8f246007-d113-4fb2-a3b9-2ac9fbdeafe4,2026-09-16T11:00:00Z,esp32_xtensa_lx6_arduino,NATIVE_HARDWARE,xtensa_lx6,ESP32 Xtensa Dual-Core 240MHz,2,0,FreeRTOS (ESP-IDF / Arduino Core),xtensa-esp32-elf-gcc,xtensa-esp32-elf-gcc (Espressif),-O2,mlkem-native,v1.2.0 (2507ff79a0acfec6e94a9a83709b5774491fdbb6),ML-KEM-1024,encapsulation,139,13855000,264924,True,
a1573bf1-398a-4b41-bcfd-2e58b9f77bfc,8f246007-d113-4fb2-a3b9-2ac9fbdeafe4,2026-09-16T11:00:00Z,esp32_xtensa_lx6_arduino,NATIVE_HARDWARE,xtensa_lx6,ESP32 Xtensa Dual-Core 240MHz,2,0,FreeRTOS (ESP-IDF / Arduino Core),xtensa-esp32-elf-gcc,xtensa-esp32-elf-gcc (Espressif),-O2,mlkem-native,v1.2.0 (2507ff79a0acfec6e94a9a83709b5774491fdbb6),ML-KEM-1024,decapsulation,139,16783000,264924,True,
a1573bf1-398a-4b41-bcfd-2e58b9f77bfc,8f246007-d113-4fb2-a3b9-2ac9fbdeafe4,2026-09-16T11:00:00Z,esp32_xtensa_lx6_arduino,NATIVE_HARDWARE,xtensa_lx6,ESP32 Xtensa Dual-Core 240MHz,2,0,FreeRTOS (ESP-IDF / Arduino Core),xtensa-esp32-elf-gcc,xtensa-esp32-elf-gcc (Espressif),-O2,mlkem-native,v1.2.0 (2507ff79a0acfec6e94a9a83709b5774491fdbb6),ML-KEM-1024,keygen,140,12329000,264924,True,
a1573bf1-398a-4b41-bcfd-2e58b9f77bfc,8f246007-d113-4fb2-a3b9-2ac9fbdeafe4,2026-09-16T11:00:00Z,esp32_xtensa_lx6_arduino,NATIVE_HARDWARE,xtensa_lx6,ESP32 Xtensa Dual-Core 240MHz,2,0,FreeRTOS (ESP-IDF / Arduino Core),xtensa-esp32-elf-gcc,xtensa-esp32-elf-gcc (Espressif),-O2,mlkem-native,v1.2.0 (2507ff79a0acfec6e94a9a83709b5774491fdbb6),ML-KEM-1024,encapsulation,140,13851000,264924,True,
a1573bf1-398a-4b41-bcfd-2e58b9f77bfc,8f246007-d113-4fb2-a3b9-2ac9fbdeafe4,2026-09-16T11:00:00Z,esp32_xtensa_lx6_arduino,NATIVE_HARDWARE,xtensa_lx6,ESP32 Xtensa Dual-Core 240MHz,2,0,FreeRTOS (ESP-IDF / Arduino Core),xtensa-esp32-elf-gcc,xtensa-esp32-elf-gcc (Espressif),-O2,mlkem-native,v1.2.0 (2507ff79a0acfec6e94a9a83709b5774491fdbb6),ML-KEM-1024,decapsulation,140,16774000,264924,True,
a1573bf1-398a-4b41-bcfd-2e58b9f77bfc,8f246007-d113-4fb2-a3b9-2ac9fbdeafe4,2026-09-16T11:00:00Z,esp32_xtensa_lx6_arduino,NATIVE_HARDWARE,xtensa_lx6,ESP32 Xtensa Dual-Core 240MHz,2,0,FreeRTOS (ESP-IDF / Arduino Core),xtensa-esp32-elf-gcc,xtensa-esp32-elf-gcc (Espressif),-O2,mlkem-native,v1.2.0 (2507ff79a0acfec6e94a9a83709b5774491fdbb6),ML-KEM-1024,keygen,141,11964000,264924,True,
a1573bf1-398a-4b41-bcfd-2e58b9f77bfc,8f246007-d113-4fb2-a3b9-2ac9fbdeafe4,2026-09-16T11:00:00Z,esp32_xtensa_lx6_arduino,NATIVE_HARDWARE,xtensa_lx6,ESP32 Xtensa Dual-Core 240MHz,2,0,FreeRTOS (ESP-IDF / Arduino Core),xtensa-esp32-elf-gcc,xtensa-esp32-elf-gcc (Espressif),-O2,mlkem-native,v1.2.0 (2507ff79a0acfec6e94a9a83709b5774491fdbb6),ML-KEM-1024,encapsulation,141,13482000,264924,True,
a1573bf1-398a-4b41-bcfd-2e58b9f77bfc,8f246007-d113-4fb2-a3b9-2ac9fbdeafe4,2026-09-16T11:00:00Z,esp32_xtensa_lx6_arduino,NATIVE_HARDWARE,xtensa_lx6,ESP32 Xtensa Dual-Core 240MHz,2,0,FreeRTOS (ESP-IDF / Arduino Core),xtensa-esp32-elf-gcc,xtensa-esp32-elf-gcc (Espressif),-O2,mlkem-native,v1.2.0 (2507ff79a0acfec6e94a9a83709b5774491fdbb6),ML-KEM-1024,decapsulation,141,16414000,264924,True,
a1573bf1-398a-4b41-bcfd-2e58b9f77bfc,8f246007-d113-4fb2-a3b9-2ac9fbdeafe4,2026-09-16T11:00:00Z,esp32_xtensa_lx6_arduino,NATIVE_HARDWARE,xtensa_lx6,ESP32 Xtensa Dual-Core 240MHz,2,0,FreeRTOS (ESP-IDF / Arduino Core),xtensa-esp32-elf-gcc,xtensa-esp32-elf-gcc (Espressif),-O2,mlkem-native,v1.2.0 (2507ff79a0acfec6e94a9a83709b5774491fdbb6),ML-KEM-1024,keygen,142,11963000,264924,True,
a1573bf1-398a-4b41-bcfd-2e58b9f77bfc,8f246007-d113-4fb2-a3b9-2ac9fbdeafe4,2026-09-16T11:00:00Z,esp32_xtensa_lx6_arduino,NATIVE_HARDWARE,xtensa_lx6,ESP32 Xtensa Dual-Core 240MHz,2,0,FreeRTOS (ESP-IDF / Arduino Core),xtensa-esp32-elf-gcc,xtensa-esp32-elf-gcc (Espressif),-O2,mlkem-native,v1.2.0 (2507ff79a0acfec6e94a9a83709b5774491fdbb6),ML-KEM-1024,encapsulation,142,13485000,264924,True,
a1573bf1-398a-4b41-bcfd-2e58b9f77bfc,8f246007-d113-4fb2-a3b9-2ac9fbdeafe4,2026-09-16T11:00:00Z,esp32_xtensa_lx6_arduino,NATIVE_HARDWARE,xtensa_lx6,ESP32 Xtensa Dual-Core 240MHz,2,0,FreeRTOS (ESP-IDF / Arduino Core),xtensa-esp32-elf-gcc,xtensa-esp32-elf-gcc (Espressif),-O2,mlkem-native,v1.2.0 (2507ff79a0acfec6e94a9a83709b5774491fdbb6),ML-KEM-1024,decapsulation,142,16413000,264924,True,
a1573bf1-398a-4b41-bcfd-2e58b9f77bfc,8f246007-d113-4fb2-a3b9-2ac9fbdeafe4,2026-09-16T11:00:00Z,esp32_xtensa_lx6_arduino,NATIVE_HARDWARE,xtensa_lx6,ESP32 Xtensa Dual-Core 240MHz,2,0,FreeRTOS (ESP-IDF / Arduino Core),xtensa-esp32-elf-gcc,xtensa-esp32-elf-gcc (Espressif),-O2,mlkem-native,v1.2.0 (2507ff79a0acfec6e94a9a83709b5774491fdbb6),ML-KEM-1024,keygen,143,11961000,264924,True,
a1573bf1-398a-4b41-bcfd-2e58b9f77bfc,8f246007-d113-4fb2-a3b9-2ac9fbdeafe4,2026-09-16T11:00:00Z,esp32_xtensa_lx6_arduino,NATIVE_HARDWARE,xtensa_lx6,ESP32 Xtensa Dual-Core 240MHz,2,0,FreeRTOS (ESP-IDF / Arduino Core),xtensa-esp32-elf-gcc,xtensa-esp32-elf-gcc (Espressif),-O2,mlkem-native,v1.2.0 (2507ff79a0acfec6e94a9a83709b5774491fdbb6),ML-KEM-1024,encapsulation,143,13483000,264924,True,
a1573bf1-398a-4b41-bcfd-2e58b9f77bfc,8f246007-d113-4fb2-a3b9-2ac9fbdeafe4,2026-09-16T11:00:00Z,esp32_xtensa_lx6_arduino,NATIVE_HARDWARE,xtensa_lx6,ESP32 Xtensa Dual-Core 240MHz,2,0,FreeRTOS (ESP-IDF / Arduino Core),xtensa-esp32-elf-gcc,xtensa-esp32-elf-gcc (Espressif),-O2,mlkem-native,v1.2.0 (2507ff79a0acfec6e94a9a83709b5774491fdbb6),ML-KEM-1024,decapsulation,143,16406000,264924,True,
a1573bf1-398a-4b41-bcfd-2e58b9f77bfc,8f246007-d113-4fb2-a3b9-2ac9fbdeafe4,2026-09-16T11:00:00Z,esp32_xtensa_lx6_arduino,NATIVE_HARDWARE,xtensa_lx6,ESP32 Xtensa Dual-Core 240MHz,2,0,FreeRTOS (ESP-IDF / Arduino Core),xtensa-esp32-elf-gcc,xtensa-esp32-elf-gcc (Espressif),-O2,mlkem-native,v1.2.0 (2507ff79a0acfec6e94a9a83709b5774491fdbb6),ML-KEM-1024,keygen,144,12329000,264924,True,
a1573bf1-398a-4b41-bcfd-2e58b9f77bfc,8f246007-d113-4fb2-a3b9-2ac9fbdeafe4,2026-09-16T11:00:00Z,esp32_xtensa_lx6_arduino,NATIVE_HARDWARE,xtensa_lx6,ESP32 Xtensa Dual-Core 240MHz,2,0,FreeRTOS (ESP-IDF / Arduino Core),xtensa-esp32-elf-gcc,xtensa-esp32-elf-gcc (Espressif),-O2,mlkem-native,v1.2.0 (2507ff79a0acfec6e94a9a83709b5774491fdbb6),ML-KEM-1024,encapsulation,144,13850000,264924,True,
a1573bf1-398a-4b41-bcfd-2e58b9f77bfc,8f246007-d113-4fb2-a3b9-2ac9fbdeafe4,2026-09-16T11:00:00Z,esp32_xtensa_lx6_arduino,NATIVE_HARDWARE,xtensa_lx6,ESP32 Xtensa Dual-Core 240MHz,2,0,FreeRTOS (ESP-IDF / Arduino Core),xtensa-esp32-elf-gcc,xtensa-esp32-elf-gcc (Espressif),-O2,mlkem-native,v1.2.0 (2507ff79a0acfec6e94a9a83709b5774491fdbb6),ML-KEM-1024,decapsulation,144,16779000,264924,True,
a1573bf1-398a-4b41-bcfd-2e58b9f77bfc,8f246007-d113-4fb2-a3b9-2ac9fbdeafe4,2026-09-16T11:00:00Z,esp32_xtensa_lx6_arduino,NATIVE_HARDWARE,xtensa_lx6,ESP32 Xtensa Dual-Core 240MHz,2,0,FreeRTOS (ESP-IDF / Arduino Core),xtensa-esp32-elf-gcc,xtensa-esp32-elf-gcc (Espressif),-O2,mlkem-native,v1.2.0 (2507ff79a0acfec6e94a9a83709b5774491fdbb6),ML-KEM-1024,keygen,145,11960000,264924,True,
a1573bf1-398a-4b41-bcfd-2e58b9f77bfc,8f246007-d113-4fb2-a3b9-2ac9fbdeafe4,2026-09-16T11:00:00Z,esp32_xtensa_lx6_arduino,NATIVE_HARDWARE,xtensa_lx6,ESP32 Xtensa Dual-Core 240MHz,2,0,FreeRTOS (ESP-IDF / Arduino Core),xtensa-esp32-elf-gcc,xtensa-esp32-elf-gcc (Espressif),-O2,mlkem-native,v1.2.0 (2507ff79a0acfec6e94a9a83709b5774491fdbb6),ML-KEM-1024,encapsulation,145,13478000,264924,True,
a1573bf1-398a-4b41-bcfd-2e58b9f77bfc,8f246007-d113-4fb2-a3b9-2ac9fbdeafe4,2026-09-16T11:00:00Z,esp32_xtensa_lx6_arduino,NATIVE_HARDWARE,xtensa_lx6,ESP32 Xtensa Dual-Core 240MHz,2,0,FreeRTOS (ESP-IDF / Arduino Core),xtensa-esp32-elf-gcc,xtensa-esp32-elf-gcc (Espressif),-O2,mlkem-native,v1.2.0 (2507ff79a0acfec6e94a9a83709b5774491fdbb6),ML-KEM-1024,decapsulation,145,16410000,264924,True,
a1573bf1-398a-4b41-bcfd-2e58b9f77bfc,8f246007-d113-4fb2-a3b9-2ac9fbdeafe4,2026-09-16T11:00:00Z,esp32_xtensa_lx6_arduino,NATIVE_HARDWARE,xtensa_lx6,ESP32 Xtensa Dual-Core 240MHz,2,0,FreeRTOS (ESP-IDF / Arduino Core),xtensa-esp32-elf-gcc,xtensa-esp32-elf-gcc (Espressif),-O2,mlkem-native,v1.2.0 (2507ff79a0acfec6e94a9a83709b5774491fdbb6),ML-KEM-1024,keygen,146,11962000,264924,True,
a1573bf1-398a-4b41-bcfd-2e58b9f77bfc,8f246007-d113-4fb2-a3b9-2ac9fbdeafe4,2026-09-16T11:00:00Z,esp32_xtensa_lx6_arduino,NATIVE_HARDWARE,xtensa_lx6,ESP32 Xtensa Dual-Core 240MHz,2,0,FreeRTOS (ESP-IDF / Arduino Core),xtensa-esp32-elf-gcc,xtensa-esp32-elf-gcc (Espressif),-O2,mlkem-native,v1.2.0 (2507ff79a0acfec6e94a9a83709b5774491fdbb6),ML-KEM-1024,encapsulation,146,13480000,264924,True,
a1573bf1-398a-4b41-bcfd-2e58b9f77bfc,8f246007-d113-4fb2-a3b9-2ac9fbdeafe4,2026-09-16T11:00:00Z,esp32_xtensa_lx6_arduino,NATIVE_HARDWARE,xtensa_lx6,ESP32 Xtensa Dual-Core 240MHz,2,0,FreeRTOS (ESP-IDF / Arduino Core),xtensa-esp32-elf-gcc,xtensa-esp32-elf-gcc (Espressif),-O2,mlkem-native,v1.2.0 (2507ff79a0acfec6e94a9a83709b5774491fdbb6),ML-KEM-1024,decapsulation,146,16412000,264924,True,
a1573bf1-398a-4b41-bcfd-2e58b9f77bfc,8f246007-d113-4fb2-a3b9-2ac9fbdeafe4,2026-09-16T11:00:00Z,esp32_xtensa_lx6_arduino,NATIVE_HARDWARE,xtensa_lx6,ESP32 Xtensa Dual-Core 240MHz,2,0,FreeRTOS (ESP-IDF / Arduino Core),xtensa-esp32-elf-gcc,xtensa-esp32-elf-gcc (Espressif),-O2,mlkem-native,v1.2.0 (2507ff79a0acfec6e94a9a83709b5774491fdbb6),ML-KEM-1024,keygen,147,11963000,264924,True,
a1573bf1-398a-4b41-bcfd-2e58b9f77bfc,8f246007-d113-4fb2-a3b9-2ac9fbdeafe4,2026-09-16T11:00:00Z,esp32_xtensa_lx6_arduino,NATIVE_HARDWARE,xtensa_lx6,ESP32 Xtensa Dual-Core 240MHz,2,0,FreeRTOS (ESP-IDF / Arduino Core),xtensa-esp32-elf-gcc,xtensa-esp32-elf-gcc (Espressif),-O2,mlkem-native,v1.2.0 (2507ff79a0acfec6e94a9a83709b5774491fdbb6),ML-KEM-1024,encapsulation,147,13484000,264924,True,
a1573bf1-398a-4b41-bcfd-2e58b9f77bfc,8f246007-d113-4fb2-a3b9-2ac9fbdeafe4,2026-09-16T11:00:00Z,esp32_xtensa_lx6_arduino,NATIVE_HARDWARE,xtensa_lx6,ESP32 Xtensa Dual-Core 240MHz,2,0,FreeRTOS (ESP-IDF / Arduino Core),xtensa-esp32-elf-gcc,xtensa-esp32-elf-gcc (Espressif),-O2,mlkem-native,v1.2.0 (2507ff79a0acfec6e94a9a83709b5774491fdbb6),ML-KEM-1024,decapsulation,147,16412000,264924,True,
a1573bf1-398a-4b41-bcfd-2e58b9f77bfc,8f246007-d113-4fb2-a3b9-2ac9fbdeafe4,2026-09-16T11:00:00Z,esp32_xtensa_lx6_arduino,NATIVE_HARDWARE,xtensa_lx6,ESP32 Xtensa Dual-Core 240MHz,2,0,FreeRTOS (ESP-IDF / Arduino Core),xtensa-esp32-elf-gcc,xtensa-esp32-elf-gcc (Espressif),-O2,mlkem-native,v1.2.0 (2507ff79a0acfec6e94a9a83709b5774491fdbb6),ML-KEM-1024,keygen,148,11962000,264924,True,
a1573bf1-398a-4b41-bcfd-2e58b9f77bfc,8f246007-d113-4fb2-a3b9-2ac9fbdeafe4,2026-09-16T11:00:00Z,esp32_xtensa_lx6_arduino,NATIVE_HARDWARE,xtensa_lx6,ESP32 Xtensa Dual-Core 240MHz,2,0,FreeRTOS (ESP-IDF / Arduino Core),xtensa-esp32-elf-gcc,xtensa-esp32-elf-gcc (Espressif),-O2,mlkem-native,v1.2.0 (2507ff79a0acfec6e94a9a83709b5774491fdbb6),ML-KEM-1024,encapsulation,148,13483000,264924,True,
a1573bf1-398a-4b41-bcfd-2e58b9f77bfc,8f246007-d113-4fb2-a3b9-2ac9fbdeafe4,2026-09-16T11:00:00Z,esp32_xtensa_lx6_arduino,NATIVE_HARDWARE,xtensa_lx6,ESP32 Xtensa Dual-Core 240MHz,2,0,FreeRTOS (ESP-IDF / Arduino Core),xtensa-esp32-elf-gcc,xtensa-esp32-elf-gcc (Espressif),-O2,mlkem-native,v1.2.0 (2507ff79a0acfec6e94a9a83709b5774491fdbb6),ML-KEM-1024,decapsulation,148,16407000,264924,True,
a1573bf1-398a-4b41-bcfd-2e58b9f77bfc,8f246007-d113-4fb2-a3b9-2ac9fbdeafe4,2026-09-16T11:00:00Z,esp32_xtensa_lx6_arduino,NATIVE_HARDWARE,xtensa_lx6,ESP32 Xtensa Dual-Core 240MHz,2,0,FreeRTOS (ESP-IDF / Arduino Core),xtensa-esp32-elf-gcc,xtensa-esp32-elf-gcc (Espressif),-O2,mlkem-native,v1.2.0 (2507ff79a0acfec6e94a9a83709b5774491fdbb6),ML-KEM-1024,keygen,149,11964000,264924,True,
a1573bf1-398a-4b41-bcfd-2e58b9f77bfc,8f246007-d113-4fb2-a3b9-2ac9fbdeafe4,2026-09-16T11:00:00Z,esp32_xtensa_lx6_arduino,NATIVE_HARDWARE,xtensa_lx6,ESP32 Xtensa Dual-Core 240MHz,2,0,FreeRTOS (ESP-IDF / Arduino Core),xtensa-esp32-elf-gcc,xtensa-esp32-elf-gcc (Espressif),-O2,mlkem-native,v1.2.0 (2507ff79a0acfec6e94a9a83709b5774491fdbb6),ML-KEM-1024,encapsulation,149,13482000,264924,True,
a1573bf1-398a-4b41-bcfd-2e58b9f77bfc,8f246007-d113-4fb2-a3b9-2ac9fbdeafe4,2026-09-16T11:00:00Z,esp32_xtensa_lx6_arduino,NATIVE_HARDWARE,xtensa_lx6,ESP32 Xtensa Dual-Core 240MHz,2,0,FreeRTOS (ESP-IDF / Arduino Core),xtensa-esp32-elf-gcc,xtensa-esp32-elf-gcc (Espressif),-O2,mlkem-native,v1.2.0 (2507ff79a0acfec6e94a9a83709b5774491fdbb6),ML-KEM-1024,decapsulation,149,16410000,264924,True,
a1573bf1-398a-4b41-bcfd-2e58b9f77bfc,8f246007-d113-4fb2-a3b9-2ac9fbdeafe4,2026-09-16T11:00:00Z,esp32_xtensa_lx6_arduino,NATIVE_HARDWARE,xtensa_lx6,ESP32 Xtensa Dual-Core 240MHz,2,0,FreeRTOS (ESP-IDF / Arduino Core),xtensa-esp32-elf-gcc,xtensa-esp32-elf-gcc (Espressif),-O2,mlkem-native,v1.2.0 (2507ff79a0acfec6e94a9a83709b5774491fdbb6),ML-KEM-1024,keygen,150,11961000,264924,True,
a1573bf1-398a-4b41-bcfd-2e58b9f77bfc,8f246007-d113-4fb2-a3b9-2ac9fbdeafe4,2026-09-16T11:00:00Z,esp32_xtensa_lx6_arduino,NATIVE_HARDWARE,xtensa_lx6,ESP32 Xtensa Dual-Core 240MHz,2,0,FreeRTOS (ESP-IDF / Arduino Core),xtensa-esp32-elf-gcc,xtensa-esp32-elf-gcc (Espressif),-O2,mlkem-native,v1.2.0 (2507ff79a0acfec6e94a9a83709b5774491fdbb6),ML-KEM-1024,encapsulation,150,13479000,264924,True,
a1573bf1-398a-4b41-bcfd-2e58b9f77bfc,8f246007-d113-4fb2-a3b9-2ac9fbdeafe4,2026-09-16T11:00:00Z,esp32_xtensa_lx6_arduino,NATIVE_HARDWARE,xtensa_lx6,ESP32 Xtensa Dual-Core 240MHz,2,0,FreeRTOS (ESP-IDF / Arduino Core),xtensa-esp32-elf-gcc,xtensa-esp32-elf-gcc (Espressif),-O2,mlkem-native,v1.2.0 (2507ff79a0acfec6e94a9a83709b5774491fdbb6),ML-KEM-1024,decapsulation,150,16407000,264924,True,
a1573bf1-398a-4b41-bcfd-2e58b9f77bfc,8f246007-d113-4fb2-a3b9-2ac9fbdeafe4,2026-09-16T11:00:00Z,esp32_xtensa_lx6_arduino,NATIVE_HARDWARE,xtensa_lx6,ESP32 Xtensa Dual-Core 240MHz,2,0,FreeRTOS (ESP-IDF / Arduino Core),xtensa-esp32-elf-gcc,xtensa-esp32-elf-gcc (Espressif),-O2,mlkem-native,v1.2.0 (2507ff79a0acfec6e94a9a83709b5774491fdbb6),ML-KEM-1024,keygen,151,11967000,264924,True,
a1573bf1-398a-4b41-bcfd-2e58b9f77bfc,8f246007-d113-4fb2-a3b9-2ac9fbdeafe4,2026-09-16T11:00:00Z,esp32_xtensa_lx6_arduino,NATIVE_HARDWARE,xtensa_lx6,ESP32 Xtensa Dual-Core 240MHz,2,0,FreeRTOS (ESP-IDF / Arduino Core),xtensa-esp32-elf-gcc,xtensa-esp32-elf-gcc (Espressif),-O2,mlkem-native,v1.2.0 (2507ff79a0acfec6e94a9a83709b5774491fdbb6),ML-KEM-1024,encapsulation,151,13484000,264924,True,
a1573bf1-398a-4b41-bcfd-2e58b9f77bfc,8f246007-d113-4fb2-a3b9-2ac9fbdeafe4,2026-09-16T11:00:00Z,esp32_xtensa_lx6_arduino,NATIVE_HARDWARE,xtensa_lx6,ESP32 Xtensa Dual-Core 240MHz,2,0,FreeRTOS (ESP-IDF / Arduino Core),xtensa-esp32-elf-gcc,xtensa-esp32-elf-gcc (Espressif),-O2,mlkem-native,v1.2.0 (2507ff79a0acfec6e94a9a83709b5774491fdbb6),ML-KEM-1024,decapsulation,151,16417000,264924,True,
a1573bf1-398a-4b41-bcfd-2e58b9f77bfc,8f246007-d113-4fb2-a3b9-2ac9fbdeafe4,2026-09-16T11:00:00Z,esp32_xtensa_lx6_arduino,NATIVE_HARDWARE,xtensa_lx6,ESP32 Xtensa Dual-Core 240MHz,2,0,FreeRTOS (ESP-IDF / Arduino Core),xtensa-esp32-elf-gcc,xtensa-esp32-elf-gcc (Espressif),-O2,mlkem-native,v1.2.0 (2507ff79a0acfec6e94a9a83709b5774491fdbb6),ML-KEM-1024,keygen,152,11959000,264924,True,
a1573bf1-398a-4b41-bcfd-2e58b9f77bfc,8f246007-d113-4fb2-a3b9-2ac9fbdeafe4,2026-09-16T11:00:00Z,esp32_xtensa_lx6_arduino,NATIVE_HARDWARE,xtensa_lx6,ESP32 Xtensa Dual-Core 240MHz,2,0,FreeRTOS (ESP-IDF / Arduino Core),xtensa-esp32-elf-gcc,xtensa-esp32-elf-gcc (Espressif),-O2,mlkem-native,v1.2.0 (2507ff79a0acfec6e94a9a83709b5774491fdbb6),ML-KEM-1024,encapsulation,152,13481000,264924,True,
a1573bf1-398a-4b41-bcfd-2e58b9f77bfc,8f246007-d113-4fb2-a3b9-2ac9fbdeafe4,2026-09-16T11:00:00Z,esp32_xtensa_lx6_arduino,NATIVE_HARDWARE,xtensa_lx6,ESP32 Xtensa Dual-Core 240MHz,2,0,FreeRTOS (ESP-IDF / Arduino Core),xtensa-esp32-elf-gcc,xtensa-esp32-elf-gcc (Espressif),-O2,mlkem-native,v1.2.0 (2507ff79a0acfec6e94a9a83709b5774491fdbb6),ML-KEM-1024,decapsulation,152,16409000,264924,True,
