experiment_id,run_id,timestamp,environment,measurement_type,architecture,processor,cpu_cores,ram_mb,os,compiler,compiler_version,optimization_flags,implementation,implementation_version,mlkem_variant,operation,iteration,execution_time_ns,memory_bytes,success,error_message
5f5ec8df-4082-4658-a53d-ac5fec1c5efb,4587af35-9557-4b25-b67e-6e44f3a01d2a,2026-09-16T11:00:00Z,esp32_xtensa_lx6_arduino,NATIVE_HARDWARE,xtensa_lx6,ESP32 Xtensa Dual-Core 240MHz,2,0,FreeRTOS (ESP-IDF / Arduino Core),xtensa-esp32-elf-gcc,xtensa-esp32-elf-gcc (Espressif),-O2,mlkem-native,v1.2.0 (2507ff79a0acfec6e94a9a83709b5774491fdbb6),ML-KEM-512,keygen,1,4806000,268028,True,
5f5ec8df-4082-4658-a53d-ac5fec1c5efb,4587af35-9557-4b25-b67e-6e44f3a01d2a,2026-09-16T11:00:00Z,esp32_xtensa_lx6_arduino,NATIVE_HARDWARE,xtensa_lx6,ESP32 Xtensa Dual-Core 240MHz,2,0,FreeRTOS (ESP-IDF / Arduino Core),xtensa-esp32-elf-gcc,xtensa-esp32-elf-gcc (Espressif),-O2,mlkem-native,v1.2.0 (2507ff79a0acfec6e94a9a83709b5774491fdbb6),ML-KEM-512,encapsulation,1,5729000,268028,True,
5f5ec8df-4082-4658-a53d-ac5fec1c5efb,4587af35-9557-4b25-b67e-6e44f3a01d2a,2026-09-16T11:00:00Z,esp32_xtensa_lx6_arduino,NATIVE_HARDWARE,xtensa_lx6,ESP32 Xtensa Dual-Core 240MHz,2,0,FreeRTOS (ESP-IDF / Arduino Core),xtensa-esp32-elf-gcc,xtensa-esp32-elf-gcc (Espressif),-O2,mlkem-native,v1.2.0 (2507ff79a0acfec6e94a9a83709b5774491fdbb6),ML-KEM-512,decapsulation,1,7437000,268028,True,
5f5ec8df-4082-4658-a53d-ac5fec1c5efb,4587af35-9557-4b25-b67e-6e44f3a01d2a,2026-09-16T11:00:00Z,esp32_xtensa_lx6_arduino,NATIVE_HARDWARE,xtensa_lx6,ESP32 Xtensa Dual-Core 240MHz,2,0,FreeRTOS (ESP-IDF / Arduino Core),xtensa-esp32-elf-gcc,xtensa-esp32-elf-gcc (Espressif),-O2,mlkem-native,v1.2.0 (2507ff79a0acfec6e94a9a83709b5774491fdbb6),ML-KEM-512,keygen,2,4810000,268028,True,
5f5ec8df-4082-4658-a53d-ac5fec1c5efb,4587af35-9557-4b25-b67e-6e44f3a01d2a,2026-09-16T11:00:00Z,esp32_xtensa_lx6_arduino,NATIVE_HARDWARE,xtensa_lx6,ESP32 Xtensa Dual-Core 240MHz,2,0,FreeRTOS (ESP-IDF / Arduino Core),xtensa-esp32-elf-gcc,xtensa-esp32-elf-gcc (Espressif),-O2,mlkem-native,v1.2.0 (2507ff79a0acfec6e94a9a83709b5774491fdbb6),ML-KEM-512,encapsulation,2,5728000,268028,True,
5f5ec8df-4082-4658-a53d-ac5fec1c5efb,4587af35-9557-4b25-b67e-6e44f3a01d2a,2026-09-16T11:00:00Z,esp32_xtensa_lx6_arduino,NATIVE_HARDWARE,xtensa_lx6,ESP32 Xtensa Dual-Core 240MHz,2,0,FreeRTOS (ESP-IDF / Arduino Core),xtensa-esp32-elf-gcc,xtensa-esp32-elf-gcc (Espressif),-O2,mlkem-native,v1.2.0 (2507ff79a0acfec6e94a9a83709b5774491fdbb6),ML-KEM-512,decapsulation,2,7436000,268028,True,
5f5ec8df-4082-4658-a53d-ac5fec1c5efb,4587af35-9557-4b25-b67e-6e44f3a01d2a,2026-09-16T11:00:00Z,esp32_xtensa_lx6_arduino,NATIVE_HARDWARE,xtensa_lx6,ESP32 Xtensa Dual-Core 240MHz,2,0,FreeRTOS (ESP-IDF / Arduino Core),xtensa-esp32-elf-gcc,xtensa-esp32-elf-gcc (Espressif),-O2,mlkem-native,v1.2.0 (2507ff79a0acfec6e94a9a83709b5774491fdbb6),ML-KEM-512,keygen,3,4810000,268028,True,
5f5ec8df-4082-4658-a53d-ac5fec1c5efb,4587af35-9557-4b25-b67e-6e44f3a01d2a,2026-09-16T11:00:00Z,esp32_xtensa_lx6_arduino,NATIVE_HARDWARE,xtensa_lx6,ESP32 Xtensa Dual-Core 240MHz,2,0,FreeRTOS (ESP-IDF / Arduino Core),xtensa-esp32-elf-gcc,xtensa-esp32-elf-gcc (Espressif),-O2,mlkem-native,v1.2.0 (2507ff79a0acfec6e94a9a83709b5774491fdbb6),ML-KEM-512,encapsulation,3,5726000,268028,True,
5f5ec8df-4082-4658-a53d-ac5fec1c5efb,4587af35-9557-4b25-b67e-6e44f3a01d2a,2026-09-16T11:00:00Z,esp32_xtensa_lx6_arduino,NATIVE_HARDWARE,xtensa_lx6,ESP32 Xtensa Dual-Core 240MHz,2,0,FreeRTOS (ESP-IDF / Arduino Core),xtensa-esp32-elf-gcc,xtensa-esp32-elf-gcc (Espressif),-O2,mlkem-native,v1.2.0 (2507ff79a0acfec6e94a9a83709b5774491fdbb6),ML-KEM-512,decapsulation,3,7442000,268028,True,
5f5ec8df-4082-4658-a53d-ac5fec1c5efb,4587af35-9557-4b25-b67e-6e44f3a01d2a,2026-09-16T11:00:00Z,esp32_xtensa_lx6_arduino,NATIVE_HARDWARE,xtensa_lx6,ESP32 Xtensa Dual-Core 240MHz,2,0,FreeRTOS (ESP-IDF / Arduino Core),xtensa-esp32-elf-gcc,xtensa-esp32-elf-gcc (Espressif),-O2,mlkem-native,v1.2.0 (2507ff79a0acfec6e94a9a83709b5774491fdbb6),ML-KEM-512,keygen,4,4810000,268028,True,
5f5ec8df-4082-4658-a53d-ac5fec1c5efb,4587af35-9557-4b25-b67e-6e44f3a01d2a,2026-09-16T11:00:00Z,esp32_xtensa_lx6_arduino,NATIVE_HARDWARE,xtensa_lx6,ESP32 Xtensa Dual-Core 240MHz,2,0,FreeRTOS (ESP-IDF / Arduino Core),xtensa-esp32-elf-gcc,xtensa-esp32-elf-gcc (Espressif),-O2,mlkem-native,v1.2.0 (2507ff79a0acfec6e94a9a83709b5774491fdbb6),ML-KEM-512,encapsulation,4,5729000,268028,True,
5f5ec8df-4082-4658-a53d-ac5fec1c5efb,4587af35-9557-4b25-b67e-6e44f3a01d2a,2026-09-16T11:00:00Z,esp32_xtensa_lx6_arduino,NATIVE_HARDWARE,xtensa_lx6,ESP32 Xtensa Dual-Core 240MHz,2,0,FreeRTOS (ESP-IDF / Arduino Core),xtensa-esp32-elf-gcc,xtensa-esp32-elf-gcc (Espressif),-O2,mlkem-native,v1.2.0 (2507ff79a0acfec6e94a9a83709b5774491fdbb6),ML-KEM-512,decapsulation,4,7440000,268028,True,
5f5ec8df-4082-4658-a53d-ac5fec1c5efb,4587af35-9557-4b25-b67e-6e44f3a01d2a,2026-09-16T11:00:00Z,esp32_xtensa_lx6_arduino,NATIVE_HARDWARE,xtensa_lx6,ESP32 Xtensa Dual-Core 240MHz,2,0,FreeRTOS (ESP-IDF / Arduino Core),xtensa-esp32-elf-gcc,xtensa-esp32-elf-gcc (Espressif),-O2,mlkem-native,v1.2.0 (2507ff79a0acfec6e94a9a83709b5774491fdbb6),ML-KEM-512,keygen,5,4808000,268028,True,
5f5ec8df-4082-4658-a53d-ac5fec1c5efb,4587af35-9557-4b25-b67e-6e44f3a01d2a,2026-09-16T11:00:00Z,esp32_xtensa_lx6_arduino,NATIVE_HARDWARE,xtensa_lx6,ESP32 Xtensa Dual-Core 240MHz,2,0,FreeRTOS (ESP-IDF / Arduino Core),xtensa-esp32-elf-gcc,xtensa-esp32-elf-gcc (Espressif),-O2,mlkem-native,v1.2.0 (2507ff79a0acfec6e94a9a83709b5774491fdbb6),ML-KEM-512,encapsulation,5,5731000,268028,True,
5f5ec8df-4082-4658-a53d-ac5fec1c5efb,4587af35-9557-4b25-b67e-6e44f3a01d2a,2026-09-16T11:00:00Z,esp32_xtensa_lx6_arduino,NATIVE_HARDWARE,xtensa_lx6,ESP32 Xtensa Dual-Core 240MHz,2,0,FreeRTOS (ESP-IDF / Arduino Core),xtensa-esp32-elf-gcc,xtensa-esp32-elf-gcc (Espressif),-O2,mlkem-native,v1.2.0 (2507ff79a0acfec6e94a9a83709b5774491fdbb6),ML-KEM-512,decapsulation,5,7438000,268028,True,
5f5ec8df-4082-4658-a53d-ac5fec1c5efb,4587af35-9557-4b25-b67e-6e44f3a01d2a,2026-09-16T11:00:00Z,esp32_xtensa_lx6_arduino,NATIVE_HARDWARE,xtensa_lx6,ESP32 Xtensa Dual-Core 240MHz,2,0,FreeRTOS (ESP-IDF / Arduino Core),xtensa-esp32-elf-gcc,xtensa-esp32-elf-gcc (Espressif),-O2,mlkem-native,v1.2.0 (2507ff79a0acfec6e94a9a83709b5774491fdbb6),ML-KEM-512,keygen,6,4809000,268028,True,
5f5ec8df-4082-4658-a53d-ac5fec1c5efb,4587af35-9557-4b25-b67e-6e44f3a01d2a,2026-09-16T11:00:00Z,esp32_xtensa_lx6_arduino,NATIVE_HARDWARE,xtensa_lx6,ESP32 Xtensa Dual-Core 240MHz,2,0,FreeRTOS (ESP-IDF / Arduino Core),xtensa-esp32-elf-gcc,xtensa-esp32-elf-gcc (Espressif),-O2,mlkem-native,v1.2.0 (2507ff79a0acfec6e94a9a83709b5774491fdbb6),ML-KEM-512,encapsulation,6,5724000,268028,True,
5f5ec8df-4082-4658-a53d-ac5fec1c5efb,4587af35-9557-4b25-b67e-6e44f3a01d2a,2026-09-16T11:00:00Z,esp32_xtensa_lx6_arduino,NATIVE_HARDWARE,xtensa_lx6,ESP32 Xtensa Dual-Core 240MHz,2,0,FreeRTOS (ESP-IDF / Arduino Core),xtensa-esp32-elf-gcc,xtensa-esp32-elf-gcc (Espressif),-O2,mlkem-native,v1.2.0 (2507ff79a0acfec6e94a9a83709b5774491fdbb6),ML-KEM-512,decapsulation,6,7436000,268028,True,
5f5ec8df-4082-4658-a53d-ac5fec1c5efb,4587af35-9557-4b25-b67e-6e44f3a01d2a,2026-09-16T11:00:00Z,esp32_xtensa_lx6_arduino,NATIVE_HARDWARE,xtensa_lx6,ESP32 Xtensa Dual-Core 240MHz,2,0,FreeRTOS (ESP-IDF / Arduino Core),xtensa-esp32-elf-gcc,xtensa-esp32-elf-gcc (Espressif),-O2,mlkem-native,v1.2.0 (2507ff79a0acfec6e94a9a83709b5774491fdbb6),ML-KEM-512,keygen,7,4810000,268028,True,
5f5ec8df-4082-4658-a53d-ac5fec1c5efb,4587af35-9557-4b25-b67e-6e44f3a01d2a,2026-09-16T11:00:00Z,esp32_xtensa_lx6_arduino,NATIVE_HARDWARE,xtensa_lx6,ESP32 Xtensa Dual-Core 240MHz,2,0,FreeRTOS (ESP-IDF / Arduino Core),xtensa-esp32-elf-gcc,xtensa-esp32-elf-gcc (Espressif),-O2,mlkem-native,v1.2.0 (2507ff79a0acfec6e94a9a83709b5774491fdbb6),ML-KEM-512,encapsulation,7,5726000,268028,True,
5f5ec8df-4082-4658-a53d-ac5fec1c5efb,4587af35-9557-4b25-b67e-6e44f3a01d2a,2026-09-16T11:00:00Z,esp32_xtensa_lx6_arduino,NATIVE_HARDWARE,xtensa_lx6,ESP32 Xtensa Dual-Core 240MHz,2,0,FreeRTOS (ESP-IDF / Arduino Core),xtensa-esp32-elf-gcc,xtensa-esp32-elf-gcc (Espressif),-O2,mlkem-native,v1.2.0 (2507ff79a0acfec6e94a9a83709b5774491fdbb6),ML-KEM-512,decapsulation,7,7442000,268028,True,
5f5ec8df-4082-4658-a53d-ac5fec1c5efb,4587af35-9557-4b25-b67e-6e44f3a01d2a,2026-09-16T11:00:00Z,esp32_xtensa_lx6_arduino,NATIVE_HARDWARE,xtensa_lx6,ESP32 Xtensa Dual-Core 240MHz,2,0,FreeRTOS (ESP-IDF / Arduino Core),xtensa-esp32-elf-gcc,xtensa-esp32-elf-gcc (Espressif),-O2,mlkem-native,v1.2.0 (2507ff79a0acfec6e94a9a83709b5774491fdbb6),ML-KEM-512,keygen,8,4809000,268028,True,
5f5ec8df-4082-4658-a53d-ac5fec1c5efb,4587af35-9557-4b25-b67e-6e44f3a01d2a,2026-09-16T11:00:00Z,esp32_xtensa_lx6_arduino,NATIVE_HARDWARE,xtensa_lx6,ESP32 Xtensa Dual-Core 240MHz,2,0,FreeRTOS (ESP-IDF / Arduino Core),xtensa-esp32-elf-gcc,xtensa-esp32-elf-gcc (Espressif),-O2,mlkem-native,v1.2.0 (2507ff79a0acfec6e94a9a83709b5774491fdbb6),ML-KEM-512,encapsulation,8,5728000,268028,True,
5f5ec8df-4082-4658-a53d-ac5fec1c5efb,4587af35-9557-4b25-b67e-6e44f3a01d2a,2026-09-16T11:00:00Z,esp32_xtensa_lx6_arduino,NATIVE_HARDWARE,xtensa_lx6,ESP32 Xtensa Dual-Core 240MHz,2,0,FreeRTOS (ESP-IDF / Arduino Core),xtensa-esp32-elf-gcc,xtensa-esp32-elf-gcc (Espressif),-O2,mlkem-native,v1.2.0 (2507ff79a0acfec6e94a9a83709b5774491fdbb6),ML-KEM-512,decapsulation,8,7435000,268028,True,
5f5ec8df-4082-4658-a53d-ac5fec1c5efb,4587af35-9557-4b25-b67e-6e44f3a01d2a,2026-09-16T11:00:00Z,esp32_xtensa_lx6_arduino,NATIVE_HARDWARE,xtensa_lx6,ESP32 Xtensa Dual-Core 240MHz,2,0,FreeRTOS (ESP-IDF / Arduino Core),xtensa-esp32-elf-gcc,xtensa-esp32-elf-gcc (Espressif),-O2,mlkem-native,v1.2.0 (2507ff79a0acfec6e94a9a83709b5774491fdbb6),ML-KEM-512,keygen,9,4810000,268028,True,
5f5ec8df-4082-4658-a53d-ac5fec1c5efb,4587af35-9557-4b25-b67e-6e44f3a01d2a,2026-09-16T11:00:00Z,esp32_xtensa_lx6_arduino,NATIVE_HARDWARE,xtensa_lx6,ESP32 Xtensa Dual-Core 240MHz,2,0,FreeRTOS (ESP-IDF / Arduino Core),xtensa-esp32-elf-gcc,xtensa-esp32-elf-gcc (Espressif),-O2,mlkem-native,v1.2.0 (2507ff79a0acfec6e94a9a83709b5774491fdbb6),ML-KEM-512,encapsulation,9,5728000,268028,True,
5f5ec8df-4082-4658-a53d-ac5fec1c5efb,4587af35-9557-4b25-b67e-6e44f3a01d2a,2026-09-16T11:00:00Z,esp32_xtensa_lx6_arduino,NATIVE_HARDWARE,xtensa_lx6,ESP32 Xtensa Dual-Core 240MHz,2,0,FreeRTOS (ESP-IDF / Arduino Core),xtensa-esp32-elf-gcc,xtensa-esp32-elf-gcc (Espressif),-O2,mlkem-native,v1.2.0 (2507ff79a0acfec6e94a9a83709b5774491fdbb6),ML-KEM-512,decapsulation,9,7436000,268028,True,
5f5ec8df-4082-4658-a53d-ac5fec1c5efb,4587af35-9557-4b25-b67e-6e44f3a01d2a,2026-09-16T11:00:00Z,esp32_xtensa_lx6_arduino,NATIVE_HARDWARE,xtensa_lx6,ESP32 Xtensa Dual-Core 240MHz,2,0,FreeRTOS (ESP-IDF / Arduino Core),xtensa-esp32-elf-gcc,xtensa-esp32-elf-gcc (Espressif),-O2,mlkem-native,v1.2.0 (2507ff79a0acfec6e94a9a83709b5774491fdbb6),ML-KEM-512,keygen,10,4809000,268028,True,
5f5ec8df-4082-4658-a53d-ac5fec1c5efb,4587af35-9557-4b25-b67e-6e44f3a01d2a,2026-09-16T11:00:00Z,esp32_xtensa_lx6_arduino,NATIVE_HARDWARE,xtensa_lx6,ESP32 Xtensa Dual-Core 240MHz,2,0,FreeRTOS (ESP-IDF / Arduino Core),xtensa-esp32-elf-gcc,xtensa-esp32-elf-gcc (Espressif),-O2,mlkem-native,v1.2.0 (2507ff79a0acfec6e94a9a83709b5774491fdbb6),ML-KEM-512,encapsulation,10,5728000,268028,True,
5f5ec8df-4082-4658-a53d-ac5fec1c5efb,4587af35-9557-4b25-b67e-6e44f3a01d2a,2026-09-16T11:00:00Z,esp32_xtensa_lx6_arduino,NATIVE_HARDWARE,xtensa_lx6,ESP32 Xtensa Dual-Core 240MHz,2,0,FreeRTOS (ESP-IDF / Arduino Core),xtensa-esp32-elf-gcc,xtensa-esp32-elf-gcc (Espressif),-O2,mlkem-native,v1.2.0 (2507ff79a0acfec6e94a9a83709b5774491fdbb6),ML-KEM-512,decapsulation,10,7437000,268028,True,
5f5ec8df-4082-4658-a53d-ac5fec1c5efb,4587af35-9557-4b25-b67e-6e44f3a01d2a,2026-09-16T11:00:00Z,esp32_xtensa_lx6_arduino,NATIVE_HARDWARE,xtensa_lx6,ESP32 Xtensa Dual-Core 240MHz,2,0,FreeRTOS (ESP-IDF / Arduino Core),xtensa-esp32-elf-gcc,xtensa-esp32-elf-gcc (Espressif),-O2,mlkem-native,v1.2.0 (2507ff79a0acfec6e94a9a83709b5774491fdbb6),ML-KEM-512,keygen,11,4809000,268028,True,
5f5ec8df-4082-4658-a53d-ac5fec1c5efb,4587af35-9557-4b25-b67e-6e44f3a01d2a,2026-09-16T11:00:00Z,esp32_xtensa_lx6_arduino,NATIVE_HARDWARE,xtensa_lx6,ESP32 Xtensa Dual-Core 240MHz,2,0,FreeRTOS (ESP-IDF / Arduino Core),xtensa-esp32-elf-gcc,xtensa-esp32-elf-gcc (Espressif),-O2,mlkem-native,v1.2.0 (2507ff79a0acfec6e94a9a83709b5774491fdbb6),ML-KEM-512,encapsulation,11,5724000,268028,True,
5f5ec8df-4082-4658-a53d-ac5fec1c5efb,4587af35-9557-4b25-b67e-6e44f3a01d2a,2026-09-16T11:00:00Z,esp32_xtensa_lx6_arduino,NATIVE_HARDWARE,xtensa_lx6,ESP32 Xtensa Dual-Core 240MHz,2,0,FreeRTOS (ESP-IDF / Arduino Core),xtensa-esp32-elf-gcc,xtensa-esp32-elf-gcc (Espressif),-O2,mlkem-native,v1.2.0 (2507ff79a0acfec6e94a9a83709b5774491fdbb6),ML-KEM-512,decapsulation,11,7440000,268028,True,
5f5ec8df-4082-4658-a53d-ac5fec1c5efb,4587af35-9557-4b25-b67e-6e44f3a01d2a,2026-09-16T11:00:00Z,esp32_xtensa_lx6_arduino,NATIVE_HARDWARE,xtensa_lx6,ESP32 Xtensa Dual-Core 240MHz,2,0,FreeRTOS (ESP-IDF / Arduino Core),xtensa-esp32-elf-gcc,xtensa-esp32-elf-gcc (Espressif),-O2,mlkem-native,v1.2.0 (2507ff79a0acfec6e94a9a83709b5774491fdbb6),ML-KEM-512,keygen,12,4810000,268028,True,
5f5ec8df-4082-4658-a53d-ac5fec1c5efb,4587af35-9557-4b25-b67e-6e44f3a01d2a,2026-09-16T11:00:00Z,esp32_xtensa_lx6_arduino,NATIVE_HARDWARE,xtensa_lx6,ESP32 Xtensa Dual-Core 240MHz,2,0,FreeRTOS (ESP-IDF / Arduino Core),xtensa-esp32-elf-gcc,xtensa-esp32-elf-gcc (Espressif),-O2,mlkem-native,v1.2.0 (2507ff79a0acfec6e94a9a83709b5774491fdbb6),ML-KEM-512,encapsulation,12,5729000,268028,True,
5f5ec8df-4082-4658-a53d-ac5fec1c5efb,4587af35-9557-4b25-b67e-6e44f3a01d2a,2026-09-16T11:00:00Z,esp32_xtensa_lx6_arduino,NATIVE_HARDWARE,xtensa_lx6,ESP32 Xtensa Dual-Core 240MHz,2,0,FreeRTOS (ESP-IDF / Arduino Core),xtensa-esp32-elf-gcc,xtensa-esp32-elf-gcc (Espressif),-O2,mlkem-native,v1.2.0 (2507ff79a0acfec6e94a9a83709b5774491fdbb6),ML-KEM-512,decapsulation,12,7440000,268028,True,
5f5ec8df-4082-4658-a53d-ac5fec1c5efb,4587af35-9557-4b25-b67e-6e44f3a01d2a,2026-09-16T11:00:00Z,esp32_xtensa_lx6_arduino,NATIVE_HARDWARE,xtensa_lx6,ESP32 Xtensa Dual-Core 240MHz,2,0,FreeRTOS (ESP-IDF / Arduino Core),xtensa-esp32-elf-gcc,xtensa-esp32-elf-gcc (Espressif),-O2,mlkem-native,v1.2.0 (2507ff79a0acfec6e94a9a83709b5774491fdbb6),ML-KEM-512,keygen,13,4805000,268028,True,
5f5ec8df-4082-4658-a53d-ac5fec1c5efb,4587af35-9557-4b25-b67e-6e44f3a01d2a,2026-09-16T11:00:00Z,esp32_xtensa_lx6_arduino,NATIVE_HARDWARE,xtensa_lx6,ESP32 Xtensa Dual-Core 240MHz,2,0,FreeRTOS (ESP-IDF / Arduino Core),xtensa-esp32-elf-gcc,xtensa-esp32-elf-gcc (Espressif),-O2,mlkem-native,v1.2.0 (2507ff79a0acfec6e94a9a83709b5774491fdbb6),ML-KEM-512,encapsulation,13,5727000,268028,True,
5f5ec8df-4082-4658-a53d-ac5fec1c5efb,4587af35-9557-4b25-b67e-6e44f3a01d2a,2026-09-16T11:00:00Z,esp32_xtensa_lx6_arduino,NATIVE_HARDWARE,xtensa_lx6,ESP32 Xtensa Dual-Core 240MHz,2,0,FreeRTOS (ESP-IDF / Arduino Core),xtensa-esp32-elf-gcc,xtensa-esp32-elf-gcc (Espressif),-O2,mlkem-native,v1.2.0 (2507ff79a0acfec6e94a9a83709b5774491fdbb6),ML-KEM-512,decapsulation,13,7436000,268028,True,
5f5ec8df-4082-4658-a53d-ac5fec1c5efb,4587af35-9557-4b25-b67e-6e44f3a01d2a,2026-09-16T11:00:00Z,esp32_xtensa_lx6_arduino,NATIVE_HARDWARE,xtensa_lx6,ESP32 Xtensa Dual-Core 240MHz,2,0,FreeRTOS (ESP-IDF / Arduino Core),xtensa-esp32-elf-gcc,xtensa-esp32-elf-gcc (Espressif),-O2,mlkem-native,v1.2.0 (2507ff79a0acfec6e94a9a83709b5774491fdbb6),ML-KEM-512,keygen,14,4810000,268028,True,
5f5ec8df-4082-4658-a53d-ac5fec1c5efb,4587af35-9557-4b25-b67e-6e44f3a01d2a,2026-09-16T11:00:00Z,esp32_xtensa_lx6_arduino,NATIVE_HARDWARE,xtensa_lx6,ESP32 Xtensa Dual-Core 240MHz,2,0,FreeRTOS (ESP-IDF / Arduino Core),xtensa-esp32-elf-gcc,xtensa-esp32-elf-gcc (Espressif),-O2,mlkem-native,v1.2.0 (2507ff79a0acfec6e94a9a83709b5774491fdbb6),ML-KEM-512,encapsulation,14,5724000,268028,True,
5f5ec8df-4082-4658-a53d-ac5fec1c5efb,4587af35-9557-4b25-b67e-6e44f3a01d2a,2026-09-16T11:00:00Z,esp32_xtensa_lx6_arduino,NATIVE_HARDWARE,xtensa_lx6,ESP32 Xtensa Dual-Core 240MHz,2,0,FreeRTOS (ESP-IDF / Arduino Core),xtensa-esp32-elf-gcc,xtensa-esp32-elf-gcc (Espressif),-O2,mlkem-native,v1.2.0 (2507ff79a0acfec6e94a9a83709b5774491fdbb6),ML-KEM-512,decapsulation,14,7436000,268028,True,
5f5ec8df-4082-4658-a53d-ac5fec1c5efb,4587af35-9557-4b25-b67e-6e44f3a01d2a,2026-09-16T11:00:00Z,esp32_xtensa_lx6_arduino,NATIVE_HARDWARE,xtensa_lx6,ESP32 Xtensa Dual-Core 240MHz,2,0,FreeRTOS (ESP-IDF / Arduino Core),xtensa-esp32-elf-gcc,xtensa-esp32-elf-gcc (Espressif),-O2,mlkem-native,v1.2.0 (2507ff79a0acfec6e94a9a83709b5774491fdbb6),ML-KEM-512,keygen,15,4810000,268028,True,
5f5ec8df-4082-4658-a53d-ac5fec1c5efb,4587af35-9557-4b25-b67e-6e44f3a01d2a,2026-09-16T11:00:00Z,esp32_xtensa_lx6_arduino,NATIVE_HARDWARE,xtensa_lx6,ESP32 Xtensa Dual-Core 240MHz,2,0,FreeRTOS (ESP-IDF / Arduino Core),xtensa-esp32-elf-gcc,xtensa-esp32-elf-gcc (Espressif),-O2,mlkem-native,v1.2.0 (2507ff79a0acfec6e94a9a83709b5774491fdbb6),ML-KEM-512,encapsulation,15,5727000,268028,True,
5f5ec8df-4082-4658-a53d-ac5fec1c5efb,4587af35-9557-4b25-b67e-6e44f3a01d2a,2026-09-16T11:00:00Z,esp32_xtensa_lx6_arduino,NATIVE_HARDWARE,xtensa_lx6,ESP32 Xtensa Dual-Core 240MHz,2,0,FreeRTOS (ESP-IDF / Arduino Core),xtensa-esp32-elf-gcc,xtensa-esp32-elf-gcc (Espressif),-O2,mlkem-native,v1.2.0 (2507ff79a0acfec6e94a9a83709b5774491fdbb6),ML-KEM-512,decapsulation,15,7442000,268028,True,
5f5ec8df-4082-4658-a53d-ac5fec1c5efb,4587af35-9557-4b25-b67e-6e44f3a01d2a,2026-09-16T11:00:00Z,esp32_xtensa_lx6_arduino,NATIVE_HARDWARE,xtensa_lx6,ESP32 Xtensa Dual-Core 240MHz,2,0,FreeRTOS (ESP-IDF / Arduino Core),xtensa-esp32-elf-gcc,xtensa-esp32-elf-gcc (Espressif),-O2,mlkem-native,v1.2.0 (2507ff79a0acfec6e94a9a83709b5774491fdbb6),ML-KEM-512,keygen,16,4810000,268028,True,
5f5ec8df-4082-4658-a53d-ac5fec1c5efb,4587af35-9557-4b25-b67e-6e44f3a01d2a,2026-09-16T11:00:00Z,esp32_xtensa_lx6_arduino,NATIVE_HARDWARE,xtensa_lx6,ESP32 Xtensa Dual-Core 240MHz,2,0,FreeRTOS (ESP-IDF / Arduino Core),xtensa-esp32-elf-gcc,xtensa-esp32-elf-gcc (Espressif),-O2,mlkem-native,v1.2.0 (2507ff79a0acfec6e94a9a83709b5774491fdbb6),ML-KEM-512,encapsulation,16,5729000,268028,True,
5f5ec8df-4082-4658-a53d-ac5fec1c5efb,4587af35-9557-4b25-b67e-6e44f3a01d2a,2026-09-16T11:00:00Z,esp32_xtensa_lx6_arduino,NATIVE_HARDWARE,xtensa_lx6,ESP32 Xtensa Dual-Core 240MHz,2,0,FreeRTOS (ESP-IDF / Arduino Core),xtensa-esp32-elf-gcc,xtensa-esp32-elf-gcc (Espressif),-O2,mlkem-native,v1.2.0 (2507ff79a0acfec6e94a9a83709b5774491fdbb6),ML-KEM-512,decapsulation,16,7436000,268028,True,
5f5ec8df-4082-4658-a53d-ac5fec1c5efb,4587af35-9557-4b25-b67e-6e44f3a01d2a,2026-09-16T11:00:00Z,esp32_xtensa_lx6_arduino,NATIVE_HARDWARE,xtensa_lx6,ESP32 Xtensa Dual-Core 240MHz,2,0,FreeRTOS (ESP-IDF / Arduino Core),xtensa-esp32-elf-gcc,xtensa-esp32-elf-gcc (Espressif),-O2,mlkem-native,v1.2.0 (2507ff79a0acfec6e94a9a83709b5774491fdbb6),ML-KEM-512,keygen,17,4810000,268028,True,
5f5ec8df-4082-4658-a53d-ac5fec1c5efb,4587af35-9557-4b25-b67e-6e44f3a01d2a,2026-09-16T11:00:00Z,esp32_xtensa_lx6_arduino,NATIVE_HARDWARE,xtensa_lx6,ESP32 Xtensa Dual-Core 240MHz,2,0,FreeRTOS (ESP-IDF / Arduino Core),xtensa-esp32-elf-gcc,xtensa-esp32-elf-gcc (Espressif),-O2,mlkem-native,v1.2.0 (2507ff79a0acfec6e94a9a83709b5774491fdbb6),ML-KEM-512,encapsulation,17,5729000,268028,True,
5f5ec8df-4082-4658-a53d-ac5fec1c5efb,4587af35-9557-4b25-b67e-6e44f3a01d2a,2026-09-16T11:00:00Z,esp32_xtensa_lx6_arduino,NATIVE_HARDWARE,xtensa_lx6,ESP32 Xtensa Dual-Core 240MHz,2,0,FreeRTOS (ESP-IDF / Arduino Core),xtensa-esp32-elf-gcc,xtensa-esp32-elf-gcc (Espressif),-O2,mlkem-native,v1.2.0 (2507ff79a0acfec6e94a9a83709b5774491fdbb6),ML-KEM-512,decapsulation,17,7437000,268028,True,
5f5ec8df-4082-4658-a53d-ac5fec1c5efb,4587af35-9557-4b25-b67e-6e44f3a01d2a,2026-09-16T11:00:00Z,esp32_xtensa_lx6_arduino,NATIVE_HARDWARE,xtensa_lx6,ESP32 Xtensa Dual-Core 240MHz,2,0,FreeRTOS (ESP-IDF / Arduino Core),xtensa-esp32-elf-gcc,xtensa-esp32-elf-gcc (Espressif),-O2,mlkem-native,v1.2.0 (2507ff79a0acfec6e94a9a83709b5774491fdbb6),ML-KEM-512,keygen,18,4809000,268028,True,
5f5ec8df-4082-4658-a53d-ac5fec1c5efb,4587af35-9557-4b25-b67e-6e44f3a01d2a,2026-09-16T11:00:00Z,esp32_xtensa_lx6_arduino,NATIVE_HARDWARE,xtensa_lx6,ESP32 Xtensa Dual-Core 240MHz,2,0,FreeRTOS (ESP-IDF / Arduino Core),xtensa-esp32-elf-gcc,xtensa-esp32-elf-gcc (Espressif),-O2,mlkem-native,v1.2.0 (2507ff79a0acfec6e94a9a83709b5774491fdbb6),ML-KEM-512,encapsulation,18,5728000,268028,True,
5f5ec8df-4082-4658-a53d-ac5fec1c5efb,4587af35-9557-4b25-b67e-6e44f3a01d2a,2026-09-16T11:00:00Z,esp32_xtensa_lx6_arduino,NATIVE_HARDWARE,xtensa_lx6,ESP32 Xtensa Dual-Core 240MHz,2,0,FreeRTOS (ESP-IDF / Arduino Core),xtensa-esp32-elf-gcc,xtensa-esp32-elf-gcc (Espressif),-O2,mlkem-native,v1.2.0 (2507ff79a0acfec6e94a9a83709b5774491fdbb6),ML-KEM-512,decapsulation,18,7436000,268028,True,
5f5ec8df-4082-4658-a53d-ac5fec1c5efb,4587af35-9557-4b25-b67e-6e44f3a01d2a,2026-09-16T11:00:00Z,esp32_xtensa_lx6_arduino,NATIVE_HARDWARE,xtensa_lx6,ESP32 Xtensa Dual-Core 240MHz,2,0,FreeRTOS (ESP-IDF / Arduino Core),xtensa-esp32-elf-gcc,xtensa-esp32-elf-gcc (Espressif),-O2,mlkem-native,v1.2.0 (2507ff79a0acfec6e94a9a83709b5774491fdbb6),ML-KEM-512,keygen,19,4809000,268028,True,
5f5ec8df-4082-4658-a53d-ac5fec1c5efb,4587af35-9557-4b25-b67e-6e44f3a01d2a,2026-09-16T11:00:00Z,esp32_xtensa_lx6_arduino,NATIVE_HARDWARE,xtensa_lx6,ESP32 Xtensa Dual-Core 240MHz,2,0,FreeRTOS (ESP-IDF / Arduino Core),xtensa-esp32-elf-gcc,xtensa-esp32-elf-gcc (Espressif),-O2,mlkem-native,v1.2.0 (2507ff79a0acfec6e94a9a83709b5774491fdbb6),ML-KEM-512,encapsulation,19,5725000,268028,True,
5f5ec8df-4082-4658-a53d-ac5fec1c5efb,4587af35-9557-4b25-b67e-6e44f3a01d2a,2026-09-16T11:00:00Z,esp32_xtensa_lx6_arduino,NATIVE_HARDWARE,xtensa_lx6,ESP32 Xtensa Dual-Core 240MHz,2,0,FreeRTOS (ESP-IDF / Arduino Core),xtensa-esp32-elf-gcc,xtensa-esp32-elf-gcc (Espressif),-O2,mlkem-native,v1.2.0 (2507ff79a0acfec6e94a9a83709b5774491fdbb6),ML-KEM-512,decapsulation,19,7441000,268028,True,
5f5ec8df-4082-4658-a53d-ac5fec1c5efb,4587af35-9557-4b25-b67e-6e44f3a01d2a,2026-09-16T11:00:00Z,esp32_xtensa_lx6_arduino,NATIVE_HARDWARE,xtensa_lx6,ESP32 Xtensa Dual-Core 240MHz,2,0,FreeRTOS (ESP-IDF / Arduino Core),xtensa-esp32-elf-gcc,xtensa-esp32-elf-gcc (Espressif),-O2,mlkem-native,v1.2.0 (2507ff79a0acfec6e94a9a83709b5774491fdbb6),ML-KEM-512,keygen,20,4810000,268028,True,
5f5ec8df-4082-4658-a53d-ac5fec1c5efb,4587af35-9557-4b25-b67e-6e44f3a01d2a,2026-09-16T11:00:00Z,esp32_xtensa_lx6_arduino,NATIVE_HARDWARE,xtensa_lx6,ESP32 Xtensa Dual-Core 240MHz,2,0,FreeRTOS (ESP-IDF / Arduino Core),xtensa-esp32-elf-gcc,xtensa-esp32-elf-gcc (Espressif),-O2,mlkem-native,v1.2.0 (2507ff79a0acfec6e94a9a83709b5774491fdbb6),ML-KEM-512,encapsulation,20,5729000,268028,True,
5f5ec8df-4082-4658-a53d-ac5fec1c5efb,4587af35-9557-4b25-b67e-6e44f3a01d2a,2026-09-16T11:00:00Z,esp32_xtensa_lx6_arduino,NATIVE_HARDWARE,xtensa_lx6,ESP32 Xtensa Dual-Core 240MHz,2,0,FreeRTOS (ESP-IDF / Arduino Core),xtensa-esp32-elf-gcc,xtensa-esp32-elf-gcc (Espressif),-O2,mlkem-native,v1.2.0 (2507ff79a0acfec6e94a9a83709b5774491fdbb6),ML-KEM-512,decapsulation,20,7441000,268028,True,
5f5ec8df-4082-4658-a53d-ac5fec1c5efb,4587af35-9557-4b25-b67e-6e44f3a01d2a,2026-09-16T11:00:00Z,esp32_xtensa_lx6_arduino,NATIVE_HARDWARE,xtensa_lx6,ESP32 Xtensa Dual-Core 240MHz,2,0,FreeRTOS (ESP-IDF / Arduino Core),xtensa-esp32-elf-gcc,xtensa-esp32-elf-gcc (Espressif),-O2,mlkem-native,v1.2.0 (2507ff79a0acfec6e94a9a83709b5774491fdbb6),ML-KEM-512,keygen,21,4806000,268028,True,
5f5ec8df-4082-4658-a53d-ac5fec1c5efb,4587af35-9557-4b25-b67e-6e44f3a01d2a,2026-09-16T11:00:00Z,esp32_xtensa_lx6_arduino,NATIVE_HARDWARE,xtensa_lx6,ESP32 Xtensa Dual-Core 240MHz,2,0,FreeRTOS (ESP-IDF / Arduino Core),xtensa-esp32-elf-gcc,xtensa-esp32-elf-gcc (Espressif),-O2,mlkem-native,v1.2.0 (2507ff79a0acfec6e94a9a83709b5774491fdbb6),ML-KEM-512,encapsulation,21,5728000,268028,True,
5f5ec8df-4082-4658-a53d-ac5fec1c5efb,4587af35-9557-4b25-b67e-6e44f3a01d2a,2026-09-16T11:00:00Z,esp32_xtensa_lx6_arduino,NATIVE_HARDWARE,xtensa_lx6,ESP32 Xtensa Dual-Core 240MHz,2,0,FreeRTOS (ESP-IDF / Arduino Core),xtensa-esp32-elf-gcc,xtensa-esp32-elf-gcc (Espressif),-O2,mlkem-native,v1.2.0 (2507ff79a0acfec6e94a9a83709b5774491fdbb6),ML-KEM-512,decapsulation,21,7437000,268028,True,
5f5ec8df-4082-4658-a53d-ac5fec1c5efb,4587af35-9557-4b25-b67e-6e44f3a01d2a,2026-09-16T11:00:00Z,esp32_xtensa_lx6_arduino,NATIVE_HARDWARE,xtensa_lx6,ESP32 Xtensa Dual-Core 240MHz,2,0,FreeRTOS (ESP-IDF / Arduino Core),xtensa-esp32-elf-gcc,xtensa-esp32-elf-gcc (Espressif),-O2,mlkem-native,v1.2.0 (2507ff79a0acfec6e94a9a83709b5774491fdbb6),ML-KEM-512,keygen,22,4812000,268028,True,
5f5ec8df-4082-4658-a53d-ac5fec1c5efb,4587af35-9557-4b25-b67e-6e44f3a01d2a,2026-09-16T11:00:00Z,esp32_xtensa_lx6_arduino,NATIVE_HARDWARE,xtensa_lx6,ESP32 Xtensa Dual-Core 240MHz,2,0,FreeRTOS (ESP-IDF / Arduino Core),xtensa-esp32-elf-gcc,xtensa-esp32-elf-gcc (Espressif),-O2,mlkem-native,v1.2.0 (2507ff79a0acfec6e94a9a83709b5774491fdbb6),ML-KEM-512,encapsulation,22,5727000,268028,True,
5f5ec8df-4082-4658-a53d-ac5fec1c5efb,4587af35-9557-4b25-b67e-6e44f3a01d2a,2026-09-16T11:00:00Z,esp32_xtensa_lx6_arduino,NATIVE_HARDWARE,xtensa_lx6,ESP32 Xtensa Dual-Core 240MHz,2,0,FreeRTOS (ESP-IDF / Arduino Core),xtensa-esp32-elf-gcc,xtensa-esp32-elf-gcc (Espressif),-O2,mlkem-native,v1.2.0 (2507ff79a0acfec6e94a9a83709b5774491fdbb6),ML-KEM-512,decapsulation,22,7438000,268028,True,
5f5ec8df-4082-4658-a53d-ac5fec1c5efb,4587af35-9557-4b25-b67e-6e44f3a01d2a,2026-09-16T11:00:00Z,esp32_xtensa_lx6_arduino,NATIVE_HARDWARE,xtensa_lx6,ESP32 Xtensa Dual-Core 240MHz,2,0,FreeRTOS (ESP-IDF / Arduino Core),xtensa-esp32-elf-gcc,xtensa-esp32-elf-gcc (Espressif),-O2,mlkem-native,v1.2.0 (2507ff79a0acfec6e94a9a83709b5774491fdbb6),ML-KEM-512,keygen,23,4809000,268028,True,
5f5ec8df-4082-4658-a53d-ac5fec1c5efb,4587af35-9557-4b25-b67e-6e44f3a01d2a,2026-09-16T11:00:00Z,esp32_xtensa_lx6_arduino,NATIVE_HARDWARE,xtensa_lx6,ESP32 Xtensa Dual-Core 240MHz,2,0,FreeRTOS (ESP-IDF / Arduino Core),xtensa-esp32-elf-gcc,xtensa-esp32-elf-gcc (Espressif),-O2,mlkem-native,v1.2.0 (2507ff79a0acfec6e94a9a83709b5774491fdbb6),ML-KEM-512,encapsulation,23,5725000,268028,True,
5f5ec8df-4082-4658-a53d-ac5fec1c5efb,4587af35-9557-4b25-b67e-6e44f3a01d2a,2026-09-16T11:00:00Z,esp32_xtensa_lx6_arduino,NATIVE_HARDWARE,xtensa_lx6,ESP32 Xtensa Dual-Core 240MHz,2,0,FreeRTOS (ESP-IDF / Arduino Core),xtensa-esp32-elf-gcc,xtensa-esp32-elf-gcc (Espressif),-O2,mlkem-native,v1.2.0 (2507ff79a0acfec6e94a9a83709b5774491fdbb6),ML-KEM-512,decapsulation,23,7441000,268028,True,
5f5ec8df-4082-4658-a53d-ac5fec1c5efb,4587af35-9557-4b25-b67e-6e44f3a01d2a,2026-09-16T11:00:00Z,esp32_xtensa_lx6_arduino,NATIVE_HARDWARE,xtensa_lx6,ESP32 Xtensa Dual-Core 240MHz,2,0,FreeRTOS (ESP-IDF / Arduino Core),xtensa-esp32-elf-gcc,xtensa-esp32-elf-gcc (Espressif),-O2,mlkem-native,v1.2.0 (2507ff79a0acfec6e94a9a83709b5774491fdbb6),ML-KEM-512,keygen,24,4811000,268028,True,
5f5ec8df-4082-4658-a53d-ac5fec1c5efb,4587af35-9557-4b25-b67e-6e44f3a01d2a,2026-09-16T11:00:00Z,esp32_xtensa_lx6_arduino,NATIVE_HARDWARE,xtensa_lx6,ESP32 Xtensa Dual-Core 240MHz,2,0,FreeRTOS (ESP-IDF / Arduino Core),xtensa-esp32-elf-gcc,xtensa-esp32-elf-gcc (Espressif),-O2,mlkem-native,v1.2.0 (2507ff79a0acfec6e94a9a83709b5774491fdbb6),ML-KEM-512,encapsulation,24,5730000,268028,True,
5f5ec8df-4082-4658-a53d-ac5fec1c5efb,4587af35-9557-4b25-b67e-6e44f3a01d2a,2026-09-16T11:00:00Z,esp32_xtensa_lx6_arduino,NATIVE_HARDWARE,xtensa_lx6,ESP32 Xtensa Dual-Core 240MHz,2,0,FreeRTOS (ESP-IDF / Arduino Core),xtensa-esp32-elf-gcc,xtensa-esp32-elf-gcc (Espressif),-O2,mlkem-native,v1.2.0 (2507ff79a0acfec6e94a9a83709b5774491fdbb6),ML-KEM-512,decapsulation,24,7438000,268028,True,
5f5ec8df-4082-4658-a53d-ac5fec1c5efb,4587af35-9557-4b25-b67e-6e44f3a01d2a,2026-09-16T11:00:00Z,esp32_xtensa_lx6_arduino,NATIVE_HARDWARE,xtensa_lx6,ESP32 Xtensa Dual-Core 240MHz,2,0,FreeRTOS (ESP-IDF / Arduino Core),xtensa-esp32-elf-gcc,xtensa-esp32-elf-gcc (Espressif),-O2,mlkem-native,v1.2.0 (2507ff79a0acfec6e94a9a83709b5774491fdbb6),ML-KEM-512,keygen,25,4811000,268028,True,
5f5ec8df-4082-4658-a53d-ac5fec1c5efb,4587af35-9557-4b25-b67e-6e44f3a01d2a,2026-09-16T11:00:00Z,esp32_xtensa_lx6_arduino,NATIVE_HARDWARE,xtensa_lx6,ESP32 Xtensa Dual-Core 240MHz,2,0,FreeRTOS (ESP-IDF / Arduino Core),xtensa-esp32-elf-gcc,xtensa-esp32-elf-gcc (Espressif),-O2,mlkem-native,v1.2.0 (2507ff79a0acfec6e94a9a83709b5774491fdbb6),ML-KEM-512,encapsulation,25,5730000,268028,True,
5f5ec8df-4082-4658-a53d-ac5fec1c5efb,4587af35-9557-4b25-b67e-6e44f3a01d2a,2026-09-16T11:00:00Z,esp32_xtensa_lx6_arduino,NATIVE_HARDWARE,xtensa_lx6,ESP32 Xtensa Dual-Core 240MHz,2,0,FreeRTOS (ESP-IDF / Arduino Core),xtensa-esp32-elf-gcc,xtensa-esp32-elf-gcc (Espressif),-O2,mlkem-native,v1.2.0 (2507ff79a0acfec6e94a9a83709b5774491fdbb6),ML-KEM-512,decapsulation,25,7438000,268028,True,
5f5ec8df-4082-4658-a53d-ac5fec1c5efb,4587af35-9557-4b25-b67e-6e44f3a01d2a,2026-09-16T11:00:00Z,esp32_xtensa_lx6_arduino,NATIVE_HARDWARE,xtensa_lx6,ESP32 Xtensa Dual-Core 240MHz,2,0,FreeRTOS (ESP-IDF / Arduino Core),xtensa-esp32-elf-gcc,xtensa-esp32-elf-gcc (Espressif),-O2,mlkem-native,v1.2.0 (2507ff79a0acfec6e94a9a83709b5774491fdbb6),ML-KEM-512,keygen,26,4810000,268028,True,
5f5ec8df-4082-4658-a53d-ac5fec1c5efb,4587af35-9557-4b25-b67e-6e44f3a01d2a,2026-09-16T11:00:00Z,esp32_xtensa_lx6_arduino,NATIVE_HARDWARE,xtensa_lx6,ESP32 Xtensa Dual-Core 240MHz,2,0,FreeRTOS (ESP-IDF / Arduino Core),xtensa-esp32-elf-gcc,xtensa-esp32-elf-gcc (Espressif),-O2,mlkem-native,v1.2.0 (2507ff79a0acfec6e94a9a83709b5774491fdbb6),ML-KEM-512,encapsulation,26,5725000,268028,True,
5f5ec8df-4082-4658-a53d-ac5fec1c5efb,4587af35-9557-4b25-b67e-6e44f3a01d2a,2026-09-16T11:00:00Z,esp32_xtensa_lx6_arduino,NATIVE_HARDWARE,xtensa_lx6,ESP32 Xtensa Dual-Core 240MHz,2,0,FreeRTOS (ESP-IDF / Arduino Core),xtensa-esp32-elf-gcc,xtensa-esp32-elf-gcc (Espressif),-O2,mlkem-native,v1.2.0 (2507ff79a0acfec6e94a9a83709b5774491fdbb6),ML-KEM-512,decapsulation,26,7437000,268028,True,
5f5ec8df-4082-4658-a53d-ac5fec1c5efb,4587af35-9557-4b25-b67e-6e44f3a01d2a,2026-09-16T11:00:00Z,esp32_xtensa_lx6_arduino,NATIVE_HARDWARE,xtensa_lx6,ESP32 Xtensa Dual-Core 240MHz,2,0,FreeRTOS (ESP-IDF / Arduino Core),xtensa-esp32-elf-gcc,xtensa-esp32-elf-gcc (Espressif),-O2,mlkem-native,v1.2.0 (2507ff79a0acfec6e94a9a83709b5774491fdbb6),ML-KEM-512,keygen,27,4810000,268028,True,
5f5ec8df-4082-4658-a53d-ac5fec1c5efb,4587af35-9557-4b25-b67e-6e44f3a01d2a,2026-09-16T11:00:00Z,esp32_xtensa_lx6_arduino,NATIVE_HARDWARE,xtensa_lx6,ESP32 Xtensa Dual-Core 240MHz,2,0,FreeRTOS (ESP-IDF / Arduino Core),xtensa-esp32-elf-gcc,xtensa-esp32-elf-gcc (Espressif),-O2,mlkem-native,v1.2.0 (2507ff79a0acfec6e94a9a83709b5774491fdbb6),ML-KEM-512,encapsulation,27,5725000,268028,True,
5f5ec8df-4082-4658-a53d-ac5fec1c5efb,4587af35-9557-4b25-b67e-6e44f3a01d2a,2026-09-16T11:00:00Z,esp32_xtensa_lx6_arduino,NATIVE_HARDWARE,xtensa_lx6,ESP32 Xtensa Dual-Core 240MHz,2,0,FreeRTOS (ESP-IDF / Arduino Core),xtensa-esp32-elf-gcc,xtensa-esp32-elf-gcc (Espressif),-O2,mlkem-native,v1.2.0 (2507ff79a0acfec6e94a9a83709b5774491fdbb6),ML-KEM-512,decapsulation,27,7441000,268028,True,
5f5ec8df-4082-4658-a53d-ac5fec1c5efb,4587af35-9557-4b25-b67e-6e44f3a01d2a,2026-09-16T11:00:00Z,esp32_xtensa_lx6_arduino,NATIVE_HARDWARE,xtensa_lx6,ESP32 Xtensa Dual-Core 240MHz,2,0,FreeRTOS (ESP-IDF / Arduino Core),xtensa-esp32-elf-gcc,xtensa-esp32-elf-gcc (Espressif),-O2,mlkem-native,v1.2.0 (2507ff79a0acfec6e94a9a83709b5774491fdbb6),ML-KEM-512,keygen,28,4811000,268028,True,
5f5ec8df-4082-4658-a53d-ac5fec1c5efb,4587af35-9557-4b25-b67e-6e44f3a01d2a,2026-09-16T11:00:00Z,esp32_xtensa_lx6_arduino,NATIVE_HARDWARE,xtensa_lx6,ESP32 Xtensa Dual-Core 240MHz,2,0,FreeRTOS (ESP-IDF / Arduino Core),xtensa-esp32-elf-gcc,xtensa-esp32-elf-gcc (Espressif),-O2,mlkem-native,v1.2.0 (2507ff79a0acfec6e94a9a83709b5774491fdbb6),ML-KEM-512,encapsulation,28,5730000,268028,True,
5f5ec8df-4082-4658-a53d-ac5fec1c5efb,4587af35-9557-4b25-b67e-6e44f3a01d2a,2026-09-16T11:00:00Z,esp32_xtensa_lx6_arduino,NATIVE_HARDWARE,xtensa_lx6,ESP32 Xtensa Dual-Core 240MHz,2,0,FreeRTOS (ESP-IDF / Arduino Core),xtensa-esp32-elf-gcc,xtensa-esp32-elf-gcc (Espressif),-O2,mlkem-native,v1.2.0 (2507ff79a0acfec6e94a9a83709b5774491fdbb6),ML-KEM-512,decapsulation,28,7442000,268028,True,
5f5ec8df-4082-4658-a53d-ac5fec1c5efb,4587af35-9557-4b25-b67e-6e44f3a01d2a,2026-09-16T11:00:00Z,esp32_xtensa_lx6_arduino,NATIVE_HARDWARE,xtensa_lx6,ESP32 Xtensa Dual-Core 240MHz,2,0,FreeRTOS (ESP-IDF / Arduino Core),xtensa-esp32-elf-gcc,xtensa-esp32-elf-gcc (Espressif),-O2,mlkem-native,v1.2.0 (2507ff79a0acfec6e94a9a83709b5774491fdbb6),ML-KEM-512,keygen,29,4808000,268028,True,
5f5ec8df-4082-4658-a53d-ac5fec1c5efb,4587af35-9557-4b25-b67e-6e44f3a01d2a,2026-09-16T11:00:00Z,esp32_xtensa_lx6_arduino,NATIVE_HARDWARE,xtensa_lx6,ESP32 Xtensa Dual-Core 240MHz,2,0,FreeRTOS (ESP-IDF / Arduino Core),xtensa-esp32-elf-gcc,xtensa-esp32-elf-gcc (Espressif),-O2,mlkem-native,v1.2.0 (2507ff79a0acfec6e94a9a83709b5774491fdbb6),ML-KEM-512,encapsulation,29,5731000,268028,True,
5f5ec8df-4082-4658-a53d-ac5fec1c5efb,4587af35-9557-4b25-b67e-6e44f3a01d2a,2026-09-16T11:00:00Z,esp32_xtensa_lx6_arduino,NATIVE_HARDWARE,xtensa_lx6,ESP32 Xtensa Dual-Core 240MHz,2,0,FreeRTOS (ESP-IDF / Arduino Core),xtensa-esp32-elf-gcc,xtensa-esp32-elf-gcc (Espressif),-O2,mlkem-native,v1.2.0 (2507ff79a0acfec6e94a9a83709b5774491fdbb6),ML-KEM-512,decapsulation,29,7438000,268028,True,
5f5ec8df-4082-4658-a53d-ac5fec1c5efb,4587af35-9557-4b25-b67e-6e44f3a01d2a,2026-09-16T11:00:00Z,esp32_xtensa_lx6_arduino,NATIVE_HARDWARE,xtensa_lx6,ESP32 Xtensa Dual-Core 240MHz,2,0,FreeRTOS (ESP-IDF / Arduino Core),xtensa-esp32-elf-gcc,xtensa-esp32-elf-gcc (Espressif),-O2,mlkem-native,v1.2.0 (2507ff79a0acfec6e94a9a83709b5774491fdbb6),ML-KEM-512,keygen,30,4811000,268028,True,
5f5ec8df-4082-4658-a53d-ac5fec1c5efb,4587af35-9557-4b25-b67e-6e44f3a01d2a,2026-09-16T11:00:00Z,esp32_xtensa_lx6_arduino,NATIVE_HARDWARE,xtensa_lx6,ESP32 Xtensa Dual-Core 240MHz,2,0,FreeRTOS (ESP-IDF / Arduino Core),xtensa-esp32-elf-gcc,xtensa-esp32-elf-gcc (Espressif),-O2,mlkem-native,v1.2.0 (2507ff79a0acfec6e94a9a83709b5774491fdbb6),ML-KEM-512,encapsulation,30,5726000,268028,True,
5f5ec8df-4082-4658-a53d-ac5fec1c5efb,4587af35-9557-4b25-b67e-6e44f3a01d2a,2026-09-16T11:00:00Z,esp32_xtensa_lx6_arduino,NATIVE_HARDWARE,xtensa_lx6,ESP32 Xtensa Dual-Core 240MHz,2,0,FreeRTOS (ESP-IDF / Arduino Core),xtensa-esp32-elf-gcc,xtensa-esp32-elf-gcc (Espressif),-O2,mlkem-native,v1.2.0 (2507ff79a0acfec6e94a9a83709b5774491fdbb6),ML-KEM-512,decapsulation,30,7437000,268028,True,
5f5ec8df-4082-4658-a53d-ac5fec1c5efb,4587af35-9557-4b25-b67e-6e44f3a01d2a,2026-09-16T11:00:00Z,esp32_xtensa_lx6_arduino,NATIVE_HARDWARE,xtensa_lx6,ESP32 Xtensa Dual-Core 240MHz,2,0,FreeRTOS (ESP-IDF / Arduino Core),xtensa-esp32-elf-gcc,xtensa-esp32-elf-gcc (Espressif),-O2,mlkem-native,v1.2.0 (2507ff79a0acfec6e94a9a83709b5774491fdbb6),ML-KEM-512,keygen,31,4809000,268028,True,
5f5ec8df-4082-4658-a53d-ac5fec1c5efb,4587af35-9557-4b25-b67e-6e44f3a01d2a,2026-09-16T11:00:00Z,esp32_xtensa_lx6_arduino,NATIVE_HARDWARE,xtensa_lx6,ESP32 Xtensa Dual-Core 240MHz,2,0,FreeRTOS (ESP-IDF / Arduino Core),xtensa-esp32-elf-gcc,xtensa-esp32-elf-gcc (Espressif),-O2,mlkem-native,v1.2.0 (2507ff79a0acfec6e94a9a83709b5774491fdbb6),ML-KEM-512,encapsulation,31,5729000,268028,True,
5f5ec8df-4082-4658-a53d-ac5fec1c5efb,4587af35-9557-4b25-b67e-6e44f3a01d2a,2026-09-16T11:00:00Z,esp32_xtensa_lx6_arduino,NATIVE_HARDWARE,xtensa_lx6,ESP32 Xtensa Dual-Core 240MHz,2,0,FreeRTOS (ESP-IDF / Arduino Core),xtensa-esp32-elf-gcc,xtensa-esp32-elf-gcc (Espressif),-O2,mlkem-native,v1.2.0 (2507ff79a0acfec6e94a9a83709b5774491fdbb6),ML-KEM-512,decapsulation,31,7440000,268028,True,
5f5ec8df-4082-4658-a53d-ac5fec1c5efb,4587af35-9557-4b25-b67e-6e44f3a01d2a,2026-09-16T11:00:00Z,esp32_xtensa_lx6_arduino,NATIVE_HARDWARE,xtensa_lx6,ESP32 Xtensa Dual-Core 240MHz,2,0,FreeRTOS (ESP-IDF / Arduino Core),xtensa-esp32-elf-gcc,xtensa-esp32-elf-gcc (Espressif),-O2,mlkem-native,v1.2.0 (2507ff79a0acfec6e94a9a83709b5774491fdbb6),ML-KEM-512,keygen,32,4807000,268028,True,
5f5ec8df-4082-4658-a53d-ac5fec1c5efb,4587af35-9557-4b25-b67e-6e44f3a01d2a,2026-09-16T11:00:00Z,esp32_xtensa_lx6_arduino,NATIVE_HARDWARE,xtensa_lx6,ESP32 Xtensa Dual-Core 240MHz,2,0,FreeRTOS (ESP-IDF / Arduino Core),xtensa-esp32-elf-gcc,xtensa-esp32-elf-gcc (Espressif),-O2,mlkem-native,v1.2.0 (2507ff79a0acfec6e94a9a83709b5774491fdbb6),ML-KEM-512,encapsulation,32,5730000,268028,True,
5f5ec8df-4082-4658-a53d-ac5fec1c5efb,4587af35-9557-4b25-b67e-6e44f3a01d2a,2026-09-16T11:00:00Z,esp32_xtensa_lx6_arduino,NATIVE_HARDWARE,xtensa_lx6,ESP32 Xtensa Dual-Core 240MHz,2,0,FreeRTOS (ESP-IDF / Arduino Core),xtensa-esp32-elf-gcc,xtensa-esp32-elf-gcc (Espressif),-O2,mlkem-native,v1.2.0 (2507ff79a0acfec6e94a9a83709b5774491fdbb6),ML-KEM-512,decapsulation,32,7437000,268028,True,
5f5ec8df-4082-4658-a53d-ac5fec1c5efb,4587af35-9557-4b25-b67e-6e44f3a01d2a,2026-09-16T11:00:00Z,esp32_xtensa_lx6_arduino,NATIVE_HARDWARE,xtensa_lx6,ESP32 Xtensa Dual-Core 240MHz,2,0,FreeRTOS (ESP-IDF / Arduino Core),xtensa-esp32-elf-gcc,xtensa-esp32-elf-gcc (Espressif),-O2,mlkem-native,v1.2.0 (2507ff79a0acfec6e94a9a83709b5774491fdbb6),ML-KEM-512,keygen,33,4811000,268028,True,
5f5ec8df-4082-4658-a53d-ac5fec1c5efb,4587af35-9557-4b25-b67e-6e44f3a01d2a,2026-09-16T11:00:00Z,esp32_xtensa_lx6_arduino,NATIVE_HARDWARE,xtensa_lx6,ESP32 Xtensa Dual-Core 240MHz,2,0,FreeRTOS (ESP-IDF / Arduino Core),xtensa-esp32-elf-gcc,xtensa-esp32-elf-gcc (Espressif),-O2,mlkem-native,v1.2.0 (2507ff79a0acfec6e94a9a83709b5774491fdbb6),ML-KEM-512,encapsulation,33,5730000,268028,True,
5f5ec8df-4082-4658-a53d-ac5fec1c5efb,4587af35-9557-4b25-b67e-6e44f3a01d2a,2026-09-16T11:00:00Z,esp32_xtensa_lx6_arduino,NATIVE_HARDWARE,xtensa_lx6,ESP32 Xtensa Dual-Core 240MHz,2,0,FreeRTOS (ESP-IDF / Arduino Core),xtensa-esp32-elf-gcc,xtensa-esp32-elf-gcc (Espressif),-O2,mlkem-native,v1.2.0 (2507ff79a0acfec6e94a9a83709b5774491fdbb6),ML-KEM-512,decapsulation,33,7437000,268028,True,
5f5ec8df-4082-4658-a53d-ac5fec1c5efb,4587af35-9557-4b25-b67e-6e44f3a01d2a,2026-09-16T11:00:00Z,esp32_xtensa_lx6_arduino,NATIVE_HARDWARE,xtensa_lx6,ESP32 Xtensa Dual-Core 240MHz,2,0,FreeRTOS (ESP-IDF / Arduino Core),xtensa-esp32-elf-gcc,xtensa-esp32-elf-gcc (Espressif),-O2,mlkem-native,v1.2.0 (2507ff79a0acfec6e94a9a83709b5774491fdbb6),ML-KEM-512,keygen,34,4809000,268028,True,
5f5ec8df-4082-4658-a53d-ac5fec1c5efb,4587af35-9557-4b25-b67e-6e44f3a01d2a,2026-09-16T11:00:00Z,esp32_xtensa_lx6_arduino,NATIVE_HARDWARE,xtensa_lx6,ESP32 Xtensa Dual-Core 240MHz,2,0,FreeRTOS (ESP-IDF / Arduino Core),xtensa-esp32-elf-gcc,xtensa-esp32-elf-gcc (Espressif),-O2,mlkem-native,v1.2.0 (2507ff79a0acfec6e94a9a83709b5774491fdbb6),ML-KEM-512,encapsulation,34,5725000,268028,True,
5f5ec8df-4082-4658-a53d-ac5fec1c5efb,4587af35-9557-4b25-b67e-6e44f3a01d2a,2026-09-16T11:00:00Z,esp32_xtensa_lx6_arduino,NATIVE_HARDWARE,xtensa_lx6,ESP32 Xtensa Dual-Core 240MHz,2,0,FreeRTOS (ESP-IDF / Arduino Core),xtensa-esp32-elf-gcc,xtensa-esp32-elf-gcc (Espressif),-O2,mlkem-native,v1.2.0 (2507ff79a0acfec6e94a9a83709b5774491fdbb6),ML-KEM-512,decapsulation,34,7441000,268028,True,
5f5ec8df-4082-4658-a53d-ac5fec1c5efb,4587af35-9557-4b25-b67e-6e44f3a01d2a,2026-09-16T11:00:00Z,esp32_xtensa_lx6_arduino,NATIVE_HARDWARE,xtensa_lx6,ESP32 Xtensa Dual-Core 240MHz,2,0,FreeRTOS (ESP-IDF / Arduino Core),xtensa-esp32-elf-gcc,xtensa-esp32-elf-gcc (Espressif),-O2,mlkem-native,v1.2.0 (2507ff79a0acfec6e94a9a83709b5774491fdbb6),ML-KEM-512,keygen,35,4811000,268028,True,
5f5ec8df-4082-4658-a53d-ac5fec1c5efb,4587af35-9557-4b25-b67e-6e44f3a01d2a,2026-09-16T11:00:00Z,esp32_xtensa_lx6_arduino,NATIVE_HARDWARE,xtensa_lx6,ESP32 Xtensa Dual-Core 240MHz,2,0,FreeRTOS (ESP-IDF / Arduino Core),xtensa-esp32-elf-gcc,xtensa-esp32-elf-gcc (Espressif),-O2,mlkem-native,v1.2.0 (2507ff79a0acfec6e94a9a83709b5774491fdbb6),ML-KEM-512,encapsulation,35,5730000,268028,True,
5f5ec8df-4082-4658-a53d-ac5fec1c5efb,4587af35-9557-4b25-b67e-6e44f3a01d2a,2026-09-16T11:00:00Z,esp32_xtensa_lx6_arduino,NATIVE_HARDWARE,xtensa_lx6,ESP32 Xtensa Dual-Core 240MHz,2,0,FreeRTOS (ESP-IDF / Arduino Core),xtensa-esp32-elf-gcc,xtensa-esp32-elf-gcc (Espressif),-O2,mlkem-native,v1.2.0 (2507ff79a0acfec6e94a9a83709b5774491fdbb6),ML-KEM-512,decapsulation,35,7441000,268028,True,
5f5ec8df-4082-4658-a53d-ac5fec1c5efb,4587af35-9557-4b25-b67e-6e44f3a01d2a,2026-09-16T11:00:00Z,esp32_xtensa_lx6_arduino,NATIVE_HARDWARE,xtensa_lx6,ESP32 Xtensa Dual-Core 240MHz,2,0,FreeRTOS (ESP-IDF / Arduino Core),xtensa-esp32-elf-gcc,xtensa-esp32-elf-gcc (Espressif),-O2,mlkem-native,v1.2.0 (2507ff79a0acfec6e94a9a83709b5774491fdbb6),ML-KEM-512,keygen,36,4807000,268028,True,
5f5ec8df-4082-4658-a53d-ac5fec1c5efb,4587af35-9557-4b25-b67e-6e44f3a01d2a,2026-09-16T11:00:00Z,esp32_xtensa_lx6_arduino,NATIVE_HARDWARE,xtensa_lx6,ESP32 Xtensa Dual-Core 240MHz,2,0,FreeRTOS (ESP-IDF / Arduino Core),xtensa-esp32-elf-gcc,xtensa-esp32-elf-gcc (Espressif),-O2,mlkem-native,v1.2.0 (2507ff79a0acfec6e94a9a83709b5774491fdbb6),ML-KEM-512,encapsulation,36,5729000,268028,True,
5f5ec8df-4082-4658-a53d-ac5fec1c5efb,4587af35-9557-4b25-b67e-6e44f3a01d2a,2026-09-16T11:00:00Z,esp32_xtensa_lx6_arduino,NATIVE_HARDWARE,xtensa_lx6,ESP32 Xtensa Dual-Core 240MHz,2,0,FreeRTOS (ESP-IDF / Arduino Core),xtensa-esp32-elf-gcc,xtensa-esp32-elf-gcc (Espressif),-O2,mlkem-native,v1.2.0 (2507ff79a0acfec6e94a9a83709b5774491fdbb6),ML-KEM-512,decapsulation,36,7437000,268028,True,
5f5ec8df-4082-4658-a53d-ac5fec1c5efb,4587af35-9557-4b25-b67e-6e44f3a01d2a,2026-09-16T11:00:00Z,esp32_xtensa_lx6_arduino,NATIVE_HARDWARE,xtensa_lx6,ESP32 Xtensa Dual-Core 240MHz,2,0,FreeRTOS (ESP-IDF / Arduino Core),xtensa-esp32-elf-gcc,xtensa-esp32-elf-gcc (Espressif),-O2,mlkem-native,v1.2.0 (2507ff79a0acfec6e94a9a83709b5774491fdbb6),ML-KEM-512,keygen,37,4808000,268028,True,
5f5ec8df-4082-4658-a53d-ac5fec1c5efb,4587af35-9557-4b25-b67e-6e44f3a01d2a,2026-09-16T11:00:00Z,esp32_xtensa_lx6_arduino,NATIVE_HARDWARE,xtensa_lx6,ESP32 Xtensa Dual-Core 240MHz,2,0,FreeRTOS (ESP-IDF / Arduino Core),xtensa-esp32-elf-gcc,xtensa-esp32-elf-gcc (Espressif),-O2,mlkem-native,v1.2.0 (2507ff79a0acfec6e94a9a83709b5774491fdbb6),ML-KEM-512,encapsulation,37,5722000,268028,True,
5f5ec8df-4082-4658-a53d-ac5fec1c5efb,4587af35-9557-4b25-b67e-6e44f3a01d2a,2026-09-16T11:00:00Z,esp32_xtensa_lx6_arduino,NATIVE_HARDWARE,xtensa_lx6,ESP32 Xtensa Dual-Core 240MHz,2,0,FreeRTOS (ESP-IDF / Arduino Core),xtensa-esp32-elf-gcc,xtensa-esp32-elf-gcc (Espressif),-O2,mlkem-native,v1.2.0 (2507ff79a0acfec6e94a9a83709b5774491fdbb6),ML-KEM-512,decapsulation,37,7434000,268028,True,
5f5ec8df-4082-4658-a53d-ac5fec1c5efb,4587af35-9557-4b25-b67e-6e44f3a01d2a,2026-09-16T11:00:00Z,esp32_xtensa_lx6_arduino,NATIVE_HARDWARE,xtensa_lx6,ESP32 Xtensa Dual-Core 240MHz,2,0,FreeRTOS (ESP-IDF / Arduino Core),xtensa-esp32-elf-gcc,xtensa-esp32-elf-gcc (Espressif),-O2,mlkem-native,v1.2.0 (2507ff79a0acfec6e94a9a83709b5774491fdbb6),ML-KEM-512,keygen,38,4808000,268028,True,
5f5ec8df-4082-4658-a53d-ac5fec1c5efb,4587af35-9557-4b25-b67e-6e44f3a01d2a,2026-09-16T11:00:00Z,esp32_xtensa_lx6_arduino,NATIVE_HARDWARE,xtensa_lx6,ESP32 Xtensa Dual-Core 240MHz,2,0,FreeRTOS (ESP-IDF / Arduino Core),xtensa-esp32-elf-gcc,xtensa-esp32-elf-gcc (Espressif),-O2,mlkem-native,v1.2.0 (2507ff79a0acfec6e94a9a83709b5774491fdbb6),ML-KEM-512,encapsulation,38,5724000,268028,True,
5f5ec8df-4082-4658-a53d-ac5fec1c5efb,4587af35-9557-4b25-b67e-6e44f3a01d2a,2026-09-16T11:00:00Z,esp32_xtensa_lx6_arduino,NATIVE_HARDWARE,xtensa_lx6,ESP32 Xtensa Dual-Core 240MHz,2,0,FreeRTOS (ESP-IDF / Arduino Core),xtensa-esp32-elf-gcc,xtensa-esp32-elf-gcc (Espressif),-O2,mlkem-native,v1.2.0 (2507ff79a0acfec6e94a9a83709b5774491fdbb6),ML-KEM-512,decapsulation,38,7440000,268028,True,
5f5ec8df-4082-4658-a53d-ac5fec1c5efb,4587af35-9557-4b25-b67e-6e44f3a01d2a,2026-09-16T11:00:00Z,esp32_xtensa_lx6_arduino,NATIVE_HARDWARE,xtensa_lx6,ESP32 Xtensa Dual-Core 240MHz,2,0,FreeRTOS (ESP-IDF / Arduino Core),xtensa-esp32-elf-gcc,xtensa-esp32-elf-gcc (Espressif),-O2,mlkem-native,v1.2.0 (2507ff79a0acfec6e94a9a83709b5774491fdbb6),ML-KEM-512,keygen,39,4811000,268028,True,
5f5ec8df-4082-4658-a53d-ac5fec1c5efb,4587af35-9557-4b25-b67e-6e44f3a01d2a,2026-09-16T11:00:00Z,esp32_xtensa_lx6_arduino,NATIVE_HARDWARE,xtensa_lx6,ESP32 Xtensa Dual-Core 240MHz,2,0,FreeRTOS (ESP-IDF / Arduino Core),xtensa-esp32-elf-gcc,xtensa-esp32-elf-gcc (Espressif),-O2,mlkem-native,v1.2.0 (2507ff79a0acfec6e94a9a83709b5774491fdbb6),ML-KEM-512,encapsulation,39,5730000,268028,True,
5f5ec8df-4082-4658-a53d-ac5fec1c5efb,4587af35-9557-4b25-b67e-6e44f3a01d2a,2026-09-16T11:00:00Z,esp32_xtensa_lx6_arduino,NATIVE_HARDWARE,xtensa_lx6,ESP32 Xtensa Dual-Core 240MHz,2,0,FreeRTOS (ESP-IDF / Arduino Core),xtensa-esp32-elf-gcc,xtensa-esp32-elf-gcc (Espressif),-O2,mlkem-native,v1.2.0 (2507ff79a0acfec6e94a9a83709b5774491fdbb6),ML-KEM-512,decapsulation,39,7441000,268028,True,
5f5ec8df-4082-4658-a53d-ac5fec1c5efb,4587af35-9557-4b25-b67e-6e44f3a01d2a,2026-09-16T11:00:00Z,esp32_xtensa_lx6_arduino,NATIVE_HARDWARE,xtensa_lx6,ESP32 Xtensa Dual-Core 240MHz,2,0,FreeRTOS (ESP-IDF / Arduino Core),xtensa-esp32-elf-gcc,xtensa-esp32-elf-gcc (Espressif),-O2,mlkem-native,v1.2.0 (2507ff79a0acfec6e94a9a83709b5774491fdbb6),ML-KEM-512,keygen,40,4807000,268028,True,
5f5ec8df-4082-4658-a53d-ac5fec1c5efb,4587af35-9557-4b25-b67e-6e44f3a01d2a,2026-09-16T11:00:00Z,esp32_xtensa_lx6_arduino,NATIVE_HARDWARE,xtensa_lx6,ESP32 Xtensa Dual-Core 240MHz,2,0,FreeRTOS (ESP-IDF / Arduino Core),xtensa-esp32-elf-gcc,xtensa-esp32-elf-gcc (Espressif),-O2,mlkem-native,v1.2.0 (2507ff79a0acfec6e94a9a83709b5774491fdbb6),ML-KEM-512,encapsulation,40,5731000,268028,True,
5f5ec8df-4082-4658-a53d-ac5fec1c5efb,4587af35-9557-4b25-b67e-6e44f3a01d2a,2026-09-16T11:00:00Z,esp32_xtensa_lx6_arduino,NATIVE_HARDWARE,xtensa_lx6,ESP32 Xtensa Dual-Core 240MHz,2,0,FreeRTOS (ESP-IDF / Arduino Core),xtensa-esp32-elf-gcc,xtensa-esp32-elf-gcc (Espressif),-O2,mlkem-native,v1.2.0 (2507ff79a0acfec6e94a9a83709b5774491fdbb6),ML-KEM-512,decapsulation,40,7438000,268028,True,
5f5ec8df-4082-4658-a53d-ac5fec1c5efb,4587af35-9557-4b25-b67e-6e44f3a01d2a,2026-09-16T11:00:00Z,esp32_xtensa_lx6_arduino,NATIVE_HARDWARE,xtensa_lx6,ESP32 Xtensa Dual-Core 240MHz,2,0,FreeRTOS (ESP-IDF / Arduino Core),xtensa-esp32-elf-gcc,xtensa-esp32-elf-gcc (Espressif),-O2,mlkem-native,v1.2.0 (2507ff79a0acfec6e94a9a83709b5774491fdbb6),ML-KEM-512,keygen,41,4810000,268028,True,
5f5ec8df-4082-4658-a53d-ac5fec1c5efb,4587af35-9557-4b25-b67e-6e44f3a01d2a,2026-09-16T11:00:00Z,esp32_xtensa_lx6_arduino,NATIVE_HARDWARE,xtensa_lx6,ESP32 Xtensa Dual-Core 240MHz,2,0,FreeRTOS (ESP-IDF / Arduino Core),xtensa-esp32-elf-gcc,xtensa-esp32-elf-gcc (Espressif),-O2,mlkem-native,v1.2.0 (2507ff79a0acfec6e94a9a83709b5774491fdbb6),ML-KEM-512,encapsulation,41,5725000,268028,True,
5f5ec8df-4082-4658-a53d-ac5fec1c5efb,4587af35-9557-4b25-b67e-6e44f3a01d2a,2026-09-16T11:00:00Z,esp32_xtensa_lx6_arduino,NATIVE_HARDWARE,xtensa_lx6,ESP32 Xtensa Dual-Core 240MHz,2,0,FreeRTOS (ESP-IDF / Arduino Core),xtensa-esp32-elf-gcc,xtensa-esp32-elf-gcc (Espressif),-O2,mlkem-native,v1.2.0 (2507ff79a0acfec6e94a9a83709b5774491fdbb6),ML-KEM-512,decapsulation,41,7436000,268028,True,
5f5ec8df-4082-4658-a53d-ac5fec1c5efb,4587af35-9557-4b25-b67e-6e44f3a01d2a,2026-09-16T11:00:00Z,esp32_xtensa_lx6_arduino,NATIVE_HARDWARE,xtensa_lx6,ESP32 Xtensa Dual-Core 240MHz,2,0,FreeRTOS (ESP-IDF / Arduino Core),xtensa-esp32-elf-gcc,xtensa-esp32-elf-gcc (Espressif),-O2,mlkem-native,v1.2.0 (2507ff79a0acfec6e94a9a83709b5774491fdbb6),ML-KEM-512,keygen,42,4806000,268028,True,
5f5ec8df-4082-4658-a53d-ac5fec1c5efb,4587af35-9557-4b25-b67e-6e44f3a01d2a,2026-09-16T11:00:00Z,esp32_xtensa_lx6_arduino,NATIVE_HARDWARE,xtensa_lx6,ESP32 Xtensa Dual-Core 240MHz,2,0,FreeRTOS (ESP-IDF / Arduino Core),xtensa-esp32-elf-gcc,xtensa-esp32-elf-gcc (Espressif),-O2,mlkem-native,v1.2.0 (2507ff79a0acfec6e94a9a83709b5774491fdbb6),ML-KEM-512,encapsulation,42,5725000,268028,True,
5f5ec8df-4082-4658-a53d-ac5fec1c5efb,4587af35-9557-4b25-b67e-6e44f3a01d2a,2026-09-16T11:00:00Z,esp32_xtensa_lx6_arduino,NATIVE_HARDWARE,xtensa_lx6,ESP32 Xtensa Dual-Core 240MHz,2,0,FreeRTOS (ESP-IDF / Arduino Core),xtensa-esp32-elf-gcc,xtensa-esp32-elf-gcc (Espressif),-O2,mlkem-native,v1.2.0 (2507ff79a0acfec6e94a9a83709b5774491fdbb6),ML-KEM-512,decapsulation,42,7438000,268028,True,
5f5ec8df-4082-4658-a53d-ac5fec1c5efb,4587af35-9557-4b25-b67e-6e44f3a01d2a,2026-09-16T11:00:00Z,esp32_xtensa_lx6_arduino,NATIVE_HARDWARE,xtensa_lx6,ESP32 Xtensa Dual-Core 240MHz,2,0,FreeRTOS (ESP-IDF / Arduino Core),xtensa-esp32-elf-gcc,xtensa-esp32-elf-gcc (Espressif),-O2,mlkem-native,v1.2.0 (2507ff79a0acfec6e94a9a83709b5774491fdbb6),ML-KEM-512,keygen,43,4812000,268028,True,
5f5ec8df-4082-4658-a53d-ac5fec1c5efb,4587af35-9557-4b25-b67e-6e44f3a01d2a,2026-09-16T11:00:00Z,esp32_xtensa_lx6_arduino,NATIVE_HARDWARE,xtensa_lx6,ESP32 Xtensa Dual-Core 240MHz,2,0,FreeRTOS (ESP-IDF / Arduino Core),xtensa-esp32-elf-gcc,xtensa-esp32-elf-gcc (Espressif),-O2,mlkem-native,v1.2.0 (2507ff79a0acfec6e94a9a83709b5774491fdbb6),ML-KEM-512,encapsulation,43,5731000,268028,True,
5f5ec8df-4082-4658-a53d-ac5fec1c5efb,4587af35-9557-4b25-b67e-6e44f3a01d2a,2026-09-16T11:00:00Z,esp32_xtensa_lx6_arduino,NATIVE_HARDWARE,xtensa_lx6,ESP32 Xtensa Dual-Core 240MHz,2,0,FreeRTOS (ESP-IDF / Arduino Core),xtensa-esp32-elf-gcc,xtensa-esp32-elf-gcc (Espressif),-O2,mlkem-native,v1.2.0 (2507ff79a0acfec6e94a9a83709b5774491fdbb6),ML-KEM-512,decapsulation,43,7438000,268028,True,
5f5ec8df-4082-4658-a53d-ac5fec1c5efb,4587af35-9557-4b25-b67e-6e44f3a01d2a,2026-09-16T11:00:00Z,esp32_xtensa_lx6_arduino,NATIVE_HARDWARE,xtensa_lx6,ESP32 Xtensa Dual-Core 240MHz,2,0,FreeRTOS (ESP-IDF / Arduino Core),xtensa-esp32-elf-gcc,xtensa-esp32-elf-gcc (Espressif),-O2,mlkem-native,v1.2.0 (2507ff79a0acfec6e94a9a83709b5774491fdbb6),ML-KEM-512,keygen,44,4811000,268028,True,
5f5ec8df-4082-4658-a53d-ac5fec1c5efb,4587af35-9557-4b25-b67e-6e44f3a01d2a,2026-09-16T11:00:00Z,esp32_xtensa_lx6_arduino,NATIVE_HARDWARE,xtensa_lx6,ESP32 Xtensa Dual-Core 240MHz,2,0,FreeRTOS (ESP-IDF / Arduino Core),xtensa-esp32-elf-gcc,xtensa-esp32-elf-gcc (Espressif),-O2,mlkem-native,v1.2.0 (2507ff79a0acfec6e94a9a83709b5774491fdbb6),ML-KEM-512,encapsulation,44,5730000,268028,True,
5f5ec8df-4082-4658-a53d-ac5fec1c5efb,4587af35-9557-4b25-b67e-6e44f3a01d2a,2026-09-16T11:00:00Z,esp32_xtensa_lx6_arduino,NATIVE_HARDWARE,xtensa_lx6,ESP32 Xtensa Dual-Core 240MHz,2,0,FreeRTOS (ESP-IDF / Arduino Core),xtensa-esp32-elf-gcc,xtensa-esp32-elf-gcc (Espressif),-O2,mlkem-native,v1.2.0 (2507ff79a0acfec6e94a9a83709b5774491fdbb6),ML-KEM-512,decapsulation,44,7438000,268028,True,
5f5ec8df-4082-4658-a53d-ac5fec1c5efb,4587af35-9557-4b25-b67e-6e44f3a01d2a,2026-09-16T11:00:00Z,esp32_xtensa_lx6_arduino,NATIVE_HARDWARE,xtensa_lx6,ESP32 Xtensa Dual-Core 240MHz,2,0,FreeRTOS (ESP-IDF / Arduino Core),xtensa-esp32-elf-gcc,xtensa-esp32-elf-gcc (Espressif),-O2,mlkem-native,v1.2.0 (2507ff79a0acfec6e94a9a83709b5774491fdbb6),ML-KEM-512,keygen,45,4810000,268028,True,
5f5ec8df-4082-4658-a53d-ac5fec1c5efb,4587af35-9557-4b25-b67e-6e44f3a01d2a,2026-09-16T11:00:00Z,esp32_xtensa_lx6_arduino,NATIVE_HARDWARE,xtensa_lx6,ESP32 Xtensa Dual-Core 240MHz,2,0,FreeRTOS (ESP-IDF / Arduino Core),xtensa-esp32-elf-gcc,xtensa-esp32-elf-gcc (Espressif),-O2,mlkem-native,v1.2.0 (2507ff79a0acfec6e94a9a83709b5774491fdbb6),ML-KEM-512,encapsulation,45,5725000,268028,True,
5f5ec8df-4082-4658-a53d-ac5fec1c5efb,4587af35-9557-4b25-b67e-6e44f3a01d2a,2026-09-16T11:00:00Z,esp32_xtensa_lx6_arduino,NATIVE_HARDWARE,xtensa_lx6,ESP32 Xtensa Dual-Core 240MHz,2,0,FreeRTOS (ESP-IDF / Arduino Core),xtensa-esp32-elf-gcc,xtensa-esp32-elf-gcc (Espressif),-O2,mlkem-native,v1.2.0 (2507ff79a0acfec6e94a9a83709b5774491fdbb6),ML-KEM-512,decapsulation,45,7437000,268028,True,
5f5ec8df-4082-4658-a53d-ac5fec1c5efb,4587af35-9557-4b25-b67e-6e44f3a01d2a,2026-09-16T11:00:00Z,esp32_xtensa_lx6_arduino,NATIVE_HARDWARE,xtensa_lx6,ESP32 Xtensa Dual-Core 240MHz,2,0,FreeRTOS (ESP-IDF / Arduino Core),xtensa-esp32-elf-gcc,xtensa-esp32-elf-gcc (Espressif),-O2,mlkem-native,v1.2.0 (2507ff79a0acfec6e94a9a83709b5774491fdbb6),ML-KEM-512,keygen,46,4809000,268028,True,
5f5ec8df-4082-4658-a53d-ac5fec1c5efb,4587af35-9557-4b25-b67e-6e44f3a01d2a,2026-09-16T11:00:00Z,esp32_xtensa_lx6_arduino,NATIVE_HARDWARE,xtensa_lx6,ESP32 Xtensa Dual-Core 240MHz,2,0,FreeRTOS (ESP-IDF / Arduino Core),xtensa-esp32-elf-gcc,xtensa-esp32-elf-gcc (Espressif),-O2,mlkem-native,v1.2.0 (2507ff79a0acfec6e94a9a83709b5774491fdbb6),ML-KEM-512,encapsulation,46,5725000,268028,True,
5f5ec8df-4082-4658-a53d-ac5fec1c5efb,4587af35-9557-4b25-b67e-6e44f3a01d2a,2026-09-16T11:00:00Z,esp32_xtensa_lx6_arduino,NATIVE_HARDWARE,xtensa_lx6,ESP32 Xtensa Dual-Core 240MHz,2,0,FreeRTOS (ESP-IDF / Arduino Core),xtensa-esp32-elf-gcc,xtensa-esp32-elf-gcc (Espressif),-O2,mlkem-native,v1.2.0 (2507ff79a0acfec6e94a9a83709b5774491fdbb6),ML-KEM-512,decapsulation,46,7441000,268028,True,
5f5ec8df-4082-4658-a53d-ac5fec1c5efb,4587af35-9557-4b25-b67e-6e44f3a01d2a,2026-09-16T11:00:00Z,esp32_xtensa_lx6_arduino,NATIVE_HARDWARE,xtensa_lx6,ESP32 Xtensa Dual-Core 240MHz,2,0,FreeRTOS (ESP-IDF / Arduino Core),xtensa-esp32-elf-gcc,xtensa-esp32-elf-gcc (Espressif),-O2,mlkem-native,v1.2.0 (2507ff79a0acfec6e94a9a83709b5774491fdbb6),ML-KEM-512,keygen,47,4809000,268028,True,
5f5ec8df-4082-4658-a53d-ac5fec1c5efb,4587af35-9557-4b25-b67e-6e44f3a01d2a,2026-09-16T11:00:00Z,esp32_xtensa_lx6_arduino,NATIVE_HARDWARE,xtensa_lx6,ESP32 Xtensa Dual-Core 240MHz,2,0,FreeRTOS (ESP-IDF / Arduino Core),xtensa-esp32-elf-gcc,xtensa-esp32-elf-gcc (Espressif),-O2,mlkem-native,v1.2.0 (2507ff79a0acfec6e94a9a83709b5774491fdbb6),ML-KEM-512,encapsulation,47,5727000,268028,True,
5f5ec8df-4082-4658-a53d-ac5fec1c5efb,4587af35-9557-4b25-b67e-6e44f3a01d2a,2026-09-16T11:00:00Z,esp32_xtensa_lx6_arduino,NATIVE_HARDWARE,xtensa_lx6,ESP32 Xtensa Dual-Core 240MHz,2,0,FreeRTOS (ESP-IDF / Arduino Core),xtensa-esp32-elf-gcc,xtensa-esp32-elf-gcc (Espressif),-O2,mlkem-native,v1.2.0 (2507ff79a0acfec6e94a9a83709b5774491fdbb6),ML-KEM-512,decapsulation,47,7439000,268028,True,
5f5ec8df-4082-4658-a53d-ac5fec1c5efb,4587af35-9557-4b25-b67e-6e44f3a01d2a,2026-09-16T11:00:00Z,esp32_xtensa_lx6_arduino,NATIVE_HARDWARE,xtensa_lx6,ESP32 Xtensa Dual-Core 240MHz,2,0,FreeRTOS (ESP-IDF / Arduino Core),xtensa-esp32-elf-gcc,xtensa-esp32-elf-gcc (Espressif),-O2,mlkem-native,v1.2.0 (2507ff79a0acfec6e94a9a83709b5774491fdbb6),ML-KEM-512,keygen,48,4803000,268028,True,
5f5ec8df-4082-4658-a53d-ac5fec1c5efb,4587af35-9557-4b25-b67e-6e44f3a01d2a,2026-09-16T11:00:00Z,esp32_xtensa_lx6_arduino,NATIVE_HARDWARE,xtensa_lx6,ESP32 Xtensa Dual-Core 240MHz,2,0,FreeRTOS (ESP-IDF / Arduino Core),xtensa-esp32-elf-gcc,xtensa-esp32-elf-gcc (Espressif),-O2,mlkem-native,v1.2.0 (2507ff79a0acfec6e94a9a83709b5774491fdbb6),ML-KEM-512,encapsulation,48,5726000,268028,True,
5f5ec8df-4082-4658-a53d-ac5fec1c5efb,4587af35-9557-4b25-b67e-6e44f3a01d2a,2026-09-16T11:00:00Z,esp32_xtensa_lx6_arduino,NATIVE_HARDWARE,xtensa_lx6,ESP32 Xtensa Dual-Core 240MHz,2,0,FreeRTOS (ESP-IDF / Arduino Core),xtensa-esp32-elf-gcc,xtensa-esp32-elf-gcc (Espressif),-O2,mlkem-native,v1.2.0 (2507ff79a0acfec6e94a9a83709b5774491fdbb6),ML-KEM-512,decapsulation,48,7434000,268028,True,
5f5ec8df-4082-4658-a53d-ac5fec1c5efb,4587af35-9557-4b25-b67e-6e44f3a01d2a,2026-09-16T11:00:00Z,esp32_xtensa_lx6_arduino,NATIVE_HARDWARE,xtensa_lx6,ESP32 Xtensa Dual-Core 240MHz,2,0,FreeRTOS (ESP-IDF / Arduino Core),xtensa-esp32-elf-gcc,xtensa-esp32-elf-gcc (Espressif),-O2,mlkem-native,v1.2.0 (2507ff79a0acfec6e94a9a83709b5774491fdbb6),ML-KEM-512,keygen,49,4810000,268028,True,
5f5ec8df-4082-4658-a53d-ac5fec1c5efb,4587af35-9557-4b25-b67e-6e44f3a01d2a,2026-09-16T11:00:00Z,esp32_xtensa_lx6_arduino,NATIVE_HARDWARE,xtensa_lx6,ESP32 Xtensa Dual-Core 240MHz,2,0,FreeRTOS (ESP-IDF / Arduino Core),xtensa-esp32-elf-gcc,xtensa-esp32-elf-gcc (Espressif),-O2,mlkem-native,v1.2.0 (2507ff79a0acfec6e94a9a83709b5774491fdbb6),ML-KEM-512,encapsulation,49,5725000,268028,True,
5f5ec8df-4082-4658-a53d-ac5fec1c5efb,4587af35-9557-4b25-b67e-6e44f3a01d2a,2026-09-16T11:00:00Z,esp32_xtensa_lx6_arduino,NATIVE_HARDWARE,xtensa_lx6,ESP32 Xtensa Dual-Core 240MHz,2,0,FreeRTOS (ESP-IDF / Arduino Core),xtensa-esp32-elf-gcc,xtensa-esp32-elf-gcc (Espressif),-O2,mlkem-native,v1.2.0 (2507ff79a0acfec6e94a9a83709b5774491fdbb6),ML-KEM-512,decapsulation,49,7436000,268028,True,
5f5ec8df-4082-4658-a53d-ac5fec1c5efb,4587af35-9557-4b25-b67e-6e44f3a01d2a,2026-09-16T11:00:00Z,esp32_xtensa_lx6_arduino,NATIVE_HARDWARE,xtensa_lx6,ESP32 Xtensa Dual-Core 240MHz,2,0,FreeRTOS (ESP-IDF / Arduino Core),xtensa-esp32-elf-gcc,xtensa-esp32-elf-gcc (Espressif),-O2,mlkem-native,v1.2.0 (2507ff79a0acfec6e94a9a83709b5774491fdbb6),ML-KEM-512,keygen,50,4808000,268028,True,
5f5ec8df-4082-4658-a53d-ac5fec1c5efb,4587af35-9557-4b25-b67e-6e44f3a01d2a,2026-09-16T11:00:00Z,esp32_xtensa_lx6_arduino,NATIVE_HARDWARE,xtensa_lx6,ESP32 Xtensa Dual-Core 240MHz,2,0,FreeRTOS (ESP-IDF / Arduino Core),xtensa-esp32-elf-gcc,xtensa-esp32-elf-gcc (Espressif),-O2,mlkem-native,v1.2.0 (2507ff79a0acfec6e94a9a83709b5774491fdbb6),ML-KEM-512,encapsulation,50,5727000,268028,True,
5f5ec8df-4082-4658-a53d-ac5fec1c5efb,4587af35-9557-4b25-b67e-6e44f3a01d2a,2026-09-16T11:00:00Z,esp32_xtensa_lx6_arduino,NATIVE_HARDWARE,xtensa_lx6,ESP32 Xtensa Dual-Core 240MHz,2,0,FreeRTOS (ESP-IDF / Arduino Core),xtensa-esp32-elf-gcc,xtensa-esp32-elf-gcc (Espressif),-O2,mlkem-native,v1.2.0 (2507ff79a0acfec6e94a9a83709b5774491fdbb6),ML-KEM-512,decapsulation,50,7439000,268028,True,
5f5ec8df-4082-4658-a53d-ac5fec1c5efb,4587af35-9557-4b25-b67e-6e44f3a01d2a,2026-09-16T11:00:00Z,esp32_xtensa_lx6_arduino,NATIVE_HARDWARE,xtensa_lx6,ESP32 Xtensa Dual-Core 240MHz,2,0,FreeRTOS (ESP-IDF / Arduino Core),xtensa-esp32-elf-gcc,xtensa-esp32-elf-gcc (Espressif),-O2,mlkem-native,v1.2.0 (2507ff79a0acfec6e94a9a83709b5774491fdbb6),ML-KEM-512,keygen,51,4810000,268028,True,
5f5ec8df-4082-4658-a53d-ac5fec1c5efb,4587af35-9557-4b25-b67e-6e44f3a01d2a,2026-09-16T11:00:00Z,esp32_xtensa_lx6_arduino,NATIVE_HARDWARE,xtensa_lx6,ESP32 Xtensa Dual-Core 240MHz,2,0,FreeRTOS (ESP-IDF / Arduino Core),xtensa-esp32-elf-gcc,xtensa-esp32-elf-gcc (Espressif),-O2,mlkem-native,v1.2.0 (2507ff79a0acfec6e94a9a83709b5774491fdbb6),ML-KEM-512,encapsulation,51,5730000,268028,True,
5f5ec8df-4082-4658-a53d-ac5fec1c5efb,4587af35-9557-4b25-b67e-6e44f3a01d2a,2026-09-16T11:00:00Z,esp32_xtensa_lx6_arduino,NATIVE_HARDWARE,xtensa_lx6,ESP32 Xtensa Dual-Core 240MHz,2,0,FreeRTOS (ESP-IDF / Arduino Core),xtensa-esp32-elf-gcc,xtensa-esp32-elf-gcc (Espressif),-O2,mlkem-native,v1.2.0 (2507ff79a0acfec6e94a9a83709b5774491fdbb6),ML-KEM-512,decapsulation,51,7437000,268028,True,
5f5ec8df-4082-4658-a53d-ac5fec1c5efb,4587af35-9557-4b25-b67e-6e44f3a01d2a,2026-09-16T11:00:00Z,esp32_xtensa_lx6_arduino,NATIVE_HARDWARE,xtensa_lx6,ESP32 Xtensa Dual-Core 240MHz,2,0,FreeRTOS (ESP-IDF / Arduino Core),xtensa-esp32-elf-gcc,xtensa-esp32-elf-gcc (Espressif),-O2,mlkem-native,v1.2.0 (2507ff79a0acfec6e94a9a83709b5774491fdbb6),ML-KEM-512,keygen,52,4811000,268028,True,
5f5ec8df-4082-4658-a53d-ac5fec1c5efb,4587af35-9557-4b25-b67e-6e44f3a01d2a,2026-09-16T11:00:00Z,esp32_xtensa_lx6_arduino,NATIVE_HARDWARE,xtensa_lx6,ESP32 Xtensa Dual-Core 240MHz,2,0,FreeRTOS (ESP-IDF / Arduino Core),xtensa-esp32-elf-gcc,xtensa-esp32-elf-gcc (Espressif),-O2,mlkem-native,v1.2.0 (2507ff79a0acfec6e94a9a83709b5774491fdbb6),ML-KEM-512,encapsulation,52,5730000,268028,True,
5f5ec8df-4082-4658-a53d-ac5fec1c5efb,4587af35-9557-4b25-b67e-6e44f3a01d2a,2026-09-16T11:00:00Z,esp32_xtensa_lx6_arduino,NATIVE_HARDWARE,xtensa_lx6,ESP32 Xtensa Dual-Core 240MHz,2,0,FreeRTOS (ESP-IDF / Arduino Core),xtensa-esp32-elf-gcc,xtensa-esp32-elf-gcc (Espressif),-O2,mlkem-native,v1.2.0 (2507ff79a0acfec6e94a9a83709b5774491fdbb6),ML-KEM-512,decapsulation,52,7437000,268028,True,
5f5ec8df-4082-4658-a53d-ac5fec1c5efb,4587af35-9557-4b25-b67e-6e44f3a01d2a,2026-09-16T11:00:00Z,esp32_xtensa_lx6_arduino,NATIVE_HARDWARE,xtensa_lx6,ESP32 Xtensa Dual-Core 240MHz,2,0,FreeRTOS (ESP-IDF / Arduino Core),xtensa-esp32-elf-gcc,xtensa-esp32-elf-gcc (Espressif),-O2,mlkem-native,v1.2.0 (2507ff79a0acfec6e94a9a83709b5774491fdbb6),ML-KEM-512,keygen,53,4810000,268028,True,
5f5ec8df-4082-4658-a53d-ac5fec1c5efb,4587af35-9557-4b25-b67e-6e44f3a01d2a,2026-09-16T11:00:00Z,esp32_xtensa_lx6_arduino,NATIVE_HARDWARE,xtensa_lx6,ESP32 Xtensa Dual-Core 240MHz,2,0,FreeRTOS (ESP-IDF / Arduino Core),xtensa-esp32-elf-gcc,xtensa-esp32-elf-gcc (Espressif),-O2,mlkem-native,v1.2.0 (2507ff79a0acfec6e94a9a83709b5774491fdbb6),ML-KEM-512,encapsulation,53,5725000,268028,True,
5f5ec8df-4082-4658-a53d-ac5fec1c5efb,4587af35-9557-4b25-b67e-6e44f3a01d2a,2026-09-16T11:00:00Z,esp32_xtensa_lx6_arduino,NATIVE_HARDWARE,xtensa_lx6,ESP32 Xtensa Dual-Core 240MHz,2,0,FreeRTOS (ESP-IDF / Arduino Core),xtensa-esp32-elf-gcc,xtensa-esp32-elf-gcc (Espressif),-O2,mlkem-native,v1.2.0 (2507ff79a0acfec6e94a9a83709b5774491fdbb6),ML-KEM-512,decapsulation,53,7437000,268028,True,
5f5ec8df-4082-4658-a53d-ac5fec1c5efb,4587af35-9557-4b25-b67e-6e44f3a01d2a,2026-09-16T11:00:00Z,esp32_xtensa_lx6_arduino,NATIVE_HARDWARE,xtensa_lx6,ESP32 Xtensa Dual-Core 240MHz,2,0,FreeRTOS (ESP-IDF / Arduino Core),xtensa-esp32-elf-gcc,xtensa-esp32-elf-gcc (Espressif),-O2,mlkem-native,v1.2.0 (2507ff79a0acfec6e94a9a83709b5774491fdbb6),ML-KEM-512,keygen,54,4808000,268028,True,
5f5ec8df-4082-4658-a53d-ac5fec1c5efb,4587af35-9557-4b25-b67e-6e44f3a01d2a,2026-09-16T11:00:00Z,esp32_xtensa_lx6_arduino,NATIVE_HARDWARE,xtensa_lx6,ESP32 Xtensa Dual-Core 240MHz,2,0,FreeRTOS (ESP-IDF / Arduino Core),xtensa-esp32-elf-gcc,xtensa-esp32-elf-gcc (Espressif),-O2,mlkem-native,v1.2.0 (2507ff79a0acfec6e94a9a83709b5774491fdbb6),ML-KEM-512,encapsulation,54,5724000,268028,True,
5f5ec8df-4082-4658-a53d-ac5fec1c5efb,4587af35-9557-4b25-b67e-6e44f3a01d2a,2026-09-16T11:00:00Z,esp32_xtensa_lx6_arduino,NATIVE_HARDWARE,xtensa_lx6,ESP32 Xtensa Dual-Core 240MHz,2,0,FreeRTOS (ESP-IDF / Arduino Core),xtensa-esp32-elf-gcc,xtensa-esp32-elf-gcc (Espressif),-O2,mlkem-native,v1.2.0 (2507ff79a0acfec6e94a9a83709b5774491fdbb6),ML-KEM-512,decapsulation,54,7440000,268028,True,
5f5ec8df-4082-4658-a53d-ac5fec1c5efb,4587af35-9557-4b25-b67e-6e44f3a01d2a,2026-09-16T11:00:00Z,esp32_xtensa_lx6_arduino,NATIVE_HARDWARE,xtensa_lx6,ESP32 Xtensa Dual-Core 240MHz,2,0,FreeRTOS (ESP-IDF / Arduino Core),xtensa-esp32-elf-gcc,xtensa-esp32-elf-gcc (Espressif),-O2,mlkem-native,v1.2.0 (2507ff79a0acfec6e94a9a83709b5774491fdbb6),ML-KEM-512,keygen,55,4812000,268028,True,
5f5ec8df-4082-4658-a53d-ac5fec1c5efb,4587af35-9557-4b25-b67e-6e44f3a01d2a,2026-09-16T11:00:00Z,esp32_xtensa_lx6_arduino,NATIVE_HARDWARE,xtensa_lx6,ESP32 Xtensa Dual-Core 240MHz,2,0,FreeRTOS (ESP-IDF / Arduino Core),xtensa-esp32-elf-gcc,xtensa-esp32-elf-gcc (Espressif),-O2,mlkem-native,v1.2.0 (2507ff79a0acfec6e94a9a83709b5774491fdbb6),ML-KEM-512,encapsulation,55,5731000,268028,True,
5f5ec8df-4082-4658-a53d-ac5fec1c5efb,4587af35-9557-4b25-b67e-6e44f3a01d2a,2026-09-16T11:00:00Z,esp32_xtensa_lx6_arduino,NATIVE_HARDWARE,xtensa_lx6,ESP32 Xtensa Dual-Core 240MHz,2,0,FreeRTOS (ESP-IDF / Arduino Core),xtensa-esp32-elf-gcc,xtensa-esp32-elf-gcc (Espressif),-O2,mlkem-native,v1.2.0 (2507ff79a0acfec6e94a9a83709b5774491fdbb6),ML-KEM-512,decapsulation,55,7443000,268028,True,
5f5ec8df-4082-4658-a53d-ac5fec1c5efb,4587af35-9557-4b25-b67e-6e44f3a01d2a,2026-09-16T11:00:00Z,esp32_xtensa_lx6_arduino,NATIVE_HARDWARE,xtensa_lx6,ESP32 Xtensa Dual-Core 240MHz,2,0,FreeRTOS (ESP-IDF / Arduino Core),xtensa-esp32-elf-gcc,xtensa-esp32-elf-gcc (Espressif),-O2,mlkem-native,v1.2.0 (2507ff79a0acfec6e94a9a83709b5774491fdbb6),ML-KEM-512,keygen,56,4810000,268028,True,
5f5ec8df-4082-4658-a53d-ac5fec1c5efb,4587af35-9557-4b25-b67e-6e44f3a01d2a,2026-09-16T11:00:00Z,esp32_xtensa_lx6_arduino,NATIVE_HARDWARE,xtensa_lx6,ESP32 Xtensa Dual-Core 240MHz,2,0,FreeRTOS (ESP-IDF / Arduino Core),xtensa-esp32-elf-gcc,xtensa-esp32-elf-gcc (Espressif),-O2,mlkem-native,v1.2.0 (2507ff79a0acfec6e94a9a83709b5774491fdbb6),ML-KEM-512,encapsulation,56,5729000,268028,True,
5f5ec8df-4082-4658-a53d-ac5fec1c5efb,4587af35-9557-4b25-b67e-6e44f3a01d2a,2026-09-16T11:00:00Z,esp32_xtensa_lx6_arduino,NATIVE_HARDWARE,xtensa_lx6,ESP32 Xtensa Dual-Core 240MHz,2,0,FreeRTOS (ESP-IDF / Arduino Core),xtensa-esp32-elf-gcc,xtensa-esp32-elf-gcc (Espressif),-O2,mlkem-native,v1.2.0 (2507ff79a0acfec6e94a9a83709b5774491fdbb6),ML-KEM-512,decapsulation,56,7436000,268028,True,
5f5ec8df-4082-4658-a53d-ac5fec1c5efb,4587af35-9557-4b25-b67e-6e44f3a01d2a,2026-09-16T11:00:00Z,esp32_xtensa_lx6_arduino,NATIVE_HARDWARE,xtensa_lx6,ESP32 Xtensa Dual-Core 240MHz,2,0,FreeRTOS (ESP-IDF / Arduino Core),xtensa-esp32-elf-gcc,xtensa-esp32-elf-gcc (Espressif),-O2,mlkem-native,v1.2.0 (2507ff79a0acfec6e94a9a83709b5774491fdbb6),ML-KEM-512,keygen,57,4810000,268028,True,
5f5ec8df-4082-4658-a53d-ac5fec1c5efb,4587af35-9557-4b25-b67e-6e44f3a01d2a,2026-09-16T11:00:00Z,esp32_xtensa_lx6_arduino,NATIVE_HARDWARE,xtensa_lx6,ESP32 Xtensa Dual-Core 240MHz,2,0,FreeRTOS (ESP-IDF / Arduino Core),xtensa-esp32-elf-gcc,xtensa-esp32-elf-gcc (Espressif),-O2,mlkem-native,v1.2.0 (2507ff79a0acfec6e94a9a83709b5774491fdbb6),ML-KEM-512,encapsulation,57,5725000,268028,True,
5f5ec8df-4082-4658-a53d-ac5fec1c5efb,4587af35-9557-4b25-b67e-6e44f3a01d2a,2026-09-16T11:00:00Z,esp32_xtensa_lx6_arduino,NATIVE_HARDWARE,xtensa_lx6,ESP32 Xtensa Dual-Core 240MHz,2,0,FreeRTOS (ESP-IDF / Arduino Core),xtensa-esp32-elf-gcc,xtensa-esp32-elf-gcc (Espressif),-O2,mlkem-native,v1.2.0 (2507ff79a0acfec6e94a9a83709b5774491fdbb6),ML-KEM-512,decapsulation,57,7436000,268028,True,
5f5ec8df-4082-4658-a53d-ac5fec1c5efb,4587af35-9557-4b25-b67e-6e44f3a01d2a,2026-09-16T11:00:00Z,esp32_xtensa_lx6_arduino,NATIVE_HARDWARE,xtensa_lx6,ESP32 Xtensa Dual-Core 240MHz,2,0,FreeRTOS (ESP-IDF / Arduino Core),xtensa-esp32-elf-gcc,xtensa-esp32-elf-gcc (Espressif),-O2,mlkem-native,v1.2.0 (2507ff79a0acfec6e94a9a83709b5774491fdbb6),ML-KEM-512,keygen,58,4811000,268028,True,
5f5ec8df-4082-4658-a53d-ac5fec1c5efb,4587af35-9557-4b25-b67e-6e44f3a01d2a,2026-09-16T11:00:00Z,esp32_xtensa_lx6_arduino,NATIVE_HARDWARE,xtensa_lx6,ESP32 Xtensa Dual-Core 240MHz,2,0,FreeRTOS (ESP-IDF / Arduino Core),xtensa-esp32-elf-gcc,xtensa-esp32-elf-gcc (Espressif),-O2,mlkem-native,v1.2.0 (2507ff79a0acfec6e94a9a83709b5774491fdbb6),ML-KEM-512,encapsulation,58,5731000,268028,True,
5f5ec8df-4082-4658-a53d-ac5fec1c5efb,4587af35-9557-4b25-b67e-6e44f3a01d2a,2026-09-16T11:00:00Z,esp32_xtensa_lx6_arduino,NATIVE_HARDWARE,xtensa_lx6,ESP32 Xtensa Dual-Core 240MHz,2,0,FreeRTOS (ESP-IDF / Arduino Core),xtensa-esp32-elf-gcc,xtensa-esp32-elf-gcc (Espressif),-O2,mlkem-native,v1.2.0 (2507ff79a0acfec6e94a9a83709b5774491fdbb6),ML-KEM-512,decapsulation,58,7442000,268028,True,
5f5ec8df-4082-4658-a53d-ac5fec1c5efb,4587af35-9557-4b25-b67e-6e44f3a01d2a,2026-09-16T11:00:00Z,esp32_xtensa_lx6_arduino,NATIVE_HARDWARE,xtensa_lx6,ESP32 Xtensa Dual-Core 240MHz,2,0,FreeRTOS (ESP-IDF / Arduino Core),xtensa-esp32-elf-gcc,xtensa-esp32-elf-gcc (Espressif),-O2,mlkem-native,v1.2.0 (2507ff79a0acfec6e94a9a83709b5774491fdbb6),ML-KEM-512,keygen,59,4805000,268028,True,
5f5ec8df-4082-4658-a53d-ac5fec1c5efb,4587af35-9557-4b25-b67e-6e44f3a01d2a,2026-09-16T11:00:00Z,esp32_xtensa_lx6_arduino,NATIVE_HARDWARE,xtensa_lx6,ESP32 Xtensa Dual-Core 240MHz,2,0,FreeRTOS (ESP-IDF / Arduino Core),xtensa-esp32-elf-gcc,xtensa-esp32-elf-gcc (Espressif),-O2,mlkem-native,v1.2.0 (2507ff79a0acfec6e94a9a83709b5774491fdbb6),ML-KEM-512,encapsulation,59,5728000,268028,True,
5f5ec8df-4082-4658-a53d-ac5fec1c5efb,4587af35-9557-4b25-b67e-6e44f3a01d2a,2026-09-16T11:00:00Z,esp32_xtensa_lx6_arduino,NATIVE_HARDWARE,xtensa_lx6,ESP32 Xtensa Dual-Core 240MHz,2,0,FreeRTOS (ESP-IDF / Arduino Core),xtensa-esp32-elf-gcc,xtensa-esp32-elf-gcc (Espressif),-O2,mlkem-native,v1.2.0 (2507ff79a0acfec6e94a9a83709b5774491fdbb6),ML-KEM-512,decapsulation,59,7436000,268028,True,
5f5ec8df-4082-4658-a53d-ac5fec1c5efb,4587af35-9557-4b25-b67e-6e44f3a01d2a,2026-09-16T11:00:00Z,esp32_xtensa_lx6_arduino,NATIVE_HARDWARE,xtensa_lx6,ESP32 Xtensa Dual-Core 240MHz,2,0,FreeRTOS (ESP-IDF / Arduino Core),xtensa-esp32-elf-gcc,xtensa-esp32-elf-gcc (Espressif),-O2,mlkem-native,v1.2.0 (2507ff79a0acfec6e94a9a83709b5774491fdbb6),ML-KEM-512,keygen,60,4812000,268028,True,
5f5ec8df-4082-4658-a53d-ac5fec1c5efb,4587af35-9557-4b25-b67e-6e44f3a01d2a,2026-09-16T11:00:00Z,esp32_xtensa_lx6_arduino,NATIVE_HARDWARE,xtensa_lx6,ESP32 Xtensa Dual-Core 240MHz,2,0,FreeRTOS (ESP-IDF / Arduino Core),xtensa-esp32-elf-gcc,xtensa-esp32-elf-gcc (Espressif),-O2,mlkem-native,v1.2.0 (2507ff79a0acfec6e94a9a83709b5774491fdbb6),ML-KEM-512,encapsulation,60,5730000,268028,True,
5f5ec8df-4082-4658-a53d-ac5fec1c5efb,4587af35-9557-4b25-b67e-6e44f3a01d2a,2026-09-16T11:00:00Z,esp32_xtensa_lx6_arduino,NATIVE_HARDWARE,xtensa_lx6,ESP32 Xtensa Dual-Core 240MHz,2,0,FreeRTOS (ESP-IDF / Arduino Core),xtensa-esp32-elf-gcc,xtensa-esp32-elf-gcc (Espressif),-O2,mlkem-native,v1.2.0 (2507ff79a0acfec6e94a9a83709b5774491fdbb6),ML-KEM-512,decapsulation,60,7438000,268028,True,
5f5ec8df-4082-4658-a53d-ac5fec1c5efb,4587af35-9557-4b25-b67e-6e44f3a01d2a,2026-09-16T11:00:00Z,esp32_xtensa_lx6_arduino,NATIVE_HARDWARE,xtensa_lx6,ESP32 Xtensa Dual-Core 240MHz,2,0,FreeRTOS (ESP-IDF / Arduino Core),xtensa-esp32-elf-gcc,xtensa-esp32-elf-gcc (Espressif),-O2,mlkem-native,v1.2.0 (2507ff79a0acfec6e94a9a83709b5774491fdbb6),ML-KEM-512,keygen,61,4811000,268028,True,
5f5ec8df-4082-4658-a53d-ac5fec1c5efb,4587af35-9557-4b25-b67e-6e44f3a01d2a,2026-09-16T11:00:00Z,esp32_xtensa_lx6_arduino,NATIVE_HARDWARE,xtensa_lx6,ESP32 Xtensa Dual-Core 240MHz,2,0,FreeRTOS (ESP-IDF / Arduino Core),xtensa-esp32-elf-gcc,xtensa-esp32-elf-gcc (Espressif),-O2,mlkem-native,v1.2.0 (2507ff79a0acfec6e94a9a83709b5774491fdbb6),ML-KEM-512,encapsulation,61,5727000,268028,True,
5f5ec8df-4082-4658-a53d-ac5fec1c5efb,4587af35-9557-4b25-b67e-6e44f3a01d2a,2026-09-16T11:00:00Z,esp32_xtensa_lx6_arduino,NATIVE_HARDWARE,xtensa_lx6,ESP32 Xtensa Dual-Core 240MHz,2,0,FreeRTOS (ESP-IDF / Arduino Core),xtensa-esp32-elf-gcc,xtensa-esp32-elf-gcc (Espressif),-O2,mlkem-native,v1.2.0 (2507ff79a0acfec6e94a9a83709b5774491fdbb6),ML-KEM-512,decapsulation,61,7442000,268028,True,
5f5ec8df-4082-4658-a53d-ac5fec1c5efb,4587af35-9557-4b25-b67e-6e44f3a01d2a,2026-09-16T11:00:00Z,esp32_xtensa_lx6_arduino,NATIVE_HARDWARE,xtensa_lx6,ESP32 Xtensa Dual-Core 240MHz,2,0,FreeRTOS (ESP-IDF / Arduino Core),xtensa-esp32-elf-gcc,xtensa-esp32-elf-gcc (Espressif),-O2,mlkem-native,v1.2.0 (2507ff79a0acfec6e94a9a83709b5774491fdbb6),ML-KEM-512,keygen,62,4813000,268028,True,
5f5ec8df-4082-4658-a53d-ac5fec1c5efb,4587af35-9557-4b25-b67e-6e44f3a01d2a,2026-09-16T11:00:00Z,esp32_xtensa_lx6_arduino,NATIVE_HARDWARE,xtensa_lx6,ESP32 Xtensa Dual-Core 240MHz,2,0,FreeRTOS (ESP-IDF / Arduino Core),xtensa-esp32-elf-gcc,xtensa-esp32-elf-gcc (Espressif),-O2,mlkem-native,v1.2.0 (2507ff79a0acfec6e94a9a83709b5774491fdbb6),ML-KEM-512,encapsulation,62,5733000,268028,True,
5f5ec8df-4082-4658-a53d-ac5fec1c5efb,4587af35-9557-4b25-b67e-6e44f3a01d2a,2026-09-16T11:00:00Z,esp32_xtensa_lx6_arduino,NATIVE_HARDWARE,xtensa_lx6,ESP32 Xtensa Dual-Core 240MHz,2,0,FreeRTOS (ESP-IDF / Arduino Core),xtensa-esp32-elf-gcc,xtensa-esp32-elf-gcc (Espressif),-O2,mlkem-native,v1.2.0 (2507ff79a0acfec6e94a9a83709b5774491fdbb6),ML-KEM-512,decapsulation,62,7444000,268028,True,
5f5ec8df-4082-4658-a53d-ac5fec1c5efb,4587af35-9557-4b25-b67e-6e44f3a01d2a,2026-09-16T11:00:00Z,esp32_xtensa_lx6_arduino,NATIVE_HARDWARE,xtensa_lx6,ESP32 Xtensa Dual-Core 240MHz,2,0,FreeRTOS (ESP-IDF / Arduino Core),xtensa-esp32-elf-gcc,xtensa-esp32-elf-gcc (Espressif),-O2,mlkem-native,v1.2.0 (2507ff79a0acfec6e94a9a83709b5774491fdbb6),ML-KEM-512,keygen,63,4808000,268028,True,
5f5ec8df-4082-4658-a53d-ac5fec1c5efb,4587af35-9557-4b25-b67e-6e44f3a01d2a,2026-09-16T11:00:00Z,esp32_xtensa_lx6_arduino,NATIVE_HARDWARE,xtensa_lx6,ESP32 Xtensa Dual-Core 240MHz,2,0,FreeRTOS (ESP-IDF / Arduino Core),xtensa-esp32-elf-gcc,xtensa-esp32-elf-gcc (Espressif),-O2,mlkem-native,v1.2.0 (2507ff79a0acfec6e94a9a83709b5774491fdbb6),ML-KEM-512,encapsulation,63,5731000,268028,True,
5f5ec8df-4082-4658-a53d-ac5fec1c5efb,4587af35-9557-4b25-b67e-6e44f3a01d2a,2026-09-16T11:00:00Z,esp32_xtensa_lx6_arduino,NATIVE_HARDWARE,xtensa_lx6,ESP32 Xtensa Dual-Core 240MHz,2,0,FreeRTOS (ESP-IDF / Arduino Core),xtensa-esp32-elf-gcc,xtensa-esp32-elf-gcc (Espressif),-O2,mlkem-native,v1.2.0 (2507ff79a0acfec6e94a9a83709b5774491fdbb6),ML-KEM-512,decapsulation,63,7438000,268028,True,
5f5ec8df-4082-4658-a53d-ac5fec1c5efb,4587af35-9557-4b25-b67e-6e44f3a01d2a,2026-09-16T11:00:00Z,esp32_xtensa_lx6_arduino,NATIVE_HARDWARE,xtensa_lx6,ESP32 Xtensa Dual-Core 240MHz,2,0,FreeRTOS (ESP-IDF / Arduino Core),xtensa-esp32-elf-gcc,xtensa-esp32-elf-gcc (Espressif),-O2,mlkem-native,v1.2.0 (2507ff79a0acfec6e94a9a83709b5774491fdbb6),ML-KEM-512,keygen,64,4808000,268028,True,
5f5ec8df-4082-4658-a53d-ac5fec1c5efb,4587af35-9557-4b25-b67e-6e44f3a01d2a,2026-09-16T11:00:00Z,esp32_xtensa_lx6_arduino,NATIVE_HARDWARE,xtensa_lx6,ESP32 Xtensa Dual-Core 240MHz,2,0,FreeRTOS (ESP-IDF / Arduino Core),xtensa-esp32-elf-gcc,xtensa-esp32-elf-gcc (Espressif),-O2,mlkem-native,v1.2.0 (2507ff79a0acfec6e94a9a83709b5774491fdbb6),ML-KEM-512,encapsulation,64,5724000,268028,True,
5f5ec8df-4082-4658-a53d-ac5fec1c5efb,4587af35-9557-4b25-b67e-6e44f3a01d2a,2026-09-16T11:00:00Z,esp32_xtensa_lx6_arduino,NATIVE_HARDWARE,xtensa_lx6,ESP32 Xtensa Dual-Core 240MHz,2,0,FreeRTOS (ESP-IDF / Arduino Core),xtensa-esp32-elf-gcc,xtensa-esp32-elf-gcc (Espressif),-O2,mlkem-native,v1.2.0 (2507ff79a0acfec6e94a9a83709b5774491fdbb6),ML-KEM-512,decapsulation,64,7440000,268028,True,
5f5ec8df-4082-4658-a53d-ac5fec1c5efb,4587af35-9557-4b25-b67e-6e44f3a01d2a,2026-09-16T11:00:00Z,esp32_xtensa_lx6_arduino,NATIVE_HARDWARE,xtensa_lx6,ESP32 Xtensa Dual-Core 240MHz,2,0,FreeRTOS (ESP-IDF / Arduino Core),xtensa-esp32-elf-gcc,xtensa-esp32-elf-gcc (Espressif),-O2,mlkem-native,v1.2.0 (2507ff79a0acfec6e94a9a83709b5774491fdbb6),ML-KEM-512,keygen,65,4810000,268028,True,
5f5ec8df-4082-4658-a53d-ac5fec1c5efb,4587af35-9557-4b25-b67e-6e44f3a01d2a,2026-09-16T11:00:00Z,esp32_xtensa_lx6_arduino,NATIVE_HARDWARE,xtensa_lx6,ESP32 Xtensa Dual-Core 240MHz,2,0,FreeRTOS (ESP-IDF / Arduino Core),xtensa-esp32-elf-gcc,xtensa-esp32-elf-gcc (Espressif),-O2,mlkem-native,v1.2.0 (2507ff79a0acfec6e94a9a83709b5774491fdbb6),ML-KEM-512,encapsulation,65,5729000,268028,True,
5f5ec8df-4082-4658-a53d-ac5fec1c5efb,4587af35-9557-4b25-b67e-6e44f3a01d2a,2026-09-16T11:00:00Z,esp32_xtensa_lx6_arduino,NATIVE_HARDWARE,xtensa_lx6,ESP32 Xtensa Dual-Core 240MHz,2,0,FreeRTOS (ESP-IDF / Arduino Core),xtensa-esp32-elf-gcc,xtensa-esp32-elf-gcc (Espressif),-O2,mlkem-native,v1.2.0 (2507ff79a0acfec6e94a9a83709b5774491fdbb6),ML-KEM-512,decapsulation,65,7440000,268028,True,
5f5ec8df-4082-4658-a53d-ac5fec1c5efb,4587af35-9557-4b25-b67e-6e44f3a01d2a,2026-09-16T11:00:00Z,esp32_xtensa_lx6_arduino,NATIVE_HARDWARE,xtensa_lx6,ESP32 Xtensa Dual-Core 240MHz,2,0,FreeRTOS (ESP-IDF / Arduino Core),xtensa-esp32-elf-gcc,xtensa-esp32-elf-gcc (Espressif),-O2,mlkem-native,v1.2.0 (2507ff79a0acfec6e94a9a83709b5774491fdbb6),ML-KEM-512,keygen,66,4807000,268028,True,
5f5ec8df-4082-4658-a53d-ac5fec1c5efb,4587af35-9557-4b25-b67e-6e44f3a01d2a,2026-09-16T11:00:00Z,esp32_xtensa_lx6_arduino,NATIVE_HARDWARE,xtensa_lx6,ESP32 Xtensa Dual-Core 240MHz,2,0,FreeRTOS (ESP-IDF / Arduino Core),xtensa-esp32-elf-gcc,xtensa-esp32-elf-gcc (Espressif),-O2,mlkem-native,v1.2.0 (2507ff79a0acfec6e94a9a83709b5774491fdbb6),ML-KEM-512,encapsulation,66,5729000,268028,True,
5f5ec8df-4082-4658-a53d-ac5fec1c5efb,4587af35-9557-4b25-b67e-6e44f3a01d2a,2026-09-16T11:00:00Z,esp32_xtensa_lx6_arduino,NATIVE_HARDWARE,xtensa_lx6,ESP32 Xtensa Dual-Core 240MHz,2,0,FreeRTOS (ESP-IDF / Arduino Core),xtensa-esp32-elf-gcc,xtensa-esp32-elf-gcc (Espressif),-O2,mlkem-native,v1.2.0 (2507ff79a0acfec6e94a9a83709b5774491fdbb6),ML-KEM-512,decapsulation,66,7436000,268028,True,
5f5ec8df-4082-4658-a53d-ac5fec1c5efb,4587af35-9557-4b25-b67e-6e44f3a01d2a,2026-09-16T11:00:00Z,esp32_xtensa_lx6_arduino,NATIVE_HARDWARE,xtensa_lx6,ESP32 Xtensa Dual-Core 240MHz,2,0,FreeRTOS (ESP-IDF / Arduino Core),xtensa-esp32-elf-gcc,xtensa-esp32-elf-gcc (Espressif),-O2,mlkem-native,v1.2.0 (2507ff79a0acfec6e94a9a83709b5774491fdbb6),ML-KEM-512,keygen,67,4809000,268028,True,
5f5ec8df-4082-4658-a53d-ac5fec1c5efb,4587af35-9557-4b25-b67e-6e44f3a01d2a,2026-09-16T11:00:00Z,esp32_xtensa_lx6_arduino,NATIVE_HARDWARE,xtensa_lx6,ESP32 Xtensa Dual-Core 240MHz,2,0,FreeRTOS (ESP-IDF / Arduino Core),xtensa-esp32-elf-gcc,xtensa-esp32-elf-gcc (Espressif),-O2,mlkem-native,v1.2.0 (2507ff79a0acfec6e94a9a83709b5774491fdbb6),ML-KEM-512,encapsulation,67,5724000,268028,True,
5f5ec8df-4082-4658-a53d-ac5fec1c5efb,4587af35-9557-4b25-b67e-6e44f3a01d2a,2026-09-16T11:00:00Z,esp32_xtensa_lx6_arduino,NATIVE_HARDWARE,xtensa_lx6,ESP32 Xtensa Dual-Core 240MHz,2,0,FreeRTOS (ESP-IDF / Arduino Core),xtensa-esp32-elf-gcc,xtensa-esp32-elf-gcc (Espressif),-O2,mlkem-native,v1.2.0 (2507ff79a0acfec6e94a9a83709b5774491fdbb6),ML-KEM-512,decapsulation,67,7436000,268028,True,
5f5ec8df-4082-4658-a53d-ac5fec1c5efb,4587af35-9557-4b25-b67e-6e44f3a01d2a,2026-09-16T11:00:00Z,esp32_xtensa_lx6_arduino,NATIVE_HARDWARE,xtensa_lx6,ESP32 Xtensa Dual-Core 240MHz,2,0,FreeRTOS (ESP-IDF / Arduino Core),xtensa-esp32-elf-gcc,xtensa-esp32-elf-gcc (Espressif),-O2,mlkem-native,v1.2.0 (2507ff79a0acfec6e94a9a83709b5774491fdbb6),ML-KEM-512,keygen,68,4810000,268028,True,
5f5ec8df-4082-4658-a53d-ac5fec1c5efb,4587af35-9557-4b25-b67e-6e44f3a01d2a,2026-09-16T11:00:00Z,esp32_xtensa_lx6_arduino,NATIVE_HARDWARE,xtensa_lx6,ESP32 Xtensa Dual-Core 240MHz,2,0,FreeRTOS (ESP-IDF / Arduino Core),xtensa-esp32-elf-gcc,xtensa-esp32-elf-gcc (Espressif),-O2,mlkem-native,v1.2.0 (2507ff79a0acfec6e94a9a83709b5774491fdbb6),ML-KEM-512,encapsulation,68,5725000,268028,True,
5f5ec8df-4082-4658-a53d-ac5fec1c5efb,4587af35-9557-4b25-b67e-6e44f3a01d2a,2026-09-16T11:00:00Z,esp32_xtensa_lx6_arduino,NATIVE_HARDWARE,xtensa_lx6,ESP32 Xtensa Dual-Core 240MHz,2,0,FreeRTOS (ESP-IDF / Arduino Core),xtensa-esp32-elf-gcc,xtensa-esp32-elf-gcc (Espressif),-O2,mlkem-native,v1.2.0 (2507ff79a0acfec6e94a9a83709b5774491fdbb6),ML-KEM-512,decapsulation,68,7441000,268028,True,
5f5ec8df-4082-4658-a53d-ac5fec1c5efb,4587af35-9557-4b25-b67e-6e44f3a01d2a,2026-09-16T11:00:00Z,esp32_xtensa_lx6_arduino,NATIVE_HARDWARE,xtensa_lx6,ESP32 Xtensa Dual-Core 240MHz,2,0,FreeRTOS (ESP-IDF / Arduino Core),xtensa-esp32-elf-gcc,xtensa-esp32-elf-gcc (Espressif),-O2,mlkem-native,v1.2.0 (2507ff79a0acfec6e94a9a83709b5774491fdbb6),ML-KEM-512,keygen,69,4811000,268028,True,
5f5ec8df-4082-4658-a53d-ac5fec1c5efb,4587af35-9557-4b25-b67e-6e44f3a01d2a,2026-09-16T11:00:00Z,esp32_xtensa_lx6_arduino,NATIVE_HARDWARE,xtensa_lx6,ESP32 Xtensa Dual-Core 240MHz,2,0,FreeRTOS (ESP-IDF / Arduino Core),xtensa-esp32-elf-gcc,xtensa-esp32-elf-gcc (Espressif),-O2,mlkem-native,v1.2.0 (2507ff79a0acfec6e94a9a83709b5774491fdbb6),ML-KEM-512,encapsulation,69,5729000,268028,True,
5f5ec8df-4082-4658-a53d-ac5fec1c5efb,4587af35-9557-4b25-b67e-6e44f3a01d2a,2026-09-16T11:00:00Z,esp32_xtensa_lx6_arduino,NATIVE_HARDWARE,xtensa_lx6,ESP32 Xtensa Dual-Core 240MHz,2,0,FreeRTOS (ESP-IDF / Arduino Core),xtensa-esp32-elf-gcc,xtensa-esp32-elf-gcc (Espressif),-O2,mlkem-native,v1.2.0 (2507ff79a0acfec6e94a9a83709b5774491fdbb6),ML-KEM-512,decapsulation,69,7441000,268028,True,
5f5ec8df-4082-4658-a53d-ac5fec1c5efb,4587af35-9557-4b25-b67e-6e44f3a01d2a,2026-09-16T11:00:00Z,esp32_xtensa_lx6_arduino,NATIVE_HARDWARE,xtensa_lx6,ESP32 Xtensa Dual-Core 240MHz,2,0,FreeRTOS (ESP-IDF / Arduino Core),xtensa-esp32-elf-gcc,xtensa-esp32-elf-gcc (Espressif),-O2,mlkem-native,v1.2.0 (2507ff79a0acfec6e94a9a83709b5774491fdbb6),ML-KEM-512,keygen,70,4810000,268028,True,
5f5ec8df-4082-4658-a53d-ac5fec1c5efb,4587af35-9557-4b25-b67e-6e44f3a01d2a,2026-09-16T11:00:00Z,esp32_xtensa_lx6_arduino,NATIVE_HARDWARE,xtensa_lx6,ESP32 Xtensa Dual-Core 240MHz,2,0,FreeRTOS (ESP-IDF / Arduino Core),xtensa-esp32-elf-gcc,xtensa-esp32-elf-gcc (Espressif),-O2,mlkem-native,v1.2.0 (2507ff79a0acfec6e94a9a83709b5774491fdbb6),ML-KEM-512,encapsulation,70,5730000,268028,True,
5f5ec8df-4082-4658-a53d-ac5fec1c5efb,4587af35-9557-4b25-b67e-6e44f3a01d2a,2026-09-16T11:00:00Z,esp32_xtensa_lx6_arduino,NATIVE_HARDWARE,xtensa_lx6,ESP32 Xtensa Dual-Core 240MHz,2,0,FreeRTOS (ESP-IDF / Arduino Core),xtensa-esp32-elf-gcc,xtensa-esp32-elf-gcc (Espressif),-O2,mlkem-native,v1.2.0 (2507ff79a0acfec6e94a9a83709b5774491fdbb6),ML-KEM-512,decapsulation,70,7437000,268028,True,
5f5ec8df-4082-4658-a53d-ac5fec1c5efb,4587af35-9557-4b25-b67e-6e44f3a01d2a,2026-09-16T11:00:00Z,esp32_xtensa_lx6_arduino,NATIVE_HARDWARE,xtensa_lx6,ESP32 Xtensa Dual-Core 240MHz,2,0,FreeRTOS (ESP-IDF / Arduino Core),xtensa-esp32-elf-gcc,xtensa-esp32-elf-gcc (Espressif),-O2,mlkem-native,v1.2.0 (2507ff79a0acfec6e94a9a83709b5774491fdbb6),ML-KEM-512,keygen,71,4810000,268028,True,
5f5ec8df-4082-4658-a53d-ac5fec1c5efb,4587af35-9557-4b25-b67e-6e44f3a01d2a,2026-09-16T11:00:00Z,esp32_xtensa_lx6_arduino,NATIVE_HARDWARE,xtensa_lx6,ESP32 Xtensa Dual-Core 240MHz,2,0,FreeRTOS (ESP-IDF / Arduino Core),xtensa-esp32-elf-gcc,xtensa-esp32-elf-gcc (Espressif),-O2,mlkem-native,v1.2.0 (2507ff79a0acfec6e94a9a83709b5774491fdbb6),ML-KEM-512,encapsulation,71,5726000,268028,True,
5f5ec8df-4082-4658-a53d-ac5fec1c5efb,4587af35-9557-4b25-b67e-6e44f3a01d2a,2026-09-16T11:00:00Z,esp32_xtensa_lx6_arduino,NATIVE_HARDWARE,xtensa_lx6,ESP32 Xtensa Dual-Core 240MHz,2,0,FreeRTOS (ESP-IDF / Arduino Core),xtensa-esp32-elf-gcc,xtensa-esp32-elf-gcc (Espressif),-O2,mlkem-native,v1.2.0 (2507ff79a0acfec6e94a9a83709b5774491fdbb6),ML-KEM-512,decapsulation,71,7436000,268028,True,
5f5ec8df-4082-4658-a53d-ac5fec1c5efb,4587af35-9557-4b25-b67e-6e44f3a01d2a,2026-09-16T11:00:00Z,esp32_xtensa_lx6_arduino,NATIVE_HARDWARE,xtensa_lx6,ESP32 Xtensa Dual-Core 240MHz,2,0,FreeRTOS (ESP-IDF / Arduino Core),xtensa-esp32-elf-gcc,xtensa-esp32-elf-gcc (Espressif),-O2,mlkem-native,v1.2.0 (2507ff79a0acfec6e94a9a83709b5774491fdbb6),ML-KEM-512,keygen,72,4808000,268028,True,
5f5ec8df-4082-4658-a53d-ac5fec1c5efb,4587af35-9557-4b25-b67e-6e44f3a01d2a,2026-09-16T11:00:00Z,esp32_xtensa_lx6_arduino,NATIVE_HARDWARE,xtensa_lx6,ESP32 Xtensa Dual-Core 240MHz,2,0,FreeRTOS (ESP-IDF / Arduino Core),xtensa-esp32-elf-gcc,xtensa-esp32-elf-gcc (Espressif),-O2,mlkem-native,v1.2.0 (2507ff79a0acfec6e94a9a83709b5774491fdbb6),ML-KEM-512,encapsulation,72,5728000,268028,True,
5f5ec8df-4082-4658-a53d-ac5fec1c5efb,4587af35-9557-4b25-b67e-6e44f3a01d2a,2026-09-16T11:00:00Z,esp32_xtensa_lx6_arduino,NATIVE_HARDWARE,xtensa_lx6,ESP32 Xtensa Dual-Core 240MHz,2,0,FreeRTOS (ESP-IDF / Arduino Core),xtensa-esp32-elf-gcc,xtensa-esp32-elf-gcc (Espressif),-O2,mlkem-native,v1.2.0 (2507ff79a0acfec6e94a9a83709b5774491fdbb6),ML-KEM-512,decapsulation,72,7439000,268028,True,
5f5ec8df-4082-4658-a53d-ac5fec1c5efb,4587af35-9557-4b25-b67e-6e44f3a01d2a,2026-09-16T11:00:00Z,esp32_xtensa_lx6_arduino,NATIVE_HARDWARE,xtensa_lx6,ESP32 Xtensa Dual-Core 240MHz,2,0,FreeRTOS (ESP-IDF / Arduino Core),xtensa-esp32-elf-gcc,xtensa-esp32-elf-gcc (Espressif),-O2,mlkem-native,v1.2.0 (2507ff79a0acfec6e94a9a83709b5774491fdbb6),ML-KEM-512,keygen,73,4806000,268028,True,
5f5ec8df-4082-4658-a53d-ac5fec1c5efb,4587af35-9557-4b25-b67e-6e44f3a01d2a,2026-09-16T11:00:00Z,esp32_xtensa_lx6_arduino,NATIVE_HARDWARE,xtensa_lx6,ESP32 Xtensa Dual-Core 240MHz,2,0,FreeRTOS (ESP-IDF / Arduino Core),xtensa-esp32-elf-gcc,xtensa-esp32-elf-gcc (Espressif),-O2,mlkem-native,v1.2.0 (2507ff79a0acfec6e94a9a83709b5774491fdbb6),ML-KEM-512,encapsulation,73,5729000,268028,True,
5f5ec8df-4082-4658-a53d-ac5fec1c5efb,4587af35-9557-4b25-b67e-6e44f3a01d2a,2026-09-16T11:00:00Z,esp32_xtensa_lx6_arduino,NATIVE_HARDWARE,xtensa_lx6,ESP32 Xtensa Dual-Core 240MHz,2,0,FreeRTOS (ESP-IDF / Arduino Core),xtensa-esp32-elf-gcc,xtensa-esp32-elf-gcc (Espressif),-O2,mlkem-native,v1.2.0 (2507ff79a0acfec6e94a9a83709b5774491fdbb6),ML-KEM-512,decapsulation,73,7437000,268028,True,
5f5ec8df-4082-4658-a53d-ac5fec1c5efb,4587af35-9557-4b25-b67e-6e44f3a01d2a,2026-09-16T11:00:00Z,esp32_xtensa_lx6_arduino,NATIVE_HARDWARE,xtensa_lx6,ESP32 Xtensa Dual-Core 240MHz,2,0,FreeRTOS (ESP-IDF / Arduino Core),xtensa-esp32-elf-gcc,xtensa-esp32-elf-gcc (Espressif),-O2,mlkem-native,v1.2.0 (2507ff79a0acfec6e94a9a83709b5774491fdbb6),ML-KEM-512,keygen,74,4809000,268028,True,
5f5ec8df-4082-4658-a53d-ac5fec1c5efb,4587af35-9557-4b25-b67e-6e44f3a01d2a,2026-09-16T11:00:00Z,esp32_xtensa_lx6_arduino,NATIVE_HARDWARE,xtensa_lx6,ESP32 Xtensa Dual-Core 240MHz,2,0,FreeRTOS (ESP-IDF / Arduino Core),xtensa-esp32-elf-gcc,xtensa-esp32-elf-gcc (Espressif),-O2,mlkem-native,v1.2.0 (2507ff79a0acfec6e94a9a83709b5774491fdbb6),ML-KEM-512,encapsulation,74,5729000,268028,True,
5f5ec8df-4082-4658-a53d-ac5fec1c5efb,4587af35-9557-4b25-b67e-6e44f3a01d2a,2026-09-16T11:00:00Z,esp32_xtensa_lx6_arduino,NATIVE_HARDWARE,xtensa_lx6,ESP32 Xtensa Dual-Core 240MHz,2,0,FreeRTOS (ESP-IDF / Arduino Core),xtensa-esp32-elf-gcc,xtensa-esp32-elf-gcc (Espressif),-O2,mlkem-native,v1.2.0 (2507ff79a0acfec6e94a9a83709b5774491fdbb6),ML-KEM-512,decapsulation,74,7436000,268028,True,
5f5ec8df-4082-4658-a53d-ac5fec1c5efb,4587af35-9557-4b25-b67e-6e44f3a01d2a,2026-09-16T11:00:00Z,esp32_xtensa_lx6_arduino,NATIVE_HARDWARE,xtensa_lx6,ESP32 Xtensa Dual-Core 240MHz,2,0,FreeRTOS (ESP-IDF / Arduino Core),xtensa-esp32-elf-gcc,xtensa-esp32-elf-gcc (Espressif),-O2,mlkem-native,v1.2.0 (2507ff79a0acfec6e94a9a83709b5774491fdbb6),ML-KEM-512,keygen,75,4810000,268028,True,
5f5ec8df-4082-4658-a53d-ac5fec1c5efb,4587af35-9557-4b25-b67e-6e44f3a01d2a,2026-09-16T11:00:00Z,esp32_xtensa_lx6_arduino,NATIVE_HARDWARE,xtensa_lx6,ESP32 Xtensa Dual-Core 240MHz,2,0,FreeRTOS (ESP-IDF / Arduino Core),xtensa-esp32-elf-gcc,xtensa-esp32-elf-gcc (Espressif),-O2,mlkem-native,v1.2.0 (2507ff79a0acfec6e94a9a83709b5774491fdbb6),ML-KEM-512,encapsulation,75,5726000,268028,True,
5f5ec8df-4082-4658-a53d-ac5fec1c5efb,4587af35-9557-4b25-b67e-6e44f3a01d2a,2026-09-16T11:00:00Z,esp32_xtensa_lx6_arduino,NATIVE_HARDWARE,xtensa_lx6,ESP32 Xtensa Dual-Core 240MHz,2,0,FreeRTOS (ESP-IDF / Arduino Core),xtensa-esp32-elf-gcc,xtensa-esp32-elf-gcc (Espressif),-O2,mlkem-native,v1.2.0 (2507ff79a0acfec6e94a9a83709b5774491fdbb6),ML-KEM-512,decapsulation,75,7441000,268028,True,
5f5ec8df-4082-4658-a53d-ac5fec1c5efb,4587af35-9557-4b25-b67e-6e44f3a01d2a,2026-09-16T11:00:00Z,esp32_xtensa_lx6_arduino,NATIVE_HARDWARE,xtensa_lx6,ESP32 Xtensa Dual-Core 240MHz,2,0,FreeRTOS (ESP-IDF / Arduino Core),xtensa-esp32-elf-gcc,xtensa-esp32-elf-gcc (Espressif),-O2,mlkem-native,v1.2.0 (2507ff79a0acfec6e94a9a83709b5774491fdbb6),ML-KEM-512,keygen,76,4810000,268028,True,
5f5ec8df-4082-4658-a53d-ac5fec1c5efb,4587af35-9557-4b25-b67e-6e44f3a01d2a,2026-09-16T11:00:00Z,esp32_xtensa_lx6_arduino,NATIVE_HARDWARE,xtensa_lx6,ESP32 Xtensa Dual-Core 240MHz,2,0,FreeRTOS (ESP-IDF / Arduino Core),xtensa-esp32-elf-gcc,xtensa-esp32-elf-gcc (Espressif),-O2,mlkem-native,v1.2.0 (2507ff79a0acfec6e94a9a83709b5774491fdbb6),ML-KEM-512,encapsulation,76,5728000,268028,True,
5f5ec8df-4082-4658-a53d-ac5fec1c5efb,4587af35-9557-4b25-b67e-6e44f3a01d2a,2026-09-16T11:00:00Z,esp32_xtensa_lx6_arduino,NATIVE_HARDWARE,xtensa_lx6,ESP32 Xtensa Dual-Core 240MHz,2,0,FreeRTOS (ESP-IDF / Arduino Core),xtensa-esp32-elf-gcc,xtensa-esp32-elf-gcc (Espressif),-O2,mlkem-native,v1.2.0 (2507ff79a0acfec6e94a9a83709b5774491fdbb6),ML-KEM-512,decapsulation,76,7439000,268028,True,
5f5ec8df-4082-4658-a53d-ac5fec1c5efb,4587af35-9557-4b25-b67e-6e44f3a01d2a,2026-09-16T11:00:00Z,esp32_xtensa_lx6_arduino,NATIVE_HARDWARE,xtensa_lx6,ESP32 Xtensa Dual-Core 240MHz,2,0,FreeRTOS (ESP-IDF / Arduino Core),xtensa-esp32-elf-gcc,xtensa-esp32-elf-gcc (Espressif),-O2,mlkem-native,v1.2.0 (2507ff79a0acfec6e94a9a83709b5774491fdbb6),ML-KEM-512,keygen,77,5179000,268028,True,
5f5ec8df-4082-4658-a53d-ac5fec1c5efb,4587af35-9557-4b25-b67e-6e44f3a01d2a,2026-09-16T11:00:00Z,esp32_xtensa_lx6_arduino,NATIVE_HARDWARE,xtensa_lx6,ESP32 Xtensa Dual-Core 240MHz,2,0,FreeRTOS (ESP-IDF / Arduino Core),xtensa-esp32-elf-gcc,xtensa-esp32-elf-gcc (Espressif),-O2,mlkem-native,v1.2.0 (2507ff79a0acfec6e94a9a83709b5774491fdbb6),ML-KEM-512,encapsulation,77,6099000,268028,True,
5f5ec8df-4082-4658-a53d-ac5fec1c5efb,4587af35-9557-4b25-b67e-6e44f3a01d2a,2026-09-16T11:00:00Z,esp32_xtensa_lx6_arduino,NATIVE_HARDWARE,xtensa_lx6,ESP32 Xtensa Dual-Core 240MHz,2,0,FreeRTOS (ESP-IDF / Arduino Core),xtensa-esp32-elf-gcc,xtensa-esp32-elf-gcc (Espressif),-O2,mlkem-native,v1.2.0 (2507ff79a0acfec6e94a9a83709b5774491fdbb6),ML-KEM-512,decapsulation,77,7811000,268028,True,
5f5ec8df-4082-4658-a53d-ac5fec1c5efb,4587af35-9557-4b25-b67e-6e44f3a01d2a,2026-09-16T11:00:00Z,esp32_xtensa_lx6_arduino,NATIVE_HARDWARE,xtensa_lx6,ESP32 Xtensa Dual-Core 240MHz,2,0,FreeRTOS (ESP-IDF / Arduino Core),xtensa-esp32-elf-gcc,xtensa-esp32-elf-gcc (Espressif),-O2,mlkem-native,v1.2.0 (2507ff79a0acfec6e94a9a83709b5774491fdbb6),ML-KEM-512,keygen,78,4810000,268028,True,
5f5ec8df-4082-4658-a53d-ac5fec1c5efb,4587af35-9557-4b25-b67e-6e44f3a01d2a,2026-09-16T11:00:00Z,esp32_xtensa_lx6_arduino,NATIVE_HARDWARE,xtensa_lx6,ESP32 Xtensa Dual-Core 240MHz,2,0,FreeRTOS (ESP-IDF / Arduino Core),xtensa-esp32-elf-gcc,xtensa-esp32-elf-gcc (Espressif),-O2,mlkem-native,v1.2.0 (2507ff79a0acfec6e94a9a83709b5774491fdbb6),ML-KEM-512,encapsulation,78,5726000,268028,True,
5f5ec8df-4082-4658-a53d-ac5fec1c5efb,4587af35-9557-4b25-b67e-6e44f3a01d2a,2026-09-16T11:00:00Z,esp32_xtensa_lx6_arduino,NATIVE_HARDWARE,xtensa_lx6,ESP32 Xtensa Dual-Core 240MHz,2,0,FreeRTOS (ESP-IDF / Arduino Core),xtensa-esp32-elf-gcc,xtensa-esp32-elf-gcc (Espressif),-O2,mlkem-native,v1.2.0 (2507ff79a0acfec6e94a9a83709b5774491fdbb6),ML-KEM-512,decapsulation,78,7437000,268028,True,
5f5ec8df-4082-4658-a53d-ac5fec1c5efb,4587af35-9557-4b25-b67e-6e44f3a01d2a,2026-09-16T11:00:00Z,esp32_xtensa_lx6_arduino,NATIVE_HARDWARE,xtensa_lx6,ESP32 Xtensa Dual-Core 240MHz,2,0,FreeRTOS (ESP-IDF / Arduino Core),xtensa-esp32-elf-gcc,xtensa-esp32-elf-gcc (Espressif),-O2,mlkem-native,v1.2.0 (2507ff79a0acfec6e94a9a83709b5774491fdbb6),ML-KEM-512,keygen,79,4810000,268028,True,
5f5ec8df-4082-4658-a53d-ac5fec1c5efb,4587af35-9557-4b25-b67e-6e44f3a01d2a,2026-09-16T11:00:00Z,esp32_xtensa_lx6_arduino,NATIVE_HARDWARE,xtensa_lx6,ESP32 Xtensa Dual-Core 240MHz,2,0,FreeRTOS (ESP-IDF / Arduino Core),xtensa-esp32-elf-gcc,xtensa-esp32-elf-gcc (Espressif),-O2,mlkem-native,v1.2.0 (2507ff79a0acfec6e94a9a83709b5774491fdbb6),ML-KEM-512,encapsulation,79,5729000,268028,True,
5f5ec8df-4082-4658-a53d-ac5fec1c5efb,4587af35-9557-4b25-b67e-6e44f3a01d2a,2026-09-16T11:00:00Z,esp32_xtensa_lx6_arduino,NATIVE_HARDWARE,xtensa_lx6,ESP32 Xtensa Dual-Core 240MHz,2,0,FreeRTOS (ESP-IDF / Arduino Core),xtensa-esp32-elf-gcc,xtensa-esp32-elf-gcc (Espressif),-O2,mlkem-native,v1.2.0 (2507ff79a0acfec6e94a9a83709b5774491fdbb6),ML-KEM-512,decapsulation,79,7442000,268028,True,
5f5ec8df-4082-4658-a53d-ac5fec1c5efb,4587af35-9557-4b25-b67e-6e44f3a01d2a,2026-09-16T11:00:00Z,esp32_xtensa_lx6_arduino,NATIVE_HARDWARE,xtensa_lx6,ESP32 Xtensa Dual-Core 240MHz,2,0,FreeRTOS (ESP-IDF / Arduino Core),xtensa-esp32-elf-gcc,xtensa-esp32-elf-gcc (Espressif),-O2,mlkem-native,v1.2.0 (2507ff79a0acfec6e94a9a83709b5774491fdbb6),ML-KEM-512,keygen,80,4811000,268028,True,
5f5ec8df-4082-4658-a53d-ac5fec1c5efb,4587af35-9557-4b25-b67e-6e44f3a01d2a,2026-09-16T11:00:00Z,esp32_xtensa_lx6_arduino,NATIVE_HARDWARE,xtensa_lx6,ESP32 Xtensa Dual-Core 240MHz,2,0,FreeRTOS (ESP-IDF / Arduino Core),xtensa-esp32-elf-gcc,xtensa-esp32-elf-gcc (Espressif),-O2,mlkem-native,v1.2.0 (2507ff79a0acfec6e94a9a83709b5774491fdbb6),ML-KEM-512,encapsulation,80,5730000,268028,True,
5f5ec8df-4082-4658-a53d-ac5fec1c5efb,4587af35-9557-4b25-b67e-6e44f3a01d2a,2026-09-16T11:00:00Z,esp32_xtensa_lx6_arduino,NATIVE_HARDWARE,xtensa_lx6,ESP32 Xtensa Dual-Core 240MHz,2,0,FreeRTOS (ESP-IDF / Arduino Core),xtensa-esp32-elf-gcc,xtensa-esp32-elf-gcc (Espressif),-O2,mlkem-native,v1.2.0 (2507ff79a0acfec6e94a9a83709b5774491fdbb6),ML-KEM-512,decapsulation,80,7437000,268028,True,
5f5ec8df-4082-4658-a53d-ac5fec1c5efb,4587af35-9557-4b25-b67e-6e44f3a01d2a,2026-09-16T11:00:00Z,esp32_xtensa_lx6_arduino,NATIVE_HARDWARE,xtensa_lx6,ESP32 Xtensa Dual-Core 240MHz,2,0,FreeRTOS (ESP-IDF / Arduino Core),xtensa-esp32-elf-gcc,xtensa-esp32-elf-gcc (Espressif),-O2,mlkem-native,v1.2.0 (2507ff79a0acfec6e94a9a83709b5774491fdbb6),ML-KEM-512,keygen,81,4810000,268028,True,
5f5ec8df-4082-4658-a53d-ac5fec1c5efb,4587af35-9557-4b25-b67e-6e44f3a01d2a,2026-09-16T11:00:00Z,esp32_xtensa_lx6_arduino,NATIVE_HARDWARE,xtensa_lx6,ESP32 Xtensa Dual-Core 240MHz,2,0,FreeRTOS (ESP-IDF / Arduino Core),xtensa-esp32-elf-gcc,xtensa-esp32-elf-gcc (Espressif),-O2,mlkem-native,v1.2.0 (2507ff79a0acfec6e94a9a83709b5774491fdbb6),ML-KEM-512,encapsulation,81,5729000,268028,True,
5f5ec8df-4082-4658-a53d-ac5fec1c5efb,4587af35-9557-4b25-b67e-6e44f3a01d2a,2026-09-16T11:00:00Z,esp32_xtensa_lx6_arduino,NATIVE_HARDWARE,xtensa_lx6,ESP32 Xtensa Dual-Core 240MHz,2,0,FreeRTOS (ESP-IDF / Arduino Core),xtensa-esp32-elf-gcc,xtensa-esp32-elf-gcc (Espressif),-O2,mlkem-native,v1.2.0 (2507ff79a0acfec6e94a9a83709b5774491fdbb6),ML-KEM-512,decapsulation,81,7437000,268028,True,
5f5ec8df-4082-4658-a53d-ac5fec1c5efb,4587af35-9557-4b25-b67e-6e44f3a01d2a,2026-09-16T11:00:00Z,esp32_xtensa_lx6_arduino,NATIVE_HARDWARE,xtensa_lx6,ESP32 Xtensa Dual-Core 240MHz,2,0,FreeRTOS (ESP-IDF / Arduino Core),xtensa-esp32-elf-gcc,xtensa-esp32-elf-gcc (Espressif),-O2,mlkem-native,v1.2.0 (2507ff79a0acfec6e94a9a83709b5774491fdbb6),ML-KEM-512,keygen,82,4811000,268028,True,
5f5ec8df-4082-4658-a53d-ac5fec1c5efb,4587af35-9557-4b25-b67e-6e44f3a01d2a,2026-09-16T11:00:00Z,esp32_xtensa_lx6_arduino,NATIVE_HARDWARE,xtensa_lx6,ESP32 Xtensa Dual-Core 240MHz,2,0,FreeRTOS (ESP-IDF / Arduino Core),xtensa-esp32-elf-gcc,xtensa-esp32-elf-gcc (Espressif),-O2,mlkem-native,v1.2.0 (2507ff79a0acfec6e94a9a83709b5774491fdbb6),ML-KEM-512,encapsulation,82,5725000,268028,True,
5f5ec8df-4082-4658-a53d-ac5fec1c5efb,4587af35-9557-4b25-b67e-6e44f3a01d2a,2026-09-16T11:00:00Z,esp32_xtensa_lx6_arduino,NATIVE_HARDWARE,xtensa_lx6,ESP32 Xtensa Dual-Core 240MHz,2,0,FreeRTOS (ESP-IDF / Arduino Core),xtensa-esp32-elf-gcc,xtensa-esp32-elf-gcc (Espressif),-O2,mlkem-native,v1.2.0 (2507ff79a0acfec6e94a9a83709b5774491fdbb6),ML-KEM-512,decapsulation,82,7438000,268028,True,
5f5ec8df-4082-4658-a53d-ac5fec1c5efb,4587af35-9557-4b25-b67e-6e44f3a01d2a,2026-09-16T11:00:00Z,esp32_xtensa_lx6_arduino,NATIVE_HARDWARE,xtensa_lx6,ESP32 Xtensa Dual-Core 240MHz,2,0,FreeRTOS (ESP-IDF / Arduino Core),xtensa-esp32-elf-gcc,xtensa-esp32-elf-gcc (Espressif),-O2,mlkem-native,v1.2.0 (2507ff79a0acfec6e94a9a83709b5774491fdbb6),ML-KEM-512,keygen,83,4808000,268028,True,
5f5ec8df-4082-4658-a53d-ac5fec1c5efb,4587af35-9557-4b25-b67e-6e44f3a01d2a,2026-09-16T11:00:00Z,esp32_xtensa_lx6_arduino,NATIVE_HARDWARE,xtensa_lx6,ESP32 Xtensa Dual-Core 240MHz,2,0,FreeRTOS (ESP-IDF / Arduino Core),xtensa-esp32-elf-gcc,xtensa-esp32-elf-gcc (Espressif),-O2,mlkem-native,v1.2.0 (2507ff79a0acfec6e94a9a83709b5774491fdbb6),ML-KEM-512,encapsulation,83,5723000,268028,True,
5f5ec8df-4082-4658-a53d-ac5fec1c5efb,4587af35-9557-4b25-b67e-6e44f3a01d2a,2026-09-16T11:00:00Z,esp32_xtensa_lx6_arduino,NATIVE_HARDWARE,xtensa_lx6,ESP32 Xtensa Dual-Core 240MHz,2,0,FreeRTOS (ESP-IDF / Arduino Core),xtensa-esp32-elf-gcc,xtensa-esp32-elf-gcc (Espressif),-O2,mlkem-native,v1.2.0 (2507ff79a0acfec6e94a9a83709b5774491fdbb6),ML-KEM-512,decapsulation,83,7439000,268028,True,
5f5ec8df-4082-4658-a53d-ac5fec1c5efb,4587af35-9557-4b25-b67e-6e44f3a01d2a,2026-09-16T11:00:00Z,esp32_xtensa_lx6_arduino,NATIVE_HARDWARE,xtensa_lx6,ESP32 Xtensa Dual-Core 240MHz,2,0,FreeRTOS (ESP-IDF / Arduino Core),xtensa-esp32-elf-gcc,xtensa-esp32-elf-gcc (Espressif),-O2,mlkem-native,v1.2.0 (2507ff79a0acfec6e94a9a83709b5774491fdbb6),ML-KEM-512,keygen,84,4810000,268028,True,
5f5ec8df-4082-4658-a53d-ac5fec1c5efb,4587af35-9557-4b25-b67e-6e44f3a01d2a,2026-09-16T11:00:00Z,esp32_xtensa_lx6_arduino,NATIVE_HARDWARE,xtensa_lx6,ESP32 Xtensa Dual-Core 240MHz,2,0,FreeRTOS (ESP-IDF / Arduino Core),xtensa-esp32-elf-gcc,xtensa-esp32-elf-gcc (Espressif),-O2,mlkem-native,v1.2.0 (2507ff79a0acfec6e94a9a83709b5774491fdbb6),ML-KEM-512,encapsulation,84,5729000,268028,True,
5f5ec8df-4082-4658-a53d-ac5fec1c5efb,4587af35-9557-4b25-b67e-6e44f3a01d2a,2026-09-16T11:00:00Z,esp32_xtensa_lx6_arduino,NATIVE_HARDWARE,xtensa_lx6,ESP32 Xtensa Dual-Core 240MHz,2,0,FreeRTOS (ESP-IDF / Arduino Core),xtensa-esp32-elf-gcc,xtensa-esp32-elf-gcc (Espressif),-O2,mlkem-native,v1.2.0 (2507ff79a0acfec6e94a9a83709b5774491fdbb6),ML-KEM-512,decapsulation,84,7440000,268028,True,
5f5ec8df-4082-4658-a53d-ac5fec1c5efb,4587af35-9557-4b25-b67e-6e44f3a01d2a,2026-09-16T11:00:00Z,esp32_xtensa_lx6_arduino,NATIVE_HARDWARE,xtensa_lx6,ESP32 Xtensa Dual-Core 240MHz,2,0,FreeRTOS (ESP-IDF / Arduino Core),xtensa-esp32-elf-gcc,xtensa-esp32-elf-gcc (Espressif),-O2,mlkem-native,v1.2.0 (2507ff79a0acfec6e94a9a83709b5774491fdbb6),ML-KEM-512,keygen,85,4811000,268028,True,
5f5ec8df-4082-4658-a53d-ac5fec1c5efb,4587af35-9557-4b25-b67e-6e44f3a01d2a,2026-09-16T11:00:00Z,esp32_xtensa_lx6_arduino,NATIVE_HARDWARE,xtensa_lx6,ESP32 Xtensa Dual-Core 240MHz,2,0,FreeRTOS (ESP-IDF / Arduino Core),xtensa-esp32-elf-gcc,xtensa-esp32-elf-gcc (Espressif),-O2,mlkem-native,v1.2.0 (2507ff79a0acfec6e94a9a83709b5774491fdbb6),ML-KEM-512,encapsulation,85,5731000,268028,True,
5f5ec8df-4082-4658-a53d-ac5fec1c5efb,4587af35-9557-4b25-b67e-6e44f3a01d2a,2026-09-16T11:00:00Z,esp32_xtensa_lx6_arduino,NATIVE_HARDWARE,xtensa_lx6,ESP32 Xtensa Dual-Core 240MHz,2,0,FreeRTOS (ESP-IDF / Arduino Core),xtensa-esp32-elf-gcc,xtensa-esp32-elf-gcc (Espressif),-O2,mlkem-native,v1.2.0 (2507ff79a0acfec6e94a9a83709b5774491fdbb6),ML-KEM-512,decapsulation,85,7438000,268028,True,
5f5ec8df-4082-4658-a53d-ac5fec1c5efb,4587af35-9557-4b25-b67e-6e44f3a01d2a,2026-09-16T11:00:00Z,esp32_xtensa_lx6_arduino,NATIVE_HARDWARE,xtensa_lx6,ESP32 Xtensa Dual-Core 240MHz,2,0,FreeRTOS (ESP-IDF / Arduino Core),xtensa-esp32-elf-gcc,xtensa-esp32-elf-gcc (Espressif),-O2,mlkem-native,v1.2.0 (2507ff79a0acfec6e94a9a83709b5774491fdbb6),ML-KEM-512,keygen,86,4811000,268028,True,
5f5ec8df-4082-4658-a53d-ac5fec1c5efb,4587af35-9557-4b25-b67e-6e44f3a01d2a,2026-09-16T11:00:00Z,esp32_xtensa_lx6_arduino,NATIVE_HARDWARE,xtensa_lx6,ESP32 Xtensa Dual-Core 240MHz,2,0,FreeRTOS (ESP-IDF / Arduino Core),xtensa-esp32-elf-gcc,xtensa-esp32-elf-gcc (Espressif),-O2,mlkem-native,v1.2.0 (2507ff79a0acfec6e94a9a83709b5774491fdbb6),ML-KEM-512,encapsulation,86,5727000,268028,True,
5f5ec8df-4082-4658-a53d-ac5fec1c5efb,4587af35-9557-4b25-b67e-6e44f3a01d2a,2026-09-16T11:00:00Z,esp32_xtensa_lx6_arduino,NATIVE_HARDWARE,xtensa_lx6,ESP32 Xtensa Dual-Core 240MHz,2,0,FreeRTOS (ESP-IDF / Arduino Core),xtensa-esp32-elf-gcc,xtensa-esp32-elf-gcc (Espressif),-O2,mlkem-native,v1.2.0 (2507ff79a0acfec6e94a9a83709b5774491fdbb6),ML-KEM-512,decapsulation,86,7441000,268028,True,
5f5ec8df-4082-4658-a53d-ac5fec1c5efb,4587af35-9557-4b25-b67e-6e44f3a01d2a,2026-09-16T11:00:00Z,esp32_xtensa_lx6_arduino,NATIVE_HARDWARE,xtensa_lx6,ESP32 Xtensa Dual-Core 240MHz,2,0,FreeRTOS (ESP-IDF / Arduino Core),xtensa-esp32-elf-gcc,xtensa-esp32-elf-gcc (Espressif),-O2,mlkem-native,v1.2.0 (2507ff79a0acfec6e94a9a83709b5774491fdbb6),ML-KEM-512,keygen,87,4809000,268028,True,
5f5ec8df-4082-4658-a53d-ac5fec1c5efb,4587af35-9557-4b25-b67e-6e44f3a01d2a,2026-09-16T11:00:00Z,esp32_xtensa_lx6_arduino,NATIVE_HARDWARE,xtensa_lx6,ESP32 Xtensa Dual-Core 240MHz,2,0,FreeRTOS (ESP-IDF / Arduino Core),xtensa-esp32-elf-gcc,xtensa-esp32-elf-gcc (Espressif),-O2,mlkem-native,v1.2.0 (2507ff79a0acfec6e94a9a83709b5774491fdbb6),ML-KEM-512,encapsulation,87,5729000,268028,True,
5f5ec8df-4082-4658-a53d-ac5fec1c5efb,4587af35-9557-4b25-b67e-6e44f3a01d2a,2026-09-16T11:00:00Z,esp32_xtensa_lx6_arduino,NATIVE_HARDWARE,xtensa_lx6,ESP32 Xtensa Dual-Core 240MHz,2,0,FreeRTOS (ESP-IDF / Arduino Core),xtensa-esp32-elf-gcc,xtensa-esp32-elf-gcc (Espressif),-O2,mlkem-native,v1.2.0 (2507ff79a0acfec6e94a9a83709b5774491fdbb6),ML-KEM-512,decapsulation,87,7440000,268028,True,
5f5ec8df-4082-4658-a53d-ac5fec1c5efb,4587af35-9557-4b25-b67e-6e44f3a01d2a,2026-09-16T11:00:00Z,esp32_xtensa_lx6_arduino,NATIVE_HARDWARE,xtensa_lx6,ESP32 Xtensa Dual-Core 240MHz,2,0,FreeRTOS (ESP-IDF / Arduino Core),xtensa-esp32-elf-gcc,xtensa-esp32-elf-gcc (Espressif),-O2,mlkem-native,v1.2.0 (2507ff79a0acfec6e94a9a83709b5774491fdbb6),ML-KEM-512,keygen,88,4806000,268028,True,
5f5ec8df-4082-4658-a53d-ac5fec1c5efb,4587af35-9557-4b25-b67e-6e44f3a01d2a,2026-09-16T11:00:00Z,esp32_xtensa_lx6_arduino,NATIVE_HARDWARE,xtensa_lx6,ESP32 Xtensa Dual-Core 240MHz,2,0,FreeRTOS (ESP-IDF / Arduino Core),xtensa-esp32-elf-gcc,xtensa-esp32-elf-gcc (Espressif),-O2,mlkem-native,v1.2.0 (2507ff79a0acfec6e94a9a83709b5774491fdbb6),ML-KEM-512,encapsulation,88,5729000,268028,True,
5f5ec8df-4082-4658-a53d-ac5fec1c5efb,4587af35-9557-4b25-b67e-6e44f3a01d2a,2026-09-16T11:00:00Z,esp32_xtensa_lx6_arduino,NATIVE_HARDWARE,xtensa_lx6,ESP32 Xtensa Dual-Core 240MHz,2,0,FreeRTOS (ESP-IDF / Arduino Core),xtensa-esp32-elf-gcc,xtensa-esp32-elf-gcc (Espressif),-O2,mlkem-native,v1.2.0 (2507ff79a0acfec6e94a9a83709b5774491fdbb6),ML-KEM-512,decapsulation,88,7436000,268028,True,
5f5ec8df-4082-4658-a53d-ac5fec1c5efb,4587af35-9557-4b25-b67e-6e44f3a01d2a,2026-09-16T11:00:00Z,esp32_xtensa_lx6_arduino,NATIVE_HARDWARE,xtensa_lx6,ESP32 Xtensa Dual-Core 240MHz,2,0,FreeRTOS (ESP-IDF / Arduino Core),xtensa-esp32-elf-gcc,xtensa-esp32-elf-gcc (Espressif),-O2,mlkem-native,v1.2.0 (2507ff79a0acfec6e94a9a83709b5774491fdbb6),ML-KEM-512,keygen,89,4811000,268028,True,
5f5ec8df-4082-4658-a53d-ac5fec1c5efb,4587af35-9557-4b25-b67e-6e44f3a01d2a,2026-09-16T11:00:00Z,esp32_xtensa_lx6_arduino,NATIVE_HARDWARE,xtensa_lx6,ESP32 Xtensa Dual-Core 240MHz,2,0,FreeRTOS (ESP-IDF / Arduino Core),xtensa-esp32-elf-gcc,xtensa-esp32-elf-gcc (Espressif),-O2,mlkem-native,v1.2.0 (2507ff79a0acfec6e94a9a83709b5774491fdbb6),ML-KEM-512,encapsulation,89,5730000,268028,True,
5f5ec8df-4082-4658-a53d-ac5fec1c5efb,4587af35-9557-4b25-b67e-6e44f3a01d2a,2026-09-16T11:00:00Z,esp32_xtensa_lx6_arduino,NATIVE_HARDWARE,xtensa_lx6,ESP32 Xtensa Dual-Core 240MHz,2,0,FreeRTOS (ESP-IDF / Arduino Core),xtensa-esp32-elf-gcc,xtensa-esp32-elf-gcc (Espressif),-O2,mlkem-native,v1.2.0 (2507ff79a0acfec6e94a9a83709b5774491fdbb6),ML-KEM-512,decapsulation,89,7438000,268028,True,
5f5ec8df-4082-4658-a53d-ac5fec1c5efb,4587af35-9557-4b25-b67e-6e44f3a01d2a,2026-09-16T11:00:00Z,esp32_xtensa_lx6_arduino,NATIVE_HARDWARE,xtensa_lx6,ESP32 Xtensa Dual-Core 240MHz,2,0,FreeRTOS (ESP-IDF / Arduino Core),xtensa-esp32-elf-gcc,xtensa-esp32-elf-gcc (Espressif),-O2,mlkem-native,v1.2.0 (2507ff79a0acfec6e94a9a83709b5774491fdbb6),ML-KEM-512,keygen,90,4811000,268028,True,
5f5ec8df-4082-4658-a53d-ac5fec1c5efb,4587af35-9557-4b25-b67e-6e44f3a01d2a,2026-09-16T11:00:00Z,esp32_xtensa_lx6_arduino,NATIVE_HARDWARE,xtensa_lx6,ESP32 Xtensa Dual-Core 240MHz,2,0,FreeRTOS (ESP-IDF / Arduino Core),xtensa-esp32-elf-gcc,xtensa-esp32-elf-gcc (Espressif),-O2,mlkem-native,v1.2.0 (2507ff79a0acfec6e94a9a83709b5774491fdbb6),ML-KEM-512,encapsulation,90,5726000,268028,True,
5f5ec8df-4082-4658-a53d-ac5fec1c5efb,4587af35-9557-4b25-b67e-6e44f3a01d2a,2026-09-16T11:00:00Z,esp32_xtensa_lx6_arduino,NATIVE_HARDWARE,xtensa_lx6,ESP32 Xtensa Dual-Core 240MHz,2,0,FreeRTOS (ESP-IDF / Arduino Core),xtensa-esp32-elf-gcc,xtensa-esp32-elf-gcc (Espressif),-O2,mlkem-native,v1.2.0 (2507ff79a0acfec6e94a9a83709b5774491fdbb6),ML-KEM-512,decapsulation,90,7442000,268028,True,
5f5ec8df-4082-4658-a53d-ac5fec1c5efb,4587af35-9557-4b25-b67e-6e44f3a01d2a,2026-09-16T11:00:00Z,esp32_xtensa_lx6_arduino,NATIVE_HARDWARE,xtensa_lx6,ESP32 Xtensa Dual-Core 240MHz,2,0,FreeRTOS (ESP-IDF / Arduino Core),xtensa-esp32-elf-gcc,xtensa-esp32-elf-gcc (Espressif),-O2,mlkem-native,v1.2.0 (2507ff79a0acfec6e94a9a83709b5774491fdbb6),ML-KEM-512,keygen,91,4811000,268028,True,
5f5ec8df-4082-4658-a53d-ac5fec1c5efb,4587af35-9557-4b25-b67e-6e44f3a01d2a,2026-09-16T11:00:00Z,esp32_xtensa_lx6_arduino,NATIVE_HARDWARE,xtensa_lx6,ESP32 Xtensa Dual-Core 240MHz,2,0,FreeRTOS (ESP-IDF / Arduino Core),xtensa-esp32-elf-gcc,xtensa-esp32-elf-gcc (Espressif),-O2,mlkem-native,v1.2.0 (2507ff79a0acfec6e94a9a83709b5774491fdbb6),ML-KEM-512,encapsulation,91,5730000,268028,True,
5f5ec8df-4082-4658-a53d-ac5fec1c5efb,4587af35-9557-4b25-b67e-6e44f3a01d2a,2026-09-16T11:00:00Z,esp32_xtensa_lx6_arduino,NATIVE_HARDWARE,xtensa_lx6,ESP32 Xtensa Dual-Core 240MHz,2,0,FreeRTOS (ESP-IDF / Arduino Core),xtensa-esp32-elf-gcc,xtensa-esp32-elf-gcc (Espressif),-O2,mlkem-native,v1.2.0 (2507ff79a0acfec6e94a9a83709b5774491fdbb6),ML-KEM-512,decapsulation,91,7441000,268028,True,
5f5ec8df-4082-4658-a53d-ac5fec1c5efb,4587af35-9557-4b25-b67e-6e44f3a01d2a,2026-09-16T11:00:00Z,esp32_xtensa_lx6_arduino,NATIVE_HARDWARE,xtensa_lx6,ESP32 Xtensa Dual-Core 240MHz,2,0,FreeRTOS (ESP-IDF / Arduino Core),xtensa-esp32-elf-gcc,xtensa-esp32-elf-gcc (Espressif),-O2,mlkem-native,v1.2.0 (2507ff79a0acfec6e94a9a83709b5774491fdbb6),ML-KEM-512,keygen,92,4804000,268028,True,
5f5ec8df-4082-4658-a53d-ac5fec1c5efb,4587af35-9557-4b25-b67e-6e44f3a01d2a,2026-09-16T11:00:00Z,esp32_xtensa_lx6_arduino,NATIVE_HARDWARE,xtensa_lx6,ESP32 Xtensa Dual-Core 240MHz,2,0,FreeRTOS (ESP-IDF / Arduino Core),xtensa-esp32-elf-gcc,xtensa-esp32-elf-gcc (Espressif),-O2,mlkem-native,v1.2.0 (2507ff79a0acfec6e94a9a83709b5774491fdbb6),ML-KEM-512,encapsulation,92,5727000,268028,True,
5f5ec8df-4082-4658-a53d-ac5fec1c5efb,4587af35-9557-4b25-b67e-6e44f3a01d2a,2026-09-16T11:00:00Z,esp32_xtensa_lx6_arduino,NATIVE_HARDWARE,xtensa_lx6,ESP32 Xtensa Dual-Core 240MHz,2,0,FreeRTOS (ESP-IDF / Arduino Core),xtensa-esp32-elf-gcc,xtensa-esp32-elf-gcc (Espressif),-O2,mlkem-native,v1.2.0 (2507ff79a0acfec6e94a9a83709b5774491fdbb6),ML-KEM-512,decapsulation,92,7435000,268028,True,
5f5ec8df-4082-4658-a53d-ac5fec1c5efb,4587af35-9557-4b25-b67e-6e44f3a01d2a,2026-09-16T11:00:00Z,esp32_xtensa_lx6_arduino,NATIVE_HARDWARE,xtensa_lx6,ESP32 Xtensa Dual-Core 240MHz,2,0,FreeRTOS (ESP-IDF / Arduino Core),xtensa-esp32-elf-gcc,xtensa-esp32-elf-gcc (Espressif),-O2,mlkem-native,v1.2.0 (2507ff79a0acfec6e94a9a83709b5774491fdbb6),ML-KEM-512,keygen,93,5182000,268028,True,
5f5ec8df-4082-4658-a53d-ac5fec1c5efb,4587af35-9557-4b25-b67e-6e44f3a01d2a,2026-09-16T11:00:00Z,esp32_xtensa_lx6_arduino,NATIVE_HARDWARE,xtensa_lx6,ESP32 Xtensa Dual-Core 240MHz,2,0,FreeRTOS (ESP-IDF / Arduino Core),xtensa-esp32-elf-gcc,xtensa-esp32-elf-gcc (Espressif),-O2,mlkem-native,v1.2.0 (2507ff79a0acfec6e94a9a83709b5774491fdbb6),ML-KEM-512,encapsulation,93,6102000,268028,True,
5f5ec8df-4082-4658-a53d-ac5fec1c5efb,4587af35-9557-4b25-b67e-6e44f3a01d2a,2026-09-16T11:00:00Z,esp32_xtensa_lx6_arduino,NATIVE_HARDWARE,xtensa_lx6,ESP32 Xtensa Dual-Core 240MHz,2,0,FreeRTOS (ESP-IDF / Arduino Core),xtensa-esp32-elf-gcc,xtensa-esp32-elf-gcc (Espressif),-O2,mlkem-native,v1.2.0 (2507ff79a0acfec6e94a9a83709b5774491fdbb6),ML-KEM-512,decapsulation,93,7813000,268028,True,
5f5ec8df-4082-4658-a53d-ac5fec1c5efb,4587af35-9557-4b25-b67e-6e44f3a01d2a,2026-09-16T11:00:00Z,esp32_xtensa_lx6_arduino,NATIVE_HARDWARE,xtensa_lx6,ESP32 Xtensa Dual-Core 240MHz,2,0,FreeRTOS (ESP-IDF / Arduino Core),xtensa-esp32-elf-gcc,xtensa-esp32-elf-gcc (Espressif),-O2,mlkem-native,v1.2.0 (2507ff79a0acfec6e94a9a83709b5774491fdbb6),ML-KEM-512,keygen,94,4806000,268028,True,
5f5ec8df-4082-4658-a53d-ac5fec1c5efb,4587af35-9557-4b25-b67e-6e44f3a01d2a,2026-09-16T11:00:00Z,esp32_xtensa_lx6_arduino,NATIVE_HARDWARE,xtensa_lx6,ESP32 Xtensa Dual-Core 240MHz,2,0,FreeRTOS (ESP-IDF / Arduino Core),xtensa-esp32-elf-gcc,xtensa-esp32-elf-gcc (Espressif),-O2,mlkem-native,v1.2.0 (2507ff79a0acfec6e94a9a83709b5774491fdbb6),ML-KEM-512,encapsulation,94,5730000,268028,True,
5f5ec8df-4082-4658-a53d-ac5fec1c5efb,4587af35-9557-4b25-b67e-6e44f3a01d2a,2026-09-16T11:00:00Z,esp32_xtensa_lx6_arduino,NATIVE_HARDWARE,xtensa_lx6,ESP32 Xtensa Dual-Core 240MHz,2,0,FreeRTOS (ESP-IDF / Arduino Core),xtensa-esp32-elf-gcc,xtensa-esp32-elf-gcc (Espressif),-O2,mlkem-native,v1.2.0 (2507ff79a0acfec6e94a9a83709b5774491fdbb6),ML-KEM-512,decapsulation,94,7437000,268028,True,
5f5ec8df-4082-4658-a53d-ac5fec1c5efb,4587af35-9557-4b25-b67e-6e44f3a01d2a,2026-09-16T11:00:00Z,esp32_xtensa_lx6_arduino,NATIVE_HARDWARE,xtensa_lx6,ESP32 Xtensa Dual-Core 240MHz,2,0,FreeRTOS (ESP-IDF / Arduino Core),xtensa-esp32-elf-gcc,xtensa-esp32-elf-gcc (Espressif),-O2,mlkem-native,v1.2.0 (2507ff79a0acfec6e94a9a83709b5774491fdbb6),ML-KEM-512,keygen,95,4811000,268028,True,
5f5ec8df-4082-4658-a53d-ac5fec1c5efb,4587af35-9557-4b25-b67e-6e44f3a01d2a,2026-09-16T11:00:00Z,esp32_xtensa_lx6_arduino,NATIVE_HARDWARE,xtensa_lx6,ESP32 Xtensa Dual-Core 240MHz,2,0,FreeRTOS (ESP-IDF / Arduino Core),xtensa-esp32-elf-gcc,xtensa-esp32-elf-gcc (Espressif),-O2,mlkem-native,v1.2.0 (2507ff79a0acfec6e94a9a83709b5774491fdbb6),ML-KEM-512,encapsulation,95,5730000,268028,True,
5f5ec8df-4082-4658-a53d-ac5fec1c5efb,4587af35-9557-4b25-b67e-6e44f3a01d2a,2026-09-16T11:00:00Z,esp32_xtensa_lx6_arduino,NATIVE_HARDWARE,xtensa_lx6,ESP32 Xtensa Dual-Core 240MHz,2,0,FreeRTOS (ESP-IDF / Arduino Core),xtensa-esp32-elf-gcc,xtensa-esp32-elf-gcc (Espressif),-O2,mlkem-native,v1.2.0 (2507ff79a0acfec6e94a9a83709b5774491fdbb6),ML-KEM-512,decapsulation,95,7438000,268028,True,
5f5ec8df-4082-4658-a53d-ac5fec1c5efb,4587af35-9557-4b25-b67e-6e44f3a01d2a,2026-09-16T11:00:00Z,esp32_xtensa_lx6_arduino,NATIVE_HARDWARE,xtensa_lx6,ESP32 Xtensa Dual-Core 240MHz,2,0,FreeRTOS (ESP-IDF / Arduino Core),xtensa-esp32-elf-gcc,xtensa-esp32-elf-gcc (Espressif),-O2,mlkem-native,v1.2.0 (2507ff79a0acfec6e94a9a83709b5774491fdbb6),ML-KEM-512,keygen,96,4810000,268028,True,
5f5ec8df-4082-4658-a53d-ac5fec1c5efb,4587af35-9557-4b25-b67e-6e44f3a01d2a,2026-09-16T11:00:00Z,esp32_xtensa_lx6_arduino,NATIVE_HARDWARE,xtensa_lx6,ESP32 Xtensa Dual-Core 240MHz,2,0,FreeRTOS (ESP-IDF / Arduino Core),xtensa-esp32-elf-gcc,xtensa-esp32-elf-gcc (Espressif),-O2,mlkem-native,v1.2.0 (2507ff79a0acfec6e94a9a83709b5774491fdbb6),ML-KEM-512,encapsulation,96,5726000,268028,True,
5f5ec8df-4082-4658-a53d-ac5fec1c5efb,4587af35-9557-4b25-b67e-6e44f3a01d2a,2026-09-16T11:00:00Z,esp32_xtensa_lx6_arduino,NATIVE_HARDWARE,xtensa_lx6,ESP32 Xtensa Dual-Core 240MHz,2,0,FreeRTOS (ESP-IDF / Arduino Core),xtensa-esp32-elf-gcc,xtensa-esp32-elf-gcc (Espressif),-O2,mlkem-native,v1.2.0 (2507ff79a0acfec6e94a9a83709b5774491fdbb6),ML-KEM-512,decapsulation,96,7438000,268028,True,
5f5ec8df-4082-4658-a53d-ac5fec1c5efb,4587af35-9557-4b25-b67e-6e44f3a01d2a,2026-09-16T11:00:00Z,esp32_xtensa_lx6_arduino,NATIVE_HARDWARE,xtensa_lx6,ESP32 Xtensa Dual-Core 240MHz,2,0,FreeRTOS (ESP-IDF / Arduino Core),xtensa-esp32-elf-gcc,xtensa-esp32-elf-gcc (Espressif),-O2,mlkem-native,v1.2.0 (2507ff79a0acfec6e94a9a83709b5774491fdbb6),ML-KEM-512,keygen,97,4810000,268028,True,
5f5ec8df-4082-4658-a53d-ac5fec1c5efb,4587af35-9557-4b25-b67e-6e44f3a01d2a,2026-09-16T11:00:00Z,esp32_xtensa_lx6_arduino,NATIVE_HARDWARE,xtensa_lx6,ESP32 Xtensa Dual-Core 240MHz,2,0,FreeRTOS (ESP-IDF / Arduino Core),xtensa-esp32-elf-gcc,xtensa-esp32-elf-gcc (Espressif),-O2,mlkem-native,v1.2.0 (2507ff79a0acfec6e94a9a83709b5774491fdbb6),ML-KEM-512,encapsulation,97,5729000,268028,True,
5f5ec8df-4082-4658-a53d-ac5fec1c5efb,4587af35-9557-4b25-b67e-6e44f3a01d2a,2026-09-16T11:00:00Z,esp32_xtensa_lx6_arduino,NATIVE_HARDWARE,xtensa_lx6,ESP32 Xtensa Dual-Core 240MHz,2,0,FreeRTOS (ESP-IDF / Arduino Core),xtensa-esp32-elf-gcc,xtensa-esp32-elf-gcc (Espressif),-O2,mlkem-native,v1.2.0 (2507ff79a0acfec6e94a9a83709b5774491fdbb6),ML-KEM-512,decapsulation,97,7441000,268028,True,
5f5ec8df-4082-4658-a53d-ac5fec1c5efb,4587af35-9557-4b25-b67e-6e44f3a01d2a,2026-09-16T11:00:00Z,esp32_xtensa_lx6_arduino,NATIVE_HARDWARE,xtensa_lx6,ESP32 Xtensa Dual-Core 240MHz,2,0,FreeRTOS (ESP-IDF / Arduino Core),xtensa-esp32-elf-gcc,xtensa-esp32-elf-gcc (Espressif),-O2,mlkem-native,v1.2.0 (2507ff79a0acfec6e94a9a83709b5774491fdbb6),ML-KEM-512,keygen,98,4812000,268028,True,
5f5ec8df-4082-4658-a53d-ac5fec1c5efb,4587af35-9557-4b25-b67e-6e44f3a01d2a,2026-09-16T11:00:00Z,esp32_xtensa_lx6_arduino,NATIVE_HARDWARE,xtensa_lx6,ESP32 Xtensa Dual-Core 240MHz,2,0,FreeRTOS (ESP-IDF / Arduino Core),xtensa-esp32-elf-gcc,xtensa-esp32-elf-gcc (Espressif),-O2,mlkem-native,v1.2.0 (2507ff79a0acfec6e94a9a83709b5774491fdbb6),ML-KEM-512,encapsulation,98,5731000,268028,True,
5f5ec8df-4082-4658-a53d-ac5fec1c5efb,4587af35-9557-4b25-b67e-6e44f3a01d2a,2026-09-16T11:00:00Z,esp32_xtensa_lx6_arduino,NATIVE_HARDWARE,xtensa_lx6,ESP32 Xtensa Dual-Core 240MHz,2,0,FreeRTOS (ESP-IDF / Arduino Core),xtensa-esp32-elf-gcc,xtensa-esp32-elf-gcc (Espressif),-O2,mlkem-native,v1.2.0 (2507ff79a0acfec6e94a9a83709b5774491fdbb6),ML-KEM-512,decapsulation,98,7438000,268028,True,
5f5ec8df-4082-4658-a53d-ac5fec1c5efb,4587af35-9557-4b25-b67e-6e44f3a01d2a,2026-09-16T11:00:00Z,esp32_xtensa_lx6_arduino,NATIVE_HARDWARE,xtensa_lx6,ESP32 Xtensa Dual-Core 240MHz,2,0,FreeRTOS (ESP-IDF / Arduino Core),xtensa-esp32-elf-gcc,xtensa-esp32-elf-gcc (Espressif),-O2,mlkem-native,v1.2.0 (2507ff79a0acfec6e94a9a83709b5774491fdbb6),ML-KEM-512,keygen,99,4811000,268028,True,
5f5ec8df-4082-4658-a53d-ac5fec1c5efb,4587af35-9557-4b25-b67e-6e44f3a01d2a,2026-09-16T11:00:00Z,esp32_xtensa_lx6_arduino,NATIVE_HARDWARE,xtensa_lx6,ESP32 Xtensa Dual-Core 240MHz,2,0,FreeRTOS (ESP-IDF / Arduino Core),xtensa-esp32-elf-gcc,xtensa-esp32-elf-gcc (Espressif),-O2,mlkem-native,v1.2.0 (2507ff79a0acfec6e94a9a83709b5774491fdbb6),ML-KEM-512,encapsulation,99,5730000,268028,True,
5f5ec8df-4082-4658-a53d-ac5fec1c5efb,4587af35-9557-4b25-b67e-6e44f3a01d2a,2026-09-16T11:00:00Z,esp32_xtensa_lx6_arduino,NATIVE_HARDWARE,xtensa_lx6,ESP32 Xtensa Dual-Core 240MHz,2,0,FreeRTOS (ESP-IDF / Arduino Core),xtensa-esp32-elf-gcc,xtensa-esp32-elf-gcc (Espressif),-O2,mlkem-native,v1.2.0 (2507ff79a0acfec6e94a9a83709b5774491fdbb6),ML-KEM-512,decapsulation,99,7437000,268028,True,
5f5ec8df-4082-4658-a53d-ac5fec1c5efb,4587af35-9557-4b25-b67e-6e44f3a01d2a,2026-09-16T11:00:00Z,esp32_xtensa_lx6_arduino,NATIVE_HARDWARE,xtensa_lx6,ESP32 Xtensa Dual-Core 240MHz,2,0,FreeRTOS (ESP-IDF / Arduino Core),xtensa-esp32-elf-gcc,xtensa-esp32-elf-gcc (Espressif),-O2,mlkem-native,v1.2.0 (2507ff79a0acfec6e94a9a83709b5774491fdbb6),ML-KEM-512,keygen,100,4812000,268028,True,
5f5ec8df-4082-4658-a53d-ac5fec1c5efb,4587af35-9557-4b25-b67e-6e44f3a01d2a,2026-09-16T11:00:00Z,esp32_xtensa_lx6_arduino,NATIVE_HARDWARE,xtensa_lx6,ESP32 Xtensa Dual-Core 240MHz,2,0,FreeRTOS (ESP-IDF / Arduino Core),xtensa-esp32-elf-gcc,xtensa-esp32-elf-gcc (Espressif),-O2,mlkem-native,v1.2.0 (2507ff79a0acfec6e94a9a83709b5774491fdbb6),ML-KEM-512,encapsulation,100,5727000,268028,True,
5f5ec8df-4082-4658-a53d-ac5fec1c5efb,4587af35-9557-4b25-b67e-6e44f3a01d2a,2026-09-16T11:00:00Z,esp32_xtensa_lx6_arduino,NATIVE_HARDWARE,xtensa_lx6,ESP32 Xtensa Dual-Core 240MHz,2,0,FreeRTOS (ESP-IDF / Arduino Core),xtensa-esp32-elf-gcc,xtensa-esp32-elf-gcc (Espressif),-O2,mlkem-native,v1.2.0 (2507ff79a0acfec6e94a9a83709b5774491fdbb6),ML-KEM-512,decapsulation,100,7439000,268028,True,
5f5ec8df-4082-4658-a53d-ac5fec1c5efb,4587af35-9557-4b25-b67e-6e44f3a01d2a,2026-09-16T11:00:00Z,esp32_xtensa_lx6_arduino,NATIVE_HARDWARE,xtensa_lx6,ESP32 Xtensa Dual-Core 240MHz,2,0,FreeRTOS (ESP-IDF / Arduino Core),xtensa-esp32-elf-gcc,xtensa-esp32-elf-gcc (Espressif),-O2,mlkem-native,v1.2.0 (2507ff79a0acfec6e94a9a83709b5774491fdbb6),ML-KEM-512,keygen,101,4808000,268028,True,
5f5ec8df-4082-4658-a53d-ac5fec1c5efb,4587af35-9557-4b25-b67e-6e44f3a01d2a,2026-09-16T11:00:00Z,esp32_xtensa_lx6_arduino,NATIVE_HARDWARE,xtensa_lx6,ESP32 Xtensa Dual-Core 240MHz,2,0,FreeRTOS (ESP-IDF / Arduino Core),xtensa-esp32-elf-gcc,xtensa-esp32-elf-gcc (Espressif),-O2,mlkem-native,v1.2.0 (2507ff79a0acfec6e94a9a83709b5774491fdbb6),ML-KEM-512,encapsulation,101,5724000,268028,True,
5f5ec8df-4082-4658-a53d-ac5fec1c5efb,4587af35-9557-4b25-b67e-6e44f3a01d2a,2026-09-16T11:00:00Z,esp32_xtensa_lx6_arduino,NATIVE_HARDWARE,xtensa_lx6,ESP32 Xtensa Dual-Core 240MHz,2,0,FreeRTOS (ESP-IDF / Arduino Core),xtensa-esp32-elf-gcc,xtensa-esp32-elf-gcc (Espressif),-O2,mlkem-native,v1.2.0 (2507ff79a0acfec6e94a9a83709b5774491fdbb6),ML-KEM-512,decapsulation,101,7440000,268028,True,
5f5ec8df-4082-4658-a53d-ac5fec1c5efb,4587af35-9557-4b25-b67e-6e44f3a01d2a,2026-09-16T11:00:00Z,esp32_xtensa_lx6_arduino,NATIVE_HARDWARE,xtensa_lx6,ESP32 Xtensa Dual-Core 240MHz,2,0,FreeRTOS (ESP-IDF / Arduino Core),xtensa-esp32-elf-gcc,xtensa-esp32-elf-gcc (Espressif),-O2,mlkem-native,v1.2.0 (2507ff79a0acfec6e94a9a83709b5774491fdbb6),ML-KEM-512,keygen,102,4811000,268028,True,
5f5ec8df-4082-4658-a53d-ac5fec1c5efb,4587af35-9557-4b25-b67e-6e44f3a01d2a,2026-09-16T11:00:00Z,esp32_xtensa_lx6_arduino,NATIVE_HARDWARE,xtensa_lx6,ESP32 Xtensa Dual-Core 240MHz,2,0,FreeRTOS (ESP-IDF / Arduino Core),xtensa-esp32-elf-gcc,xtensa-esp32-elf-gcc (Espressif),-O2,mlkem-native,v1.2.0 (2507ff79a0acfec6e94a9a83709b5774491fdbb6),ML-KEM-512,encapsulation,102,5730000,268028,True,
5f5ec8df-4082-4658-a53d-ac5fec1c5efb,4587af35-9557-4b25-b67e-6e44f3a01d2a,2026-09-16T11:00:00Z,esp32_xtensa_lx6_arduino,NATIVE_HARDWARE,xtensa_lx6,ESP32 Xtensa Dual-Core 240MHz,2,0,FreeRTOS (ESP-IDF / Arduino Core),xtensa-esp32-elf-gcc,xtensa-esp32-elf-gcc (Espressif),-O2,mlkem-native,v1.2.0 (2507ff79a0acfec6e94a9a83709b5774491fdbb6),ML-KEM-512,decapsulation,102,7441000,268028,True,
5f5ec8df-4082-4658-a53d-ac5fec1c5efb,4587af35-9557-4b25-b67e-6e44f3a01d2a,2026-09-16T11:00:00Z,esp32_xtensa_lx6_arduino,NATIVE_HARDWARE,xtensa_lx6,ESP32 Xtensa Dual-Core 240MHz,2,0,FreeRTOS (ESP-IDF / Arduino Core),xtensa-esp32-elf-gcc,xtensa-esp32-elf-gcc (Espressif),-O2,mlkem-native,v1.2.0 (2507ff79a0acfec6e94a9a83709b5774491fdbb6),ML-KEM-512,keygen,103,4810000,268028,True,
5f5ec8df-4082-4658-a53d-ac5fec1c5efb,4587af35-9557-4b25-b67e-6e44f3a01d2a,2026-09-16T11:00:00Z,esp32_xtensa_lx6_arduino,NATIVE_HARDWARE,xtensa_lx6,ESP32 Xtensa Dual-Core 240MHz,2,0,FreeRTOS (ESP-IDF / Arduino Core),xtensa-esp32-elf-gcc,xtensa-esp32-elf-gcc (Espressif),-O2,mlkem-native,v1.2.0 (2507ff79a0acfec6e94a9a83709b5774491fdbb6),ML-KEM-512,encapsulation,103,5729000,268028,True,
5f5ec8df-4082-4658-a53d-ac5fec1c5efb,4587af35-9557-4b25-b67e-6e44f3a01d2a,2026-09-16T11:00:00Z,esp32_xtensa_lx6_arduino,NATIVE_HARDWARE,xtensa_lx6,ESP32 Xtensa Dual-Core 240MHz,2,0,FreeRTOS (ESP-IDF / Arduino Core),xtensa-esp32-elf-gcc,xtensa-esp32-elf-gcc (Espressif),-O2,mlkem-native,v1.2.0 (2507ff79a0acfec6e94a9a83709b5774491fdbb6),ML-KEM-512,decapsulation,103,7437000,268028,True,
5f5ec8df-4082-4658-a53d-ac5fec1c5efb,4587af35-9557-4b25-b67e-6e44f3a01d2a,2026-09-16T11:00:00Z,esp32_xtensa_lx6_arduino,NATIVE_HARDWARE,xtensa_lx6,ESP32 Xtensa Dual-Core 240MHz,2,0,FreeRTOS (ESP-IDF / Arduino Core),xtensa-esp32-elf-gcc,xtensa-esp32-elf-gcc (Espressif),-O2,mlkem-native,v1.2.0 (2507ff79a0acfec6e94a9a83709b5774491fdbb6),ML-KEM-512,keygen,104,4813000,268028,True,
5f5ec8df-4082-4658-a53d-ac5fec1c5efb,4587af35-9557-4b25-b67e-6e44f3a01d2a,2026-09-16T11:00:00Z,esp32_xtensa_lx6_arduino,NATIVE_HARDWARE,xtensa_lx6,ESP32 Xtensa Dual-Core 240MHz,2,0,FreeRTOS (ESP-IDF / Arduino Core),xtensa-esp32-elf-gcc,xtensa-esp32-elf-gcc (Espressif),-O2,mlkem-native,v1.2.0 (2507ff79a0acfec6e94a9a83709b5774491fdbb6),ML-KEM-512,encapsulation,104,5729000,268028,True,
5f5ec8df-4082-4658-a53d-ac5fec1c5efb,4587af35-9557-4b25-b67e-6e44f3a01d2a,2026-09-16T11:00:00Z,esp32_xtensa_lx6_arduino,NATIVE_HARDWARE,xtensa_lx6,ESP32 Xtensa Dual-Core 240MHz,2,0,FreeRTOS (ESP-IDF / Arduino Core),xtensa-esp32-elf-gcc,xtensa-esp32-elf-gcc (Espressif),-O2,mlkem-native,v1.2.0 (2507ff79a0acfec6e94a9a83709b5774491fdbb6),ML-KEM-512,decapsulation,104,7444000,268028,True,
5f5ec8df-4082-4658-a53d-ac5fec1c5efb,4587af35-9557-4b25-b67e-6e44f3a01d2a,2026-09-16T11:00:00Z,esp32_xtensa_lx6_arduino,NATIVE_HARDWARE,xtensa_lx6,ESP32 Xtensa Dual-Core 240MHz,2,0,FreeRTOS (ESP-IDF / Arduino Core),xtensa-esp32-elf-gcc,xtensa-esp32-elf-gcc (Espressif),-O2,mlkem-native,v1.2.0 (2507ff79a0acfec6e94a9a83709b5774491fdbb6),ML-KEM-512,keygen,105,4812000,268028,True,
5f5ec8df-4082-4658-a53d-ac5fec1c5efb,4587af35-9557-4b25-b67e-6e44f3a01d2a,2026-09-16T11:00:00Z,esp32_xtensa_lx6_arduino,NATIVE_HARDWARE,xtensa_lx6,ESP32 Xtensa Dual-Core 240MHz,2,0,FreeRTOS (ESP-IDF / Arduino Core),xtensa-esp32-elf-gcc,xtensa-esp32-elf-gcc (Espressif),-O2,mlkem-native,v1.2.0 (2507ff79a0acfec6e94a9a83709b5774491fdbb6),ML-KEM-512,encapsulation,105,5731000,268028,True,
5f5ec8df-4082-4658-a53d-ac5fec1c5efb,4587af35-9557-4b25-b67e-6e44f3a01d2a,2026-09-16T11:00:00Z,esp32_xtensa_lx6_arduino,NATIVE_HARDWARE,xtensa_lx6,ESP32 Xtensa Dual-Core 240MHz,2,0,FreeRTOS (ESP-IDF / Arduino Core),xtensa-esp32-elf-gcc,xtensa-esp32-elf-gcc (Espressif),-O2,mlkem-native,v1.2.0 (2507ff79a0acfec6e94a9a83709b5774491fdbb6),ML-KEM-512,decapsulation,105,7443000,268028,True,
5f5ec8df-4082-4658-a53d-ac5fec1c5efb,4587af35-9557-4b25-b67e-6e44f3a01d2a,2026-09-16T11:00:00Z,esp32_xtensa_lx6_arduino,NATIVE_HARDWARE,xtensa_lx6,ESP32 Xtensa Dual-Core 240MHz,2,0,FreeRTOS (ESP-IDF / Arduino Core),xtensa-esp32-elf-gcc,xtensa-esp32-elf-gcc (Espressif),-O2,mlkem-native,v1.2.0 (2507ff79a0acfec6e94a9a83709b5774491fdbb6),ML-KEM-512,keygen,106,4805000,268028,True,
5f5ec8df-4082-4658-a53d-ac5fec1c5efb,4587af35-9557-4b25-b67e-6e44f3a01d2a,2026-09-16T11:00:00Z,esp32_xtensa_lx6_arduino,NATIVE_HARDWARE,xtensa_lx6,ESP32 Xtensa Dual-Core 240MHz,2,0,FreeRTOS (ESP-IDF / Arduino Core),xtensa-esp32-elf-gcc,xtensa-esp32-elf-gcc (Espressif),-O2,mlkem-native,v1.2.0 (2507ff79a0acfec6e94a9a83709b5774491fdbb6),ML-KEM-512,encapsulation,106,5728000,268028,True,
5f5ec8df-4082-4658-a53d-ac5fec1c5efb,4587af35-9557-4b25-b67e-6e44f3a01d2a,2026-09-16T11:00:00Z,esp32_xtensa_lx6_arduino,NATIVE_HARDWARE,xtensa_lx6,ESP32 Xtensa Dual-Core 240MHz,2,0,FreeRTOS (ESP-IDF / Arduino Core),xtensa-esp32-elf-gcc,xtensa-esp32-elf-gcc (Espressif),-O2,mlkem-native,v1.2.0 (2507ff79a0acfec6e94a9a83709b5774491fdbb6),ML-KEM-512,decapsulation,106,7435000,268028,True,
5f5ec8df-4082-4658-a53d-ac5fec1c5efb,4587af35-9557-4b25-b67e-6e44f3a01d2a,2026-09-16T11:00:00Z,esp32_xtensa_lx6_arduino,NATIVE_HARDWARE,xtensa_lx6,ESP32 Xtensa Dual-Core 240MHz,2,0,FreeRTOS (ESP-IDF / Arduino Core),xtensa-esp32-elf-gcc,xtensa-esp32-elf-gcc (Espressif),-O2,mlkem-native,v1.2.0 (2507ff79a0acfec6e94a9a83709b5774491fdbb6),ML-KEM-512,keygen,107,4808000,268028,True,
5f5ec8df-4082-4658-a53d-ac5fec1c5efb,4587af35-9557-4b25-b67e-6e44f3a01d2a,2026-09-16T11:00:00Z,esp32_xtensa_lx6_arduino,NATIVE_HARDWARE,xtensa_lx6,ESP32 Xtensa Dual-Core 240MHz,2,0,FreeRTOS (ESP-IDF / Arduino Core),xtensa-esp32-elf-gcc,xtensa-esp32-elf-gcc (Espressif),-O2,mlkem-native,v1.2.0 (2507ff79a0acfec6e94a9a83709b5774491fdbb6),ML-KEM-512,encapsulation,107,5728000,268028,True,
5f5ec8df-4082-4658-a53d-ac5fec1c5efb,4587af35-9557-4b25-b67e-6e44f3a01d2a,2026-09-16T11:00:00Z,esp32_xtensa_lx6_arduino,NATIVE_HARDWARE,xtensa_lx6,ESP32 Xtensa Dual-Core 240MHz,2,0,FreeRTOS (ESP-IDF / Arduino Core),xtensa-esp32-elf-gcc,xtensa-esp32-elf-gcc (Espressif),-O2,mlkem-native,v1.2.0 (2507ff79a0acfec6e94a9a83709b5774491fdbb6),ML-KEM-512,decapsulation,107,7436000,268028,True,
5f5ec8df-4082-4658-a53d-ac5fec1c5efb,4587af35-9557-4b25-b67e-6e44f3a01d2a,2026-09-16T11:00:00Z,esp32_xtensa_lx6_arduino,NATIVE_HARDWARE,xtensa_lx6,ESP32 Xtensa Dual-Core 240MHz,2,0,FreeRTOS (ESP-IDF / Arduino Core),xtensa-esp32-elf-gcc,xtensa-esp32-elf-gcc (Espressif),-O2,mlkem-native,v1.2.0 (2507ff79a0acfec6e94a9a83709b5774491fdbb6),ML-KEM-512,keygen,108,4810000,268028,True,
5f5ec8df-4082-4658-a53d-ac5fec1c5efb,4587af35-9557-4b25-b67e-6e44f3a01d2a,2026-09-16T11:00:00Z,esp32_xtensa_lx6_arduino,NATIVE_HARDWARE,xtensa_lx6,ESP32 Xtensa Dual-Core 240MHz,2,0,FreeRTOS (ESP-IDF / Arduino Core),xtensa-esp32-elf-gcc,xtensa-esp32-elf-gcc (Espressif),-O2,mlkem-native,v1.2.0 (2507ff79a0acfec6e94a9a83709b5774491fdbb6),ML-KEM-512,encapsulation,108,5725000,268028,True,
5f5ec8df-4082-4658-a53d-ac5fec1c5efb,4587af35-9557-4b25-b67e-6e44f3a01d2a,2026-09-16T11:00:00Z,esp32_xtensa_lx6_arduino,NATIVE_HARDWARE,xtensa_lx6,ESP32 Xtensa Dual-Core 240MHz,2,0,FreeRTOS (ESP-IDF / Arduino Core),xtensa-esp32-elf-gcc,xtensa-esp32-elf-gcc (Espressif),-O2,mlkem-native,v1.2.0 (2507ff79a0acfec6e94a9a83709b5774491fdbb6),ML-KEM-512,decapsulation,108,7442000,268028,True,
5f5ec8df-4082-4658-a53d-ac5fec1c5efb,4587af35-9557-4b25-b67e-6e44f3a01d2a,2026-09-16T11:00:00Z,esp32_xtensa_lx6_arduino,NATIVE_HARDWARE,xtensa_lx6,ESP32 Xtensa Dual-Core 240MHz,2,0,FreeRTOS (ESP-IDF / Arduino Core),xtensa-esp32-elf-gcc,xtensa-esp32-elf-gcc (Espressif),-O2,mlkem-native,v1.2.0 (2507ff79a0acfec6e94a9a83709b5774491fdbb6),ML-KEM-512,keygen,109,4811000,268028,True,
5f5ec8df-4082-4658-a53d-ac5fec1c5efb,4587af35-9557-4b25-b67e-6e44f3a01d2a,2026-09-16T11:00:00Z,esp32_xtensa_lx6_arduino,NATIVE_HARDWARE,xtensa_lx6,ESP32 Xtensa Dual-Core 240MHz,2,0,FreeRTOS (ESP-IDF / Arduino Core),xtensa-esp32-elf-gcc,xtensa-esp32-elf-gcc (Espressif),-O2,mlkem-native,v1.2.0 (2507ff79a0acfec6e94a9a83709b5774491fdbb6),ML-KEM-512,encapsulation,109,5731000,268028,True,
5f5ec8df-4082-4658-a53d-ac5fec1c5efb,4587af35-9557-4b25-b67e-6e44f3a01d2a,2026-09-16T11:00:00Z,esp32_xtensa_lx6_arduino,NATIVE_HARDWARE,xtensa_lx6,ESP32 Xtensa Dual-Core 240MHz,2,0,FreeRTOS (ESP-IDF / Arduino Core),xtensa-esp32-elf-gcc,xtensa-esp32-elf-gcc (Espressif),-O2,mlkem-native,v1.2.0 (2507ff79a0acfec6e94a9a83709b5774491fdbb6),ML-KEM-512,decapsulation,109,7442000,268028,True,
5f5ec8df-4082-4658-a53d-ac5fec1c5efb,4587af35-9557-4b25-b67e-6e44f3a01d2a,2026-09-16T11:00:00Z,esp32_xtensa_lx6_arduino,NATIVE_HARDWARE,xtensa_lx6,ESP32 Xtensa Dual-Core 240MHz,2,0,FreeRTOS (ESP-IDF / Arduino Core),xtensa-esp32-elf-gcc,xtensa-esp32-elf-gcc (Espressif),-O2,mlkem-native,v1.2.0 (2507ff79a0acfec6e94a9a83709b5774491fdbb6),ML-KEM-512,keygen,110,4806000,268028,True,
5f5ec8df-4082-4658-a53d-ac5fec1c5efb,4587af35-9557-4b25-b67e-6e44f3a01d2a,2026-09-16T11:00:00Z,esp32_xtensa_lx6_arduino,NATIVE_HARDWARE,xtensa_lx6,ESP32 Xtensa Dual-Core 240MHz,2,0,FreeRTOS (ESP-IDF / Arduino Core),xtensa-esp32-elf-gcc,xtensa-esp32-elf-gcc (Espressif),-O2,mlkem-native,v1.2.0 (2507ff79a0acfec6e94a9a83709b5774491fdbb6),ML-KEM-512,encapsulation,110,5729000,268028,True,
5f5ec8df-4082-4658-a53d-ac5fec1c5efb,4587af35-9557-4b25-b67e-6e44f3a01d2a,2026-09-16T11:00:00Z,esp32_xtensa_lx6_arduino,NATIVE_HARDWARE,xtensa_lx6,ESP32 Xtensa Dual-Core 240MHz,2,0,FreeRTOS (ESP-IDF / Arduino Core),xtensa-esp32-elf-gcc,xtensa-esp32-elf-gcc (Espressif),-O2,mlkem-native,v1.2.0 (2507ff79a0acfec6e94a9a83709b5774491fdbb6),ML-KEM-512,decapsulation,110,7437000,268028,True,
5f5ec8df-4082-4658-a53d-ac5fec1c5efb,4587af35-9557-4b25-b67e-6e44f3a01d2a,2026-09-16T11:00:00Z,esp32_xtensa_lx6_arduino,NATIVE_HARDWARE,xtensa_lx6,ESP32 Xtensa Dual-Core 240MHz,2,0,FreeRTOS (ESP-IDF / Arduino Core),xtensa-esp32-elf-gcc,xtensa-esp32-elf-gcc (Espressif),-O2,mlkem-native,v1.2.0 (2507ff79a0acfec6e94a9a83709b5774491fdbb6),ML-KEM-512,keygen,111,4811000,268028,True,
5f5ec8df-4082-4658-a53d-ac5fec1c5efb,4587af35-9557-4b25-b67e-6e44f3a01d2a,2026-09-16T11:00:00Z,esp32_xtensa_lx6_arduino,NATIVE_HARDWARE,xtensa_lx6,ESP32 Xtensa Dual-Core 240MHz,2,0,FreeRTOS (ESP-IDF / Arduino Core),xtensa-esp32-elf-gcc,xtensa-esp32-elf-gcc (Espressif),-O2,mlkem-native,v1.2.0 (2507ff79a0acfec6e94a9a83709b5774491fdbb6),ML-KEM-512,encapsulation,111,5727000,268028,True,
5f5ec8df-4082-4658-a53d-ac5fec1c5efb,4587af35-9557-4b25-b67e-6e44f3a01d2a,2026-09-16T11:00:00Z,esp32_xtensa_lx6_arduino,NATIVE_HARDWARE,xtensa_lx6,ESP32 Xtensa Dual-Core 240MHz,2,0,FreeRTOS (ESP-IDF / Arduino Core),xtensa-esp32-elf-gcc,xtensa-esp32-elf-gcc (Espressif),-O2,mlkem-native,v1.2.0 (2507ff79a0acfec6e94a9a83709b5774491fdbb6),ML-KEM-512,decapsulation,111,7439000,268028,True,
5f5ec8df-4082-4658-a53d-ac5fec1c5efb,4587af35-9557-4b25-b67e-6e44f3a01d2a,2026-09-16T11:00:00Z,esp32_xtensa_lx6_arduino,NATIVE_HARDWARE,xtensa_lx6,ESP32 Xtensa Dual-Core 240MHz,2,0,FreeRTOS (ESP-IDF / Arduino Core),xtensa-esp32-elf-gcc,xtensa-esp32-elf-gcc (Espressif),-O2,mlkem-native,v1.2.0 (2507ff79a0acfec6e94a9a83709b5774491fdbb6),ML-KEM-512,keygen,112,4811000,268028,True,
5f5ec8df-4082-4658-a53d-ac5fec1c5efb,4587af35-9557-4b25-b67e-6e44f3a01d2a,2026-09-16T11:00:00Z,esp32_xtensa_lx6_arduino,NATIVE_HARDWARE,xtensa_lx6,ESP32 Xtensa Dual-Core 240MHz,2,0,FreeRTOS (ESP-IDF / Arduino Core),xtensa-esp32-elf-gcc,xtensa-esp32-elf-gcc (Espressif),-O2,mlkem-native,v1.2.0 (2507ff79a0acfec6e94a9a83709b5774491fdbb6),ML-KEM-512,encapsulation,112,5731000,268028,True,
5f5ec8df-4082-4658-a53d-ac5fec1c5efb,4587af35-9557-4b25-b67e-6e44f3a01d2a,2026-09-16T11:00:00Z,esp32_xtensa_lx6_arduino,NATIVE_HARDWARE,xtensa_lx6,ESP32 Xtensa Dual-Core 240MHz,2,0,FreeRTOS (ESP-IDF / Arduino Core),xtensa-esp32-elf-gcc,xtensa-esp32-elf-gcc (Espressif),-O2,mlkem-native,v1.2.0 (2507ff79a0acfec6e94a9a83709b5774491fdbb6),ML-KEM-512,decapsulation,112,7443000,268028,True,
5f5ec8df-4082-4658-a53d-ac5fec1c5efb,4587af35-9557-4b25-b67e-6e44f3a01d2a,2026-09-16T11:00:00Z,esp32_xtensa_lx6_arduino,NATIVE_HARDWARE,xtensa_lx6,ESP32 Xtensa Dual-Core 240MHz,2,0,FreeRTOS (ESP-IDF / Arduino Core),xtensa-esp32-elf-gcc,xtensa-esp32-elf-gcc (Espressif),-O2,mlkem-native,v1.2.0 (2507ff79a0acfec6e94a9a83709b5774491fdbb6),ML-KEM-512,keygen,113,4809000,268028,True,
5f5ec8df-4082-4658-a53d-ac5fec1c5efb,4587af35-9557-4b25-b67e-6e44f3a01d2a,2026-09-16T11:00:00Z,esp32_xtensa_lx6_arduino,NATIVE_HARDWARE,xtensa_lx6,ESP32 Xtensa Dual-Core 240MHz,2,0,FreeRTOS (ESP-IDF / Arduino Core),xtensa-esp32-elf-gcc,xtensa-esp32-elf-gcc (Espressif),-O2,mlkem-native,v1.2.0 (2507ff79a0acfec6e94a9a83709b5774491fdbb6),ML-KEM-512,encapsulation,113,5728000,268028,True,
5f5ec8df-4082-4658-a53d-ac5fec1c5efb,4587af35-9557-4b25-b67e-6e44f3a01d2a,2026-09-16T11:00:00Z,esp32_xtensa_lx6_arduino,NATIVE_HARDWARE,xtensa_lx6,ESP32 Xtensa Dual-Core 240MHz,2,0,FreeRTOS (ESP-IDF / Arduino Core),xtensa-esp32-elf-gcc,xtensa-esp32-elf-gcc (Espressif),-O2,mlkem-native,v1.2.0 (2507ff79a0acfec6e94a9a83709b5774491fdbb6),ML-KEM-512,decapsulation,113,7436000,268028,True,
5f5ec8df-4082-4658-a53d-ac5fec1c5efb,4587af35-9557-4b25-b67e-6e44f3a01d2a,2026-09-16T11:00:00Z,esp32_xtensa_lx6_arduino,NATIVE_HARDWARE,xtensa_lx6,ESP32 Xtensa Dual-Core 240MHz,2,0,FreeRTOS (ESP-IDF / Arduino Core),xtensa-esp32-elf-gcc,xtensa-esp32-elf-gcc (Espressif),-O2,mlkem-native,v1.2.0 (2507ff79a0acfec6e94a9a83709b5774491fdbb6),ML-KEM-512,keygen,114,4812000,268028,True,
5f5ec8df-4082-4658-a53d-ac5fec1c5efb,4587af35-9557-4b25-b67e-6e44f3a01d2a,2026-09-16T11:00:00Z,esp32_xtensa_lx6_arduino,NATIVE_HARDWARE,xtensa_lx6,ESP32 Xtensa Dual-Core 240MHz,2,0,FreeRTOS (ESP-IDF / Arduino Core),xtensa-esp32-elf-gcc,xtensa-esp32-elf-gcc (Espressif),-O2,mlkem-native,v1.2.0 (2507ff79a0acfec6e94a9a83709b5774491fdbb6),ML-KEM-512,encapsulation,114,5731000,268028,True,
5f5ec8df-4082-4658-a53d-ac5fec1c5efb,4587af35-9557-4b25-b67e-6e44f3a01d2a,2026-09-16T11:00:00Z,esp32_xtensa_lx6_arduino,NATIVE_HARDWARE,xtensa_lx6,ESP32 Xtensa Dual-Core 240MHz,2,0,FreeRTOS (ESP-IDF / Arduino Core),xtensa-esp32-elf-gcc,xtensa-esp32-elf-gcc (Espressif),-O2,mlkem-native,v1.2.0 (2507ff79a0acfec6e94a9a83709b5774491fdbb6),ML-KEM-512,decapsulation,114,7438000,268028,True,
5f5ec8df-4082-4658-a53d-ac5fec1c5efb,4587af35-9557-4b25-b67e-6e44f3a01d2a,2026-09-16T11:00:00Z,esp32_xtensa_lx6_arduino,NATIVE_HARDWARE,xtensa_lx6,ESP32 Xtensa Dual-Core 240MHz,2,0,FreeRTOS (ESP-IDF / Arduino Core),xtensa-esp32-elf-gcc,xtensa-esp32-elf-gcc (Espressif),-O2,mlkem-native,v1.2.0 (2507ff79a0acfec6e94a9a83709b5774491fdbb6),ML-KEM-512,keygen,115,4809000,268028,True,
5f5ec8df-4082-4658-a53d-ac5fec1c5efb,4587af35-9557-4b25-b67e-6e44f3a01d2a,2026-09-16T11:00:00Z,esp32_xtensa_lx6_arduino,NATIVE_HARDWARE,xtensa_lx6,ESP32 Xtensa Dual-Core 240MHz,2,0,FreeRTOS (ESP-IDF / Arduino Core),xtensa-esp32-elf-gcc,xtensa-esp32-elf-gcc (Espressif),-O2,mlkem-native,v1.2.0 (2507ff79a0acfec6e94a9a83709b5774491fdbb6),ML-KEM-512,encapsulation,115,5725000,268028,True,
5f5ec8df-4082-4658-a53d-ac5fec1c5efb,4587af35-9557-4b25-b67e-6e44f3a01d2a,2026-09-16T11:00:00Z,esp32_xtensa_lx6_arduino,NATIVE_HARDWARE,xtensa_lx6,ESP32 Xtensa Dual-Core 240MHz,2,0,FreeRTOS (ESP-IDF / Arduino Core),xtensa-esp32-elf-gcc,xtensa-esp32-elf-gcc (Espressif),-O2,mlkem-native,v1.2.0 (2507ff79a0acfec6e94a9a83709b5774491fdbb6),ML-KEM-512,decapsulation,115,7436000,268028,True,
5f5ec8df-4082-4658-a53d-ac5fec1c5efb,4587af35-9557-4b25-b67e-6e44f3a01d2a,2026-09-16T11:00:00Z,esp32_xtensa_lx6_arduino,NATIVE_HARDWARE,xtensa_lx6,ESP32 Xtensa Dual-Core 240MHz,2,0,FreeRTOS (ESP-IDF / Arduino Core),xtensa-esp32-elf-gcc,xtensa-esp32-elf-gcc (Espressif),-O2,mlkem-native,v1.2.0 (2507ff79a0acfec6e94a9a83709b5774491fdbb6),ML-KEM-512,keygen,116,4810000,268028,True,
5f5ec8df-4082-4658-a53d-ac5fec1c5efb,4587af35-9557-4b25-b67e-6e44f3a01d2a,2026-09-16T11:00:00Z,esp32_xtensa_lx6_arduino,NATIVE_HARDWARE,xtensa_lx6,ESP32 Xtensa Dual-Core 240MHz,2,0,FreeRTOS (ESP-IDF / Arduino Core),xtensa-esp32-elf-gcc,xtensa-esp32-elf-gcc (Espressif),-O2,mlkem-native,v1.2.0 (2507ff79a0acfec6e94a9a83709b5774491fdbb6),ML-KEM-512,encapsulation,116,5725000,268028,True,
5f5ec8df-4082-4658-a53d-ac5fec1c5efb,4587af35-9557-4b25-b67e-6e44f3a01d2a,2026-09-16T11:00:00Z,esp32_xtensa_lx6_arduino,NATIVE_HARDWARE,xtensa_lx6,ESP32 Xtensa Dual-Core 240MHz,2,0,FreeRTOS (ESP-IDF / Arduino Core),xtensa-esp32-elf-gcc,xtensa-esp32-elf-gcc (Espressif),-O2,mlkem-native,v1.2.0 (2507ff79a0acfec6e94a9a83709b5774491fdbb6),ML-KEM-512,decapsulation,116,7442000,268028,True,
5f5ec8df-4082-4658-a53d-ac5fec1c5efb,4587af35-9557-4b25-b67e-6e44f3a01d2a,2026-09-16T11:00:00Z,esp32_xtensa_lx6_arduino,NATIVE_HARDWARE,xtensa_lx6,ESP32 Xtensa Dual-Core 240MHz,2,0,FreeRTOS (ESP-IDF / Arduino Core),xtensa-esp32-elf-gcc,xtensa-esp32-elf-gcc (Espressif),-O2,mlkem-native,v1.2.0 (2507ff79a0acfec6e94a9a83709b5774491fdbb6),ML-KEM-512,keygen,117,4810000,268028,True,
5f5ec8df-4082-4658-a53d-ac5fec1c5efb,4587af35-9557-4b25-b67e-6e44f3a01d2a,2026-09-16T11:00:00Z,esp32_xtensa_lx6_arduino,NATIVE_HARDWARE,xtensa_lx6,ESP32 Xtensa Dual-Core 240MHz,2,0,FreeRTOS (ESP-IDF / Arduino Core),xtensa-esp32-elf-gcc,xtensa-esp32-elf-gcc (Espressif),-O2,mlkem-native,v1.2.0 (2507ff79a0acfec6e94a9a83709b5774491fdbb6),ML-KEM-512,encapsulation,117,5729000,268028,True,
5f5ec8df-4082-4658-a53d-ac5fec1c5efb,4587af35-9557-4b25-b67e-6e44f3a01d2a,2026-09-16T11:00:00Z,esp32_xtensa_lx6_arduino,NATIVE_HARDWARE,xtensa_lx6,ESP32 Xtensa Dual-Core 240MHz,2,0,FreeRTOS (ESP-IDF / Arduino Core),xtensa-esp32-elf-gcc,xtensa-esp32-elf-gcc (Espressif),-O2,mlkem-native,v1.2.0 (2507ff79a0acfec6e94a9a83709b5774491fdbb6),ML-KEM-512,decapsulation,117,7439000,268028,True,
5f5ec8df-4082-4658-a53d-ac5fec1c5efb,4587af35-9557-4b25-b67e-6e44f3a01d2a,2026-09-16T11:00:00Z,esp32_xtensa_lx6_arduino,NATIVE_HARDWARE,xtensa_lx6,ESP32 Xtensa Dual-Core 240MHz,2,0,FreeRTOS (ESP-IDF / Arduino Core),xtensa-esp32-elf-gcc,xtensa-esp32-elf-gcc (Espressif),-O2,mlkem-native,v1.2.0 (2507ff79a0acfec6e94a9a83709b5774491fdbb6),ML-KEM-512,keygen,118,4812000,268028,True,
5f5ec8df-4082-4658-a53d-ac5fec1c5efb,4587af35-9557-4b25-b67e-6e44f3a01d2a,2026-09-16T11:00:00Z,esp32_xtensa_lx6_arduino,NATIVE_HARDWARE,xtensa_lx6,ESP32 Xtensa Dual-Core 240MHz,2,0,FreeRTOS (ESP-IDF / Arduino Core),xtensa-esp32-elf-gcc,xtensa-esp32-elf-gcc (Espressif),-O2,mlkem-native,v1.2.0 (2507ff79a0acfec6e94a9a83709b5774491fdbb6),ML-KEM-512,encapsulation,118,5731000,268028,True,
5f5ec8df-4082-4658-a53d-ac5fec1c5efb,4587af35-9557-4b25-b67e-6e44f3a01d2a,2026-09-16T11:00:00Z,esp32_xtensa_lx6_arduino,NATIVE_HARDWARE,xtensa_lx6,ESP32 Xtensa Dual-Core 240MHz,2,0,FreeRTOS (ESP-IDF / Arduino Core),xtensa-esp32-elf-gcc,xtensa-esp32-elf-gcc (Espressif),-O2,mlkem-native,v1.2.0 (2507ff79a0acfec6e94a9a83709b5774491fdbb6),ML-KEM-512,decapsulation,118,7439000,268028,True,
5f5ec8df-4082-4658-a53d-ac5fec1c5efb,4587af35-9557-4b25-b67e-6e44f3a01d2a,2026-09-16T11:00:00Z,esp32_xtensa_lx6_arduino,NATIVE_HARDWARE,xtensa_lx6,ESP32 Xtensa Dual-Core 240MHz,2,0,FreeRTOS (ESP-IDF / Arduino Core),xtensa-esp32-elf-gcc,xtensa-esp32-elf-gcc (Espressif),-O2,mlkem-native,v1.2.0 (2507ff79a0acfec6e94a9a83709b5774491fdbb6),ML-KEM-512,keygen,119,4809000,268028,True,
5f5ec8df-4082-4658-a53d-ac5fec1c5efb,4587af35-9557-4b25-b67e-6e44f3a01d2a,2026-09-16T11:00:00Z,esp32_xtensa_lx6_arduino,NATIVE_HARDWARE,xtensa_lx6,ESP32 Xtensa Dual-Core 240MHz,2,0,FreeRTOS (ESP-IDF / Arduino Core),xtensa-esp32-elf-gcc,xtensa-esp32-elf-gcc (Espressif),-O2,mlkem-native,v1.2.0 (2507ff79a0acfec6e94a9a83709b5774491fdbb6),ML-KEM-512,encapsulation,119,5725000,268028,True,
5f5ec8df-4082-4658-a53d-ac5fec1c5efb,4587af35-9557-4b25-b67e-6e44f3a01d2a,2026-09-16T11:00:00Z,esp32_xtensa_lx6_arduino,NATIVE_HARDWARE,xtensa_lx6,ESP32 Xtensa Dual-Core 240MHz,2,0,FreeRTOS (ESP-IDF / Arduino Core),xtensa-esp32-elf-gcc,xtensa-esp32-elf-gcc (Espressif),-O2,mlkem-native,v1.2.0 (2507ff79a0acfec6e94a9a83709b5774491fdbb6),ML-KEM-512,decapsulation,119,7436000,268028,True,
5f5ec8df-4082-4658-a53d-ac5fec1c5efb,4587af35-9557-4b25-b67e-6e44f3a01d2a,2026-09-16T11:00:00Z,esp32_xtensa_lx6_arduino,NATIVE_HARDWARE,xtensa_lx6,ESP32 Xtensa Dual-Core 240MHz,2,0,FreeRTOS (ESP-IDF / Arduino Core),xtensa-esp32-elf-gcc,xtensa-esp32-elf-gcc (Espressif),-O2,mlkem-native,v1.2.0 (2507ff79a0acfec6e94a9a83709b5774491fdbb6),ML-KEM-512,keygen,120,4809000,268028,True,
5f5ec8df-4082-4658-a53d-ac5fec1c5efb,4587af35-9557-4b25-b67e-6e44f3a01d2a,2026-09-16T11:00:00Z,esp32_xtensa_lx6_arduino,NATIVE_HARDWARE,xtensa_lx6,ESP32 Xtensa Dual-Core 240MHz,2,0,FreeRTOS (ESP-IDF / Arduino Core),xtensa-esp32-elf-gcc,xtensa-esp32-elf-gcc (Espressif),-O2,mlkem-native,v1.2.0 (2507ff79a0acfec6e94a9a83709b5774491fdbb6),ML-KEM-512,encapsulation,120,5728000,268028,True,
5f5ec8df-4082-4658-a53d-ac5fec1c5efb,4587af35-9557-4b25-b67e-6e44f3a01d2a,2026-09-16T11:00:00Z,esp32_xtensa_lx6_arduino,NATIVE_HARDWARE,xtensa_lx6,ESP32 Xtensa Dual-Core 240MHz,2,0,FreeRTOS (ESP-IDF / Arduino Core),xtensa-esp32-elf-gcc,xtensa-esp32-elf-gcc (Espressif),-O2,mlkem-native,v1.2.0 (2507ff79a0acfec6e94a9a83709b5774491fdbb6),ML-KEM-512,decapsulation,120,7439000,268028,True,
5f5ec8df-4082-4658-a53d-ac5fec1c5efb,4587af35-9557-4b25-b67e-6e44f3a01d2a,2026-09-16T11:00:00Z,esp32_xtensa_lx6_arduino,NATIVE_HARDWARE,xtensa_lx6,ESP32 Xtensa Dual-Core 240MHz,2,0,FreeRTOS (ESP-IDF / Arduino Core),xtensa-esp32-elf-gcc,xtensa-esp32-elf-gcc (Espressif),-O2,mlkem-native,v1.2.0 (2507ff79a0acfec6e94a9a83709b5774491fdbb6),ML-KEM-512,keygen,121,4806000,268028,True,
5f5ec8df-4082-4658-a53d-ac5fec1c5efb,4587af35-9557-4b25-b67e-6e44f3a01d2a,2026-09-16T11:00:00Z,esp32_xtensa_lx6_arduino,NATIVE_HARDWARE,xtensa_lx6,ESP32 Xtensa Dual-Core 240MHz,2,0,FreeRTOS (ESP-IDF / Arduino Core),xtensa-esp32-elf-gcc,xtensa-esp32-elf-gcc (Espressif),-O2,mlkem-native,v1.2.0 (2507ff79a0acfec6e94a9a83709b5774491fdbb6),ML-KEM-512,encapsulation,121,5728000,268028,True,
5f5ec8df-4082-4658-a53d-ac5fec1c5efb,4587af35-9557-4b25-b67e-6e44f3a01d2a,2026-09-16T11:00:00Z,esp32_xtensa_lx6_arduino,NATIVE_HARDWARE,xtensa_lx6,ESP32 Xtensa Dual-Core 240MHz,2,0,FreeRTOS (ESP-IDF / Arduino Core),xtensa-esp32-elf-gcc,xtensa-esp32-elf-gcc (Espressif),-O2,mlkem-native,v1.2.0 (2507ff79a0acfec6e94a9a83709b5774491fdbb6),ML-KEM-512,decapsulation,121,7436000,268028,True,
5f5ec8df-4082-4658-a53d-ac5fec1c5efb,4587af35-9557-4b25-b67e-6e44f3a01d2a,2026-09-16T11:00:00Z,esp32_xtensa_lx6_arduino,NATIVE_HARDWARE,xtensa_lx6,ESP32 Xtensa Dual-Core 240MHz,2,0,FreeRTOS (ESP-IDF / Arduino Core),xtensa-esp32-elf-gcc,xtensa-esp32-elf-gcc (Espressif),-O2,mlkem-native,v1.2.0 (2507ff79a0acfec6e94a9a83709b5774491fdbb6),ML-KEM-512,keygen,122,4811000,268028,True,
5f5ec8df-4082-4658-a53d-ac5fec1c5efb,4587af35-9557-4b25-b67e-6e44f3a01d2a,2026-09-16T11:00:00Z,esp32_xtensa_lx6_arduino,NATIVE_HARDWARE,xtensa_lx6,ESP32 Xtensa Dual-Core 240MHz,2,0,FreeRTOS (ESP-IDF / Arduino Core),xtensa-esp32-elf-gcc,xtensa-esp32-elf-gcc (Espressif),-O2,mlkem-native,v1.2.0 (2507ff79a0acfec6e94a9a83709b5774491fdbb6),ML-KEM-512,encapsulation,122,5730000,268028,True,
5f5ec8df-4082-4658-a53d-ac5fec1c5efb,4587af35-9557-4b25-b67e-6e44f3a01d2a,2026-09-16T11:00:00Z,esp32_xtensa_lx6_arduino,NATIVE_HARDWARE,xtensa_lx6,ESP32 Xtensa Dual-Core 240MHz,2,0,FreeRTOS (ESP-IDF / Arduino Core),xtensa-esp32-elf-gcc,xtensa-esp32-elf-gcc (Espressif),-O2,mlkem-native,v1.2.0 (2507ff79a0acfec6e94a9a83709b5774491fdbb6),ML-KEM-512,decapsulation,122,7438000,268028,True,
5f5ec8df-4082-4658-a53d-ac5fec1c5efb,4587af35-9557-4b25-b67e-6e44f3a01d2a,2026-09-16T11:00:00Z,esp32_xtensa_lx6_arduino,NATIVE_HARDWARE,xtensa_lx6,ESP32 Xtensa Dual-Core 240MHz,2,0,FreeRTOS (ESP-IDF / Arduino Core),xtensa-esp32-elf-gcc,xtensa-esp32-elf-gcc (Espressif),-O2,mlkem-native,v1.2.0 (2507ff79a0acfec6e94a9a83709b5774491fdbb6),ML-KEM-512,keygen,123,4810000,268028,True,
5f5ec8df-4082-4658-a53d-ac5fec1c5efb,4587af35-9557-4b25-b67e-6e44f3a01d2a,2026-09-16T11:00:00Z,esp32_xtensa_lx6_arduino,NATIVE_HARDWARE,xtensa_lx6,ESP32 Xtensa Dual-Core 240MHz,2,0,FreeRTOS (ESP-IDF / Arduino Core),xtensa-esp32-elf-gcc,xtensa-esp32-elf-gcc (Espressif),-O2,mlkem-native,v1.2.0 (2507ff79a0acfec6e94a9a83709b5774491fdbb6),ML-KEM-512,encapsulation,123,5726000,268028,True,
5f5ec8df-4082-4658-a53d-ac5fec1c5efb,4587af35-9557-4b25-b67e-6e44f3a01d2a,2026-09-16T11:00:00Z,esp32_xtensa_lx6_arduino,NATIVE_HARDWARE,xtensa_lx6,ESP32 Xtensa Dual-Core 240MHz,2,0,FreeRTOS (ESP-IDF / Arduino Core),xtensa-esp32-elf-gcc,xtensa-esp32-elf-gcc (Espressif),-O2,mlkem-native,v1.2.0 (2507ff79a0acfec6e94a9a83709b5774491fdbb6),ML-KEM-512,decapsulation,123,7442000,268028,True,
5f5ec8df-4082-4658-a53d-ac5fec1c5efb,4587af35-9557-4b25-b67e-6e44f3a01d2a,2026-09-16T11:00:00Z,esp32_xtensa_lx6_arduino,NATIVE_HARDWARE,xtensa_lx6,ESP32 Xtensa Dual-Core 240MHz,2,0,FreeRTOS (ESP-IDF / Arduino Core),xtensa-esp32-elf-gcc,xtensa-esp32-elf-gcc (Espressif),-O2,mlkem-native,v1.2.0 (2507ff79a0acfec6e94a9a83709b5774491fdbb6),ML-KEM-512,keygen,124,4809000,268028,True,
5f5ec8df-4082-4658-a53d-ac5fec1c5efb,4587af35-9557-4b25-b67e-6e44f3a01d2a,2026-09-16T11:00:00Z,esp32_xtensa_lx6_arduino,NATIVE_HARDWARE,xtensa_lx6,ESP32 Xtensa Dual-Core 240MHz,2,0,FreeRTOS (ESP-IDF / Arduino Core),xtensa-esp32-elf-gcc,xtensa-esp32-elf-gcc (Espressif),-O2,mlkem-native,v1.2.0 (2507ff79a0acfec6e94a9a83709b5774491fdbb6),ML-KEM-512,encapsulation,124,5728000,268028,True,
5f5ec8df-4082-4658-a53d-ac5fec1c5efb,4587af35-9557-4b25-b67e-6e44f3a01d2a,2026-09-16T11:00:00Z,esp32_xtensa_lx6_arduino,NATIVE_HARDWARE,xtensa_lx6,ESP32 Xtensa Dual-Core 240MHz,2,0,FreeRTOS (ESP-IDF / Arduino Core),xtensa-esp32-elf-gcc,xtensa-esp32-elf-gcc (Espressif),-O2,mlkem-native,v1.2.0 (2507ff79a0acfec6e94a9a83709b5774491fdbb6),ML-KEM-512,decapsulation,124,7439000,268028,True,
5f5ec8df-4082-4658-a53d-ac5fec1c5efb,4587af35-9557-4b25-b67e-6e44f3a01d2a,2026-09-16T11:00:00Z,esp32_xtensa_lx6_arduino,NATIVE_HARDWARE,xtensa_lx6,ESP32 Xtensa Dual-Core 240MHz,2,0,FreeRTOS (ESP-IDF / Arduino Core),xtensa-esp32-elf-gcc,xtensa-esp32-elf-gcc (Espressif),-O2,mlkem-native,v1.2.0 (2507ff79a0acfec6e94a9a83709b5774491fdbb6),ML-KEM-512,keygen,125,4808000,268028,True,
5f5ec8df-4082-4658-a53d-ac5fec1c5efb,4587af35-9557-4b25-b67e-6e44f3a01d2a,2026-09-16T11:00:00Z,esp32_xtensa_lx6_arduino,NATIVE_HARDWARE,xtensa_lx6,ESP32 Xtensa Dual-Core 240MHz,2,0,FreeRTOS (ESP-IDF / Arduino Core),xtensa-esp32-elf-gcc,xtensa-esp32-elf-gcc (Espressif),-O2,mlkem-native,v1.2.0 (2507ff79a0acfec6e94a9a83709b5774491fdbb6),ML-KEM-512,encapsulation,125,5731000,268028,True,
5f5ec8df-4082-4658-a53d-ac5fec1c5efb,4587af35-9557-4b25-b67e-6e44f3a01d2a,2026-09-16T11:00:00Z,esp32_xtensa_lx6_arduino,NATIVE_HARDWARE,xtensa_lx6,ESP32 Xtensa Dual-Core 240MHz,2,0,FreeRTOS (ESP-IDF / Arduino Core),xtensa-esp32-elf-gcc,xtensa-esp32-elf-gcc (Espressif),-O2,mlkem-native,v1.2.0 (2507ff79a0acfec6e94a9a83709b5774491fdbb6),ML-KEM-512,decapsulation,125,7438000,268028,True,
5f5ec8df-4082-4658-a53d-ac5fec1c5efb,4587af35-9557-4b25-b67e-6e44f3a01d2a,2026-09-16T11:00:00Z,esp32_xtensa_lx6_arduino,NATIVE_HARDWARE,xtensa_lx6,ESP32 Xtensa Dual-Core 240MHz,2,0,FreeRTOS (ESP-IDF / Arduino Core),xtensa-esp32-elf-gcc,xtensa-esp32-elf-gcc (Espressif),-O2,mlkem-native,v1.2.0 (2507ff79a0acfec6e94a9a83709b5774491fdbb6),ML-KEM-512,keygen,126,5180000,268028,True,
5f5ec8df-4082-4658-a53d-ac5fec1c5efb,4587af35-9557-4b25-b67e-6e44f3a01d2a,2026-09-16T11:00:00Z,esp32_xtensa_lx6_arduino,NATIVE_HARDWARE,xtensa_lx6,ESP32 Xtensa Dual-Core 240MHz,2,0,FreeRTOS (ESP-IDF / Arduino Core),xtensa-esp32-elf-gcc,xtensa-esp32-elf-gcc (Espressif),-O2,mlkem-native,v1.2.0 (2507ff79a0acfec6e94a9a83709b5774491fdbb6),ML-KEM-512,encapsulation,126,6100000,268028,True,
5f5ec8df-4082-4658-a53d-ac5fec1c5efb,4587af35-9557-4b25-b67e-6e44f3a01d2a,2026-09-16T11:00:00Z,esp32_xtensa_lx6_arduino,NATIVE_HARDWARE,xtensa_lx6,ESP32 Xtensa Dual-Core 240MHz,2,0,FreeRTOS (ESP-IDF / Arduino Core),xtensa-esp32-elf-gcc,xtensa-esp32-elf-gcc (Espressif),-O2,mlkem-native,v1.2.0 (2507ff79a0acfec6e94a9a83709b5774491fdbb6),ML-KEM-512,decapsulation,126,7811000,268028,True,
5f5ec8df-4082-4658-a53d-ac5fec1c5efb,4587af35-9557-4b25-b67e-6e44f3a01d2a,2026-09-16T11:00:00Z,esp32_xtensa_lx6_arduino,NATIVE_HARDWARE,xtensa_lx6,ESP32 Xtensa Dual-Core 240MHz,2,0,FreeRTOS (ESP-IDF / Arduino Core),xtensa-esp32-elf-gcc,xtensa-esp32-elf-gcc (Espressif),-O2,mlkem-native,v1.2.0 (2507ff79a0acfec6e94a9a83709b5774491fdbb6),ML-KEM-512,keygen,127,4806000,268028,True,
5f5ec8df-4082-4658-a53d-ac5fec1c5efb,4587af35-9557-4b25-b67e-6e44f3a01d2a,2026-09-16T11:00:00Z,esp32_xtensa_lx6_arduino,NATIVE_HARDWARE,xtensa_lx6,ESP32 Xtensa Dual-Core 240MHz,2,0,FreeRTOS (ESP-IDF / Arduino Core),xtensa-esp32-elf-gcc,xtensa-esp32-elf-gcc (Espressif),-O2,mlkem-native,v1.2.0 (2507ff79a0acfec6e94a9a83709b5774491fdbb6),ML-KEM-512,encapsulation,127,5729000,268028,True,
5f5ec8df-4082-4658-a53d-ac5fec1c5efb,4587af35-9557-4b25-b67e-6e44f3a01d2a,2026-09-16T11:00:00Z,esp32_xtensa_lx6_arduino,NATIVE_HARDWARE,xtensa_lx6,ESP32 Xtensa Dual-Core 240MHz,2,0,FreeRTOS (ESP-IDF / Arduino Core),xtensa-esp32-elf-gcc,xtensa-esp32-elf-gcc (Espressif),-O2,mlkem-native,v1.2.0 (2507ff79a0acfec6e94a9a83709b5774491fdbb6),ML-KEM-512,decapsulation,127,7437000,268028,True,
5f5ec8df-4082-4658-a53d-ac5fec1c5efb,4587af35-9557-4b25-b67e-6e44f3a01d2a,2026-09-16T11:00:00Z,esp32_xtensa_lx6_arduino,NATIVE_HARDWARE,xtensa_lx6,ESP32 Xtensa Dual-Core 240MHz,2,0,FreeRTOS (ESP-IDF / Arduino Core),xtensa-esp32-elf-gcc,xtensa-esp32-elf-gcc (Espressif),-O2,mlkem-native,v1.2.0 (2507ff79a0acfec6e94a9a83709b5774491fdbb6),ML-KEM-512,keygen,128,4809000,268028,True,
5f5ec8df-4082-4658-a53d-ac5fec1c5efb,4587af35-9557-4b25-b67e-6e44f3a01d2a,2026-09-16T11:00:00Z,esp32_xtensa_lx6_arduino,NATIVE_HARDWARE,xtensa_lx6,ESP32 Xtensa Dual-Core 240MHz,2,0,FreeRTOS (ESP-IDF / Arduino Core),xtensa-esp32-elf-gcc,xtensa-esp32-elf-gcc (Espressif),-O2,mlkem-native,v1.2.0 (2507ff79a0acfec6e94a9a83709b5774491fdbb6),ML-KEM-512,encapsulation,128,5728000,268028,True,
5f5ec8df-4082-4658-a53d-ac5fec1c5efb,4587af35-9557-4b25-b67e-6e44f3a01d2a,2026-09-16T11:00:00Z,esp32_xtensa_lx6_arduino,NATIVE_HARDWARE,xtensa_lx6,ESP32 Xtensa Dual-Core 240MHz,2,0,FreeRTOS (ESP-IDF / Arduino Core),xtensa-esp32-elf-gcc,xtensa-esp32-elf-gcc (Espressif),-O2,mlkem-native,v1.2.0 (2507ff79a0acfec6e94a9a83709b5774491fdbb6),ML-KEM-512,decapsulation,128,7435000,268028,True,
5f5ec8df-4082-4658-a53d-ac5fec1c5efb,4587af35-9557-4b25-b67e-6e44f3a01d2a,2026-09-16T11:00:00Z,esp32_xtensa_lx6_arduino,NATIVE_HARDWARE,xtensa_lx6,ESP32 Xtensa Dual-Core 240MHz,2,0,FreeRTOS (ESP-IDF / Arduino Core),xtensa-esp32-elf-gcc,xtensa-esp32-elf-gcc (Espressif),-O2,mlkem-native,v1.2.0 (2507ff79a0acfec6e94a9a83709b5774491fdbb6),ML-KEM-512,keygen,129,4811000,268028,True,
5f5ec8df-4082-4658-a53d-ac5fec1c5efb,4587af35-9557-4b25-b67e-6e44f3a01d2a,2026-09-16T11:00:00Z,esp32_xtensa_lx6_arduino,NATIVE_HARDWARE,xtensa_lx6,ESP32 Xtensa Dual-Core 240MHz,2,0,FreeRTOS (ESP-IDF / Arduino Core),xtensa-esp32-elf-gcc,xtensa-esp32-elf-gcc (Espressif),-O2,mlkem-native,v1.2.0 (2507ff79a0acfec6e94a9a83709b5774491fdbb6),ML-KEM-512,encapsulation,129,5726000,268028,True,
5f5ec8df-4082-4658-a53d-ac5fec1c5efb,4587af35-9557-4b25-b67e-6e44f3a01d2a,2026-09-16T11:00:00Z,esp32_xtensa_lx6_arduino,NATIVE_HARDWARE,xtensa_lx6,ESP32 Xtensa Dual-Core 240MHz,2,0,FreeRTOS (ESP-IDF / Arduino Core),xtensa-esp32-elf-gcc,xtensa-esp32-elf-gcc (Espressif),-O2,mlkem-native,v1.2.0 (2507ff79a0acfec6e94a9a83709b5774491fdbb6),ML-KEM-512,decapsulation,129,7437000,268028,True,
5f5ec8df-4082-4658-a53d-ac5fec1c5efb,4587af35-9557-4b25-b67e-6e44f3a01d2a,2026-09-16T11:00:00Z,esp32_xtensa_lx6_arduino,NATIVE_HARDWARE,xtensa_lx6,ESP32 Xtensa Dual-Core 240MHz,2,0,FreeRTOS (ESP-IDF / Arduino Core),xtensa-esp32-elf-gcc,xtensa-esp32-elf-gcc (Espressif),-O2,mlkem-native,v1.2.0 (2507ff79a0acfec6e94a9a83709b5774491fdbb6),ML-KEM-512,keygen,130,4811000,268028,True,
5f5ec8df-4082-4658-a53d-ac5fec1c5efb,4587af35-9557-4b25-b67e-6e44f3a01d2a,2026-09-16T11:00:00Z,esp32_xtensa_lx6_arduino,NATIVE_HARDWARE,xtensa_lx6,ESP32 Xtensa Dual-Core 240MHz,2,0,FreeRTOS (ESP-IDF / Arduino Core),xtensa-esp32-elf-gcc,xtensa-esp32-elf-gcc (Espressif),-O2,mlkem-native,v1.2.0 (2507ff79a0acfec6e94a9a83709b5774491fdbb6),ML-KEM-512,encapsulation,130,5727000,268028,True,
5f5ec8df-4082-4658-a53d-ac5fec1c5efb,4587af35-9557-4b25-b67e-6e44f3a01d2a,2026-09-16T11:00:00Z,esp32_xtensa_lx6_arduino,NATIVE_HARDWARE,xtensa_lx6,ESP32 Xtensa Dual-Core 240MHz,2,0,FreeRTOS (ESP-IDF / Arduino Core),xtensa-esp32-elf-gcc,xtensa-esp32-elf-gcc (Espressif),-O2,mlkem-native,v1.2.0 (2507ff79a0acfec6e94a9a83709b5774491fdbb6),ML-KEM-512,decapsulation,130,7443000,268028,True,
5f5ec8df-4082-4658-a53d-ac5fec1c5efb,4587af35-9557-4b25-b67e-6e44f3a01d2a,2026-09-16T11:00:00Z,esp32_xtensa_lx6_arduino,NATIVE_HARDWARE,xtensa_lx6,ESP32 Xtensa Dual-Core 240MHz,2,0,FreeRTOS (ESP-IDF / Arduino Core),xtensa-esp32-elf-gcc,xtensa-esp32-elf-gcc (Espressif),-O2,mlkem-native,v1.2.0 (2507ff79a0acfec6e94a9a83709b5774491fdbb6),ML-KEM-512,keygen,131,4810000,268028,True,
5f5ec8df-4082-4658-a53d-ac5fec1c5efb,4587af35-9557-4b25-b67e-6e44f3a01d2a,2026-09-16T11:00:00Z,esp32_xtensa_lx6_arduino,NATIVE_HARDWARE,xtensa_lx6,ESP32 Xtensa Dual-Core 240MHz,2,0,FreeRTOS (ESP-IDF / Arduino Core),xtensa-esp32-elf-gcc,xtensa-esp32-elf-gcc (Espressif),-O2,mlkem-native,v1.2.0 (2507ff79a0acfec6e94a9a83709b5774491fdbb6),ML-KEM-512,encapsulation,131,5729000,268028,True,
5f5ec8df-4082-4658-a53d-ac5fec1c5efb,4587af35-9557-4b25-b67e-6e44f3a01d2a,2026-09-16T11:00:00Z,esp32_xtensa_lx6_arduino,NATIVE_HARDWARE,xtensa_lx6,ESP32 Xtensa Dual-Core 240MHz,2,0,FreeRTOS (ESP-IDF / Arduino Core),xtensa-esp32-elf-gcc,xtensa-esp32-elf-gcc (Espressif),-O2,mlkem-native,v1.2.0 (2507ff79a0acfec6e94a9a83709b5774491fdbb6),ML-KEM-512,decapsulation,131,7436000,268028,True,
5f5ec8df-4082-4658-a53d-ac5fec1c5efb,4587af35-9557-4b25-b67e-6e44f3a01d2a,2026-09-16T11:00:00Z,esp32_xtensa_lx6_arduino,NATIVE_HARDWARE,xtensa_lx6,ESP32 Xtensa Dual-Core 240MHz,2,0,FreeRTOS (ESP-IDF / Arduino Core),xtensa-esp32-elf-gcc,xtensa-esp32-elf-gcc (Espressif),-O2,mlkem-native,v1.2.0 (2507ff79a0acfec6e94a9a83709b5774491fdbb6),ML-KEM-512,keygen,132,4810000,268028,True,
5f5ec8df-4082-4658-a53d-ac5fec1c5efb,4587af35-9557-4b25-b67e-6e44f3a01d2a,2026-09-16T11:00:00Z,esp32_xtensa_lx6_arduino,NATIVE_HARDWARE,xtensa_lx6,ESP32 Xtensa Dual-Core 240MHz,2,0,FreeRTOS (ESP-IDF / Arduino Core),xtensa-esp32-elf-gcc,xtensa-esp32-elf-gcc (Espressif),-O2,mlkem-native,v1.2.0 (2507ff79a0acfec6e94a9a83709b5774491fdbb6),ML-KEM-512,encapsulation,132,5729000,268028,True,
5f5ec8df-4082-4658-a53d-ac5fec1c5efb,4587af35-9557-4b25-b67e-6e44f3a01d2a,2026-09-16T11:00:00Z,esp32_xtensa_lx6_arduino,NATIVE_HARDWARE,xtensa_lx6,ESP32 Xtensa Dual-Core 240MHz,2,0,FreeRTOS (ESP-IDF / Arduino Core),xtensa-esp32-elf-gcc,xtensa-esp32-elf-gcc (Espressif),-O2,mlkem-native,v1.2.0 (2507ff79a0acfec6e94a9a83709b5774491fdbb6),ML-KEM-512,decapsulation,132,7437000,268028,True,
5f5ec8df-4082-4658-a53d-ac5fec1c5efb,4587af35-9557-4b25-b67e-6e44f3a01d2a,2026-09-16T11:00:00Z,esp32_xtensa_lx6_arduino,NATIVE_HARDWARE,xtensa_lx6,ESP32 Xtensa Dual-Core 240MHz,2,0,FreeRTOS (ESP-IDF / Arduino Core),xtensa-esp32-elf-gcc,xtensa-esp32-elf-gcc (Espressif),-O2,mlkem-native,v1.2.0 (2507ff79a0acfec6e94a9a83709b5774491fdbb6),ML-KEM-512,keygen,133,4810000,268028,True,
5f5ec8df-4082-4658-a53d-ac5fec1c5efb,4587af35-9557-4b25-b67e-6e44f3a01d2a,2026-09-16T11:00:00Z,esp32_xtensa_lx6_arduino,NATIVE_HARDWARE,xtensa_lx6,ESP32 Xtensa Dual-Core 240MHz,2,0,FreeRTOS (ESP-IDF / Arduino Core),xtensa-esp32-elf-gcc,xtensa-esp32-elf-gcc (Espressif),-O2,mlkem-native,v1.2.0 (2507ff79a0acfec6e94a9a83709b5774491fdbb6),ML-KEM-512,encapsulation,133,5729000,268028,True,
5f5ec8df-4082-4658-a53d-ac5fec1c5efb,4587af35-9557-4b25-b67e-6e44f3a01d2a,2026-09-16T11:00:00Z,esp32_xtensa_lx6_arduino,NATIVE_HARDWARE,xtensa_lx6,ESP32 Xtensa Dual-Core 240MHz,2,0,FreeRTOS (ESP-IDF / Arduino Core),xtensa-esp32-elf-gcc,xtensa-esp32-elf-gcc (Espressif),-O2,mlkem-native,v1.2.0 (2507ff79a0acfec6e94a9a83709b5774491fdbb6),ML-KEM-512,decapsulation,133,7437000,268028,True,
5f5ec8df-4082-4658-a53d-ac5fec1c5efb,4587af35-9557-4b25-b67e-6e44f3a01d2a,2026-09-16T11:00:00Z,esp32_xtensa_lx6_arduino,NATIVE_HARDWARE,xtensa_lx6,ESP32 Xtensa Dual-Core 240MHz,2,0,FreeRTOS (ESP-IDF / Arduino Core),xtensa-esp32-elf-gcc,xtensa-esp32-elf-gcc (Espressif),-O2,mlkem-native,v1.2.0 (2507ff79a0acfec6e94a9a83709b5774491fdbb6),ML-KEM-512,keygen,134,4810000,268028,True,
5f5ec8df-4082-4658-a53d-ac5fec1c5efb,4587af35-9557-4b25-b67e-6e44f3a01d2a,2026-09-16T11:00:00Z,esp32_xtensa_lx6_arduino,NATIVE_HARDWARE,xtensa_lx6,ESP32 Xtensa Dual-Core 240MHz,2,0,FreeRTOS (ESP-IDF / Arduino Core),xtensa-esp32-elf-gcc,xtensa-esp32-elf-gcc (Espressif),-O2,mlkem-native,v1.2.0 (2507ff79a0acfec6e94a9a83709b5774491fdbb6),ML-KEM-512,encapsulation,134,5726000,268028,True,
5f5ec8df-4082-4658-a53d-ac5fec1c5efb,4587af35-9557-4b25-b67e-6e44f3a01d2a,2026-09-16T11:00:00Z,esp32_xtensa_lx6_arduino,NATIVE_HARDWARE,xtensa_lx6,ESP32 Xtensa Dual-Core 240MHz,2,0,FreeRTOS (ESP-IDF / Arduino Core),xtensa-esp32-elf-gcc,xtensa-esp32-elf-gcc (Espressif),-O2,mlkem-native,v1.2.0 (2507ff79a0acfec6e94a9a83709b5774491fdbb6),ML-KEM-512,decapsulation,134,7442000,268028,True,
5f5ec8df-4082-4658-a53d-ac5fec1c5efb,4587af35-9557-4b25-b67e-6e44f3a01d2a,2026-09-16T11:00:00Z,esp32_xtensa_lx6_arduino,NATIVE_HARDWARE,xtensa_lx6,ESP32 Xtensa Dual-Core 240MHz,2,0,FreeRTOS (ESP-IDF / Arduino Core),xtensa-esp32-elf-gcc,xtensa-esp32-elf-gcc (Espressif),-O2,mlkem-native,v1.2.0 (2507ff79a0acfec6e94a9a83709b5774491fdbb6),ML-KEM-512,keygen,135,4811000,268028,True,
5f5ec8df-4082-4658-a53d-ac5fec1c5efb,4587af35-9557-4b25-b67e-6e44f3a01d2a,2026-09-16T11:00:00Z,esp32_xtensa_lx6_arduino,NATIVE_HARDWARE,xtensa_lx6,ESP32 Xtensa Dual-Core 240MHz,2,0,FreeRTOS (ESP-IDF / Arduino Core),xtensa-esp32-elf-gcc,xtensa-esp32-elf-gcc (Espressif),-O2,mlkem-native,v1.2.0 (2507ff79a0acfec6e94a9a83709b5774491fdbb6),ML-KEM-512,encapsulation,135,5730000,268028,True,
5f5ec8df-4082-4658-a53d-ac5fec1c5efb,4587af35-9557-4b25-b67e-6e44f3a01d2a,2026-09-16T11:00:00Z,esp32_xtensa_lx6_arduino,NATIVE_HARDWARE,xtensa_lx6,ESP32 Xtensa Dual-Core 240MHz,2,0,FreeRTOS (ESP-IDF / Arduino Core),xtensa-esp32-elf-gcc,xtensa-esp32-elf-gcc (Espressif),-O2,mlkem-native,v1.2.0 (2507ff79a0acfec6e94a9a83709b5774491fdbb6),ML-KEM-512,decapsulation,135,7441000,268028,True,
5f5ec8df-4082-4658-a53d-ac5fec1c5efb,4587af35-9557-4b25-b67e-6e44f3a01d2a,2026-09-16T11:00:00Z,esp32_xtensa_lx6_arduino,NATIVE_HARDWARE,xtensa_lx6,ESP32 Xtensa Dual-Core 240MHz,2,0,FreeRTOS (ESP-IDF / Arduino Core),xtensa-esp32-elf-gcc,xtensa-esp32-elf-gcc (Espressif),-O2,mlkem-native,v1.2.0 (2507ff79a0acfec6e94a9a83709b5774491fdbb6),ML-KEM-512,keygen,136,4807000,268028,True,
5f5ec8df-4082-4658-a53d-ac5fec1c5efb,4587af35-9557-4b25-b67e-6e44f3a01d2a,2026-09-16T11:00:00Z,esp32_xtensa_lx6_arduino,NATIVE_HARDWARE,xtensa_lx6,ESP32 Xtensa Dual-Core 240MHz,2,0,FreeRTOS (ESP-IDF / Arduino Core),xtensa-esp32-elf-gcc,xtensa-esp32-elf-gcc (Espressif),-O2,mlkem-native,v1.2.0 (2507ff79a0acfec6e94a9a83709b5774491fdbb6),ML-KEM-512,encapsulation,136,5730000,268028,True,
5f5ec8df-4082-4658-a53d-ac5fec1c5efb,4587af35-9557-4b25-b67e-6e44f3a01d2a,2026-09-16T11:00:00Z,esp32_xtensa_lx6_arduino,NATIVE_HARDWARE,xtensa_lx6,ESP32 Xtensa Dual-Core 240MHz,2,0,FreeRTOS (ESP-IDF / Arduino Core),xtensa-esp32-elf-gcc,xtensa-esp32-elf-gcc (Espressif),-O2,mlkem-native,v1.2.0 (2507ff79a0acfec6e94a9a83709b5774491fdbb6),ML-KEM-512,decapsulation,136,7438000,268028,True,
5f5ec8df-4082-4658-a53d-ac5fec1c5efb,4587af35-9557-4b25-b67e-6e44f3a01d2a,2026-09-16T11:00:00Z,esp32_xtensa_lx6_arduino,NATIVE_HARDWARE,xtensa_lx6,ESP32 Xtensa Dual-Core 240MHz,2,0,FreeRTOS (ESP-IDF / Arduino Core),xtensa-esp32-elf-gcc,xtensa-esp32-elf-gcc (Espressif),-O2,mlkem-native,v1.2.0 (2507ff79a0acfec6e94a9a83709b5774491fdbb6),ML-KEM-512,keygen,137,4808000,268028,True,
5f5ec8df-4082-4658-a53d-ac5fec1c5efb,4587af35-9557-4b25-b67e-6e44f3a01d2a,2026-09-16T11:00:00Z,esp32_xtensa_lx6_arduino,NATIVE_HARDWARE,xtensa_lx6,ESP32 Xtensa Dual-Core 240MHz,2,0,FreeRTOS (ESP-IDF / Arduino Core),xtensa-esp32-elf-gcc,xtensa-esp32-elf-gcc (Espressif),-O2,mlkem-native,v1.2.0 (2507ff79a0acfec6e94a9a83709b5774491fdbb6),ML-KEM-512,encapsulation,137,5723000,268028,True,
5f5ec8df-4082-4658-a53d-ac5fec1c5efb,4587af35-9557-4b25-b67e-6e44f3a01d2a,2026-09-16T11:00:00Z,esp32_xtensa_lx6_arduino,NATIVE_HARDWARE,xtensa_lx6,ESP32 Xtensa Dual-Core 240MHz,2,0,FreeRTOS (ESP-IDF / Arduino Core),xtensa-esp32-elf-gcc,xtensa-esp32-elf-gcc (Espressif),-O2,mlkem-native,v1.2.0 (2507ff79a0acfec6e94a9a83709b5774491fdbb6),ML-KEM-512,decapsulation,137,7435000,268028,True,
5f5ec8df-4082-4658-a53d-ac5fec1c5efb,4587af35-9557-4b25-b67e-6e44f3a01d2a,2026-09-16T11:00:00Z,esp32_xtensa_lx6_arduino,NATIVE_HARDWARE,xtensa_lx6,ESP32 Xtensa Dual-Core 240MHz,2,0,FreeRTOS (ESP-IDF / Arduino Core),xtensa-esp32-elf-gcc,xtensa-esp32-elf-gcc (Espressif),-O2,mlkem-native,v1.2.0 (2507ff79a0acfec6e94a9a83709b5774491fdbb6),ML-KEM-512,keygen,138,4811000,268028,True,
5f5ec8df-4082-4658-a53d-ac5fec1c5efb,4587af35-9557-4b25-b67e-6e44f3a01d2a,2026-09-16T11:00:00Z,esp32_xtensa_lx6_arduino,NATIVE_HARDWARE,xtensa_lx6,ESP32 Xtensa Dual-Core 240MHz,2,0,FreeRTOS (ESP-IDF / Arduino Core),xtensa-esp32-elf-gcc,xtensa-esp32-elf-gcc (Espressif),-O2,mlkem-native,v1.2.0 (2507ff79a0acfec6e94a9a83709b5774491fdbb6),ML-KEM-512,encapsulation,138,5730000,268028,True,
5f5ec8df-4082-4658-a53d-ac5fec1c5efb,4587af35-9557-4b25-b67e-6e44f3a01d2a,2026-09-16T11:00:00Z,esp32_xtensa_lx6_arduino,NATIVE_HARDWARE,xtensa_lx6,ESP32 Xtensa Dual-Core 240MHz,2,0,FreeRTOS (ESP-IDF / Arduino Core),xtensa-esp32-elf-gcc,xtensa-esp32-elf-gcc (Espressif),-O2,mlkem-native,v1.2.0 (2507ff79a0acfec6e94a9a83709b5774491fdbb6),ML-KEM-512,decapsulation,138,7443000,268028,True,
5f5ec8df-4082-4658-a53d-ac5fec1c5efb,4587af35-9557-4b25-b67e-6e44f3a01d2a,2026-09-16T11:00:00Z,esp32_xtensa_lx6_arduino,NATIVE_HARDWARE,xtensa_lx6,ESP32 Xtensa Dual-Core 240MHz,2,0,FreeRTOS (ESP-IDF / Arduino Core),xtensa-esp32-elf-gcc,xtensa-esp32-elf-gcc (Espressif),-O2,mlkem-native,v1.2.0 (2507ff79a0acfec6e94a9a83709b5774491fdbb6),ML-KEM-512,keygen,139,4811000,268028,True,
5f5ec8df-4082-4658-a53d-ac5fec1c5efb,4587af35-9557-4b25-b67e-6e44f3a01d2a,2026-09-16T11:00:00Z,esp32_xtensa_lx6_arduino,NATIVE_HARDWARE,xtensa_lx6,ESP32 Xtensa Dual-Core 240MHz,2,0,FreeRTOS (ESP-IDF / Arduino Core),xtensa-esp32-elf-gcc,xtensa-esp32-elf-gcc (Espressif),-O2,mlkem-native,v1.2.0 (2507ff79a0acfec6e94a9a83709b5774491fdbb6),ML-KEM-512,encapsulation,139,5729000,268028,True,
5f5ec8df-4082-4658-a53d-ac5fec1c5efb,4587af35-9557-4b25-b67e-6e44f3a01d2a,2026-09-16T11:00:00Z,esp32_xtensa_lx6_arduino,NATIVE_HARDWARE,xtensa_lx6,ESP32 Xtensa Dual-Core 240MHz,2,0,FreeRTOS (ESP-IDF / Arduino Core),xtensa-esp32-elf-gcc,xtensa-esp32-elf-gcc (Espressif),-O2,mlkem-native,v1.2.0 (2507ff79a0acfec6e94a9a83709b5774491fdbb6),ML-KEM-512,decapsulation,139,7437000,268028,True,
5f5ec8df-4082-4658-a53d-ac5fec1c5efb,4587af35-9557-4b25-b67e-6e44f3a01d2a,2026-09-16T11:00:00Z,esp32_xtensa_lx6_arduino,NATIVE_HARDWARE,xtensa_lx6,ESP32 Xtensa Dual-Core 240MHz,2,0,FreeRTOS (ESP-IDF / Arduino Core),xtensa-esp32-elf-gcc,xtensa-esp32-elf-gcc (Espressif),-O2,mlkem-native,v1.2.0 (2507ff79a0acfec6e94a9a83709b5774491fdbb6),ML-KEM-512,keygen,140,4808000,268028,True,
5f5ec8df-4082-4658-a53d-ac5fec1c5efb,4587af35-9557-4b25-b67e-6e44f3a01d2a,2026-09-16T11:00:00Z,esp32_xtensa_lx6_arduino,NATIVE_HARDWARE,xtensa_lx6,ESP32 Xtensa Dual-Core 240MHz,2,0,FreeRTOS (ESP-IDF / Arduino Core),xtensa-esp32-elf-gcc,xtensa-esp32-elf-gcc (Espressif),-O2,mlkem-native,v1.2.0 (2507ff79a0acfec6e94a9a83709b5774491fdbb6),ML-KEM-512,encapsulation,140,5728000,268028,True,
5f5ec8df-4082-4658-a53d-ac5fec1c5efb,4587af35-9557-4b25-b67e-6e44f3a01d2a,2026-09-16T11:00:00Z,esp32_xtensa_lx6_arduino,NATIVE_HARDWARE,xtensa_lx6,ESP32 Xtensa Dual-Core 240MHz,2,0,FreeRTOS (ESP-IDF / Arduino Core),xtensa-esp32-elf-gcc,xtensa-esp32-elf-gcc (Espressif),-O2,mlkem-native,v1.2.0 (2507ff79a0acfec6e94a9a83709b5774491fdbb6),ML-KEM-512,decapsulation,140,7435000,268028,True,
5f5ec8df-4082-4658-a53d-ac5fec1c5efb,4587af35-9557-4b25-b67e-6e44f3a01d2a,2026-09-16T11:00:00Z,esp32_xtensa_lx6_arduino,NATIVE_HARDWARE,xtensa_lx6,ESP32 Xtensa Dual-Core 240MHz,2,0,FreeRTOS (ESP-IDF / Arduino Core),xtensa-esp32-elf-gcc,xtensa-esp32-elf-gcc (Espressif),-O2,mlkem-native,v1.2.0 (2507ff79a0acfec6e94a9a83709b5774491fdbb6),ML-KEM-512,keygen,141,4812000,268028,True,
5f5ec8df-4082-4658-a53d-ac5fec1c5efb,4587af35-9557-4b25-b67e-6e44f3a01d2a,2026-09-16T11:00:00Z,esp32_xtensa_lx6_arduino,NATIVE_HARDWARE,xtensa_lx6,ESP32 Xtensa Dual-Core 240MHz,2,0,FreeRTOS (ESP-IDF / Arduino Core),xtensa-esp32-elf-gcc,xtensa-esp32-elf-gcc (Espressif),-O2,mlkem-native,v1.2.0 (2507ff79a0acfec6e94a9a83709b5774491fdbb6),ML-KEM-512,encapsulation,141,5727000,268028,True,
5f5ec8df-4082-4658-a53d-ac5fec1c5efb,4587af35-9557-4b25-b67e-6e44f3a01d2a,2026-09-16T11:00:00Z,esp32_xtensa_lx6_arduino,NATIVE_HARDWARE,xtensa_lx6,ESP32 Xtensa Dual-Core 240MHz,2,0,FreeRTOS (ESP-IDF / Arduino Core),xtensa-esp32-elf-gcc,xtensa-esp32-elf-gcc (Espressif),-O2,mlkem-native,v1.2.0 (2507ff79a0acfec6e94a9a83709b5774491fdbb6),ML-KEM-512,decapsulation,141,7439000,268028,True,
5f5ec8df-4082-4658-a53d-ac5fec1c5efb,4587af35-9557-4b25-b67e-6e44f3a01d2a,2026-09-16T11:00:00Z,esp32_xtensa_lx6_arduino,NATIVE_HARDWARE,xtensa_lx6,ESP32 Xtensa Dual-Core 240MHz,2,0,FreeRTOS (ESP-IDF / Arduino Core),xtensa-esp32-elf-gcc,xtensa-esp32-elf-gcc (Espressif),-O2,mlkem-native,v1.2.0 (2507ff79a0acfec6e94a9a83709b5774491fdbb6),ML-KEM-512,keygen,142,4811000,268028,True,
5f5ec8df-4082-4658-a53d-ac5fec1c5efb,4587af35-9557-4b25-b67e-6e44f3a01d2a,2026-09-16T11:00:00Z,esp32_xtensa_lx6_arduino,NATIVE_HARDWARE,xtensa_lx6,ESP32 Xtensa Dual-Core 240MHz,2,0,FreeRTOS (ESP-IDF / Arduino Core),xtensa-esp32-elf-gcc,xtensa-esp32-elf-gcc (Espressif),-O2,mlkem-native,v1.2.0 (2507ff79a0acfec6e94a9a83709b5774491fdbb6),ML-KEM-512,encapsulation,142,5727000,268028,True,
5f5ec8df-4082-4658-a53d-ac5fec1c5efb,4587af35-9557-4b25-b67e-6e44f3a01d2a,2026-09-16T11:00:00Z,esp32_xtensa_lx6_arduino,NATIVE_HARDWARE,xtensa_lx6,ESP32 Xtensa Dual-Core 240MHz,2,0,FreeRTOS (ESP-IDF / Arduino Core),xtensa-esp32-elf-gcc,xtensa-esp32-elf-gcc (Espressif),-O2,mlkem-native,v1.2.0 (2507ff79a0acfec6e94a9a83709b5774491fdbb6),ML-KEM-512,decapsulation,142,7443000,268028,True,
5f5ec8df-4082-4658-a53d-ac5fec1c5efb,4587af35-9557-4b25-b67e-6e44f3a01d2a,2026-09-16T11:00:00Z,esp32_xtensa_lx6_arduino,NATIVE_HARDWARE,xtensa_lx6,ESP32 Xtensa Dual-Core 240MHz,2,0,FreeRTOS (ESP-IDF / Arduino Core),xtensa-esp32-elf-gcc,xtensa-esp32-elf-gcc (Espressif),-O2,mlkem-native,v1.2.0 (2507ff79a0acfec6e94a9a83709b5774491fdbb6),ML-KEM-512,keygen,143,4809000,268028,True,
5f5ec8df-4082-4658-a53d-ac5fec1c5efb,4587af35-9557-4b25-b67e-6e44f3a01d2a,2026-09-16T11:00:00Z,esp32_xtensa_lx6_arduino,NATIVE_HARDWARE,xtensa_lx6,ESP32 Xtensa Dual-Core 240MHz,2,0,FreeRTOS (ESP-IDF / Arduino Core),xtensa-esp32-elf-gcc,xtensa-esp32-elf-gcc (Espressif),-O2,mlkem-native,v1.2.0 (2507ff79a0acfec6e94a9a83709b5774491fdbb6),ML-KEM-512,encapsulation,143,5728000,268028,True,
5f5ec8df-4082-4658-a53d-ac5fec1c5efb,4587af35-9557-4b25-b67e-6e44f3a01d2a,2026-09-16T11:00:00Z,esp32_xtensa_lx6_arduino,NATIVE_HARDWARE,xtensa_lx6,ESP32 Xtensa Dual-Core 240MHz,2,0,FreeRTOS (ESP-IDF / Arduino Core),xtensa-esp32-elf-gcc,xtensa-esp32-elf-gcc (Espressif),-O2,mlkem-native,v1.2.0 (2507ff79a0acfec6e94a9a83709b5774491fdbb6),ML-KEM-512,decapsulation,143,7440000,268028,True,
5f5ec8df-4082-4658-a53d-ac5fec1c5efb,4587af35-9557-4b25-b67e-6e44f3a01d2a,2026-09-16T11:00:00Z,esp32_xtensa_lx6_arduino,NATIVE_HARDWARE,xtensa_lx6,ESP32 Xtensa Dual-Core 240MHz,2,0,FreeRTOS (ESP-IDF / Arduino Core),xtensa-esp32-elf-gcc,xtensa-esp32-elf-gcc (Espressif),-O2,mlkem-native,v1.2.0 (2507ff79a0acfec6e94a9a83709b5774491fdbb6),ML-KEM-512,keygen,144,4810000,268028,True,
5f5ec8df-4082-4658-a53d-ac5fec1c5efb,4587af35-9557-4b25-b67e-6e44f3a01d2a,2026-09-16T11:00:00Z,esp32_xtensa_lx6_arduino,NATIVE_HARDWARE,xtensa_lx6,ESP32 Xtensa Dual-Core 240MHz,2,0,FreeRTOS (ESP-IDF / Arduino Core),xtensa-esp32-elf-gcc,xtensa-esp32-elf-gcc (Espressif),-O2,mlkem-native,v1.2.0 (2507ff79a0acfec6e94a9a83709b5774491fdbb6),ML-KEM-512,encapsulation,144,5729000,268028,True,
5f5ec8df-4082-4658-a53d-ac5fec1c5efb,4587af35-9557-4b25-b67e-6e44f3a01d2a,2026-09-16T11:00:00Z,esp32_xtensa_lx6_arduino,NATIVE_HARDWARE,xtensa_lx6,ESP32 Xtensa Dual-Core 240MHz,2,0,FreeRTOS (ESP-IDF / Arduino Core),xtensa-esp32-elf-gcc,xtensa-esp32-elf-gcc (Espressif),-O2,mlkem-native,v1.2.0 (2507ff79a0acfec6e94a9a83709b5774491fdbb6),ML-KEM-512,decapsulation,144,7436000,268028,True,
5f5ec8df-4082-4658-a53d-ac5fec1c5efb,4587af35-9557-4b25-b67e-6e44f3a01d2a,2026-09-16T11:00:00Z,esp32_xtensa_lx6_arduino,NATIVE_HARDWARE,xtensa_lx6,ESP32 Xtensa Dual-Core 240MHz,2,0,FreeRTOS (ESP-IDF / Arduino Core),xtensa-esp32-elf-gcc,xtensa-esp32-elf-gcc (Espressif),-O2,mlkem-native,v1.2.0 (2507ff79a0acfec6e94a9a83709b5774491fdbb6),ML-KEM-512,keygen,145,4808000,268028,True,
5f5ec8df-4082-4658-a53d-ac5fec1c5efb,4587af35-9557-4b25-b67e-6e44f3a01d2a,2026-09-16T11:00:00Z,esp32_xtensa_lx6_arduino,NATIVE_HARDWARE,xtensa_lx6,ESP32 Xtensa Dual-Core 240MHz,2,0,FreeRTOS (ESP-IDF / Arduino Core),xtensa-esp32-elf-gcc,xtensa-esp32-elf-gcc (Espressif),-O2,mlkem-native,v1.2.0 (2507ff79a0acfec6e94a9a83709b5774491fdbb6),ML-KEM-512,encapsulation,145,5725000,268028,True,
5f5ec8df-4082-4658-a53d-ac5fec1c5efb,4587af35-9557-4b25-b67e-6e44f3a01d2a,2026-09-16T11:00:00Z,esp32_xtensa_lx6_arduino,NATIVE_HARDWARE,xtensa_lx6,ESP32 Xtensa Dual-Core 240MHz,2,0,FreeRTOS (ESP-IDF / Arduino Core),xtensa-esp32-elf-gcc,xtensa-esp32-elf-gcc (Espressif),-O2,mlkem-native,v1.2.0 (2507ff79a0acfec6e94a9a83709b5774491fdbb6),ML-KEM-512,decapsulation,145,7436000,268028,True,
5f5ec8df-4082-4658-a53d-ac5fec1c5efb,4587af35-9557-4b25-b67e-6e44f3a01d2a,2026-09-16T11:00:00Z,esp32_xtensa_lx6_arduino,NATIVE_HARDWARE,xtensa_lx6,ESP32 Xtensa Dual-Core 240MHz,2,0,FreeRTOS (ESP-IDF / Arduino Core),xtensa-esp32-elf-gcc,xtensa-esp32-elf-gcc (Espressif),-O2,mlkem-native,v1.2.0 (2507ff79a0acfec6e94a9a83709b5774491fdbb6),ML-KEM-512,keygen,146,4811000,268028,True,
5f5ec8df-4082-4658-a53d-ac5fec1c5efb,4587af35-9557-4b25-b67e-6e44f3a01d2a,2026-09-16T11:00:00Z,esp32_xtensa_lx6_arduino,NATIVE_HARDWARE,xtensa_lx6,ESP32 Xtensa Dual-Core 240MHz,2,0,FreeRTOS (ESP-IDF / Arduino Core),xtensa-esp32-elf-gcc,xtensa-esp32-elf-gcc (Espressif),-O2,mlkem-native,v1.2.0 (2507ff79a0acfec6e94a9a83709b5774491fdbb6),ML-KEM-512,encapsulation,146,5731000,268028,True,
5f5ec8df-4082-4658-a53d-ac5fec1c5efb,4587af35-9557-4b25-b67e-6e44f3a01d2a,2026-09-16T11:00:00Z,esp32_xtensa_lx6_arduino,NATIVE_HARDWARE,xtensa_lx6,ESP32 Xtensa Dual-Core 240MHz,2,0,FreeRTOS (ESP-IDF / Arduino Core),xtensa-esp32-elf-gcc,xtensa-esp32-elf-gcc (Espressif),-O2,mlkem-native,v1.2.0 (2507ff79a0acfec6e94a9a83709b5774491fdbb6),ML-KEM-512,decapsulation,146,7442000,268028,True,
5f5ec8df-4082-4658-a53d-ac5fec1c5efb,4587af35-9557-4b25-b67e-6e44f3a01d2a,2026-09-16T11:00:00Z,esp32_xtensa_lx6_arduino,NATIVE_HARDWARE,xtensa_lx6,ESP32 Xtensa Dual-Core 240MHz,2,0,FreeRTOS (ESP-IDF / Arduino Core),xtensa-esp32-elf-gcc,xtensa-esp32-elf-gcc (Espressif),-O2,mlkem-native,v1.2.0 (2507ff79a0acfec6e94a9a83709b5774491fdbb6),ML-KEM-512,keygen,147,4807000,268028,True,
5f5ec8df-4082-4658-a53d-ac5fec1c5efb,4587af35-9557-4b25-b67e-6e44f3a01d2a,2026-09-16T11:00:00Z,esp32_xtensa_lx6_arduino,NATIVE_HARDWARE,xtensa_lx6,ESP32 Xtensa Dual-Core 240MHz,2,0,FreeRTOS (ESP-IDF / Arduino Core),xtensa-esp32-elf-gcc,xtensa-esp32-elf-gcc (Espressif),-O2,mlkem-native,v1.2.0 (2507ff79a0acfec6e94a9a83709b5774491fdbb6),ML-KEM-512,encapsulation,147,5729000,268028,True,
5f5ec8df-4082-4658-a53d-ac5fec1c5efb,4587af35-9557-4b25-b67e-6e44f3a01d2a,2026-09-16T11:00:00Z,esp32_xtensa_lx6_arduino,NATIVE_HARDWARE,xtensa_lx6,ESP32 Xtensa Dual-Core 240MHz,2,0,FreeRTOS (ESP-IDF / Arduino Core),xtensa-esp32-elf-gcc,xtensa-esp32-elf-gcc (Espressif),-O2,mlkem-native,v1.2.0 (2507ff79a0acfec6e94a9a83709b5774491fdbb6),ML-KEM-512,decapsulation,147,7437000,268028,True,
5f5ec8df-4082-4658-a53d-ac5fec1c5efb,4587af35-9557-4b25-b67e-6e44f3a01d2a,2026-09-16T11:00:00Z,esp32_xtensa_lx6_arduino,NATIVE_HARDWARE,xtensa_lx6,ESP32 Xtensa Dual-Core 240MHz,2,0,FreeRTOS (ESP-IDF / Arduino Core),xtensa-esp32-elf-gcc,xtensa-esp32-elf-gcc (Espressif),-O2,mlkem-native,v1.2.0 (2507ff79a0acfec6e94a9a83709b5774491fdbb6),ML-KEM-512,keygen,148,4809000,268028,True,
5f5ec8df-4082-4658-a53d-ac5fec1c5efb,4587af35-9557-4b25-b67e-6e44f3a01d2a,2026-09-16T11:00:00Z,esp32_xtensa_lx6_arduino,NATIVE_HARDWARE,xtensa_lx6,ESP32 Xtensa Dual-Core 240MHz,2,0,FreeRTOS (ESP-IDF / Arduino Core),xtensa-esp32-elf-gcc,xtensa-esp32-elf-gcc (Espressif),-O2,mlkem-native,v1.2.0 (2507ff79a0acfec6e94a9a83709b5774491fdbb6),ML-KEM-512,encapsulation,148,5728000,268028,True,
5f5ec8df-4082-4658-a53d-ac5fec1c5efb,4587af35-9557-4b25-b67e-6e44f3a01d2a,2026-09-16T11:00:00Z,esp32_xtensa_lx6_arduino,NATIVE_HARDWARE,xtensa_lx6,ESP32 Xtensa Dual-Core 240MHz,2,0,FreeRTOS (ESP-IDF / Arduino Core),xtensa-esp32-elf-gcc,xtensa-esp32-elf-gcc (Espressif),-O2,mlkem-native,v1.2.0 (2507ff79a0acfec6e94a9a83709b5774491fdbb6),ML-KEM-512,decapsulation,148,7436000,268028,True,
5f5ec8df-4082-4658-a53d-ac5fec1c5efb,4587af35-9557-4b25-b67e-6e44f3a01d2a,2026-09-16T11:00:00Z,esp32_xtensa_lx6_arduino,NATIVE_HARDWARE,xtensa_lx6,ESP32 Xtensa Dual-Core 240MHz,2,0,FreeRTOS (ESP-IDF / Arduino Core),xtensa-esp32-elf-gcc,xtensa-esp32-elf-gcc (Espressif),-O2,mlkem-native,v1.2.0 (2507ff79a0acfec6e94a9a83709b5774491fdbb6),ML-KEM-512,keygen,149,4810000,268028,True,
5f5ec8df-4082-4658-a53d-ac5fec1c5efb,4587af35-9557-4b25-b67e-6e44f3a01d2a,2026-09-16T11:00:00Z,esp32_xtensa_lx6_arduino,NATIVE_HARDWARE,xtensa_lx6,ESP32 Xtensa Dual-Core 240MHz,2,0,FreeRTOS (ESP-IDF / Arduino Core),xtensa-esp32-elf-gcc,xtensa-esp32-elf-gcc (Espressif),-O2,mlkem-native,v1.2.0 (2507ff79a0acfec6e94a9a83709b5774491fdbb6),ML-KEM-512,encapsulation,149,5726000,268028,True,
5f5ec8df-4082-4658-a53d-ac5fec1c5efb,4587af35-9557-4b25-b67e-6e44f3a01d2a,2026-09-16T11:00:00Z,esp32_xtensa_lx6_arduino,NATIVE_HARDWARE,xtensa_lx6,ESP32 Xtensa Dual-Core 240MHz,2,0,FreeRTOS (ESP-IDF / Arduino Core),xtensa-esp32-elf-gcc,xtensa-esp32-elf-gcc (Espressif),-O2,mlkem-native,v1.2.0 (2507ff79a0acfec6e94a9a83709b5774491fdbb6),ML-KEM-512,decapsulation,149,7441000,268028,True,
5f5ec8df-4082-4658-a53d-ac5fec1c5efb,4587af35-9557-4b25-b67e-6e44f3a01d2a,2026-09-16T11:00:00Z,esp32_xtensa_lx6_arduino,NATIVE_HARDWARE,xtensa_lx6,ESP32 Xtensa Dual-Core 240MHz,2,0,FreeRTOS (ESP-IDF / Arduino Core),xtensa-esp32-elf-gcc,xtensa-esp32-elf-gcc (Espressif),-O2,mlkem-native,v1.2.0 (2507ff79a0acfec6e94a9a83709b5774491fdbb6),ML-KEM-512,keygen,150,4811000,268028,True,
5f5ec8df-4082-4658-a53d-ac5fec1c5efb,4587af35-9557-4b25-b67e-6e44f3a01d2a,2026-09-16T11:00:00Z,esp32_xtensa_lx6_arduino,NATIVE_HARDWARE,xtensa_lx6,ESP32 Xtensa Dual-Core 240MHz,2,0,FreeRTOS (ESP-IDF / Arduino Core),xtensa-esp32-elf-gcc,xtensa-esp32-elf-gcc (Espressif),-O2,mlkem-native,v1.2.0 (2507ff79a0acfec6e94a9a83709b5774491fdbb6),ML-KEM-512,encapsulation,150,5730000,268028,True,
5f5ec8df-4082-4658-a53d-ac5fec1c5efb,4587af35-9557-4b25-b67e-6e44f3a01d2a,2026-09-16T11:00:00Z,esp32_xtensa_lx6_arduino,NATIVE_HARDWARE,xtensa_lx6,ESP32 Xtensa Dual-Core 240MHz,2,0,FreeRTOS (ESP-IDF / Arduino Core),xtensa-esp32-elf-gcc,xtensa-esp32-elf-gcc (Espressif),-O2,mlkem-native,v1.2.0 (2507ff79a0acfec6e94a9a83709b5774491fdbb6),ML-KEM-512,decapsulation,150,7441000,268028,True,
5f5ec8df-4082-4658-a53d-ac5fec1c5efb,4587af35-9557-4b25-b67e-6e44f3a01d2a,2026-09-16T11:00:00Z,esp32_xtensa_lx6_arduino,NATIVE_HARDWARE,xtensa_lx6,ESP32 Xtensa Dual-Core 240MHz,2,0,FreeRTOS (ESP-IDF / Arduino Core),xtensa-esp32-elf-gcc,xtensa-esp32-elf-gcc (Espressif),-O2,mlkem-native,v1.2.0 (2507ff79a0acfec6e94a9a83709b5774491fdbb6),ML-KEM-512,keygen,151,5179000,268028,True,
5f5ec8df-4082-4658-a53d-ac5fec1c5efb,4587af35-9557-4b25-b67e-6e44f3a01d2a,2026-09-16T11:00:00Z,esp32_xtensa_lx6_arduino,NATIVE_HARDWARE,xtensa_lx6,ESP32 Xtensa Dual-Core 240MHz,2,0,FreeRTOS (ESP-IDF / Arduino Core),xtensa-esp32-elf-gcc,xtensa-esp32-elf-gcc (Espressif),-O2,mlkem-native,v1.2.0 (2507ff79a0acfec6e94a9a83709b5774491fdbb6),ML-KEM-512,encapsulation,151,6098000,268028,True,
5f5ec8df-4082-4658-a53d-ac5fec1c5efb,4587af35-9557-4b25-b67e-6e44f3a01d2a,2026-09-16T11:00:00Z,esp32_xtensa_lx6_arduino,NATIVE_HARDWARE,xtensa_lx6,ESP32 Xtensa Dual-Core 240MHz,2,0,FreeRTOS (ESP-IDF / Arduino Core),xtensa-esp32-elf-gcc,xtensa-esp32-elf-gcc (Espressif),-O2,mlkem-native,v1.2.0 (2507ff79a0acfec6e94a9a83709b5774491fdbb6),ML-KEM-512,decapsulation,151,7810000,268028,True,
5f5ec8df-4082-4658-a53d-ac5fec1c5efb,4587af35-9557-4b25-b67e-6e44f3a01d2a,2026-09-16T11:00:00Z,esp32_xtensa_lx6_arduino,NATIVE_HARDWARE,xtensa_lx6,ESP32 Xtensa Dual-Core 240MHz,2,0,FreeRTOS (ESP-IDF / Arduino Core),xtensa-esp32-elf-gcc,xtensa-esp32-elf-gcc (Espressif),-O2,mlkem-native,v1.2.0 (2507ff79a0acfec6e94a9a83709b5774491fdbb6),ML-KEM-512,keygen,152,4809000,268028,True,
5f5ec8df-4082-4658-a53d-ac5fec1c5efb,4587af35-9557-4b25-b67e-6e44f3a01d2a,2026-09-16T11:00:00Z,esp32_xtensa_lx6_arduino,NATIVE_HARDWARE,xtensa_lx6,ESP32 Xtensa Dual-Core 240MHz,2,0,FreeRTOS (ESP-IDF / Arduino Core),xtensa-esp32-elf-gcc,xtensa-esp32-elf-gcc (Espressif),-O2,mlkem-native,v1.2.0 (2507ff79a0acfec6e94a9a83709b5774491fdbb6),ML-KEM-512,encapsulation,152,5724000,268028,True,
5f5ec8df-4082-4658-a53d-ac5fec1c5efb,4587af35-9557-4b25-b67e-6e44f3a01d2a,2026-09-16T11:00:00Z,esp32_xtensa_lx6_arduino,NATIVE_HARDWARE,xtensa_lx6,ESP32 Xtensa Dual-Core 240MHz,2,0,FreeRTOS (ESP-IDF / Arduino Core),xtensa-esp32-elf-gcc,xtensa-esp32-elf-gcc (Espressif),-O2,mlkem-native,v1.2.0 (2507ff79a0acfec6e94a9a83709b5774491fdbb6),ML-KEM-512,decapsulation,152,7436000,268028,True,
5f5ec8df-4082-4658-a53d-ac5fec1c5efb,4587af35-9557-4b25-b67e-6e44f3a01d2a,2026-09-16T11:00:00Z,esp32_xtensa_lx6_arduino,NATIVE_HARDWARE,xtensa_lx6,ESP32 Xtensa Dual-Core 240MHz,2,0,FreeRTOS (ESP-IDF / Arduino Core),xtensa-esp32-elf-gcc,xtensa-esp32-elf-gcc (Espressif),-O2,mlkem-native,v1.2.0 (2507ff79a0acfec6e94a9a83709b5774491fdbb6),ML-KEM-512,keygen,153,4809000,268028,True,
5f5ec8df-4082-4658-a53d-ac5fec1c5efb,4587af35-9557-4b25-b67e-6e44f3a01d2a,2026-09-16T11:00:00Z,esp32_xtensa_lx6_arduino,NATIVE_HARDWARE,xtensa_lx6,ESP32 Xtensa Dual-Core 240MHz,2,0,FreeRTOS (ESP-IDF / Arduino Core),xtensa-esp32-elf-gcc,xtensa-esp32-elf-gcc (Espressif),-O2,mlkem-native,v1.2.0 (2507ff79a0acfec6e94a9a83709b5774491fdbb6),ML-KEM-512,encapsulation,153,5728000,268028,True,
5f5ec8df-4082-4658-a53d-ac5fec1c5efb,4587af35-9557-4b25-b67e-6e44f3a01d2a,2026-09-16T11:00:00Z,esp32_xtensa_lx6_arduino,NATIVE_HARDWARE,xtensa_lx6,ESP32 Xtensa Dual-Core 240MHz,2,0,FreeRTOS (ESP-IDF / Arduino Core),xtensa-esp32-elf-gcc,xtensa-esp32-elf-gcc (Espressif),-O2,mlkem-native,v1.2.0 (2507ff79a0acfec6e94a9a83709b5774491fdbb6),ML-KEM-512,decapsulation,153,7440000,268028,True,
