experiment_id,run_id,timestamp,environment,measurement_type,architecture,processor,cpu_cores,ram_mb,os,compiler,compiler_version,optimization_flags,implementation,implementation_version,mlkem_variant,operation,iteration,execution_time_ns,memory_bytes,success,error_message
"36e093ba-e374-476d-acef-7b7fda155006","04f4ada5-75cd-4cb5-a8b7-821da3b35e82","2026-09-15T10:15:00Z","esp8266_xtensa_lx106_arduino","NATIVE_HARDWARE","xtensa_lx106","ESP8266 Xtensa LX106 80MHz",1,0,"FreeRTOS (ESP8266 RTOS via Arduino)","xtensa-lx106-elf-gcc","xtensa-lx106-elf-gcc (Espressif)","-O2","mlkem-native","v1.2.0 (2507ff79a0acfec6e94a9a83709b5774491fdbb6)","ML-KEM-768","keygen",1,18324000,46112,True,""
"36e093ba-e374-476d-acef-7b7fda155006","04f4ada5-75cd-4cb5-a8b7-821da3b35e82","2026-09-15T10:15:00Z","esp8266_xtensa_lx106_arduino","NATIVE_HARDWARE","xtensa_lx106","ESP8266 Xtensa LX106 80MHz",1,0,"FreeRTOS (ESP8266 RTOS via Arduino)","xtensa-lx106-elf-gcc","xtensa-lx106-elf-gcc (Espressif)","-O2","mlkem-native","v1.2.0 (2507ff79a0acfec6e94a9a83709b5774491fdbb6)","ML-KEM-768","encapsulation",1,21071000,46112,True,""
"36e093ba-e374-476d-acef-7b7fda155006","04f4ada5-75cd-4cb5-a8b7-821da3b35e82","2026-09-15T10:15:00Z","esp8266_xtensa_lx106_arduino","NATIVE_HARDWARE","xtensa_lx106","ESP8266 Xtensa LX106 80MHz",1,0,"FreeRTOS (ESP8266 RTOS via Arduino)","xtensa-lx106-elf-gcc","xtensa-lx106-elf-gcc (Espressif)","-O2","mlkem-native","v1.2.0 (2507ff79a0acfec6e94a9a83709b5774491fdbb6)","ML-KEM-768","decapsulation",1,26227000,46112,True,""
"36e093ba-e374-476d-acef-7b7fda155006","04f4ada5-75cd-4cb5-a8b7-821da3b35e82","2026-09-15T10:15:00Z","esp8266_xtensa_lx106_arduino","NATIVE_HARDWARE","xtensa_lx106","ESP8266 Xtensa LX106 80MHz",1,0,"FreeRTOS (ESP8266 RTOS via Arduino)","xtensa-lx106-elf-gcc","xtensa-lx106-elf-gcc (Espressif)","-O2","mlkem-native","v1.2.0 (2507ff79a0acfec6e94a9a83709b5774491fdbb6)","ML-KEM-768","keygen",2,17235000,46112,True,""
"36e093ba-e374-476d-acef-7b7fda155006","04f4ada5-75cd-4cb5-a8b7-821da3b35e82","2026-09-15T10:15:00Z","esp8266_xtensa_lx106_arduino","NATIVE_HARDWARE","xtensa_lx106","ESP8266 Xtensa LX106 80MHz",1,0,"FreeRTOS (ESP8266 RTOS via Arduino)","xtensa-lx106-elf-gcc","xtensa-lx106-elf-gcc (Espressif)","-O2","mlkem-native","v1.2.0 (2507ff79a0acfec6e94a9a83709b5774491fdbb6)","ML-KEM-768","encapsulation",2,20859000,46112,True,""
"36e093ba-e374-476d-acef-7b7fda155006","04f4ada5-75cd-4cb5-a8b7-821da3b35e82","2026-09-15T10:15:00Z","esp8266_xtensa_lx106_arduino","NATIVE_HARDWARE","xtensa_lx106","ESP8266 Xtensa LX106 80MHz",1,0,"FreeRTOS (ESP8266 RTOS via Arduino)","xtensa-lx106-elf-gcc","xtensa-lx106-elf-gcc (Espressif)","-O2","mlkem-native","v1.2.0 (2507ff79a0acfec6e94a9a83709b5774491fdbb6)","ML-KEM-768","decapsulation",2,26120000,46112,True,""
"36e093ba-e374-476d-acef-7b7fda155006","04f4ada5-75cd-4cb5-a8b7-821da3b35e82","2026-09-15T10:15:00Z","esp8266_xtensa_lx106_arduino","NATIVE_HARDWARE","xtensa_lx106","ESP8266 Xtensa LX106 80MHz",1,0,"FreeRTOS (ESP8266 RTOS via Arduino)","xtensa-lx106-elf-gcc","xtensa-lx106-elf-gcc (Espressif)","-O2","mlkem-native","v1.2.0 (2507ff79a0acfec6e94a9a83709b5774491fdbb6)","ML-KEM-768","keygen",3,17240000,46112,True,""
"36e093ba-e374-476d-acef-7b7fda155006","04f4ada5-75cd-4cb5-a8b7-821da3b35e82","2026-09-15T10:15:00Z","esp8266_xtensa_lx106_arduino","NATIVE_HARDWARE","xtensa_lx106","ESP8266 Xtensa LX106 80MHz",1,0,"FreeRTOS (ESP8266 RTOS via Arduino)","xtensa-lx106-elf-gcc","xtensa-lx106-elf-gcc (Espressif)","-O2","mlkem-native","v1.2.0 (2507ff79a0acfec6e94a9a83709b5774491fdbb6)","ML-KEM-768","encapsulation",3,20850000,46112,True,""
"36e093ba-e374-476d-acef-7b7fda155006","04f4ada5-75cd-4cb5-a8b7-821da3b35e82","2026-09-15T10:15:00Z","esp8266_xtensa_lx106_arduino","NATIVE_HARDWARE","xtensa_lx106","ESP8266 Xtensa LX106 80MHz",1,0,"FreeRTOS (ESP8266 RTOS via Arduino)","xtensa-lx106-elf-gcc","xtensa-lx106-elf-gcc (Espressif)","-O2","mlkem-native","v1.2.0 (2507ff79a0acfec6e94a9a83709b5774491fdbb6)","ML-KEM-768","decapsulation",3,26114000,46112,True,""
"36e093ba-e374-476d-acef-7b7fda155006","04f4ada5-75cd-4cb5-a8b7-821da3b35e82","2026-09-15T10:15:00Z","esp8266_xtensa_lx106_arduino","NATIVE_HARDWARE","xtensa_lx106","ESP8266 Xtensa LX106 80MHz",1,0,"FreeRTOS (ESP8266 RTOS via Arduino)","xtensa-lx106-elf-gcc","xtensa-lx106-elf-gcc (Espressif)","-O2","mlkem-native","v1.2.0 (2507ff79a0acfec6e94a9a83709b5774491fdbb6)","ML-KEM-768","keygen",4,17244000,46112,True,""
"36e093ba-e374-476d-acef-7b7fda155006","04f4ada5-75cd-4cb5-a8b7-821da3b35e82","2026-09-15T10:15:00Z","esp8266_xtensa_lx106_arduino","NATIVE_HARDWARE","xtensa_lx106","ESP8266 Xtensa LX106 80MHz",1,0,"FreeRTOS (ESP8266 RTOS via Arduino)","xtensa-lx106-elf-gcc","xtensa-lx106-elf-gcc (Espressif)","-O2","mlkem-native","v1.2.0 (2507ff79a0acfec6e94a9a83709b5774491fdbb6)","ML-KEM-768","encapsulation",4,20862000,46112,True,""
"36e093ba-e374-476d-acef-7b7fda155006","04f4ada5-75cd-4cb5-a8b7-821da3b35e82","2026-09-15T10:15:00Z","esp8266_xtensa_lx106_arduino","NATIVE_HARDWARE","xtensa_lx106","ESP8266 Xtensa LX106 80MHz",1,0,"FreeRTOS (ESP8266 RTOS via Arduino)","xtensa-lx106-elf-gcc","xtensa-lx106-elf-gcc (Espressif)","-O2","mlkem-native","v1.2.0 (2507ff79a0acfec6e94a9a83709b5774491fdbb6)","ML-KEM-768","decapsulation",4,26126000,46112,True,""
"36e093ba-e374-476d-acef-7b7fda155006","04f4ada5-75cd-4cb5-a8b7-821da3b35e82","2026-09-15T10:15:00Z","esp8266_xtensa_lx106_arduino","NATIVE_HARDWARE","xtensa_lx106","ESP8266 Xtensa LX106 80MHz",1,0,"FreeRTOS (ESP8266 RTOS via Arduino)","xtensa-lx106-elf-gcc","xtensa-lx106-elf-gcc (Espressif)","-O2","mlkem-native","v1.2.0 (2507ff79a0acfec6e94a9a83709b5774491fdbb6)","ML-KEM-768","keygen",5,17236000,46112,True,""
"36e093ba-e374-476d-acef-7b7fda155006","04f4ada5-75cd-4cb5-a8b7-821da3b35e82","2026-09-15T10:15:00Z","esp8266_xtensa_lx106_arduino","NATIVE_HARDWARE","xtensa_lx106","ESP8266 Xtensa LX106 80MHz",1,0,"FreeRTOS (ESP8266 RTOS via Arduino)","xtensa-lx106-elf-gcc","xtensa-lx106-elf-gcc (Espressif)","-O2","mlkem-native","v1.2.0 (2507ff79a0acfec6e94a9a83709b5774491fdbb6)","ML-KEM-768","encapsulation",5,20857000,46112,True,""
"36e093ba-e374-476d-acef-7b7fda155006","04f4ada5-75cd-4cb5-a8b7-821da3b35e82","2026-09-15T10:15:00Z","esp8266_xtensa_lx106_arduino","NATIVE_HARDWARE","xtensa_lx106","ESP8266 Xtensa LX106 80MHz",1,0,"FreeRTOS (ESP8266 RTOS via Arduino)","xtensa-lx106-elf-gcc","xtensa-lx106-elf-gcc (Espressif)","-O2","mlkem-native","v1.2.0 (2507ff79a0acfec6e94a9a83709b5774491fdbb6)","ML-KEM-768","decapsulation",5,26122000,46112,True,""
"36e093ba-e374-476d-acef-7b7fda155006","04f4ada5-75cd-4cb5-a8b7-821da3b35e82","2026-09-15T10:15:00Z","esp8266_xtensa_lx106_arduino","NATIVE_HARDWARE","xtensa_lx106","ESP8266 Xtensa LX106 80MHz",1,0,"FreeRTOS (ESP8266 RTOS via Arduino)","xtensa-lx106-elf-gcc","xtensa-lx106-elf-gcc (Espressif)","-O2","mlkem-native","v1.2.0 (2507ff79a0acfec6e94a9a83709b5774491fdbb6)","ML-KEM-768","keygen",6,17235000,46112,True,""
"36e093ba-e374-476d-acef-7b7fda155006","04f4ada5-75cd-4cb5-a8b7-821da3b35e82","2026-09-15T10:15:00Z","esp8266_xtensa_lx106_arduino","NATIVE_HARDWARE","xtensa_lx106","ESP8266 Xtensa LX106 80MHz",1,0,"FreeRTOS (ESP8266 RTOS via Arduino)","xtensa-lx106-elf-gcc","xtensa-lx106-elf-gcc (Espressif)","-O2","mlkem-native","v1.2.0 (2507ff79a0acfec6e94a9a83709b5774491fdbb6)","ML-KEM-768","encapsulation",6,20854000,46112,True,""
"36e093ba-e374-476d-acef-7b7fda155006","04f4ada5-75cd-4cb5-a8b7-821da3b35e82","2026-09-15T10:15:00Z","esp8266_xtensa_lx106_arduino","NATIVE_HARDWARE","xtensa_lx106","ESP8266 Xtensa LX106 80MHz",1,0,"FreeRTOS (ESP8266 RTOS via Arduino)","xtensa-lx106-elf-gcc","xtensa-lx106-elf-gcc (Espressif)","-O2","mlkem-native","v1.2.0 (2507ff79a0acfec6e94a9a83709b5774491fdbb6)","ML-KEM-768","decapsulation",6,26117000,46112,True,""
"36e093ba-e374-476d-acef-7b7fda155006","04f4ada5-75cd-4cb5-a8b7-821da3b35e82","2026-09-15T10:15:00Z","esp8266_xtensa_lx106_arduino","NATIVE_HARDWARE","xtensa_lx106","ESP8266 Xtensa LX106 80MHz",1,0,"FreeRTOS (ESP8266 RTOS via Arduino)","xtensa-lx106-elf-gcc","xtensa-lx106-elf-gcc (Espressif)","-O2","mlkem-native","v1.2.0 (2507ff79a0acfec6e94a9a83709b5774491fdbb6)","ML-KEM-768","keygen",7,17236000,46112,True,""
"36e093ba-e374-476d-acef-7b7fda155006","04f4ada5-75cd-4cb5-a8b7-821da3b35e82","2026-09-15T10:15:00Z","esp8266_xtensa_lx106_arduino","NATIVE_HARDWARE","xtensa_lx106","ESP8266 Xtensa LX106 80MHz",1,0,"FreeRTOS (ESP8266 RTOS via Arduino)","xtensa-lx106-elf-gcc","xtensa-lx106-elf-gcc (Espressif)","-O2","mlkem-native","v1.2.0 (2507ff79a0acfec6e94a9a83709b5774491fdbb6)","ML-KEM-768","encapsulation",7,20861000,46112,True,""
"36e093ba-e374-476d-acef-7b7fda155006","04f4ada5-75cd-4cb5-a8b7-821da3b35e82","2026-09-15T10:15:00Z","esp8266_xtensa_lx106_arduino","NATIVE_HARDWARE","xtensa_lx106","ESP8266 Xtensa LX106 80MHz",1,0,"FreeRTOS (ESP8266 RTOS via Arduino)","xtensa-lx106-elf-gcc","xtensa-lx106-elf-gcc (Espressif)","-O2","mlkem-native","v1.2.0 (2507ff79a0acfec6e94a9a83709b5774491fdbb6)","ML-KEM-768","decapsulation",7,26123000,46112,True,""
"36e093ba-e374-476d-acef-7b7fda155006","04f4ada5-75cd-4cb5-a8b7-821da3b35e82","2026-09-15T10:15:00Z","esp8266_xtensa_lx106_arduino","NATIVE_HARDWARE","xtensa_lx106","ESP8266 Xtensa LX106 80MHz",1,0,"FreeRTOS (ESP8266 RTOS via Arduino)","xtensa-lx106-elf-gcc","xtensa-lx106-elf-gcc (Espressif)","-O2","mlkem-native","v1.2.0 (2507ff79a0acfec6e94a9a83709b5774491fdbb6)","ML-KEM-768","keygen",8,17230000,46112,True,""
"36e093ba-e374-476d-acef-7b7fda155006","04f4ada5-75cd-4cb5-a8b7-821da3b35e82","2026-09-15T10:15:00Z","esp8266_xtensa_lx106_arduino","NATIVE_HARDWARE","xtensa_lx106","ESP8266 Xtensa LX106 80MHz",1,0,"FreeRTOS (ESP8266 RTOS via Arduino)","xtensa-lx106-elf-gcc","xtensa-lx106-elf-gcc (Espressif)","-O2","mlkem-native","v1.2.0 (2507ff79a0acfec6e94a9a83709b5774491fdbb6)","ML-KEM-768","encapsulation",8,20854000,46112,True,""
"36e093ba-e374-476d-acef-7b7fda155006","04f4ada5-75cd-4cb5-a8b7-821da3b35e82","2026-09-15T10:15:00Z","esp8266_xtensa_lx106_arduino","NATIVE_HARDWARE","xtensa_lx106","ESP8266 Xtensa LX106 80MHz",1,0,"FreeRTOS (ESP8266 RTOS via Arduino)","xtensa-lx106-elf-gcc","xtensa-lx106-elf-gcc (Espressif)","-O2","mlkem-native","v1.2.0 (2507ff79a0acfec6e94a9a83709b5774491fdbb6)","ML-KEM-768","decapsulation",8,26116000,46112,True,""
"36e093ba-e374-476d-acef-7b7fda155006","04f4ada5-75cd-4cb5-a8b7-821da3b35e82","2026-09-15T10:15:00Z","esp8266_xtensa_lx106_arduino","NATIVE_HARDWARE","xtensa_lx106","ESP8266 Xtensa LX106 80MHz",1,0,"FreeRTOS (ESP8266 RTOS via Arduino)","xtensa-lx106-elf-gcc","xtensa-lx106-elf-gcc (Espressif)","-O2","mlkem-native","v1.2.0 (2507ff79a0acfec6e94a9a83709b5774491fdbb6)","ML-KEM-768","keygen",9,17445000,46112,True,""
"36e093ba-e374-476d-acef-7b7fda155006","04f4ada5-75cd-4cb5-a8b7-821da3b35e82","2026-09-15T10:15:00Z","esp8266_xtensa_lx106_arduino","NATIVE_HARDWARE","xtensa_lx106","ESP8266 Xtensa LX106 80MHz",1,0,"FreeRTOS (ESP8266 RTOS via Arduino)","xtensa-lx106-elf-gcc","xtensa-lx106-elf-gcc (Espressif)","-O2","mlkem-native","v1.2.0 (2507ff79a0acfec6e94a9a83709b5774491fdbb6)","ML-KEM-768","encapsulation",9,21065000,46112,True,""
"36e093ba-e374-476d-acef-7b7fda155006","04f4ada5-75cd-4cb5-a8b7-821da3b35e82","2026-09-15T10:15:00Z","esp8266_xtensa_lx106_arduino","NATIVE_HARDWARE","xtensa_lx106","ESP8266 Xtensa LX106 80MHz",1,0,"FreeRTOS (ESP8266 RTOS via Arduino)","xtensa-lx106-elf-gcc","xtensa-lx106-elf-gcc (Espressif)","-O2","mlkem-native","v1.2.0 (2507ff79a0acfec6e94a9a83709b5774491fdbb6)","ML-KEM-768","decapsulation",9,26325000,46112,True,""
"36e093ba-e374-476d-acef-7b7fda155006","04f4ada5-75cd-4cb5-a8b7-821da3b35e82","2026-09-15T10:15:00Z","esp8266_xtensa_lx106_arduino","NATIVE_HARDWARE","xtensa_lx106","ESP8266 Xtensa LX106 80MHz",1,0,"FreeRTOS (ESP8266 RTOS via Arduino)","xtensa-lx106-elf-gcc","xtensa-lx106-elf-gcc (Espressif)","-O2","mlkem-native","v1.2.0 (2507ff79a0acfec6e94a9a83709b5774491fdbb6)","ML-KEM-768","keygen",10,18911000,46112,True,""
"36e093ba-e374-476d-acef-7b7fda155006","04f4ada5-75cd-4cb5-a8b7-821da3b35e82","2026-09-15T10:15:00Z","esp8266_xtensa_lx106_arduino","NATIVE_HARDWARE","xtensa_lx106","ESP8266 Xtensa LX106 80MHz",1,0,"FreeRTOS (ESP8266 RTOS via Arduino)","xtensa-lx106-elf-gcc","xtensa-lx106-elf-gcc (Espressif)","-O2","mlkem-native","v1.2.0 (2507ff79a0acfec6e94a9a83709b5774491fdbb6)","ML-KEM-768","encapsulation",10,22518000,46112,True,""
"36e093ba-e374-476d-acef-7b7fda155006","04f4ada5-75cd-4cb5-a8b7-821da3b35e82","2026-09-15T10:15:00Z","esp8266_xtensa_lx106_arduino","NATIVE_HARDWARE","xtensa_lx106","ESP8266 Xtensa LX106 80MHz",1,0,"FreeRTOS (ESP8266 RTOS via Arduino)","xtensa-lx106-elf-gcc","xtensa-lx106-elf-gcc (Espressif)","-O2","mlkem-native","v1.2.0 (2507ff79a0acfec6e94a9a83709b5774491fdbb6)","ML-KEM-768","decapsulation",10,27783000,46112,True,""
"36e093ba-e374-476d-acef-7b7fda155006","04f4ada5-75cd-4cb5-a8b7-821da3b35e82","2026-09-15T10:15:00Z","esp8266_xtensa_lx106_arduino","NATIVE_HARDWARE","xtensa_lx106","ESP8266 Xtensa LX106 80MHz",1,0,"FreeRTOS (ESP8266 RTOS via Arduino)","xtensa-lx106-elf-gcc","xtensa-lx106-elf-gcc (Espressif)","-O2","mlkem-native","v1.2.0 (2507ff79a0acfec6e94a9a83709b5774491fdbb6)","ML-KEM-768","keygen",11,17228000,46112,True,""
"36e093ba-e374-476d-acef-7b7fda155006","04f4ada5-75cd-4cb5-a8b7-821da3b35e82","2026-09-15T10:15:00Z","esp8266_xtensa_lx106_arduino","NATIVE_HARDWARE","xtensa_lx106","ESP8266 Xtensa LX106 80MHz",1,0,"FreeRTOS (ESP8266 RTOS via Arduino)","xtensa-lx106-elf-gcc","xtensa-lx106-elf-gcc (Espressif)","-O2","mlkem-native","v1.2.0 (2507ff79a0acfec6e94a9a83709b5774491fdbb6)","ML-KEM-768","encapsulation",11,20842000,46112,True,""
"36e093ba-e374-476d-acef-7b7fda155006","04f4ada5-75cd-4cb5-a8b7-821da3b35e82","2026-09-15T10:15:00Z","esp8266_xtensa_lx106_arduino","NATIVE_HARDWARE","xtensa_lx106","ESP8266 Xtensa LX106 80MHz",1,0,"FreeRTOS (ESP8266 RTOS via Arduino)","xtensa-lx106-elf-gcc","xtensa-lx106-elf-gcc (Espressif)","-O2","mlkem-native","v1.2.0 (2507ff79a0acfec6e94a9a83709b5774491fdbb6)","ML-KEM-768","decapsulation",11,26103000,46112,True,""
"36e093ba-e374-476d-acef-7b7fda155006","04f4ada5-75cd-4cb5-a8b7-821da3b35e82","2026-09-15T10:15:00Z","esp8266_xtensa_lx106_arduino","NATIVE_HARDWARE","xtensa_lx106","ESP8266 Xtensa LX106 80MHz",1,0,"FreeRTOS (ESP8266 RTOS via Arduino)","xtensa-lx106-elf-gcc","xtensa-lx106-elf-gcc (Espressif)","-O2","mlkem-native","v1.2.0 (2507ff79a0acfec6e94a9a83709b5774491fdbb6)","ML-KEM-768","keygen",12,17234000,46112,True,""
"36e093ba-e374-476d-acef-7b7fda155006","04f4ada5-75cd-4cb5-a8b7-821da3b35e82","2026-09-15T10:15:00Z","esp8266_xtensa_lx106_arduino","NATIVE_HARDWARE","xtensa_lx106","ESP8266 Xtensa LX106 80MHz",1,0,"FreeRTOS (ESP8266 RTOS via Arduino)","xtensa-lx106-elf-gcc","xtensa-lx106-elf-gcc (Espressif)","-O2","mlkem-native","v1.2.0 (2507ff79a0acfec6e94a9a83709b5774491fdbb6)","ML-KEM-768","encapsulation",12,20854000,46112,True,""
"36e093ba-e374-476d-acef-7b7fda155006","04f4ada5-75cd-4cb5-a8b7-821da3b35e82","2026-09-15T10:15:00Z","esp8266_xtensa_lx106_arduino","NATIVE_HARDWARE","xtensa_lx106","ESP8266 Xtensa LX106 80MHz",1,0,"FreeRTOS (ESP8266 RTOS via Arduino)","xtensa-lx106-elf-gcc","xtensa-lx106-elf-gcc (Espressif)","-O2","mlkem-native","v1.2.0 (2507ff79a0acfec6e94a9a83709b5774491fdbb6)","ML-KEM-768","decapsulation",12,26117000,46112,True,""
"36e093ba-e374-476d-acef-7b7fda155006","04f4ada5-75cd-4cb5-a8b7-821da3b35e82","2026-09-15T10:15:00Z","esp8266_xtensa_lx106_arduino","NATIVE_HARDWARE","xtensa_lx106","ESP8266 Xtensa LX106 80MHz",1,0,"FreeRTOS (ESP8266 RTOS via Arduino)","xtensa-lx106-elf-gcc","xtensa-lx106-elf-gcc (Espressif)","-O2","mlkem-native","v1.2.0 (2507ff79a0acfec6e94a9a83709b5774491fdbb6)","ML-KEM-768","keygen",13,17245000,46112,True,""
"36e093ba-e374-476d-acef-7b7fda155006","04f4ada5-75cd-4cb5-a8b7-821da3b35e82","2026-09-15T10:15:00Z","esp8266_xtensa_lx106_arduino","NATIVE_HARDWARE","xtensa_lx106","ESP8266 Xtensa LX106 80MHz",1,0,"FreeRTOS (ESP8266 RTOS via Arduino)","xtensa-lx106-elf-gcc","xtensa-lx106-elf-gcc (Espressif)","-O2","mlkem-native","v1.2.0 (2507ff79a0acfec6e94a9a83709b5774491fdbb6)","ML-KEM-768","encapsulation",13,20861000,46112,True,""
"36e093ba-e374-476d-acef-7b7fda155006","04f4ada5-75cd-4cb5-a8b7-821da3b35e82","2026-09-15T10:15:00Z","esp8266_xtensa_lx106_arduino","NATIVE_HARDWARE","xtensa_lx106","ESP8266 Xtensa LX106 80MHz",1,0,"FreeRTOS (ESP8266 RTOS via Arduino)","xtensa-lx106-elf-gcc","xtensa-lx106-elf-gcc (Espressif)","-O2","mlkem-native","v1.2.0 (2507ff79a0acfec6e94a9a83709b5774491fdbb6)","ML-KEM-768","decapsulation",13,26121000,46112,True,""
"36e093ba-e374-476d-acef-7b7fda155006","04f4ada5-75cd-4cb5-a8b7-821da3b35e82","2026-09-15T10:15:00Z","esp8266_xtensa_lx106_arduino","NATIVE_HARDWARE","xtensa_lx106","ESP8266 Xtensa LX106 80MHz",1,0,"FreeRTOS (ESP8266 RTOS via Arduino)","xtensa-lx106-elf-gcc","xtensa-lx106-elf-gcc (Espressif)","-O2","mlkem-native","v1.2.0 (2507ff79a0acfec6e94a9a83709b5774491fdbb6)","ML-KEM-768","keygen",14,17243000,46112,True,""
"36e093ba-e374-476d-acef-7b7fda155006","04f4ada5-75cd-4cb5-a8b7-821da3b35e82","2026-09-15T10:15:00Z","esp8266_xtensa_lx106_arduino","NATIVE_HARDWARE","xtensa_lx106","ESP8266 Xtensa LX106 80MHz",1,0,"FreeRTOS (ESP8266 RTOS via Arduino)","xtensa-lx106-elf-gcc","xtensa-lx106-elf-gcc (Espressif)","-O2","mlkem-native","v1.2.0 (2507ff79a0acfec6e94a9a83709b5774491fdbb6)","ML-KEM-768","encapsulation",14,20860000,46112,True,""
"36e093ba-e374-476d-acef-7b7fda155006","04f4ada5-75cd-4cb5-a8b7-821da3b35e82","2026-09-15T10:15:00Z","esp8266_xtensa_lx106_arduino","NATIVE_HARDWARE","xtensa_lx106","ESP8266 Xtensa LX106 80MHz",1,0,"FreeRTOS (ESP8266 RTOS via Arduino)","xtensa-lx106-elf-gcc","xtensa-lx106-elf-gcc (Espressif)","-O2","mlkem-native","v1.2.0 (2507ff79a0acfec6e94a9a83709b5774491fdbb6)","ML-KEM-768","decapsulation",14,26126000,46112,True,""
"36e093ba-e374-476d-acef-7b7fda155006","04f4ada5-75cd-4cb5-a8b7-821da3b35e82","2026-09-15T10:15:00Z","esp8266_xtensa_lx106_arduino","NATIVE_HARDWARE","xtensa_lx106","ESP8266 Xtensa LX106 80MHz",1,0,"FreeRTOS (ESP8266 RTOS via Arduino)","xtensa-lx106-elf-gcc","xtensa-lx106-elf-gcc (Espressif)","-O2","mlkem-native","v1.2.0 (2507ff79a0acfec6e94a9a83709b5774491fdbb6)","ML-KEM-768","keygen",15,17231000,46112,True,""
"36e093ba-e374-476d-acef-7b7fda155006","04f4ada5-75cd-4cb5-a8b7-821da3b35e82","2026-09-15T10:15:00Z","esp8266_xtensa_lx106_arduino","NATIVE_HARDWARE","xtensa_lx106","ESP8266 Xtensa LX106 80MHz",1,0,"FreeRTOS (ESP8266 RTOS via Arduino)","xtensa-lx106-elf-gcc","xtensa-lx106-elf-gcc (Espressif)","-O2","mlkem-native","v1.2.0 (2507ff79a0acfec6e94a9a83709b5774491fdbb6)","ML-KEM-768","encapsulation",15,20853000,46112,True,""
"36e093ba-e374-476d-acef-7b7fda155006","04f4ada5-75cd-4cb5-a8b7-821da3b35e82","2026-09-15T10:15:00Z","esp8266_xtensa_lx106_arduino","NATIVE_HARDWARE","xtensa_lx106","ESP8266 Xtensa LX106 80MHz",1,0,"FreeRTOS (ESP8266 RTOS via Arduino)","xtensa-lx106-elf-gcc","xtensa-lx106-elf-gcc (Espressif)","-O2","mlkem-native","v1.2.0 (2507ff79a0acfec6e94a9a83709b5774491fdbb6)","ML-KEM-768","decapsulation",15,26117000,46112,True,""
"36e093ba-e374-476d-acef-7b7fda155006","04f4ada5-75cd-4cb5-a8b7-821da3b35e82","2026-09-15T10:15:00Z","esp8266_xtensa_lx106_arduino","NATIVE_HARDWARE","xtensa_lx106","ESP8266 Xtensa LX106 80MHz",1,0,"FreeRTOS (ESP8266 RTOS via Arduino)","xtensa-lx106-elf-gcc","xtensa-lx106-elf-gcc (Espressif)","-O2","mlkem-native","v1.2.0 (2507ff79a0acfec6e94a9a83709b5774491fdbb6)","ML-KEM-768","keygen",16,17237000,46112,True,""
"36e093ba-e374-476d-acef-7b7fda155006","04f4ada5-75cd-4cb5-a8b7-821da3b35e82","2026-09-15T10:15:00Z","esp8266_xtensa_lx106_arduino","NATIVE_HARDWARE","xtensa_lx106","ESP8266 Xtensa LX106 80MHz",1,0,"FreeRTOS (ESP8266 RTOS via Arduino)","xtensa-lx106-elf-gcc","xtensa-lx106-elf-gcc (Espressif)","-O2","mlkem-native","v1.2.0 (2507ff79a0acfec6e94a9a83709b5774491fdbb6)","ML-KEM-768","encapsulation",16,20848000,46112,True,""
"36e093ba-e374-476d-acef-7b7fda155006","04f4ada5-75cd-4cb5-a8b7-821da3b35e82","2026-09-15T10:15:00Z","esp8266_xtensa_lx106_arduino","NATIVE_HARDWARE","xtensa_lx106","ESP8266 Xtensa LX106 80MHz",1,0,"FreeRTOS (ESP8266 RTOS via Arduino)","xtensa-lx106-elf-gcc","xtensa-lx106-elf-gcc (Espressif)","-O2","mlkem-native","v1.2.0 (2507ff79a0acfec6e94a9a83709b5774491fdbb6)","ML-KEM-768","decapsulation",16,26111000,46112,True,""
"36e093ba-e374-476d-acef-7b7fda155006","04f4ada5-75cd-4cb5-a8b7-821da3b35e82","2026-09-15T10:15:00Z","esp8266_xtensa_lx106_arduino","NATIVE_HARDWARE","xtensa_lx106","ESP8266 Xtensa LX106 80MHz",1,0,"FreeRTOS (ESP8266 RTOS via Arduino)","xtensa-lx106-elf-gcc","xtensa-lx106-elf-gcc (Espressif)","-O2","mlkem-native","v1.2.0 (2507ff79a0acfec6e94a9a83709b5774491fdbb6)","ML-KEM-768","keygen",17,17241000,46112,True,""
"36e093ba-e374-476d-acef-7b7fda155006","04f4ada5-75cd-4cb5-a8b7-821da3b35e82","2026-09-15T10:15:00Z","esp8266_xtensa_lx106_arduino","NATIVE_HARDWARE","xtensa_lx106","ESP8266 Xtensa LX106 80MHz",1,0,"FreeRTOS (ESP8266 RTOS via Arduino)","xtensa-lx106-elf-gcc","xtensa-lx106-elf-gcc (Espressif)","-O2","mlkem-native","v1.2.0 (2507ff79a0acfec6e94a9a83709b5774491fdbb6)","ML-KEM-768","encapsulation",17,20859000,46112,True,""
"36e093ba-e374-476d-acef-7b7fda155006","04f4ada5-75cd-4cb5-a8b7-821da3b35e82","2026-09-15T10:15:00Z","esp8266_xtensa_lx106_arduino","NATIVE_HARDWARE","xtensa_lx106","ESP8266 Xtensa LX106 80MHz",1,0,"FreeRTOS (ESP8266 RTOS via Arduino)","xtensa-lx106-elf-gcc","xtensa-lx106-elf-gcc (Espressif)","-O2","mlkem-native","v1.2.0 (2507ff79a0acfec6e94a9a83709b5774491fdbb6)","ML-KEM-768","decapsulation",17,26124000,46112,True,""
"36e093ba-e374-476d-acef-7b7fda155006","04f4ada5-75cd-4cb5-a8b7-821da3b35e82","2026-09-15T10:15:00Z","esp8266_xtensa_lx106_arduino","NATIVE_HARDWARE","xtensa_lx106","ESP8266 Xtensa LX106 80MHz",1,0,"FreeRTOS (ESP8266 RTOS via Arduino)","xtensa-lx106-elf-gcc","xtensa-lx106-elf-gcc (Espressif)","-O2","mlkem-native","v1.2.0 (2507ff79a0acfec6e94a9a83709b5774491fdbb6)","ML-KEM-768","keygen",18,17236000,46112,True,""
"36e093ba-e374-476d-acef-7b7fda155006","04f4ada5-75cd-4cb5-a8b7-821da3b35e82","2026-09-15T10:15:00Z","esp8266_xtensa_lx106_arduino","NATIVE_HARDWARE","xtensa_lx106","ESP8266 Xtensa LX106 80MHz",1,0,"FreeRTOS (ESP8266 RTOS via Arduino)","xtensa-lx106-elf-gcc","xtensa-lx106-elf-gcc (Espressif)","-O2","mlkem-native","v1.2.0 (2507ff79a0acfec6e94a9a83709b5774491fdbb6)","ML-KEM-768","encapsulation",18,20856000,46112,True,""
"36e093ba-e374-476d-acef-7b7fda155006","04f4ada5-75cd-4cb5-a8b7-821da3b35e82","2026-09-15T10:15:00Z","esp8266_xtensa_lx106_arduino","NATIVE_HARDWARE","xtensa_lx106","ESP8266 Xtensa LX106 80MHz",1,0,"FreeRTOS (ESP8266 RTOS via Arduino)","xtensa-lx106-elf-gcc","xtensa-lx106-elf-gcc (Espressif)","-O2","mlkem-native","v1.2.0 (2507ff79a0acfec6e94a9a83709b5774491fdbb6)","ML-KEM-768","decapsulation",18,26119000,46112,True,""
"36e093ba-e374-476d-acef-7b7fda155006","04f4ada5-75cd-4cb5-a8b7-821da3b35e82","2026-09-15T10:15:00Z","esp8266_xtensa_lx106_arduino","NATIVE_HARDWARE","xtensa_lx106","ESP8266 Xtensa LX106 80MHz",1,0,"FreeRTOS (ESP8266 RTOS via Arduino)","xtensa-lx106-elf-gcc","xtensa-lx106-elf-gcc (Espressif)","-O2","mlkem-native","v1.2.0 (2507ff79a0acfec6e94a9a83709b5774491fdbb6)","ML-KEM-768","keygen",19,17237000,46112,True,""
"36e093ba-e374-476d-acef-7b7fda155006","04f4ada5-75cd-4cb5-a8b7-821da3b35e82","2026-09-15T10:15:00Z","esp8266_xtensa_lx106_arduino","NATIVE_HARDWARE","xtensa_lx106","ESP8266 Xtensa LX106 80MHz",1,0,"FreeRTOS (ESP8266 RTOS via Arduino)","xtensa-lx106-elf-gcc","xtensa-lx106-elf-gcc (Espressif)","-O2","mlkem-native","v1.2.0 (2507ff79a0acfec6e94a9a83709b5774491fdbb6)","ML-KEM-768","encapsulation",19,20859000,46112,True,""
"36e093ba-e374-476d-acef-7b7fda155006","04f4ada5-75cd-4cb5-a8b7-821da3b35e82","2026-09-15T10:15:00Z","esp8266_xtensa_lx106_arduino","NATIVE_HARDWARE","xtensa_lx106","ESP8266 Xtensa LX106 80MHz",1,0,"FreeRTOS (ESP8266 RTOS via Arduino)","xtensa-lx106-elf-gcc","xtensa-lx106-elf-gcc (Espressif)","-O2","mlkem-native","v1.2.0 (2507ff79a0acfec6e94a9a83709b5774491fdbb6)","ML-KEM-768","decapsulation",19,26119000,46112,True,""
"36e093ba-e374-476d-acef-7b7fda155006","04f4ada5-75cd-4cb5-a8b7-821da3b35e82","2026-09-15T10:15:00Z","esp8266_xtensa_lx106_arduino","NATIVE_HARDWARE","xtensa_lx106","ESP8266 Xtensa LX106 80MHz",1,0,"FreeRTOS (ESP8266 RTOS via Arduino)","xtensa-lx106-elf-gcc","xtensa-lx106-elf-gcc (Espressif)","-O2","mlkem-native","v1.2.0 (2507ff79a0acfec6e94a9a83709b5774491fdbb6)","ML-KEM-768","keygen",20,17232000,46112,True,""
"36e093ba-e374-476d-acef-7b7fda155006","04f4ada5-75cd-4cb5-a8b7-821da3b35e82","2026-09-15T10:15:00Z","esp8266_xtensa_lx106_arduino","NATIVE_HARDWARE","xtensa_lx106","ESP8266 Xtensa LX106 80MHz",1,0,"FreeRTOS (ESP8266 RTOS via Arduino)","xtensa-lx106-elf-gcc","xtensa-lx106-elf-gcc (Espressif)","-O2","mlkem-native","v1.2.0 (2507ff79a0acfec6e94a9a83709b5774491fdbb6)","ML-KEM-768","encapsulation",20,20852000,46112,True,""
"36e093ba-e374-476d-acef-7b7fda155006","04f4ada5-75cd-4cb5-a8b7-821da3b35e82","2026-09-15T10:15:00Z","esp8266_xtensa_lx106_arduino","NATIVE_HARDWARE","xtensa_lx106","ESP8266 Xtensa LX106 80MHz",1,0,"FreeRTOS (ESP8266 RTOS via Arduino)","xtensa-lx106-elf-gcc","xtensa-lx106-elf-gcc (Espressif)","-O2","mlkem-native","v1.2.0 (2507ff79a0acfec6e94a9a83709b5774491fdbb6)","ML-KEM-768","decapsulation",20,26113000,46112,True,""
"36e093ba-e374-476d-acef-7b7fda155006","04f4ada5-75cd-4cb5-a8b7-821da3b35e82","2026-09-15T10:15:00Z","esp8266_xtensa_lx106_arduino","NATIVE_HARDWARE","xtensa_lx106","ESP8266 Xtensa LX106 80MHz",1,0,"FreeRTOS (ESP8266 RTOS via Arduino)","xtensa-lx106-elf-gcc","xtensa-lx106-elf-gcc (Espressif)","-O2","mlkem-native","v1.2.0 (2507ff79a0acfec6e94a9a83709b5774491fdbb6)","ML-KEM-768","keygen",21,17239000,46112,True,""
"36e093ba-e374-476d-acef-7b7fda155006","04f4ada5-75cd-4cb5-a8b7-821da3b35e82","2026-09-15T10:15:00Z","esp8266_xtensa_lx106_arduino","NATIVE_HARDWARE","xtensa_lx106","ESP8266 Xtensa LX106 80MHz",1,0,"FreeRTOS (ESP8266 RTOS via Arduino)","xtensa-lx106-elf-gcc","xtensa-lx106-elf-gcc (Espressif)","-O2","mlkem-native","v1.2.0 (2507ff79a0acfec6e94a9a83709b5774491fdbb6)","ML-KEM-768","encapsulation",21,20854000,46112,True,""
"36e093ba-e374-476d-acef-7b7fda155006","04f4ada5-75cd-4cb5-a8b7-821da3b35e82","2026-09-15T10:15:00Z","esp8266_xtensa_lx106_arduino","NATIVE_HARDWARE","xtensa_lx106","ESP8266 Xtensa LX106 80MHz",1,0,"FreeRTOS (ESP8266 RTOS via Arduino)","xtensa-lx106-elf-gcc","xtensa-lx106-elf-gcc (Espressif)","-O2","mlkem-native","v1.2.0 (2507ff79a0acfec6e94a9a83709b5774491fdbb6)","ML-KEM-768","decapsulation",21,26116000,46112,True,""
"36e093ba-e374-476d-acef-7b7fda155006","04f4ada5-75cd-4cb5-a8b7-821da3b35e82","2026-09-15T10:15:00Z","esp8266_xtensa_lx106_arduino","NATIVE_HARDWARE","xtensa_lx106","ESP8266 Xtensa LX106 80MHz",1,0,"FreeRTOS (ESP8266 RTOS via Arduino)","xtensa-lx106-elf-gcc","xtensa-lx106-elf-gcc (Espressif)","-O2","mlkem-native","v1.2.0 (2507ff79a0acfec6e94a9a83709b5774491fdbb6)","ML-KEM-768","keygen",22,17238000,46112,True,""
"36e093ba-e374-476d-acef-7b7fda155006","04f4ada5-75cd-4cb5-a8b7-821da3b35e82","2026-09-15T10:15:00Z","esp8266_xtensa_lx106_arduino","NATIVE_HARDWARE","xtensa_lx106","ESP8266 Xtensa LX106 80MHz",1,0,"FreeRTOS (ESP8266 RTOS via Arduino)","xtensa-lx106-elf-gcc","xtensa-lx106-elf-gcc (Espressif)","-O2","mlkem-native","v1.2.0 (2507ff79a0acfec6e94a9a83709b5774491fdbb6)","ML-KEM-768","encapsulation",22,20857000,46112,True,""
"36e093ba-e374-476d-acef-7b7fda155006","04f4ada5-75cd-4cb5-a8b7-821da3b35e82","2026-09-15T10:15:00Z","esp8266_xtensa_lx106_arduino","NATIVE_HARDWARE","xtensa_lx106","ESP8266 Xtensa LX106 80MHz",1,0,"FreeRTOS (ESP8266 RTOS via Arduino)","xtensa-lx106-elf-gcc","xtensa-lx106-elf-gcc (Espressif)","-O2","mlkem-native","v1.2.0 (2507ff79a0acfec6e94a9a83709b5774491fdbb6)","ML-KEM-768","decapsulation",22,26117000,46112,True,""
"36e093ba-e374-476d-acef-7b7fda155006","04f4ada5-75cd-4cb5-a8b7-821da3b35e82","2026-09-15T10:15:00Z","esp8266_xtensa_lx106_arduino","NATIVE_HARDWARE","xtensa_lx106","ESP8266 Xtensa LX106 80MHz",1,0,"FreeRTOS (ESP8266 RTOS via Arduino)","xtensa-lx106-elf-gcc","xtensa-lx106-elf-gcc (Espressif)","-O2","mlkem-native","v1.2.0 (2507ff79a0acfec6e94a9a83709b5774491fdbb6)","ML-KEM-768","keygen",23,17237000,46112,True,""
"36e093ba-e374-476d-acef-7b7fda155006","04f4ada5-75cd-4cb5-a8b7-821da3b35e82","2026-09-15T10:15:00Z","esp8266_xtensa_lx106_arduino","NATIVE_HARDWARE","xtensa_lx106","ESP8266 Xtensa LX106 80MHz",1,0,"FreeRTOS (ESP8266 RTOS via Arduino)","xtensa-lx106-elf-gcc","xtensa-lx106-elf-gcc (Espressif)","-O2","mlkem-native","v1.2.0 (2507ff79a0acfec6e94a9a83709b5774491fdbb6)","ML-KEM-768","encapsulation",23,20854000,46112,True,""
"36e093ba-e374-476d-acef-7b7fda155006","04f4ada5-75cd-4cb5-a8b7-821da3b35e82","2026-09-15T10:15:00Z","esp8266_xtensa_lx106_arduino","NATIVE_HARDWARE","xtensa_lx106","ESP8266 Xtensa LX106 80MHz",1,0,"FreeRTOS (ESP8266 RTOS via Arduino)","xtensa-lx106-elf-gcc","xtensa-lx106-elf-gcc (Espressif)","-O2","mlkem-native","v1.2.0 (2507ff79a0acfec6e94a9a83709b5774491fdbb6)","ML-KEM-768","decapsulation",23,26115000,46112,True,""
"36e093ba-e374-476d-acef-7b7fda155006","04f4ada5-75cd-4cb5-a8b7-821da3b35e82","2026-09-15T10:15:00Z","esp8266_xtensa_lx106_arduino","NATIVE_HARDWARE","xtensa_lx106","ESP8266 Xtensa LX106 80MHz",1,0,"FreeRTOS (ESP8266 RTOS via Arduino)","xtensa-lx106-elf-gcc","xtensa-lx106-elf-gcc (Espressif)","-O2","mlkem-native","v1.2.0 (2507ff79a0acfec6e94a9a83709b5774491fdbb6)","ML-KEM-768","keygen",24,17238000,46112,True,""
"36e093ba-e374-476d-acef-7b7fda155006","04f4ada5-75cd-4cb5-a8b7-821da3b35e82","2026-09-15T10:15:00Z","esp8266_xtensa_lx106_arduino","NATIVE_HARDWARE","xtensa_lx106","ESP8266 Xtensa LX106 80MHz",1,0,"FreeRTOS (ESP8266 RTOS via Arduino)","xtensa-lx106-elf-gcc","xtensa-lx106-elf-gcc (Espressif)","-O2","mlkem-native","v1.2.0 (2507ff79a0acfec6e94a9a83709b5774491fdbb6)","ML-KEM-768","encapsulation",24,20861000,46112,True,""
"36e093ba-e374-476d-acef-7b7fda155006","04f4ada5-75cd-4cb5-a8b7-821da3b35e82","2026-09-15T10:15:00Z","esp8266_xtensa_lx106_arduino","NATIVE_HARDWARE","xtensa_lx106","ESP8266 Xtensa LX106 80MHz",1,0,"FreeRTOS (ESP8266 RTOS via Arduino)","xtensa-lx106-elf-gcc","xtensa-lx106-elf-gcc (Espressif)","-O2","mlkem-native","v1.2.0 (2507ff79a0acfec6e94a9a83709b5774491fdbb6)","ML-KEM-768","decapsulation",24,26124000,46112,True,""
"36e093ba-e374-476d-acef-7b7fda155006","04f4ada5-75cd-4cb5-a8b7-821da3b35e82","2026-09-15T10:15:00Z","esp8266_xtensa_lx106_arduino","NATIVE_HARDWARE","xtensa_lx106","ESP8266 Xtensa LX106 80MHz",1,0,"FreeRTOS (ESP8266 RTOS via Arduino)","xtensa-lx106-elf-gcc","xtensa-lx106-elf-gcc (Espressif)","-O2","mlkem-native","v1.2.0 (2507ff79a0acfec6e94a9a83709b5774491fdbb6)","ML-KEM-768","keygen",25,17239000,46112,True,""
"36e093ba-e374-476d-acef-7b7fda155006","04f4ada5-75cd-4cb5-a8b7-821da3b35e82","2026-09-15T10:15:00Z","esp8266_xtensa_lx106_arduino","NATIVE_HARDWARE","xtensa_lx106","ESP8266 Xtensa LX106 80MHz",1,0,"FreeRTOS (ESP8266 RTOS via Arduino)","xtensa-lx106-elf-gcc","xtensa-lx106-elf-gcc (Espressif)","-O2","mlkem-native","v1.2.0 (2507ff79a0acfec6e94a9a83709b5774491fdbb6)","ML-KEM-768","encapsulation",25,20855000,46112,True,""
"36e093ba-e374-476d-acef-7b7fda155006","04f4ada5-75cd-4cb5-a8b7-821da3b35e82","2026-09-15T10:15:00Z","esp8266_xtensa_lx106_arduino","NATIVE_HARDWARE","xtensa_lx106","ESP8266 Xtensa LX106 80MHz",1,0,"FreeRTOS (ESP8266 RTOS via Arduino)","xtensa-lx106-elf-gcc","xtensa-lx106-elf-gcc (Espressif)","-O2","mlkem-native","v1.2.0 (2507ff79a0acfec6e94a9a83709b5774491fdbb6)","ML-KEM-768","decapsulation",25,26115000,46112,True,""
"36e093ba-e374-476d-acef-7b7fda155006","04f4ada5-75cd-4cb5-a8b7-821da3b35e82","2026-09-15T10:15:00Z","esp8266_xtensa_lx106_arduino","NATIVE_HARDWARE","xtensa_lx106","ESP8266 Xtensa LX106 80MHz",1,0,"FreeRTOS (ESP8266 RTOS via Arduino)","xtensa-lx106-elf-gcc","xtensa-lx106-elf-gcc (Espressif)","-O2","mlkem-native","v1.2.0 (2507ff79a0acfec6e94a9a83709b5774491fdbb6)","ML-KEM-768","keygen",26,17233000,46112,True,""
"36e093ba-e374-476d-acef-7b7fda155006","04f4ada5-75cd-4cb5-a8b7-821da3b35e82","2026-09-15T10:15:00Z","esp8266_xtensa_lx106_arduino","NATIVE_HARDWARE","xtensa_lx106","ESP8266 Xtensa LX106 80MHz",1,0,"FreeRTOS (ESP8266 RTOS via Arduino)","xtensa-lx106-elf-gcc","xtensa-lx106-elf-gcc (Espressif)","-O2","mlkem-native","v1.2.0 (2507ff79a0acfec6e94a9a83709b5774491fdbb6)","ML-KEM-768","encapsulation",26,20856000,46112,True,""
"36e093ba-e374-476d-acef-7b7fda155006","04f4ada5-75cd-4cb5-a8b7-821da3b35e82","2026-09-15T10:15:00Z","esp8266_xtensa_lx106_arduino","NATIVE_HARDWARE","xtensa_lx106","ESP8266 Xtensa LX106 80MHz",1,0,"FreeRTOS (ESP8266 RTOS via Arduino)","xtensa-lx106-elf-gcc","xtensa-lx106-elf-gcc (Espressif)","-O2","mlkem-native","v1.2.0 (2507ff79a0acfec6e94a9a83709b5774491fdbb6)","ML-KEM-768","decapsulation",26,26121000,46112,True,""
"36e093ba-e374-476d-acef-7b7fda155006","04f4ada5-75cd-4cb5-a8b7-821da3b35e82","2026-09-15T10:15:00Z","esp8266_xtensa_lx106_arduino","NATIVE_HARDWARE","xtensa_lx106","ESP8266 Xtensa LX106 80MHz",1,0,"FreeRTOS (ESP8266 RTOS via Arduino)","xtensa-lx106-elf-gcc","xtensa-lx106-elf-gcc (Espressif)","-O2","mlkem-native","v1.2.0 (2507ff79a0acfec6e94a9a83709b5774491fdbb6)","ML-KEM-768","keygen",27,17239000,46112,True,""
"36e093ba-e374-476d-acef-7b7fda155006","04f4ada5-75cd-4cb5-a8b7-821da3b35e82","2026-09-15T10:15:00Z","esp8266_xtensa_lx106_arduino","NATIVE_HARDWARE","xtensa_lx106","ESP8266 Xtensa LX106 80MHz",1,0,"FreeRTOS (ESP8266 RTOS via Arduino)","xtensa-lx106-elf-gcc","xtensa-lx106-elf-gcc (Espressif)","-O2","mlkem-native","v1.2.0 (2507ff79a0acfec6e94a9a83709b5774491fdbb6)","ML-KEM-768","encapsulation",27,20857000,46112,True,""
"36e093ba-e374-476d-acef-7b7fda155006","04f4ada5-75cd-4cb5-a8b7-821da3b35e82","2026-09-15T10:15:00Z","esp8266_xtensa_lx106_arduino","NATIVE_HARDWARE","xtensa_lx106","ESP8266 Xtensa LX106 80MHz",1,0,"FreeRTOS (ESP8266 RTOS via Arduino)","xtensa-lx106-elf-gcc","xtensa-lx106-elf-gcc (Espressif)","-O2","mlkem-native","v1.2.0 (2507ff79a0acfec6e94a9a83709b5774491fdbb6)","ML-KEM-768","decapsulation",27,26123000,46112,True,""
"36e093ba-e374-476d-acef-7b7fda155006","04f4ada5-75cd-4cb5-a8b7-821da3b35e82","2026-09-15T10:15:00Z","esp8266_xtensa_lx106_arduino","NATIVE_HARDWARE","xtensa_lx106","ESP8266 Xtensa LX106 80MHz",1,0,"FreeRTOS (ESP8266 RTOS via Arduino)","xtensa-lx106-elf-gcc","xtensa-lx106-elf-gcc (Espressif)","-O2","mlkem-native","v1.2.0 (2507ff79a0acfec6e94a9a83709b5774491fdbb6)","ML-KEM-768","keygen",28,17235000,46112,True,""
"36e093ba-e374-476d-acef-7b7fda155006","04f4ada5-75cd-4cb5-a8b7-821da3b35e82","2026-09-15T10:15:00Z","esp8266_xtensa_lx106_arduino","NATIVE_HARDWARE","xtensa_lx106","ESP8266 Xtensa LX106 80MHz",1,0,"FreeRTOS (ESP8266 RTOS via Arduino)","xtensa-lx106-elf-gcc","xtensa-lx106-elf-gcc (Espressif)","-O2","mlkem-native","v1.2.0 (2507ff79a0acfec6e94a9a83709b5774491fdbb6)","ML-KEM-768","encapsulation",28,20854000,46112,True,""
"36e093ba-e374-476d-acef-7b7fda155006","04f4ada5-75cd-4cb5-a8b7-821da3b35e82","2026-09-15T10:15:00Z","esp8266_xtensa_lx106_arduino","NATIVE_HARDWARE","xtensa_lx106","ESP8266 Xtensa LX106 80MHz",1,0,"FreeRTOS (ESP8266 RTOS via Arduino)","xtensa-lx106-elf-gcc","xtensa-lx106-elf-gcc (Espressif)","-O2","mlkem-native","v1.2.0 (2507ff79a0acfec6e94a9a83709b5774491fdbb6)","ML-KEM-768","decapsulation",28,26117000,46112,True,""
"36e093ba-e374-476d-acef-7b7fda155006","04f4ada5-75cd-4cb5-a8b7-821da3b35e82","2026-09-15T10:15:00Z","esp8266_xtensa_lx106_arduino","NATIVE_HARDWARE","xtensa_lx106","ESP8266 Xtensa LX106 80MHz",1,0,"FreeRTOS (ESP8266 RTOS via Arduino)","xtensa-lx106-elf-gcc","xtensa-lx106-elf-gcc (Espressif)","-O2","mlkem-native","v1.2.0 (2507ff79a0acfec6e94a9a83709b5774491fdbb6)","ML-KEM-768","keygen",29,17239000,46112,True,""
"36e093ba-e374-476d-acef-7b7fda155006","04f4ada5-75cd-4cb5-a8b7-821da3b35e82","2026-09-15T10:15:00Z","esp8266_xtensa_lx106_arduino","NATIVE_HARDWARE","xtensa_lx106","ESP8266 Xtensa LX106 80MHz",1,0,"FreeRTOS (ESP8266 RTOS via Arduino)","xtensa-lx106-elf-gcc","xtensa-lx106-elf-gcc (Espressif)","-O2","mlkem-native","v1.2.0 (2507ff79a0acfec6e94a9a83709b5774491fdbb6)","ML-KEM-768","encapsulation",29,20851000,46112,True,""
"36e093ba-e374-476d-acef-7b7fda155006","04f4ada5-75cd-4cb5-a8b7-821da3b35e82","2026-09-15T10:15:00Z","esp8266_xtensa_lx106_arduino","NATIVE_HARDWARE","xtensa_lx106","ESP8266 Xtensa LX106 80MHz",1,0,"FreeRTOS (ESP8266 RTOS via Arduino)","xtensa-lx106-elf-gcc","xtensa-lx106-elf-gcc (Espressif)","-O2","mlkem-native","v1.2.0 (2507ff79a0acfec6e94a9a83709b5774491fdbb6)","ML-KEM-768","decapsulation",29,26113000,46112,True,""
"36e093ba-e374-476d-acef-7b7fda155006","04f4ada5-75cd-4cb5-a8b7-821da3b35e82","2026-09-15T10:15:00Z","esp8266_xtensa_lx106_arduino","NATIVE_HARDWARE","xtensa_lx106","ESP8266 Xtensa LX106 80MHz",1,0,"FreeRTOS (ESP8266 RTOS via Arduino)","xtensa-lx106-elf-gcc","xtensa-lx106-elf-gcc (Espressif)","-O2","mlkem-native","v1.2.0 (2507ff79a0acfec6e94a9a83709b5774491fdbb6)","ML-KEM-768","keygen",30,17247000,46112,True,""
"36e093ba-e374-476d-acef-7b7fda155006","04f4ada5-75cd-4cb5-a8b7-821da3b35e82","2026-09-15T10:15:00Z","esp8266_xtensa_lx106_arduino","NATIVE_HARDWARE","xtensa_lx106","ESP8266 Xtensa LX106 80MHz",1,0,"FreeRTOS (ESP8266 RTOS via Arduino)","xtensa-lx106-elf-gcc","xtensa-lx106-elf-gcc (Espressif)","-O2","mlkem-native","v1.2.0 (2507ff79a0acfec6e94a9a83709b5774491fdbb6)","ML-KEM-768","encapsulation",30,20858000,46112,True,""
"36e093ba-e374-476d-acef-7b7fda155006","04f4ada5-75cd-4cb5-a8b7-821da3b35e82","2026-09-15T10:15:00Z","esp8266_xtensa_lx106_arduino","NATIVE_HARDWARE","xtensa_lx106","ESP8266 Xtensa LX106 80MHz",1,0,"FreeRTOS (ESP8266 RTOS via Arduino)","xtensa-lx106-elf-gcc","xtensa-lx106-elf-gcc (Espressif)","-O2","mlkem-native","v1.2.0 (2507ff79a0acfec6e94a9a83709b5774491fdbb6)","ML-KEM-768","decapsulation",30,26121000,46112,True,""
"36e093ba-e374-476d-acef-7b7fda155006","04f4ada5-75cd-4cb5-a8b7-821da3b35e82","2026-09-15T10:15:00Z","esp8266_xtensa_lx106_arduino","NATIVE_HARDWARE","xtensa_lx106","ESP8266 Xtensa LX106 80MHz",1,0,"FreeRTOS (ESP8266 RTOS via Arduino)","xtensa-lx106-elf-gcc","xtensa-lx106-elf-gcc (Espressif)","-O2","mlkem-native","v1.2.0 (2507ff79a0acfec6e94a9a83709b5774491fdbb6)","ML-KEM-768","keygen",31,17232000,46112,True,""
"36e093ba-e374-476d-acef-7b7fda155006","04f4ada5-75cd-4cb5-a8b7-821da3b35e82","2026-09-15T10:15:00Z","esp8266_xtensa_lx106_arduino","NATIVE_HARDWARE","xtensa_lx106","ESP8266 Xtensa LX106 80MHz",1,0,"FreeRTOS (ESP8266 RTOS via Arduino)","xtensa-lx106-elf-gcc","xtensa-lx106-elf-gcc (Espressif)","-O2","mlkem-native","v1.2.0 (2507ff79a0acfec6e94a9a83709b5774491fdbb6)","ML-KEM-768","encapsulation",31,20857000,46112,True,""
"36e093ba-e374-476d-acef-7b7fda155006","04f4ada5-75cd-4cb5-a8b7-821da3b35e82","2026-09-15T10:15:00Z","esp8266_xtensa_lx106_arduino","NATIVE_HARDWARE","xtensa_lx106","ESP8266 Xtensa LX106 80MHz",1,0,"FreeRTOS (ESP8266 RTOS via Arduino)","xtensa-lx106-elf-gcc","xtensa-lx106-elf-gcc (Espressif)","-O2","mlkem-native","v1.2.0 (2507ff79a0acfec6e94a9a83709b5774491fdbb6)","ML-KEM-768","decapsulation",31,26119000,46112,True,""
"36e093ba-e374-476d-acef-7b7fda155006","04f4ada5-75cd-4cb5-a8b7-821da3b35e82","2026-09-15T10:15:00Z","esp8266_xtensa_lx106_arduino","NATIVE_HARDWARE","xtensa_lx106","ESP8266 Xtensa LX106 80MHz",1,0,"FreeRTOS (ESP8266 RTOS via Arduino)","xtensa-lx106-elf-gcc","xtensa-lx106-elf-gcc (Espressif)","-O2","mlkem-native","v1.2.0 (2507ff79a0acfec6e94a9a83709b5774491fdbb6)","ML-KEM-768","keygen",32,17235000,46112,True,""
"36e093ba-e374-476d-acef-7b7fda155006","04f4ada5-75cd-4cb5-a8b7-821da3b35e82","2026-09-15T10:15:00Z","esp8266_xtensa_lx106_arduino","NATIVE_HARDWARE","xtensa_lx106","ESP8266 Xtensa LX106 80MHz",1,0,"FreeRTOS (ESP8266 RTOS via Arduino)","xtensa-lx106-elf-gcc","xtensa-lx106-elf-gcc (Espressif)","-O2","mlkem-native","v1.2.0 (2507ff79a0acfec6e94a9a83709b5774491fdbb6)","ML-KEM-768","encapsulation",32,20850000,46112,True,""
"36e093ba-e374-476d-acef-7b7fda155006","04f4ada5-75cd-4cb5-a8b7-821da3b35e82","2026-09-15T10:15:00Z","esp8266_xtensa_lx106_arduino","NATIVE_HARDWARE","xtensa_lx106","ESP8266 Xtensa LX106 80MHz",1,0,"FreeRTOS (ESP8266 RTOS via Arduino)","xtensa-lx106-elf-gcc","xtensa-lx106-elf-gcc (Espressif)","-O2","mlkem-native","v1.2.0 (2507ff79a0acfec6e94a9a83709b5774491fdbb6)","ML-KEM-768","decapsulation",32,26112000,46112,True,""
"36e093ba-e374-476d-acef-7b7fda155006","04f4ada5-75cd-4cb5-a8b7-821da3b35e82","2026-09-15T10:15:00Z","esp8266_xtensa_lx106_arduino","NATIVE_HARDWARE","xtensa_lx106","ESP8266 Xtensa LX106 80MHz",1,0,"FreeRTOS (ESP8266 RTOS via Arduino)","xtensa-lx106-elf-gcc","xtensa-lx106-elf-gcc (Espressif)","-O2","mlkem-native","v1.2.0 (2507ff79a0acfec6e94a9a83709b5774491fdbb6)","ML-KEM-768","keygen",33,17239000,46112,True,""
"36e093ba-e374-476d-acef-7b7fda155006","04f4ada5-75cd-4cb5-a8b7-821da3b35e82","2026-09-15T10:15:00Z","esp8266_xtensa_lx106_arduino","NATIVE_HARDWARE","xtensa_lx106","ESP8266 Xtensa LX106 80MHz",1,0,"FreeRTOS (ESP8266 RTOS via Arduino)","xtensa-lx106-elf-gcc","xtensa-lx106-elf-gcc (Espressif)","-O2","mlkem-native","v1.2.0 (2507ff79a0acfec6e94a9a83709b5774491fdbb6)","ML-KEM-768","encapsulation",33,20851000,46112,True,""
"36e093ba-e374-476d-acef-7b7fda155006","04f4ada5-75cd-4cb5-a8b7-821da3b35e82","2026-09-15T10:15:00Z","esp8266_xtensa_lx106_arduino","NATIVE_HARDWARE","xtensa_lx106","ESP8266 Xtensa LX106 80MHz",1,0,"FreeRTOS (ESP8266 RTOS via Arduino)","xtensa-lx106-elf-gcc","xtensa-lx106-elf-gcc (Espressif)","-O2","mlkem-native","v1.2.0 (2507ff79a0acfec6e94a9a83709b5774491fdbb6)","ML-KEM-768","decapsulation",33,26115000,46112,True,""
"36e093ba-e374-476d-acef-7b7fda155006","04f4ada5-75cd-4cb5-a8b7-821da3b35e82","2026-09-15T10:15:00Z","esp8266_xtensa_lx106_arduino","NATIVE_HARDWARE","xtensa_lx106","ESP8266 Xtensa LX106 80MHz",1,0,"FreeRTOS (ESP8266 RTOS via Arduino)","xtensa-lx106-elf-gcc","xtensa-lx106-elf-gcc (Espressif)","-O2","mlkem-native","v1.2.0 (2507ff79a0acfec6e94a9a83709b5774491fdbb6)","ML-KEM-768","keygen",34,17240000,46112,True,""
"36e093ba-e374-476d-acef-7b7fda155006","04f4ada5-75cd-4cb5-a8b7-821da3b35e82","2026-09-15T10:15:00Z","esp8266_xtensa_lx106_arduino","NATIVE_HARDWARE","xtensa_lx106","ESP8266 Xtensa LX106 80MHz",1,0,"FreeRTOS (ESP8266 RTOS via Arduino)","xtensa-lx106-elf-gcc","xtensa-lx106-elf-gcc (Espressif)","-O2","mlkem-native","v1.2.0 (2507ff79a0acfec6e94a9a83709b5774491fdbb6)","ML-KEM-768","encapsulation",34,20853000,46112,True,""
"36e093ba-e374-476d-acef-7b7fda155006","04f4ada5-75cd-4cb5-a8b7-821da3b35e82","2026-09-15T10:15:00Z","esp8266_xtensa_lx106_arduino","NATIVE_HARDWARE","xtensa_lx106","ESP8266 Xtensa LX106 80MHz",1,0,"FreeRTOS (ESP8266 RTOS via Arduino)","xtensa-lx106-elf-gcc","xtensa-lx106-elf-gcc (Espressif)","-O2","mlkem-native","v1.2.0 (2507ff79a0acfec6e94a9a83709b5774491fdbb6)","ML-KEM-768","decapsulation",34,26116000,46112,True,""
"36e093ba-e374-476d-acef-7b7fda155006","04f4ada5-75cd-4cb5-a8b7-821da3b35e82","2026-09-15T10:15:00Z","esp8266_xtensa_lx106_arduino","NATIVE_HARDWARE","xtensa_lx106","ESP8266 Xtensa LX106 80MHz",1,0,"FreeRTOS (ESP8266 RTOS via Arduino)","xtensa-lx106-elf-gcc","xtensa-lx106-elf-gcc (Espressif)","-O2","mlkem-native","v1.2.0 (2507ff79a0acfec6e94a9a83709b5774491fdbb6)","ML-KEM-768","keygen",35,17234000,46112,True,""
"36e093ba-e374-476d-acef-7b7fda155006","04f4ada5-75cd-4cb5-a8b7-821da3b35e82","2026-09-15T10:15:00Z","esp8266_xtensa_lx106_arduino","NATIVE_HARDWARE","xtensa_lx106","ESP8266 Xtensa LX106 80MHz",1,0,"FreeRTOS (ESP8266 RTOS via Arduino)","xtensa-lx106-elf-gcc","xtensa-lx106-elf-gcc (Espressif)","-O2","mlkem-native","v1.2.0 (2507ff79a0acfec6e94a9a83709b5774491fdbb6)","ML-KEM-768","encapsulation",35,20852000,46112,True,""
"36e093ba-e374-476d-acef-7b7fda155006","04f4ada5-75cd-4cb5-a8b7-821da3b35e82","2026-09-15T10:15:00Z","esp8266_xtensa_lx106_arduino","NATIVE_HARDWARE","xtensa_lx106","ESP8266 Xtensa LX106 80MHz",1,0,"FreeRTOS (ESP8266 RTOS via Arduino)","xtensa-lx106-elf-gcc","xtensa-lx106-elf-gcc (Espressif)","-O2","mlkem-native","v1.2.0 (2507ff79a0acfec6e94a9a83709b5774491fdbb6)","ML-KEM-768","decapsulation",35,26115000,46112,True,""
"36e093ba-e374-476d-acef-7b7fda155006","04f4ada5-75cd-4cb5-a8b7-821da3b35e82","2026-09-15T10:15:00Z","esp8266_xtensa_lx106_arduino","NATIVE_HARDWARE","xtensa_lx106","ESP8266 Xtensa LX106 80MHz",1,0,"FreeRTOS (ESP8266 RTOS via Arduino)","xtensa-lx106-elf-gcc","xtensa-lx106-elf-gcc (Espressif)","-O2","mlkem-native","v1.2.0 (2507ff79a0acfec6e94a9a83709b5774491fdbb6)","ML-KEM-768","keygen",36,18065000,46112,True,""
"36e093ba-e374-476d-acef-7b7fda155006","04f4ada5-75cd-4cb5-a8b7-821da3b35e82","2026-09-15T10:15:00Z","esp8266_xtensa_lx106_arduino","NATIVE_HARDWARE","xtensa_lx106","ESP8266 Xtensa LX106 80MHz",1,0,"FreeRTOS (ESP8266 RTOS via Arduino)","xtensa-lx106-elf-gcc","xtensa-lx106-elf-gcc (Espressif)","-O2","mlkem-native","v1.2.0 (2507ff79a0acfec6e94a9a83709b5774491fdbb6)","ML-KEM-768","encapsulation",36,21682000,46112,True,""
"36e093ba-e374-476d-acef-7b7fda155006","04f4ada5-75cd-4cb5-a8b7-821da3b35e82","2026-09-15T10:15:00Z","esp8266_xtensa_lx106_arduino","NATIVE_HARDWARE","xtensa_lx106","ESP8266 Xtensa LX106 80MHz",1,0,"FreeRTOS (ESP8266 RTOS via Arduino)","xtensa-lx106-elf-gcc","xtensa-lx106-elf-gcc (Espressif)","-O2","mlkem-native","v1.2.0 (2507ff79a0acfec6e94a9a83709b5774491fdbb6)","ML-KEM-768","decapsulation",36,26944000,46112,True,""
"36e093ba-e374-476d-acef-7b7fda155006","04f4ada5-75cd-4cb5-a8b7-821da3b35e82","2026-09-15T10:15:00Z","esp8266_xtensa_lx106_arduino","NATIVE_HARDWARE","xtensa_lx106","ESP8266 Xtensa LX106 80MHz",1,0,"FreeRTOS (ESP8266 RTOS via Arduino)","xtensa-lx106-elf-gcc","xtensa-lx106-elf-gcc (Espressif)","-O2","mlkem-native","v1.2.0 (2507ff79a0acfec6e94a9a83709b5774491fdbb6)","ML-KEM-768","keygen",37,17236000,46112,True,""
"36e093ba-e374-476d-acef-7b7fda155006","04f4ada5-75cd-4cb5-a8b7-821da3b35e82","2026-09-15T10:15:00Z","esp8266_xtensa_lx106_arduino","NATIVE_HARDWARE","xtensa_lx106","ESP8266 Xtensa LX106 80MHz",1,0,"FreeRTOS (ESP8266 RTOS via Arduino)","xtensa-lx106-elf-gcc","xtensa-lx106-elf-gcc (Espressif)","-O2","mlkem-native","v1.2.0 (2507ff79a0acfec6e94a9a83709b5774491fdbb6)","ML-KEM-768","encapsulation",37,20852000,46112,True,""
"36e093ba-e374-476d-acef-7b7fda155006","04f4ada5-75cd-4cb5-a8b7-821da3b35e82","2026-09-15T10:15:00Z","esp8266_xtensa_lx106_arduino","NATIVE_HARDWARE","xtensa_lx106","ESP8266 Xtensa LX106 80MHz",1,0,"FreeRTOS (ESP8266 RTOS via Arduino)","xtensa-lx106-elf-gcc","xtensa-lx106-elf-gcc (Espressif)","-O2","mlkem-native","v1.2.0 (2507ff79a0acfec6e94a9a83709b5774491fdbb6)","ML-KEM-768","decapsulation",37,26114000,46112,True,""
"36e093ba-e374-476d-acef-7b7fda155006","04f4ada5-75cd-4cb5-a8b7-821da3b35e82","2026-09-15T10:15:00Z","esp8266_xtensa_lx106_arduino","NATIVE_HARDWARE","xtensa_lx106","ESP8266 Xtensa LX106 80MHz",1,0,"FreeRTOS (ESP8266 RTOS via Arduino)","xtensa-lx106-elf-gcc","xtensa-lx106-elf-gcc (Espressif)","-O2","mlkem-native","v1.2.0 (2507ff79a0acfec6e94a9a83709b5774491fdbb6)","ML-KEM-768","keygen",38,17236000,46112,True,""
"36e093ba-e374-476d-acef-7b7fda155006","04f4ada5-75cd-4cb5-a8b7-821da3b35e82","2026-09-15T10:15:00Z","esp8266_xtensa_lx106_arduino","NATIVE_HARDWARE","xtensa_lx106","ESP8266 Xtensa LX106 80MHz",1,0,"FreeRTOS (ESP8266 RTOS via Arduino)","xtensa-lx106-elf-gcc","xtensa-lx106-elf-gcc (Espressif)","-O2","mlkem-native","v1.2.0 (2507ff79a0acfec6e94a9a83709b5774491fdbb6)","ML-KEM-768","encapsulation",38,20857000,46112,True,""
"36e093ba-e374-476d-acef-7b7fda155006","04f4ada5-75cd-4cb5-a8b7-821da3b35e82","2026-09-15T10:15:00Z","esp8266_xtensa_lx106_arduino","NATIVE_HARDWARE","xtensa_lx106","ESP8266 Xtensa LX106 80MHz",1,0,"FreeRTOS (ESP8266 RTOS via Arduino)","xtensa-lx106-elf-gcc","xtensa-lx106-elf-gcc (Espressif)","-O2","mlkem-native","v1.2.0 (2507ff79a0acfec6e94a9a83709b5774491fdbb6)","ML-KEM-768","decapsulation",38,26124000,46112,True,""
"36e093ba-e374-476d-acef-7b7fda155006","04f4ada5-75cd-4cb5-a8b7-821da3b35e82","2026-09-15T10:15:00Z","esp8266_xtensa_lx106_arduino","NATIVE_HARDWARE","xtensa_lx106","ESP8266 Xtensa LX106 80MHz",1,0,"FreeRTOS (ESP8266 RTOS via Arduino)","xtensa-lx106-elf-gcc","xtensa-lx106-elf-gcc (Espressif)","-O2","mlkem-native","v1.2.0 (2507ff79a0acfec6e94a9a83709b5774491fdbb6)","ML-KEM-768","keygen",39,17239000,46112,True,""
"36e093ba-e374-476d-acef-7b7fda155006","04f4ada5-75cd-4cb5-a8b7-821da3b35e82","2026-09-15T10:15:00Z","esp8266_xtensa_lx106_arduino","NATIVE_HARDWARE","xtensa_lx106","ESP8266 Xtensa LX106 80MHz",1,0,"FreeRTOS (ESP8266 RTOS via Arduino)","xtensa-lx106-elf-gcc","xtensa-lx106-elf-gcc (Espressif)","-O2","mlkem-native","v1.2.0 (2507ff79a0acfec6e94a9a83709b5774491fdbb6)","ML-KEM-768","encapsulation",39,20855000,46112,True,""
"36e093ba-e374-476d-acef-7b7fda155006","04f4ada5-75cd-4cb5-a8b7-821da3b35e82","2026-09-15T10:15:00Z","esp8266_xtensa_lx106_arduino","NATIVE_HARDWARE","xtensa_lx106","ESP8266 Xtensa LX106 80MHz",1,0,"FreeRTOS (ESP8266 RTOS via Arduino)","xtensa-lx106-elf-gcc","xtensa-lx106-elf-gcc (Espressif)","-O2","mlkem-native","v1.2.0 (2507ff79a0acfec6e94a9a83709b5774491fdbb6)","ML-KEM-768","decapsulation",39,26118000,46112,True,""
"36e093ba-e374-476d-acef-7b7fda155006","04f4ada5-75cd-4cb5-a8b7-821da3b35e82","2026-09-15T10:15:00Z","esp8266_xtensa_lx106_arduino","NATIVE_HARDWARE","xtensa_lx106","ESP8266 Xtensa LX106 80MHz",1,0,"FreeRTOS (ESP8266 RTOS via Arduino)","xtensa-lx106-elf-gcc","xtensa-lx106-elf-gcc (Espressif)","-O2","mlkem-native","v1.2.0 (2507ff79a0acfec6e94a9a83709b5774491fdbb6)","ML-KEM-768","keygen",40,17232000,46112,True,""
"36e093ba-e374-476d-acef-7b7fda155006","04f4ada5-75cd-4cb5-a8b7-821da3b35e82","2026-09-15T10:15:00Z","esp8266_xtensa_lx106_arduino","NATIVE_HARDWARE","xtensa_lx106","ESP8266 Xtensa LX106 80MHz",1,0,"FreeRTOS (ESP8266 RTOS via Arduino)","xtensa-lx106-elf-gcc","xtensa-lx106-elf-gcc (Espressif)","-O2","mlkem-native","v1.2.0 (2507ff79a0acfec6e94a9a83709b5774491fdbb6)","ML-KEM-768","encapsulation",40,20857000,46112,True,""
"36e093ba-e374-476d-acef-7b7fda155006","04f4ada5-75cd-4cb5-a8b7-821da3b35e82","2026-09-15T10:15:00Z","esp8266_xtensa_lx106_arduino","NATIVE_HARDWARE","xtensa_lx106","ESP8266 Xtensa LX106 80MHz",1,0,"FreeRTOS (ESP8266 RTOS via Arduino)","xtensa-lx106-elf-gcc","xtensa-lx106-elf-gcc (Espressif)","-O2","mlkem-native","v1.2.0 (2507ff79a0acfec6e94a9a83709b5774491fdbb6)","ML-KEM-768","decapsulation",40,26122000,46112,True,""
"36e093ba-e374-476d-acef-7b7fda155006","04f4ada5-75cd-4cb5-a8b7-821da3b35e82","2026-09-15T10:15:00Z","esp8266_xtensa_lx106_arduino","NATIVE_HARDWARE","xtensa_lx106","ESP8266 Xtensa LX106 80MHz",1,0,"FreeRTOS (ESP8266 RTOS via Arduino)","xtensa-lx106-elf-gcc","xtensa-lx106-elf-gcc (Espressif)","-O2","mlkem-native","v1.2.0 (2507ff79a0acfec6e94a9a83709b5774491fdbb6)","ML-KEM-768","keygen",41,17231000,46112,True,""
"36e093ba-e374-476d-acef-7b7fda155006","04f4ada5-75cd-4cb5-a8b7-821da3b35e82","2026-09-15T10:15:00Z","esp8266_xtensa_lx106_arduino","NATIVE_HARDWARE","xtensa_lx106","ESP8266 Xtensa LX106 80MHz",1,0,"FreeRTOS (ESP8266 RTOS via Arduino)","xtensa-lx106-elf-gcc","xtensa-lx106-elf-gcc (Espressif)","-O2","mlkem-native","v1.2.0 (2507ff79a0acfec6e94a9a83709b5774491fdbb6)","ML-KEM-768","encapsulation",41,20849000,46112,True,""
"36e093ba-e374-476d-acef-7b7fda155006","04f4ada5-75cd-4cb5-a8b7-821da3b35e82","2026-09-15T10:15:00Z","esp8266_xtensa_lx106_arduino","NATIVE_HARDWARE","xtensa_lx106","ESP8266 Xtensa LX106 80MHz",1,0,"FreeRTOS (ESP8266 RTOS via Arduino)","xtensa-lx106-elf-gcc","xtensa-lx106-elf-gcc (Espressif)","-O2","mlkem-native","v1.2.0 (2507ff79a0acfec6e94a9a83709b5774491fdbb6)","ML-KEM-768","decapsulation",41,26115000,46112,True,""
"36e093ba-e374-476d-acef-7b7fda155006","04f4ada5-75cd-4cb5-a8b7-821da3b35e82","2026-09-15T10:15:00Z","esp8266_xtensa_lx106_arduino","NATIVE_HARDWARE","xtensa_lx106","ESP8266 Xtensa LX106 80MHz",1,0,"FreeRTOS (ESP8266 RTOS via Arduino)","xtensa-lx106-elf-gcc","xtensa-lx106-elf-gcc (Espressif)","-O2","mlkem-native","v1.2.0 (2507ff79a0acfec6e94a9a83709b5774491fdbb6)","ML-KEM-768","keygen",42,17236000,46112,True,""
"36e093ba-e374-476d-acef-7b7fda155006","04f4ada5-75cd-4cb5-a8b7-821da3b35e82","2026-09-15T10:15:00Z","esp8266_xtensa_lx106_arduino","NATIVE_HARDWARE","xtensa_lx106","ESP8266 Xtensa LX106 80MHz",1,0,"FreeRTOS (ESP8266 RTOS via Arduino)","xtensa-lx106-elf-gcc","xtensa-lx106-elf-gcc (Espressif)","-O2","mlkem-native","v1.2.0 (2507ff79a0acfec6e94a9a83709b5774491fdbb6)","ML-KEM-768","encapsulation",42,20851000,46112,True,""
"36e093ba-e374-476d-acef-7b7fda155006","04f4ada5-75cd-4cb5-a8b7-821da3b35e82","2026-09-15T10:15:00Z","esp8266_xtensa_lx106_arduino","NATIVE_HARDWARE","xtensa_lx106","ESP8266 Xtensa LX106 80MHz",1,0,"FreeRTOS (ESP8266 RTOS via Arduino)","xtensa-lx106-elf-gcc","xtensa-lx106-elf-gcc (Espressif)","-O2","mlkem-native","v1.2.0 (2507ff79a0acfec6e94a9a83709b5774491fdbb6)","ML-KEM-768","decapsulation",42,26113000,46112,True,""
"36e093ba-e374-476d-acef-7b7fda155006","04f4ada5-75cd-4cb5-a8b7-821da3b35e82","2026-09-15T10:15:00Z","esp8266_xtensa_lx106_arduino","NATIVE_HARDWARE","xtensa_lx106","ESP8266 Xtensa LX106 80MHz",1,0,"FreeRTOS (ESP8266 RTOS via Arduino)","xtensa-lx106-elf-gcc","xtensa-lx106-elf-gcc (Espressif)","-O2","mlkem-native","v1.2.0 (2507ff79a0acfec6e94a9a83709b5774491fdbb6)","ML-KEM-768","keygen",43,17230000,46112,True,""
"36e093ba-e374-476d-acef-7b7fda155006","04f4ada5-75cd-4cb5-a8b7-821da3b35e82","2026-09-15T10:15:00Z","esp8266_xtensa_lx106_arduino","NATIVE_HARDWARE","xtensa_lx106","ESP8266 Xtensa LX106 80MHz",1,0,"FreeRTOS (ESP8266 RTOS via Arduino)","xtensa-lx106-elf-gcc","xtensa-lx106-elf-gcc (Espressif)","-O2","mlkem-native","v1.2.0 (2507ff79a0acfec6e94a9a83709b5774491fdbb6)","ML-KEM-768","encapsulation",43,20843000,46112,True,""
"36e093ba-e374-476d-acef-7b7fda155006","04f4ada5-75cd-4cb5-a8b7-821da3b35e82","2026-09-15T10:15:00Z","esp8266_xtensa_lx106_arduino","NATIVE_HARDWARE","xtensa_lx106","ESP8266 Xtensa LX106 80MHz",1,0,"FreeRTOS (ESP8266 RTOS via Arduino)","xtensa-lx106-elf-gcc","xtensa-lx106-elf-gcc (Espressif)","-O2","mlkem-native","v1.2.0 (2507ff79a0acfec6e94a9a83709b5774491fdbb6)","ML-KEM-768","decapsulation",43,26105000,46112,True,""
"36e093ba-e374-476d-acef-7b7fda155006","04f4ada5-75cd-4cb5-a8b7-821da3b35e82","2026-09-15T10:15:00Z","esp8266_xtensa_lx106_arduino","NATIVE_HARDWARE","xtensa_lx106","ESP8266 Xtensa LX106 80MHz",1,0,"FreeRTOS (ESP8266 RTOS via Arduino)","xtensa-lx106-elf-gcc","xtensa-lx106-elf-gcc (Espressif)","-O2","mlkem-native","v1.2.0 (2507ff79a0acfec6e94a9a83709b5774491fdbb6)","ML-KEM-768","keygen",44,17235000,46112,True,""
"36e093ba-e374-476d-acef-7b7fda155006","04f4ada5-75cd-4cb5-a8b7-821da3b35e82","2026-09-15T10:15:00Z","esp8266_xtensa_lx106_arduino","NATIVE_HARDWARE","xtensa_lx106","ESP8266 Xtensa LX106 80MHz",1,0,"FreeRTOS (ESP8266 RTOS via Arduino)","xtensa-lx106-elf-gcc","xtensa-lx106-elf-gcc (Espressif)","-O2","mlkem-native","v1.2.0 (2507ff79a0acfec6e94a9a83709b5774491fdbb6)","ML-KEM-768","encapsulation",44,20851000,46112,True,""
"36e093ba-e374-476d-acef-7b7fda155006","04f4ada5-75cd-4cb5-a8b7-821da3b35e82","2026-09-15T10:15:00Z","esp8266_xtensa_lx106_arduino","NATIVE_HARDWARE","xtensa_lx106","ESP8266 Xtensa LX106 80MHz",1,0,"FreeRTOS (ESP8266 RTOS via Arduino)","xtensa-lx106-elf-gcc","xtensa-lx106-elf-gcc (Espressif)","-O2","mlkem-native","v1.2.0 (2507ff79a0acfec6e94a9a83709b5774491fdbb6)","ML-KEM-768","decapsulation",44,26115000,46112,True,""
"36e093ba-e374-476d-acef-7b7fda155006","04f4ada5-75cd-4cb5-a8b7-821da3b35e82","2026-09-15T10:15:00Z","esp8266_xtensa_lx106_arduino","NATIVE_HARDWARE","xtensa_lx106","ESP8266 Xtensa LX106 80MHz",1,0,"FreeRTOS (ESP8266 RTOS via Arduino)","xtensa-lx106-elf-gcc","xtensa-lx106-elf-gcc (Espressif)","-O2","mlkem-native","v1.2.0 (2507ff79a0acfec6e94a9a83709b5774491fdbb6)","ML-KEM-768","keygen",45,17231000,46112,True,""
"36e093ba-e374-476d-acef-7b7fda155006","04f4ada5-75cd-4cb5-a8b7-821da3b35e82","2026-09-15T10:15:00Z","esp8266_xtensa_lx106_arduino","NATIVE_HARDWARE","xtensa_lx106","ESP8266 Xtensa LX106 80MHz",1,0,"FreeRTOS (ESP8266 RTOS via Arduino)","xtensa-lx106-elf-gcc","xtensa-lx106-elf-gcc (Espressif)","-O2","mlkem-native","v1.2.0 (2507ff79a0acfec6e94a9a83709b5774491fdbb6)","ML-KEM-768","encapsulation",45,20853000,46112,True,""
"36e093ba-e374-476d-acef-7b7fda155006","04f4ada5-75cd-4cb5-a8b7-821da3b35e82","2026-09-15T10:15:00Z","esp8266_xtensa_lx106_arduino","NATIVE_HARDWARE","xtensa_lx106","ESP8266 Xtensa LX106 80MHz",1,0,"FreeRTOS (ESP8266 RTOS via Arduino)","xtensa-lx106-elf-gcc","xtensa-lx106-elf-gcc (Espressif)","-O2","mlkem-native","v1.2.0 (2507ff79a0acfec6e94a9a83709b5774491fdbb6)","ML-KEM-768","decapsulation",45,26116000,46112,True,""
"36e093ba-e374-476d-acef-7b7fda155006","04f4ada5-75cd-4cb5-a8b7-821da3b35e82","2026-09-15T10:15:00Z","esp8266_xtensa_lx106_arduino","NATIVE_HARDWARE","xtensa_lx106","ESP8266 Xtensa LX106 80MHz",1,0,"FreeRTOS (ESP8266 RTOS via Arduino)","xtensa-lx106-elf-gcc","xtensa-lx106-elf-gcc (Espressif)","-O2","mlkem-native","v1.2.0 (2507ff79a0acfec6e94a9a83709b5774491fdbb6)","ML-KEM-768","keygen",46,17237000,46112,True,""
"36e093ba-e374-476d-acef-7b7fda155006","04f4ada5-75cd-4cb5-a8b7-821da3b35e82","2026-09-15T10:15:00Z","esp8266_xtensa_lx106_arduino","NATIVE_HARDWARE","xtensa_lx106","ESP8266 Xtensa LX106 80MHz",1,0,"FreeRTOS (ESP8266 RTOS via Arduino)","xtensa-lx106-elf-gcc","xtensa-lx106-elf-gcc (Espressif)","-O2","mlkem-native","v1.2.0 (2507ff79a0acfec6e94a9a83709b5774491fdbb6)","ML-KEM-768","encapsulation",46,20855000,46112,True,""
"36e093ba-e374-476d-acef-7b7fda155006","04f4ada5-75cd-4cb5-a8b7-821da3b35e82","2026-09-15T10:15:00Z","esp8266_xtensa_lx106_arduino","NATIVE_HARDWARE","xtensa_lx106","ESP8266 Xtensa LX106 80MHz",1,0,"FreeRTOS (ESP8266 RTOS via Arduino)","xtensa-lx106-elf-gcc","xtensa-lx106-elf-gcc (Espressif)","-O2","mlkem-native","v1.2.0 (2507ff79a0acfec6e94a9a83709b5774491fdbb6)","ML-KEM-768","decapsulation",46,26119000,46112,True,""
"36e093ba-e374-476d-acef-7b7fda155006","04f4ada5-75cd-4cb5-a8b7-821da3b35e82","2026-09-15T10:15:00Z","esp8266_xtensa_lx106_arduino","NATIVE_HARDWARE","xtensa_lx106","ESP8266 Xtensa LX106 80MHz",1,0,"FreeRTOS (ESP8266 RTOS via Arduino)","xtensa-lx106-elf-gcc","xtensa-lx106-elf-gcc (Espressif)","-O2","mlkem-native","v1.2.0 (2507ff79a0acfec6e94a9a83709b5774491fdbb6)","ML-KEM-768","keygen",47,17241000,46112,True,""
"36e093ba-e374-476d-acef-7b7fda155006","04f4ada5-75cd-4cb5-a8b7-821da3b35e82","2026-09-15T10:15:00Z","esp8266_xtensa_lx106_arduino","NATIVE_HARDWARE","xtensa_lx106","ESP8266 Xtensa LX106 80MHz",1,0,"FreeRTOS (ESP8266 RTOS via Arduino)","xtensa-lx106-elf-gcc","xtensa-lx106-elf-gcc (Espressif)","-O2","mlkem-native","v1.2.0 (2507ff79a0acfec6e94a9a83709b5774491fdbb6)","ML-KEM-768","encapsulation",47,20860000,46112,True,""
"36e093ba-e374-476d-acef-7b7fda155006","04f4ada5-75cd-4cb5-a8b7-821da3b35e82","2026-09-15T10:15:00Z","esp8266_xtensa_lx106_arduino","NATIVE_HARDWARE","xtensa_lx106","ESP8266 Xtensa LX106 80MHz",1,0,"FreeRTOS (ESP8266 RTOS via Arduino)","xtensa-lx106-elf-gcc","xtensa-lx106-elf-gcc (Espressif)","-O2","mlkem-native","v1.2.0 (2507ff79a0acfec6e94a9a83709b5774491fdbb6)","ML-KEM-768","decapsulation",47,26122000,46112,True,""
"36e093ba-e374-476d-acef-7b7fda155006","04f4ada5-75cd-4cb5-a8b7-821da3b35e82","2026-09-15T10:15:00Z","esp8266_xtensa_lx106_arduino","NATIVE_HARDWARE","xtensa_lx106","ESP8266 Xtensa LX106 80MHz",1,0,"FreeRTOS (ESP8266 RTOS via Arduino)","xtensa-lx106-elf-gcc","xtensa-lx106-elf-gcc (Espressif)","-O2","mlkem-native","v1.2.0 (2507ff79a0acfec6e94a9a83709b5774491fdbb6)","ML-KEM-768","keygen",48,17231000,46112,True,""
"36e093ba-e374-476d-acef-7b7fda155006","04f4ada5-75cd-4cb5-a8b7-821da3b35e82","2026-09-15T10:15:00Z","esp8266_xtensa_lx106_arduino","NATIVE_HARDWARE","xtensa_lx106","ESP8266 Xtensa LX106 80MHz",1,0,"FreeRTOS (ESP8266 RTOS via Arduino)","xtensa-lx106-elf-gcc","xtensa-lx106-elf-gcc (Espressif)","-O2","mlkem-native","v1.2.0 (2507ff79a0acfec6e94a9a83709b5774491fdbb6)","ML-KEM-768","encapsulation",48,20853000,46112,True,""
"36e093ba-e374-476d-acef-7b7fda155006","04f4ada5-75cd-4cb5-a8b7-821da3b35e82","2026-09-15T10:15:00Z","esp8266_xtensa_lx106_arduino","NATIVE_HARDWARE","xtensa_lx106","ESP8266 Xtensa LX106 80MHz",1,0,"FreeRTOS (ESP8266 RTOS via Arduino)","xtensa-lx106-elf-gcc","xtensa-lx106-elf-gcc (Espressif)","-O2","mlkem-native","v1.2.0 (2507ff79a0acfec6e94a9a83709b5774491fdbb6)","ML-KEM-768","decapsulation",48,26114000,46112,True,""
"36e093ba-e374-476d-acef-7b7fda155006","04f4ada5-75cd-4cb5-a8b7-821da3b35e82","2026-09-15T10:15:00Z","esp8266_xtensa_lx106_arduino","NATIVE_HARDWARE","xtensa_lx106","ESP8266 Xtensa LX106 80MHz",1,0,"FreeRTOS (ESP8266 RTOS via Arduino)","xtensa-lx106-elf-gcc","xtensa-lx106-elf-gcc (Espressif)","-O2","mlkem-native","v1.2.0 (2507ff79a0acfec6e94a9a83709b5774491fdbb6)","ML-KEM-768","keygen",49,17236000,46112,True,""
"36e093ba-e374-476d-acef-7b7fda155006","04f4ada5-75cd-4cb5-a8b7-821da3b35e82","2026-09-15T10:15:00Z","esp8266_xtensa_lx106_arduino","NATIVE_HARDWARE","xtensa_lx106","ESP8266 Xtensa LX106 80MHz",1,0,"FreeRTOS (ESP8266 RTOS via Arduino)","xtensa-lx106-elf-gcc","xtensa-lx106-elf-gcc (Espressif)","-O2","mlkem-native","v1.2.0 (2507ff79a0acfec6e94a9a83709b5774491fdbb6)","ML-KEM-768","encapsulation",49,20853000,46112,True,""
"36e093ba-e374-476d-acef-7b7fda155006","04f4ada5-75cd-4cb5-a8b7-821da3b35e82","2026-09-15T10:15:00Z","esp8266_xtensa_lx106_arduino","NATIVE_HARDWARE","xtensa_lx106","ESP8266 Xtensa LX106 80MHz",1,0,"FreeRTOS (ESP8266 RTOS via Arduino)","xtensa-lx106-elf-gcc","xtensa-lx106-elf-gcc (Espressif)","-O2","mlkem-native","v1.2.0 (2507ff79a0acfec6e94a9a83709b5774491fdbb6)","ML-KEM-768","decapsulation",49,26115000,46112,True,""
"36e093ba-e374-476d-acef-7b7fda155006","04f4ada5-75cd-4cb5-a8b7-821da3b35e82","2026-09-15T10:15:00Z","esp8266_xtensa_lx106_arduino","NATIVE_HARDWARE","xtensa_lx106","ESP8266 Xtensa LX106 80MHz",1,0,"FreeRTOS (ESP8266 RTOS via Arduino)","xtensa-lx106-elf-gcc","xtensa-lx106-elf-gcc (Espressif)","-O2","mlkem-native","v1.2.0 (2507ff79a0acfec6e94a9a83709b5774491fdbb6)","ML-KEM-768","keygen",50,17235000,46112,True,""
"36e093ba-e374-476d-acef-7b7fda155006","04f4ada5-75cd-4cb5-a8b7-821da3b35e82","2026-09-15T10:15:00Z","esp8266_xtensa_lx106_arduino","NATIVE_HARDWARE","xtensa_lx106","ESP8266 Xtensa LX106 80MHz",1,0,"FreeRTOS (ESP8266 RTOS via Arduino)","xtensa-lx106-elf-gcc","xtensa-lx106-elf-gcc (Espressif)","-O2","mlkem-native","v1.2.0 (2507ff79a0acfec6e94a9a83709b5774491fdbb6)","ML-KEM-768","encapsulation",50,20854000,46112,True,""
"36e093ba-e374-476d-acef-7b7fda155006","04f4ada5-75cd-4cb5-a8b7-821da3b35e82","2026-09-15T10:15:00Z","esp8266_xtensa_lx106_arduino","NATIVE_HARDWARE","xtensa_lx106","ESP8266 Xtensa LX106 80MHz",1,0,"FreeRTOS (ESP8266 RTOS via Arduino)","xtensa-lx106-elf-gcc","xtensa-lx106-elf-gcc (Espressif)","-O2","mlkem-native","v1.2.0 (2507ff79a0acfec6e94a9a83709b5774491fdbb6)","ML-KEM-768","decapsulation",50,26119000,46112,True,""
"36e093ba-e374-476d-acef-7b7fda155006","04f4ada5-75cd-4cb5-a8b7-821da3b35e82","2026-09-15T10:15:00Z","esp8266_xtensa_lx106_arduino","NATIVE_HARDWARE","xtensa_lx106","ESP8266 Xtensa LX106 80MHz",1,0,"FreeRTOS (ESP8266 RTOS via Arduino)","xtensa-lx106-elf-gcc","xtensa-lx106-elf-gcc (Espressif)","-O2","mlkem-native","v1.2.0 (2507ff79a0acfec6e94a9a83709b5774491fdbb6)","ML-KEM-768","keygen",51,17246000,46112,True,""
"36e093ba-e374-476d-acef-7b7fda155006","04f4ada5-75cd-4cb5-a8b7-821da3b35e82","2026-09-15T10:15:00Z","esp8266_xtensa_lx106_arduino","NATIVE_HARDWARE","xtensa_lx106","ESP8266 Xtensa LX106 80MHz",1,0,"FreeRTOS (ESP8266 RTOS via Arduino)","xtensa-lx106-elf-gcc","xtensa-lx106-elf-gcc (Espressif)","-O2","mlkem-native","v1.2.0 (2507ff79a0acfec6e94a9a83709b5774491fdbb6)","ML-KEM-768","encapsulation",51,20862000,46112,True,""
"36e093ba-e374-476d-acef-7b7fda155006","04f4ada5-75cd-4cb5-a8b7-821da3b35e82","2026-09-15T10:15:00Z","esp8266_xtensa_lx106_arduino","NATIVE_HARDWARE","xtensa_lx106","ESP8266 Xtensa LX106 80MHz",1,0,"FreeRTOS (ESP8266 RTOS via Arduino)","xtensa-lx106-elf-gcc","xtensa-lx106-elf-gcc (Espressif)","-O2","mlkem-native","v1.2.0 (2507ff79a0acfec6e94a9a83709b5774491fdbb6)","ML-KEM-768","decapsulation",51,26122000,46112,True,""
"36e093ba-e374-476d-acef-7b7fda155006","04f4ada5-75cd-4cb5-a8b7-821da3b35e82","2026-09-15T10:15:00Z","esp8266_xtensa_lx106_arduino","NATIVE_HARDWARE","xtensa_lx106","ESP8266 Xtensa LX106 80MHz",1,0,"FreeRTOS (ESP8266 RTOS via Arduino)","xtensa-lx106-elf-gcc","xtensa-lx106-elf-gcc (Espressif)","-O2","mlkem-native","v1.2.0 (2507ff79a0acfec6e94a9a83709b5774491fdbb6)","ML-KEM-768","keygen",52,17237000,46112,True,""
"36e093ba-e374-476d-acef-7b7fda155006","04f4ada5-75cd-4cb5-a8b7-821da3b35e82","2026-09-15T10:15:00Z","esp8266_xtensa_lx106_arduino","NATIVE_HARDWARE","xtensa_lx106","ESP8266 Xtensa LX106 80MHz",1,0,"FreeRTOS (ESP8266 RTOS via Arduino)","xtensa-lx106-elf-gcc","xtensa-lx106-elf-gcc (Espressif)","-O2","mlkem-native","v1.2.0 (2507ff79a0acfec6e94a9a83709b5774491fdbb6)","ML-KEM-768","encapsulation",52,20858000,46112,True,""
"36e093ba-e374-476d-acef-7b7fda155006","04f4ada5-75cd-4cb5-a8b7-821da3b35e82","2026-09-15T10:15:00Z","esp8266_xtensa_lx106_arduino","NATIVE_HARDWARE","xtensa_lx106","ESP8266 Xtensa LX106 80MHz",1,0,"FreeRTOS (ESP8266 RTOS via Arduino)","xtensa-lx106-elf-gcc","xtensa-lx106-elf-gcc (Espressif)","-O2","mlkem-native","v1.2.0 (2507ff79a0acfec6e94a9a83709b5774491fdbb6)","ML-KEM-768","decapsulation",52,26122000,46112,True,""
"36e093ba-e374-476d-acef-7b7fda155006","04f4ada5-75cd-4cb5-a8b7-821da3b35e82","2026-09-15T10:15:00Z","esp8266_xtensa_lx106_arduino","NATIVE_HARDWARE","xtensa_lx106","ESP8266 Xtensa LX106 80MHz",1,0,"FreeRTOS (ESP8266 RTOS via Arduino)","xtensa-lx106-elf-gcc","xtensa-lx106-elf-gcc (Espressif)","-O2","mlkem-native","v1.2.0 (2507ff79a0acfec6e94a9a83709b5774491fdbb6)","ML-KEM-768","keygen",53,17234000,46112,True,""
"36e093ba-e374-476d-acef-7b7fda155006","04f4ada5-75cd-4cb5-a8b7-821da3b35e82","2026-09-15T10:15:00Z","esp8266_xtensa_lx106_arduino","NATIVE_HARDWARE","xtensa_lx106","ESP8266 Xtensa LX106 80MHz",1,0,"FreeRTOS (ESP8266 RTOS via Arduino)","xtensa-lx106-elf-gcc","xtensa-lx106-elf-gcc (Espressif)","-O2","mlkem-native","v1.2.0 (2507ff79a0acfec6e94a9a83709b5774491fdbb6)","ML-KEM-768","encapsulation",53,20857000,46112,True,""
"36e093ba-e374-476d-acef-7b7fda155006","04f4ada5-75cd-4cb5-a8b7-821da3b35e82","2026-09-15T10:15:00Z","esp8266_xtensa_lx106_arduino","NATIVE_HARDWARE","xtensa_lx106","ESP8266 Xtensa LX106 80MHz",1,0,"FreeRTOS (ESP8266 RTOS via Arduino)","xtensa-lx106-elf-gcc","xtensa-lx106-elf-gcc (Espressif)","-O2","mlkem-native","v1.2.0 (2507ff79a0acfec6e94a9a83709b5774491fdbb6)","ML-KEM-768","decapsulation",53,26118000,46112,True,""
"36e093ba-e374-476d-acef-7b7fda155006","04f4ada5-75cd-4cb5-a8b7-821da3b35e82","2026-09-15T10:15:00Z","esp8266_xtensa_lx106_arduino","NATIVE_HARDWARE","xtensa_lx106","ESP8266 Xtensa LX106 80MHz",1,0,"FreeRTOS (ESP8266 RTOS via Arduino)","xtensa-lx106-elf-gcc","xtensa-lx106-elf-gcc (Espressif)","-O2","mlkem-native","v1.2.0 (2507ff79a0acfec6e94a9a83709b5774491fdbb6)","ML-KEM-768","keygen",54,17240000,46112,True,""
"36e093ba-e374-476d-acef-7b7fda155006","04f4ada5-75cd-4cb5-a8b7-821da3b35e82","2026-09-15T10:15:00Z","esp8266_xtensa_lx106_arduino","NATIVE_HARDWARE","xtensa_lx106","ESP8266 Xtensa LX106 80MHz",1,0,"FreeRTOS (ESP8266 RTOS via Arduino)","xtensa-lx106-elf-gcc","xtensa-lx106-elf-gcc (Espressif)","-O2","mlkem-native","v1.2.0 (2507ff79a0acfec6e94a9a83709b5774491fdbb6)","ML-KEM-768","encapsulation",54,20863000,46112,True,""
"36e093ba-e374-476d-acef-7b7fda155006","04f4ada5-75cd-4cb5-a8b7-821da3b35e82","2026-09-15T10:15:00Z","esp8266_xtensa_lx106_arduino","NATIVE_HARDWARE","xtensa_lx106","ESP8266 Xtensa LX106 80MHz",1,0,"FreeRTOS (ESP8266 RTOS via Arduino)","xtensa-lx106-elf-gcc","xtensa-lx106-elf-gcc (Espressif)","-O2","mlkem-native","v1.2.0 (2507ff79a0acfec6e94a9a83709b5774491fdbb6)","ML-KEM-768","decapsulation",54,26126000,46112,True,""
"36e093ba-e374-476d-acef-7b7fda155006","04f4ada5-75cd-4cb5-a8b7-821da3b35e82","2026-09-15T10:15:00Z","esp8266_xtensa_lx106_arduino","NATIVE_HARDWARE","xtensa_lx106","ESP8266 Xtensa LX106 80MHz",1,0,"FreeRTOS (ESP8266 RTOS via Arduino)","xtensa-lx106-elf-gcc","xtensa-lx106-elf-gcc (Espressif)","-O2","mlkem-native","v1.2.0 (2507ff79a0acfec6e94a9a83709b5774491fdbb6)","ML-KEM-768","keygen",55,17238000,46112,True,""
"36e093ba-e374-476d-acef-7b7fda155006","04f4ada5-75cd-4cb5-a8b7-821da3b35e82","2026-09-15T10:15:00Z","esp8266_xtensa_lx106_arduino","NATIVE_HARDWARE","xtensa_lx106","ESP8266 Xtensa LX106 80MHz",1,0,"FreeRTOS (ESP8266 RTOS via Arduino)","xtensa-lx106-elf-gcc","xtensa-lx106-elf-gcc (Espressif)","-O2","mlkem-native","v1.2.0 (2507ff79a0acfec6e94a9a83709b5774491fdbb6)","ML-KEM-768","encapsulation",55,20858000,46112,True,""
"36e093ba-e374-476d-acef-7b7fda155006","04f4ada5-75cd-4cb5-a8b7-821da3b35e82","2026-09-15T10:15:00Z","esp8266_xtensa_lx106_arduino","NATIVE_HARDWARE","xtensa_lx106","ESP8266 Xtensa LX106 80MHz",1,0,"FreeRTOS (ESP8266 RTOS via Arduino)","xtensa-lx106-elf-gcc","xtensa-lx106-elf-gcc (Espressif)","-O2","mlkem-native","v1.2.0 (2507ff79a0acfec6e94a9a83709b5774491fdbb6)","ML-KEM-768","decapsulation",55,26119000,46112,True,""
"36e093ba-e374-476d-acef-7b7fda155006","04f4ada5-75cd-4cb5-a8b7-821da3b35e82","2026-09-15T10:15:00Z","esp8266_xtensa_lx106_arduino","NATIVE_HARDWARE","xtensa_lx106","ESP8266 Xtensa LX106 80MHz",1,0,"FreeRTOS (ESP8266 RTOS via Arduino)","xtensa-lx106-elf-gcc","xtensa-lx106-elf-gcc (Espressif)","-O2","mlkem-native","v1.2.0 (2507ff79a0acfec6e94a9a83709b5774491fdbb6)","ML-KEM-768","keygen",56,17242000,46112,True,""
"36e093ba-e374-476d-acef-7b7fda155006","04f4ada5-75cd-4cb5-a8b7-821da3b35e82","2026-09-15T10:15:00Z","esp8266_xtensa_lx106_arduino","NATIVE_HARDWARE","xtensa_lx106","ESP8266 Xtensa LX106 80MHz",1,0,"FreeRTOS (ESP8266 RTOS via Arduino)","xtensa-lx106-elf-gcc","xtensa-lx106-elf-gcc (Espressif)","-O2","mlkem-native","v1.2.0 (2507ff79a0acfec6e94a9a83709b5774491fdbb6)","ML-KEM-768","encapsulation",56,20859000,46112,True,""
"36e093ba-e374-476d-acef-7b7fda155006","04f4ada5-75cd-4cb5-a8b7-821da3b35e82","2026-09-15T10:15:00Z","esp8266_xtensa_lx106_arduino","NATIVE_HARDWARE","xtensa_lx106","ESP8266 Xtensa LX106 80MHz",1,0,"FreeRTOS (ESP8266 RTOS via Arduino)","xtensa-lx106-elf-gcc","xtensa-lx106-elf-gcc (Espressif)","-O2","mlkem-native","v1.2.0 (2507ff79a0acfec6e94a9a83709b5774491fdbb6)","ML-KEM-768","decapsulation",56,26126000,46112,True,""
"36e093ba-e374-476d-acef-7b7fda155006","04f4ada5-75cd-4cb5-a8b7-821da3b35e82","2026-09-15T10:15:00Z","esp8266_xtensa_lx106_arduino","NATIVE_HARDWARE","xtensa_lx106","ESP8266 Xtensa LX106 80MHz",1,0,"FreeRTOS (ESP8266 RTOS via Arduino)","xtensa-lx106-elf-gcc","xtensa-lx106-elf-gcc (Espressif)","-O2","mlkem-native","v1.2.0 (2507ff79a0acfec6e94a9a83709b5774491fdbb6)","ML-KEM-768","keygen",57,17237000,46112,True,""
"36e093ba-e374-476d-acef-7b7fda155006","04f4ada5-75cd-4cb5-a8b7-821da3b35e82","2026-09-15T10:15:00Z","esp8266_xtensa_lx106_arduino","NATIVE_HARDWARE","xtensa_lx106","ESP8266 Xtensa LX106 80MHz",1,0,"FreeRTOS (ESP8266 RTOS via Arduino)","xtensa-lx106-elf-gcc","xtensa-lx106-elf-gcc (Espressif)","-O2","mlkem-native","v1.2.0 (2507ff79a0acfec6e94a9a83709b5774491fdbb6)","ML-KEM-768","encapsulation",57,20853000,46112,True,""
"36e093ba-e374-476d-acef-7b7fda155006","04f4ada5-75cd-4cb5-a8b7-821da3b35e82","2026-09-15T10:15:00Z","esp8266_xtensa_lx106_arduino","NATIVE_HARDWARE","xtensa_lx106","ESP8266 Xtensa LX106 80MHz",1,0,"FreeRTOS (ESP8266 RTOS via Arduino)","xtensa-lx106-elf-gcc","xtensa-lx106-elf-gcc (Espressif)","-O2","mlkem-native","v1.2.0 (2507ff79a0acfec6e94a9a83709b5774491fdbb6)","ML-KEM-768","decapsulation",57,26118000,46112,True,""
"36e093ba-e374-476d-acef-7b7fda155006","04f4ada5-75cd-4cb5-a8b7-821da3b35e82","2026-09-15T10:15:00Z","esp8266_xtensa_lx106_arduino","NATIVE_HARDWARE","xtensa_lx106","ESP8266 Xtensa LX106 80MHz",1,0,"FreeRTOS (ESP8266 RTOS via Arduino)","xtensa-lx106-elf-gcc","xtensa-lx106-elf-gcc (Espressif)","-O2","mlkem-native","v1.2.0 (2507ff79a0acfec6e94a9a83709b5774491fdbb6)","ML-KEM-768","keygen",58,17234000,46112,True,""
"36e093ba-e374-476d-acef-7b7fda155006","04f4ada5-75cd-4cb5-a8b7-821da3b35e82","2026-09-15T10:15:00Z","esp8266_xtensa_lx106_arduino","NATIVE_HARDWARE","xtensa_lx106","ESP8266 Xtensa LX106 80MHz",1,0,"FreeRTOS (ESP8266 RTOS via Arduino)","xtensa-lx106-elf-gcc","xtensa-lx106-elf-gcc (Espressif)","-O2","mlkem-native","v1.2.0 (2507ff79a0acfec6e94a9a83709b5774491fdbb6)","ML-KEM-768","encapsulation",58,20856000,46112,True,""
"36e093ba-e374-476d-acef-7b7fda155006","04f4ada5-75cd-4cb5-a8b7-821da3b35e82","2026-09-15T10:15:00Z","esp8266_xtensa_lx106_arduino","NATIVE_HARDWARE","xtensa_lx106","ESP8266 Xtensa LX106 80MHz",1,0,"FreeRTOS (ESP8266 RTOS via Arduino)","xtensa-lx106-elf-gcc","xtensa-lx106-elf-gcc (Espressif)","-O2","mlkem-native","v1.2.0 (2507ff79a0acfec6e94a9a83709b5774491fdbb6)","ML-KEM-768","decapsulation",58,26118000,46112,True,""
"36e093ba-e374-476d-acef-7b7fda155006","04f4ada5-75cd-4cb5-a8b7-821da3b35e82","2026-09-15T10:15:00Z","esp8266_xtensa_lx106_arduino","NATIVE_HARDWARE","xtensa_lx106","ESP8266 Xtensa LX106 80MHz",1,0,"FreeRTOS (ESP8266 RTOS via Arduino)","xtensa-lx106-elf-gcc","xtensa-lx106-elf-gcc (Espressif)","-O2","mlkem-native","v1.2.0 (2507ff79a0acfec6e94a9a83709b5774491fdbb6)","ML-KEM-768","keygen",59,17243000,46112,True,""
"36e093ba-e374-476d-acef-7b7fda155006","04f4ada5-75cd-4cb5-a8b7-821da3b35e82","2026-09-15T10:15:00Z","esp8266_xtensa_lx106_arduino","NATIVE_HARDWARE","xtensa_lx106","ESP8266 Xtensa LX106 80MHz",1,0,"FreeRTOS (ESP8266 RTOS via Arduino)","xtensa-lx106-elf-gcc","xtensa-lx106-elf-gcc (Espressif)","-O2","mlkem-native","v1.2.0 (2507ff79a0acfec6e94a9a83709b5774491fdbb6)","ML-KEM-768","encapsulation",59,20854000,46112,True,""
"36e093ba-e374-476d-acef-7b7fda155006","04f4ada5-75cd-4cb5-a8b7-821da3b35e82","2026-09-15T10:15:00Z","esp8266_xtensa_lx106_arduino","NATIVE_HARDWARE","xtensa_lx106","ESP8266 Xtensa LX106 80MHz",1,0,"FreeRTOS (ESP8266 RTOS via Arduino)","xtensa-lx106-elf-gcc","xtensa-lx106-elf-gcc (Espressif)","-O2","mlkem-native","v1.2.0 (2507ff79a0acfec6e94a9a83709b5774491fdbb6)","ML-KEM-768","decapsulation",59,26113000,46112,True,""
"36e093ba-e374-476d-acef-7b7fda155006","04f4ada5-75cd-4cb5-a8b7-821da3b35e82","2026-09-15T10:15:00Z","esp8266_xtensa_lx106_arduino","NATIVE_HARDWARE","xtensa_lx106","ESP8266 Xtensa LX106 80MHz",1,0,"FreeRTOS (ESP8266 RTOS via Arduino)","xtensa-lx106-elf-gcc","xtensa-lx106-elf-gcc (Espressif)","-O2","mlkem-native","v1.2.0 (2507ff79a0acfec6e94a9a83709b5774491fdbb6)","ML-KEM-768","keygen",60,17234000,46112,True,""
"36e093ba-e374-476d-acef-7b7fda155006","04f4ada5-75cd-4cb5-a8b7-821da3b35e82","2026-09-15T10:15:00Z","esp8266_xtensa_lx106_arduino","NATIVE_HARDWARE","xtensa_lx106","ESP8266 Xtensa LX106 80MHz",1,0,"FreeRTOS (ESP8266 RTOS via Arduino)","xtensa-lx106-elf-gcc","xtensa-lx106-elf-gcc (Espressif)","-O2","mlkem-native","v1.2.0 (2507ff79a0acfec6e94a9a83709b5774491fdbb6)","ML-KEM-768","encapsulation",60,20853000,46112,True,""
"36e093ba-e374-476d-acef-7b7fda155006","04f4ada5-75cd-4cb5-a8b7-821da3b35e82","2026-09-15T10:15:00Z","esp8266_xtensa_lx106_arduino","NATIVE_HARDWARE","xtensa_lx106","ESP8266 Xtensa LX106 80MHz",1,0,"FreeRTOS (ESP8266 RTOS via Arduino)","xtensa-lx106-elf-gcc","xtensa-lx106-elf-gcc (Espressif)","-O2","mlkem-native","v1.2.0 (2507ff79a0acfec6e94a9a83709b5774491fdbb6)","ML-KEM-768","decapsulation",60,26115000,46112,True,""
"36e093ba-e374-476d-acef-7b7fda155006","04f4ada5-75cd-4cb5-a8b7-821da3b35e82","2026-09-15T10:15:00Z","esp8266_xtensa_lx106_arduino","NATIVE_HARDWARE","xtensa_lx106","ESP8266 Xtensa LX106 80MHz",1,0,"FreeRTOS (ESP8266 RTOS via Arduino)","xtensa-lx106-elf-gcc","xtensa-lx106-elf-gcc (Espressif)","-O2","mlkem-native","v1.2.0 (2507ff79a0acfec6e94a9a83709b5774491fdbb6)","ML-KEM-768","keygen",61,17240000,46112,True,""
"36e093ba-e374-476d-acef-7b7fda155006","04f4ada5-75cd-4cb5-a8b7-821da3b35e82","2026-09-15T10:15:00Z","esp8266_xtensa_lx106_arduino","NATIVE_HARDWARE","xtensa_lx106","ESP8266 Xtensa LX106 80MHz",1,0,"FreeRTOS (ESP8266 RTOS via Arduino)","xtensa-lx106-elf-gcc","xtensa-lx106-elf-gcc (Espressif)","-O2","mlkem-native","v1.2.0 (2507ff79a0acfec6e94a9a83709b5774491fdbb6)","ML-KEM-768","encapsulation",61,20851000,46112,True,""
"36e093ba-e374-476d-acef-7b7fda155006","04f4ada5-75cd-4cb5-a8b7-821da3b35e82","2026-09-15T10:15:00Z","esp8266_xtensa_lx106_arduino","NATIVE_HARDWARE","xtensa_lx106","ESP8266 Xtensa LX106 80MHz",1,0,"FreeRTOS (ESP8266 RTOS via Arduino)","xtensa-lx106-elf-gcc","xtensa-lx106-elf-gcc (Espressif)","-O2","mlkem-native","v1.2.0 (2507ff79a0acfec6e94a9a83709b5774491fdbb6)","ML-KEM-768","decapsulation",61,26116000,46112,True,""
"36e093ba-e374-476d-acef-7b7fda155006","04f4ada5-75cd-4cb5-a8b7-821da3b35e82","2026-09-15T10:15:00Z","esp8266_xtensa_lx106_arduino","NATIVE_HARDWARE","xtensa_lx106","ESP8266 Xtensa LX106 80MHz",1,0,"FreeRTOS (ESP8266 RTOS via Arduino)","xtensa-lx106-elf-gcc","xtensa-lx106-elf-gcc (Espressif)","-O2","mlkem-native","v1.2.0 (2507ff79a0acfec6e94a9a83709b5774491fdbb6)","ML-KEM-768","keygen",62,17237000,46112,True,""
"36e093ba-e374-476d-acef-7b7fda155006","04f4ada5-75cd-4cb5-a8b7-821da3b35e82","2026-09-15T10:15:00Z","esp8266_xtensa_lx106_arduino","NATIVE_HARDWARE","xtensa_lx106","ESP8266 Xtensa LX106 80MHz",1,0,"FreeRTOS (ESP8266 RTOS via Arduino)","xtensa-lx106-elf-gcc","xtensa-lx106-elf-gcc (Espressif)","-O2","mlkem-native","v1.2.0 (2507ff79a0acfec6e94a9a83709b5774491fdbb6)","ML-KEM-768","encapsulation",62,20856000,46112,True,""
"36e093ba-e374-476d-acef-7b7fda155006","04f4ada5-75cd-4cb5-a8b7-821da3b35e82","2026-09-15T10:15:00Z","esp8266_xtensa_lx106_arduino","NATIVE_HARDWARE","xtensa_lx106","ESP8266 Xtensa LX106 80MHz",1,0,"FreeRTOS (ESP8266 RTOS via Arduino)","xtensa-lx106-elf-gcc","xtensa-lx106-elf-gcc (Espressif)","-O2","mlkem-native","v1.2.0 (2507ff79a0acfec6e94a9a83709b5774491fdbb6)","ML-KEM-768","decapsulation",62,26117000,46112,True,""
"36e093ba-e374-476d-acef-7b7fda155006","04f4ada5-75cd-4cb5-a8b7-821da3b35e82","2026-09-15T10:15:00Z","esp8266_xtensa_lx106_arduino","NATIVE_HARDWARE","xtensa_lx106","ESP8266 Xtensa LX106 80MHz",1,0,"FreeRTOS (ESP8266 RTOS via Arduino)","xtensa-lx106-elf-gcc","xtensa-lx106-elf-gcc (Espressif)","-O2","mlkem-native","v1.2.0 (2507ff79a0acfec6e94a9a83709b5774491fdbb6)","ML-KEM-768","keygen",63,17233000,46112,True,""
"36e093ba-e374-476d-acef-7b7fda155006","04f4ada5-75cd-4cb5-a8b7-821da3b35e82","2026-09-15T10:15:00Z","esp8266_xtensa_lx106_arduino","NATIVE_HARDWARE","xtensa_lx106","ESP8266 Xtensa LX106 80MHz",1,0,"FreeRTOS (ESP8266 RTOS via Arduino)","xtensa-lx106-elf-gcc","xtensa-lx106-elf-gcc (Espressif)","-O2","mlkem-native","v1.2.0 (2507ff79a0acfec6e94a9a83709b5774491fdbb6)","ML-KEM-768","encapsulation",63,20851000,46112,True,""
"36e093ba-e374-476d-acef-7b7fda155006","04f4ada5-75cd-4cb5-a8b7-821da3b35e82","2026-09-15T10:15:00Z","esp8266_xtensa_lx106_arduino","NATIVE_HARDWARE","xtensa_lx106","ESP8266 Xtensa LX106 80MHz",1,0,"FreeRTOS (ESP8266 RTOS via Arduino)","xtensa-lx106-elf-gcc","xtensa-lx106-elf-gcc (Espressif)","-O2","mlkem-native","v1.2.0 (2507ff79a0acfec6e94a9a83709b5774491fdbb6)","ML-KEM-768","decapsulation",63,26111000,46112,True,""
"36e093ba-e374-476d-acef-7b7fda155006","04f4ada5-75cd-4cb5-a8b7-821da3b35e82","2026-09-15T10:15:00Z","esp8266_xtensa_lx106_arduino","NATIVE_HARDWARE","xtensa_lx106","ESP8266 Xtensa LX106 80MHz",1,0,"FreeRTOS (ESP8266 RTOS via Arduino)","xtensa-lx106-elf-gcc","xtensa-lx106-elf-gcc (Espressif)","-O2","mlkem-native","v1.2.0 (2507ff79a0acfec6e94a9a83709b5774491fdbb6)","ML-KEM-768","keygen",64,17228000,46112,True,""
"36e093ba-e374-476d-acef-7b7fda155006","04f4ada5-75cd-4cb5-a8b7-821da3b35e82","2026-09-15T10:15:00Z","esp8266_xtensa_lx106_arduino","NATIVE_HARDWARE","xtensa_lx106","ESP8266 Xtensa LX106 80MHz",1,0,"FreeRTOS (ESP8266 RTOS via Arduino)","xtensa-lx106-elf-gcc","xtensa-lx106-elf-gcc (Espressif)","-O2","mlkem-native","v1.2.0 (2507ff79a0acfec6e94a9a83709b5774491fdbb6)","ML-KEM-768","encapsulation",64,20854000,46112,True,""
"36e093ba-e374-476d-acef-7b7fda155006","04f4ada5-75cd-4cb5-a8b7-821da3b35e82","2026-09-15T10:15:00Z","esp8266_xtensa_lx106_arduino","NATIVE_HARDWARE","xtensa_lx106","ESP8266 Xtensa LX106 80MHz",1,0,"FreeRTOS (ESP8266 RTOS via Arduino)","xtensa-lx106-elf-gcc","xtensa-lx106-elf-gcc (Espressif)","-O2","mlkem-native","v1.2.0 (2507ff79a0acfec6e94a9a83709b5774491fdbb6)","ML-KEM-768","decapsulation",64,26115000,46112,True,""
"36e093ba-e374-476d-acef-7b7fda155006","04f4ada5-75cd-4cb5-a8b7-821da3b35e82","2026-09-15T10:15:00Z","esp8266_xtensa_lx106_arduino","NATIVE_HARDWARE","xtensa_lx106","ESP8266 Xtensa LX106 80MHz",1,0,"FreeRTOS (ESP8266 RTOS via Arduino)","xtensa-lx106-elf-gcc","xtensa-lx106-elf-gcc (Espressif)","-O2","mlkem-native","v1.2.0 (2507ff79a0acfec6e94a9a83709b5774491fdbb6)","ML-KEM-768","keygen",65,18064000,46112,True,""
"36e093ba-e374-476d-acef-7b7fda155006","04f4ada5-75cd-4cb5-a8b7-821da3b35e82","2026-09-15T10:15:00Z","esp8266_xtensa_lx106_arduino","NATIVE_HARDWARE","xtensa_lx106","ESP8266 Xtensa LX106 80MHz",1,0,"FreeRTOS (ESP8266 RTOS via Arduino)","xtensa-lx106-elf-gcc","xtensa-lx106-elf-gcc (Espressif)","-O2","mlkem-native","v1.2.0 (2507ff79a0acfec6e94a9a83709b5774491fdbb6)","ML-KEM-768","encapsulation",65,21682000,46112,True,""
"36e093ba-e374-476d-acef-7b7fda155006","04f4ada5-75cd-4cb5-a8b7-821da3b35e82","2026-09-15T10:15:00Z","esp8266_xtensa_lx106_arduino","NATIVE_HARDWARE","xtensa_lx106","ESP8266 Xtensa LX106 80MHz",1,0,"FreeRTOS (ESP8266 RTOS via Arduino)","xtensa-lx106-elf-gcc","xtensa-lx106-elf-gcc (Espressif)","-O2","mlkem-native","v1.2.0 (2507ff79a0acfec6e94a9a83709b5774491fdbb6)","ML-KEM-768","decapsulation",65,26942000,46112,True,""
"36e093ba-e374-476d-acef-7b7fda155006","04f4ada5-75cd-4cb5-a8b7-821da3b35e82","2026-09-15T10:15:00Z","esp8266_xtensa_lx106_arduino","NATIVE_HARDWARE","xtensa_lx106","ESP8266 Xtensa LX106 80MHz",1,0,"FreeRTOS (ESP8266 RTOS via Arduino)","xtensa-lx106-elf-gcc","xtensa-lx106-elf-gcc (Espressif)","-O2","mlkem-native","v1.2.0 (2507ff79a0acfec6e94a9a83709b5774491fdbb6)","ML-KEM-768","keygen",66,17235000,46112,True,""
"36e093ba-e374-476d-acef-7b7fda155006","04f4ada5-75cd-4cb5-a8b7-821da3b35e82","2026-09-15T10:15:00Z","esp8266_xtensa_lx106_arduino","NATIVE_HARDWARE","xtensa_lx106","ESP8266 Xtensa LX106 80MHz",1,0,"FreeRTOS (ESP8266 RTOS via Arduino)","xtensa-lx106-elf-gcc","xtensa-lx106-elf-gcc (Espressif)","-O2","mlkem-native","v1.2.0 (2507ff79a0acfec6e94a9a83709b5774491fdbb6)","ML-KEM-768","encapsulation",66,20858000,46112,True,""
"36e093ba-e374-476d-acef-7b7fda155006","04f4ada5-75cd-4cb5-a8b7-821da3b35e82","2026-09-15T10:15:00Z","esp8266_xtensa_lx106_arduino","NATIVE_HARDWARE","xtensa_lx106","ESP8266 Xtensa LX106 80MHz",1,0,"FreeRTOS (ESP8266 RTOS via Arduino)","xtensa-lx106-elf-gcc","xtensa-lx106-elf-gcc (Espressif)","-O2","mlkem-native","v1.2.0 (2507ff79a0acfec6e94a9a83709b5774491fdbb6)","ML-KEM-768","decapsulation",66,26122000,46112,True,""
"36e093ba-e374-476d-acef-7b7fda155006","04f4ada5-75cd-4cb5-a8b7-821da3b35e82","2026-09-15T10:15:00Z","esp8266_xtensa_lx106_arduino","NATIVE_HARDWARE","xtensa_lx106","ESP8266 Xtensa LX106 80MHz",1,0,"FreeRTOS (ESP8266 RTOS via Arduino)","xtensa-lx106-elf-gcc","xtensa-lx106-elf-gcc (Espressif)","-O2","mlkem-native","v1.2.0 (2507ff79a0acfec6e94a9a83709b5774491fdbb6)","ML-KEM-768","keygen",67,17240000,46112,True,""
"36e093ba-e374-476d-acef-7b7fda155006","04f4ada5-75cd-4cb5-a8b7-821da3b35e82","2026-09-15T10:15:00Z","esp8266_xtensa_lx106_arduino","NATIVE_HARDWARE","xtensa_lx106","ESP8266 Xtensa LX106 80MHz",1,0,"FreeRTOS (ESP8266 RTOS via Arduino)","xtensa-lx106-elf-gcc","xtensa-lx106-elf-gcc (Espressif)","-O2","mlkem-native","v1.2.0 (2507ff79a0acfec6e94a9a83709b5774491fdbb6)","ML-KEM-768","encapsulation",67,20855000,46112,True,""
"36e093ba-e374-476d-acef-7b7fda155006","04f4ada5-75cd-4cb5-a8b7-821da3b35e82","2026-09-15T10:15:00Z","esp8266_xtensa_lx106_arduino","NATIVE_HARDWARE","xtensa_lx106","ESP8266 Xtensa LX106 80MHz",1,0,"FreeRTOS (ESP8266 RTOS via Arduino)","xtensa-lx106-elf-gcc","xtensa-lx106-elf-gcc (Espressif)","-O2","mlkem-native","v1.2.0 (2507ff79a0acfec6e94a9a83709b5774491fdbb6)","ML-KEM-768","decapsulation",67,26120000,46112,True,""
"36e093ba-e374-476d-acef-7b7fda155006","04f4ada5-75cd-4cb5-a8b7-821da3b35e82","2026-09-15T10:15:00Z","esp8266_xtensa_lx106_arduino","NATIVE_HARDWARE","xtensa_lx106","ESP8266 Xtensa LX106 80MHz",1,0,"FreeRTOS (ESP8266 RTOS via Arduino)","xtensa-lx106-elf-gcc","xtensa-lx106-elf-gcc (Espressif)","-O2","mlkem-native","v1.2.0 (2507ff79a0acfec6e94a9a83709b5774491fdbb6)","ML-KEM-768","keygen",68,17238000,46112,True,""
"36e093ba-e374-476d-acef-7b7fda155006","04f4ada5-75cd-4cb5-a8b7-821da3b35e82","2026-09-15T10:15:00Z","esp8266_xtensa_lx106_arduino","NATIVE_HARDWARE","xtensa_lx106","ESP8266 Xtensa LX106 80MHz",1,0,"FreeRTOS (ESP8266 RTOS via Arduino)","xtensa-lx106-elf-gcc","xtensa-lx106-elf-gcc (Espressif)","-O2","mlkem-native","v1.2.0 (2507ff79a0acfec6e94a9a83709b5774491fdbb6)","ML-KEM-768","encapsulation",68,20862000,46112,True,""
"36e093ba-e374-476d-acef-7b7fda155006","04f4ada5-75cd-4cb5-a8b7-821da3b35e82","2026-09-15T10:15:00Z","esp8266_xtensa_lx106_arduino","NATIVE_HARDWARE","xtensa_lx106","ESP8266 Xtensa LX106 80MHz",1,0,"FreeRTOS (ESP8266 RTOS via Arduino)","xtensa-lx106-elf-gcc","xtensa-lx106-elf-gcc (Espressif)","-O2","mlkem-native","v1.2.0 (2507ff79a0acfec6e94a9a83709b5774491fdbb6)","ML-KEM-768","decapsulation",68,26120000,46112,True,""
"36e093ba-e374-476d-acef-7b7fda155006","04f4ada5-75cd-4cb5-a8b7-821da3b35e82","2026-09-15T10:15:00Z","esp8266_xtensa_lx106_arduino","NATIVE_HARDWARE","xtensa_lx106","ESP8266 Xtensa LX106 80MHz",1,0,"FreeRTOS (ESP8266 RTOS via Arduino)","xtensa-lx106-elf-gcc","xtensa-lx106-elf-gcc (Espressif)","-O2","mlkem-native","v1.2.0 (2507ff79a0acfec6e94a9a83709b5774491fdbb6)","ML-KEM-768","keygen",69,18066000,46112,True,""
"36e093ba-e374-476d-acef-7b7fda155006","04f4ada5-75cd-4cb5-a8b7-821da3b35e82","2026-09-15T10:15:00Z","esp8266_xtensa_lx106_arduino","NATIVE_HARDWARE","xtensa_lx106","ESP8266 Xtensa LX106 80MHz",1,0,"FreeRTOS (ESP8266 RTOS via Arduino)","xtensa-lx106-elf-gcc","xtensa-lx106-elf-gcc (Espressif)","-O2","mlkem-native","v1.2.0 (2507ff79a0acfec6e94a9a83709b5774491fdbb6)","ML-KEM-768","encapsulation",69,21686000,46112,True,""
"36e093ba-e374-476d-acef-7b7fda155006","04f4ada5-75cd-4cb5-a8b7-821da3b35e82","2026-09-15T10:15:00Z","esp8266_xtensa_lx106_arduino","NATIVE_HARDWARE","xtensa_lx106","ESP8266 Xtensa LX106 80MHz",1,0,"FreeRTOS (ESP8266 RTOS via Arduino)","xtensa-lx106-elf-gcc","xtensa-lx106-elf-gcc (Espressif)","-O2","mlkem-native","v1.2.0 (2507ff79a0acfec6e94a9a83709b5774491fdbb6)","ML-KEM-768","decapsulation",69,26949000,46112,True,""
"36e093ba-e374-476d-acef-7b7fda155006","04f4ada5-75cd-4cb5-a8b7-821da3b35e82","2026-09-15T10:15:00Z","esp8266_xtensa_lx106_arduino","NATIVE_HARDWARE","xtensa_lx106","ESP8266 Xtensa LX106 80MHz",1,0,"FreeRTOS (ESP8266 RTOS via Arduino)","xtensa-lx106-elf-gcc","xtensa-lx106-elf-gcc (Espressif)","-O2","mlkem-native","v1.2.0 (2507ff79a0acfec6e94a9a83709b5774491fdbb6)","ML-KEM-768","keygen",70,17240000,46112,True,""
"36e093ba-e374-476d-acef-7b7fda155006","04f4ada5-75cd-4cb5-a8b7-821da3b35e82","2026-09-15T10:15:00Z","esp8266_xtensa_lx106_arduino","NATIVE_HARDWARE","xtensa_lx106","ESP8266 Xtensa LX106 80MHz",1,0,"FreeRTOS (ESP8266 RTOS via Arduino)","xtensa-lx106-elf-gcc","xtensa-lx106-elf-gcc (Espressif)","-O2","mlkem-native","v1.2.0 (2507ff79a0acfec6e94a9a83709b5774491fdbb6)","ML-KEM-768","encapsulation",70,20852000,46112,True,""
"36e093ba-e374-476d-acef-7b7fda155006","04f4ada5-75cd-4cb5-a8b7-821da3b35e82","2026-09-15T10:15:00Z","esp8266_xtensa_lx106_arduino","NATIVE_HARDWARE","xtensa_lx106","ESP8266 Xtensa LX106 80MHz",1,0,"FreeRTOS (ESP8266 RTOS via Arduino)","xtensa-lx106-elf-gcc","xtensa-lx106-elf-gcc (Espressif)","-O2","mlkem-native","v1.2.0 (2507ff79a0acfec6e94a9a83709b5774491fdbb6)","ML-KEM-768","decapsulation",70,26117000,46112,True,""
"36e093ba-e374-476d-acef-7b7fda155006","04f4ada5-75cd-4cb5-a8b7-821da3b35e82","2026-09-15T10:15:00Z","esp8266_xtensa_lx106_arduino","NATIVE_HARDWARE","xtensa_lx106","ESP8266 Xtensa LX106 80MHz",1,0,"FreeRTOS (ESP8266 RTOS via Arduino)","xtensa-lx106-elf-gcc","xtensa-lx106-elf-gcc (Espressif)","-O2","mlkem-native","v1.2.0 (2507ff79a0acfec6e94a9a83709b5774491fdbb6)","ML-KEM-768","keygen",71,17243000,46112,True,""
"36e093ba-e374-476d-acef-7b7fda155006","04f4ada5-75cd-4cb5-a8b7-821da3b35e82","2026-09-15T10:15:00Z","esp8266_xtensa_lx106_arduino","NATIVE_HARDWARE","xtensa_lx106","ESP8266 Xtensa LX106 80MHz",1,0,"FreeRTOS (ESP8266 RTOS via Arduino)","xtensa-lx106-elf-gcc","xtensa-lx106-elf-gcc (Espressif)","-O2","mlkem-native","v1.2.0 (2507ff79a0acfec6e94a9a83709b5774491fdbb6)","ML-KEM-768","encapsulation",71,20858000,46112,True,""
"36e093ba-e374-476d-acef-7b7fda155006","04f4ada5-75cd-4cb5-a8b7-821da3b35e82","2026-09-15T10:15:00Z","esp8266_xtensa_lx106_arduino","NATIVE_HARDWARE","xtensa_lx106","ESP8266 Xtensa LX106 80MHz",1,0,"FreeRTOS (ESP8266 RTOS via Arduino)","xtensa-lx106-elf-gcc","xtensa-lx106-elf-gcc (Espressif)","-O2","mlkem-native","v1.2.0 (2507ff79a0acfec6e94a9a83709b5774491fdbb6)","ML-KEM-768","decapsulation",71,26119000,46112,True,""
"36e093ba-e374-476d-acef-7b7fda155006","04f4ada5-75cd-4cb5-a8b7-821da3b35e82","2026-09-15T10:15:00Z","esp8266_xtensa_lx106_arduino","NATIVE_HARDWARE","xtensa_lx106","ESP8266 Xtensa LX106 80MHz",1,0,"FreeRTOS (ESP8266 RTOS via Arduino)","xtensa-lx106-elf-gcc","xtensa-lx106-elf-gcc (Espressif)","-O2","mlkem-native","v1.2.0 (2507ff79a0acfec6e94a9a83709b5774491fdbb6)","ML-KEM-768","keygen",72,17230000,46112,True,""
"36e093ba-e374-476d-acef-7b7fda155006","04f4ada5-75cd-4cb5-a8b7-821da3b35e82","2026-09-15T10:15:00Z","esp8266_xtensa_lx106_arduino","NATIVE_HARDWARE","xtensa_lx106","ESP8266 Xtensa LX106 80MHz",1,0,"FreeRTOS (ESP8266 RTOS via Arduino)","xtensa-lx106-elf-gcc","xtensa-lx106-elf-gcc (Espressif)","-O2","mlkem-native","v1.2.0 (2507ff79a0acfec6e94a9a83709b5774491fdbb6)","ML-KEM-768","encapsulation",72,20849000,46112,True,""
"36e093ba-e374-476d-acef-7b7fda155006","04f4ada5-75cd-4cb5-a8b7-821da3b35e82","2026-09-15T10:15:00Z","esp8266_xtensa_lx106_arduino","NATIVE_HARDWARE","xtensa_lx106","ESP8266 Xtensa LX106 80MHz",1,0,"FreeRTOS (ESP8266 RTOS via Arduino)","xtensa-lx106-elf-gcc","xtensa-lx106-elf-gcc (Espressif)","-O2","mlkem-native","v1.2.0 (2507ff79a0acfec6e94a9a83709b5774491fdbb6)","ML-KEM-768","decapsulation",72,26109000,46112,True,""
"36e093ba-e374-476d-acef-7b7fda155006","04f4ada5-75cd-4cb5-a8b7-821da3b35e82","2026-09-15T10:15:00Z","esp8266_xtensa_lx106_arduino","NATIVE_HARDWARE","xtensa_lx106","ESP8266 Xtensa LX106 80MHz",1,0,"FreeRTOS (ESP8266 RTOS via Arduino)","xtensa-lx106-elf-gcc","xtensa-lx106-elf-gcc (Espressif)","-O2","mlkem-native","v1.2.0 (2507ff79a0acfec6e94a9a83709b5774491fdbb6)","ML-KEM-768","keygen",73,17234000,46112,True,""
"36e093ba-e374-476d-acef-7b7fda155006","04f4ada5-75cd-4cb5-a8b7-821da3b35e82","2026-09-15T10:15:00Z","esp8266_xtensa_lx106_arduino","NATIVE_HARDWARE","xtensa_lx106","ESP8266 Xtensa LX106 80MHz",1,0,"FreeRTOS (ESP8266 RTOS via Arduino)","xtensa-lx106-elf-gcc","xtensa-lx106-elf-gcc (Espressif)","-O2","mlkem-native","v1.2.0 (2507ff79a0acfec6e94a9a83709b5774491fdbb6)","ML-KEM-768","encapsulation",73,20854000,46112,True,""
"36e093ba-e374-476d-acef-7b7fda155006","04f4ada5-75cd-4cb5-a8b7-821da3b35e82","2026-09-15T10:15:00Z","esp8266_xtensa_lx106_arduino","NATIVE_HARDWARE","xtensa_lx106","ESP8266 Xtensa LX106 80MHz",1,0,"FreeRTOS (ESP8266 RTOS via Arduino)","xtensa-lx106-elf-gcc","xtensa-lx106-elf-gcc (Espressif)","-O2","mlkem-native","v1.2.0 (2507ff79a0acfec6e94a9a83709b5774491fdbb6)","ML-KEM-768","decapsulation",73,26118000,46112,True,""
"36e093ba-e374-476d-acef-7b7fda155006","04f4ada5-75cd-4cb5-a8b7-821da3b35e82","2026-09-15T10:15:00Z","esp8266_xtensa_lx106_arduino","NATIVE_HARDWARE","xtensa_lx106","ESP8266 Xtensa LX106 80MHz",1,0,"FreeRTOS (ESP8266 RTOS via Arduino)","xtensa-lx106-elf-gcc","xtensa-lx106-elf-gcc (Espressif)","-O2","mlkem-native","v1.2.0 (2507ff79a0acfec6e94a9a83709b5774491fdbb6)","ML-KEM-768","keygen",74,17243000,46112,True,""
"36e093ba-e374-476d-acef-7b7fda155006","04f4ada5-75cd-4cb5-a8b7-821da3b35e82","2026-09-15T10:15:00Z","esp8266_xtensa_lx106_arduino","NATIVE_HARDWARE","xtensa_lx106","ESP8266 Xtensa LX106 80MHz",1,0,"FreeRTOS (ESP8266 RTOS via Arduino)","xtensa-lx106-elf-gcc","xtensa-lx106-elf-gcc (Espressif)","-O2","mlkem-native","v1.2.0 (2507ff79a0acfec6e94a9a83709b5774491fdbb6)","ML-KEM-768","encapsulation",74,20858000,46112,True,""
"36e093ba-e374-476d-acef-7b7fda155006","04f4ada5-75cd-4cb5-a8b7-821da3b35e82","2026-09-15T10:15:00Z","esp8266_xtensa_lx106_arduino","NATIVE_HARDWARE","xtensa_lx106","ESP8266 Xtensa LX106 80MHz",1,0,"FreeRTOS (ESP8266 RTOS via Arduino)","xtensa-lx106-elf-gcc","xtensa-lx106-elf-gcc (Espressif)","-O2","mlkem-native","v1.2.0 (2507ff79a0acfec6e94a9a83709b5774491fdbb6)","ML-KEM-768","decapsulation",74,26120000,46112,True,""
"36e093ba-e374-476d-acef-7b7fda155006","04f4ada5-75cd-4cb5-a8b7-821da3b35e82","2026-09-15T10:15:00Z","esp8266_xtensa_lx106_arduino","NATIVE_HARDWARE","xtensa_lx106","ESP8266 Xtensa LX106 80MHz",1,0,"FreeRTOS (ESP8266 RTOS via Arduino)","xtensa-lx106-elf-gcc","xtensa-lx106-elf-gcc (Espressif)","-O2","mlkem-native","v1.2.0 (2507ff79a0acfec6e94a9a83709b5774491fdbb6)","ML-KEM-768","keygen",75,17237000,46112,True,""
"36e093ba-e374-476d-acef-7b7fda155006","04f4ada5-75cd-4cb5-a8b7-821da3b35e82","2026-09-15T10:15:00Z","esp8266_xtensa_lx106_arduino","NATIVE_HARDWARE","xtensa_lx106","ESP8266 Xtensa LX106 80MHz",1,0,"FreeRTOS (ESP8266 RTOS via Arduino)","xtensa-lx106-elf-gcc","xtensa-lx106-elf-gcc (Espressif)","-O2","mlkem-native","v1.2.0 (2507ff79a0acfec6e94a9a83709b5774491fdbb6)","ML-KEM-768","encapsulation",75,20853000,46112,True,""
"36e093ba-e374-476d-acef-7b7fda155006","04f4ada5-75cd-4cb5-a8b7-821da3b35e82","2026-09-15T10:15:00Z","esp8266_xtensa_lx106_arduino","NATIVE_HARDWARE","xtensa_lx106","ESP8266 Xtensa LX106 80MHz",1,0,"FreeRTOS (ESP8266 RTOS via Arduino)","xtensa-lx106-elf-gcc","xtensa-lx106-elf-gcc (Espressif)","-O2","mlkem-native","v1.2.0 (2507ff79a0acfec6e94a9a83709b5774491fdbb6)","ML-KEM-768","decapsulation",75,26120000,46112,True,""
"36e093ba-e374-476d-acef-7b7fda155006","04f4ada5-75cd-4cb5-a8b7-821da3b35e82","2026-09-15T10:15:00Z","esp8266_xtensa_lx106_arduino","NATIVE_HARDWARE","xtensa_lx106","ESP8266 Xtensa LX106 80MHz",1,0,"FreeRTOS (ESP8266 RTOS via Arduino)","xtensa-lx106-elf-gcc","xtensa-lx106-elf-gcc (Espressif)","-O2","mlkem-native","v1.2.0 (2507ff79a0acfec6e94a9a83709b5774491fdbb6)","ML-KEM-768","keygen",76,17239000,46112,True,""
"36e093ba-e374-476d-acef-7b7fda155006","04f4ada5-75cd-4cb5-a8b7-821da3b35e82","2026-09-15T10:15:00Z","esp8266_xtensa_lx106_arduino","NATIVE_HARDWARE","xtensa_lx106","ESP8266 Xtensa LX106 80MHz",1,0,"FreeRTOS (ESP8266 RTOS via Arduino)","xtensa-lx106-elf-gcc","xtensa-lx106-elf-gcc (Espressif)","-O2","mlkem-native","v1.2.0 (2507ff79a0acfec6e94a9a83709b5774491fdbb6)","ML-KEM-768","encapsulation",76,20851000,46112,True,""
"36e093ba-e374-476d-acef-7b7fda155006","04f4ada5-75cd-4cb5-a8b7-821da3b35e82","2026-09-15T10:15:00Z","esp8266_xtensa_lx106_arduino","NATIVE_HARDWARE","xtensa_lx106","ESP8266 Xtensa LX106 80MHz",1,0,"FreeRTOS (ESP8266 RTOS via Arduino)","xtensa-lx106-elf-gcc","xtensa-lx106-elf-gcc (Espressif)","-O2","mlkem-native","v1.2.0 (2507ff79a0acfec6e94a9a83709b5774491fdbb6)","ML-KEM-768","decapsulation",76,26115000,46112,True,""
"36e093ba-e374-476d-acef-7b7fda155006","04f4ada5-75cd-4cb5-a8b7-821da3b35e82","2026-09-15T10:15:00Z","esp8266_xtensa_lx106_arduino","NATIVE_HARDWARE","xtensa_lx106","ESP8266 Xtensa LX106 80MHz",1,0,"FreeRTOS (ESP8266 RTOS via Arduino)","xtensa-lx106-elf-gcc","xtensa-lx106-elf-gcc (Espressif)","-O2","mlkem-native","v1.2.0 (2507ff79a0acfec6e94a9a83709b5774491fdbb6)","ML-KEM-768","keygen",77,17238000,46112,True,""
"36e093ba-e374-476d-acef-7b7fda155006","04f4ada5-75cd-4cb5-a8b7-821da3b35e82","2026-09-15T10:15:00Z","esp8266_xtensa_lx106_arduino","NATIVE_HARDWARE","xtensa_lx106","ESP8266 Xtensa LX106 80MHz",1,0,"FreeRTOS (ESP8266 RTOS via Arduino)","xtensa-lx106-elf-gcc","xtensa-lx106-elf-gcc (Espressif)","-O2","mlkem-native","v1.2.0 (2507ff79a0acfec6e94a9a83709b5774491fdbb6)","ML-KEM-768","encapsulation",77,20857000,46112,True,""
"36e093ba-e374-476d-acef-7b7fda155006","04f4ada5-75cd-4cb5-a8b7-821da3b35e82","2026-09-15T10:15:00Z","esp8266_xtensa_lx106_arduino","NATIVE_HARDWARE","xtensa_lx106","ESP8266 Xtensa LX106 80MHz",1,0,"FreeRTOS (ESP8266 RTOS via Arduino)","xtensa-lx106-elf-gcc","xtensa-lx106-elf-gcc (Espressif)","-O2","mlkem-native","v1.2.0 (2507ff79a0acfec6e94a9a83709b5774491fdbb6)","ML-KEM-768","decapsulation",77,26118000,46112,True,""
"36e093ba-e374-476d-acef-7b7fda155006","04f4ada5-75cd-4cb5-a8b7-821da3b35e82","2026-09-15T10:15:00Z","esp8266_xtensa_lx106_arduino","NATIVE_HARDWARE","xtensa_lx106","ESP8266 Xtensa LX106 80MHz",1,0,"FreeRTOS (ESP8266 RTOS via Arduino)","xtensa-lx106-elf-gcc","xtensa-lx106-elf-gcc (Espressif)","-O2","mlkem-native","v1.2.0 (2507ff79a0acfec6e94a9a83709b5774491fdbb6)","ML-KEM-768","keygen",78,17236000,46112,True,""
"36e093ba-e374-476d-acef-7b7fda155006","04f4ada5-75cd-4cb5-a8b7-821da3b35e82","2026-09-15T10:15:00Z","esp8266_xtensa_lx106_arduino","NATIVE_HARDWARE","xtensa_lx106","ESP8266 Xtensa LX106 80MHz",1,0,"FreeRTOS (ESP8266 RTOS via Arduino)","xtensa-lx106-elf-gcc","xtensa-lx106-elf-gcc (Espressif)","-O2","mlkem-native","v1.2.0 (2507ff79a0acfec6e94a9a83709b5774491fdbb6)","ML-KEM-768","encapsulation",78,20849000,46112,True,""
"36e093ba-e374-476d-acef-7b7fda155006","04f4ada5-75cd-4cb5-a8b7-821da3b35e82","2026-09-15T10:15:00Z","esp8266_xtensa_lx106_arduino","NATIVE_HARDWARE","xtensa_lx106","ESP8266 Xtensa LX106 80MHz",1,0,"FreeRTOS (ESP8266 RTOS via Arduino)","xtensa-lx106-elf-gcc","xtensa-lx106-elf-gcc (Espressif)","-O2","mlkem-native","v1.2.0 (2507ff79a0acfec6e94a9a83709b5774491fdbb6)","ML-KEM-768","decapsulation",78,26112000,46112,True,""
"36e093ba-e374-476d-acef-7b7fda155006","04f4ada5-75cd-4cb5-a8b7-821da3b35e82","2026-09-15T10:15:00Z","esp8266_xtensa_lx106_arduino","NATIVE_HARDWARE","xtensa_lx106","ESP8266 Xtensa LX106 80MHz",1,0,"FreeRTOS (ESP8266 RTOS via Arduino)","xtensa-lx106-elf-gcc","xtensa-lx106-elf-gcc (Espressif)","-O2","mlkem-native","v1.2.0 (2507ff79a0acfec6e94a9a83709b5774491fdbb6)","ML-KEM-768","keygen",79,17230000,46112,True,""
"36e093ba-e374-476d-acef-7b7fda155006","04f4ada5-75cd-4cb5-a8b7-821da3b35e82","2026-09-15T10:15:00Z","esp8266_xtensa_lx106_arduino","NATIVE_HARDWARE","xtensa_lx106","ESP8266 Xtensa LX106 80MHz",1,0,"FreeRTOS (ESP8266 RTOS via Arduino)","xtensa-lx106-elf-gcc","xtensa-lx106-elf-gcc (Espressif)","-O2","mlkem-native","v1.2.0 (2507ff79a0acfec6e94a9a83709b5774491fdbb6)","ML-KEM-768","encapsulation",79,20848000,46112,True,""
"36e093ba-e374-476d-acef-7b7fda155006","04f4ada5-75cd-4cb5-a8b7-821da3b35e82","2026-09-15T10:15:00Z","esp8266_xtensa_lx106_arduino","NATIVE_HARDWARE","xtensa_lx106","ESP8266 Xtensa LX106 80MHz",1,0,"FreeRTOS (ESP8266 RTOS via Arduino)","xtensa-lx106-elf-gcc","xtensa-lx106-elf-gcc (Espressif)","-O2","mlkem-native","v1.2.0 (2507ff79a0acfec6e94a9a83709b5774491fdbb6)","ML-KEM-768","decapsulation",79,26110000,46112,True,""
"36e093ba-e374-476d-acef-7b7fda155006","04f4ada5-75cd-4cb5-a8b7-821da3b35e82","2026-09-15T10:15:00Z","esp8266_xtensa_lx106_arduino","NATIVE_HARDWARE","xtensa_lx106","ESP8266 Xtensa LX106 80MHz",1,0,"FreeRTOS (ESP8266 RTOS via Arduino)","xtensa-lx106-elf-gcc","xtensa-lx106-elf-gcc (Espressif)","-O2","mlkem-native","v1.2.0 (2507ff79a0acfec6e94a9a83709b5774491fdbb6)","ML-KEM-768","keygen",80,17234000,46112,True,""
"36e093ba-e374-476d-acef-7b7fda155006","04f4ada5-75cd-4cb5-a8b7-821da3b35e82","2026-09-15T10:15:00Z","esp8266_xtensa_lx106_arduino","NATIVE_HARDWARE","xtensa_lx106","ESP8266 Xtensa LX106 80MHz",1,0,"FreeRTOS (ESP8266 RTOS via Arduino)","xtensa-lx106-elf-gcc","xtensa-lx106-elf-gcc (Espressif)","-O2","mlkem-native","v1.2.0 (2507ff79a0acfec6e94a9a83709b5774491fdbb6)","ML-KEM-768","encapsulation",80,20854000,46112,True,""
"36e093ba-e374-476d-acef-7b7fda155006","04f4ada5-75cd-4cb5-a8b7-821da3b35e82","2026-09-15T10:15:00Z","esp8266_xtensa_lx106_arduino","NATIVE_HARDWARE","xtensa_lx106","ESP8266 Xtensa LX106 80MHz",1,0,"FreeRTOS (ESP8266 RTOS via Arduino)","xtensa-lx106-elf-gcc","xtensa-lx106-elf-gcc (Espressif)","-O2","mlkem-native","v1.2.0 (2507ff79a0acfec6e94a9a83709b5774491fdbb6)","ML-KEM-768","decapsulation",80,26117000,46112,True,""
"36e093ba-e374-476d-acef-7b7fda155006","04f4ada5-75cd-4cb5-a8b7-821da3b35e82","2026-09-15T10:15:00Z","esp8266_xtensa_lx106_arduino","NATIVE_HARDWARE","xtensa_lx106","ESP8266 Xtensa LX106 80MHz",1,0,"FreeRTOS (ESP8266 RTOS via Arduino)","xtensa-lx106-elf-gcc","xtensa-lx106-elf-gcc (Espressif)","-O2","mlkem-native","v1.2.0 (2507ff79a0acfec6e94a9a83709b5774491fdbb6)","ML-KEM-768","keygen",81,17232000,46112,True,""
"36e093ba-e374-476d-acef-7b7fda155006","04f4ada5-75cd-4cb5-a8b7-821da3b35e82","2026-09-15T10:15:00Z","esp8266_xtensa_lx106_arduino","NATIVE_HARDWARE","xtensa_lx106","ESP8266 Xtensa LX106 80MHz",1,0,"FreeRTOS (ESP8266 RTOS via Arduino)","xtensa-lx106-elf-gcc","xtensa-lx106-elf-gcc (Espressif)","-O2","mlkem-native","v1.2.0 (2507ff79a0acfec6e94a9a83709b5774491fdbb6)","ML-KEM-768","encapsulation",81,20853000,46112,True,""
"36e093ba-e374-476d-acef-7b7fda155006","04f4ada5-75cd-4cb5-a8b7-821da3b35e82","2026-09-15T10:15:00Z","esp8266_xtensa_lx106_arduino","NATIVE_HARDWARE","xtensa_lx106","ESP8266 Xtensa LX106 80MHz",1,0,"FreeRTOS (ESP8266 RTOS via Arduino)","xtensa-lx106-elf-gcc","xtensa-lx106-elf-gcc (Espressif)","-O2","mlkem-native","v1.2.0 (2507ff79a0acfec6e94a9a83709b5774491fdbb6)","ML-KEM-768","decapsulation",81,26113000,46112,True,""
"36e093ba-e374-476d-acef-7b7fda155006","04f4ada5-75cd-4cb5-a8b7-821da3b35e82","2026-09-15T10:15:00Z","esp8266_xtensa_lx106_arduino","NATIVE_HARDWARE","xtensa_lx106","ESP8266 Xtensa LX106 80MHz",1,0,"FreeRTOS (ESP8266 RTOS via Arduino)","xtensa-lx106-elf-gcc","xtensa-lx106-elf-gcc (Espressif)","-O2","mlkem-native","v1.2.0 (2507ff79a0acfec6e94a9a83709b5774491fdbb6)","ML-KEM-768","keygen",82,17251000,46112,True,""
"36e093ba-e374-476d-acef-7b7fda155006","04f4ada5-75cd-4cb5-a8b7-821da3b35e82","2026-09-15T10:15:00Z","esp8266_xtensa_lx106_arduino","NATIVE_HARDWARE","xtensa_lx106","ESP8266 Xtensa LX106 80MHz",1,0,"FreeRTOS (ESP8266 RTOS via Arduino)","xtensa-lx106-elf-gcc","xtensa-lx106-elf-gcc (Espressif)","-O2","mlkem-native","v1.2.0 (2507ff79a0acfec6e94a9a83709b5774491fdbb6)","ML-KEM-768","encapsulation",82,20870000,46112,True,""
"36e093ba-e374-476d-acef-7b7fda155006","04f4ada5-75cd-4cb5-a8b7-821da3b35e82","2026-09-15T10:15:00Z","esp8266_xtensa_lx106_arduino","NATIVE_HARDWARE","xtensa_lx106","ESP8266 Xtensa LX106 80MHz",1,0,"FreeRTOS (ESP8266 RTOS via Arduino)","xtensa-lx106-elf-gcc","xtensa-lx106-elf-gcc (Espressif)","-O2","mlkem-native","v1.2.0 (2507ff79a0acfec6e94a9a83709b5774491fdbb6)","ML-KEM-768","decapsulation",82,26134000,46112,True,""
"36e093ba-e374-476d-acef-7b7fda155006","04f4ada5-75cd-4cb5-a8b7-821da3b35e82","2026-09-15T10:15:00Z","esp8266_xtensa_lx106_arduino","NATIVE_HARDWARE","xtensa_lx106","ESP8266 Xtensa LX106 80MHz",1,0,"FreeRTOS (ESP8266 RTOS via Arduino)","xtensa-lx106-elf-gcc","xtensa-lx106-elf-gcc (Espressif)","-O2","mlkem-native","v1.2.0 (2507ff79a0acfec6e94a9a83709b5774491fdbb6)","ML-KEM-768","keygen",83,17232000,46112,True,""
"36e093ba-e374-476d-acef-7b7fda155006","04f4ada5-75cd-4cb5-a8b7-821da3b35e82","2026-09-15T10:15:00Z","esp8266_xtensa_lx106_arduino","NATIVE_HARDWARE","xtensa_lx106","ESP8266 Xtensa LX106 80MHz",1,0,"FreeRTOS (ESP8266 RTOS via Arduino)","xtensa-lx106-elf-gcc","xtensa-lx106-elf-gcc (Espressif)","-O2","mlkem-native","v1.2.0 (2507ff79a0acfec6e94a9a83709b5774491fdbb6)","ML-KEM-768","encapsulation",83,20853000,46112,True,""
"36e093ba-e374-476d-acef-7b7fda155006","04f4ada5-75cd-4cb5-a8b7-821da3b35e82","2026-09-15T10:15:00Z","esp8266_xtensa_lx106_arduino","NATIVE_HARDWARE","xtensa_lx106","ESP8266 Xtensa LX106 80MHz",1,0,"FreeRTOS (ESP8266 RTOS via Arduino)","xtensa-lx106-elf-gcc","xtensa-lx106-elf-gcc (Espressif)","-O2","mlkem-native","v1.2.0 (2507ff79a0acfec6e94a9a83709b5774491fdbb6)","ML-KEM-768","decapsulation",83,26116000,46112,True,""
"36e093ba-e374-476d-acef-7b7fda155006","04f4ada5-75cd-4cb5-a8b7-821da3b35e82","2026-09-15T10:15:00Z","esp8266_xtensa_lx106_arduino","NATIVE_HARDWARE","xtensa_lx106","ESP8266 Xtensa LX106 80MHz",1,0,"FreeRTOS (ESP8266 RTOS via Arduino)","xtensa-lx106-elf-gcc","xtensa-lx106-elf-gcc (Espressif)","-O2","mlkem-native","v1.2.0 (2507ff79a0acfec6e94a9a83709b5774491fdbb6)","ML-KEM-768","keygen",84,17240000,46112,True,""
"36e093ba-e374-476d-acef-7b7fda155006","04f4ada5-75cd-4cb5-a8b7-821da3b35e82","2026-09-15T10:15:00Z","esp8266_xtensa_lx106_arduino","NATIVE_HARDWARE","xtensa_lx106","ESP8266 Xtensa LX106 80MHz",1,0,"FreeRTOS (ESP8266 RTOS via Arduino)","xtensa-lx106-elf-gcc","xtensa-lx106-elf-gcc (Espressif)","-O2","mlkem-native","v1.2.0 (2507ff79a0acfec6e94a9a83709b5774491fdbb6)","ML-KEM-768","encapsulation",84,20860000,46112,True,""
"36e093ba-e374-476d-acef-7b7fda155006","04f4ada5-75cd-4cb5-a8b7-821da3b35e82","2026-09-15T10:15:00Z","esp8266_xtensa_lx106_arduino","NATIVE_HARDWARE","xtensa_lx106","ESP8266 Xtensa LX106 80MHz",1,0,"FreeRTOS (ESP8266 RTOS via Arduino)","xtensa-lx106-elf-gcc","xtensa-lx106-elf-gcc (Espressif)","-O2","mlkem-native","v1.2.0 (2507ff79a0acfec6e94a9a83709b5774491fdbb6)","ML-KEM-768","decapsulation",84,26119000,46112,True,""
"36e093ba-e374-476d-acef-7b7fda155006","04f4ada5-75cd-4cb5-a8b7-821da3b35e82","2026-09-15T10:15:00Z","esp8266_xtensa_lx106_arduino","NATIVE_HARDWARE","xtensa_lx106","ESP8266 Xtensa LX106 80MHz",1,0,"FreeRTOS (ESP8266 RTOS via Arduino)","xtensa-lx106-elf-gcc","xtensa-lx106-elf-gcc (Espressif)","-O2","mlkem-native","v1.2.0 (2507ff79a0acfec6e94a9a83709b5774491fdbb6)","ML-KEM-768","keygen",85,17239000,46112,True,""
"36e093ba-e374-476d-acef-7b7fda155006","04f4ada5-75cd-4cb5-a8b7-821da3b35e82","2026-09-15T10:15:00Z","esp8266_xtensa_lx106_arduino","NATIVE_HARDWARE","xtensa_lx106","ESP8266 Xtensa LX106 80MHz",1,0,"FreeRTOS (ESP8266 RTOS via Arduino)","xtensa-lx106-elf-gcc","xtensa-lx106-elf-gcc (Espressif)","-O2","mlkem-native","v1.2.0 (2507ff79a0acfec6e94a9a83709b5774491fdbb6)","ML-KEM-768","encapsulation",85,20848000,46112,True,""
"36e093ba-e374-476d-acef-7b7fda155006","04f4ada5-75cd-4cb5-a8b7-821da3b35e82","2026-09-15T10:15:00Z","esp8266_xtensa_lx106_arduino","NATIVE_HARDWARE","xtensa_lx106","ESP8266 Xtensa LX106 80MHz",1,0,"FreeRTOS (ESP8266 RTOS via Arduino)","xtensa-lx106-elf-gcc","xtensa-lx106-elf-gcc (Espressif)","-O2","mlkem-native","v1.2.0 (2507ff79a0acfec6e94a9a83709b5774491fdbb6)","ML-KEM-768","decapsulation",85,26114000,46112,True,""
"36e093ba-e374-476d-acef-7b7fda155006","04f4ada5-75cd-4cb5-a8b7-821da3b35e82","2026-09-15T10:15:00Z","esp8266_xtensa_lx106_arduino","NATIVE_HARDWARE","xtensa_lx106","ESP8266 Xtensa LX106 80MHz",1,0,"FreeRTOS (ESP8266 RTOS via Arduino)","xtensa-lx106-elf-gcc","xtensa-lx106-elf-gcc (Espressif)","-O2","mlkem-native","v1.2.0 (2507ff79a0acfec6e94a9a83709b5774491fdbb6)","ML-KEM-768","keygen",86,17233000,46112,True,""
"36e093ba-e374-476d-acef-7b7fda155006","04f4ada5-75cd-4cb5-a8b7-821da3b35e82","2026-09-15T10:15:00Z","esp8266_xtensa_lx106_arduino","NATIVE_HARDWARE","xtensa_lx106","ESP8266 Xtensa LX106 80MHz",1,0,"FreeRTOS (ESP8266 RTOS via Arduino)","xtensa-lx106-elf-gcc","xtensa-lx106-elf-gcc (Espressif)","-O2","mlkem-native","v1.2.0 (2507ff79a0acfec6e94a9a83709b5774491fdbb6)","ML-KEM-768","encapsulation",86,20857000,46112,True,""
"36e093ba-e374-476d-acef-7b7fda155006","04f4ada5-75cd-4cb5-a8b7-821da3b35e82","2026-09-15T10:15:00Z","esp8266_xtensa_lx106_arduino","NATIVE_HARDWARE","xtensa_lx106","ESP8266 Xtensa LX106 80MHz",1,0,"FreeRTOS (ESP8266 RTOS via Arduino)","xtensa-lx106-elf-gcc","xtensa-lx106-elf-gcc (Espressif)","-O2","mlkem-native","v1.2.0 (2507ff79a0acfec6e94a9a83709b5774491fdbb6)","ML-KEM-768","decapsulation",86,26122000,46112,True,""
"36e093ba-e374-476d-acef-7b7fda155006","04f4ada5-75cd-4cb5-a8b7-821da3b35e82","2026-09-15T10:15:00Z","esp8266_xtensa_lx106_arduino","NATIVE_HARDWARE","xtensa_lx106","ESP8266 Xtensa LX106 80MHz",1,0,"FreeRTOS (ESP8266 RTOS via Arduino)","xtensa-lx106-elf-gcc","xtensa-lx106-elf-gcc (Espressif)","-O2","mlkem-native","v1.2.0 (2507ff79a0acfec6e94a9a83709b5774491fdbb6)","ML-KEM-768","keygen",87,17236000,46112,True,""
"36e093ba-e374-476d-acef-7b7fda155006","04f4ada5-75cd-4cb5-a8b7-821da3b35e82","2026-09-15T10:15:00Z","esp8266_xtensa_lx106_arduino","NATIVE_HARDWARE","xtensa_lx106","ESP8266 Xtensa LX106 80MHz",1,0,"FreeRTOS (ESP8266 RTOS via Arduino)","xtensa-lx106-elf-gcc","xtensa-lx106-elf-gcc (Espressif)","-O2","mlkem-native","v1.2.0 (2507ff79a0acfec6e94a9a83709b5774491fdbb6)","ML-KEM-768","encapsulation",87,20857000,46112,True,""
"36e093ba-e374-476d-acef-7b7fda155006","04f4ada5-75cd-4cb5-a8b7-821da3b35e82","2026-09-15T10:15:00Z","esp8266_xtensa_lx106_arduino","NATIVE_HARDWARE","xtensa_lx106","ESP8266 Xtensa LX106 80MHz",1,0,"FreeRTOS (ESP8266 RTOS via Arduino)","xtensa-lx106-elf-gcc","xtensa-lx106-elf-gcc (Espressif)","-O2","mlkem-native","v1.2.0 (2507ff79a0acfec6e94a9a83709b5774491fdbb6)","ML-KEM-768","decapsulation",87,26116000,46112,True,""
"36e093ba-e374-476d-acef-7b7fda155006","04f4ada5-75cd-4cb5-a8b7-821da3b35e82","2026-09-15T10:15:00Z","esp8266_xtensa_lx106_arduino","NATIVE_HARDWARE","xtensa_lx106","ESP8266 Xtensa LX106 80MHz",1,0,"FreeRTOS (ESP8266 RTOS via Arduino)","xtensa-lx106-elf-gcc","xtensa-lx106-elf-gcc (Espressif)","-O2","mlkem-native","v1.2.0 (2507ff79a0acfec6e94a9a83709b5774491fdbb6)","ML-KEM-768","keygen",88,17245000,46112,True,""
"36e093ba-e374-476d-acef-7b7fda155006","04f4ada5-75cd-4cb5-a8b7-821da3b35e82","2026-09-15T10:15:00Z","esp8266_xtensa_lx106_arduino","NATIVE_HARDWARE","xtensa_lx106","ESP8266 Xtensa LX106 80MHz",1,0,"FreeRTOS (ESP8266 RTOS via Arduino)","xtensa-lx106-elf-gcc","xtensa-lx106-elf-gcc (Espressif)","-O2","mlkem-native","v1.2.0 (2507ff79a0acfec6e94a9a83709b5774491fdbb6)","ML-KEM-768","encapsulation",88,20863000,46112,True,""
"36e093ba-e374-476d-acef-7b7fda155006","04f4ada5-75cd-4cb5-a8b7-821da3b35e82","2026-09-15T10:15:00Z","esp8266_xtensa_lx106_arduino","NATIVE_HARDWARE","xtensa_lx106","ESP8266 Xtensa LX106 80MHz",1,0,"FreeRTOS (ESP8266 RTOS via Arduino)","xtensa-lx106-elf-gcc","xtensa-lx106-elf-gcc (Espressif)","-O2","mlkem-native","v1.2.0 (2507ff79a0acfec6e94a9a83709b5774491fdbb6)","ML-KEM-768","decapsulation",88,26130000,46112,True,""
"36e093ba-e374-476d-acef-7b7fda155006","04f4ada5-75cd-4cb5-a8b7-821da3b35e82","2026-09-15T10:15:00Z","esp8266_xtensa_lx106_arduino","NATIVE_HARDWARE","xtensa_lx106","ESP8266 Xtensa LX106 80MHz",1,0,"FreeRTOS (ESP8266 RTOS via Arduino)","xtensa-lx106-elf-gcc","xtensa-lx106-elf-gcc (Espressif)","-O2","mlkem-native","v1.2.0 (2507ff79a0acfec6e94a9a83709b5774491fdbb6)","ML-KEM-768","keygen",89,17238000,46112,True,""
"36e093ba-e374-476d-acef-7b7fda155006","04f4ada5-75cd-4cb5-a8b7-821da3b35e82","2026-09-15T10:15:00Z","esp8266_xtensa_lx106_arduino","NATIVE_HARDWARE","xtensa_lx106","ESP8266 Xtensa LX106 80MHz",1,0,"FreeRTOS (ESP8266 RTOS via Arduino)","xtensa-lx106-elf-gcc","xtensa-lx106-elf-gcc (Espressif)","-O2","mlkem-native","v1.2.0 (2507ff79a0acfec6e94a9a83709b5774491fdbb6)","ML-KEM-768","encapsulation",89,20853000,46112,True,""
"36e093ba-e374-476d-acef-7b7fda155006","04f4ada5-75cd-4cb5-a8b7-821da3b35e82","2026-09-15T10:15:00Z","esp8266_xtensa_lx106_arduino","NATIVE_HARDWARE","xtensa_lx106","ESP8266 Xtensa LX106 80MHz",1,0,"FreeRTOS (ESP8266 RTOS via Arduino)","xtensa-lx106-elf-gcc","xtensa-lx106-elf-gcc (Espressif)","-O2","mlkem-native","v1.2.0 (2507ff79a0acfec6e94a9a83709b5774491fdbb6)","ML-KEM-768","decapsulation",89,26118000,46112,True,""
"36e093ba-e374-476d-acef-7b7fda155006","04f4ada5-75cd-4cb5-a8b7-821da3b35e82","2026-09-15T10:15:00Z","esp8266_xtensa_lx106_arduino","NATIVE_HARDWARE","xtensa_lx106","ESP8266 Xtensa LX106 80MHz",1,0,"FreeRTOS (ESP8266 RTOS via Arduino)","xtensa-lx106-elf-gcc","xtensa-lx106-elf-gcc (Espressif)","-O2","mlkem-native","v1.2.0 (2507ff79a0acfec6e94a9a83709b5774491fdbb6)","ML-KEM-768","keygen",90,17236000,46112,True,""
"36e093ba-e374-476d-acef-7b7fda155006","04f4ada5-75cd-4cb5-a8b7-821da3b35e82","2026-09-15T10:15:00Z","esp8266_xtensa_lx106_arduino","NATIVE_HARDWARE","xtensa_lx106","ESP8266 Xtensa LX106 80MHz",1,0,"FreeRTOS (ESP8266 RTOS via Arduino)","xtensa-lx106-elf-gcc","xtensa-lx106-elf-gcc (Espressif)","-O2","mlkem-native","v1.2.0 (2507ff79a0acfec6e94a9a83709b5774491fdbb6)","ML-KEM-768","encapsulation",90,20855000,46112,True,""
"36e093ba-e374-476d-acef-7b7fda155006","04f4ada5-75cd-4cb5-a8b7-821da3b35e82","2026-09-15T10:15:00Z","esp8266_xtensa_lx106_arduino","NATIVE_HARDWARE","xtensa_lx106","ESP8266 Xtensa LX106 80MHz",1,0,"FreeRTOS (ESP8266 RTOS via Arduino)","xtensa-lx106-elf-gcc","xtensa-lx106-elf-gcc (Espressif)","-O2","mlkem-native","v1.2.0 (2507ff79a0acfec6e94a9a83709b5774491fdbb6)","ML-KEM-768","decapsulation",90,26119000,46112,True,""
