experiment_id,run_id,timestamp,environment,measurement_type,architecture,processor,cpu_cores,ram_mb,os,compiler,compiler_version,optimization_flags,implementation,implementation_version,mlkem_variant,operation,iteration,execution_time_ns,memory_bytes,success,error_message
"875ca5ea-007b-4c63-b7b4-e87be33991fc","3674419e-6966-4e4b-b8c7-e9f57f7323b8","2026-09-15T10:15:00Z","esp8266_xtensa_lx106_arduino","NATIVE_HARDWARE","xtensa_lx106","ESP8266 Xtensa LX106 80MHz",1,0,"FreeRTOS (ESP8266 RTOS via Arduino)","xtensa-lx106-elf-gcc","xtensa-lx106-elf-gcc (Espressif)","-O2","mlkem-native","v1.2.0 (2507ff79a0acfec6e94a9a83709b5774491fdbb6)","ML-KEM-512","keygen",1,11749000,47584,True,""
"875ca5ea-007b-4c63-b7b4-e87be33991fc","3674419e-6966-4e4b-b8c7-e9f57f7323b8","2026-09-15T10:15:00Z","esp8266_xtensa_lx106_arduino","NATIVE_HARDWARE","xtensa_lx106","ESP8266 Xtensa LX106 80MHz",1,0,"FreeRTOS (ESP8266 RTOS via Arduino)","xtensa-lx106-elf-gcc","xtensa-lx106-elf-gcc (Espressif)","-O2","mlkem-native","v1.2.0 (2507ff79a0acfec6e94a9a83709b5774491fdbb6)","ML-KEM-512","encapsulation",1,13581000,47584,True,""
"875ca5ea-007b-4c63-b7b4-e87be33991fc","3674419e-6966-4e4b-b8c7-e9f57f7323b8","2026-09-15T10:15:00Z","esp8266_xtensa_lx106_arduino","NATIVE_HARDWARE","xtensa_lx106","ESP8266 Xtensa LX106 80MHz",1,0,"FreeRTOS (ESP8266 RTOS via Arduino)","xtensa-lx106-elf-gcc","xtensa-lx106-elf-gcc (Espressif)","-O2","mlkem-native","v1.2.0 (2507ff79a0acfec6e94a9a83709b5774491fdbb6)","ML-KEM-512","decapsulation",1,17241000,47584,True,""
"875ca5ea-007b-4c63-b7b4-e87be33991fc","3674419e-6966-4e4b-b8c7-e9f57f7323b8","2026-09-15T10:15:00Z","esp8266_xtensa_lx106_arduino","NATIVE_HARDWARE","xtensa_lx106","ESP8266 Xtensa LX106 80MHz",1,0,"FreeRTOS (ESP8266 RTOS via Arduino)","xtensa-lx106-elf-gcc","xtensa-lx106-elf-gcc (Espressif)","-O2","mlkem-native","v1.2.0 (2507ff79a0acfec6e94a9a83709b5774491fdbb6)","ML-KEM-512","keygen",2,10665000,47584,True,""
"875ca5ea-007b-4c63-b7b4-e87be33991fc","3674419e-6966-4e4b-b8c7-e9f57f7323b8","2026-09-15T10:15:00Z","esp8266_xtensa_lx106_arduino","NATIVE_HARDWARE","xtensa_lx106","ESP8266 Xtensa LX106 80MHz",1,0,"FreeRTOS (ESP8266 RTOS via Arduino)","xtensa-lx106-elf-gcc","xtensa-lx106-elf-gcc (Espressif)","-O2","mlkem-native","v1.2.0 (2507ff79a0acfec6e94a9a83709b5774491fdbb6)","ML-KEM-512","encapsulation",2,13216000,47584,True,""
"875ca5ea-007b-4c63-b7b4-e87be33991fc","3674419e-6966-4e4b-b8c7-e9f57f7323b8","2026-09-15T10:15:00Z","esp8266_xtensa_lx106_arduino","NATIVE_HARDWARE","xtensa_lx106","ESP8266 Xtensa LX106 80MHz",1,0,"FreeRTOS (ESP8266 RTOS via Arduino)","xtensa-lx106-elf-gcc","xtensa-lx106-elf-gcc (Espressif)","-O2","mlkem-native","v1.2.0 (2507ff79a0acfec6e94a9a83709b5774491fdbb6)","ML-KEM-512","decapsulation",2,17149000,47584,True,""
"875ca5ea-007b-4c63-b7b4-e87be33991fc","3674419e-6966-4e4b-b8c7-e9f57f7323b8","2026-09-15T10:15:00Z","esp8266_xtensa_lx106_arduino","NATIVE_HARDWARE","xtensa_lx106","ESP8266 Xtensa LX106 80MHz",1,0,"FreeRTOS (ESP8266 RTOS via Arduino)","xtensa-lx106-elf-gcc","xtensa-lx106-elf-gcc (Espressif)","-O2","mlkem-native","v1.2.0 (2507ff79a0acfec6e94a9a83709b5774491fdbb6)","ML-KEM-512","keygen",3,10663000,47584,True,""
"875ca5ea-007b-4c63-b7b4-e87be33991fc","3674419e-6966-4e4b-b8c7-e9f57f7323b8","2026-09-15T10:15:00Z","esp8266_xtensa_lx106_arduino","NATIVE_HARDWARE","xtensa_lx106","ESP8266 Xtensa LX106 80MHz",1,0,"FreeRTOS (ESP8266 RTOS via Arduino)","xtensa-lx106-elf-gcc","xtensa-lx106-elf-gcc (Espressif)","-O2","mlkem-native","v1.2.0 (2507ff79a0acfec6e94a9a83709b5774491fdbb6)","ML-KEM-512","encapsulation",3,13213000,47584,True,""
"875ca5ea-007b-4c63-b7b4-e87be33991fc","3674419e-6966-4e4b-b8c7-e9f57f7323b8","2026-09-15T10:15:00Z","esp8266_xtensa_lx106_arduino","NATIVE_HARDWARE","xtensa_lx106","ESP8266 Xtensa LX106 80MHz",1,0,"FreeRTOS (ESP8266 RTOS via Arduino)","xtensa-lx106-elf-gcc","xtensa-lx106-elf-gcc (Espressif)","-O2","mlkem-native","v1.2.0 (2507ff79a0acfec6e94a9a83709b5774491fdbb6)","ML-KEM-512","decapsulation",3,17147000,47584,True,""
"875ca5ea-007b-4c63-b7b4-e87be33991fc","3674419e-6966-4e4b-b8c7-e9f57f7323b8","2026-09-15T10:15:00Z","esp8266_xtensa_lx106_arduino","NATIVE_HARDWARE","xtensa_lx106","ESP8266 Xtensa LX106 80MHz",1,0,"FreeRTOS (ESP8266 RTOS via Arduino)","xtensa-lx106-elf-gcc","xtensa-lx106-elf-gcc (Espressif)","-O2","mlkem-native","v1.2.0 (2507ff79a0acfec6e94a9a83709b5774491fdbb6)","ML-KEM-512","keygen",4,10665000,47584,True,""
"875ca5ea-007b-4c63-b7b4-e87be33991fc","3674419e-6966-4e4b-b8c7-e9f57f7323b8","2026-09-15T10:15:00Z","esp8266_xtensa_lx106_arduino","NATIVE_HARDWARE","xtensa_lx106","ESP8266 Xtensa LX106 80MHz",1,0,"FreeRTOS (ESP8266 RTOS via Arduino)","xtensa-lx106-elf-gcc","xtensa-lx106-elf-gcc (Espressif)","-O2","mlkem-native","v1.2.0 (2507ff79a0acfec6e94a9a83709b5774491fdbb6)","ML-KEM-512","encapsulation",4,13220000,47584,True,""
"875ca5ea-007b-4c63-b7b4-e87be33991fc","3674419e-6966-4e4b-b8c7-e9f57f7323b8","2026-09-15T10:15:00Z","esp8266_xtensa_lx106_arduino","NATIVE_HARDWARE","xtensa_lx106","ESP8266 Xtensa LX106 80MHz",1,0,"FreeRTOS (ESP8266 RTOS via Arduino)","xtensa-lx106-elf-gcc","xtensa-lx106-elf-gcc (Espressif)","-O2","mlkem-native","v1.2.0 (2507ff79a0acfec6e94a9a83709b5774491fdbb6)","ML-KEM-512","decapsulation",4,17153000,47584,True,""
"875ca5ea-007b-4c63-b7b4-e87be33991fc","3674419e-6966-4e4b-b8c7-e9f57f7323b8","2026-09-15T10:15:00Z","esp8266_xtensa_lx106_arduino","NATIVE_HARDWARE","xtensa_lx106","ESP8266 Xtensa LX106 80MHz",1,0,"FreeRTOS (ESP8266 RTOS via Arduino)","xtensa-lx106-elf-gcc","xtensa-lx106-elf-gcc (Espressif)","-O2","mlkem-native","v1.2.0 (2507ff79a0acfec6e94a9a83709b5774491fdbb6)","ML-KEM-512","keygen",5,10657000,47584,True,""
"875ca5ea-007b-4c63-b7b4-e87be33991fc","3674419e-6966-4e4b-b8c7-e9f57f7323b8","2026-09-15T10:15:00Z","esp8266_xtensa_lx106_arduino","NATIVE_HARDWARE","xtensa_lx106","ESP8266 Xtensa LX106 80MHz",1,0,"FreeRTOS (ESP8266 RTOS via Arduino)","xtensa-lx106-elf-gcc","xtensa-lx106-elf-gcc (Espressif)","-O2","mlkem-native","v1.2.0 (2507ff79a0acfec6e94a9a83709b5774491fdbb6)","ML-KEM-512","encapsulation",5,13216000,47584,True,""
"875ca5ea-007b-4c63-b7b4-e87be33991fc","3674419e-6966-4e4b-b8c7-e9f57f7323b8","2026-09-15T10:15:00Z","esp8266_xtensa_lx106_arduino","NATIVE_HARDWARE","xtensa_lx106","ESP8266 Xtensa LX106 80MHz",1,0,"FreeRTOS (ESP8266 RTOS via Arduino)","xtensa-lx106-elf-gcc","xtensa-lx106-elf-gcc (Espressif)","-O2","mlkem-native","v1.2.0 (2507ff79a0acfec6e94a9a83709b5774491fdbb6)","ML-KEM-512","decapsulation",5,17149000,47584,True,""
"875ca5ea-007b-4c63-b7b4-e87be33991fc","3674419e-6966-4e4b-b8c7-e9f57f7323b8","2026-09-15T10:15:00Z","esp8266_xtensa_lx106_arduino","NATIVE_HARDWARE","xtensa_lx106","ESP8266 Xtensa LX106 80MHz",1,0,"FreeRTOS (ESP8266 RTOS via Arduino)","xtensa-lx106-elf-gcc","xtensa-lx106-elf-gcc (Espressif)","-O2","mlkem-native","v1.2.0 (2507ff79a0acfec6e94a9a83709b5774491fdbb6)","ML-KEM-512","keygen",6,10659000,47584,True,""
"875ca5ea-007b-4c63-b7b4-e87be33991fc","3674419e-6966-4e4b-b8c7-e9f57f7323b8","2026-09-15T10:15:00Z","esp8266_xtensa_lx106_arduino","NATIVE_HARDWARE","xtensa_lx106","ESP8266 Xtensa LX106 80MHz",1,0,"FreeRTOS (ESP8266 RTOS via Arduino)","xtensa-lx106-elf-gcc","xtensa-lx106-elf-gcc (Espressif)","-O2","mlkem-native","v1.2.0 (2507ff79a0acfec6e94a9a83709b5774491fdbb6)","ML-KEM-512","encapsulation",6,13214000,47584,True,""
"875ca5ea-007b-4c63-b7b4-e87be33991fc","3674419e-6966-4e4b-b8c7-e9f57f7323b8","2026-09-15T10:15:00Z","esp8266_xtensa_lx106_arduino","NATIVE_HARDWARE","xtensa_lx106","ESP8266 Xtensa LX106 80MHz",1,0,"FreeRTOS (ESP8266 RTOS via Arduino)","xtensa-lx106-elf-gcc","xtensa-lx106-elf-gcc (Espressif)","-O2","mlkem-native","v1.2.0 (2507ff79a0acfec6e94a9a83709b5774491fdbb6)","ML-KEM-512","decapsulation",6,17147000,47584,True,""
"875ca5ea-007b-4c63-b7b4-e87be33991fc","3674419e-6966-4e4b-b8c7-e9f57f7323b8","2026-09-15T10:15:00Z","esp8266_xtensa_lx106_arduino","NATIVE_HARDWARE","xtensa_lx106","ESP8266 Xtensa LX106 80MHz",1,0,"FreeRTOS (ESP8266 RTOS via Arduino)","xtensa-lx106-elf-gcc","xtensa-lx106-elf-gcc (Espressif)","-O2","mlkem-native","v1.2.0 (2507ff79a0acfec6e94a9a83709b5774491fdbb6)","ML-KEM-512","keygen",7,10659000,47584,True,""
"875ca5ea-007b-4c63-b7b4-e87be33991fc","3674419e-6966-4e4b-b8c7-e9f57f7323b8","2026-09-15T10:15:00Z","esp8266_xtensa_lx106_arduino","NATIVE_HARDWARE","xtensa_lx106","ESP8266 Xtensa LX106 80MHz",1,0,"FreeRTOS (ESP8266 RTOS via Arduino)","xtensa-lx106-elf-gcc","xtensa-lx106-elf-gcc (Espressif)","-O2","mlkem-native","v1.2.0 (2507ff79a0acfec6e94a9a83709b5774491fdbb6)","ML-KEM-512","encapsulation",7,13215000,47584,True,""
"875ca5ea-007b-4c63-b7b4-e87be33991fc","3674419e-6966-4e4b-b8c7-e9f57f7323b8","2026-09-15T10:15:00Z","esp8266_xtensa_lx106_arduino","NATIVE_HARDWARE","xtensa_lx106","ESP8266 Xtensa LX106 80MHz",1,0,"FreeRTOS (ESP8266 RTOS via Arduino)","xtensa-lx106-elf-gcc","xtensa-lx106-elf-gcc (Espressif)","-O2","mlkem-native","v1.2.0 (2507ff79a0acfec6e94a9a83709b5774491fdbb6)","ML-KEM-512","decapsulation",7,17148000,47584,True,""
"875ca5ea-007b-4c63-b7b4-e87be33991fc","3674419e-6966-4e4b-b8c7-e9f57f7323b8","2026-09-15T10:15:00Z","esp8266_xtensa_lx106_arduino","NATIVE_HARDWARE","xtensa_lx106","ESP8266 Xtensa LX106 80MHz",1,0,"FreeRTOS (ESP8266 RTOS via Arduino)","xtensa-lx106-elf-gcc","xtensa-lx106-elf-gcc (Espressif)","-O2","mlkem-native","v1.2.0 (2507ff79a0acfec6e94a9a83709b5774491fdbb6)","ML-KEM-512","keygen",8,10660000,47584,True,""
"875ca5ea-007b-4c63-b7b4-e87be33991fc","3674419e-6966-4e4b-b8c7-e9f57f7323b8","2026-09-15T10:15:00Z","esp8266_xtensa_lx106_arduino","NATIVE_HARDWARE","xtensa_lx106","ESP8266 Xtensa LX106 80MHz",1,0,"FreeRTOS (ESP8266 RTOS via Arduino)","xtensa-lx106-elf-gcc","xtensa-lx106-elf-gcc (Espressif)","-O2","mlkem-native","v1.2.0 (2507ff79a0acfec6e94a9a83709b5774491fdbb6)","ML-KEM-512","encapsulation",8,13215000,47584,True,""
"875ca5ea-007b-4c63-b7b4-e87be33991fc","3674419e-6966-4e4b-b8c7-e9f57f7323b8","2026-09-15T10:15:00Z","esp8266_xtensa_lx106_arduino","NATIVE_HARDWARE","xtensa_lx106","ESP8266 Xtensa LX106 80MHz",1,0,"FreeRTOS (ESP8266 RTOS via Arduino)","xtensa-lx106-elf-gcc","xtensa-lx106-elf-gcc (Espressif)","-O2","mlkem-native","v1.2.0 (2507ff79a0acfec6e94a9a83709b5774491fdbb6)","ML-KEM-512","decapsulation",8,17148000,47584,True,""
"875ca5ea-007b-4c63-b7b4-e87be33991fc","3674419e-6966-4e4b-b8c7-e9f57f7323b8","2026-09-15T10:15:00Z","esp8266_xtensa_lx106_arduino","NATIVE_HARDWARE","xtensa_lx106","ESP8266 Xtensa LX106 80MHz",1,0,"FreeRTOS (ESP8266 RTOS via Arduino)","xtensa-lx106-elf-gcc","xtensa-lx106-elf-gcc (Espressif)","-O2","mlkem-native","v1.2.0 (2507ff79a0acfec6e94a9a83709b5774491fdbb6)","ML-KEM-512","keygen",9,10661000,47584,True,""
"875ca5ea-007b-4c63-b7b4-e87be33991fc","3674419e-6966-4e4b-b8c7-e9f57f7323b8","2026-09-15T10:15:00Z","esp8266_xtensa_lx106_arduino","NATIVE_HARDWARE","xtensa_lx106","ESP8266 Xtensa LX106 80MHz",1,0,"FreeRTOS (ESP8266 RTOS via Arduino)","xtensa-lx106-elf-gcc","xtensa-lx106-elf-gcc (Espressif)","-O2","mlkem-native","v1.2.0 (2507ff79a0acfec6e94a9a83709b5774491fdbb6)","ML-KEM-512","encapsulation",9,13218000,47584,True,""
"875ca5ea-007b-4c63-b7b4-e87be33991fc","3674419e-6966-4e4b-b8c7-e9f57f7323b8","2026-09-15T10:15:00Z","esp8266_xtensa_lx106_arduino","NATIVE_HARDWARE","xtensa_lx106","ESP8266 Xtensa LX106 80MHz",1,0,"FreeRTOS (ESP8266 RTOS via Arduino)","xtensa-lx106-elf-gcc","xtensa-lx106-elf-gcc (Espressif)","-O2","mlkem-native","v1.2.0 (2507ff79a0acfec6e94a9a83709b5774491fdbb6)","ML-KEM-512","decapsulation",9,17151000,47584,True,""
"875ca5ea-007b-4c63-b7b4-e87be33991fc","3674419e-6966-4e4b-b8c7-e9f57f7323b8","2026-09-15T10:15:00Z","esp8266_xtensa_lx106_arduino","NATIVE_HARDWARE","xtensa_lx106","ESP8266 Xtensa LX106 80MHz",1,0,"FreeRTOS (ESP8266 RTOS via Arduino)","xtensa-lx106-elf-gcc","xtensa-lx106-elf-gcc (Espressif)","-O2","mlkem-native","v1.2.0 (2507ff79a0acfec6e94a9a83709b5774491fdbb6)","ML-KEM-512","keygen",10,10660000,47584,True,""
"875ca5ea-007b-4c63-b7b4-e87be33991fc","3674419e-6966-4e4b-b8c7-e9f57f7323b8","2026-09-15T10:15:00Z","esp8266_xtensa_lx106_arduino","NATIVE_HARDWARE","xtensa_lx106","ESP8266 Xtensa LX106 80MHz",1,0,"FreeRTOS (ESP8266 RTOS via Arduino)","xtensa-lx106-elf-gcc","xtensa-lx106-elf-gcc (Espressif)","-O2","mlkem-native","v1.2.0 (2507ff79a0acfec6e94a9a83709b5774491fdbb6)","ML-KEM-512","encapsulation",10,13214000,47584,True,""
"875ca5ea-007b-4c63-b7b4-e87be33991fc","3674419e-6966-4e4b-b8c7-e9f57f7323b8","2026-09-15T10:15:00Z","esp8266_xtensa_lx106_arduino","NATIVE_HARDWARE","xtensa_lx106","ESP8266 Xtensa LX106 80MHz",1,0,"FreeRTOS (ESP8266 RTOS via Arduino)","xtensa-lx106-elf-gcc","xtensa-lx106-elf-gcc (Espressif)","-O2","mlkem-native","v1.2.0 (2507ff79a0acfec6e94a9a83709b5774491fdbb6)","ML-KEM-512","decapsulation",10,17146000,47584,True,""
"875ca5ea-007b-4c63-b7b4-e87be33991fc","3674419e-6966-4e4b-b8c7-e9f57f7323b8","2026-09-15T10:15:00Z","esp8266_xtensa_lx106_arduino","NATIVE_HARDWARE","xtensa_lx106","ESP8266 Xtensa LX106 80MHz",1,0,"FreeRTOS (ESP8266 RTOS via Arduino)","xtensa-lx106-elf-gcc","xtensa-lx106-elf-gcc (Espressif)","-O2","mlkem-native","v1.2.0 (2507ff79a0acfec6e94a9a83709b5774491fdbb6)","ML-KEM-512","keygen",11,10664000,47584,True,""
"875ca5ea-007b-4c63-b7b4-e87be33991fc","3674419e-6966-4e4b-b8c7-e9f57f7323b8","2026-09-15T10:15:00Z","esp8266_xtensa_lx106_arduino","NATIVE_HARDWARE","xtensa_lx106","ESP8266 Xtensa LX106 80MHz",1,0,"FreeRTOS (ESP8266 RTOS via Arduino)","xtensa-lx106-elf-gcc","xtensa-lx106-elf-gcc (Espressif)","-O2","mlkem-native","v1.2.0 (2507ff79a0acfec6e94a9a83709b5774491fdbb6)","ML-KEM-512","encapsulation",11,13218000,47584,True,""
"875ca5ea-007b-4c63-b7b4-e87be33991fc","3674419e-6966-4e4b-b8c7-e9f57f7323b8","2026-09-15T10:15:00Z","esp8266_xtensa_lx106_arduino","NATIVE_HARDWARE","xtensa_lx106","ESP8266 Xtensa LX106 80MHz",1,0,"FreeRTOS (ESP8266 RTOS via Arduino)","xtensa-lx106-elf-gcc","xtensa-lx106-elf-gcc (Espressif)","-O2","mlkem-native","v1.2.0 (2507ff79a0acfec6e94a9a83709b5774491fdbb6)","ML-KEM-512","decapsulation",11,17151000,47584,True,""
"875ca5ea-007b-4c63-b7b4-e87be33991fc","3674419e-6966-4e4b-b8c7-e9f57f7323b8","2026-09-15T10:15:00Z","esp8266_xtensa_lx106_arduino","NATIVE_HARDWARE","xtensa_lx106","ESP8266 Xtensa LX106 80MHz",1,0,"FreeRTOS (ESP8266 RTOS via Arduino)","xtensa-lx106-elf-gcc","xtensa-lx106-elf-gcc (Espressif)","-O2","mlkem-native","v1.2.0 (2507ff79a0acfec6e94a9a83709b5774491fdbb6)","ML-KEM-512","keygen",12,10664000,47584,True,""
"875ca5ea-007b-4c63-b7b4-e87be33991fc","3674419e-6966-4e4b-b8c7-e9f57f7323b8","2026-09-15T10:15:00Z","esp8266_xtensa_lx106_arduino","NATIVE_HARDWARE","xtensa_lx106","ESP8266 Xtensa LX106 80MHz",1,0,"FreeRTOS (ESP8266 RTOS via Arduino)","xtensa-lx106-elf-gcc","xtensa-lx106-elf-gcc (Espressif)","-O2","mlkem-native","v1.2.0 (2507ff79a0acfec6e94a9a83709b5774491fdbb6)","ML-KEM-512","encapsulation",12,13217000,47584,True,""
"875ca5ea-007b-4c63-b7b4-e87be33991fc","3674419e-6966-4e4b-b8c7-e9f57f7323b8","2026-09-15T10:15:00Z","esp8266_xtensa_lx106_arduino","NATIVE_HARDWARE","xtensa_lx106","ESP8266 Xtensa LX106 80MHz",1,0,"FreeRTOS (ESP8266 RTOS via Arduino)","xtensa-lx106-elf-gcc","xtensa-lx106-elf-gcc (Espressif)","-O2","mlkem-native","v1.2.0 (2507ff79a0acfec6e94a9a83709b5774491fdbb6)","ML-KEM-512","decapsulation",12,17150000,47584,True,""
"875ca5ea-007b-4c63-b7b4-e87be33991fc","3674419e-6966-4e4b-b8c7-e9f57f7323b8","2026-09-15T10:15:00Z","esp8266_xtensa_lx106_arduino","NATIVE_HARDWARE","xtensa_lx106","ESP8266 Xtensa LX106 80MHz",1,0,"FreeRTOS (ESP8266 RTOS via Arduino)","xtensa-lx106-elf-gcc","xtensa-lx106-elf-gcc (Espressif)","-O2","mlkem-native","v1.2.0 (2507ff79a0acfec6e94a9a83709b5774491fdbb6)","ML-KEM-512","keygen",13,10667000,47584,True,""
"875ca5ea-007b-4c63-b7b4-e87be33991fc","3674419e-6966-4e4b-b8c7-e9f57f7323b8","2026-09-15T10:15:00Z","esp8266_xtensa_lx106_arduino","NATIVE_HARDWARE","xtensa_lx106","ESP8266 Xtensa LX106 80MHz",1,0,"FreeRTOS (ESP8266 RTOS via Arduino)","xtensa-lx106-elf-gcc","xtensa-lx106-elf-gcc (Espressif)","-O2","mlkem-native","v1.2.0 (2507ff79a0acfec6e94a9a83709b5774491fdbb6)","ML-KEM-512","encapsulation",13,13221000,47584,True,""
"875ca5ea-007b-4c63-b7b4-e87be33991fc","3674419e-6966-4e4b-b8c7-e9f57f7323b8","2026-09-15T10:15:00Z","esp8266_xtensa_lx106_arduino","NATIVE_HARDWARE","xtensa_lx106","ESP8266 Xtensa LX106 80MHz",1,0,"FreeRTOS (ESP8266 RTOS via Arduino)","xtensa-lx106-elf-gcc","xtensa-lx106-elf-gcc (Espressif)","-O2","mlkem-native","v1.2.0 (2507ff79a0acfec6e94a9a83709b5774491fdbb6)","ML-KEM-512","decapsulation",13,17153000,47584,True,""
"875ca5ea-007b-4c63-b7b4-e87be33991fc","3674419e-6966-4e4b-b8c7-e9f57f7323b8","2026-09-15T10:15:00Z","esp8266_xtensa_lx106_arduino","NATIVE_HARDWARE","xtensa_lx106","ESP8266 Xtensa LX106 80MHz",1,0,"FreeRTOS (ESP8266 RTOS via Arduino)","xtensa-lx106-elf-gcc","xtensa-lx106-elf-gcc (Espressif)","-O2","mlkem-native","v1.2.0 (2507ff79a0acfec6e94a9a83709b5774491fdbb6)","ML-KEM-512","keygen",14,10656000,47584,True,""
"875ca5ea-007b-4c63-b7b4-e87be33991fc","3674419e-6966-4e4b-b8c7-e9f57f7323b8","2026-09-15T10:15:00Z","esp8266_xtensa_lx106_arduino","NATIVE_HARDWARE","xtensa_lx106","ESP8266 Xtensa LX106 80MHz",1,0,"FreeRTOS (ESP8266 RTOS via Arduino)","xtensa-lx106-elf-gcc","xtensa-lx106-elf-gcc (Espressif)","-O2","mlkem-native","v1.2.0 (2507ff79a0acfec6e94a9a83709b5774491fdbb6)","ML-KEM-512","encapsulation",14,13215000,47584,True,""
"875ca5ea-007b-4c63-b7b4-e87be33991fc","3674419e-6966-4e4b-b8c7-e9f57f7323b8","2026-09-15T10:15:00Z","esp8266_xtensa_lx106_arduino","NATIVE_HARDWARE","xtensa_lx106","ESP8266 Xtensa LX106 80MHz",1,0,"FreeRTOS (ESP8266 RTOS via Arduino)","xtensa-lx106-elf-gcc","xtensa-lx106-elf-gcc (Espressif)","-O2","mlkem-native","v1.2.0 (2507ff79a0acfec6e94a9a83709b5774491fdbb6)","ML-KEM-512","decapsulation",14,17148000,47584,True,""
"875ca5ea-007b-4c63-b7b4-e87be33991fc","3674419e-6966-4e4b-b8c7-e9f57f7323b8","2026-09-15T10:15:00Z","esp8266_xtensa_lx106_arduino","NATIVE_HARDWARE","xtensa_lx106","ESP8266 Xtensa LX106 80MHz",1,0,"FreeRTOS (ESP8266 RTOS via Arduino)","xtensa-lx106-elf-gcc","xtensa-lx106-elf-gcc (Espressif)","-O2","mlkem-native","v1.2.0 (2507ff79a0acfec6e94a9a83709b5774491fdbb6)","ML-KEM-512","keygen",15,10665000,47584,True,""
"875ca5ea-007b-4c63-b7b4-e87be33991fc","3674419e-6966-4e4b-b8c7-e9f57f7323b8","2026-09-15T10:15:00Z","esp8266_xtensa_lx106_arduino","NATIVE_HARDWARE","xtensa_lx106","ESP8266 Xtensa LX106 80MHz",1,0,"FreeRTOS (ESP8266 RTOS via Arduino)","xtensa-lx106-elf-gcc","xtensa-lx106-elf-gcc (Espressif)","-O2","mlkem-native","v1.2.0 (2507ff79a0acfec6e94a9a83709b5774491fdbb6)","ML-KEM-512","encapsulation",15,13219000,47584,True,""
"875ca5ea-007b-4c63-b7b4-e87be33991fc","3674419e-6966-4e4b-b8c7-e9f57f7323b8","2026-09-15T10:15:00Z","esp8266_xtensa_lx106_arduino","NATIVE_HARDWARE","xtensa_lx106","ESP8266 Xtensa LX106 80MHz",1,0,"FreeRTOS (ESP8266 RTOS via Arduino)","xtensa-lx106-elf-gcc","xtensa-lx106-elf-gcc (Espressif)","-O2","mlkem-native","v1.2.0 (2507ff79a0acfec6e94a9a83709b5774491fdbb6)","ML-KEM-512","decapsulation",15,17152000,47584,True,""
"875ca5ea-007b-4c63-b7b4-e87be33991fc","3674419e-6966-4e4b-b8c7-e9f57f7323b8","2026-09-15T10:15:00Z","esp8266_xtensa_lx106_arduino","NATIVE_HARDWARE","xtensa_lx106","ESP8266 Xtensa LX106 80MHz",1,0,"FreeRTOS (ESP8266 RTOS via Arduino)","xtensa-lx106-elf-gcc","xtensa-lx106-elf-gcc (Espressif)","-O2","mlkem-native","v1.2.0 (2507ff79a0acfec6e94a9a83709b5774491fdbb6)","ML-KEM-512","keygen",16,10661000,47584,True,""
"875ca5ea-007b-4c63-b7b4-e87be33991fc","3674419e-6966-4e4b-b8c7-e9f57f7323b8","2026-09-15T10:15:00Z","esp8266_xtensa_lx106_arduino","NATIVE_HARDWARE","xtensa_lx106","ESP8266 Xtensa LX106 80MHz",1,0,"FreeRTOS (ESP8266 RTOS via Arduino)","xtensa-lx106-elf-gcc","xtensa-lx106-elf-gcc (Espressif)","-O2","mlkem-native","v1.2.0 (2507ff79a0acfec6e94a9a83709b5774491fdbb6)","ML-KEM-512","encapsulation",16,13213000,47584,True,""
"875ca5ea-007b-4c63-b7b4-e87be33991fc","3674419e-6966-4e4b-b8c7-e9f57f7323b8","2026-09-15T10:15:00Z","esp8266_xtensa_lx106_arduino","NATIVE_HARDWARE","xtensa_lx106","ESP8266 Xtensa LX106 80MHz",1,0,"FreeRTOS (ESP8266 RTOS via Arduino)","xtensa-lx106-elf-gcc","xtensa-lx106-elf-gcc (Espressif)","-O2","mlkem-native","v1.2.0 (2507ff79a0acfec6e94a9a83709b5774491fdbb6)","ML-KEM-512","decapsulation",16,17141000,47584,True,""
"875ca5ea-007b-4c63-b7b4-e87be33991fc","3674419e-6966-4e4b-b8c7-e9f57f7323b8","2026-09-15T10:15:00Z","esp8266_xtensa_lx106_arduino","NATIVE_HARDWARE","xtensa_lx106","ESP8266 Xtensa LX106 80MHz",1,0,"FreeRTOS (ESP8266 RTOS via Arduino)","xtensa-lx106-elf-gcc","xtensa-lx106-elf-gcc (Espressif)","-O2","mlkem-native","v1.2.0 (2507ff79a0acfec6e94a9a83709b5774491fdbb6)","ML-KEM-512","keygen",17,10657000,47584,True,""
"875ca5ea-007b-4c63-b7b4-e87be33991fc","3674419e-6966-4e4b-b8c7-e9f57f7323b8","2026-09-15T10:15:00Z","esp8266_xtensa_lx106_arduino","NATIVE_HARDWARE","xtensa_lx106","ESP8266 Xtensa LX106 80MHz",1,0,"FreeRTOS (ESP8266 RTOS via Arduino)","xtensa-lx106-elf-gcc","xtensa-lx106-elf-gcc (Espressif)","-O2","mlkem-native","v1.2.0 (2507ff79a0acfec6e94a9a83709b5774491fdbb6)","ML-KEM-512","encapsulation",17,13216000,47584,True,""
"875ca5ea-007b-4c63-b7b4-e87be33991fc","3674419e-6966-4e4b-b8c7-e9f57f7323b8","2026-09-15T10:15:00Z","esp8266_xtensa_lx106_arduino","NATIVE_HARDWARE","xtensa_lx106","ESP8266 Xtensa LX106 80MHz",1,0,"FreeRTOS (ESP8266 RTOS via Arduino)","xtensa-lx106-elf-gcc","xtensa-lx106-elf-gcc (Espressif)","-O2","mlkem-native","v1.2.0 (2507ff79a0acfec6e94a9a83709b5774491fdbb6)","ML-KEM-512","decapsulation",17,17147000,47584,True,""
"875ca5ea-007b-4c63-b7b4-e87be33991fc","3674419e-6966-4e4b-b8c7-e9f57f7323b8","2026-09-15T10:15:00Z","esp8266_xtensa_lx106_arduino","NATIVE_HARDWARE","xtensa_lx106","ESP8266 Xtensa LX106 80MHz",1,0,"FreeRTOS (ESP8266 RTOS via Arduino)","xtensa-lx106-elf-gcc","xtensa-lx106-elf-gcc (Espressif)","-O2","mlkem-native","v1.2.0 (2507ff79a0acfec6e94a9a83709b5774491fdbb6)","ML-KEM-512","keygen",18,10663000,47584,True,""
"875ca5ea-007b-4c63-b7b4-e87be33991fc","3674419e-6966-4e4b-b8c7-e9f57f7323b8","2026-09-15T10:15:00Z","esp8266_xtensa_lx106_arduino","NATIVE_HARDWARE","xtensa_lx106","ESP8266 Xtensa LX106 80MHz",1,0,"FreeRTOS (ESP8266 RTOS via Arduino)","xtensa-lx106-elf-gcc","xtensa-lx106-elf-gcc (Espressif)","-O2","mlkem-native","v1.2.0 (2507ff79a0acfec6e94a9a83709b5774491fdbb6)","ML-KEM-512","encapsulation",18,13212000,47584,True,""
"875ca5ea-007b-4c63-b7b4-e87be33991fc","3674419e-6966-4e4b-b8c7-e9f57f7323b8","2026-09-15T10:15:00Z","esp8266_xtensa_lx106_arduino","NATIVE_HARDWARE","xtensa_lx106","ESP8266 Xtensa LX106 80MHz",1,0,"FreeRTOS (ESP8266 RTOS via Arduino)","xtensa-lx106-elf-gcc","xtensa-lx106-elf-gcc (Espressif)","-O2","mlkem-native","v1.2.0 (2507ff79a0acfec6e94a9a83709b5774491fdbb6)","ML-KEM-512","decapsulation",18,17141000,47584,True,""
"875ca5ea-007b-4c63-b7b4-e87be33991fc","3674419e-6966-4e4b-b8c7-e9f57f7323b8","2026-09-15T10:15:00Z","esp8266_xtensa_lx106_arduino","NATIVE_HARDWARE","xtensa_lx106","ESP8266 Xtensa LX106 80MHz",1,0,"FreeRTOS (ESP8266 RTOS via Arduino)","xtensa-lx106-elf-gcc","xtensa-lx106-elf-gcc (Espressif)","-O2","mlkem-native","v1.2.0 (2507ff79a0acfec6e94a9a83709b5774491fdbb6)","ML-KEM-512","keygen",19,10657000,47584,True,""
"875ca5ea-007b-4c63-b7b4-e87be33991fc","3674419e-6966-4e4b-b8c7-e9f57f7323b8","2026-09-15T10:15:00Z","esp8266_xtensa_lx106_arduino","NATIVE_HARDWARE","xtensa_lx106","ESP8266 Xtensa LX106 80MHz",1,0,"FreeRTOS (ESP8266 RTOS via Arduino)","xtensa-lx106-elf-gcc","xtensa-lx106-elf-gcc (Espressif)","-O2","mlkem-native","v1.2.0 (2507ff79a0acfec6e94a9a83709b5774491fdbb6)","ML-KEM-512","encapsulation",19,13218000,47584,True,""
"875ca5ea-007b-4c63-b7b4-e87be33991fc","3674419e-6966-4e4b-b8c7-e9f57f7323b8","2026-09-15T10:15:00Z","esp8266_xtensa_lx106_arduino","NATIVE_HARDWARE","xtensa_lx106","ESP8266 Xtensa LX106 80MHz",1,0,"FreeRTOS (ESP8266 RTOS via Arduino)","xtensa-lx106-elf-gcc","xtensa-lx106-elf-gcc (Espressif)","-O2","mlkem-native","v1.2.0 (2507ff79a0acfec6e94a9a83709b5774491fdbb6)","ML-KEM-512","decapsulation",19,17154000,47584,True,""
"875ca5ea-007b-4c63-b7b4-e87be33991fc","3674419e-6966-4e4b-b8c7-e9f57f7323b8","2026-09-15T10:15:00Z","esp8266_xtensa_lx106_arduino","NATIVE_HARDWARE","xtensa_lx106","ESP8266 Xtensa LX106 80MHz",1,0,"FreeRTOS (ESP8266 RTOS via Arduino)","xtensa-lx106-elf-gcc","xtensa-lx106-elf-gcc (Espressif)","-O2","mlkem-native","v1.2.0 (2507ff79a0acfec6e94a9a83709b5774491fdbb6)","ML-KEM-512","keygen",20,11504000,47584,True,""
"875ca5ea-007b-4c63-b7b4-e87be33991fc","3674419e-6966-4e4b-b8c7-e9f57f7323b8","2026-09-15T10:15:00Z","esp8266_xtensa_lx106_arduino","NATIVE_HARDWARE","xtensa_lx106","ESP8266 Xtensa LX106 80MHz",1,0,"FreeRTOS (ESP8266 RTOS via Arduino)","xtensa-lx106-elf-gcc","xtensa-lx106-elf-gcc (Espressif)","-O2","mlkem-native","v1.2.0 (2507ff79a0acfec6e94a9a83709b5774491fdbb6)","ML-KEM-512","encapsulation",20,14040000,47584,True,""
"875ca5ea-007b-4c63-b7b4-e87be33991fc","3674419e-6966-4e4b-b8c7-e9f57f7323b8","2026-09-15T10:15:00Z","esp8266_xtensa_lx106_arduino","NATIVE_HARDWARE","xtensa_lx106","ESP8266 Xtensa LX106 80MHz",1,0,"FreeRTOS (ESP8266 RTOS via Arduino)","xtensa-lx106-elf-gcc","xtensa-lx106-elf-gcc (Espressif)","-O2","mlkem-native","v1.2.0 (2507ff79a0acfec6e94a9a83709b5774491fdbb6)","ML-KEM-512","decapsulation",20,17975000,47584,True,""
"875ca5ea-007b-4c63-b7b4-e87be33991fc","3674419e-6966-4e4b-b8c7-e9f57f7323b8","2026-09-15T10:15:00Z","esp8266_xtensa_lx106_arduino","NATIVE_HARDWARE","xtensa_lx106","ESP8266 Xtensa LX106 80MHz",1,0,"FreeRTOS (ESP8266 RTOS via Arduino)","xtensa-lx106-elf-gcc","xtensa-lx106-elf-gcc (Espressif)","-O2","mlkem-native","v1.2.0 (2507ff79a0acfec6e94a9a83709b5774491fdbb6)","ML-KEM-512","keygen",21,10656000,47584,True,""
"875ca5ea-007b-4c63-b7b4-e87be33991fc","3674419e-6966-4e4b-b8c7-e9f57f7323b8","2026-09-15T10:15:00Z","esp8266_xtensa_lx106_arduino","NATIVE_HARDWARE","xtensa_lx106","ESP8266 Xtensa LX106 80MHz",1,0,"FreeRTOS (ESP8266 RTOS via Arduino)","xtensa-lx106-elf-gcc","xtensa-lx106-elf-gcc (Espressif)","-O2","mlkem-native","v1.2.0 (2507ff79a0acfec6e94a9a83709b5774491fdbb6)","ML-KEM-512","encapsulation",21,13212000,47584,True,""
"875ca5ea-007b-4c63-b7b4-e87be33991fc","3674419e-6966-4e4b-b8c7-e9f57f7323b8","2026-09-15T10:15:00Z","esp8266_xtensa_lx106_arduino","NATIVE_HARDWARE","xtensa_lx106","ESP8266 Xtensa LX106 80MHz",1,0,"FreeRTOS (ESP8266 RTOS via Arduino)","xtensa-lx106-elf-gcc","xtensa-lx106-elf-gcc (Espressif)","-O2","mlkem-native","v1.2.0 (2507ff79a0acfec6e94a9a83709b5774491fdbb6)","ML-KEM-512","decapsulation",21,17143000,47584,True,""
"875ca5ea-007b-4c63-b7b4-e87be33991fc","3674419e-6966-4e4b-b8c7-e9f57f7323b8","2026-09-15T10:15:00Z","esp8266_xtensa_lx106_arduino","NATIVE_HARDWARE","xtensa_lx106","ESP8266 Xtensa LX106 80MHz",1,0,"FreeRTOS (ESP8266 RTOS via Arduino)","xtensa-lx106-elf-gcc","xtensa-lx106-elf-gcc (Espressif)","-O2","mlkem-native","v1.2.0 (2507ff79a0acfec6e94a9a83709b5774491fdbb6)","ML-KEM-512","keygen",22,11489000,47584,True,""
"875ca5ea-007b-4c63-b7b4-e87be33991fc","3674419e-6966-4e4b-b8c7-e9f57f7323b8","2026-09-15T10:15:00Z","esp8266_xtensa_lx106_arduino","NATIVE_HARDWARE","xtensa_lx106","ESP8266 Xtensa LX106 80MHz",1,0,"FreeRTOS (ESP8266 RTOS via Arduino)","xtensa-lx106-elf-gcc","xtensa-lx106-elf-gcc (Espressif)","-O2","mlkem-native","v1.2.0 (2507ff79a0acfec6e94a9a83709b5774491fdbb6)","ML-KEM-512","encapsulation",22,14036000,47584,True,""
"875ca5ea-007b-4c63-b7b4-e87be33991fc","3674419e-6966-4e4b-b8c7-e9f57f7323b8","2026-09-15T10:15:00Z","esp8266_xtensa_lx106_arduino","NATIVE_HARDWARE","xtensa_lx106","ESP8266 Xtensa LX106 80MHz",1,0,"FreeRTOS (ESP8266 RTOS via Arduino)","xtensa-lx106-elf-gcc","xtensa-lx106-elf-gcc (Espressif)","-O2","mlkem-native","v1.2.0 (2507ff79a0acfec6e94a9a83709b5774491fdbb6)","ML-KEM-512","decapsulation",22,17971000,47584,True,""
"875ca5ea-007b-4c63-b7b4-e87be33991fc","3674419e-6966-4e4b-b8c7-e9f57f7323b8","2026-09-15T10:15:00Z","esp8266_xtensa_lx106_arduino","NATIVE_HARDWARE","xtensa_lx106","ESP8266 Xtensa LX106 80MHz",1,0,"FreeRTOS (ESP8266 RTOS via Arduino)","xtensa-lx106-elf-gcc","xtensa-lx106-elf-gcc (Espressif)","-O2","mlkem-native","v1.2.0 (2507ff79a0acfec6e94a9a83709b5774491fdbb6)","ML-KEM-512","keygen",23,10664000,47584,True,""
"875ca5ea-007b-4c63-b7b4-e87be33991fc","3674419e-6966-4e4b-b8c7-e9f57f7323b8","2026-09-15T10:15:00Z","esp8266_xtensa_lx106_arduino","NATIVE_HARDWARE","xtensa_lx106","ESP8266 Xtensa LX106 80MHz",1,0,"FreeRTOS (ESP8266 RTOS via Arduino)","xtensa-lx106-elf-gcc","xtensa-lx106-elf-gcc (Espressif)","-O2","mlkem-native","v1.2.0 (2507ff79a0acfec6e94a9a83709b5774491fdbb6)","ML-KEM-512","encapsulation",23,13214000,47584,True,""
"875ca5ea-007b-4c63-b7b4-e87be33991fc","3674419e-6966-4e4b-b8c7-e9f57f7323b8","2026-09-15T10:15:00Z","esp8266_xtensa_lx106_arduino","NATIVE_HARDWARE","xtensa_lx106","ESP8266 Xtensa LX106 80MHz",1,0,"FreeRTOS (ESP8266 RTOS via Arduino)","xtensa-lx106-elf-gcc","xtensa-lx106-elf-gcc (Espressif)","-O2","mlkem-native","v1.2.0 (2507ff79a0acfec6e94a9a83709b5774491fdbb6)","ML-KEM-512","decapsulation",23,17148000,47584,True,""
"875ca5ea-007b-4c63-b7b4-e87be33991fc","3674419e-6966-4e4b-b8c7-e9f57f7323b8","2026-09-15T10:15:00Z","esp8266_xtensa_lx106_arduino","NATIVE_HARDWARE","xtensa_lx106","ESP8266 Xtensa LX106 80MHz",1,0,"FreeRTOS (ESP8266 RTOS via Arduino)","xtensa-lx106-elf-gcc","xtensa-lx106-elf-gcc (Espressif)","-O2","mlkem-native","v1.2.0 (2507ff79a0acfec6e94a9a83709b5774491fdbb6)","ML-KEM-512","keygen",24,10657000,47584,True,""
"875ca5ea-007b-4c63-b7b4-e87be33991fc","3674419e-6966-4e4b-b8c7-e9f57f7323b8","2026-09-15T10:15:00Z","esp8266_xtensa_lx106_arduino","NATIVE_HARDWARE","xtensa_lx106","ESP8266 Xtensa LX106 80MHz",1,0,"FreeRTOS (ESP8266 RTOS via Arduino)","xtensa-lx106-elf-gcc","xtensa-lx106-elf-gcc (Espressif)","-O2","mlkem-native","v1.2.0 (2507ff79a0acfec6e94a9a83709b5774491fdbb6)","ML-KEM-512","encapsulation",24,13211000,47584,True,""
"875ca5ea-007b-4c63-b7b4-e87be33991fc","3674419e-6966-4e4b-b8c7-e9f57f7323b8","2026-09-15T10:15:00Z","esp8266_xtensa_lx106_arduino","NATIVE_HARDWARE","xtensa_lx106","ESP8266 Xtensa LX106 80MHz",1,0,"FreeRTOS (ESP8266 RTOS via Arduino)","xtensa-lx106-elf-gcc","xtensa-lx106-elf-gcc (Espressif)","-O2","mlkem-native","v1.2.0 (2507ff79a0acfec6e94a9a83709b5774491fdbb6)","ML-KEM-512","decapsulation",24,17144000,47584,True,""
"875ca5ea-007b-4c63-b7b4-e87be33991fc","3674419e-6966-4e4b-b8c7-e9f57f7323b8","2026-09-15T10:15:00Z","esp8266_xtensa_lx106_arduino","NATIVE_HARDWARE","xtensa_lx106","ESP8266 Xtensa LX106 80MHz",1,0,"FreeRTOS (ESP8266 RTOS via Arduino)","xtensa-lx106-elf-gcc","xtensa-lx106-elf-gcc (Espressif)","-O2","mlkem-native","v1.2.0 (2507ff79a0acfec6e94a9a83709b5774491fdbb6)","ML-KEM-512","keygen",25,11493000,47584,True,""
"875ca5ea-007b-4c63-b7b4-e87be33991fc","3674419e-6966-4e4b-b8c7-e9f57f7323b8","2026-09-15T10:15:00Z","esp8266_xtensa_lx106_arduino","NATIVE_HARDWARE","xtensa_lx106","ESP8266 Xtensa LX106 80MHz",1,0,"FreeRTOS (ESP8266 RTOS via Arduino)","xtensa-lx106-elf-gcc","xtensa-lx106-elf-gcc (Espressif)","-O2","mlkem-native","v1.2.0 (2507ff79a0acfec6e94a9a83709b5774491fdbb6)","ML-KEM-512","encapsulation",25,14044000,47584,True,""
"875ca5ea-007b-4c63-b7b4-e87be33991fc","3674419e-6966-4e4b-b8c7-e9f57f7323b8","2026-09-15T10:15:00Z","esp8266_xtensa_lx106_arduino","NATIVE_HARDWARE","xtensa_lx106","ESP8266 Xtensa LX106 80MHz",1,0,"FreeRTOS (ESP8266 RTOS via Arduino)","xtensa-lx106-elf-gcc","xtensa-lx106-elf-gcc (Espressif)","-O2","mlkem-native","v1.2.0 (2507ff79a0acfec6e94a9a83709b5774491fdbb6)","ML-KEM-512","decapsulation",25,17976000,47584,True,""
"875ca5ea-007b-4c63-b7b4-e87be33991fc","3674419e-6966-4e4b-b8c7-e9f57f7323b8","2026-09-15T10:15:00Z","esp8266_xtensa_lx106_arduino","NATIVE_HARDWARE","xtensa_lx106","ESP8266 Xtensa LX106 80MHz",1,0,"FreeRTOS (ESP8266 RTOS via Arduino)","xtensa-lx106-elf-gcc","xtensa-lx106-elf-gcc (Espressif)","-O2","mlkem-native","v1.2.0 (2507ff79a0acfec6e94a9a83709b5774491fdbb6)","ML-KEM-512","keygen",26,10658000,47584,True,""
"875ca5ea-007b-4c63-b7b4-e87be33991fc","3674419e-6966-4e4b-b8c7-e9f57f7323b8","2026-09-15T10:15:00Z","esp8266_xtensa_lx106_arduino","NATIVE_HARDWARE","xtensa_lx106","ESP8266 Xtensa LX106 80MHz",1,0,"FreeRTOS (ESP8266 RTOS via Arduino)","xtensa-lx106-elf-gcc","xtensa-lx106-elf-gcc (Espressif)","-O2","mlkem-native","v1.2.0 (2507ff79a0acfec6e94a9a83709b5774491fdbb6)","ML-KEM-512","encapsulation",26,13218000,47584,True,""
"875ca5ea-007b-4c63-b7b4-e87be33991fc","3674419e-6966-4e4b-b8c7-e9f57f7323b8","2026-09-15T10:15:00Z","esp8266_xtensa_lx106_arduino","NATIVE_HARDWARE","xtensa_lx106","ESP8266 Xtensa LX106 80MHz",1,0,"FreeRTOS (ESP8266 RTOS via Arduino)","xtensa-lx106-elf-gcc","xtensa-lx106-elf-gcc (Espressif)","-O2","mlkem-native","v1.2.0 (2507ff79a0acfec6e94a9a83709b5774491fdbb6)","ML-KEM-512","decapsulation",26,17149000,47584,True,""
"875ca5ea-007b-4c63-b7b4-e87be33991fc","3674419e-6966-4e4b-b8c7-e9f57f7323b8","2026-09-15T10:15:00Z","esp8266_xtensa_lx106_arduino","NATIVE_HARDWARE","xtensa_lx106","ESP8266 Xtensa LX106 80MHz",1,0,"FreeRTOS (ESP8266 RTOS via Arduino)","xtensa-lx106-elf-gcc","xtensa-lx106-elf-gcc (Espressif)","-O2","mlkem-native","v1.2.0 (2507ff79a0acfec6e94a9a83709b5774491fdbb6)","ML-KEM-512","keygen",27,10663000,47584,True,""
"875ca5ea-007b-4c63-b7b4-e87be33991fc","3674419e-6966-4e4b-b8c7-e9f57f7323b8","2026-09-15T10:15:00Z","esp8266_xtensa_lx106_arduino","NATIVE_HARDWARE","xtensa_lx106","ESP8266 Xtensa LX106 80MHz",1,0,"FreeRTOS (ESP8266 RTOS via Arduino)","xtensa-lx106-elf-gcc","xtensa-lx106-elf-gcc (Espressif)","-O2","mlkem-native","v1.2.0 (2507ff79a0acfec6e94a9a83709b5774491fdbb6)","ML-KEM-512","encapsulation",27,13221000,47584,True,""
"875ca5ea-007b-4c63-b7b4-e87be33991fc","3674419e-6966-4e4b-b8c7-e9f57f7323b8","2026-09-15T10:15:00Z","esp8266_xtensa_lx106_arduino","NATIVE_HARDWARE","xtensa_lx106","ESP8266 Xtensa LX106 80MHz",1,0,"FreeRTOS (ESP8266 RTOS via Arduino)","xtensa-lx106-elf-gcc","xtensa-lx106-elf-gcc (Espressif)","-O2","mlkem-native","v1.2.0 (2507ff79a0acfec6e94a9a83709b5774491fdbb6)","ML-KEM-512","decapsulation",27,17150000,47584,True,""
"875ca5ea-007b-4c63-b7b4-e87be33991fc","3674419e-6966-4e4b-b8c7-e9f57f7323b8","2026-09-15T10:15:00Z","esp8266_xtensa_lx106_arduino","NATIVE_HARDWARE","xtensa_lx106","ESP8266 Xtensa LX106 80MHz",1,0,"FreeRTOS (ESP8266 RTOS via Arduino)","xtensa-lx106-elf-gcc","xtensa-lx106-elf-gcc (Espressif)","-O2","mlkem-native","v1.2.0 (2507ff79a0acfec6e94a9a83709b5774491fdbb6)","ML-KEM-512","keygen",28,10658000,47584,True,""
"875ca5ea-007b-4c63-b7b4-e87be33991fc","3674419e-6966-4e4b-b8c7-e9f57f7323b8","2026-09-15T10:15:00Z","esp8266_xtensa_lx106_arduino","NATIVE_HARDWARE","xtensa_lx106","ESP8266 Xtensa LX106 80MHz",1,0,"FreeRTOS (ESP8266 RTOS via Arduino)","xtensa-lx106-elf-gcc","xtensa-lx106-elf-gcc (Espressif)","-O2","mlkem-native","v1.2.0 (2507ff79a0acfec6e94a9a83709b5774491fdbb6)","ML-KEM-512","encapsulation",28,13215000,47584,True,""
"875ca5ea-007b-4c63-b7b4-e87be33991fc","3674419e-6966-4e4b-b8c7-e9f57f7323b8","2026-09-15T10:15:00Z","esp8266_xtensa_lx106_arduino","NATIVE_HARDWARE","xtensa_lx106","ESP8266 Xtensa LX106 80MHz",1,0,"FreeRTOS (ESP8266 RTOS via Arduino)","xtensa-lx106-elf-gcc","xtensa-lx106-elf-gcc (Espressif)","-O2","mlkem-native","v1.2.0 (2507ff79a0acfec6e94a9a83709b5774491fdbb6)","ML-KEM-512","decapsulation",28,17147000,47584,True,""
"875ca5ea-007b-4c63-b7b4-e87be33991fc","3674419e-6966-4e4b-b8c7-e9f57f7323b8","2026-09-15T10:15:00Z","esp8266_xtensa_lx106_arduino","NATIVE_HARDWARE","xtensa_lx106","ESP8266 Xtensa LX106 80MHz",1,0,"FreeRTOS (ESP8266 RTOS via Arduino)","xtensa-lx106-elf-gcc","xtensa-lx106-elf-gcc (Espressif)","-O2","mlkem-native","v1.2.0 (2507ff79a0acfec6e94a9a83709b5774491fdbb6)","ML-KEM-512","keygen",29,10667000,47584,True,""
"875ca5ea-007b-4c63-b7b4-e87be33991fc","3674419e-6966-4e4b-b8c7-e9f57f7323b8","2026-09-15T10:15:00Z","esp8266_xtensa_lx106_arduino","NATIVE_HARDWARE","xtensa_lx106","ESP8266 Xtensa LX106 80MHz",1,0,"FreeRTOS (ESP8266 RTOS via Arduino)","xtensa-lx106-elf-gcc","xtensa-lx106-elf-gcc (Espressif)","-O2","mlkem-native","v1.2.0 (2507ff79a0acfec6e94a9a83709b5774491fdbb6)","ML-KEM-512","encapsulation",29,13218000,47584,True,""
"875ca5ea-007b-4c63-b7b4-e87be33991fc","3674419e-6966-4e4b-b8c7-e9f57f7323b8","2026-09-15T10:15:00Z","esp8266_xtensa_lx106_arduino","NATIVE_HARDWARE","xtensa_lx106","ESP8266 Xtensa LX106 80MHz",1,0,"FreeRTOS (ESP8266 RTOS via Arduino)","xtensa-lx106-elf-gcc","xtensa-lx106-elf-gcc (Espressif)","-O2","mlkem-native","v1.2.0 (2507ff79a0acfec6e94a9a83709b5774491fdbb6)","ML-KEM-512","decapsulation",29,17150000,47584,True,""
"875ca5ea-007b-4c63-b7b4-e87be33991fc","3674419e-6966-4e4b-b8c7-e9f57f7323b8","2026-09-15T10:15:00Z","esp8266_xtensa_lx106_arduino","NATIVE_HARDWARE","xtensa_lx106","ESP8266 Xtensa LX106 80MHz",1,0,"FreeRTOS (ESP8266 RTOS via Arduino)","xtensa-lx106-elf-gcc","xtensa-lx106-elf-gcc (Espressif)","-O2","mlkem-native","v1.2.0 (2507ff79a0acfec6e94a9a83709b5774491fdbb6)","ML-KEM-512","keygen",30,10657000,47584,True,""
"875ca5ea-007b-4c63-b7b4-e87be33991fc","3674419e-6966-4e4b-b8c7-e9f57f7323b8","2026-09-15T10:15:00Z","esp8266_xtensa_lx106_arduino","NATIVE_HARDWARE","xtensa_lx106","ESP8266 Xtensa LX106 80MHz",1,0,"FreeRTOS (ESP8266 RTOS via Arduino)","xtensa-lx106-elf-gcc","xtensa-lx106-elf-gcc (Espressif)","-O2","mlkem-native","v1.2.0 (2507ff79a0acfec6e94a9a83709b5774491fdbb6)","ML-KEM-512","encapsulation",30,13213000,47584,True,""
"875ca5ea-007b-4c63-b7b4-e87be33991fc","3674419e-6966-4e4b-b8c7-e9f57f7323b8","2026-09-15T10:15:00Z","esp8266_xtensa_lx106_arduino","NATIVE_HARDWARE","xtensa_lx106","ESP8266 Xtensa LX106 80MHz",1,0,"FreeRTOS (ESP8266 RTOS via Arduino)","xtensa-lx106-elf-gcc","xtensa-lx106-elf-gcc (Espressif)","-O2","mlkem-native","v1.2.0 (2507ff79a0acfec6e94a9a83709b5774491fdbb6)","ML-KEM-512","decapsulation",30,17145000,47584,True,""
"005a476d-ad7e-48a2-8d8f-f80ef1241b54","466c2634-387a-4cbb-a53d-afe8d7554ca9","2026-09-15T10:15:00Z","esp8266_xtensa_lx106_arduino","NATIVE_HARDWARE","xtensa_lx106","ESP8266 Xtensa LX106 80MHz",1,0,"FreeRTOS (ESP8266 RTOS via Arduino)","xtensa-lx106-elf-gcc","xtensa-lx106-elf-gcc (Espressif)","-O2","mlkem-native","v1.2.0 (2507ff79a0acfec6e94a9a83709b5774491fdbb6)","ML-KEM-512","keygen",31,11751000,47584,True,""
"005a476d-ad7e-48a2-8d8f-f80ef1241b54","466c2634-387a-4cbb-a53d-afe8d7554ca9","2026-09-15T10:15:00Z","esp8266_xtensa_lx106_arduino","NATIVE_HARDWARE","xtensa_lx106","ESP8266 Xtensa LX106 80MHz",1,0,"FreeRTOS (ESP8266 RTOS via Arduino)","xtensa-lx106-elf-gcc","xtensa-lx106-elf-gcc (Espressif)","-O2","mlkem-native","v1.2.0 (2507ff79a0acfec6e94a9a83709b5774491fdbb6)","ML-KEM-512","encapsulation",31,13583000,47584,True,""
"005a476d-ad7e-48a2-8d8f-f80ef1241b54","466c2634-387a-4cbb-a53d-afe8d7554ca9","2026-09-15T10:15:00Z","esp8266_xtensa_lx106_arduino","NATIVE_HARDWARE","xtensa_lx106","ESP8266 Xtensa LX106 80MHz",1,0,"FreeRTOS (ESP8266 RTOS via Arduino)","xtensa-lx106-elf-gcc","xtensa-lx106-elf-gcc (Espressif)","-O2","mlkem-native","v1.2.0 (2507ff79a0acfec6e94a9a83709b5774491fdbb6)","ML-KEM-512","decapsulation",31,17249000,47584,True,""
"005a476d-ad7e-48a2-8d8f-f80ef1241b54","466c2634-387a-4cbb-a53d-afe8d7554ca9","2026-09-15T10:15:00Z","esp8266_xtensa_lx106_arduino","NATIVE_HARDWARE","xtensa_lx106","ESP8266 Xtensa LX106 80MHz",1,0,"FreeRTOS (ESP8266 RTOS via Arduino)","xtensa-lx106-elf-gcc","xtensa-lx106-elf-gcc (Espressif)","-O2","mlkem-native","v1.2.0 (2507ff79a0acfec6e94a9a83709b5774491fdbb6)","ML-KEM-512","keygen",32,10663000,47584,True,""
"005a476d-ad7e-48a2-8d8f-f80ef1241b54","466c2634-387a-4cbb-a53d-afe8d7554ca9","2026-09-15T10:15:00Z","esp8266_xtensa_lx106_arduino","NATIVE_HARDWARE","xtensa_lx106","ESP8266 Xtensa LX106 80MHz",1,0,"FreeRTOS (ESP8266 RTOS via Arduino)","xtensa-lx106-elf-gcc","xtensa-lx106-elf-gcc (Espressif)","-O2","mlkem-native","v1.2.0 (2507ff79a0acfec6e94a9a83709b5774491fdbb6)","ML-KEM-512","encapsulation",32,13220000,47584,True,""
"005a476d-ad7e-48a2-8d8f-f80ef1241b54","466c2634-387a-4cbb-a53d-afe8d7554ca9","2026-09-15T10:15:00Z","esp8266_xtensa_lx106_arduino","NATIVE_HARDWARE","xtensa_lx106","ESP8266 Xtensa LX106 80MHz",1,0,"FreeRTOS (ESP8266 RTOS via Arduino)","xtensa-lx106-elf-gcc","xtensa-lx106-elf-gcc (Espressif)","-O2","mlkem-native","v1.2.0 (2507ff79a0acfec6e94a9a83709b5774491fdbb6)","ML-KEM-512","decapsulation",32,17150000,47584,True,""
"005a476d-ad7e-48a2-8d8f-f80ef1241b54","466c2634-387a-4cbb-a53d-afe8d7554ca9","2026-09-15T10:15:00Z","esp8266_xtensa_lx106_arduino","NATIVE_HARDWARE","xtensa_lx106","ESP8266 Xtensa LX106 80MHz",1,0,"FreeRTOS (ESP8266 RTOS via Arduino)","xtensa-lx106-elf-gcc","xtensa-lx106-elf-gcc (Espressif)","-O2","mlkem-native","v1.2.0 (2507ff79a0acfec6e94a9a83709b5774491fdbb6)","ML-KEM-512","keygen",33,10660000,47584,True,""
"005a476d-ad7e-48a2-8d8f-f80ef1241b54","466c2634-387a-4cbb-a53d-afe8d7554ca9","2026-09-15T10:15:00Z","esp8266_xtensa_lx106_arduino","NATIVE_HARDWARE","xtensa_lx106","ESP8266 Xtensa LX106 80MHz",1,0,"FreeRTOS (ESP8266 RTOS via Arduino)","xtensa-lx106-elf-gcc","xtensa-lx106-elf-gcc (Espressif)","-O2","mlkem-native","v1.2.0 (2507ff79a0acfec6e94a9a83709b5774491fdbb6)","ML-KEM-512","encapsulation",33,13218000,47584,True,""
"005a476d-ad7e-48a2-8d8f-f80ef1241b54","466c2634-387a-4cbb-a53d-afe8d7554ca9","2026-09-15T10:15:00Z","esp8266_xtensa_lx106_arduino","NATIVE_HARDWARE","xtensa_lx106","ESP8266 Xtensa LX106 80MHz",1,0,"FreeRTOS (ESP8266 RTOS via Arduino)","xtensa-lx106-elf-gcc","xtensa-lx106-elf-gcc (Espressif)","-O2","mlkem-native","v1.2.0 (2507ff79a0acfec6e94a9a83709b5774491fdbb6)","ML-KEM-512","decapsulation",33,17152000,47584,True,""
"005a476d-ad7e-48a2-8d8f-f80ef1241b54","466c2634-387a-4cbb-a53d-afe8d7554ca9","2026-09-15T10:15:00Z","esp8266_xtensa_lx106_arduino","NATIVE_HARDWARE","xtensa_lx106","ESP8266 Xtensa LX106 80MHz",1,0,"FreeRTOS (ESP8266 RTOS via Arduino)","xtensa-lx106-elf-gcc","xtensa-lx106-elf-gcc (Espressif)","-O2","mlkem-native","v1.2.0 (2507ff79a0acfec6e94a9a83709b5774491fdbb6)","ML-KEM-512","keygen",34,10657000,47584,True,""
"005a476d-ad7e-48a2-8d8f-f80ef1241b54","466c2634-387a-4cbb-a53d-afe8d7554ca9","2026-09-15T10:15:00Z","esp8266_xtensa_lx106_arduino","NATIVE_HARDWARE","xtensa_lx106","ESP8266 Xtensa LX106 80MHz",1,0,"FreeRTOS (ESP8266 RTOS via Arduino)","xtensa-lx106-elf-gcc","xtensa-lx106-elf-gcc (Espressif)","-O2","mlkem-native","v1.2.0 (2507ff79a0acfec6e94a9a83709b5774491fdbb6)","ML-KEM-512","encapsulation",34,13215000,47584,True,""
"005a476d-ad7e-48a2-8d8f-f80ef1241b54","466c2634-387a-4cbb-a53d-afe8d7554ca9","2026-09-15T10:15:00Z","esp8266_xtensa_lx106_arduino","NATIVE_HARDWARE","xtensa_lx106","ESP8266 Xtensa LX106 80MHz",1,0,"FreeRTOS (ESP8266 RTOS via Arduino)","xtensa-lx106-elf-gcc","xtensa-lx106-elf-gcc (Espressif)","-O2","mlkem-native","v1.2.0 (2507ff79a0acfec6e94a9a83709b5774491fdbb6)","ML-KEM-512","decapsulation",34,17147000,47584,True,""
"005a476d-ad7e-48a2-8d8f-f80ef1241b54","466c2634-387a-4cbb-a53d-afe8d7554ca9","2026-09-15T10:15:00Z","esp8266_xtensa_lx106_arduino","NATIVE_HARDWARE","xtensa_lx106","ESP8266 Xtensa LX106 80MHz",1,0,"FreeRTOS (ESP8266 RTOS via Arduino)","xtensa-lx106-elf-gcc","xtensa-lx106-elf-gcc (Espressif)","-O2","mlkem-native","v1.2.0 (2507ff79a0acfec6e94a9a83709b5774491fdbb6)","ML-KEM-512","keygen",35,10662000,47584,True,""
"005a476d-ad7e-48a2-8d8f-f80ef1241b54","466c2634-387a-4cbb-a53d-afe8d7554ca9","2026-09-15T10:15:00Z","esp8266_xtensa_lx106_arduino","NATIVE_HARDWARE","xtensa_lx106","ESP8266 Xtensa LX106 80MHz",1,0,"FreeRTOS (ESP8266 RTOS via Arduino)","xtensa-lx106-elf-gcc","xtensa-lx106-elf-gcc (Espressif)","-O2","mlkem-native","v1.2.0 (2507ff79a0acfec6e94a9a83709b5774491fdbb6)","ML-KEM-512","encapsulation",35,13214000,47584,True,""
"005a476d-ad7e-48a2-8d8f-f80ef1241b54","466c2634-387a-4cbb-a53d-afe8d7554ca9","2026-09-15T10:15:00Z","esp8266_xtensa_lx106_arduino","NATIVE_HARDWARE","xtensa_lx106","ESP8266 Xtensa LX106 80MHz",1,0,"FreeRTOS (ESP8266 RTOS via Arduino)","xtensa-lx106-elf-gcc","xtensa-lx106-elf-gcc (Espressif)","-O2","mlkem-native","v1.2.0 (2507ff79a0acfec6e94a9a83709b5774491fdbb6)","ML-KEM-512","decapsulation",35,17147000,47584,True,""
"005a476d-ad7e-48a2-8d8f-f80ef1241b54","466c2634-387a-4cbb-a53d-afe8d7554ca9","2026-09-15T10:15:00Z","esp8266_xtensa_lx106_arduino","NATIVE_HARDWARE","xtensa_lx106","ESP8266 Xtensa LX106 80MHz",1,0,"FreeRTOS (ESP8266 RTOS via Arduino)","xtensa-lx106-elf-gcc","xtensa-lx106-elf-gcc (Espressif)","-O2","mlkem-native","v1.2.0 (2507ff79a0acfec6e94a9a83709b5774491fdbb6)","ML-KEM-512","keygen",36,10663000,47584,True,""
"005a476d-ad7e-48a2-8d8f-f80ef1241b54","466c2634-387a-4cbb-a53d-afe8d7554ca9","2026-09-15T10:15:00Z","esp8266_xtensa_lx106_arduino","NATIVE_HARDWARE","xtensa_lx106","ESP8266 Xtensa LX106 80MHz",1,0,"FreeRTOS (ESP8266 RTOS via Arduino)","xtensa-lx106-elf-gcc","xtensa-lx106-elf-gcc (Espressif)","-O2","mlkem-native","v1.2.0 (2507ff79a0acfec6e94a9a83709b5774491fdbb6)","ML-KEM-512","encapsulation",36,13219000,47584,True,""
"005a476d-ad7e-48a2-8d8f-f80ef1241b54","466c2634-387a-4cbb-a53d-afe8d7554ca9","2026-09-15T10:15:00Z","esp8266_xtensa_lx106_arduino","NATIVE_HARDWARE","xtensa_lx106","ESP8266 Xtensa LX106 80MHz",1,0,"FreeRTOS (ESP8266 RTOS via Arduino)","xtensa-lx106-elf-gcc","xtensa-lx106-elf-gcc (Espressif)","-O2","mlkem-native","v1.2.0 (2507ff79a0acfec6e94a9a83709b5774491fdbb6)","ML-KEM-512","decapsulation",36,17150000,47584,True,""
"005a476d-ad7e-48a2-8d8f-f80ef1241b54","466c2634-387a-4cbb-a53d-afe8d7554ca9","2026-09-15T10:15:00Z","esp8266_xtensa_lx106_arduino","NATIVE_HARDWARE","xtensa_lx106","ESP8266 Xtensa LX106 80MHz",1,0,"FreeRTOS (ESP8266 RTOS via Arduino)","xtensa-lx106-elf-gcc","xtensa-lx106-elf-gcc (Espressif)","-O2","mlkem-native","v1.2.0 (2507ff79a0acfec6e94a9a83709b5774491fdbb6)","ML-KEM-512","keygen",37,10659000,47584,True,""
"005a476d-ad7e-48a2-8d8f-f80ef1241b54","466c2634-387a-4cbb-a53d-afe8d7554ca9","2026-09-15T10:15:00Z","esp8266_xtensa_lx106_arduino","NATIVE_HARDWARE","xtensa_lx106","ESP8266 Xtensa LX106 80MHz",1,0,"FreeRTOS (ESP8266 RTOS via Arduino)","xtensa-lx106-elf-gcc","xtensa-lx106-elf-gcc (Espressif)","-O2","mlkem-native","v1.2.0 (2507ff79a0acfec6e94a9a83709b5774491fdbb6)","ML-KEM-512","encapsulation",37,13216000,47584,True,""
"005a476d-ad7e-48a2-8d8f-f80ef1241b54","466c2634-387a-4cbb-a53d-afe8d7554ca9","2026-09-15T10:15:00Z","esp8266_xtensa_lx106_arduino","NATIVE_HARDWARE","xtensa_lx106","ESP8266 Xtensa LX106 80MHz",1,0,"FreeRTOS (ESP8266 RTOS via Arduino)","xtensa-lx106-elf-gcc","xtensa-lx106-elf-gcc (Espressif)","-O2","mlkem-native","v1.2.0 (2507ff79a0acfec6e94a9a83709b5774491fdbb6)","ML-KEM-512","decapsulation",37,17151000,47584,True,""
"005a476d-ad7e-48a2-8d8f-f80ef1241b54","466c2634-387a-4cbb-a53d-afe8d7554ca9","2026-09-15T10:15:00Z","esp8266_xtensa_lx106_arduino","NATIVE_HARDWARE","xtensa_lx106","ESP8266 Xtensa LX106 80MHz",1,0,"FreeRTOS (ESP8266 RTOS via Arduino)","xtensa-lx106-elf-gcc","xtensa-lx106-elf-gcc (Espressif)","-O2","mlkem-native","v1.2.0 (2507ff79a0acfec6e94a9a83709b5774491fdbb6)","ML-KEM-512","keygen",38,10661000,47584,True,""
"005a476d-ad7e-48a2-8d8f-f80ef1241b54","466c2634-387a-4cbb-a53d-afe8d7554ca9","2026-09-15T10:15:00Z","esp8266_xtensa_lx106_arduino","NATIVE_HARDWARE","xtensa_lx106","ESP8266 Xtensa LX106 80MHz",1,0,"FreeRTOS (ESP8266 RTOS via Arduino)","xtensa-lx106-elf-gcc","xtensa-lx106-elf-gcc (Espressif)","-O2","mlkem-native","v1.2.0 (2507ff79a0acfec6e94a9a83709b5774491fdbb6)","ML-KEM-512","encapsulation",38,13216000,47584,True,""
"005a476d-ad7e-48a2-8d8f-f80ef1241b54","466c2634-387a-4cbb-a53d-afe8d7554ca9","2026-09-15T10:15:00Z","esp8266_xtensa_lx106_arduino","NATIVE_HARDWARE","xtensa_lx106","ESP8266 Xtensa LX106 80MHz",1,0,"FreeRTOS (ESP8266 RTOS via Arduino)","xtensa-lx106-elf-gcc","xtensa-lx106-elf-gcc (Espressif)","-O2","mlkem-native","v1.2.0 (2507ff79a0acfec6e94a9a83709b5774491fdbb6)","ML-KEM-512","decapsulation",38,17149000,47584,True,""
"005a476d-ad7e-48a2-8d8f-f80ef1241b54","466c2634-387a-4cbb-a53d-afe8d7554ca9","2026-09-15T10:15:00Z","esp8266_xtensa_lx106_arduino","NATIVE_HARDWARE","xtensa_lx106","ESP8266 Xtensa LX106 80MHz",1,0,"FreeRTOS (ESP8266 RTOS via Arduino)","xtensa-lx106-elf-gcc","xtensa-lx106-elf-gcc (Espressif)","-O2","mlkem-native","v1.2.0 (2507ff79a0acfec6e94a9a83709b5774491fdbb6)","ML-KEM-512","keygen",39,10657000,47584,True,""
"005a476d-ad7e-48a2-8d8f-f80ef1241b54","466c2634-387a-4cbb-a53d-afe8d7554ca9","2026-09-15T10:15:00Z","esp8266_xtensa_lx106_arduino","NATIVE_HARDWARE","xtensa_lx106","ESP8266 Xtensa LX106 80MHz",1,0,"FreeRTOS (ESP8266 RTOS via Arduino)","xtensa-lx106-elf-gcc","xtensa-lx106-elf-gcc (Espressif)","-O2","mlkem-native","v1.2.0 (2507ff79a0acfec6e94a9a83709b5774491fdbb6)","ML-KEM-512","encapsulation",39,13213000,47584,True,""
"005a476d-ad7e-48a2-8d8f-f80ef1241b54","466c2634-387a-4cbb-a53d-afe8d7554ca9","2026-09-15T10:15:00Z","esp8266_xtensa_lx106_arduino","NATIVE_HARDWARE","xtensa_lx106","ESP8266 Xtensa LX106 80MHz",1,0,"FreeRTOS (ESP8266 RTOS via Arduino)","xtensa-lx106-elf-gcc","xtensa-lx106-elf-gcc (Espressif)","-O2","mlkem-native","v1.2.0 (2507ff79a0acfec6e94a9a83709b5774491fdbb6)","ML-KEM-512","decapsulation",39,17147000,47584,True,""
"005a476d-ad7e-48a2-8d8f-f80ef1241b54","466c2634-387a-4cbb-a53d-afe8d7554ca9","2026-09-15T10:15:00Z","esp8266_xtensa_lx106_arduino","NATIVE_HARDWARE","xtensa_lx106","ESP8266 Xtensa LX106 80MHz",1,0,"FreeRTOS (ESP8266 RTOS via Arduino)","xtensa-lx106-elf-gcc","xtensa-lx106-elf-gcc (Espressif)","-O2","mlkem-native","v1.2.0 (2507ff79a0acfec6e94a9a83709b5774491fdbb6)","ML-KEM-512","keygen",40,10663000,47584,True,""
"005a476d-ad7e-48a2-8d8f-f80ef1241b54","466c2634-387a-4cbb-a53d-afe8d7554ca9","2026-09-15T10:15:00Z","esp8266_xtensa_lx106_arduino","NATIVE_HARDWARE","xtensa_lx106","ESP8266 Xtensa LX106 80MHz",1,0,"FreeRTOS (ESP8266 RTOS via Arduino)","xtensa-lx106-elf-gcc","xtensa-lx106-elf-gcc (Espressif)","-O2","mlkem-native","v1.2.0 (2507ff79a0acfec6e94a9a83709b5774491fdbb6)","ML-KEM-512","encapsulation",40,13211000,47584,True,""
"005a476d-ad7e-48a2-8d8f-f80ef1241b54","466c2634-387a-4cbb-a53d-afe8d7554ca9","2026-09-15T10:15:00Z","esp8266_xtensa_lx106_arduino","NATIVE_HARDWARE","xtensa_lx106","ESP8266 Xtensa LX106 80MHz",1,0,"FreeRTOS (ESP8266 RTOS via Arduino)","xtensa-lx106-elf-gcc","xtensa-lx106-elf-gcc (Espressif)","-O2","mlkem-native","v1.2.0 (2507ff79a0acfec6e94a9a83709b5774491fdbb6)","ML-KEM-512","decapsulation",40,17140000,47584,True,""
"005a476d-ad7e-48a2-8d8f-f80ef1241b54","466c2634-387a-4cbb-a53d-afe8d7554ca9","2026-09-15T10:15:00Z","esp8266_xtensa_lx106_arduino","NATIVE_HARDWARE","xtensa_lx106","ESP8266 Xtensa LX106 80MHz",1,0,"FreeRTOS (ESP8266 RTOS via Arduino)","xtensa-lx106-elf-gcc","xtensa-lx106-elf-gcc (Espressif)","-O2","mlkem-native","v1.2.0 (2507ff79a0acfec6e94a9a83709b5774491fdbb6)","ML-KEM-512","keygen",41,10672000,47584,True,""
"005a476d-ad7e-48a2-8d8f-f80ef1241b54","466c2634-387a-4cbb-a53d-afe8d7554ca9","2026-09-15T10:15:00Z","esp8266_xtensa_lx106_arduino","NATIVE_HARDWARE","xtensa_lx106","ESP8266 Xtensa LX106 80MHz",1,0,"FreeRTOS (ESP8266 RTOS via Arduino)","xtensa-lx106-elf-gcc","xtensa-lx106-elf-gcc (Espressif)","-O2","mlkem-native","v1.2.0 (2507ff79a0acfec6e94a9a83709b5774491fdbb6)","ML-KEM-512","encapsulation",41,13226000,47584,True,""
"005a476d-ad7e-48a2-8d8f-f80ef1241b54","466c2634-387a-4cbb-a53d-afe8d7554ca9","2026-09-15T10:15:00Z","esp8266_xtensa_lx106_arduino","NATIVE_HARDWARE","xtensa_lx106","ESP8266 Xtensa LX106 80MHz",1,0,"FreeRTOS (ESP8266 RTOS via Arduino)","xtensa-lx106-elf-gcc","xtensa-lx106-elf-gcc (Espressif)","-O2","mlkem-native","v1.2.0 (2507ff79a0acfec6e94a9a83709b5774491fdbb6)","ML-KEM-512","decapsulation",41,17159000,47584,True,""
"005a476d-ad7e-48a2-8d8f-f80ef1241b54","466c2634-387a-4cbb-a53d-afe8d7554ca9","2026-09-15T10:15:00Z","esp8266_xtensa_lx106_arduino","NATIVE_HARDWARE","xtensa_lx106","ESP8266 Xtensa LX106 80MHz",1,0,"FreeRTOS (ESP8266 RTOS via Arduino)","xtensa-lx106-elf-gcc","xtensa-lx106-elf-gcc (Espressif)","-O2","mlkem-native","v1.2.0 (2507ff79a0acfec6e94a9a83709b5774491fdbb6)","ML-KEM-512","keygen",42,10659000,47584,True,""
"005a476d-ad7e-48a2-8d8f-f80ef1241b54","466c2634-387a-4cbb-a53d-afe8d7554ca9","2026-09-15T10:15:00Z","esp8266_xtensa_lx106_arduino","NATIVE_HARDWARE","xtensa_lx106","ESP8266 Xtensa LX106 80MHz",1,0,"FreeRTOS (ESP8266 RTOS via Arduino)","xtensa-lx106-elf-gcc","xtensa-lx106-elf-gcc (Espressif)","-O2","mlkem-native","v1.2.0 (2507ff79a0acfec6e94a9a83709b5774491fdbb6)","ML-KEM-512","encapsulation",42,13213000,47584,True,""
"005a476d-ad7e-48a2-8d8f-f80ef1241b54","466c2634-387a-4cbb-a53d-afe8d7554ca9","2026-09-15T10:15:00Z","esp8266_xtensa_lx106_arduino","NATIVE_HARDWARE","xtensa_lx106","ESP8266 Xtensa LX106 80MHz",1,0,"FreeRTOS (ESP8266 RTOS via Arduino)","xtensa-lx106-elf-gcc","xtensa-lx106-elf-gcc (Espressif)","-O2","mlkem-native","v1.2.0 (2507ff79a0acfec6e94a9a83709b5774491fdbb6)","ML-KEM-512","decapsulation",42,17147000,47584,True,""
"005a476d-ad7e-48a2-8d8f-f80ef1241b54","466c2634-387a-4cbb-a53d-afe8d7554ca9","2026-09-15T10:15:00Z","esp8266_xtensa_lx106_arduino","NATIVE_HARDWARE","xtensa_lx106","ESP8266 Xtensa LX106 80MHz",1,0,"FreeRTOS (ESP8266 RTOS via Arduino)","xtensa-lx106-elf-gcc","xtensa-lx106-elf-gcc (Espressif)","-O2","mlkem-native","v1.2.0 (2507ff79a0acfec6e94a9a83709b5774491fdbb6)","ML-KEM-512","keygen",43,10658000,47584,True,""
"005a476d-ad7e-48a2-8d8f-f80ef1241b54","466c2634-387a-4cbb-a53d-afe8d7554ca9","2026-09-15T10:15:00Z","esp8266_xtensa_lx106_arduino","NATIVE_HARDWARE","xtensa_lx106","ESP8266 Xtensa LX106 80MHz",1,0,"FreeRTOS (ESP8266 RTOS via Arduino)","xtensa-lx106-elf-gcc","xtensa-lx106-elf-gcc (Espressif)","-O2","mlkem-native","v1.2.0 (2507ff79a0acfec6e94a9a83709b5774491fdbb6)","ML-KEM-512","encapsulation",43,13214000,47584,True,""
"005a476d-ad7e-48a2-8d8f-f80ef1241b54","466c2634-387a-4cbb-a53d-afe8d7554ca9","2026-09-15T10:15:00Z","esp8266_xtensa_lx106_arduino","NATIVE_HARDWARE","xtensa_lx106","ESP8266 Xtensa LX106 80MHz",1,0,"FreeRTOS (ESP8266 RTOS via Arduino)","xtensa-lx106-elf-gcc","xtensa-lx106-elf-gcc (Espressif)","-O2","mlkem-native","v1.2.0 (2507ff79a0acfec6e94a9a83709b5774491fdbb6)","ML-KEM-512","decapsulation",43,17147000,47584,True,""
"005a476d-ad7e-48a2-8d8f-f80ef1241b54","466c2634-387a-4cbb-a53d-afe8d7554ca9","2026-09-15T10:15:00Z","esp8266_xtensa_lx106_arduino","NATIVE_HARDWARE","xtensa_lx106","ESP8266 Xtensa LX106 80MHz",1,0,"FreeRTOS (ESP8266 RTOS via Arduino)","xtensa-lx106-elf-gcc","xtensa-lx106-elf-gcc (Espressif)","-O2","mlkem-native","v1.2.0 (2507ff79a0acfec6e94a9a83709b5774491fdbb6)","ML-KEM-512","keygen",44,10663000,47584,True,""
"005a476d-ad7e-48a2-8d8f-f80ef1241b54","466c2634-387a-4cbb-a53d-afe8d7554ca9","2026-09-15T10:15:00Z","esp8266_xtensa_lx106_arduino","NATIVE_HARDWARE","xtensa_lx106","ESP8266 Xtensa LX106 80MHz",1,0,"FreeRTOS (ESP8266 RTOS via Arduino)","xtensa-lx106-elf-gcc","xtensa-lx106-elf-gcc (Espressif)","-O2","mlkem-native","v1.2.0 (2507ff79a0acfec6e94a9a83709b5774491fdbb6)","ML-KEM-512","encapsulation",44,13218000,47584,True,""
"005a476d-ad7e-48a2-8d8f-f80ef1241b54","466c2634-387a-4cbb-a53d-afe8d7554ca9","2026-09-15T10:15:00Z","esp8266_xtensa_lx106_arduino","NATIVE_HARDWARE","xtensa_lx106","ESP8266 Xtensa LX106 80MHz",1,0,"FreeRTOS (ESP8266 RTOS via Arduino)","xtensa-lx106-elf-gcc","xtensa-lx106-elf-gcc (Espressif)","-O2","mlkem-native","v1.2.0 (2507ff79a0acfec6e94a9a83709b5774491fdbb6)","ML-KEM-512","decapsulation",44,17152000,47584,True,""
"005a476d-ad7e-48a2-8d8f-f80ef1241b54","466c2634-387a-4cbb-a53d-afe8d7554ca9","2026-09-15T10:15:00Z","esp8266_xtensa_lx106_arduino","NATIVE_HARDWARE","xtensa_lx106","ESP8266 Xtensa LX106 80MHz",1,0,"FreeRTOS (ESP8266 RTOS via Arduino)","xtensa-lx106-elf-gcc","xtensa-lx106-elf-gcc (Espressif)","-O2","mlkem-native","v1.2.0 (2507ff79a0acfec6e94a9a83709b5774491fdbb6)","ML-KEM-512","keygen",45,10664000,47584,True,""
"005a476d-ad7e-48a2-8d8f-f80ef1241b54","466c2634-387a-4cbb-a53d-afe8d7554ca9","2026-09-15T10:15:00Z","esp8266_xtensa_lx106_arduino","NATIVE_HARDWARE","xtensa_lx106","ESP8266 Xtensa LX106 80MHz",1,0,"FreeRTOS (ESP8266 RTOS via Arduino)","xtensa-lx106-elf-gcc","xtensa-lx106-elf-gcc (Espressif)","-O2","mlkem-native","v1.2.0 (2507ff79a0acfec6e94a9a83709b5774491fdbb6)","ML-KEM-512","encapsulation",45,13219000,47584,True,""
"005a476d-ad7e-48a2-8d8f-f80ef1241b54","466c2634-387a-4cbb-a53d-afe8d7554ca9","2026-09-15T10:15:00Z","esp8266_xtensa_lx106_arduino","NATIVE_HARDWARE","xtensa_lx106","ESP8266 Xtensa LX106 80MHz",1,0,"FreeRTOS (ESP8266 RTOS via Arduino)","xtensa-lx106-elf-gcc","xtensa-lx106-elf-gcc (Espressif)","-O2","mlkem-native","v1.2.0 (2507ff79a0acfec6e94a9a83709b5774491fdbb6)","ML-KEM-512","decapsulation",45,17152000,47584,True,""
"005a476d-ad7e-48a2-8d8f-f80ef1241b54","466c2634-387a-4cbb-a53d-afe8d7554ca9","2026-09-15T10:15:00Z","esp8266_xtensa_lx106_arduino","NATIVE_HARDWARE","xtensa_lx106","ESP8266 Xtensa LX106 80MHz",1,0,"FreeRTOS (ESP8266 RTOS via Arduino)","xtensa-lx106-elf-gcc","xtensa-lx106-elf-gcc (Espressif)","-O2","mlkem-native","v1.2.0 (2507ff79a0acfec6e94a9a83709b5774491fdbb6)","ML-KEM-512","keygen",46,10665000,47584,True,""
"005a476d-ad7e-48a2-8d8f-f80ef1241b54","466c2634-387a-4cbb-a53d-afe8d7554ca9","2026-09-15T10:15:00Z","esp8266_xtensa_lx106_arduino","NATIVE_HARDWARE","xtensa_lx106","ESP8266 Xtensa LX106 80MHz",1,0,"FreeRTOS (ESP8266 RTOS via Arduino)","xtensa-lx106-elf-gcc","xtensa-lx106-elf-gcc (Espressif)","-O2","mlkem-native","v1.2.0 (2507ff79a0acfec6e94a9a83709b5774491fdbb6)","ML-KEM-512","encapsulation",46,13213000,47584,True,""
"005a476d-ad7e-48a2-8d8f-f80ef1241b54","466c2634-387a-4cbb-a53d-afe8d7554ca9","2026-09-15T10:15:00Z","esp8266_xtensa_lx106_arduino","NATIVE_HARDWARE","xtensa_lx106","ESP8266 Xtensa LX106 80MHz",1,0,"FreeRTOS (ESP8266 RTOS via Arduino)","xtensa-lx106-elf-gcc","xtensa-lx106-elf-gcc (Espressif)","-O2","mlkem-native","v1.2.0 (2507ff79a0acfec6e94a9a83709b5774491fdbb6)","ML-KEM-512","decapsulation",46,17147000,47584,True,""
"005a476d-ad7e-48a2-8d8f-f80ef1241b54","466c2634-387a-4cbb-a53d-afe8d7554ca9","2026-09-15T10:15:00Z","esp8266_xtensa_lx106_arduino","NATIVE_HARDWARE","xtensa_lx106","ESP8266 Xtensa LX106 80MHz",1,0,"FreeRTOS (ESP8266 RTOS via Arduino)","xtensa-lx106-elf-gcc","xtensa-lx106-elf-gcc (Espressif)","-O2","mlkem-native","v1.2.0 (2507ff79a0acfec6e94a9a83709b5774491fdbb6)","ML-KEM-512","keygen",47,10659000,47584,True,""
"005a476d-ad7e-48a2-8d8f-f80ef1241b54","466c2634-387a-4cbb-a53d-afe8d7554ca9","2026-09-15T10:15:00Z","esp8266_xtensa_lx106_arduino","NATIVE_HARDWARE","xtensa_lx106","ESP8266 Xtensa LX106 80MHz",1,0,"FreeRTOS (ESP8266 RTOS via Arduino)","xtensa-lx106-elf-gcc","xtensa-lx106-elf-gcc (Espressif)","-O2","mlkem-native","v1.2.0 (2507ff79a0acfec6e94a9a83709b5774491fdbb6)","ML-KEM-512","encapsulation",47,13220000,47584,True,""
"005a476d-ad7e-48a2-8d8f-f80ef1241b54","466c2634-387a-4cbb-a53d-afe8d7554ca9","2026-09-15T10:15:00Z","esp8266_xtensa_lx106_arduino","NATIVE_HARDWARE","xtensa_lx106","ESP8266 Xtensa LX106 80MHz",1,0,"FreeRTOS (ESP8266 RTOS via Arduino)","xtensa-lx106-elf-gcc","xtensa-lx106-elf-gcc (Espressif)","-O2","mlkem-native","v1.2.0 (2507ff79a0acfec6e94a9a83709b5774491fdbb6)","ML-KEM-512","decapsulation",47,17149000,47584,True,""
"005a476d-ad7e-48a2-8d8f-f80ef1241b54","466c2634-387a-4cbb-a53d-afe8d7554ca9","2026-09-15T10:15:00Z","esp8266_xtensa_lx106_arduino","NATIVE_HARDWARE","xtensa_lx106","ESP8266 Xtensa LX106 80MHz",1,0,"FreeRTOS (ESP8266 RTOS via Arduino)","xtensa-lx106-elf-gcc","xtensa-lx106-elf-gcc (Espressif)","-O2","mlkem-native","v1.2.0 (2507ff79a0acfec6e94a9a83709b5774491fdbb6)","ML-KEM-512","keygen",48,10663000,47584,True,""
"005a476d-ad7e-48a2-8d8f-f80ef1241b54","466c2634-387a-4cbb-a53d-afe8d7554ca9","2026-09-15T10:15:00Z","esp8266_xtensa_lx106_arduino","NATIVE_HARDWARE","xtensa_lx106","ESP8266 Xtensa LX106 80MHz",1,0,"FreeRTOS (ESP8266 RTOS via Arduino)","xtensa-lx106-elf-gcc","xtensa-lx106-elf-gcc (Espressif)","-O2","mlkem-native","v1.2.0 (2507ff79a0acfec6e94a9a83709b5774491fdbb6)","ML-KEM-512","encapsulation",48,13219000,47584,True,""
"005a476d-ad7e-48a2-8d8f-f80ef1241b54","466c2634-387a-4cbb-a53d-afe8d7554ca9","2026-09-15T10:15:00Z","esp8266_xtensa_lx106_arduino","NATIVE_HARDWARE","xtensa_lx106","ESP8266 Xtensa LX106 80MHz",1,0,"FreeRTOS (ESP8266 RTOS via Arduino)","xtensa-lx106-elf-gcc","xtensa-lx106-elf-gcc (Espressif)","-O2","mlkem-native","v1.2.0 (2507ff79a0acfec6e94a9a83709b5774491fdbb6)","ML-KEM-512","decapsulation",48,17151000,47584,True,""
"005a476d-ad7e-48a2-8d8f-f80ef1241b54","466c2634-387a-4cbb-a53d-afe8d7554ca9","2026-09-15T10:15:00Z","esp8266_xtensa_lx106_arduino","NATIVE_HARDWARE","xtensa_lx106","ESP8266 Xtensa LX106 80MHz",1,0,"FreeRTOS (ESP8266 RTOS via Arduino)","xtensa-lx106-elf-gcc","xtensa-lx106-elf-gcc (Espressif)","-O2","mlkem-native","v1.2.0 (2507ff79a0acfec6e94a9a83709b5774491fdbb6)","ML-KEM-512","keygen",49,10663000,47584,True,""
"005a476d-ad7e-48a2-8d8f-f80ef1241b54","466c2634-387a-4cbb-a53d-afe8d7554ca9","2026-09-15T10:15:00Z","esp8266_xtensa_lx106_arduino","NATIVE_HARDWARE","xtensa_lx106","ESP8266 Xtensa LX106 80MHz",1,0,"FreeRTOS (ESP8266 RTOS via Arduino)","xtensa-lx106-elf-gcc","xtensa-lx106-elf-gcc (Espressif)","-O2","mlkem-native","v1.2.0 (2507ff79a0acfec6e94a9a83709b5774491fdbb6)","ML-KEM-512","encapsulation",49,13218000,47584,True,""
"005a476d-ad7e-48a2-8d8f-f80ef1241b54","466c2634-387a-4cbb-a53d-afe8d7554ca9","2026-09-15T10:15:00Z","esp8266_xtensa_lx106_arduino","NATIVE_HARDWARE","xtensa_lx106","ESP8266 Xtensa LX106 80MHz",1,0,"FreeRTOS (ESP8266 RTOS via Arduino)","xtensa-lx106-elf-gcc","xtensa-lx106-elf-gcc (Espressif)","-O2","mlkem-native","v1.2.0 (2507ff79a0acfec6e94a9a83709b5774491fdbb6)","ML-KEM-512","decapsulation",49,17152000,47584,True,""
"005a476d-ad7e-48a2-8d8f-f80ef1241b54","466c2634-387a-4cbb-a53d-afe8d7554ca9","2026-09-15T10:15:00Z","esp8266_xtensa_lx106_arduino","NATIVE_HARDWARE","xtensa_lx106","ESP8266 Xtensa LX106 80MHz",1,0,"FreeRTOS (ESP8266 RTOS via Arduino)","xtensa-lx106-elf-gcc","xtensa-lx106-elf-gcc (Espressif)","-O2","mlkem-native","v1.2.0 (2507ff79a0acfec6e94a9a83709b5774491fdbb6)","ML-KEM-512","keygen",50,10663000,47584,True,""
"005a476d-ad7e-48a2-8d8f-f80ef1241b54","466c2634-387a-4cbb-a53d-afe8d7554ca9","2026-09-15T10:15:00Z","esp8266_xtensa_lx106_arduino","NATIVE_HARDWARE","xtensa_lx106","ESP8266 Xtensa LX106 80MHz",1,0,"FreeRTOS (ESP8266 RTOS via Arduino)","xtensa-lx106-elf-gcc","xtensa-lx106-elf-gcc (Espressif)","-O2","mlkem-native","v1.2.0 (2507ff79a0acfec6e94a9a83709b5774491fdbb6)","ML-KEM-512","encapsulation",50,13214000,47584,True,""
"005a476d-ad7e-48a2-8d8f-f80ef1241b54","466c2634-387a-4cbb-a53d-afe8d7554ca9","2026-09-15T10:15:00Z","esp8266_xtensa_lx106_arduino","NATIVE_HARDWARE","xtensa_lx106","ESP8266 Xtensa LX106 80MHz",1,0,"FreeRTOS (ESP8266 RTOS via Arduino)","xtensa-lx106-elf-gcc","xtensa-lx106-elf-gcc (Espressif)","-O2","mlkem-native","v1.2.0 (2507ff79a0acfec6e94a9a83709b5774491fdbb6)","ML-KEM-512","decapsulation",50,17145000,47584,True,""
"005a476d-ad7e-48a2-8d8f-f80ef1241b54","466c2634-387a-4cbb-a53d-afe8d7554ca9","2026-09-15T10:15:00Z","esp8266_xtensa_lx106_arduino","NATIVE_HARDWARE","xtensa_lx106","ESP8266 Xtensa LX106 80MHz",1,0,"FreeRTOS (ESP8266 RTOS via Arduino)","xtensa-lx106-elf-gcc","xtensa-lx106-elf-gcc (Espressif)","-O2","mlkem-native","v1.2.0 (2507ff79a0acfec6e94a9a83709b5774491fdbb6)","ML-KEM-512","keygen",51,10667000,47584,True,""
"005a476d-ad7e-48a2-8d8f-f80ef1241b54","466c2634-387a-4cbb-a53d-afe8d7554ca9","2026-09-15T10:15:00Z","esp8266_xtensa_lx106_arduino","NATIVE_HARDWARE","xtensa_lx106","ESP8266 Xtensa LX106 80MHz",1,0,"FreeRTOS (ESP8266 RTOS via Arduino)","xtensa-lx106-elf-gcc","xtensa-lx106-elf-gcc (Espressif)","-O2","mlkem-native","v1.2.0 (2507ff79a0acfec6e94a9a83709b5774491fdbb6)","ML-KEM-512","encapsulation",51,13219000,47584,True,""
"005a476d-ad7e-48a2-8d8f-f80ef1241b54","466c2634-387a-4cbb-a53d-afe8d7554ca9","2026-09-15T10:15:00Z","esp8266_xtensa_lx106_arduino","NATIVE_HARDWARE","xtensa_lx106","ESP8266 Xtensa LX106 80MHz",1,0,"FreeRTOS (ESP8266 RTOS via Arduino)","xtensa-lx106-elf-gcc","xtensa-lx106-elf-gcc (Espressif)","-O2","mlkem-native","v1.2.0 (2507ff79a0acfec6e94a9a83709b5774491fdbb6)","ML-KEM-512","decapsulation",51,17150000,47584,True,""
"005a476d-ad7e-48a2-8d8f-f80ef1241b54","466c2634-387a-4cbb-a53d-afe8d7554ca9","2026-09-15T10:15:00Z","esp8266_xtensa_lx106_arduino","NATIVE_HARDWARE","xtensa_lx106","ESP8266 Xtensa LX106 80MHz",1,0,"FreeRTOS (ESP8266 RTOS via Arduino)","xtensa-lx106-elf-gcc","xtensa-lx106-elf-gcc (Espressif)","-O2","mlkem-native","v1.2.0 (2507ff79a0acfec6e94a9a83709b5774491fdbb6)","ML-KEM-512","keygen",52,10663000,47584,True,""
"005a476d-ad7e-48a2-8d8f-f80ef1241b54","466c2634-387a-4cbb-a53d-afe8d7554ca9","2026-09-15T10:15:00Z","esp8266_xtensa_lx106_arduino","NATIVE_HARDWARE","xtensa_lx106","ESP8266 Xtensa LX106 80MHz",1,0,"FreeRTOS (ESP8266 RTOS via Arduino)","xtensa-lx106-elf-gcc","xtensa-lx106-elf-gcc (Espressif)","-O2","mlkem-native","v1.2.0 (2507ff79a0acfec6e94a9a83709b5774491fdbb6)","ML-KEM-512","encapsulation",52,13214000,47584,True,""
"005a476d-ad7e-48a2-8d8f-f80ef1241b54","466c2634-387a-4cbb-a53d-afe8d7554ca9","2026-09-15T10:15:00Z","esp8266_xtensa_lx106_arduino","NATIVE_HARDWARE","xtensa_lx106","ESP8266 Xtensa LX106 80MHz",1,0,"FreeRTOS (ESP8266 RTOS via Arduino)","xtensa-lx106-elf-gcc","xtensa-lx106-elf-gcc (Espressif)","-O2","mlkem-native","v1.2.0 (2507ff79a0acfec6e94a9a83709b5774491fdbb6)","ML-KEM-512","decapsulation",52,17145000,47584,True,""
"005a476d-ad7e-48a2-8d8f-f80ef1241b54","466c2634-387a-4cbb-a53d-afe8d7554ca9","2026-09-15T10:15:00Z","esp8266_xtensa_lx106_arduino","NATIVE_HARDWARE","xtensa_lx106","ESP8266 Xtensa LX106 80MHz",1,0,"FreeRTOS (ESP8266 RTOS via Arduino)","xtensa-lx106-elf-gcc","xtensa-lx106-elf-gcc (Espressif)","-O2","mlkem-native","v1.2.0 (2507ff79a0acfec6e94a9a83709b5774491fdbb6)","ML-KEM-512","keygen",53,10659000,47584,True,""
"005a476d-ad7e-48a2-8d8f-f80ef1241b54","466c2634-387a-4cbb-a53d-afe8d7554ca9","2026-09-15T10:15:00Z","esp8266_xtensa_lx106_arduino","NATIVE_HARDWARE","xtensa_lx106","ESP8266 Xtensa LX106 80MHz",1,0,"FreeRTOS (ESP8266 RTOS via Arduino)","xtensa-lx106-elf-gcc","xtensa-lx106-elf-gcc (Espressif)","-O2","mlkem-native","v1.2.0 (2507ff79a0acfec6e94a9a83709b5774491fdbb6)","ML-KEM-512","encapsulation",53,13214000,47584,True,""
"005a476d-ad7e-48a2-8d8f-f80ef1241b54","466c2634-387a-4cbb-a53d-afe8d7554ca9","2026-09-15T10:15:00Z","esp8266_xtensa_lx106_arduino","NATIVE_HARDWARE","xtensa_lx106","ESP8266 Xtensa LX106 80MHz",1,0,"FreeRTOS (ESP8266 RTOS via Arduino)","xtensa-lx106-elf-gcc","xtensa-lx106-elf-gcc (Espressif)","-O2","mlkem-native","v1.2.0 (2507ff79a0acfec6e94a9a83709b5774491fdbb6)","ML-KEM-512","decapsulation",53,17145000,47584,True,""
"005a476d-ad7e-48a2-8d8f-f80ef1241b54","466c2634-387a-4cbb-a53d-afe8d7554ca9","2026-09-15T10:15:00Z","esp8266_xtensa_lx106_arduino","NATIVE_HARDWARE","xtensa_lx106","ESP8266 Xtensa LX106 80MHz",1,0,"FreeRTOS (ESP8266 RTOS via Arduino)","xtensa-lx106-elf-gcc","xtensa-lx106-elf-gcc (Espressif)","-O2","mlkem-native","v1.2.0 (2507ff79a0acfec6e94a9a83709b5774491fdbb6)","ML-KEM-512","keygen",54,10662000,47584,True,""
"005a476d-ad7e-48a2-8d8f-f80ef1241b54","466c2634-387a-4cbb-a53d-afe8d7554ca9","2026-09-15T10:15:00Z","esp8266_xtensa_lx106_arduino","NATIVE_HARDWARE","xtensa_lx106","ESP8266 Xtensa LX106 80MHz",1,0,"FreeRTOS (ESP8266 RTOS via Arduino)","xtensa-lx106-elf-gcc","xtensa-lx106-elf-gcc (Espressif)","-O2","mlkem-native","v1.2.0 (2507ff79a0acfec6e94a9a83709b5774491fdbb6)","ML-KEM-512","encapsulation",54,13215000,47584,True,""
"005a476d-ad7e-48a2-8d8f-f80ef1241b54","466c2634-387a-4cbb-a53d-afe8d7554ca9","2026-09-15T10:15:00Z","esp8266_xtensa_lx106_arduino","NATIVE_HARDWARE","xtensa_lx106","ESP8266 Xtensa LX106 80MHz",1,0,"FreeRTOS (ESP8266 RTOS via Arduino)","xtensa-lx106-elf-gcc","xtensa-lx106-elf-gcc (Espressif)","-O2","mlkem-native","v1.2.0 (2507ff79a0acfec6e94a9a83709b5774491fdbb6)","ML-KEM-512","decapsulation",54,17146000,47584,True,""
"005a476d-ad7e-48a2-8d8f-f80ef1241b54","466c2634-387a-4cbb-a53d-afe8d7554ca9","2026-09-15T10:15:00Z","esp8266_xtensa_lx106_arduino","NATIVE_HARDWARE","xtensa_lx106","ESP8266 Xtensa LX106 80MHz",1,0,"FreeRTOS (ESP8266 RTOS via Arduino)","xtensa-lx106-elf-gcc","xtensa-lx106-elf-gcc (Espressif)","-O2","mlkem-native","v1.2.0 (2507ff79a0acfec6e94a9a83709b5774491fdbb6)","ML-KEM-512","keygen",55,10659000,47584,True,""
"005a476d-ad7e-48a2-8d8f-f80ef1241b54","466c2634-387a-4cbb-a53d-afe8d7554ca9","2026-09-15T10:15:00Z","esp8266_xtensa_lx106_arduino","NATIVE_HARDWARE","xtensa_lx106","ESP8266 Xtensa LX106 80MHz",1,0,"FreeRTOS (ESP8266 RTOS via Arduino)","xtensa-lx106-elf-gcc","xtensa-lx106-elf-gcc (Espressif)","-O2","mlkem-native","v1.2.0 (2507ff79a0acfec6e94a9a83709b5774491fdbb6)","ML-KEM-512","encapsulation",55,13215000,47584,True,""
"005a476d-ad7e-48a2-8d8f-f80ef1241b54","466c2634-387a-4cbb-a53d-afe8d7554ca9","2026-09-15T10:15:00Z","esp8266_xtensa_lx106_arduino","NATIVE_HARDWARE","xtensa_lx106","ESP8266 Xtensa LX106 80MHz",1,0,"FreeRTOS (ESP8266 RTOS via Arduino)","xtensa-lx106-elf-gcc","xtensa-lx106-elf-gcc (Espressif)","-O2","mlkem-native","v1.2.0 (2507ff79a0acfec6e94a9a83709b5774491fdbb6)","ML-KEM-512","decapsulation",55,17152000,47584,True,""
"005a476d-ad7e-48a2-8d8f-f80ef1241b54","466c2634-387a-4cbb-a53d-afe8d7554ca9","2026-09-15T10:15:00Z","esp8266_xtensa_lx106_arduino","NATIVE_HARDWARE","xtensa_lx106","ESP8266 Xtensa LX106 80MHz",1,0,"FreeRTOS (ESP8266 RTOS via Arduino)","xtensa-lx106-elf-gcc","xtensa-lx106-elf-gcc (Espressif)","-O2","mlkem-native","v1.2.0 (2507ff79a0acfec6e94a9a83709b5774491fdbb6)","ML-KEM-512","keygen",56,10662000,47584,True,""
"005a476d-ad7e-48a2-8d8f-f80ef1241b54","466c2634-387a-4cbb-a53d-afe8d7554ca9","2026-09-15T10:15:00Z","esp8266_xtensa_lx106_arduino","NATIVE_HARDWARE","xtensa_lx106","ESP8266 Xtensa LX106 80MHz",1,0,"FreeRTOS (ESP8266 RTOS via Arduino)","xtensa-lx106-elf-gcc","xtensa-lx106-elf-gcc (Espressif)","-O2","mlkem-native","v1.2.0 (2507ff79a0acfec6e94a9a83709b5774491fdbb6)","ML-KEM-512","encapsulation",56,13220000,47584,True,""
"005a476d-ad7e-48a2-8d8f-f80ef1241b54","466c2634-387a-4cbb-a53d-afe8d7554ca9","2026-09-15T10:15:00Z","esp8266_xtensa_lx106_arduino","NATIVE_HARDWARE","xtensa_lx106","ESP8266 Xtensa LX106 80MHz",1,0,"FreeRTOS (ESP8266 RTOS via Arduino)","xtensa-lx106-elf-gcc","xtensa-lx106-elf-gcc (Espressif)","-O2","mlkem-native","v1.2.0 (2507ff79a0acfec6e94a9a83709b5774491fdbb6)","ML-KEM-512","decapsulation",56,17153000,47584,True,""
"005a476d-ad7e-48a2-8d8f-f80ef1241b54","466c2634-387a-4cbb-a53d-afe8d7554ca9","2026-09-15T10:15:00Z","esp8266_xtensa_lx106_arduino","NATIVE_HARDWARE","xtensa_lx106","ESP8266 Xtensa LX106 80MHz",1,0,"FreeRTOS (ESP8266 RTOS via Arduino)","xtensa-lx106-elf-gcc","xtensa-lx106-elf-gcc (Espressif)","-O2","mlkem-native","v1.2.0 (2507ff79a0acfec6e94a9a83709b5774491fdbb6)","ML-KEM-512","keygen",57,10663000,47584,True,""
"005a476d-ad7e-48a2-8d8f-f80ef1241b54","466c2634-387a-4cbb-a53d-afe8d7554ca9","2026-09-15T10:15:00Z","esp8266_xtensa_lx106_arduino","NATIVE_HARDWARE","xtensa_lx106","ESP8266 Xtensa LX106 80MHz",1,0,"FreeRTOS (ESP8266 RTOS via Arduino)","xtensa-lx106-elf-gcc","xtensa-lx106-elf-gcc (Espressif)","-O2","mlkem-native","v1.2.0 (2507ff79a0acfec6e94a9a83709b5774491fdbb6)","ML-KEM-512","encapsulation",57,13220000,47584,True,""
"005a476d-ad7e-48a2-8d8f-f80ef1241b54","466c2634-387a-4cbb-a53d-afe8d7554ca9","2026-09-15T10:15:00Z","esp8266_xtensa_lx106_arduino","NATIVE_HARDWARE","xtensa_lx106","ESP8266 Xtensa LX106 80MHz",1,0,"FreeRTOS (ESP8266 RTOS via Arduino)","xtensa-lx106-elf-gcc","xtensa-lx106-elf-gcc (Espressif)","-O2","mlkem-native","v1.2.0 (2507ff79a0acfec6e94a9a83709b5774491fdbb6)","ML-KEM-512","decapsulation",57,17150000,47584,True,""
"005a476d-ad7e-48a2-8d8f-f80ef1241b54","466c2634-387a-4cbb-a53d-afe8d7554ca9","2026-09-15T10:15:00Z","esp8266_xtensa_lx106_arduino","NATIVE_HARDWARE","xtensa_lx106","ESP8266 Xtensa LX106 80MHz",1,0,"FreeRTOS (ESP8266 RTOS via Arduino)","xtensa-lx106-elf-gcc","xtensa-lx106-elf-gcc (Espressif)","-O2","mlkem-native","v1.2.0 (2507ff79a0acfec6e94a9a83709b5774491fdbb6)","ML-KEM-512","keygen",58,10656000,47584,True,""
"005a476d-ad7e-48a2-8d8f-f80ef1241b54","466c2634-387a-4cbb-a53d-afe8d7554ca9","2026-09-15T10:15:00Z","esp8266_xtensa_lx106_arduino","NATIVE_HARDWARE","xtensa_lx106","ESP8266 Xtensa LX106 80MHz",1,0,"FreeRTOS (ESP8266 RTOS via Arduino)","xtensa-lx106-elf-gcc","xtensa-lx106-elf-gcc (Espressif)","-O2","mlkem-native","v1.2.0 (2507ff79a0acfec6e94a9a83709b5774491fdbb6)","ML-KEM-512","encapsulation",58,13213000,47584,True,""
"005a476d-ad7e-48a2-8d8f-f80ef1241b54","466c2634-387a-4cbb-a53d-afe8d7554ca9","2026-09-15T10:15:00Z","esp8266_xtensa_lx106_arduino","NATIVE_HARDWARE","xtensa_lx106","ESP8266 Xtensa LX106 80MHz",1,0,"FreeRTOS (ESP8266 RTOS via Arduino)","xtensa-lx106-elf-gcc","xtensa-lx106-elf-gcc (Espressif)","-O2","mlkem-native","v1.2.0 (2507ff79a0acfec6e94a9a83709b5774491fdbb6)","ML-KEM-512","decapsulation",58,17145000,47584,True,""
"005a476d-ad7e-48a2-8d8f-f80ef1241b54","466c2634-387a-4cbb-a53d-afe8d7554ca9","2026-09-15T10:15:00Z","esp8266_xtensa_lx106_arduino","NATIVE_HARDWARE","xtensa_lx106","ESP8266 Xtensa LX106 80MHz",1,0,"FreeRTOS (ESP8266 RTOS via Arduino)","xtensa-lx106-elf-gcc","xtensa-lx106-elf-gcc (Espressif)","-O2","mlkem-native","v1.2.0 (2507ff79a0acfec6e94a9a83709b5774491fdbb6)","ML-KEM-512","keygen",59,10668000,47584,True,""
"005a476d-ad7e-48a2-8d8f-f80ef1241b54","466c2634-387a-4cbb-a53d-afe8d7554ca9","2026-09-15T10:15:00Z","esp8266_xtensa_lx106_arduino","NATIVE_HARDWARE","xtensa_lx106","ESP8266 Xtensa LX106 80MHz",1,0,"FreeRTOS (ESP8266 RTOS via Arduino)","xtensa-lx106-elf-gcc","xtensa-lx106-elf-gcc (Espressif)","-O2","mlkem-native","v1.2.0 (2507ff79a0acfec6e94a9a83709b5774491fdbb6)","ML-KEM-512","encapsulation",59,13217000,47584,True,""
"005a476d-ad7e-48a2-8d8f-f80ef1241b54","466c2634-387a-4cbb-a53d-afe8d7554ca9","2026-09-15T10:15:00Z","esp8266_xtensa_lx106_arduino","NATIVE_HARDWARE","xtensa_lx106","ESP8266 Xtensa LX106 80MHz",1,0,"FreeRTOS (ESP8266 RTOS via Arduino)","xtensa-lx106-elf-gcc","xtensa-lx106-elf-gcc (Espressif)","-O2","mlkem-native","v1.2.0 (2507ff79a0acfec6e94a9a83709b5774491fdbb6)","ML-KEM-512","decapsulation",59,17150000,47584,True,""
"005a476d-ad7e-48a2-8d8f-f80ef1241b54","466c2634-387a-4cbb-a53d-afe8d7554ca9","2026-09-15T10:15:00Z","esp8266_xtensa_lx106_arduino","NATIVE_HARDWARE","xtensa_lx106","ESP8266 Xtensa LX106 80MHz",1,0,"FreeRTOS (ESP8266 RTOS via Arduino)","xtensa-lx106-elf-gcc","xtensa-lx106-elf-gcc (Espressif)","-O2","mlkem-native","v1.2.0 (2507ff79a0acfec6e94a9a83709b5774491fdbb6)","ML-KEM-512","keygen",60,10657000,47584,True,""
"005a476d-ad7e-48a2-8d8f-f80ef1241b54","466c2634-387a-4cbb-a53d-afe8d7554ca9","2026-09-15T10:15:00Z","esp8266_xtensa_lx106_arduino","NATIVE_HARDWARE","xtensa_lx106","ESP8266 Xtensa LX106 80MHz",1,0,"FreeRTOS (ESP8266 RTOS via Arduino)","xtensa-lx106-elf-gcc","xtensa-lx106-elf-gcc (Espressif)","-O2","mlkem-native","v1.2.0 (2507ff79a0acfec6e94a9a83709b5774491fdbb6)","ML-KEM-512","encapsulation",60,13213000,47584,True,""
"005a476d-ad7e-48a2-8d8f-f80ef1241b54","466c2634-387a-4cbb-a53d-afe8d7554ca9","2026-09-15T10:15:00Z","esp8266_xtensa_lx106_arduino","NATIVE_HARDWARE","xtensa_lx106","ESP8266 Xtensa LX106 80MHz",1,0,"FreeRTOS (ESP8266 RTOS via Arduino)","xtensa-lx106-elf-gcc","xtensa-lx106-elf-gcc (Espressif)","-O2","mlkem-native","v1.2.0 (2507ff79a0acfec6e94a9a83709b5774491fdbb6)","ML-KEM-512","decapsulation",60,17145000,47584,True,""
"c3b492ac-b0eb-411f-8667-7489ad4f192e","acb83844-6bfe-471e-846b-5697a917d4c2","2026-09-15T10:15:00Z","esp8266_xtensa_lx106_arduino","NATIVE_HARDWARE","xtensa_lx106","ESP8266 Xtensa LX106 80MHz",1,0,"FreeRTOS (ESP8266 RTOS via Arduino)","xtensa-lx106-elf-gcc","xtensa-lx106-elf-gcc (Espressif)","-O2","mlkem-native","v1.2.0 (2507ff79a0acfec6e94a9a83709b5774491fdbb6)","ML-KEM-512","keygen",61,11750000,47584,True,""
"c3b492ac-b0eb-411f-8667-7489ad4f192e","acb83844-6bfe-471e-846b-5697a917d4c2","2026-09-15T10:15:00Z","esp8266_xtensa_lx106_arduino","NATIVE_HARDWARE","xtensa_lx106","ESP8266 Xtensa LX106 80MHz",1,0,"FreeRTOS (ESP8266 RTOS via Arduino)","xtensa-lx106-elf-gcc","xtensa-lx106-elf-gcc (Espressif)","-O2","mlkem-native","v1.2.0 (2507ff79a0acfec6e94a9a83709b5774491fdbb6)","ML-KEM-512","encapsulation",61,13583000,47584,True,""
"c3b492ac-b0eb-411f-8667-7489ad4f192e","acb83844-6bfe-471e-846b-5697a917d4c2","2026-09-15T10:15:00Z","esp8266_xtensa_lx106_arduino","NATIVE_HARDWARE","xtensa_lx106","ESP8266 Xtensa LX106 80MHz",1,0,"FreeRTOS (ESP8266 RTOS via Arduino)","xtensa-lx106-elf-gcc","xtensa-lx106-elf-gcc (Espressif)","-O2","mlkem-native","v1.2.0 (2507ff79a0acfec6e94a9a83709b5774491fdbb6)","ML-KEM-512","decapsulation",61,17246000,47584,True,""
"c3b492ac-b0eb-411f-8667-7489ad4f192e","acb83844-6bfe-471e-846b-5697a917d4c2","2026-09-15T10:15:00Z","esp8266_xtensa_lx106_arduino","NATIVE_HARDWARE","xtensa_lx106","ESP8266 Xtensa LX106 80MHz",1,0,"FreeRTOS (ESP8266 RTOS via Arduino)","xtensa-lx106-elf-gcc","xtensa-lx106-elf-gcc (Espressif)","-O2","mlkem-native","v1.2.0 (2507ff79a0acfec6e94a9a83709b5774491fdbb6)","ML-KEM-512","keygen",62,10661000,47584,True,""
"c3b492ac-b0eb-411f-8667-7489ad4f192e","acb83844-6bfe-471e-846b-5697a917d4c2","2026-09-15T10:15:00Z","esp8266_xtensa_lx106_arduino","NATIVE_HARDWARE","xtensa_lx106","ESP8266 Xtensa LX106 80MHz",1,0,"FreeRTOS (ESP8266 RTOS via Arduino)","xtensa-lx106-elf-gcc","xtensa-lx106-elf-gcc (Espressif)","-O2","mlkem-native","v1.2.0 (2507ff79a0acfec6e94a9a83709b5774491fdbb6)","ML-KEM-512","encapsulation",62,13211000,47584,True,""
"c3b492ac-b0eb-411f-8667-7489ad4f192e","acb83844-6bfe-471e-846b-5697a917d4c2","2026-09-15T10:15:00Z","esp8266_xtensa_lx106_arduino","NATIVE_HARDWARE","xtensa_lx106","ESP8266 Xtensa LX106 80MHz",1,0,"FreeRTOS (ESP8266 RTOS via Arduino)","xtensa-lx106-elf-gcc","xtensa-lx106-elf-gcc (Espressif)","-O2","mlkem-native","v1.2.0 (2507ff79a0acfec6e94a9a83709b5774491fdbb6)","ML-KEM-512","decapsulation",62,17144000,47584,True,""
"c3b492ac-b0eb-411f-8667-7489ad4f192e","acb83844-6bfe-471e-846b-5697a917d4c2","2026-09-15T10:15:00Z","esp8266_xtensa_lx106_arduino","NATIVE_HARDWARE","xtensa_lx106","ESP8266 Xtensa LX106 80MHz",1,0,"FreeRTOS (ESP8266 RTOS via Arduino)","xtensa-lx106-elf-gcc","xtensa-lx106-elf-gcc (Espressif)","-O2","mlkem-native","v1.2.0 (2507ff79a0acfec6e94a9a83709b5774491fdbb6)","ML-KEM-512","keygen",63,10664000,47584,True,""
"c3b492ac-b0eb-411f-8667-7489ad4f192e","acb83844-6bfe-471e-846b-5697a917d4c2","2026-09-15T10:15:00Z","esp8266_xtensa_lx106_arduino","NATIVE_HARDWARE","xtensa_lx106","ESP8266 Xtensa LX106 80MHz",1,0,"FreeRTOS (ESP8266 RTOS via Arduino)","xtensa-lx106-elf-gcc","xtensa-lx106-elf-gcc (Espressif)","-O2","mlkem-native","v1.2.0 (2507ff79a0acfec6e94a9a83709b5774491fdbb6)","ML-KEM-512","encapsulation",63,13219000,47584,True,""
"c3b492ac-b0eb-411f-8667-7489ad4f192e","acb83844-6bfe-471e-846b-5697a917d4c2","2026-09-15T10:15:00Z","esp8266_xtensa_lx106_arduino","NATIVE_HARDWARE","xtensa_lx106","ESP8266 Xtensa LX106 80MHz",1,0,"FreeRTOS (ESP8266 RTOS via Arduino)","xtensa-lx106-elf-gcc","xtensa-lx106-elf-gcc (Espressif)","-O2","mlkem-native","v1.2.0 (2507ff79a0acfec6e94a9a83709b5774491fdbb6)","ML-KEM-512","decapsulation",63,17152000,47584,True,""
"c3b492ac-b0eb-411f-8667-7489ad4f192e","acb83844-6bfe-471e-846b-5697a917d4c2","2026-09-15T10:15:00Z","esp8266_xtensa_lx106_arduino","NATIVE_HARDWARE","xtensa_lx106","ESP8266 Xtensa LX106 80MHz",1,0,"FreeRTOS (ESP8266 RTOS via Arduino)","xtensa-lx106-elf-gcc","xtensa-lx106-elf-gcc (Espressif)","-O2","mlkem-native","v1.2.0 (2507ff79a0acfec6e94a9a83709b5774491fdbb6)","ML-KEM-512","keygen",64,10654000,47584,True,""
"c3b492ac-b0eb-411f-8667-7489ad4f192e","acb83844-6bfe-471e-846b-5697a917d4c2","2026-09-15T10:15:00Z","esp8266_xtensa_lx106_arduino","NATIVE_HARDWARE","xtensa_lx106","ESP8266 Xtensa LX106 80MHz",1,0,"FreeRTOS (ESP8266 RTOS via Arduino)","xtensa-lx106-elf-gcc","xtensa-lx106-elf-gcc (Espressif)","-O2","mlkem-native","v1.2.0 (2507ff79a0acfec6e94a9a83709b5774491fdbb6)","ML-KEM-512","encapsulation",64,13216000,47584,True,""
"c3b492ac-b0eb-411f-8667-7489ad4f192e","acb83844-6bfe-471e-846b-5697a917d4c2","2026-09-15T10:15:00Z","esp8266_xtensa_lx106_arduino","NATIVE_HARDWARE","xtensa_lx106","ESP8266 Xtensa LX106 80MHz",1,0,"FreeRTOS (ESP8266 RTOS via Arduino)","xtensa-lx106-elf-gcc","xtensa-lx106-elf-gcc (Espressif)","-O2","mlkem-native","v1.2.0 (2507ff79a0acfec6e94a9a83709b5774491fdbb6)","ML-KEM-512","decapsulation",64,17148000,47584,True,""
"c3b492ac-b0eb-411f-8667-7489ad4f192e","acb83844-6bfe-471e-846b-5697a917d4c2","2026-09-15T10:15:00Z","esp8266_xtensa_lx106_arduino","NATIVE_HARDWARE","xtensa_lx106","ESP8266 Xtensa LX106 80MHz",1,0,"FreeRTOS (ESP8266 RTOS via Arduino)","xtensa-lx106-elf-gcc","xtensa-lx106-elf-gcc (Espressif)","-O2","mlkem-native","v1.2.0 (2507ff79a0acfec6e94a9a83709b5774491fdbb6)","ML-KEM-512","keygen",65,10659000,47584,True,""
"c3b492ac-b0eb-411f-8667-7489ad4f192e","acb83844-6bfe-471e-846b-5697a917d4c2","2026-09-15T10:15:00Z","esp8266_xtensa_lx106_arduino","NATIVE_HARDWARE","xtensa_lx106","ESP8266 Xtensa LX106 80MHz",1,0,"FreeRTOS (ESP8266 RTOS via Arduino)","xtensa-lx106-elf-gcc","xtensa-lx106-elf-gcc (Espressif)","-O2","mlkem-native","v1.2.0 (2507ff79a0acfec6e94a9a83709b5774491fdbb6)","ML-KEM-512","encapsulation",65,13211000,47584,True,""
"c3b492ac-b0eb-411f-8667-7489ad4f192e","acb83844-6bfe-471e-846b-5697a917d4c2","2026-09-15T10:15:00Z","esp8266_xtensa_lx106_arduino","NATIVE_HARDWARE","xtensa_lx106","ESP8266 Xtensa LX106 80MHz",1,0,"FreeRTOS (ESP8266 RTOS via Arduino)","xtensa-lx106-elf-gcc","xtensa-lx106-elf-gcc (Espressif)","-O2","mlkem-native","v1.2.0 (2507ff79a0acfec6e94a9a83709b5774491fdbb6)","ML-KEM-512","decapsulation",65,17141000,47584,True,""
"c3b492ac-b0eb-411f-8667-7489ad4f192e","acb83844-6bfe-471e-846b-5697a917d4c2","2026-09-15T10:15:00Z","esp8266_xtensa_lx106_arduino","NATIVE_HARDWARE","xtensa_lx106","ESP8266 Xtensa LX106 80MHz",1,0,"FreeRTOS (ESP8266 RTOS via Arduino)","xtensa-lx106-elf-gcc","xtensa-lx106-elf-gcc (Espressif)","-O2","mlkem-native","v1.2.0 (2507ff79a0acfec6e94a9a83709b5774491fdbb6)","ML-KEM-512","keygen",66,10661000,47584,True,""
"c3b492ac-b0eb-411f-8667-7489ad4f192e","acb83844-6bfe-471e-846b-5697a917d4c2","2026-09-15T10:15:00Z","esp8266_xtensa_lx106_arduino","NATIVE_HARDWARE","xtensa_lx106","ESP8266 Xtensa LX106 80MHz",1,0,"FreeRTOS (ESP8266 RTOS via Arduino)","xtensa-lx106-elf-gcc","xtensa-lx106-elf-gcc (Espressif)","-O2","mlkem-native","v1.2.0 (2507ff79a0acfec6e94a9a83709b5774491fdbb6)","ML-KEM-512","encapsulation",66,13220000,47584,True,""
"c3b492ac-b0eb-411f-8667-7489ad4f192e","acb83844-6bfe-471e-846b-5697a917d4c2","2026-09-15T10:15:00Z","esp8266_xtensa_lx106_arduino","NATIVE_HARDWARE","xtensa_lx106","ESP8266 Xtensa LX106 80MHz",1,0,"FreeRTOS (ESP8266 RTOS via Arduino)","xtensa-lx106-elf-gcc","xtensa-lx106-elf-gcc (Espressif)","-O2","mlkem-native","v1.2.0 (2507ff79a0acfec6e94a9a83709b5774491fdbb6)","ML-KEM-512","decapsulation",66,17151000,47584,True,""
"c3b492ac-b0eb-411f-8667-7489ad4f192e","acb83844-6bfe-471e-846b-5697a917d4c2","2026-09-15T10:15:00Z","esp8266_xtensa_lx106_arduino","NATIVE_HARDWARE","xtensa_lx106","ESP8266 Xtensa LX106 80MHz",1,0,"FreeRTOS (ESP8266 RTOS via Arduino)","xtensa-lx106-elf-gcc","xtensa-lx106-elf-gcc (Espressif)","-O2","mlkem-native","v1.2.0 (2507ff79a0acfec6e94a9a83709b5774491fdbb6)","ML-KEM-512","keygen",67,10660000,47584,True,""
"c3b492ac-b0eb-411f-8667-7489ad4f192e","acb83844-6bfe-471e-846b-5697a917d4c2","2026-09-15T10:15:00Z","esp8266_xtensa_lx106_arduino","NATIVE_HARDWARE","xtensa_lx106","ESP8266 Xtensa LX106 80MHz",1,0,"FreeRTOS (ESP8266 RTOS via Arduino)","xtensa-lx106-elf-gcc","xtensa-lx106-elf-gcc (Espressif)","-O2","mlkem-native","v1.2.0 (2507ff79a0acfec6e94a9a83709b5774491fdbb6)","ML-KEM-512","encapsulation",67,13216000,47584,True,""
"c3b492ac-b0eb-411f-8667-7489ad4f192e","acb83844-6bfe-471e-846b-5697a917d4c2","2026-09-15T10:15:00Z","esp8266_xtensa_lx106_arduino","NATIVE_HARDWARE","xtensa_lx106","ESP8266 Xtensa LX106 80MHz",1,0,"FreeRTOS (ESP8266 RTOS via Arduino)","xtensa-lx106-elf-gcc","xtensa-lx106-elf-gcc (Espressif)","-O2","mlkem-native","v1.2.0 (2507ff79a0acfec6e94a9a83709b5774491fdbb6)","ML-KEM-512","decapsulation",67,17148000,47584,True,""
"c3b492ac-b0eb-411f-8667-7489ad4f192e","acb83844-6bfe-471e-846b-5697a917d4c2","2026-09-15T10:15:00Z","esp8266_xtensa_lx106_arduino","NATIVE_HARDWARE","xtensa_lx106","ESP8266 Xtensa LX106 80MHz",1,0,"FreeRTOS (ESP8266 RTOS via Arduino)","xtensa-lx106-elf-gcc","xtensa-lx106-elf-gcc (Espressif)","-O2","mlkem-native","v1.2.0 (2507ff79a0acfec6e94a9a83709b5774491fdbb6)","ML-KEM-512","keygen",68,10665000,47584,True,""
"c3b492ac-b0eb-411f-8667-7489ad4f192e","acb83844-6bfe-471e-846b-5697a917d4c2","2026-09-15T10:15:00Z","esp8266_xtensa_lx106_arduino","NATIVE_HARDWARE","xtensa_lx106","ESP8266 Xtensa LX106 80MHz",1,0,"FreeRTOS (ESP8266 RTOS via Arduino)","xtensa-lx106-elf-gcc","xtensa-lx106-elf-gcc (Espressif)","-O2","mlkem-native","v1.2.0 (2507ff79a0acfec6e94a9a83709b5774491fdbb6)","ML-KEM-512","encapsulation",68,13218000,47584,True,""
"c3b492ac-b0eb-411f-8667-7489ad4f192e","acb83844-6bfe-471e-846b-5697a917d4c2","2026-09-15T10:15:00Z","esp8266_xtensa_lx106_arduino","NATIVE_HARDWARE","xtensa_lx106","ESP8266 Xtensa LX106 80MHz",1,0,"FreeRTOS (ESP8266 RTOS via Arduino)","xtensa-lx106-elf-gcc","xtensa-lx106-elf-gcc (Espressif)","-O2","mlkem-native","v1.2.0 (2507ff79a0acfec6e94a9a83709b5774491fdbb6)","ML-KEM-512","decapsulation",68,17149000,47584,True,""
"c3b492ac-b0eb-411f-8667-7489ad4f192e","acb83844-6bfe-471e-846b-5697a917d4c2","2026-09-15T10:15:00Z","esp8266_xtensa_lx106_arduino","NATIVE_HARDWARE","xtensa_lx106","ESP8266 Xtensa LX106 80MHz",1,0,"FreeRTOS (ESP8266 RTOS via Arduino)","xtensa-lx106-elf-gcc","xtensa-lx106-elf-gcc (Espressif)","-O2","mlkem-native","v1.2.0 (2507ff79a0acfec6e94a9a83709b5774491fdbb6)","ML-KEM-512","keygen",69,10659000,47584,True,""
"c3b492ac-b0eb-411f-8667-7489ad4f192e","acb83844-6bfe-471e-846b-5697a917d4c2","2026-09-15T10:15:00Z","esp8266_xtensa_lx106_arduino","NATIVE_HARDWARE","xtensa_lx106","ESP8266 Xtensa LX106 80MHz",1,0,"FreeRTOS (ESP8266 RTOS via Arduino)","xtensa-lx106-elf-gcc","xtensa-lx106-elf-gcc (Espressif)","-O2","mlkem-native","v1.2.0 (2507ff79a0acfec6e94a9a83709b5774491fdbb6)","ML-KEM-512","encapsulation",69,13213000,47584,True,""
"c3b492ac-b0eb-411f-8667-7489ad4f192e","acb83844-6bfe-471e-846b-5697a917d4c2","2026-09-15T10:15:00Z","esp8266_xtensa_lx106_arduino","NATIVE_HARDWARE","xtensa_lx106","ESP8266 Xtensa LX106 80MHz",1,0,"FreeRTOS (ESP8266 RTOS via Arduino)","xtensa-lx106-elf-gcc","xtensa-lx106-elf-gcc (Espressif)","-O2","mlkem-native","v1.2.0 (2507ff79a0acfec6e94a9a83709b5774491fdbb6)","ML-KEM-512","decapsulation",69,17144000,47584,True,""
"c3b492ac-b0eb-411f-8667-7489ad4f192e","acb83844-6bfe-471e-846b-5697a917d4c2","2026-09-15T10:15:00Z","esp8266_xtensa_lx106_arduino","NATIVE_HARDWARE","xtensa_lx106","ESP8266 Xtensa LX106 80MHz",1,0,"FreeRTOS (ESP8266 RTOS via Arduino)","xtensa-lx106-elf-gcc","xtensa-lx106-elf-gcc (Espressif)","-O2","mlkem-native","v1.2.0 (2507ff79a0acfec6e94a9a83709b5774491fdbb6)","ML-KEM-512","keygen",70,10661000,47584,True,""
"c3b492ac-b0eb-411f-8667-7489ad4f192e","acb83844-6bfe-471e-846b-5697a917d4c2","2026-09-15T10:15:00Z","esp8266_xtensa_lx106_arduino","NATIVE_HARDWARE","xtensa_lx106","ESP8266 Xtensa LX106 80MHz",1,0,"FreeRTOS (ESP8266 RTOS via Arduino)","xtensa-lx106-elf-gcc","xtensa-lx106-elf-gcc (Espressif)","-O2","mlkem-native","v1.2.0 (2507ff79a0acfec6e94a9a83709b5774491fdbb6)","ML-KEM-512","encapsulation",70,13216000,47584,True,""
"c3b492ac-b0eb-411f-8667-7489ad4f192e","acb83844-6bfe-471e-846b-5697a917d4c2","2026-09-15T10:15:00Z","esp8266_xtensa_lx106_arduino","NATIVE_HARDWARE","xtensa_lx106","ESP8266 Xtensa LX106 80MHz",1,0,"FreeRTOS (ESP8266 RTOS via Arduino)","xtensa-lx106-elf-gcc","xtensa-lx106-elf-gcc (Espressif)","-O2","mlkem-native","v1.2.0 (2507ff79a0acfec6e94a9a83709b5774491fdbb6)","ML-KEM-512","decapsulation",70,17148000,47584,True,""
"c3b492ac-b0eb-411f-8667-7489ad4f192e","acb83844-6bfe-471e-846b-5697a917d4c2","2026-09-15T10:15:00Z","esp8266_xtensa_lx106_arduino","NATIVE_HARDWARE","xtensa_lx106","ESP8266 Xtensa LX106 80MHz",1,0,"FreeRTOS (ESP8266 RTOS via Arduino)","xtensa-lx106-elf-gcc","xtensa-lx106-elf-gcc (Espressif)","-O2","mlkem-native","v1.2.0 (2507ff79a0acfec6e94a9a83709b5774491fdbb6)","ML-KEM-512","keygen",71,10659000,47584,True,""
"c3b492ac-b0eb-411f-8667-7489ad4f192e","acb83844-6bfe-471e-846b-5697a917d4c2","2026-09-15T10:15:00Z","esp8266_xtensa_lx106_arduino","NATIVE_HARDWARE","xtensa_lx106","ESP8266 Xtensa LX106 80MHz",1,0,"FreeRTOS (ESP8266 RTOS via Arduino)","xtensa-lx106-elf-gcc","xtensa-lx106-elf-gcc (Espressif)","-O2","mlkem-native","v1.2.0 (2507ff79a0acfec6e94a9a83709b5774491fdbb6)","ML-KEM-512","encapsulation",71,13214000,47584,True,""
"c3b492ac-b0eb-411f-8667-7489ad4f192e","acb83844-6bfe-471e-846b-5697a917d4c2","2026-09-15T10:15:00Z","esp8266_xtensa_lx106_arduino","NATIVE_HARDWARE","xtensa_lx106","ESP8266 Xtensa LX106 80MHz",1,0,"FreeRTOS (ESP8266 RTOS via Arduino)","xtensa-lx106-elf-gcc","xtensa-lx106-elf-gcc (Espressif)","-O2","mlkem-native","v1.2.0 (2507ff79a0acfec6e94a9a83709b5774491fdbb6)","ML-KEM-512","decapsulation",71,17143000,47584,True,""
"c3b492ac-b0eb-411f-8667-7489ad4f192e","acb83844-6bfe-471e-846b-5697a917d4c2","2026-09-15T10:15:00Z","esp8266_xtensa_lx106_arduino","NATIVE_HARDWARE","xtensa_lx106","ESP8266 Xtensa LX106 80MHz",1,0,"FreeRTOS (ESP8266 RTOS via Arduino)","xtensa-lx106-elf-gcc","xtensa-lx106-elf-gcc (Espressif)","-O2","mlkem-native","v1.2.0 (2507ff79a0acfec6e94a9a83709b5774491fdbb6)","ML-KEM-512","keygen",72,10662000,47584,True,""
"c3b492ac-b0eb-411f-8667-7489ad4f192e","acb83844-6bfe-471e-846b-5697a917d4c2","2026-09-15T10:15:00Z","esp8266_xtensa_lx106_arduino","NATIVE_HARDWARE","xtensa_lx106","ESP8266 Xtensa LX106 80MHz",1,0,"FreeRTOS (ESP8266 RTOS via Arduino)","xtensa-lx106-elf-gcc","xtensa-lx106-elf-gcc (Espressif)","-O2","mlkem-native","v1.2.0 (2507ff79a0acfec6e94a9a83709b5774491fdbb6)","ML-KEM-512","encapsulation",72,13212000,47584,True,""
"c3b492ac-b0eb-411f-8667-7489ad4f192e","acb83844-6bfe-471e-846b-5697a917d4c2","2026-09-15T10:15:00Z","esp8266_xtensa_lx106_arduino","NATIVE_HARDWARE","xtensa_lx106","ESP8266 Xtensa LX106 80MHz",1,0,"FreeRTOS (ESP8266 RTOS via Arduino)","xtensa-lx106-elf-gcc","xtensa-lx106-elf-gcc (Espressif)","-O2","mlkem-native","v1.2.0 (2507ff79a0acfec6e94a9a83709b5774491fdbb6)","ML-KEM-512","decapsulation",72,17149000,47584,True,""
"c3b492ac-b0eb-411f-8667-7489ad4f192e","acb83844-6bfe-471e-846b-5697a917d4c2","2026-09-15T10:15:00Z","esp8266_xtensa_lx106_arduino","NATIVE_HARDWARE","xtensa_lx106","ESP8266 Xtensa LX106 80MHz",1,0,"FreeRTOS (ESP8266 RTOS via Arduino)","xtensa-lx106-elf-gcc","xtensa-lx106-elf-gcc (Espressif)","-O2","mlkem-native","v1.2.0 (2507ff79a0acfec6e94a9a83709b5774491fdbb6)","ML-KEM-512","keygen",73,10663000,47584,True,""
"c3b492ac-b0eb-411f-8667-7489ad4f192e","acb83844-6bfe-471e-846b-5697a917d4c2","2026-09-15T10:15:00Z","esp8266_xtensa_lx106_arduino","NATIVE_HARDWARE","xtensa_lx106","ESP8266 Xtensa LX106 80MHz",1,0,"FreeRTOS (ESP8266 RTOS via Arduino)","xtensa-lx106-elf-gcc","xtensa-lx106-elf-gcc (Espressif)","-O2","mlkem-native","v1.2.0 (2507ff79a0acfec6e94a9a83709b5774491fdbb6)","ML-KEM-512","encapsulation",73,13218000,47584,True,""
"c3b492ac-b0eb-411f-8667-7489ad4f192e","acb83844-6bfe-471e-846b-5697a917d4c2","2026-09-15T10:15:00Z","esp8266_xtensa_lx106_arduino","NATIVE_HARDWARE","xtensa_lx106","ESP8266 Xtensa LX106 80MHz",1,0,"FreeRTOS (ESP8266 RTOS via Arduino)","xtensa-lx106-elf-gcc","xtensa-lx106-elf-gcc (Espressif)","-O2","mlkem-native","v1.2.0 (2507ff79a0acfec6e94a9a83709b5774491fdbb6)","ML-KEM-512","decapsulation",73,17150000,47584,True,""
"c3b492ac-b0eb-411f-8667-7489ad4f192e","acb83844-6bfe-471e-846b-5697a917d4c2","2026-09-15T10:15:00Z","esp8266_xtensa_lx106_arduino","NATIVE_HARDWARE","xtensa_lx106","ESP8266 Xtensa LX106 80MHz",1,0,"FreeRTOS (ESP8266 RTOS via Arduino)","xtensa-lx106-elf-gcc","xtensa-lx106-elf-gcc (Espressif)","-O2","mlkem-native","v1.2.0 (2507ff79a0acfec6e94a9a83709b5774491fdbb6)","ML-KEM-512","keygen",74,10655000,47584,True,""
"c3b492ac-b0eb-411f-8667-7489ad4f192e","acb83844-6bfe-471e-846b-5697a917d4c2","2026-09-15T10:15:00Z","esp8266_xtensa_lx106_arduino","NATIVE_HARDWARE","xtensa_lx106","ESP8266 Xtensa LX106 80MHz",1,0,"FreeRTOS (ESP8266 RTOS via Arduino)","xtensa-lx106-elf-gcc","xtensa-lx106-elf-gcc (Espressif)","-O2","mlkem-native","v1.2.0 (2507ff79a0acfec6e94a9a83709b5774491fdbb6)","ML-KEM-512","encapsulation",74,13210000,47584,True,""
"c3b492ac-b0eb-411f-8667-7489ad4f192e","acb83844-6bfe-471e-846b-5697a917d4c2","2026-09-15T10:15:00Z","esp8266_xtensa_lx106_arduino","NATIVE_HARDWARE","xtensa_lx106","ESP8266 Xtensa LX106 80MHz",1,0,"FreeRTOS (ESP8266 RTOS via Arduino)","xtensa-lx106-elf-gcc","xtensa-lx106-elf-gcc (Espressif)","-O2","mlkem-native","v1.2.0 (2507ff79a0acfec6e94a9a83709b5774491fdbb6)","ML-KEM-512","decapsulation",74,17141000,47584,True,""
"c3b492ac-b0eb-411f-8667-7489ad4f192e","acb83844-6bfe-471e-846b-5697a917d4c2","2026-09-15T10:15:00Z","esp8266_xtensa_lx106_arduino","NATIVE_HARDWARE","xtensa_lx106","ESP8266 Xtensa LX106 80MHz",1,0,"FreeRTOS (ESP8266 RTOS via Arduino)","xtensa-lx106-elf-gcc","xtensa-lx106-elf-gcc (Espressif)","-O2","mlkem-native","v1.2.0 (2507ff79a0acfec6e94a9a83709b5774491fdbb6)","ML-KEM-512","keygen",75,10663000,47584,True,""
"c3b492ac-b0eb-411f-8667-7489ad4f192e","acb83844-6bfe-471e-846b-5697a917d4c2","2026-09-15T10:15:00Z","esp8266_xtensa_lx106_arduino","NATIVE_HARDWARE","xtensa_lx106","ESP8266 Xtensa LX106 80MHz",1,0,"FreeRTOS (ESP8266 RTOS via Arduino)","xtensa-lx106-elf-gcc","xtensa-lx106-elf-gcc (Espressif)","-O2","mlkem-native","v1.2.0 (2507ff79a0acfec6e94a9a83709b5774491fdbb6)","ML-KEM-512","encapsulation",75,13215000,47584,True,""
"c3b492ac-b0eb-411f-8667-7489ad4f192e","acb83844-6bfe-471e-846b-5697a917d4c2","2026-09-15T10:15:00Z","esp8266_xtensa_lx106_arduino","NATIVE_HARDWARE","xtensa_lx106","ESP8266 Xtensa LX106 80MHz",1,0,"FreeRTOS (ESP8266 RTOS via Arduino)","xtensa-lx106-elf-gcc","xtensa-lx106-elf-gcc (Espressif)","-O2","mlkem-native","v1.2.0 (2507ff79a0acfec6e94a9a83709b5774491fdbb6)","ML-KEM-512","decapsulation",75,17148000,47584,True,""
"c3b492ac-b0eb-411f-8667-7489ad4f192e","acb83844-6bfe-471e-846b-5697a917d4c2","2026-09-15T10:15:00Z","esp8266_xtensa_lx106_arduino","NATIVE_HARDWARE","xtensa_lx106","ESP8266 Xtensa LX106 80MHz",1,0,"FreeRTOS (ESP8266 RTOS via Arduino)","xtensa-lx106-elf-gcc","xtensa-lx106-elf-gcc (Espressif)","-O2","mlkem-native","v1.2.0 (2507ff79a0acfec6e94a9a83709b5774491fdbb6)","ML-KEM-512","keygen",76,10661000,47584,True,""
"c3b492ac-b0eb-411f-8667-7489ad4f192e","acb83844-6bfe-471e-846b-5697a917d4c2","2026-09-15T10:15:00Z","esp8266_xtensa_lx106_arduino","NATIVE_HARDWARE","xtensa_lx106","ESP8266 Xtensa LX106 80MHz",1,0,"FreeRTOS (ESP8266 RTOS via Arduino)","xtensa-lx106-elf-gcc","xtensa-lx106-elf-gcc (Espressif)","-O2","mlkem-native","v1.2.0 (2507ff79a0acfec6e94a9a83709b5774491fdbb6)","ML-KEM-512","encapsulation",76,13216000,47584,True,""
"c3b492ac-b0eb-411f-8667-7489ad4f192e","acb83844-6bfe-471e-846b-5697a917d4c2","2026-09-15T10:15:00Z","esp8266_xtensa_lx106_arduino","NATIVE_HARDWARE","xtensa_lx106","ESP8266 Xtensa LX106 80MHz",1,0,"FreeRTOS (ESP8266 RTOS via Arduino)","xtensa-lx106-elf-gcc","xtensa-lx106-elf-gcc (Espressif)","-O2","mlkem-native","v1.2.0 (2507ff79a0acfec6e94a9a83709b5774491fdbb6)","ML-KEM-512","decapsulation",76,17150000,47584,True,""
"c3b492ac-b0eb-411f-8667-7489ad4f192e","acb83844-6bfe-471e-846b-5697a917d4c2","2026-09-15T10:15:00Z","esp8266_xtensa_lx106_arduino","NATIVE_HARDWARE","xtensa_lx106","ESP8266 Xtensa LX106 80MHz",1,0,"FreeRTOS (ESP8266 RTOS via Arduino)","xtensa-lx106-elf-gcc","xtensa-lx106-elf-gcc (Espressif)","-O2","mlkem-native","v1.2.0 (2507ff79a0acfec6e94a9a83709b5774491fdbb6)","ML-KEM-512","keygen",77,10662000,47584,True,""
"c3b492ac-b0eb-411f-8667-7489ad4f192e","acb83844-6bfe-471e-846b-5697a917d4c2","2026-09-15T10:15:00Z","esp8266_xtensa_lx106_arduino","NATIVE_HARDWARE","xtensa_lx106","ESP8266 Xtensa LX106 80MHz",1,0,"FreeRTOS (ESP8266 RTOS via Arduino)","xtensa-lx106-elf-gcc","xtensa-lx106-elf-gcc (Espressif)","-O2","mlkem-native","v1.2.0 (2507ff79a0acfec6e94a9a83709b5774491fdbb6)","ML-KEM-512","encapsulation",77,13214000,47584,True,""
"c3b492ac-b0eb-411f-8667-7489ad4f192e","acb83844-6bfe-471e-846b-5697a917d4c2","2026-09-15T10:15:00Z","esp8266_xtensa_lx106_arduino","NATIVE_HARDWARE","xtensa_lx106","ESP8266 Xtensa LX106 80MHz",1,0,"FreeRTOS (ESP8266 RTOS via Arduino)","xtensa-lx106-elf-gcc","xtensa-lx106-elf-gcc (Espressif)","-O2","mlkem-native","v1.2.0 (2507ff79a0acfec6e94a9a83709b5774491fdbb6)","ML-KEM-512","decapsulation",77,17149000,47584,True,""
"c3b492ac-b0eb-411f-8667-7489ad4f192e","acb83844-6bfe-471e-846b-5697a917d4c2","2026-09-15T10:15:00Z","esp8266_xtensa_lx106_arduino","NATIVE_HARDWARE","xtensa_lx106","ESP8266 Xtensa LX106 80MHz",1,0,"FreeRTOS (ESP8266 RTOS via Arduino)","xtensa-lx106-elf-gcc","xtensa-lx106-elf-gcc (Espressif)","-O2","mlkem-native","v1.2.0 (2507ff79a0acfec6e94a9a83709b5774491fdbb6)","ML-KEM-512","keygen",78,10661000,47584,True,""
"c3b492ac-b0eb-411f-8667-7489ad4f192e","acb83844-6bfe-471e-846b-5697a917d4c2","2026-09-15T10:15:00Z","esp8266_xtensa_lx106_arduino","NATIVE_HARDWARE","xtensa_lx106","ESP8266 Xtensa LX106 80MHz",1,0,"FreeRTOS (ESP8266 RTOS via Arduino)","xtensa-lx106-elf-gcc","xtensa-lx106-elf-gcc (Espressif)","-O2","mlkem-native","v1.2.0 (2507ff79a0acfec6e94a9a83709b5774491fdbb6)","ML-KEM-512","encapsulation",78,13211000,47584,True,""
"c3b492ac-b0eb-411f-8667-7489ad4f192e","acb83844-6bfe-471e-846b-5697a917d4c2","2026-09-15T10:15:00Z","esp8266_xtensa_lx106_arduino","NATIVE_HARDWARE","xtensa_lx106","ESP8266 Xtensa LX106 80MHz",1,0,"FreeRTOS (ESP8266 RTOS via Arduino)","xtensa-lx106-elf-gcc","xtensa-lx106-elf-gcc (Espressif)","-O2","mlkem-native","v1.2.0 (2507ff79a0acfec6e94a9a83709b5774491fdbb6)","ML-KEM-512","decapsulation",78,17139000,47584,True,""
"c3b492ac-b0eb-411f-8667-7489ad4f192e","acb83844-6bfe-471e-846b-5697a917d4c2","2026-09-15T10:15:00Z","esp8266_xtensa_lx106_arduino","NATIVE_HARDWARE","xtensa_lx106","ESP8266 Xtensa LX106 80MHz",1,0,"FreeRTOS (ESP8266 RTOS via Arduino)","xtensa-lx106-elf-gcc","xtensa-lx106-elf-gcc (Espressif)","-O2","mlkem-native","v1.2.0 (2507ff79a0acfec6e94a9a83709b5774491fdbb6)","ML-KEM-512","keygen",79,10652000,47584,True,""
"c3b492ac-b0eb-411f-8667-7489ad4f192e","acb83844-6bfe-471e-846b-5697a917d4c2","2026-09-15T10:15:00Z","esp8266_xtensa_lx106_arduino","NATIVE_HARDWARE","xtensa_lx106","ESP8266 Xtensa LX106 80MHz",1,0,"FreeRTOS (ESP8266 RTOS via Arduino)","xtensa-lx106-elf-gcc","xtensa-lx106-elf-gcc (Espressif)","-O2","mlkem-native","v1.2.0 (2507ff79a0acfec6e94a9a83709b5774491fdbb6)","ML-KEM-512","encapsulation",79,13217000,47584,True,""
"c3b492ac-b0eb-411f-8667-7489ad4f192e","acb83844-6bfe-471e-846b-5697a917d4c2","2026-09-15T10:15:00Z","esp8266_xtensa_lx106_arduino","NATIVE_HARDWARE","xtensa_lx106","ESP8266 Xtensa LX106 80MHz",1,0,"FreeRTOS (ESP8266 RTOS via Arduino)","xtensa-lx106-elf-gcc","xtensa-lx106-elf-gcc (Espressif)","-O2","mlkem-native","v1.2.0 (2507ff79a0acfec6e94a9a83709b5774491fdbb6)","ML-KEM-512","decapsulation",79,17147000,47584,True,""
"c3b492ac-b0eb-411f-8667-7489ad4f192e","acb83844-6bfe-471e-846b-5697a917d4c2","2026-09-15T10:15:00Z","esp8266_xtensa_lx106_arduino","NATIVE_HARDWARE","xtensa_lx106","ESP8266 Xtensa LX106 80MHz",1,0,"FreeRTOS (ESP8266 RTOS via Arduino)","xtensa-lx106-elf-gcc","xtensa-lx106-elf-gcc (Espressif)","-O2","mlkem-native","v1.2.0 (2507ff79a0acfec6e94a9a83709b5774491fdbb6)","ML-KEM-512","keygen",80,10658000,47584,True,""
"c3b492ac-b0eb-411f-8667-7489ad4f192e","acb83844-6bfe-471e-846b-5697a917d4c2","2026-09-15T10:15:00Z","esp8266_xtensa_lx106_arduino","NATIVE_HARDWARE","xtensa_lx106","ESP8266 Xtensa LX106 80MHz",1,0,"FreeRTOS (ESP8266 RTOS via Arduino)","xtensa-lx106-elf-gcc","xtensa-lx106-elf-gcc (Espressif)","-O2","mlkem-native","v1.2.0 (2507ff79a0acfec6e94a9a83709b5774491fdbb6)","ML-KEM-512","encapsulation",80,13217000,47584,True,""
"c3b492ac-b0eb-411f-8667-7489ad4f192e","acb83844-6bfe-471e-846b-5697a917d4c2","2026-09-15T10:15:00Z","esp8266_xtensa_lx106_arduino","NATIVE_HARDWARE","xtensa_lx106","ESP8266 Xtensa LX106 80MHz",1,0,"FreeRTOS (ESP8266 RTOS via Arduino)","xtensa-lx106-elf-gcc","xtensa-lx106-elf-gcc (Espressif)","-O2","mlkem-native","v1.2.0 (2507ff79a0acfec6e94a9a83709b5774491fdbb6)","ML-KEM-512","decapsulation",80,17149000,47584,True,""
"c3b492ac-b0eb-411f-8667-7489ad4f192e","acb83844-6bfe-471e-846b-5697a917d4c2","2026-09-15T10:15:00Z","esp8266_xtensa_lx106_arduino","NATIVE_HARDWARE","xtensa_lx106","ESP8266 Xtensa LX106 80MHz",1,0,"FreeRTOS (ESP8266 RTOS via Arduino)","xtensa-lx106-elf-gcc","xtensa-lx106-elf-gcc (Espressif)","-O2","mlkem-native","v1.2.0 (2507ff79a0acfec6e94a9a83709b5774491fdbb6)","ML-KEM-512","keygen",81,10666000,47584,True,""
"c3b492ac-b0eb-411f-8667-7489ad4f192e","acb83844-6bfe-471e-846b-5697a917d4c2","2026-09-15T10:15:00Z","esp8266_xtensa_lx106_arduino","NATIVE_HARDWARE","xtensa_lx106","ESP8266 Xtensa LX106 80MHz",1,0,"FreeRTOS (ESP8266 RTOS via Arduino)","xtensa-lx106-elf-gcc","xtensa-lx106-elf-gcc (Espressif)","-O2","mlkem-native","v1.2.0 (2507ff79a0acfec6e94a9a83709b5774491fdbb6)","ML-KEM-512","encapsulation",81,13214000,47584,True,""
"c3b492ac-b0eb-411f-8667-7489ad4f192e","acb83844-6bfe-471e-846b-5697a917d4c2","2026-09-15T10:15:00Z","esp8266_xtensa_lx106_arduino","NATIVE_HARDWARE","xtensa_lx106","ESP8266 Xtensa LX106 80MHz",1,0,"FreeRTOS (ESP8266 RTOS via Arduino)","xtensa-lx106-elf-gcc","xtensa-lx106-elf-gcc (Espressif)","-O2","mlkem-native","v1.2.0 (2507ff79a0acfec6e94a9a83709b5774491fdbb6)","ML-KEM-512","decapsulation",81,17145000,47584,True,""
"c3b492ac-b0eb-411f-8667-7489ad4f192e","acb83844-6bfe-471e-846b-5697a917d4c2","2026-09-15T10:15:00Z","esp8266_xtensa_lx106_arduino","NATIVE_HARDWARE","xtensa_lx106","ESP8266 Xtensa LX106 80MHz",1,0,"FreeRTOS (ESP8266 RTOS via Arduino)","xtensa-lx106-elf-gcc","xtensa-lx106-elf-gcc (Espressif)","-O2","mlkem-native","v1.2.0 (2507ff79a0acfec6e94a9a83709b5774491fdbb6)","ML-KEM-512","keygen",82,10663000,47584,True,""
"c3b492ac-b0eb-411f-8667-7489ad4f192e","acb83844-6bfe-471e-846b-5697a917d4c2","2026-09-15T10:15:00Z","esp8266_xtensa_lx106_arduino","NATIVE_HARDWARE","xtensa_lx106","ESP8266 Xtensa LX106 80MHz",1,0,"FreeRTOS (ESP8266 RTOS via Arduino)","xtensa-lx106-elf-gcc","xtensa-lx106-elf-gcc (Espressif)","-O2","mlkem-native","v1.2.0 (2507ff79a0acfec6e94a9a83709b5774491fdbb6)","ML-KEM-512","encapsulation",82,13218000,47584,True,""
"c3b492ac-b0eb-411f-8667-7489ad4f192e","acb83844-6bfe-471e-846b-5697a917d4c2","2026-09-15T10:15:00Z","esp8266_xtensa_lx106_arduino","NATIVE_HARDWARE","xtensa_lx106","ESP8266 Xtensa LX106 80MHz",1,0,"FreeRTOS (ESP8266 RTOS via Arduino)","xtensa-lx106-elf-gcc","xtensa-lx106-elf-gcc (Espressif)","-O2","mlkem-native","v1.2.0 (2507ff79a0acfec6e94a9a83709b5774491fdbb6)","ML-KEM-512","decapsulation",82,17150000,47584,True,""
"c3b492ac-b0eb-411f-8667-7489ad4f192e","acb83844-6bfe-471e-846b-5697a917d4c2","2026-09-15T10:15:00Z","esp8266_xtensa_lx106_arduino","NATIVE_HARDWARE","xtensa_lx106","ESP8266 Xtensa LX106 80MHz",1,0,"FreeRTOS (ESP8266 RTOS via Arduino)","xtensa-lx106-elf-gcc","xtensa-lx106-elf-gcc (Espressif)","-O2","mlkem-native","v1.2.0 (2507ff79a0acfec6e94a9a83709b5774491fdbb6)","ML-KEM-512","keygen",83,10655000,47584,True,""
"c3b492ac-b0eb-411f-8667-7489ad4f192e","acb83844-6bfe-471e-846b-5697a917d4c2","2026-09-15T10:15:00Z","esp8266_xtensa_lx106_arduino","NATIVE_HARDWARE","xtensa_lx106","ESP8266 Xtensa LX106 80MHz",1,0,"FreeRTOS (ESP8266 RTOS via Arduino)","xtensa-lx106-elf-gcc","xtensa-lx106-elf-gcc (Espressif)","-O2","mlkem-native","v1.2.0 (2507ff79a0acfec6e94a9a83709b5774491fdbb6)","ML-KEM-512","encapsulation",83,13215000,47584,True,""
"c3b492ac-b0eb-411f-8667-7489ad4f192e","acb83844-6bfe-471e-846b-5697a917d4c2","2026-09-15T10:15:00Z","esp8266_xtensa_lx106_arduino","NATIVE_HARDWARE","xtensa_lx106","ESP8266 Xtensa LX106 80MHz",1,0,"FreeRTOS (ESP8266 RTOS via Arduino)","xtensa-lx106-elf-gcc","xtensa-lx106-elf-gcc (Espressif)","-O2","mlkem-native","v1.2.0 (2507ff79a0acfec6e94a9a83709b5774491fdbb6)","ML-KEM-512","decapsulation",83,17146000,47584,True,""
"c3b492ac-b0eb-411f-8667-7489ad4f192e","acb83844-6bfe-471e-846b-5697a917d4c2","2026-09-15T10:15:00Z","esp8266_xtensa_lx106_arduino","NATIVE_HARDWARE","xtensa_lx106","ESP8266 Xtensa LX106 80MHz",1,0,"FreeRTOS (ESP8266 RTOS via Arduino)","xtensa-lx106-elf-gcc","xtensa-lx106-elf-gcc (Espressif)","-O2","mlkem-native","v1.2.0 (2507ff79a0acfec6e94a9a83709b5774491fdbb6)","ML-KEM-512","keygen",84,10662000,47584,True,""
"c3b492ac-b0eb-411f-8667-7489ad4f192e","acb83844-6bfe-471e-846b-5697a917d4c2","2026-09-15T10:15:00Z","esp8266_xtensa_lx106_arduino","NATIVE_HARDWARE","xtensa_lx106","ESP8266 Xtensa LX106 80MHz",1,0,"FreeRTOS (ESP8266 RTOS via Arduino)","xtensa-lx106-elf-gcc","xtensa-lx106-elf-gcc (Espressif)","-O2","mlkem-native","v1.2.0 (2507ff79a0acfec6e94a9a83709b5774491fdbb6)","ML-KEM-512","encapsulation",84,13215000,47584,True,""
"c3b492ac-b0eb-411f-8667-7489ad4f192e","acb83844-6bfe-471e-846b-5697a917d4c2","2026-09-15T10:15:00Z","esp8266_xtensa_lx106_arduino","NATIVE_HARDWARE","xtensa_lx106","ESP8266 Xtensa LX106 80MHz",1,0,"FreeRTOS (ESP8266 RTOS via Arduino)","xtensa-lx106-elf-gcc","xtensa-lx106-elf-gcc (Espressif)","-O2","mlkem-native","v1.2.0 (2507ff79a0acfec6e94a9a83709b5774491fdbb6)","ML-KEM-512","decapsulation",84,17150000,47584,True,""
"c3b492ac-b0eb-411f-8667-7489ad4f192e","acb83844-6bfe-471e-846b-5697a917d4c2","2026-09-15T10:15:00Z","esp8266_xtensa_lx106_arduino","NATIVE_HARDWARE","xtensa_lx106","ESP8266 Xtensa LX106 80MHz",1,0,"FreeRTOS (ESP8266 RTOS via Arduino)","xtensa-lx106-elf-gcc","xtensa-lx106-elf-gcc (Espressif)","-O2","mlkem-native","v1.2.0 (2507ff79a0acfec6e94a9a83709b5774491fdbb6)","ML-KEM-512","keygen",85,10664000,47584,True,""
"c3b492ac-b0eb-411f-8667-7489ad4f192e","acb83844-6bfe-471e-846b-5697a917d4c2","2026-09-15T10:15:00Z","esp8266_xtensa_lx106_arduino","NATIVE_HARDWARE","xtensa_lx106","ESP8266 Xtensa LX106 80MHz",1,0,"FreeRTOS (ESP8266 RTOS via Arduino)","xtensa-lx106-elf-gcc","xtensa-lx106-elf-gcc (Espressif)","-O2","mlkem-native","v1.2.0 (2507ff79a0acfec6e94a9a83709b5774491fdbb6)","ML-KEM-512","encapsulation",85,13223000,47584,True,""
"c3b492ac-b0eb-411f-8667-7489ad4f192e","acb83844-6bfe-471e-846b-5697a917d4c2","2026-09-15T10:15:00Z","esp8266_xtensa_lx106_arduino","NATIVE_HARDWARE","xtensa_lx106","ESP8266 Xtensa LX106 80MHz",1,0,"FreeRTOS (ESP8266 RTOS via Arduino)","xtensa-lx106-elf-gcc","xtensa-lx106-elf-gcc (Espressif)","-O2","mlkem-native","v1.2.0 (2507ff79a0acfec6e94a9a83709b5774491fdbb6)","ML-KEM-512","decapsulation",85,17156000,47584,True,""
"c3b492ac-b0eb-411f-8667-7489ad4f192e","acb83844-6bfe-471e-846b-5697a917d4c2","2026-09-15T10:15:00Z","esp8266_xtensa_lx106_arduino","NATIVE_HARDWARE","xtensa_lx106","ESP8266 Xtensa LX106 80MHz",1,0,"FreeRTOS (ESP8266 RTOS via Arduino)","xtensa-lx106-elf-gcc","xtensa-lx106-elf-gcc (Espressif)","-O2","mlkem-native","v1.2.0 (2507ff79a0acfec6e94a9a83709b5774491fdbb6)","ML-KEM-512","keygen",86,10665000,47584,True,""
"c3b492ac-b0eb-411f-8667-7489ad4f192e","acb83844-6bfe-471e-846b-5697a917d4c2","2026-09-15T10:15:00Z","esp8266_xtensa_lx106_arduino","NATIVE_HARDWARE","xtensa_lx106","ESP8266 Xtensa LX106 80MHz",1,0,"FreeRTOS (ESP8266 RTOS via Arduino)","xtensa-lx106-elf-gcc","xtensa-lx106-elf-gcc (Espressif)","-O2","mlkem-native","v1.2.0 (2507ff79a0acfec6e94a9a83709b5774491fdbb6)","ML-KEM-512","encapsulation",86,13216000,47584,True,""
"c3b492ac-b0eb-411f-8667-7489ad4f192e","acb83844-6bfe-471e-846b-5697a917d4c2","2026-09-15T10:15:00Z","esp8266_xtensa_lx106_arduino","NATIVE_HARDWARE","xtensa_lx106","ESP8266 Xtensa LX106 80MHz",1,0,"FreeRTOS (ESP8266 RTOS via Arduino)","xtensa-lx106-elf-gcc","xtensa-lx106-elf-gcc (Espressif)","-O2","mlkem-native","v1.2.0 (2507ff79a0acfec6e94a9a83709b5774491fdbb6)","ML-KEM-512","decapsulation",86,17149000,47584,True,""
"c3b492ac-b0eb-411f-8667-7489ad4f192e","acb83844-6bfe-471e-846b-5697a917d4c2","2026-09-15T10:15:00Z","esp8266_xtensa_lx106_arduino","NATIVE_HARDWARE","xtensa_lx106","ESP8266 Xtensa LX106 80MHz",1,0,"FreeRTOS (ESP8266 RTOS via Arduino)","xtensa-lx106-elf-gcc","xtensa-lx106-elf-gcc (Espressif)","-O2","mlkem-native","v1.2.0 (2507ff79a0acfec6e94a9a83709b5774491fdbb6)","ML-KEM-512","keygen",87,10660000,47584,True,""
"c3b492ac-b0eb-411f-8667-7489ad4f192e","acb83844-6bfe-471e-846b-5697a917d4c2","2026-09-15T10:15:00Z","esp8266_xtensa_lx106_arduino","NATIVE_HARDWARE","xtensa_lx106","ESP8266 Xtensa LX106 80MHz",1,0,"FreeRTOS (ESP8266 RTOS via Arduino)","xtensa-lx106-elf-gcc","xtensa-lx106-elf-gcc (Espressif)","-O2","mlkem-native","v1.2.0 (2507ff79a0acfec6e94a9a83709b5774491fdbb6)","ML-KEM-512","encapsulation",87,13214000,47584,True,""
"c3b492ac-b0eb-411f-8667-7489ad4f192e","acb83844-6bfe-471e-846b-5697a917d4c2","2026-09-15T10:15:00Z","esp8266_xtensa_lx106_arduino","NATIVE_HARDWARE","xtensa_lx106","ESP8266 Xtensa LX106 80MHz",1,0,"FreeRTOS (ESP8266 RTOS via Arduino)","xtensa-lx106-elf-gcc","xtensa-lx106-elf-gcc (Espressif)","-O2","mlkem-native","v1.2.0 (2507ff79a0acfec6e94a9a83709b5774491fdbb6)","ML-KEM-512","decapsulation",87,17147000,47584,True,""
"c3b492ac-b0eb-411f-8667-7489ad4f192e","acb83844-6bfe-471e-846b-5697a917d4c2","2026-09-15T10:15:00Z","esp8266_xtensa_lx106_arduino","NATIVE_HARDWARE","xtensa_lx106","ESP8266 Xtensa LX106 80MHz",1,0,"FreeRTOS (ESP8266 RTOS via Arduino)","xtensa-lx106-elf-gcc","xtensa-lx106-elf-gcc (Espressif)","-O2","mlkem-native","v1.2.0 (2507ff79a0acfec6e94a9a83709b5774491fdbb6)","ML-KEM-512","keygen",88,10661000,47584,True,""
"c3b492ac-b0eb-411f-8667-7489ad4f192e","acb83844-6bfe-471e-846b-5697a917d4c2","2026-09-15T10:15:00Z","esp8266_xtensa_lx106_arduino","NATIVE_HARDWARE","xtensa_lx106","ESP8266 Xtensa LX106 80MHz",1,0,"FreeRTOS (ESP8266 RTOS via Arduino)","xtensa-lx106-elf-gcc","xtensa-lx106-elf-gcc (Espressif)","-O2","mlkem-native","v1.2.0 (2507ff79a0acfec6e94a9a83709b5774491fdbb6)","ML-KEM-512","encapsulation",88,13215000,47584,True,""
"c3b492ac-b0eb-411f-8667-7489ad4f192e","acb83844-6bfe-471e-846b-5697a917d4c2","2026-09-15T10:15:00Z","esp8266_xtensa_lx106_arduino","NATIVE_HARDWARE","xtensa_lx106","ESP8266 Xtensa LX106 80MHz",1,0,"FreeRTOS (ESP8266 RTOS via Arduino)","xtensa-lx106-elf-gcc","xtensa-lx106-elf-gcc (Espressif)","-O2","mlkem-native","v1.2.0 (2507ff79a0acfec6e94a9a83709b5774491fdbb6)","ML-KEM-512","decapsulation",88,17151000,47584,True,""
"c3b492ac-b0eb-411f-8667-7489ad4f192e","acb83844-6bfe-471e-846b-5697a917d4c2","2026-09-15T10:15:00Z","esp8266_xtensa_lx106_arduino","NATIVE_HARDWARE","xtensa_lx106","ESP8266 Xtensa LX106 80MHz",1,0,"FreeRTOS (ESP8266 RTOS via Arduino)","xtensa-lx106-elf-gcc","xtensa-lx106-elf-gcc (Espressif)","-O2","mlkem-native","v1.2.0 (2507ff79a0acfec6e94a9a83709b5774491fdbb6)","ML-KEM-512","keygen",89,10662000,47584,True,""
"c3b492ac-b0eb-411f-8667-7489ad4f192e","acb83844-6bfe-471e-846b-5697a917d4c2","2026-09-15T10:15:00Z","esp8266_xtensa_lx106_arduino","NATIVE_HARDWARE","xtensa_lx106","ESP8266 Xtensa LX106 80MHz",1,0,"FreeRTOS (ESP8266 RTOS via Arduino)","xtensa-lx106-elf-gcc","xtensa-lx106-elf-gcc (Espressif)","-O2","mlkem-native","v1.2.0 (2507ff79a0acfec6e94a9a83709b5774491fdbb6)","ML-KEM-512","encapsulation",89,13216000,47584,True,""
"c3b492ac-b0eb-411f-8667-7489ad4f192e","acb83844-6bfe-471e-846b-5697a917d4c2","2026-09-15T10:15:00Z","esp8266_xtensa_lx106_arduino","NATIVE_HARDWARE","xtensa_lx106","ESP8266 Xtensa LX106 80MHz",1,0,"FreeRTOS (ESP8266 RTOS via Arduino)","xtensa-lx106-elf-gcc","xtensa-lx106-elf-gcc (Espressif)","-O2","mlkem-native","v1.2.0 (2507ff79a0acfec6e94a9a83709b5774491fdbb6)","ML-KEM-512","decapsulation",89,17151000,47584,True,""
"c3b492ac-b0eb-411f-8667-7489ad4f192e","acb83844-6bfe-471e-846b-5697a917d4c2","2026-09-15T10:15:00Z","esp8266_xtensa_lx106_arduino","NATIVE_HARDWARE","xtensa_lx106","ESP8266 Xtensa LX106 80MHz",1,0,"FreeRTOS (ESP8266 RTOS via Arduino)","xtensa-lx106-elf-gcc","xtensa-lx106-elf-gcc (Espressif)","-O2","mlkem-native","v1.2.0 (2507ff79a0acfec6e94a9a83709b5774491fdbb6)","ML-KEM-512","keygen",90,10656000,47584,True,""
"c3b492ac-b0eb-411f-8667-7489ad4f192e","acb83844-6bfe-471e-846b-5697a917d4c2","2026-09-15T10:15:00Z","esp8266_xtensa_lx106_arduino","NATIVE_HARDWARE","xtensa_lx106","ESP8266 Xtensa LX106 80MHz",1,0,"FreeRTOS (ESP8266 RTOS via Arduino)","xtensa-lx106-elf-gcc","xtensa-lx106-elf-gcc (Espressif)","-O2","mlkem-native","v1.2.0 (2507ff79a0acfec6e94a9a83709b5774491fdbb6)","ML-KEM-512","encapsulation",90,13217000,47584,True,""
"c3b492ac-b0eb-411f-8667-7489ad4f192e","acb83844-6bfe-471e-846b-5697a917d4c2","2026-09-15T10:15:00Z","esp8266_xtensa_lx106_arduino","NATIVE_HARDWARE","xtensa_lx106","ESP8266 Xtensa LX106 80MHz",1,0,"FreeRTOS (ESP8266 RTOS via Arduino)","xtensa-lx106-elf-gcc","xtensa-lx106-elf-gcc (Espressif)","-O2","mlkem-native","v1.2.0 (2507ff79a0acfec6e94a9a83709b5774491fdbb6)","ML-KEM-512","decapsulation",90,17149000,47584,True,""
