experiment_id,run_id,timestamp,environment,measurement_type,architecture,processor,cpu_cores,ram_mb,os,compiler,compiler_version,optimization_flags,implementation,implementation_version,mlkem_variant,operation,iteration,execution_time_ns,memory_bytes,success,error_message
"d337aa37-8cc6-408b-bf51-f03b9cd5dd12","23ad1ea7-f2e7-42aa-a95c-6be08e2ba1cd","2026-08-12T20:43:25Z","android_vivo_y19_termux","NATIVE_HARDWARE","aarch64","aarch64",8,3741,"Linux 4.14.186-g1003dc13e-dirty","clang","21.1.8 ","-O3 -march=armv8-a","mlkem-native","v1.2.0 (0ba906cb14b1c241476134d7403a811b382ca498)","ML-KEM-1024","keygen",1,349846,3698688,True,""
"d337aa37-8cc6-408b-bf51-f03b9cd5dd12","23ad1ea7-f2e7-42aa-a95c-6be08e2ba1cd","2026-08-12T20:43:25Z","android_vivo_y19_termux","NATIVE_HARDWARE","aarch64","aarch64",8,3741,"Linux 4.14.186-g1003dc13e-dirty","clang","21.1.8 ","-O3 -march=armv8-a","mlkem-native","v1.2.0 (0ba906cb14b1c241476134d7403a811b382ca498)","ML-KEM-1024","encapsulation",1,356000,3698688,True,""
"d337aa37-8cc6-408b-bf51-f03b9cd5dd12","23ad1ea7-f2e7-42aa-a95c-6be08e2ba1cd","2026-08-12T20:43:25Z","android_vivo_y19_termux","NATIVE_HARDWARE","aarch64","aarch64",8,3741,"Linux 4.14.186-g1003dc13e-dirty","clang","21.1.8 ","-O3 -march=armv8-a","mlkem-native","v1.2.0 (0ba906cb14b1c241476134d7403a811b382ca498)","ML-KEM-1024","decapsulation",1,383307,3698688,True,""
"d337aa37-8cc6-408b-bf51-f03b9cd5dd12","23ad1ea7-f2e7-42aa-a95c-6be08e2ba1cd","2026-08-12T20:43:25Z","android_vivo_y19_termux","NATIVE_HARDWARE","aarch64","aarch64",8,3741,"Linux 4.14.186-g1003dc13e-dirty","clang","21.1.8 ","-O3 -march=armv8-a","mlkem-native","v1.2.0 (0ba906cb14b1c241476134d7403a811b382ca498)","ML-KEM-1024","keygen",2,292692,3698688,True,""
"d337aa37-8cc6-408b-bf51-f03b9cd5dd12","23ad1ea7-f2e7-42aa-a95c-6be08e2ba1cd","2026-08-12T20:43:25Z","android_vivo_y19_termux","NATIVE_HARDWARE","aarch64","aarch64",8,3741,"Linux 4.14.186-g1003dc13e-dirty","clang","21.1.8 ","-O3 -march=armv8-a","mlkem-native","v1.2.0 (0ba906cb14b1c241476134d7403a811b382ca498)","ML-KEM-1024","encapsulation",2,321846,3698688,True,""
"d337aa37-8cc6-408b-bf51-f03b9cd5dd12","23ad1ea7-f2e7-42aa-a95c-6be08e2ba1cd","2026-08-12T20:43:25Z","android_vivo_y19_termux","NATIVE_HARDWARE","aarch64","aarch64",8,3741,"Linux 4.14.186-g1003dc13e-dirty","clang","21.1.8 ","-O3 -march=armv8-a","mlkem-native","v1.2.0 (0ba906cb14b1c241476134d7403a811b382ca498)","ML-KEM-1024","decapsulation",2,371384,3698688,True,""
"d337aa37-8cc6-408b-bf51-f03b9cd5dd12","23ad1ea7-f2e7-42aa-a95c-6be08e2ba1cd","2026-08-12T20:43:25Z","android_vivo_y19_termux","NATIVE_HARDWARE","aarch64","aarch64",8,3741,"Linux 4.14.186-g1003dc13e-dirty","clang","21.1.8 ","-O3 -march=armv8-a","mlkem-native","v1.2.0 (0ba906cb14b1c241476134d7403a811b382ca498)","ML-KEM-1024","keygen",3,292539,3698688,True,""
"d337aa37-8cc6-408b-bf51-f03b9cd5dd12","23ad1ea7-f2e7-42aa-a95c-6be08e2ba1cd","2026-08-12T20:43:25Z","android_vivo_y19_termux","NATIVE_HARDWARE","aarch64","aarch64",8,3741,"Linux 4.14.186-g1003dc13e-dirty","clang","21.1.8 ","-O3 -march=armv8-a","mlkem-native","v1.2.0 (0ba906cb14b1c241476134d7403a811b382ca498)","ML-KEM-1024","encapsulation",3,320307,3698688,True,""
"d337aa37-8cc6-408b-bf51-f03b9cd5dd12","23ad1ea7-f2e7-42aa-a95c-6be08e2ba1cd","2026-08-12T20:43:25Z","android_vivo_y19_termux","NATIVE_HARDWARE","aarch64","aarch64",8,3741,"Linux 4.14.186-g1003dc13e-dirty","clang","21.1.8 ","-O3 -march=armv8-a","mlkem-native","v1.2.0 (0ba906cb14b1c241476134d7403a811b382ca498)","ML-KEM-1024","decapsulation",3,366385,3698688,True,""
"d337aa37-8cc6-408b-bf51-f03b9cd5dd12","23ad1ea7-f2e7-42aa-a95c-6be08e2ba1cd","2026-08-12T20:43:25Z","android_vivo_y19_termux","NATIVE_HARDWARE","aarch64","aarch64",8,3741,"Linux 4.14.186-g1003dc13e-dirty","clang","21.1.8 ","-O3 -march=armv8-a","mlkem-native","v1.2.0 (0ba906cb14b1c241476134d7403a811b382ca498)","ML-KEM-1024","keygen",4,292923,3698688,True,""
"d337aa37-8cc6-408b-bf51-f03b9cd5dd12","23ad1ea7-f2e7-42aa-a95c-6be08e2ba1cd","2026-08-12T20:43:25Z","android_vivo_y19_termux","NATIVE_HARDWARE","aarch64","aarch64",8,3741,"Linux 4.14.186-g1003dc13e-dirty","clang","21.1.8 ","-O3 -march=armv8-a","mlkem-native","v1.2.0 (0ba906cb14b1c241476134d7403a811b382ca498)","ML-KEM-1024","encapsulation",4,454077,3698688,True,""
"d337aa37-8cc6-408b-bf51-f03b9cd5dd12","23ad1ea7-f2e7-42aa-a95c-6be08e2ba1cd","2026-08-12T20:43:25Z","android_vivo_y19_termux","NATIVE_HARDWARE","aarch64","aarch64",8,3741,"Linux 4.14.186-g1003dc13e-dirty","clang","21.1.8 ","-O3 -march=armv8-a","mlkem-native","v1.2.0 (0ba906cb14b1c241476134d7403a811b382ca498)","ML-KEM-1024","decapsulation",4,367154,3698688,True,""
"d337aa37-8cc6-408b-bf51-f03b9cd5dd12","23ad1ea7-f2e7-42aa-a95c-6be08e2ba1cd","2026-08-12T20:43:25Z","android_vivo_y19_termux","NATIVE_HARDWARE","aarch64","aarch64",8,3741,"Linux 4.14.186-g1003dc13e-dirty","clang","21.1.8 ","-O3 -march=armv8-a","mlkem-native","v1.2.0 (0ba906cb14b1c241476134d7403a811b382ca498)","ML-KEM-1024","keygen",5,294153,3698688,True,""
"d337aa37-8cc6-408b-bf51-f03b9cd5dd12","23ad1ea7-f2e7-42aa-a95c-6be08e2ba1cd","2026-08-12T20:43:25Z","android_vivo_y19_termux","NATIVE_HARDWARE","aarch64","aarch64",8,3741,"Linux 4.14.186-g1003dc13e-dirty","clang","21.1.8 ","-O3 -march=armv8-a","mlkem-native","v1.2.0 (0ba906cb14b1c241476134d7403a811b382ca498)","ML-KEM-1024","encapsulation",5,320692,3698688,True,""
"d337aa37-8cc6-408b-bf51-f03b9cd5dd12","23ad1ea7-f2e7-42aa-a95c-6be08e2ba1cd","2026-08-12T20:43:25Z","android_vivo_y19_termux","NATIVE_HARDWARE","aarch64","aarch64",8,3741,"Linux 4.14.186-g1003dc13e-dirty","clang","21.1.8 ","-O3 -march=armv8-a","mlkem-native","v1.2.0 (0ba906cb14b1c241476134d7403a811b382ca498)","ML-KEM-1024","decapsulation",5,367615,3698688,True,""
"d337aa37-8cc6-408b-bf51-f03b9cd5dd12","23ad1ea7-f2e7-42aa-a95c-6be08e2ba1cd","2026-08-12T20:43:25Z","android_vivo_y19_termux","NATIVE_HARDWARE","aarch64","aarch64",8,3741,"Linux 4.14.186-g1003dc13e-dirty","clang","21.1.8 ","-O3 -march=armv8-a","mlkem-native","v1.2.0 (0ba906cb14b1c241476134d7403a811b382ca498)","ML-KEM-1024","keygen",6,292385,3698688,True,""
"d337aa37-8cc6-408b-bf51-f03b9cd5dd12","23ad1ea7-f2e7-42aa-a95c-6be08e2ba1cd","2026-08-12T20:43:25Z","android_vivo_y19_termux","NATIVE_HARDWARE","aarch64","aarch64",8,3741,"Linux 4.14.186-g1003dc13e-dirty","clang","21.1.8 ","-O3 -march=armv8-a","mlkem-native","v1.2.0 (0ba906cb14b1c241476134d7403a811b382ca498)","ML-KEM-1024","encapsulation",6,465846,3698688,True,""
"d337aa37-8cc6-408b-bf51-f03b9cd5dd12","23ad1ea7-f2e7-42aa-a95c-6be08e2ba1cd","2026-08-12T20:43:25Z","android_vivo_y19_termux","NATIVE_HARDWARE","aarch64","aarch64",8,3741,"Linux 4.14.186-g1003dc13e-dirty","clang","21.1.8 ","-O3 -march=armv8-a","mlkem-native","v1.2.0 (0ba906cb14b1c241476134d7403a811b382ca498)","ML-KEM-1024","decapsulation",6,366539,3698688,True,""
"d337aa37-8cc6-408b-bf51-f03b9cd5dd12","23ad1ea7-f2e7-42aa-a95c-6be08e2ba1cd","2026-08-12T20:43:25Z","android_vivo_y19_termux","NATIVE_HARDWARE","aarch64","aarch64",8,3741,"Linux 4.14.186-g1003dc13e-dirty","clang","21.1.8 ","-O3 -march=armv8-a","mlkem-native","v1.2.0 (0ba906cb14b1c241476134d7403a811b382ca498)","ML-KEM-1024","keygen",7,370770,3698688,True,""
"d337aa37-8cc6-408b-bf51-f03b9cd5dd12","23ad1ea7-f2e7-42aa-a95c-6be08e2ba1cd","2026-08-12T20:43:25Z","android_vivo_y19_termux","NATIVE_HARDWARE","aarch64","aarch64",8,3741,"Linux 4.14.186-g1003dc13e-dirty","clang","21.1.8 ","-O3 -march=armv8-a","mlkem-native","v1.2.0 (0ba906cb14b1c241476134d7403a811b382ca498)","ML-KEM-1024","encapsulation",7,386692,3698688,True,""
"d337aa37-8cc6-408b-bf51-f03b9cd5dd12","23ad1ea7-f2e7-42aa-a95c-6be08e2ba1cd","2026-08-12T20:43:25Z","android_vivo_y19_termux","NATIVE_HARDWARE","aarch64","aarch64",8,3741,"Linux 4.14.186-g1003dc13e-dirty","clang","21.1.8 ","-O3 -march=armv8-a","mlkem-native","v1.2.0 (0ba906cb14b1c241476134d7403a811b382ca498)","ML-KEM-1024","decapsulation",7,366461,3698688,True,""
"d337aa37-8cc6-408b-bf51-f03b9cd5dd12","23ad1ea7-f2e7-42aa-a95c-6be08e2ba1cd","2026-08-12T20:43:25Z","android_vivo_y19_termux","NATIVE_HARDWARE","aarch64","aarch64",8,3741,"Linux 4.14.186-g1003dc13e-dirty","clang","21.1.8 ","-O3 -march=armv8-a","mlkem-native","v1.2.0 (0ba906cb14b1c241476134d7403a811b382ca498)","ML-KEM-1024","keygen",8,293231,3698688,True,""
"d337aa37-8cc6-408b-bf51-f03b9cd5dd12","23ad1ea7-f2e7-42aa-a95c-6be08e2ba1cd","2026-08-12T20:43:25Z","android_vivo_y19_termux","NATIVE_HARDWARE","aarch64","aarch64",8,3741,"Linux 4.14.186-g1003dc13e-dirty","clang","21.1.8 ","-O3 -march=armv8-a","mlkem-native","v1.2.0 (0ba906cb14b1c241476134d7403a811b382ca498)","ML-KEM-1024","encapsulation",8,320000,3698688,True,""
"d337aa37-8cc6-408b-bf51-f03b9cd5dd12","23ad1ea7-f2e7-42aa-a95c-6be08e2ba1cd","2026-08-12T20:43:25Z","android_vivo_y19_termux","NATIVE_HARDWARE","aarch64","aarch64",8,3741,"Linux 4.14.186-g1003dc13e-dirty","clang","21.1.8 ","-O3 -march=armv8-a","mlkem-native","v1.2.0 (0ba906cb14b1c241476134d7403a811b382ca498)","ML-KEM-1024","decapsulation",8,366846,3698688,True,""
"d337aa37-8cc6-408b-bf51-f03b9cd5dd12","23ad1ea7-f2e7-42aa-a95c-6be08e2ba1cd","2026-08-12T20:43:25Z","android_vivo_y19_termux","NATIVE_HARDWARE","aarch64","aarch64",8,3741,"Linux 4.14.186-g1003dc13e-dirty","clang","21.1.8 ","-O3 -march=armv8-a","mlkem-native","v1.2.0 (0ba906cb14b1c241476134d7403a811b382ca498)","ML-KEM-1024","keygen",9,294462,3698688,True,""
"d337aa37-8cc6-408b-bf51-f03b9cd5dd12","23ad1ea7-f2e7-42aa-a95c-6be08e2ba1cd","2026-08-12T20:43:25Z","android_vivo_y19_termux","NATIVE_HARDWARE","aarch64","aarch64",8,3741,"Linux 4.14.186-g1003dc13e-dirty","clang","21.1.8 ","-O3 -march=armv8-a","mlkem-native","v1.2.0 (0ba906cb14b1c241476134d7403a811b382ca498)","ML-KEM-1024","encapsulation",9,319923,3698688,True,""
"d337aa37-8cc6-408b-bf51-f03b9cd5dd12","23ad1ea7-f2e7-42aa-a95c-6be08e2ba1cd","2026-08-12T20:43:25Z","android_vivo_y19_termux","NATIVE_HARDWARE","aarch64","aarch64",8,3741,"Linux 4.14.186-g1003dc13e-dirty","clang","21.1.8 ","-O3 -march=armv8-a","mlkem-native","v1.2.0 (0ba906cb14b1c241476134d7403a811b382ca498)","ML-KEM-1024","decapsulation",9,366154,3698688,True,""
"d337aa37-8cc6-408b-bf51-f03b9cd5dd12","23ad1ea7-f2e7-42aa-a95c-6be08e2ba1cd","2026-08-12T20:43:25Z","android_vivo_y19_termux","NATIVE_HARDWARE","aarch64","aarch64",8,3741,"Linux 4.14.186-g1003dc13e-dirty","clang","21.1.8 ","-O3 -march=armv8-a","mlkem-native","v1.2.0 (0ba906cb14b1c241476134d7403a811b382ca498)","ML-KEM-1024","keygen",10,293308,3698688,True,""
"d337aa37-8cc6-408b-bf51-f03b9cd5dd12","23ad1ea7-f2e7-42aa-a95c-6be08e2ba1cd","2026-08-12T20:43:25Z","android_vivo_y19_termux","NATIVE_HARDWARE","aarch64","aarch64",8,3741,"Linux 4.14.186-g1003dc13e-dirty","clang","21.1.8 ","-O3 -march=armv8-a","mlkem-native","v1.2.0 (0ba906cb14b1c241476134d7403a811b382ca498)","ML-KEM-1024","encapsulation",10,327923,3698688,True,""
"d337aa37-8cc6-408b-bf51-f03b9cd5dd12","23ad1ea7-f2e7-42aa-a95c-6be08e2ba1cd","2026-08-12T20:43:25Z","android_vivo_y19_termux","NATIVE_HARDWARE","aarch64","aarch64",8,3741,"Linux 4.14.186-g1003dc13e-dirty","clang","21.1.8 ","-O3 -march=armv8-a","mlkem-native","v1.2.0 (0ba906cb14b1c241476134d7403a811b382ca498)","ML-KEM-1024","decapsulation",10,482385,3698688,True,""
"d337aa37-8cc6-408b-bf51-f03b9cd5dd12","23ad1ea7-f2e7-42aa-a95c-6be08e2ba1cd","2026-08-12T20:43:25Z","android_vivo_y19_termux","NATIVE_HARDWARE","aarch64","aarch64",8,3741,"Linux 4.14.186-g1003dc13e-dirty","clang","21.1.8 ","-O3 -march=armv8-a","mlkem-native","v1.2.0 (0ba906cb14b1c241476134d7403a811b382ca498)","ML-KEM-1024","keygen",11,302231,3698688,True,""
"d337aa37-8cc6-408b-bf51-f03b9cd5dd12","23ad1ea7-f2e7-42aa-a95c-6be08e2ba1cd","2026-08-12T20:43:25Z","android_vivo_y19_termux","NATIVE_HARDWARE","aarch64","aarch64",8,3741,"Linux 4.14.186-g1003dc13e-dirty","clang","21.1.8 ","-O3 -march=armv8-a","mlkem-native","v1.2.0 (0ba906cb14b1c241476134d7403a811b382ca498)","ML-KEM-1024","encapsulation",11,305000,3698688,True,""
"d337aa37-8cc6-408b-bf51-f03b9cd5dd12","23ad1ea7-f2e7-42aa-a95c-6be08e2ba1cd","2026-08-12T20:43:25Z","android_vivo_y19_termux","NATIVE_HARDWARE","aarch64","aarch64",8,3741,"Linux 4.14.186-g1003dc13e-dirty","clang","21.1.8 ","-O3 -march=armv8-a","mlkem-native","v1.2.0 (0ba906cb14b1c241476134d7403a811b382ca498)","ML-KEM-1024","decapsulation",11,348385,3698688,True,""
"d337aa37-8cc6-408b-bf51-f03b9cd5dd12","23ad1ea7-f2e7-42aa-a95c-6be08e2ba1cd","2026-08-12T20:43:25Z","android_vivo_y19_termux","NATIVE_HARDWARE","aarch64","aarch64",8,3741,"Linux 4.14.186-g1003dc13e-dirty","clang","21.1.8 ","-O3 -march=armv8-a","mlkem-native","v1.2.0 (0ba906cb14b1c241476134d7403a811b382ca498)","ML-KEM-1024","keygen",12,280000,3698688,True,""
"d337aa37-8cc6-408b-bf51-f03b9cd5dd12","23ad1ea7-f2e7-42aa-a95c-6be08e2ba1cd","2026-08-12T20:43:25Z","android_vivo_y19_termux","NATIVE_HARDWARE","aarch64","aarch64",8,3741,"Linux 4.14.186-g1003dc13e-dirty","clang","21.1.8 ","-O3 -march=armv8-a","mlkem-native","v1.2.0 (0ba906cb14b1c241476134d7403a811b382ca498)","ML-KEM-1024","encapsulation",12,304692,3698688,True,""
"d337aa37-8cc6-408b-bf51-f03b9cd5dd12","23ad1ea7-f2e7-42aa-a95c-6be08e2ba1cd","2026-08-12T20:43:25Z","android_vivo_y19_termux","NATIVE_HARDWARE","aarch64","aarch64",8,3741,"Linux 4.14.186-g1003dc13e-dirty","clang","21.1.8 ","-O3 -march=armv8-a","mlkem-native","v1.2.0 (0ba906cb14b1c241476134d7403a811b382ca498)","ML-KEM-1024","decapsulation",12,348539,3698688,True,""
"d337aa37-8cc6-408b-bf51-f03b9cd5dd12","23ad1ea7-f2e7-42aa-a95c-6be08e2ba1cd","2026-08-12T20:43:25Z","android_vivo_y19_termux","NATIVE_HARDWARE","aarch64","aarch64",8,3741,"Linux 4.14.186-g1003dc13e-dirty","clang","21.1.8 ","-O3 -march=armv8-a","mlkem-native","v1.2.0 (0ba906cb14b1c241476134d7403a811b382ca498)","ML-KEM-1024","keygen",13,331077,3698688,True,""
"d337aa37-8cc6-408b-bf51-f03b9cd5dd12","23ad1ea7-f2e7-42aa-a95c-6be08e2ba1cd","2026-08-12T20:43:25Z","android_vivo_y19_termux","NATIVE_HARDWARE","aarch64","aarch64",8,3741,"Linux 4.14.186-g1003dc13e-dirty","clang","21.1.8 ","-O3 -march=armv8-a","mlkem-native","v1.2.0 (0ba906cb14b1c241476134d7403a811b382ca498)","ML-KEM-1024","encapsulation",13,303692,3698688,True,""
"d337aa37-8cc6-408b-bf51-f03b9cd5dd12","23ad1ea7-f2e7-42aa-a95c-6be08e2ba1cd","2026-08-12T20:43:25Z","android_vivo_y19_termux","NATIVE_HARDWARE","aarch64","aarch64",8,3741,"Linux 4.14.186-g1003dc13e-dirty","clang","21.1.8 ","-O3 -march=armv8-a","mlkem-native","v1.2.0 (0ba906cb14b1c241476134d7403a811b382ca498)","ML-KEM-1024","decapsulation",13,348000,3698688,True,""
"d337aa37-8cc6-408b-bf51-f03b9cd5dd12","23ad1ea7-f2e7-42aa-a95c-6be08e2ba1cd","2026-08-12T20:43:25Z","android_vivo_y19_termux","NATIVE_HARDWARE","aarch64","aarch64",8,3741,"Linux 4.14.186-g1003dc13e-dirty","clang","21.1.8 ","-O3 -march=armv8-a","mlkem-native","v1.2.0 (0ba906cb14b1c241476134d7403a811b382ca498)","ML-KEM-1024","keygen",14,280077,3698688,True,""
"d337aa37-8cc6-408b-bf51-f03b9cd5dd12","23ad1ea7-f2e7-42aa-a95c-6be08e2ba1cd","2026-08-12T20:43:25Z","android_vivo_y19_termux","NATIVE_HARDWARE","aarch64","aarch64",8,3741,"Linux 4.14.186-g1003dc13e-dirty","clang","21.1.8 ","-O3 -march=armv8-a","mlkem-native","v1.2.0 (0ba906cb14b1c241476134d7403a811b382ca498)","ML-KEM-1024","encapsulation",14,305231,3698688,True,""
"d337aa37-8cc6-408b-bf51-f03b9cd5dd12","23ad1ea7-f2e7-42aa-a95c-6be08e2ba1cd","2026-08-12T20:43:25Z","android_vivo_y19_termux","NATIVE_HARDWARE","aarch64","aarch64",8,3741,"Linux 4.14.186-g1003dc13e-dirty","clang","21.1.8 ","-O3 -march=armv8-a","mlkem-native","v1.2.0 (0ba906cb14b1c241476134d7403a811b382ca498)","ML-KEM-1024","decapsulation",14,348308,3698688,True,""
"d337aa37-8cc6-408b-bf51-f03b9cd5dd12","23ad1ea7-f2e7-42aa-a95c-6be08e2ba1cd","2026-08-12T20:43:25Z","android_vivo_y19_termux","NATIVE_HARDWARE","aarch64","aarch64",8,3741,"Linux 4.14.186-g1003dc13e-dirty","clang","21.1.8 ","-O3 -march=armv8-a","mlkem-native","v1.2.0 (0ba906cb14b1c241476134d7403a811b382ca498)","ML-KEM-1024","keygen",15,279077,3698688,True,""
"d337aa37-8cc6-408b-bf51-f03b9cd5dd12","23ad1ea7-f2e7-42aa-a95c-6be08e2ba1cd","2026-08-12T20:43:25Z","android_vivo_y19_termux","NATIVE_HARDWARE","aarch64","aarch64",8,3741,"Linux 4.14.186-g1003dc13e-dirty","clang","21.1.8 ","-O3 -march=armv8-a","mlkem-native","v1.2.0 (0ba906cb14b1c241476134d7403a811b382ca498)","ML-KEM-1024","encapsulation",15,376231,3698688,True,""
"d337aa37-8cc6-408b-bf51-f03b9cd5dd12","23ad1ea7-f2e7-42aa-a95c-6be08e2ba1cd","2026-08-12T20:43:25Z","android_vivo_y19_termux","NATIVE_HARDWARE","aarch64","aarch64",8,3741,"Linux 4.14.186-g1003dc13e-dirty","clang","21.1.8 ","-O3 -march=armv8-a","mlkem-native","v1.2.0 (0ba906cb14b1c241476134d7403a811b382ca498)","ML-KEM-1024","decapsulation",15,347616,3698688,True,""
"d337aa37-8cc6-408b-bf51-f03b9cd5dd12","23ad1ea7-f2e7-42aa-a95c-6be08e2ba1cd","2026-08-12T20:43:25Z","android_vivo_y19_termux","NATIVE_HARDWARE","aarch64","aarch64",8,3741,"Linux 4.14.186-g1003dc13e-dirty","clang","21.1.8 ","-O3 -march=armv8-a","mlkem-native","v1.2.0 (0ba906cb14b1c241476134d7403a811b382ca498)","ML-KEM-1024","keygen",16,262154,3698688,True,""
"d337aa37-8cc6-408b-bf51-f03b9cd5dd12","23ad1ea7-f2e7-42aa-a95c-6be08e2ba1cd","2026-08-12T20:43:25Z","android_vivo_y19_termux","NATIVE_HARDWARE","aarch64","aarch64",8,3741,"Linux 4.14.186-g1003dc13e-dirty","clang","21.1.8 ","-O3 -march=armv8-a","mlkem-native","v1.2.0 (0ba906cb14b1c241476134d7403a811b382ca498)","ML-KEM-1024","encapsulation",16,293538,3698688,True,""
"d337aa37-8cc6-408b-bf51-f03b9cd5dd12","23ad1ea7-f2e7-42aa-a95c-6be08e2ba1cd","2026-08-12T20:43:25Z","android_vivo_y19_termux","NATIVE_HARDWARE","aarch64","aarch64",8,3741,"Linux 4.14.186-g1003dc13e-dirty","clang","21.1.8 ","-O3 -march=armv8-a","mlkem-native","v1.2.0 (0ba906cb14b1c241476134d7403a811b382ca498)","ML-KEM-1024","decapsulation",16,333539,3698688,True,""
"d337aa37-8cc6-408b-bf51-f03b9cd5dd12","23ad1ea7-f2e7-42aa-a95c-6be08e2ba1cd","2026-08-12T20:43:25Z","android_vivo_y19_termux","NATIVE_HARDWARE","aarch64","aarch64",8,3741,"Linux 4.14.186-g1003dc13e-dirty","clang","21.1.8 ","-O3 -march=armv8-a","mlkem-native","v1.2.0 (0ba906cb14b1c241476134d7403a811b382ca498)","ML-KEM-1024","keygen",17,261461,3698688,True,""
"d337aa37-8cc6-408b-bf51-f03b9cd5dd12","23ad1ea7-f2e7-42aa-a95c-6be08e2ba1cd","2026-08-12T20:43:25Z","android_vivo_y19_termux","NATIVE_HARDWARE","aarch64","aarch64",8,3741,"Linux 4.14.186-g1003dc13e-dirty","clang","21.1.8 ","-O3 -march=armv8-a","mlkem-native","v1.2.0 (0ba906cb14b1c241476134d7403a811b382ca498)","ML-KEM-1024","encapsulation",17,285923,3698688,True,""
"d337aa37-8cc6-408b-bf51-f03b9cd5dd12","23ad1ea7-f2e7-42aa-a95c-6be08e2ba1cd","2026-08-12T20:43:25Z","android_vivo_y19_termux","NATIVE_HARDWARE","aarch64","aarch64",8,3741,"Linux 4.14.186-g1003dc13e-dirty","clang","21.1.8 ","-O3 -march=armv8-a","mlkem-native","v1.2.0 (0ba906cb14b1c241476134d7403a811b382ca498)","ML-KEM-1024","decapsulation",17,370154,3698688,True,""
"d337aa37-8cc6-408b-bf51-f03b9cd5dd12","23ad1ea7-f2e7-42aa-a95c-6be08e2ba1cd","2026-08-12T20:43:25Z","android_vivo_y19_termux","NATIVE_HARDWARE","aarch64","aarch64",8,3741,"Linux 4.14.186-g1003dc13e-dirty","clang","21.1.8 ","-O3 -march=armv8-a","mlkem-native","v1.2.0 (0ba906cb14b1c241476134d7403a811b382ca498)","ML-KEM-1024","keygen",18,261923,3698688,True,""
"d337aa37-8cc6-408b-bf51-f03b9cd5dd12","23ad1ea7-f2e7-42aa-a95c-6be08e2ba1cd","2026-08-12T20:43:25Z","android_vivo_y19_termux","NATIVE_HARDWARE","aarch64","aarch64",8,3741,"Linux 4.14.186-g1003dc13e-dirty","clang","21.1.8 ","-O3 -march=armv8-a","mlkem-native","v1.2.0 (0ba906cb14b1c241476134d7403a811b382ca498)","ML-KEM-1024","encapsulation",18,284846,3698688,True,""
"d337aa37-8cc6-408b-bf51-f03b9cd5dd12","23ad1ea7-f2e7-42aa-a95c-6be08e2ba1cd","2026-08-12T20:43:25Z","android_vivo_y19_termux","NATIVE_HARDWARE","aarch64","aarch64",8,3741,"Linux 4.14.186-g1003dc13e-dirty","clang","21.1.8 ","-O3 -march=armv8-a","mlkem-native","v1.2.0 (0ba906cb14b1c241476134d7403a811b382ca498)","ML-KEM-1024","decapsulation",18,325846,3698688,True,""
"d337aa37-8cc6-408b-bf51-f03b9cd5dd12","23ad1ea7-f2e7-42aa-a95c-6be08e2ba1cd","2026-08-12T20:43:25Z","android_vivo_y19_termux","NATIVE_HARDWARE","aarch64","aarch64",8,3741,"Linux 4.14.186-g1003dc13e-dirty","clang","21.1.8 ","-O3 -march=armv8-a","mlkem-native","v1.2.0 (0ba906cb14b1c241476134d7403a811b382ca498)","ML-KEM-1024","keygen",19,261769,3698688,True,""
"d337aa37-8cc6-408b-bf51-f03b9cd5dd12","23ad1ea7-f2e7-42aa-a95c-6be08e2ba1cd","2026-08-12T20:43:25Z","android_vivo_y19_termux","NATIVE_HARDWARE","aarch64","aarch64",8,3741,"Linux 4.14.186-g1003dc13e-dirty","clang","21.1.8 ","-O3 -march=armv8-a","mlkem-native","v1.2.0 (0ba906cb14b1c241476134d7403a811b382ca498)","ML-KEM-1024","encapsulation",19,284308,3698688,True,""
"d337aa37-8cc6-408b-bf51-f03b9cd5dd12","23ad1ea7-f2e7-42aa-a95c-6be08e2ba1cd","2026-08-12T20:43:25Z","android_vivo_y19_termux","NATIVE_HARDWARE","aarch64","aarch64",8,3741,"Linux 4.14.186-g1003dc13e-dirty","clang","21.1.8 ","-O3 -march=armv8-a","mlkem-native","v1.2.0 (0ba906cb14b1c241476134d7403a811b382ca498)","ML-KEM-1024","decapsulation",19,371385,3698688,True,""
"d337aa37-8cc6-408b-bf51-f03b9cd5dd12","23ad1ea7-f2e7-42aa-a95c-6be08e2ba1cd","2026-08-12T20:43:25Z","android_vivo_y19_termux","NATIVE_HARDWARE","aarch64","aarch64",8,3741,"Linux 4.14.186-g1003dc13e-dirty","clang","21.1.8 ","-O3 -march=armv8-a","mlkem-native","v1.2.0 (0ba906cb14b1c241476134d7403a811b382ca498)","ML-KEM-1024","keygen",20,260385,3698688,True,""
"d337aa37-8cc6-408b-bf51-f03b9cd5dd12","23ad1ea7-f2e7-42aa-a95c-6be08e2ba1cd","2026-08-12T20:43:25Z","android_vivo_y19_termux","NATIVE_HARDWARE","aarch64","aarch64",8,3741,"Linux 4.14.186-g1003dc13e-dirty","clang","21.1.8 ","-O3 -march=armv8-a","mlkem-native","v1.2.0 (0ba906cb14b1c241476134d7403a811b382ca498)","ML-KEM-1024","encapsulation",20,287770,3698688,True,""
"d337aa37-8cc6-408b-bf51-f03b9cd5dd12","23ad1ea7-f2e7-42aa-a95c-6be08e2ba1cd","2026-08-12T20:43:25Z","android_vivo_y19_termux","NATIVE_HARDWARE","aarch64","aarch64",8,3741,"Linux 4.14.186-g1003dc13e-dirty","clang","21.1.8 ","-O3 -march=armv8-a","mlkem-native","v1.2.0 (0ba906cb14b1c241476134d7403a811b382ca498)","ML-KEM-1024","decapsulation",20,326461,3698688,True,""
"d337aa37-8cc6-408b-bf51-f03b9cd5dd12","23ad1ea7-f2e7-42aa-a95c-6be08e2ba1cd","2026-08-12T20:43:25Z","android_vivo_y19_termux","NATIVE_HARDWARE","aarch64","aarch64",8,3741,"Linux 4.14.186-g1003dc13e-dirty","clang","21.1.8 ","-O3 -march=armv8-a","mlkem-native","v1.2.0 (0ba906cb14b1c241476134d7403a811b382ca498)","ML-KEM-1024","keygen",21,268846,3698688,True,""
"d337aa37-8cc6-408b-bf51-f03b9cd5dd12","23ad1ea7-f2e7-42aa-a95c-6be08e2ba1cd","2026-08-12T20:43:25Z","android_vivo_y19_termux","NATIVE_HARDWARE","aarch64","aarch64",8,3741,"Linux 4.14.186-g1003dc13e-dirty","clang","21.1.8 ","-O3 -march=armv8-a","mlkem-native","v1.2.0 (0ba906cb14b1c241476134d7403a811b382ca498)","ML-KEM-1024","encapsulation",21,285231,3698688,True,""
"d337aa37-8cc6-408b-bf51-f03b9cd5dd12","23ad1ea7-f2e7-42aa-a95c-6be08e2ba1cd","2026-08-12T20:43:25Z","android_vivo_y19_termux","NATIVE_HARDWARE","aarch64","aarch64",8,3741,"Linux 4.14.186-g1003dc13e-dirty","clang","21.1.8 ","-O3 -march=armv8-a","mlkem-native","v1.2.0 (0ba906cb14b1c241476134d7403a811b382ca498)","ML-KEM-1024","decapsulation",21,326462,3698688,True,""
"d337aa37-8cc6-408b-bf51-f03b9cd5dd12","23ad1ea7-f2e7-42aa-a95c-6be08e2ba1cd","2026-08-12T20:43:25Z","android_vivo_y19_termux","NATIVE_HARDWARE","aarch64","aarch64",8,3741,"Linux 4.14.186-g1003dc13e-dirty","clang","21.1.8 ","-O3 -march=armv8-a","mlkem-native","v1.2.0 (0ba906cb14b1c241476134d7403a811b382ca498)","ML-KEM-1024","keygen",22,261769,3698688,True,""
"d337aa37-8cc6-408b-bf51-f03b9cd5dd12","23ad1ea7-f2e7-42aa-a95c-6be08e2ba1cd","2026-08-12T20:43:25Z","android_vivo_y19_termux","NATIVE_HARDWARE","aarch64","aarch64",8,3741,"Linux 4.14.186-g1003dc13e-dirty","clang","21.1.8 ","-O3 -march=armv8-a","mlkem-native","v1.2.0 (0ba906cb14b1c241476134d7403a811b382ca498)","ML-KEM-1024","encapsulation",22,286154,3698688,True,""
"d337aa37-8cc6-408b-bf51-f03b9cd5dd12","23ad1ea7-f2e7-42aa-a95c-6be08e2ba1cd","2026-08-12T20:43:25Z","android_vivo_y19_termux","NATIVE_HARDWARE","aarch64","aarch64",8,3741,"Linux 4.14.186-g1003dc13e-dirty","clang","21.1.8 ","-O3 -march=armv8-a","mlkem-native","v1.2.0 (0ba906cb14b1c241476134d7403a811b382ca498)","ML-KEM-1024","decapsulation",22,372616,3698688,True,""
"d337aa37-8cc6-408b-bf51-f03b9cd5dd12","23ad1ea7-f2e7-42aa-a95c-6be08e2ba1cd","2026-08-12T20:43:25Z","android_vivo_y19_termux","NATIVE_HARDWARE","aarch64","aarch64",8,3741,"Linux 4.14.186-g1003dc13e-dirty","clang","21.1.8 ","-O3 -march=armv8-a","mlkem-native","v1.2.0 (0ba906cb14b1c241476134d7403a811b382ca498)","ML-KEM-1024","keygen",23,261846,3698688,True,""
"d337aa37-8cc6-408b-bf51-f03b9cd5dd12","23ad1ea7-f2e7-42aa-a95c-6be08e2ba1cd","2026-08-12T20:43:25Z","android_vivo_y19_termux","NATIVE_HARDWARE","aarch64","aarch64",8,3741,"Linux 4.14.186-g1003dc13e-dirty","clang","21.1.8 ","-O3 -march=armv8-a","mlkem-native","v1.2.0 (0ba906cb14b1c241476134d7403a811b382ca498)","ML-KEM-1024","encapsulation",23,284616,3698688,True,""
"d337aa37-8cc6-408b-bf51-f03b9cd5dd12","23ad1ea7-f2e7-42aa-a95c-6be08e2ba1cd","2026-08-12T20:43:25Z","android_vivo_y19_termux","NATIVE_HARDWARE","aarch64","aarch64",8,3741,"Linux 4.14.186-g1003dc13e-dirty","clang","21.1.8 ","-O3 -march=armv8-a","mlkem-native","v1.2.0 (0ba906cb14b1c241476134d7403a811b382ca498)","ML-KEM-1024","decapsulation",23,325923,3698688,True,""
"d337aa37-8cc6-408b-bf51-f03b9cd5dd12","23ad1ea7-f2e7-42aa-a95c-6be08e2ba1cd","2026-08-12T20:43:25Z","android_vivo_y19_termux","NATIVE_HARDWARE","aarch64","aarch64",8,3741,"Linux 4.14.186-g1003dc13e-dirty","clang","21.1.8 ","-O3 -march=armv8-a","mlkem-native","v1.2.0 (0ba906cb14b1c241476134d7403a811b382ca498)","ML-KEM-1024","keygen",24,261154,3698688,True,""
"d337aa37-8cc6-408b-bf51-f03b9cd5dd12","23ad1ea7-f2e7-42aa-a95c-6be08e2ba1cd","2026-08-12T20:43:25Z","android_vivo_y19_termux","NATIVE_HARDWARE","aarch64","aarch64",8,3741,"Linux 4.14.186-g1003dc13e-dirty","clang","21.1.8 ","-O3 -march=armv8-a","mlkem-native","v1.2.0 (0ba906cb14b1c241476134d7403a811b382ca498)","ML-KEM-1024","encapsulation",24,286693,3698688,True,""
"d337aa37-8cc6-408b-bf51-f03b9cd5dd12","23ad1ea7-f2e7-42aa-a95c-6be08e2ba1cd","2026-08-12T20:43:25Z","android_vivo_y19_termux","NATIVE_HARDWARE","aarch64","aarch64",8,3741,"Linux 4.14.186-g1003dc13e-dirty","clang","21.1.8 ","-O3 -march=armv8-a","mlkem-native","v1.2.0 (0ba906cb14b1c241476134d7403a811b382ca498)","ML-KEM-1024","decapsulation",24,326692,3698688,True,""
"d337aa37-8cc6-408b-bf51-f03b9cd5dd12","23ad1ea7-f2e7-42aa-a95c-6be08e2ba1cd","2026-08-12T20:43:25Z","android_vivo_y19_termux","NATIVE_HARDWARE","aarch64","aarch64",8,3741,"Linux 4.14.186-g1003dc13e-dirty","clang","21.1.8 ","-O3 -march=armv8-a","mlkem-native","v1.2.0 (0ba906cb14b1c241476134d7403a811b382ca498)","ML-KEM-1024","keygen",25,261539,3698688,True,""
"d337aa37-8cc6-408b-bf51-f03b9cd5dd12","23ad1ea7-f2e7-42aa-a95c-6be08e2ba1cd","2026-08-12T20:43:25Z","android_vivo_y19_termux","NATIVE_HARDWARE","aarch64","aarch64",8,3741,"Linux 4.14.186-g1003dc13e-dirty","clang","21.1.8 ","-O3 -march=armv8-a","mlkem-native","v1.2.0 (0ba906cb14b1c241476134d7403a811b382ca498)","ML-KEM-1024","encapsulation",25,289154,3698688,True,""
"d337aa37-8cc6-408b-bf51-f03b9cd5dd12","23ad1ea7-f2e7-42aa-a95c-6be08e2ba1cd","2026-08-12T20:43:25Z","android_vivo_y19_termux","NATIVE_HARDWARE","aarch64","aarch64",8,3741,"Linux 4.14.186-g1003dc13e-dirty","clang","21.1.8 ","-O3 -march=armv8-a","mlkem-native","v1.2.0 (0ba906cb14b1c241476134d7403a811b382ca498)","ML-KEM-1024","decapsulation",25,326154,3698688,True,""
"d337aa37-8cc6-408b-bf51-f03b9cd5dd12","23ad1ea7-f2e7-42aa-a95c-6be08e2ba1cd","2026-08-12T20:43:25Z","android_vivo_y19_termux","NATIVE_HARDWARE","aarch64","aarch64",8,3741,"Linux 4.14.186-g1003dc13e-dirty","clang","21.1.8 ","-O3 -march=armv8-a","mlkem-native","v1.2.0 (0ba906cb14b1c241476134d7403a811b382ca498)","ML-KEM-1024","keygen",26,248307,3698688,True,""
"d337aa37-8cc6-408b-bf51-f03b9cd5dd12","23ad1ea7-f2e7-42aa-a95c-6be08e2ba1cd","2026-08-12T20:43:25Z","android_vivo_y19_termux","NATIVE_HARDWARE","aarch64","aarch64",8,3741,"Linux 4.14.186-g1003dc13e-dirty","clang","21.1.8 ","-O3 -march=armv8-a","mlkem-native","v1.2.0 (0ba906cb14b1c241476134d7403a811b382ca498)","ML-KEM-1024","encapsulation",26,263385,3698688,True,""
"d337aa37-8cc6-408b-bf51-f03b9cd5dd12","23ad1ea7-f2e7-42aa-a95c-6be08e2ba1cd","2026-08-12T20:43:25Z","android_vivo_y19_termux","NATIVE_HARDWARE","aarch64","aarch64",8,3741,"Linux 4.14.186-g1003dc13e-dirty","clang","21.1.8 ","-O3 -march=armv8-a","mlkem-native","v1.2.0 (0ba906cb14b1c241476134d7403a811b382ca498)","ML-KEM-1024","decapsulation",26,301231,3698688,True,""
"d337aa37-8cc6-408b-bf51-f03b9cd5dd12","23ad1ea7-f2e7-42aa-a95c-6be08e2ba1cd","2026-08-12T20:43:25Z","android_vivo_y19_termux","NATIVE_HARDWARE","aarch64","aarch64",8,3741,"Linux 4.14.186-g1003dc13e-dirty","clang","21.1.8 ","-O3 -march=armv8-a","mlkem-native","v1.2.0 (0ba906cb14b1c241476134d7403a811b382ca498)","ML-KEM-1024","keygen",27,240847,3698688,True,""
"d337aa37-8cc6-408b-bf51-f03b9cd5dd12","23ad1ea7-f2e7-42aa-a95c-6be08e2ba1cd","2026-08-12T20:43:25Z","android_vivo_y19_termux","NATIVE_HARDWARE","aarch64","aarch64",8,3741,"Linux 4.14.186-g1003dc13e-dirty","clang","21.1.8 ","-O3 -march=armv8-a","mlkem-native","v1.2.0 (0ba906cb14b1c241476134d7403a811b382ca498)","ML-KEM-1024","encapsulation",27,262769,3698688,True,""
"d337aa37-8cc6-408b-bf51-f03b9cd5dd12","23ad1ea7-f2e7-42aa-a95c-6be08e2ba1cd","2026-08-12T20:43:25Z","android_vivo_y19_termux","NATIVE_HARDWARE","aarch64","aarch64",8,3741,"Linux 4.14.186-g1003dc13e-dirty","clang","21.1.8 ","-O3 -march=armv8-a","mlkem-native","v1.2.0 (0ba906cb14b1c241476134d7403a811b382ca498)","ML-KEM-1024","decapsulation",27,300847,3698688,True,""
"d337aa37-8cc6-408b-bf51-f03b9cd5dd12","23ad1ea7-f2e7-42aa-a95c-6be08e2ba1cd","2026-08-12T20:43:25Z","android_vivo_y19_termux","NATIVE_HARDWARE","aarch64","aarch64",8,3741,"Linux 4.14.186-g1003dc13e-dirty","clang","21.1.8 ","-O3 -march=armv8-a","mlkem-native","v1.2.0 (0ba906cb14b1c241476134d7403a811b382ca498)","ML-KEM-1024","keygen",28,241461,3698688,True,""
"d337aa37-8cc6-408b-bf51-f03b9cd5dd12","23ad1ea7-f2e7-42aa-a95c-6be08e2ba1cd","2026-08-12T20:43:25Z","android_vivo_y19_termux","NATIVE_HARDWARE","aarch64","aarch64",8,3741,"Linux 4.14.186-g1003dc13e-dirty","clang","21.1.8 ","-O3 -march=armv8-a","mlkem-native","v1.2.0 (0ba906cb14b1c241476134d7403a811b382ca498)","ML-KEM-1024","encapsulation",28,263076,3698688,True,""
"d337aa37-8cc6-408b-bf51-f03b9cd5dd12","23ad1ea7-f2e7-42aa-a95c-6be08e2ba1cd","2026-08-12T20:43:25Z","android_vivo_y19_termux","NATIVE_HARDWARE","aarch64","aarch64",8,3741,"Linux 4.14.186-g1003dc13e-dirty","clang","21.1.8 ","-O3 -march=armv8-a","mlkem-native","v1.2.0 (0ba906cb14b1c241476134d7403a811b382ca498)","ML-KEM-1024","decapsulation",28,300615,3698688,True,""
"d337aa37-8cc6-408b-bf51-f03b9cd5dd12","23ad1ea7-f2e7-42aa-a95c-6be08e2ba1cd","2026-08-12T20:43:25Z","android_vivo_y19_termux","NATIVE_HARDWARE","aarch64","aarch64",8,3741,"Linux 4.14.186-g1003dc13e-dirty","clang","21.1.8 ","-O3 -march=armv8-a","mlkem-native","v1.2.0 (0ba906cb14b1c241476134d7403a811b382ca498)","ML-KEM-1024","keygen",29,248308,3698688,True,""
"d337aa37-8cc6-408b-bf51-f03b9cd5dd12","23ad1ea7-f2e7-42aa-a95c-6be08e2ba1cd","2026-08-12T20:43:25Z","android_vivo_y19_termux","NATIVE_HARDWARE","aarch64","aarch64",8,3741,"Linux 4.14.186-g1003dc13e-dirty","clang","21.1.8 ","-O3 -march=armv8-a","mlkem-native","v1.2.0 (0ba906cb14b1c241476134d7403a811b382ca498)","ML-KEM-1024","encapsulation",29,263154,3698688,True,""
"d337aa37-8cc6-408b-bf51-f03b9cd5dd12","23ad1ea7-f2e7-42aa-a95c-6be08e2ba1cd","2026-08-12T20:43:25Z","android_vivo_y19_termux","NATIVE_HARDWARE","aarch64","aarch64",8,3741,"Linux 4.14.186-g1003dc13e-dirty","clang","21.1.8 ","-O3 -march=armv8-a","mlkem-native","v1.2.0 (0ba906cb14b1c241476134d7403a811b382ca498)","ML-KEM-1024","decapsulation",29,300923,3698688,True,""
"d337aa37-8cc6-408b-bf51-f03b9cd5dd12","23ad1ea7-f2e7-42aa-a95c-6be08e2ba1cd","2026-08-12T20:43:25Z","android_vivo_y19_termux","NATIVE_HARDWARE","aarch64","aarch64",8,3741,"Linux 4.14.186-g1003dc13e-dirty","clang","21.1.8 ","-O3 -march=armv8-a","mlkem-native","v1.2.0 (0ba906cb14b1c241476134d7403a811b382ca498)","ML-KEM-1024","keygen",30,241000,3698688,True,""
"d337aa37-8cc6-408b-bf51-f03b9cd5dd12","23ad1ea7-f2e7-42aa-a95c-6be08e2ba1cd","2026-08-12T20:43:25Z","android_vivo_y19_termux","NATIVE_HARDWARE","aarch64","aarch64",8,3741,"Linux 4.14.186-g1003dc13e-dirty","clang","21.1.8 ","-O3 -march=armv8-a","mlkem-native","v1.2.0 (0ba906cb14b1c241476134d7403a811b382ca498)","ML-KEM-1024","encapsulation",30,263462,3698688,True,""
"d337aa37-8cc6-408b-bf51-f03b9cd5dd12","23ad1ea7-f2e7-42aa-a95c-6be08e2ba1cd","2026-08-12T20:43:25Z","android_vivo_y19_termux","NATIVE_HARDWARE","aarch64","aarch64",8,3741,"Linux 4.14.186-g1003dc13e-dirty","clang","21.1.8 ","-O3 -march=armv8-a","mlkem-native","v1.2.0 (0ba906cb14b1c241476134d7403a811b382ca498)","ML-KEM-1024","decapsulation",30,301462,3698688,True,""
"d337aa37-8cc6-408b-bf51-f03b9cd5dd12","23ad1ea7-f2e7-42aa-a95c-6be08e2ba1cd","2026-08-12T20:43:25Z","android_vivo_y19_termux","NATIVE_HARDWARE","aarch64","aarch64",8,3741,"Linux 4.14.186-g1003dc13e-dirty","clang","21.1.8 ","-O3 -march=armv8-a","mlkem-native","v1.2.0 (0ba906cb14b1c241476134d7403a811b382ca498)","ML-KEM-1024","keygen",31,240923,3698688,True,""
"d337aa37-8cc6-408b-bf51-f03b9cd5dd12","23ad1ea7-f2e7-42aa-a95c-6be08e2ba1cd","2026-08-12T20:43:25Z","android_vivo_y19_termux","NATIVE_HARDWARE","aarch64","aarch64",8,3741,"Linux 4.14.186-g1003dc13e-dirty","clang","21.1.8 ","-O3 -march=armv8-a","mlkem-native","v1.2.0 (0ba906cb14b1c241476134d7403a811b382ca498)","ML-KEM-1024","encapsulation",31,263077,3698688,True,""
"d337aa37-8cc6-408b-bf51-f03b9cd5dd12","23ad1ea7-f2e7-42aa-a95c-6be08e2ba1cd","2026-08-12T20:43:25Z","android_vivo_y19_termux","NATIVE_HARDWARE","aarch64","aarch64",8,3741,"Linux 4.14.186-g1003dc13e-dirty","clang","21.1.8 ","-O3 -march=armv8-a","mlkem-native","v1.2.0 (0ba906cb14b1c241476134d7403a811b382ca498)","ML-KEM-1024","decapsulation",31,301308,3698688,True,""
"d337aa37-8cc6-408b-bf51-f03b9cd5dd12","23ad1ea7-f2e7-42aa-a95c-6be08e2ba1cd","2026-08-12T20:43:25Z","android_vivo_y19_termux","NATIVE_HARDWARE","aarch64","aarch64",8,3741,"Linux 4.14.186-g1003dc13e-dirty","clang","21.1.8 ","-O3 -march=armv8-a","mlkem-native","v1.2.0 (0ba906cb14b1c241476134d7403a811b382ca498)","ML-KEM-1024","keygen",32,240615,3698688,True,""
"d337aa37-8cc6-408b-bf51-f03b9cd5dd12","23ad1ea7-f2e7-42aa-a95c-6be08e2ba1cd","2026-08-12T20:43:25Z","android_vivo_y19_termux","NATIVE_HARDWARE","aarch64","aarch64",8,3741,"Linux 4.14.186-g1003dc13e-dirty","clang","21.1.8 ","-O3 -march=armv8-a","mlkem-native","v1.2.0 (0ba906cb14b1c241476134d7403a811b382ca498)","ML-KEM-1024","encapsulation",32,263616,3698688,True,""
"d337aa37-8cc6-408b-bf51-f03b9cd5dd12","23ad1ea7-f2e7-42aa-a95c-6be08e2ba1cd","2026-08-12T20:43:25Z","android_vivo_y19_termux","NATIVE_HARDWARE","aarch64","aarch64",8,3741,"Linux 4.14.186-g1003dc13e-dirty","clang","21.1.8 ","-O3 -march=armv8-a","mlkem-native","v1.2.0 (0ba906cb14b1c241476134d7403a811b382ca498)","ML-KEM-1024","decapsulation",32,300923,3698688,True,""
"d337aa37-8cc6-408b-bf51-f03b9cd5dd12","23ad1ea7-f2e7-42aa-a95c-6be08e2ba1cd","2026-08-12T20:43:25Z","android_vivo_y19_termux","NATIVE_HARDWARE","aarch64","aarch64",8,3741,"Linux 4.14.186-g1003dc13e-dirty","clang","21.1.8 ","-O3 -march=armv8-a","mlkem-native","v1.2.0 (0ba906cb14b1c241476134d7403a811b382ca498)","ML-KEM-1024","keygen",33,240308,3698688,True,""
"d337aa37-8cc6-408b-bf51-f03b9cd5dd12","23ad1ea7-f2e7-42aa-a95c-6be08e2ba1cd","2026-08-12T20:43:25Z","android_vivo_y19_termux","NATIVE_HARDWARE","aarch64","aarch64",8,3741,"Linux 4.14.186-g1003dc13e-dirty","clang","21.1.8 ","-O3 -march=armv8-a","mlkem-native","v1.2.0 (0ba906cb14b1c241476134d7403a811b382ca498)","ML-KEM-1024","encapsulation",33,275154,3698688,True,""
"d337aa37-8cc6-408b-bf51-f03b9cd5dd12","23ad1ea7-f2e7-42aa-a95c-6be08e2ba1cd","2026-08-12T20:43:25Z","android_vivo_y19_termux","NATIVE_HARDWARE","aarch64","aarch64",8,3741,"Linux 4.14.186-g1003dc13e-dirty","clang","21.1.8 ","-O3 -march=armv8-a","mlkem-native","v1.2.0 (0ba906cb14b1c241476134d7403a811b382ca498)","ML-KEM-1024","decapsulation",33,308000,3698688,True,""
"d337aa37-8cc6-408b-bf51-f03b9cd5dd12","23ad1ea7-f2e7-42aa-a95c-6be08e2ba1cd","2026-08-12T20:43:25Z","android_vivo_y19_termux","NATIVE_HARDWARE","aarch64","aarch64",8,3741,"Linux 4.14.186-g1003dc13e-dirty","clang","21.1.8 ","-O3 -march=armv8-a","mlkem-native","v1.2.0 (0ba906cb14b1c241476134d7403a811b382ca498)","ML-KEM-1024","keygen",34,240693,3698688,True,""
"d337aa37-8cc6-408b-bf51-f03b9cd5dd12","23ad1ea7-f2e7-42aa-a95c-6be08e2ba1cd","2026-08-12T20:43:25Z","android_vivo_y19_termux","NATIVE_HARDWARE","aarch64","aarch64",8,3741,"Linux 4.14.186-g1003dc13e-dirty","clang","21.1.8 ","-O3 -march=armv8-a","mlkem-native","v1.2.0 (0ba906cb14b1c241476134d7403a811b382ca498)","ML-KEM-1024","encapsulation",34,264000,3698688,True,""
"d337aa37-8cc6-408b-bf51-f03b9cd5dd12","23ad1ea7-f2e7-42aa-a95c-6be08e2ba1cd","2026-08-12T20:43:25Z","android_vivo_y19_termux","NATIVE_HARDWARE","aarch64","aarch64",8,3741,"Linux 4.14.186-g1003dc13e-dirty","clang","21.1.8 ","-O3 -march=armv8-a","mlkem-native","v1.2.0 (0ba906cb14b1c241476134d7403a811b382ca498)","ML-KEM-1024","decapsulation",34,300924,3698688,True,""
"d337aa37-8cc6-408b-bf51-f03b9cd5dd12","23ad1ea7-f2e7-42aa-a95c-6be08e2ba1cd","2026-08-12T20:43:25Z","android_vivo_y19_termux","NATIVE_HARDWARE","aarch64","aarch64",8,3741,"Linux 4.14.186-g1003dc13e-dirty","clang","21.1.8 ","-O3 -march=armv8-a","mlkem-native","v1.2.0 (0ba906cb14b1c241476134d7403a811b382ca498)","ML-KEM-1024","keygen",35,242153,3698688,True,""
"d337aa37-8cc6-408b-bf51-f03b9cd5dd12","23ad1ea7-f2e7-42aa-a95c-6be08e2ba1cd","2026-08-12T20:43:25Z","android_vivo_y19_termux","NATIVE_HARDWARE","aarch64","aarch64",8,3741,"Linux 4.14.186-g1003dc13e-dirty","clang","21.1.8 ","-O3 -march=armv8-a","mlkem-native","v1.2.0 (0ba906cb14b1c241476134d7403a811b382ca498)","ML-KEM-1024","encapsulation",35,264000,3698688,True,""
"d337aa37-8cc6-408b-bf51-f03b9cd5dd12","23ad1ea7-f2e7-42aa-a95c-6be08e2ba1cd","2026-08-12T20:43:25Z","android_vivo_y19_termux","NATIVE_HARDWARE","aarch64","aarch64",8,3741,"Linux 4.14.186-g1003dc13e-dirty","clang","21.1.8 ","-O3 -march=armv8-a","mlkem-native","v1.2.0 (0ba906cb14b1c241476134d7403a811b382ca498)","ML-KEM-1024","decapsulation",35,300923,3698688,True,""
"d337aa37-8cc6-408b-bf51-f03b9cd5dd12","23ad1ea7-f2e7-42aa-a95c-6be08e2ba1cd","2026-08-12T20:43:25Z","android_vivo_y19_termux","NATIVE_HARDWARE","aarch64","aarch64",8,3741,"Linux 4.14.186-g1003dc13e-dirty","clang","21.1.8 ","-O3 -march=armv8-a","mlkem-native","v1.2.0 (0ba906cb14b1c241476134d7403a811b382ca498)","ML-KEM-1024","keygen",36,291385,3698688,True,""
"d337aa37-8cc6-408b-bf51-f03b9cd5dd12","23ad1ea7-f2e7-42aa-a95c-6be08e2ba1cd","2026-08-12T20:43:25Z","android_vivo_y19_termux","NATIVE_HARDWARE","aarch64","aarch64",8,3741,"Linux 4.14.186-g1003dc13e-dirty","clang","21.1.8 ","-O3 -march=armv8-a","mlkem-native","v1.2.0 (0ba906cb14b1c241476134d7403a811b382ca498)","ML-KEM-1024","encapsulation",36,262539,3698688,True,""
"d337aa37-8cc6-408b-bf51-f03b9cd5dd12","23ad1ea7-f2e7-42aa-a95c-6be08e2ba1cd","2026-08-12T20:43:25Z","android_vivo_y19_termux","NATIVE_HARDWARE","aarch64","aarch64",8,3741,"Linux 4.14.186-g1003dc13e-dirty","clang","21.1.8 ","-O3 -march=armv8-a","mlkem-native","v1.2.0 (0ba906cb14b1c241476134d7403a811b382ca498)","ML-KEM-1024","decapsulation",36,300539,3698688,True,""
"d337aa37-8cc6-408b-bf51-f03b9cd5dd12","23ad1ea7-f2e7-42aa-a95c-6be08e2ba1cd","2026-08-12T20:43:25Z","android_vivo_y19_termux","NATIVE_HARDWARE","aarch64","aarch64",8,3741,"Linux 4.14.186-g1003dc13e-dirty","clang","21.1.8 ","-O3 -march=armv8-a","mlkem-native","v1.2.0 (0ba906cb14b1c241476134d7403a811b382ca498)","ML-KEM-1024","keygen",37,239923,3698688,True,""
"d337aa37-8cc6-408b-bf51-f03b9cd5dd12","23ad1ea7-f2e7-42aa-a95c-6be08e2ba1cd","2026-08-12T20:43:25Z","android_vivo_y19_termux","NATIVE_HARDWARE","aarch64","aarch64",8,3741,"Linux 4.14.186-g1003dc13e-dirty","clang","21.1.8 ","-O3 -march=armv8-a","mlkem-native","v1.2.0 (0ba906cb14b1c241476134d7403a811b382ca498)","ML-KEM-1024","encapsulation",37,263692,3698688,True,""
"d337aa37-8cc6-408b-bf51-f03b9cd5dd12","23ad1ea7-f2e7-42aa-a95c-6be08e2ba1cd","2026-08-12T20:43:25Z","android_vivo_y19_termux","NATIVE_HARDWARE","aarch64","aarch64",8,3741,"Linux 4.14.186-g1003dc13e-dirty","clang","21.1.8 ","-O3 -march=armv8-a","mlkem-native","v1.2.0 (0ba906cb14b1c241476134d7403a811b382ca498)","ML-KEM-1024","decapsulation",37,301539,3698688,True,""
"d337aa37-8cc6-408b-bf51-f03b9cd5dd12","23ad1ea7-f2e7-42aa-a95c-6be08e2ba1cd","2026-08-12T20:43:25Z","android_vivo_y19_termux","NATIVE_HARDWARE","aarch64","aarch64",8,3741,"Linux 4.14.186-g1003dc13e-dirty","clang","21.1.8 ","-O3 -march=armv8-a","mlkem-native","v1.2.0 (0ba906cb14b1c241476134d7403a811b382ca498)","ML-KEM-1024","keygen",38,240616,3698688,True,""
"d337aa37-8cc6-408b-bf51-f03b9cd5dd12","23ad1ea7-f2e7-42aa-a95c-6be08e2ba1cd","2026-08-12T20:43:25Z","android_vivo_y19_termux","NATIVE_HARDWARE","aarch64","aarch64",8,3741,"Linux 4.14.186-g1003dc13e-dirty","clang","21.1.8 ","-O3 -march=armv8-a","mlkem-native","v1.2.0 (0ba906cb14b1c241476134d7403a811b382ca498)","ML-KEM-1024","encapsulation",38,263308,3698688,True,""
"d337aa37-8cc6-408b-bf51-f03b9cd5dd12","23ad1ea7-f2e7-42aa-a95c-6be08e2ba1cd","2026-08-12T20:43:25Z","android_vivo_y19_termux","NATIVE_HARDWARE","aarch64","aarch64",8,3741,"Linux 4.14.186-g1003dc13e-dirty","clang","21.1.8 ","-O3 -march=armv8-a","mlkem-native","v1.2.0 (0ba906cb14b1c241476134d7403a811b382ca498)","ML-KEM-1024","decapsulation",38,364307,3698688,True,""
"d337aa37-8cc6-408b-bf51-f03b9cd5dd12","23ad1ea7-f2e7-42aa-a95c-6be08e2ba1cd","2026-08-12T20:43:25Z","android_vivo_y19_termux","NATIVE_HARDWARE","aarch64","aarch64",8,3741,"Linux 4.14.186-g1003dc13e-dirty","clang","21.1.8 ","-O3 -march=armv8-a","mlkem-native","v1.2.0 (0ba906cb14b1c241476134d7403a811b382ca498)","ML-KEM-1024","keygen",39,239692,3698688,True,""
"d337aa37-8cc6-408b-bf51-f03b9cd5dd12","23ad1ea7-f2e7-42aa-a95c-6be08e2ba1cd","2026-08-12T20:43:25Z","android_vivo_y19_termux","NATIVE_HARDWARE","aarch64","aarch64",8,3741,"Linux 4.14.186-g1003dc13e-dirty","clang","21.1.8 ","-O3 -march=armv8-a","mlkem-native","v1.2.0 (0ba906cb14b1c241476134d7403a811b382ca498)","ML-KEM-1024","encapsulation",39,262461,3698688,True,""
"d337aa37-8cc6-408b-bf51-f03b9cd5dd12","23ad1ea7-f2e7-42aa-a95c-6be08e2ba1cd","2026-08-12T20:43:25Z","android_vivo_y19_termux","NATIVE_HARDWARE","aarch64","aarch64",8,3741,"Linux 4.14.186-g1003dc13e-dirty","clang","21.1.8 ","-O3 -march=armv8-a","mlkem-native","v1.2.0 (0ba906cb14b1c241476134d7403a811b382ca498)","ML-KEM-1024","decapsulation",39,300539,3698688,True,""
"d337aa37-8cc6-408b-bf51-f03b9cd5dd12","23ad1ea7-f2e7-42aa-a95c-6be08e2ba1cd","2026-08-12T20:43:25Z","android_vivo_y19_termux","NATIVE_HARDWARE","aarch64","aarch64",8,3741,"Linux 4.14.186-g1003dc13e-dirty","clang","21.1.8 ","-O3 -march=armv8-a","mlkem-native","v1.2.0 (0ba906cb14b1c241476134d7403a811b382ca498)","ML-KEM-1024","keygen",40,241539,3698688,True,""
"d337aa37-8cc6-408b-bf51-f03b9cd5dd12","23ad1ea7-f2e7-42aa-a95c-6be08e2ba1cd","2026-08-12T20:43:25Z","android_vivo_y19_termux","NATIVE_HARDWARE","aarch64","aarch64",8,3741,"Linux 4.14.186-g1003dc13e-dirty","clang","21.1.8 ","-O3 -march=armv8-a","mlkem-native","v1.2.0 (0ba906cb14b1c241476134d7403a811b382ca498)","ML-KEM-1024","encapsulation",40,262846,3698688,True,""
"d337aa37-8cc6-408b-bf51-f03b9cd5dd12","23ad1ea7-f2e7-42aa-a95c-6be08e2ba1cd","2026-08-12T20:43:25Z","android_vivo_y19_termux","NATIVE_HARDWARE","aarch64","aarch64",8,3741,"Linux 4.14.186-g1003dc13e-dirty","clang","21.1.8 ","-O3 -march=armv8-a","mlkem-native","v1.2.0 (0ba906cb14b1c241476134d7403a811b382ca498)","ML-KEM-1024","decapsulation",40,300308,3698688,True,""
"d337aa37-8cc6-408b-bf51-f03b9cd5dd12","23ad1ea7-f2e7-42aa-a95c-6be08e2ba1cd","2026-08-12T20:43:25Z","android_vivo_y19_termux","NATIVE_HARDWARE","aarch64","aarch64",8,3741,"Linux 4.14.186-g1003dc13e-dirty","clang","21.1.8 ","-O3 -march=armv8-a","mlkem-native","v1.2.0 (0ba906cb14b1c241476134d7403a811b382ca498)","ML-KEM-1024","keygen",41,241616,3698688,True,""
"d337aa37-8cc6-408b-bf51-f03b9cd5dd12","23ad1ea7-f2e7-42aa-a95c-6be08e2ba1cd","2026-08-12T20:43:25Z","android_vivo_y19_termux","NATIVE_HARDWARE","aarch64","aarch64",8,3741,"Linux 4.14.186-g1003dc13e-dirty","clang","21.1.8 ","-O3 -march=armv8-a","mlkem-native","v1.2.0 (0ba906cb14b1c241476134d7403a811b382ca498)","ML-KEM-1024","encapsulation",41,317230,3698688,True,""
"d337aa37-8cc6-408b-bf51-f03b9cd5dd12","23ad1ea7-f2e7-42aa-a95c-6be08e2ba1cd","2026-08-12T20:43:25Z","android_vivo_y19_termux","NATIVE_HARDWARE","aarch64","aarch64",8,3741,"Linux 4.14.186-g1003dc13e-dirty","clang","21.1.8 ","-O3 -march=armv8-a","mlkem-native","v1.2.0 (0ba906cb14b1c241476134d7403a811b382ca498)","ML-KEM-1024","decapsulation",41,308384,3698688,True,""
"d337aa37-8cc6-408b-bf51-f03b9cd5dd12","23ad1ea7-f2e7-42aa-a95c-6be08e2ba1cd","2026-08-12T20:43:25Z","android_vivo_y19_termux","NATIVE_HARDWARE","aarch64","aarch64",8,3741,"Linux 4.14.186-g1003dc13e-dirty","clang","21.1.8 ","-O3 -march=armv8-a","mlkem-native","v1.2.0 (0ba906cb14b1c241476134d7403a811b382ca498)","ML-KEM-1024","keygen",42,240615,3698688,True,""
"d337aa37-8cc6-408b-bf51-f03b9cd5dd12","23ad1ea7-f2e7-42aa-a95c-6be08e2ba1cd","2026-08-12T20:43:25Z","android_vivo_y19_termux","NATIVE_HARDWARE","aarch64","aarch64",8,3741,"Linux 4.14.186-g1003dc13e-dirty","clang","21.1.8 ","-O3 -march=armv8-a","mlkem-native","v1.2.0 (0ba906cb14b1c241476134d7403a811b382ca498)","ML-KEM-1024","encapsulation",42,263154,3698688,True,""
"d337aa37-8cc6-408b-bf51-f03b9cd5dd12","23ad1ea7-f2e7-42aa-a95c-6be08e2ba1cd","2026-08-12T20:43:25Z","android_vivo_y19_termux","NATIVE_HARDWARE","aarch64","aarch64",8,3741,"Linux 4.14.186-g1003dc13e-dirty","clang","21.1.8 ","-O3 -march=armv8-a","mlkem-native","v1.2.0 (0ba906cb14b1c241476134d7403a811b382ca498)","ML-KEM-1024","decapsulation",42,301154,3698688,True,""
"d337aa37-8cc6-408b-bf51-f03b9cd5dd12","23ad1ea7-f2e7-42aa-a95c-6be08e2ba1cd","2026-08-12T20:43:25Z","android_vivo_y19_termux","NATIVE_HARDWARE","aarch64","aarch64",8,3741,"Linux 4.14.186-g1003dc13e-dirty","clang","21.1.8 ","-O3 -march=armv8-a","mlkem-native","v1.2.0 (0ba906cb14b1c241476134d7403a811b382ca498)","ML-KEM-1024","keygen",43,247154,3698688,True,""
"d337aa37-8cc6-408b-bf51-f03b9cd5dd12","23ad1ea7-f2e7-42aa-a95c-6be08e2ba1cd","2026-08-12T20:43:25Z","android_vivo_y19_termux","NATIVE_HARDWARE","aarch64","aarch64",8,3741,"Linux 4.14.186-g1003dc13e-dirty","clang","21.1.8 ","-O3 -march=armv8-a","mlkem-native","v1.2.0 (0ba906cb14b1c241476134d7403a811b382ca498)","ML-KEM-1024","encapsulation",43,264000,3698688,True,""
"d337aa37-8cc6-408b-bf51-f03b9cd5dd12","23ad1ea7-f2e7-42aa-a95c-6be08e2ba1cd","2026-08-12T20:43:25Z","android_vivo_y19_termux","NATIVE_HARDWARE","aarch64","aarch64",8,3741,"Linux 4.14.186-g1003dc13e-dirty","clang","21.1.8 ","-O3 -march=armv8-a","mlkem-native","v1.2.0 (0ba906cb14b1c241476134d7403a811b382ca498)","ML-KEM-1024","decapsulation",43,301307,3698688,True,""
"d337aa37-8cc6-408b-bf51-f03b9cd5dd12","23ad1ea7-f2e7-42aa-a95c-6be08e2ba1cd","2026-08-12T20:43:25Z","android_vivo_y19_termux","NATIVE_HARDWARE","aarch64","aarch64",8,3741,"Linux 4.14.186-g1003dc13e-dirty","clang","21.1.8 ","-O3 -march=armv8-a","mlkem-native","v1.2.0 (0ba906cb14b1c241476134d7403a811b382ca498)","ML-KEM-1024","keygen",44,302538,3698688,True,""
"d337aa37-8cc6-408b-bf51-f03b9cd5dd12","23ad1ea7-f2e7-42aa-a95c-6be08e2ba1cd","2026-08-12T20:43:25Z","android_vivo_y19_termux","NATIVE_HARDWARE","aarch64","aarch64",8,3741,"Linux 4.14.186-g1003dc13e-dirty","clang","21.1.8 ","-O3 -march=armv8-a","mlkem-native","v1.2.0 (0ba906cb14b1c241476134d7403a811b382ca498)","ML-KEM-1024","encapsulation",44,263077,3698688,True,""
"d337aa37-8cc6-408b-bf51-f03b9cd5dd12","23ad1ea7-f2e7-42aa-a95c-6be08e2ba1cd","2026-08-12T20:43:25Z","android_vivo_y19_termux","NATIVE_HARDWARE","aarch64","aarch64",8,3741,"Linux 4.14.186-g1003dc13e-dirty","clang","21.1.8 ","-O3 -march=armv8-a","mlkem-native","v1.2.0 (0ba906cb14b1c241476134d7403a811b382ca498)","ML-KEM-1024","decapsulation",44,295385,3698688,True,""
"d337aa37-8cc6-408b-bf51-f03b9cd5dd12","23ad1ea7-f2e7-42aa-a95c-6be08e2ba1cd","2026-08-12T20:43:25Z","android_vivo_y19_termux","NATIVE_HARDWARE","aarch64","aarch64",8,3741,"Linux 4.14.186-g1003dc13e-dirty","clang","21.1.8 ","-O3 -march=armv8-a","mlkem-native","v1.2.0 (0ba906cb14b1c241476134d7403a811b382ca498)","ML-KEM-1024","keygen",45,231308,3698688,True,""
"d337aa37-8cc6-408b-bf51-f03b9cd5dd12","23ad1ea7-f2e7-42aa-a95c-6be08e2ba1cd","2026-08-12T20:43:25Z","android_vivo_y19_termux","NATIVE_HARDWARE","aarch64","aarch64",8,3741,"Linux 4.14.186-g1003dc13e-dirty","clang","21.1.8 ","-O3 -march=armv8-a","mlkem-native","v1.2.0 (0ba906cb14b1c241476134d7403a811b382ca498)","ML-KEM-1024","encapsulation",45,252923,3698688,True,""
"d337aa37-8cc6-408b-bf51-f03b9cd5dd12","23ad1ea7-f2e7-42aa-a95c-6be08e2ba1cd","2026-08-12T20:43:25Z","android_vivo_y19_termux","NATIVE_HARDWARE","aarch64","aarch64",8,3741,"Linux 4.14.186-g1003dc13e-dirty","clang","21.1.8 ","-O3 -march=armv8-a","mlkem-native","v1.2.0 (0ba906cb14b1c241476134d7403a811b382ca498)","ML-KEM-1024","decapsulation",45,288693,3698688,True,""
"d337aa37-8cc6-408b-bf51-f03b9cd5dd12","23ad1ea7-f2e7-42aa-a95c-6be08e2ba1cd","2026-08-12T20:43:25Z","android_vivo_y19_termux","NATIVE_HARDWARE","aarch64","aarch64",8,3741,"Linux 4.14.186-g1003dc13e-dirty","clang","21.1.8 ","-O3 -march=armv8-a","mlkem-native","v1.2.0 (0ba906cb14b1c241476134d7403a811b382ca498)","ML-KEM-1024","keygen",46,231077,3698688,True,""
"d337aa37-8cc6-408b-bf51-f03b9cd5dd12","23ad1ea7-f2e7-42aa-a95c-6be08e2ba1cd","2026-08-12T20:43:25Z","android_vivo_y19_termux","NATIVE_HARDWARE","aarch64","aarch64",8,3741,"Linux 4.14.186-g1003dc13e-dirty","clang","21.1.8 ","-O3 -march=armv8-a","mlkem-native","v1.2.0 (0ba906cb14b1c241476134d7403a811b382ca498)","ML-KEM-1024","encapsulation",46,254692,3698688,True,""
"d337aa37-8cc6-408b-bf51-f03b9cd5dd12","23ad1ea7-f2e7-42aa-a95c-6be08e2ba1cd","2026-08-12T20:43:25Z","android_vivo_y19_termux","NATIVE_HARDWARE","aarch64","aarch64",8,3741,"Linux 4.14.186-g1003dc13e-dirty","clang","21.1.8 ","-O3 -march=armv8-a","mlkem-native","v1.2.0 (0ba906cb14b1c241476134d7403a811b382ca498)","ML-KEM-1024","decapsulation",46,289924,3698688,True,""
"d337aa37-8cc6-408b-bf51-f03b9cd5dd12","23ad1ea7-f2e7-42aa-a95c-6be08e2ba1cd","2026-08-12T20:43:25Z","android_vivo_y19_termux","NATIVE_HARDWARE","aarch64","aarch64",8,3741,"Linux 4.14.186-g1003dc13e-dirty","clang","21.1.8 ","-O3 -march=armv8-a","mlkem-native","v1.2.0 (0ba906cb14b1c241476134d7403a811b382ca498)","ML-KEM-1024","keygen",47,232308,3698688,True,""
"d337aa37-8cc6-408b-bf51-f03b9cd5dd12","23ad1ea7-f2e7-42aa-a95c-6be08e2ba1cd","2026-08-12T20:43:25Z","android_vivo_y19_termux","NATIVE_HARDWARE","aarch64","aarch64",8,3741,"Linux 4.14.186-g1003dc13e-dirty","clang","21.1.8 ","-O3 -march=armv8-a","mlkem-native","v1.2.0 (0ba906cb14b1c241476134d7403a811b382ca498)","ML-KEM-1024","encapsulation",47,260846,3698688,True,""
"d337aa37-8cc6-408b-bf51-f03b9cd5dd12","23ad1ea7-f2e7-42aa-a95c-6be08e2ba1cd","2026-08-12T20:43:25Z","android_vivo_y19_termux","NATIVE_HARDWARE","aarch64","aarch64",8,3741,"Linux 4.14.186-g1003dc13e-dirty","clang","21.1.8 ","-O3 -march=armv8-a","mlkem-native","v1.2.0 (0ba906cb14b1c241476134d7403a811b382ca498)","ML-KEM-1024","decapsulation",47,297154,3698688,True,""
"d337aa37-8cc6-408b-bf51-f03b9cd5dd12","23ad1ea7-f2e7-42aa-a95c-6be08e2ba1cd","2026-08-12T20:43:25Z","android_vivo_y19_termux","NATIVE_HARDWARE","aarch64","aarch64",8,3741,"Linux 4.14.186-g1003dc13e-dirty","clang","21.1.8 ","-O3 -march=armv8-a","mlkem-native","v1.2.0 (0ba906cb14b1c241476134d7403a811b382ca498)","ML-KEM-1024","keygen",48,231615,3698688,True,""
"d337aa37-8cc6-408b-bf51-f03b9cd5dd12","23ad1ea7-f2e7-42aa-a95c-6be08e2ba1cd","2026-08-12T20:43:25Z","android_vivo_y19_termux","NATIVE_HARDWARE","aarch64","aarch64",8,3741,"Linux 4.14.186-g1003dc13e-dirty","clang","21.1.8 ","-O3 -march=armv8-a","mlkem-native","v1.2.0 (0ba906cb14b1c241476134d7403a811b382ca498)","ML-KEM-1024","encapsulation",48,253769,3698688,True,""
"d337aa37-8cc6-408b-bf51-f03b9cd5dd12","23ad1ea7-f2e7-42aa-a95c-6be08e2ba1cd","2026-08-12T20:43:25Z","android_vivo_y19_termux","NATIVE_HARDWARE","aarch64","aarch64",8,3741,"Linux 4.14.186-g1003dc13e-dirty","clang","21.1.8 ","-O3 -march=armv8-a","mlkem-native","v1.2.0 (0ba906cb14b1c241476134d7403a811b382ca498)","ML-KEM-1024","decapsulation",48,289615,3698688,True,""
"d337aa37-8cc6-408b-bf51-f03b9cd5dd12","23ad1ea7-f2e7-42aa-a95c-6be08e2ba1cd","2026-08-12T20:43:25Z","android_vivo_y19_termux","NATIVE_HARDWARE","aarch64","aarch64",8,3741,"Linux 4.14.186-g1003dc13e-dirty","clang","21.1.8 ","-O3 -march=armv8-a","mlkem-native","v1.2.0 (0ba906cb14b1c241476134d7403a811b382ca498)","ML-KEM-1024","keygen",49,232384,3698688,True,""
"d337aa37-8cc6-408b-bf51-f03b9cd5dd12","23ad1ea7-f2e7-42aa-a95c-6be08e2ba1cd","2026-08-12T20:43:25Z","android_vivo_y19_termux","NATIVE_HARDWARE","aarch64","aarch64",8,3741,"Linux 4.14.186-g1003dc13e-dirty","clang","21.1.8 ","-O3 -march=armv8-a","mlkem-native","v1.2.0 (0ba906cb14b1c241476134d7403a811b382ca498)","ML-KEM-1024","encapsulation",49,252615,3698688,True,""
"d337aa37-8cc6-408b-bf51-f03b9cd5dd12","23ad1ea7-f2e7-42aa-a95c-6be08e2ba1cd","2026-08-12T20:43:25Z","android_vivo_y19_termux","NATIVE_HARDWARE","aarch64","aarch64",8,3741,"Linux 4.14.186-g1003dc13e-dirty","clang","21.1.8 ","-O3 -march=armv8-a","mlkem-native","v1.2.0 (0ba906cb14b1c241476134d7403a811b382ca498)","ML-KEM-1024","decapsulation",49,289539,3698688,True,""
"d337aa37-8cc6-408b-bf51-f03b9cd5dd12","23ad1ea7-f2e7-42aa-a95c-6be08e2ba1cd","2026-08-12T20:43:25Z","android_vivo_y19_termux","NATIVE_HARDWARE","aarch64","aarch64",8,3741,"Linux 4.14.186-g1003dc13e-dirty","clang","21.1.8 ","-O3 -march=armv8-a","mlkem-native","v1.2.0 (0ba906cb14b1c241476134d7403a811b382ca498)","ML-KEM-1024","keygen",50,232000,3698688,True,""
"d337aa37-8cc6-408b-bf51-f03b9cd5dd12","23ad1ea7-f2e7-42aa-a95c-6be08e2ba1cd","2026-08-12T20:43:25Z","android_vivo_y19_termux","NATIVE_HARDWARE","aarch64","aarch64",8,3741,"Linux 4.14.186-g1003dc13e-dirty","clang","21.1.8 ","-O3 -march=armv8-a","mlkem-native","v1.2.0 (0ba906cb14b1c241476134d7403a811b382ca498)","ML-KEM-1024","encapsulation",50,252923,3698688,True,""
"d337aa37-8cc6-408b-bf51-f03b9cd5dd12","23ad1ea7-f2e7-42aa-a95c-6be08e2ba1cd","2026-08-12T20:43:25Z","android_vivo_y19_termux","NATIVE_HARDWARE","aarch64","aarch64",8,3741,"Linux 4.14.186-g1003dc13e-dirty","clang","21.1.8 ","-O3 -march=armv8-a","mlkem-native","v1.2.0 (0ba906cb14b1c241476134d7403a811b382ca498)","ML-KEM-1024","decapsulation",50,289462,3698688,True,""
"d337aa37-8cc6-408b-bf51-f03b9cd5dd12","23ad1ea7-f2e7-42aa-a95c-6be08e2ba1cd","2026-08-12T20:43:25Z","android_vivo_y19_termux","NATIVE_HARDWARE","aarch64","aarch64",8,3741,"Linux 4.14.186-g1003dc13e-dirty","clang","21.1.8 ","-O3 -march=armv8-a","mlkem-native","v1.2.0 (0ba906cb14b1c241476134d7403a811b382ca498)","ML-KEM-1024","keygen",51,231692,3698688,True,""
"d337aa37-8cc6-408b-bf51-f03b9cd5dd12","23ad1ea7-f2e7-42aa-a95c-6be08e2ba1cd","2026-08-12T20:43:25Z","android_vivo_y19_termux","NATIVE_HARDWARE","aarch64","aarch64",8,3741,"Linux 4.14.186-g1003dc13e-dirty","clang","21.1.8 ","-O3 -march=armv8-a","mlkem-native","v1.2.0 (0ba906cb14b1c241476134d7403a811b382ca498)","ML-KEM-1024","encapsulation",51,252385,3698688,True,""
"d337aa37-8cc6-408b-bf51-f03b9cd5dd12","23ad1ea7-f2e7-42aa-a95c-6be08e2ba1cd","2026-08-12T20:43:25Z","android_vivo_y19_termux","NATIVE_HARDWARE","aarch64","aarch64",8,3741,"Linux 4.14.186-g1003dc13e-dirty","clang","21.1.8 ","-O3 -march=armv8-a","mlkem-native","v1.2.0 (0ba906cb14b1c241476134d7403a811b382ca498)","ML-KEM-1024","decapsulation",51,288384,3698688,True,""
"d337aa37-8cc6-408b-bf51-f03b9cd5dd12","23ad1ea7-f2e7-42aa-a95c-6be08e2ba1cd","2026-08-12T20:43:25Z","android_vivo_y19_termux","NATIVE_HARDWARE","aarch64","aarch64",8,3741,"Linux 4.14.186-g1003dc13e-dirty","clang","21.1.8 ","-O3 -march=armv8-a","mlkem-native","v1.2.0 (0ba906cb14b1c241476134d7403a811b382ca498)","ML-KEM-1024","keygen",52,237615,3698688,True,""
"d337aa37-8cc6-408b-bf51-f03b9cd5dd12","23ad1ea7-f2e7-42aa-a95c-6be08e2ba1cd","2026-08-12T20:43:25Z","android_vivo_y19_termux","NATIVE_HARDWARE","aarch64","aarch64",8,3741,"Linux 4.14.186-g1003dc13e-dirty","clang","21.1.8 ","-O3 -march=armv8-a","mlkem-native","v1.2.0 (0ba906cb14b1c241476134d7403a811b382ca498)","ML-KEM-1024","encapsulation",52,306154,3698688,True,""
"d337aa37-8cc6-408b-bf51-f03b9cd5dd12","23ad1ea7-f2e7-42aa-a95c-6be08e2ba1cd","2026-08-12T20:43:25Z","android_vivo_y19_termux","NATIVE_HARDWARE","aarch64","aarch64",8,3741,"Linux 4.14.186-g1003dc13e-dirty","clang","21.1.8 ","-O3 -march=armv8-a","mlkem-native","v1.2.0 (0ba906cb14b1c241476134d7403a811b382ca498)","ML-KEM-1024","decapsulation",52,289538,3698688,True,""
"d337aa37-8cc6-408b-bf51-f03b9cd5dd12","23ad1ea7-f2e7-42aa-a95c-6be08e2ba1cd","2026-08-12T20:43:25Z","android_vivo_y19_termux","NATIVE_HARDWARE","aarch64","aarch64",8,3741,"Linux 4.14.186-g1003dc13e-dirty","clang","21.1.8 ","-O3 -march=armv8-a","mlkem-native","v1.2.0 (0ba906cb14b1c241476134d7403a811b382ca498)","ML-KEM-1024","keygen",53,231462,3698688,True,""
"d337aa37-8cc6-408b-bf51-f03b9cd5dd12","23ad1ea7-f2e7-42aa-a95c-6be08e2ba1cd","2026-08-12T20:43:25Z","android_vivo_y19_termux","NATIVE_HARDWARE","aarch64","aarch64",8,3741,"Linux 4.14.186-g1003dc13e-dirty","clang","21.1.8 ","-O3 -march=armv8-a","mlkem-native","v1.2.0 (0ba906cb14b1c241476134d7403a811b382ca498)","ML-KEM-1024","encapsulation",53,243077,3698688,True,""
"d337aa37-8cc6-408b-bf51-f03b9cd5dd12","23ad1ea7-f2e7-42aa-a95c-6be08e2ba1cd","2026-08-12T20:43:25Z","android_vivo_y19_termux","NATIVE_HARDWARE","aarch64","aarch64",8,3741,"Linux 4.14.186-g1003dc13e-dirty","clang","21.1.8 ","-O3 -march=armv8-a","mlkem-native","v1.2.0 (0ba906cb14b1c241476134d7403a811b382ca498)","ML-KEM-1024","decapsulation",53,278769,3698688,True,""
"d337aa37-8cc6-408b-bf51-f03b9cd5dd12","23ad1ea7-f2e7-42aa-a95c-6be08e2ba1cd","2026-08-12T20:43:25Z","android_vivo_y19_termux","NATIVE_HARDWARE","aarch64","aarch64",8,3741,"Linux 4.14.186-g1003dc13e-dirty","clang","21.1.8 ","-O3 -march=armv8-a","mlkem-native","v1.2.0 (0ba906cb14b1c241476134d7403a811b382ca498)","ML-KEM-1024","keygen",54,222231,3698688,True,""
"d337aa37-8cc6-408b-bf51-f03b9cd5dd12","23ad1ea7-f2e7-42aa-a95c-6be08e2ba1cd","2026-08-12T20:43:25Z","android_vivo_y19_termux","NATIVE_HARDWARE","aarch64","aarch64",8,3741,"Linux 4.14.186-g1003dc13e-dirty","clang","21.1.8 ","-O3 -march=armv8-a","mlkem-native","v1.2.0 (0ba906cb14b1c241476134d7403a811b382ca498)","ML-KEM-1024","encapsulation",54,243692,3698688,True,""
"d337aa37-8cc6-408b-bf51-f03b9cd5dd12","23ad1ea7-f2e7-42aa-a95c-6be08e2ba1cd","2026-08-12T20:43:25Z","android_vivo_y19_termux","NATIVE_HARDWARE","aarch64","aarch64",8,3741,"Linux 4.14.186-g1003dc13e-dirty","clang","21.1.8 ","-O3 -march=armv8-a","mlkem-native","v1.2.0 (0ba906cb14b1c241476134d7403a811b382ca498)","ML-KEM-1024","decapsulation",54,278462,3698688,True,""
"d337aa37-8cc6-408b-bf51-f03b9cd5dd12","23ad1ea7-f2e7-42aa-a95c-6be08e2ba1cd","2026-08-12T20:43:25Z","android_vivo_y19_termux","NATIVE_HARDWARE","aarch64","aarch64",8,3741,"Linux 4.14.186-g1003dc13e-dirty","clang","21.1.8 ","-O3 -march=armv8-a","mlkem-native","v1.2.0 (0ba906cb14b1c241476134d7403a811b382ca498)","ML-KEM-1024","keygen",55,223307,3698688,True,""
"d337aa37-8cc6-408b-bf51-f03b9cd5dd12","23ad1ea7-f2e7-42aa-a95c-6be08e2ba1cd","2026-08-12T20:43:25Z","android_vivo_y19_termux","NATIVE_HARDWARE","aarch64","aarch64",8,3741,"Linux 4.14.186-g1003dc13e-dirty","clang","21.1.8 ","-O3 -march=armv8-a","mlkem-native","v1.2.0 (0ba906cb14b1c241476134d7403a811b382ca498)","ML-KEM-1024","encapsulation",55,245461,3698688,True,""
"d337aa37-8cc6-408b-bf51-f03b9cd5dd12","23ad1ea7-f2e7-42aa-a95c-6be08e2ba1cd","2026-08-12T20:43:25Z","android_vivo_y19_termux","NATIVE_HARDWARE","aarch64","aarch64",8,3741,"Linux 4.14.186-g1003dc13e-dirty","clang","21.1.8 ","-O3 -march=armv8-a","mlkem-native","v1.2.0 (0ba906cb14b1c241476134d7403a811b382ca498)","ML-KEM-1024","decapsulation",55,278230,3698688,True,""
"d337aa37-8cc6-408b-bf51-f03b9cd5dd12","23ad1ea7-f2e7-42aa-a95c-6be08e2ba1cd","2026-08-12T20:43:25Z","android_vivo_y19_termux","NATIVE_HARDWARE","aarch64","aarch64",8,3741,"Linux 4.14.186-g1003dc13e-dirty","clang","21.1.8 ","-O3 -march=armv8-a","mlkem-native","v1.2.0 (0ba906cb14b1c241476134d7403a811b382ca498)","ML-KEM-1024","keygen",56,222539,3698688,True,""
"d337aa37-8cc6-408b-bf51-f03b9cd5dd12","23ad1ea7-f2e7-42aa-a95c-6be08e2ba1cd","2026-08-12T20:43:25Z","android_vivo_y19_termux","NATIVE_HARDWARE","aarch64","aarch64",8,3741,"Linux 4.14.186-g1003dc13e-dirty","clang","21.1.8 ","-O3 -march=armv8-a","mlkem-native","v1.2.0 (0ba906cb14b1c241476134d7403a811b382ca498)","ML-KEM-1024","encapsulation",56,243693,3698688,True,""
"d337aa37-8cc6-408b-bf51-f03b9cd5dd12","23ad1ea7-f2e7-42aa-a95c-6be08e2ba1cd","2026-08-12T20:43:25Z","android_vivo_y19_termux","NATIVE_HARDWARE","aarch64","aarch64",8,3741,"Linux 4.14.186-g1003dc13e-dirty","clang","21.1.8 ","-O3 -march=armv8-a","mlkem-native","v1.2.0 (0ba906cb14b1c241476134d7403a811b382ca498)","ML-KEM-1024","decapsulation",56,278692,3698688,True,""
"d337aa37-8cc6-408b-bf51-f03b9cd5dd12","23ad1ea7-f2e7-42aa-a95c-6be08e2ba1cd","2026-08-12T20:43:25Z","android_vivo_y19_termux","NATIVE_HARDWARE","aarch64","aarch64",8,3741,"Linux 4.14.186-g1003dc13e-dirty","clang","21.1.8 ","-O3 -march=armv8-a","mlkem-native","v1.2.0 (0ba906cb14b1c241476134d7403a811b382ca498)","ML-KEM-1024","keygen",57,223615,3698688,True,""
"d337aa37-8cc6-408b-bf51-f03b9cd5dd12","23ad1ea7-f2e7-42aa-a95c-6be08e2ba1cd","2026-08-12T20:43:25Z","android_vivo_y19_termux","NATIVE_HARDWARE","aarch64","aarch64",8,3741,"Linux 4.14.186-g1003dc13e-dirty","clang","21.1.8 ","-O3 -march=armv8-a","mlkem-native","v1.2.0 (0ba906cb14b1c241476134d7403a811b382ca498)","ML-KEM-1024","encapsulation",57,250154,3698688,True,""
"d337aa37-8cc6-408b-bf51-f03b9cd5dd12","23ad1ea7-f2e7-42aa-a95c-6be08e2ba1cd","2026-08-12T20:43:25Z","android_vivo_y19_termux","NATIVE_HARDWARE","aarch64","aarch64",8,3741,"Linux 4.14.186-g1003dc13e-dirty","clang","21.1.8 ","-O3 -march=armv8-a","mlkem-native","v1.2.0 (0ba906cb14b1c241476134d7403a811b382ca498)","ML-KEM-1024","decapsulation",57,284693,3698688,True,""
"d337aa37-8cc6-408b-bf51-f03b9cd5dd12","23ad1ea7-f2e7-42aa-a95c-6be08e2ba1cd","2026-08-12T20:43:25Z","android_vivo_y19_termux","NATIVE_HARDWARE","aarch64","aarch64",8,3741,"Linux 4.14.186-g1003dc13e-dirty","clang","21.1.8 ","-O3 -march=armv8-a","mlkem-native","v1.2.0 (0ba906cb14b1c241476134d7403a811b382ca498)","ML-KEM-1024","keygen",58,223693,3698688,True,""
"d337aa37-8cc6-408b-bf51-f03b9cd5dd12","23ad1ea7-f2e7-42aa-a95c-6be08e2ba1cd","2026-08-12T20:43:25Z","android_vivo_y19_termux","NATIVE_HARDWARE","aarch64","aarch64",8,3741,"Linux 4.14.186-g1003dc13e-dirty","clang","21.1.8 ","-O3 -march=armv8-a","mlkem-native","v1.2.0 (0ba906cb14b1c241476134d7403a811b382ca498)","ML-KEM-1024","encapsulation",58,247308,3698688,True,""
"d337aa37-8cc6-408b-bf51-f03b9cd5dd12","23ad1ea7-f2e7-42aa-a95c-6be08e2ba1cd","2026-08-12T20:43:25Z","android_vivo_y19_termux","NATIVE_HARDWARE","aarch64","aarch64",8,3741,"Linux 4.14.186-g1003dc13e-dirty","clang","21.1.8 ","-O3 -march=armv8-a","mlkem-native","v1.2.0 (0ba906cb14b1c241476134d7403a811b382ca498)","ML-KEM-1024","decapsulation",58,279769,3698688,True,""
"d337aa37-8cc6-408b-bf51-f03b9cd5dd12","23ad1ea7-f2e7-42aa-a95c-6be08e2ba1cd","2026-08-12T20:43:25Z","android_vivo_y19_termux","NATIVE_HARDWARE","aarch64","aarch64",8,3741,"Linux 4.14.186-g1003dc13e-dirty","clang","21.1.8 ","-O3 -march=armv8-a","mlkem-native","v1.2.0 (0ba906cb14b1c241476134d7403a811b382ca498)","ML-KEM-1024","keygen",59,212307,3698688,True,""
"d337aa37-8cc6-408b-bf51-f03b9cd5dd12","23ad1ea7-f2e7-42aa-a95c-6be08e2ba1cd","2026-08-12T20:43:25Z","android_vivo_y19_termux","NATIVE_HARDWARE","aarch64","aarch64",8,3741,"Linux 4.14.186-g1003dc13e-dirty","clang","21.1.8 ","-O3 -march=armv8-a","mlkem-native","v1.2.0 (0ba906cb14b1c241476134d7403a811b382ca498)","ML-KEM-1024","encapsulation",59,231384,3698688,True,""
"d337aa37-8cc6-408b-bf51-f03b9cd5dd12","23ad1ea7-f2e7-42aa-a95c-6be08e2ba1cd","2026-08-12T20:43:25Z","android_vivo_y19_termux","NATIVE_HARDWARE","aarch64","aarch64",8,3741,"Linux 4.14.186-g1003dc13e-dirty","clang","21.1.8 ","-O3 -march=armv8-a","mlkem-native","v1.2.0 (0ba906cb14b1c241476134d7403a811b382ca498)","ML-KEM-1024","decapsulation",59,265231,3698688,True,""
"d337aa37-8cc6-408b-bf51-f03b9cd5dd12","23ad1ea7-f2e7-42aa-a95c-6be08e2ba1cd","2026-08-12T20:43:25Z","android_vivo_y19_termux","NATIVE_HARDWARE","aarch64","aarch64",8,3741,"Linux 4.14.186-g1003dc13e-dirty","clang","21.1.8 ","-O3 -march=armv8-a","mlkem-native","v1.2.0 (0ba906cb14b1c241476134d7403a811b382ca498)","ML-KEM-1024","keygen",60,211461,3698688,True,""
"d337aa37-8cc6-408b-bf51-f03b9cd5dd12","23ad1ea7-f2e7-42aa-a95c-6be08e2ba1cd","2026-08-12T20:43:25Z","android_vivo_y19_termux","NATIVE_HARDWARE","aarch64","aarch64",8,3741,"Linux 4.14.186-g1003dc13e-dirty","clang","21.1.8 ","-O3 -march=armv8-a","mlkem-native","v1.2.0 (0ba906cb14b1c241476134d7403a811b382ca498)","ML-KEM-1024","encapsulation",60,231077,3698688,True,""
"d337aa37-8cc6-408b-bf51-f03b9cd5dd12","23ad1ea7-f2e7-42aa-a95c-6be08e2ba1cd","2026-08-12T20:43:25Z","android_vivo_y19_termux","NATIVE_HARDWARE","aarch64","aarch64",8,3741,"Linux 4.14.186-g1003dc13e-dirty","clang","21.1.8 ","-O3 -march=armv8-a","mlkem-native","v1.2.0 (0ba906cb14b1c241476134d7403a811b382ca498)","ML-KEM-1024","decapsulation",60,264615,3698688,True,""
"d337aa37-8cc6-408b-bf51-f03b9cd5dd12","23ad1ea7-f2e7-42aa-a95c-6be08e2ba1cd","2026-08-12T20:43:25Z","android_vivo_y19_termux","NATIVE_HARDWARE","aarch64","aarch64",8,3741,"Linux 4.14.186-g1003dc13e-dirty","clang","21.1.8 ","-O3 -march=armv8-a","mlkem-native","v1.2.0 (0ba906cb14b1c241476134d7403a811b382ca498)","ML-KEM-1024","keygen",61,218769,3698688,True,""
"d337aa37-8cc6-408b-bf51-f03b9cd5dd12","23ad1ea7-f2e7-42aa-a95c-6be08e2ba1cd","2026-08-12T20:43:25Z","android_vivo_y19_termux","NATIVE_HARDWARE","aarch64","aarch64",8,3741,"Linux 4.14.186-g1003dc13e-dirty","clang","21.1.8 ","-O3 -march=armv8-a","mlkem-native","v1.2.0 (0ba906cb14b1c241476134d7403a811b382ca498)","ML-KEM-1024","encapsulation",61,232307,3698688,True,""
"d337aa37-8cc6-408b-bf51-f03b9cd5dd12","23ad1ea7-f2e7-42aa-a95c-6be08e2ba1cd","2026-08-12T20:43:25Z","android_vivo_y19_termux","NATIVE_HARDWARE","aarch64","aarch64",8,3741,"Linux 4.14.186-g1003dc13e-dirty","clang","21.1.8 ","-O3 -march=armv8-a","mlkem-native","v1.2.0 (0ba906cb14b1c241476134d7403a811b382ca498)","ML-KEM-1024","decapsulation",61,264231,3698688,True,""
"d337aa37-8cc6-408b-bf51-f03b9cd5dd12","23ad1ea7-f2e7-42aa-a95c-6be08e2ba1cd","2026-08-12T20:43:25Z","android_vivo_y19_termux","NATIVE_HARDWARE","aarch64","aarch64",8,3741,"Linux 4.14.186-g1003dc13e-dirty","clang","21.1.8 ","-O3 -march=armv8-a","mlkem-native","v1.2.0 (0ba906cb14b1c241476134d7403a811b382ca498)","ML-KEM-1024","keygen",62,212308,3698688,True,""
"d337aa37-8cc6-408b-bf51-f03b9cd5dd12","23ad1ea7-f2e7-42aa-a95c-6be08e2ba1cd","2026-08-12T20:43:25Z","android_vivo_y19_termux","NATIVE_HARDWARE","aarch64","aarch64",8,3741,"Linux 4.14.186-g1003dc13e-dirty","clang","21.1.8 ","-O3 -march=armv8-a","mlkem-native","v1.2.0 (0ba906cb14b1c241476134d7403a811b382ca498)","ML-KEM-1024","encapsulation",62,230846,3698688,True,""
"d337aa37-8cc6-408b-bf51-f03b9cd5dd12","23ad1ea7-f2e7-42aa-a95c-6be08e2ba1cd","2026-08-12T20:43:25Z","android_vivo_y19_termux","NATIVE_HARDWARE","aarch64","aarch64",8,3741,"Linux 4.14.186-g1003dc13e-dirty","clang","21.1.8 ","-O3 -march=armv8-a","mlkem-native","v1.2.0 (0ba906cb14b1c241476134d7403a811b382ca498)","ML-KEM-1024","decapsulation",62,264539,3698688,True,""
"d337aa37-8cc6-408b-bf51-f03b9cd5dd12","23ad1ea7-f2e7-42aa-a95c-6be08e2ba1cd","2026-08-12T20:43:25Z","android_vivo_y19_termux","NATIVE_HARDWARE","aarch64","aarch64",8,3741,"Linux 4.14.186-g1003dc13e-dirty","clang","21.1.8 ","-O3 -march=armv8-a","mlkem-native","v1.2.0 (0ba906cb14b1c241476134d7403a811b382ca498)","ML-KEM-1024","keygen",63,211077,3698688,True,""
"d337aa37-8cc6-408b-bf51-f03b9cd5dd12","23ad1ea7-f2e7-42aa-a95c-6be08e2ba1cd","2026-08-12T20:43:25Z","android_vivo_y19_termux","NATIVE_HARDWARE","aarch64","aarch64",8,3741,"Linux 4.14.186-g1003dc13e-dirty","clang","21.1.8 ","-O3 -march=armv8-a","mlkem-native","v1.2.0 (0ba906cb14b1c241476134d7403a811b382ca498)","ML-KEM-1024","encapsulation",63,231077,3698688,True,""
"d337aa37-8cc6-408b-bf51-f03b9cd5dd12","23ad1ea7-f2e7-42aa-a95c-6be08e2ba1cd","2026-08-12T20:43:25Z","android_vivo_y19_termux","NATIVE_HARDWARE","aarch64","aarch64",8,3741,"Linux 4.14.186-g1003dc13e-dirty","clang","21.1.8 ","-O3 -march=armv8-a","mlkem-native","v1.2.0 (0ba906cb14b1c241476134d7403a811b382ca498)","ML-KEM-1024","decapsulation",63,264000,3698688,True,""
"d337aa37-8cc6-408b-bf51-f03b9cd5dd12","23ad1ea7-f2e7-42aa-a95c-6be08e2ba1cd","2026-08-12T20:43:25Z","android_vivo_y19_termux","NATIVE_HARDWARE","aarch64","aarch64",8,3741,"Linux 4.14.186-g1003dc13e-dirty","clang","21.1.8 ","-O3 -march=armv8-a","mlkem-native","v1.2.0 (0ba906cb14b1c241476134d7403a811b382ca498)","ML-KEM-1024","keygen",64,211692,3698688,True,""
"d337aa37-8cc6-408b-bf51-f03b9cd5dd12","23ad1ea7-f2e7-42aa-a95c-6be08e2ba1cd","2026-08-12T20:43:25Z","android_vivo_y19_termux","NATIVE_HARDWARE","aarch64","aarch64",8,3741,"Linux 4.14.186-g1003dc13e-dirty","clang","21.1.8 ","-O3 -march=armv8-a","mlkem-native","v1.2.0 (0ba906cb14b1c241476134d7403a811b382ca498)","ML-KEM-1024","encapsulation",64,233923,3698688,True,""
"d337aa37-8cc6-408b-bf51-f03b9cd5dd12","23ad1ea7-f2e7-42aa-a95c-6be08e2ba1cd","2026-08-12T20:43:25Z","android_vivo_y19_termux","NATIVE_HARDWARE","aarch64","aarch64",8,3741,"Linux 4.14.186-g1003dc13e-dirty","clang","21.1.8 ","-O3 -march=armv8-a","mlkem-native","v1.2.0 (0ba906cb14b1c241476134d7403a811b382ca498)","ML-KEM-1024","decapsulation",64,266461,3698688,True,""
"d337aa37-8cc6-408b-bf51-f03b9cd5dd12","23ad1ea7-f2e7-42aa-a95c-6be08e2ba1cd","2026-08-12T20:43:25Z","android_vivo_y19_termux","NATIVE_HARDWARE","aarch64","aarch64",8,3741,"Linux 4.14.186-g1003dc13e-dirty","clang","21.1.8 ","-O3 -march=armv8-a","mlkem-native","v1.2.0 (0ba906cb14b1c241476134d7403a811b382ca498)","ML-KEM-1024","keygen",65,212000,3698688,True,""
"d337aa37-8cc6-408b-bf51-f03b9cd5dd12","23ad1ea7-f2e7-42aa-a95c-6be08e2ba1cd","2026-08-12T20:43:25Z","android_vivo_y19_termux","NATIVE_HARDWARE","aarch64","aarch64",8,3741,"Linux 4.14.186-g1003dc13e-dirty","clang","21.1.8 ","-O3 -march=armv8-a","mlkem-native","v1.2.0 (0ba906cb14b1c241476134d7403a811b382ca498)","ML-KEM-1024","encapsulation",65,237462,3698688,True,""
"d337aa37-8cc6-408b-bf51-f03b9cd5dd12","23ad1ea7-f2e7-42aa-a95c-6be08e2ba1cd","2026-08-12T20:43:25Z","android_vivo_y19_termux","NATIVE_HARDWARE","aarch64","aarch64",8,3741,"Linux 4.14.186-g1003dc13e-dirty","clang","21.1.8 ","-O3 -march=armv8-a","mlkem-native","v1.2.0 (0ba906cb14b1c241476134d7403a811b382ca498)","ML-KEM-1024","decapsulation",65,271077,3698688,True,""
"d337aa37-8cc6-408b-bf51-f03b9cd5dd12","23ad1ea7-f2e7-42aa-a95c-6be08e2ba1cd","2026-08-12T20:43:25Z","android_vivo_y19_termux","NATIVE_HARDWARE","aarch64","aarch64",8,3741,"Linux 4.14.186-g1003dc13e-dirty","clang","21.1.8 ","-O3 -march=armv8-a","mlkem-native","v1.2.0 (0ba906cb14b1c241476134d7403a811b382ca498)","ML-KEM-1024","keygen",66,211770,3698688,True,""
"d337aa37-8cc6-408b-bf51-f03b9cd5dd12","23ad1ea7-f2e7-42aa-a95c-6be08e2ba1cd","2026-08-12T20:43:25Z","android_vivo_y19_termux","NATIVE_HARDWARE","aarch64","aarch64",8,3741,"Linux 4.14.186-g1003dc13e-dirty","clang","21.1.8 ","-O3 -march=armv8-a","mlkem-native","v1.2.0 (0ba906cb14b1c241476134d7403a811b382ca498)","ML-KEM-1024","encapsulation",66,230769,3698688,True,""
"d337aa37-8cc6-408b-bf51-f03b9cd5dd12","23ad1ea7-f2e7-42aa-a95c-6be08e2ba1cd","2026-08-12T20:43:25Z","android_vivo_y19_termux","NATIVE_HARDWARE","aarch64","aarch64",8,3741,"Linux 4.14.186-g1003dc13e-dirty","clang","21.1.8 ","-O3 -march=armv8-a","mlkem-native","v1.2.0 (0ba906cb14b1c241476134d7403a811b382ca498)","ML-KEM-1024","decapsulation",66,263692,3698688,True,""
"d337aa37-8cc6-408b-bf51-f03b9cd5dd12","23ad1ea7-f2e7-42aa-a95c-6be08e2ba1cd","2026-08-12T20:43:25Z","android_vivo_y19_termux","NATIVE_HARDWARE","aarch64","aarch64",8,3741,"Linux 4.14.186-g1003dc13e-dirty","clang","21.1.8 ","-O3 -march=armv8-a","mlkem-native","v1.2.0 (0ba906cb14b1c241476134d7403a811b382ca498)","ML-KEM-1024","keygen",67,212000,3698688,True,""
"d337aa37-8cc6-408b-bf51-f03b9cd5dd12","23ad1ea7-f2e7-42aa-a95c-6be08e2ba1cd","2026-08-12T20:43:25Z","android_vivo_y19_termux","NATIVE_HARDWARE","aarch64","aarch64",8,3741,"Linux 4.14.186-g1003dc13e-dirty","clang","21.1.8 ","-O3 -march=armv8-a","mlkem-native","v1.2.0 (0ba906cb14b1c241476134d7403a811b382ca498)","ML-KEM-1024","encapsulation",67,285462,3698688,True,""
"d337aa37-8cc6-408b-bf51-f03b9cd5dd12","23ad1ea7-f2e7-42aa-a95c-6be08e2ba1cd","2026-08-12T20:43:25Z","android_vivo_y19_termux","NATIVE_HARDWARE","aarch64","aarch64",8,3741,"Linux 4.14.186-g1003dc13e-dirty","clang","21.1.8 ","-O3 -march=armv8-a","mlkem-native","v1.2.0 (0ba906cb14b1c241476134d7403a811b382ca498)","ML-KEM-1024","decapsulation",67,276692,3698688,True,""
"d337aa37-8cc6-408b-bf51-f03b9cd5dd12","23ad1ea7-f2e7-42aa-a95c-6be08e2ba1cd","2026-08-12T20:43:25Z","android_vivo_y19_termux","NATIVE_HARDWARE","aarch64","aarch64",8,3741,"Linux 4.14.186-g1003dc13e-dirty","clang","21.1.8 ","-O3 -march=armv8-a","mlkem-native","v1.2.0 (0ba906cb14b1c241476134d7403a811b382ca498)","ML-KEM-1024","keygen",68,212539,3698688,True,""
"d337aa37-8cc6-408b-bf51-f03b9cd5dd12","23ad1ea7-f2e7-42aa-a95c-6be08e2ba1cd","2026-08-12T20:43:25Z","android_vivo_y19_termux","NATIVE_HARDWARE","aarch64","aarch64",8,3741,"Linux 4.14.186-g1003dc13e-dirty","clang","21.1.8 ","-O3 -march=armv8-a","mlkem-native","v1.2.0 (0ba906cb14b1c241476134d7403a811b382ca498)","ML-KEM-1024","encapsulation",68,237308,3698688,True,""
"d337aa37-8cc6-408b-bf51-f03b9cd5dd12","23ad1ea7-f2e7-42aa-a95c-6be08e2ba1cd","2026-08-12T20:43:25Z","android_vivo_y19_termux","NATIVE_HARDWARE","aarch64","aarch64",8,3741,"Linux 4.14.186-g1003dc13e-dirty","clang","21.1.8 ","-O3 -march=armv8-a","mlkem-native","v1.2.0 (0ba906cb14b1c241476134d7403a811b382ca498)","ML-KEM-1024","decapsulation",68,270231,3698688,True,""
"d337aa37-8cc6-408b-bf51-f03b9cd5dd12","23ad1ea7-f2e7-42aa-a95c-6be08e2ba1cd","2026-08-12T20:43:25Z","android_vivo_y19_termux","NATIVE_HARDWARE","aarch64","aarch64",8,3741,"Linux 4.14.186-g1003dc13e-dirty","clang","21.1.8 ","-O3 -march=armv8-a","mlkem-native","v1.2.0 (0ba906cb14b1c241476134d7403a811b382ca498)","ML-KEM-1024","keygen",69,211692,3698688,True,""
"d337aa37-8cc6-408b-bf51-f03b9cd5dd12","23ad1ea7-f2e7-42aa-a95c-6be08e2ba1cd","2026-08-12T20:43:25Z","android_vivo_y19_termux","NATIVE_HARDWARE","aarch64","aarch64",8,3741,"Linux 4.14.186-g1003dc13e-dirty","clang","21.1.8 ","-O3 -march=armv8-a","mlkem-native","v1.2.0 (0ba906cb14b1c241476134d7403a811b382ca498)","ML-KEM-1024","encapsulation",69,231461,3698688,True,""
"d337aa37-8cc6-408b-bf51-f03b9cd5dd12","23ad1ea7-f2e7-42aa-a95c-6be08e2ba1cd","2026-08-12T20:43:25Z","android_vivo_y19_termux","NATIVE_HARDWARE","aarch64","aarch64",8,3741,"Linux 4.14.186-g1003dc13e-dirty","clang","21.1.8 ","-O3 -march=armv8-a","mlkem-native","v1.2.0 (0ba906cb14b1c241476134d7403a811b382ca498)","ML-KEM-1024","decapsulation",69,264231,3698688,True,""
"d337aa37-8cc6-408b-bf51-f03b9cd5dd12","23ad1ea7-f2e7-42aa-a95c-6be08e2ba1cd","2026-08-12T20:43:25Z","android_vivo_y19_termux","NATIVE_HARDWARE","aarch64","aarch64",8,3741,"Linux 4.14.186-g1003dc13e-dirty","clang","21.1.8 ","-O3 -march=armv8-a","mlkem-native","v1.2.0 (0ba906cb14b1c241476134d7403a811b382ca498)","ML-KEM-1024","keygen",70,211615,3698688,True,""
"d337aa37-8cc6-408b-bf51-f03b9cd5dd12","23ad1ea7-f2e7-42aa-a95c-6be08e2ba1cd","2026-08-12T20:43:25Z","android_vivo_y19_termux","NATIVE_HARDWARE","aarch64","aarch64",8,3741,"Linux 4.14.186-g1003dc13e-dirty","clang","21.1.8 ","-O3 -march=armv8-a","mlkem-native","v1.2.0 (0ba906cb14b1c241476134d7403a811b382ca498)","ML-KEM-1024","encapsulation",70,303615,3698688,True,""
"d337aa37-8cc6-408b-bf51-f03b9cd5dd12","23ad1ea7-f2e7-42aa-a95c-6be08e2ba1cd","2026-08-12T20:43:25Z","android_vivo_y19_termux","NATIVE_HARDWARE","aarch64","aarch64",8,3741,"Linux 4.14.186-g1003dc13e-dirty","clang","21.1.8 ","-O3 -march=armv8-a","mlkem-native","v1.2.0 (0ba906cb14b1c241476134d7403a811b382ca498)","ML-KEM-1024","decapsulation",70,264000,3698688,True,""
"d337aa37-8cc6-408b-bf51-f03b9cd5dd12","23ad1ea7-f2e7-42aa-a95c-6be08e2ba1cd","2026-08-12T20:43:25Z","android_vivo_y19_termux","NATIVE_HARDWARE","aarch64","aarch64",8,3741,"Linux 4.14.186-g1003dc13e-dirty","clang","21.1.8 ","-O3 -march=armv8-a","mlkem-native","v1.2.0 (0ba906cb14b1c241476134d7403a811b382ca498)","ML-KEM-1024","keygen",71,212077,3698688,True,""
"d337aa37-8cc6-408b-bf51-f03b9cd5dd12","23ad1ea7-f2e7-42aa-a95c-6be08e2ba1cd","2026-08-12T20:43:25Z","android_vivo_y19_termux","NATIVE_HARDWARE","aarch64","aarch64",8,3741,"Linux 4.14.186-g1003dc13e-dirty","clang","21.1.8 ","-O3 -march=armv8-a","mlkem-native","v1.2.0 (0ba906cb14b1c241476134d7403a811b382ca498)","ML-KEM-1024","encapsulation",71,269231,3698688,True,""
"d337aa37-8cc6-408b-bf51-f03b9cd5dd12","23ad1ea7-f2e7-42aa-a95c-6be08e2ba1cd","2026-08-12T20:43:25Z","android_vivo_y19_termux","NATIVE_HARDWARE","aarch64","aarch64",8,3741,"Linux 4.14.186-g1003dc13e-dirty","clang","21.1.8 ","-O3 -march=armv8-a","mlkem-native","v1.2.0 (0ba906cb14b1c241476134d7403a811b382ca498)","ML-KEM-1024","decapsulation",71,255461,3698688,True,""
"d337aa37-8cc6-408b-bf51-f03b9cd5dd12","23ad1ea7-f2e7-42aa-a95c-6be08e2ba1cd","2026-08-12T20:43:25Z","android_vivo_y19_termux","NATIVE_HARDWARE","aarch64","aarch64",8,3741,"Linux 4.14.186-g1003dc13e-dirty","clang","21.1.8 ","-O3 -march=armv8-a","mlkem-native","v1.2.0 (0ba906cb14b1c241476134d7403a811b382ca498)","ML-KEM-1024","keygen",72,205231,3698688,True,""
"d337aa37-8cc6-408b-bf51-f03b9cd5dd12","23ad1ea7-f2e7-42aa-a95c-6be08e2ba1cd","2026-08-12T20:43:25Z","android_vivo_y19_termux","NATIVE_HARDWARE","aarch64","aarch64",8,3741,"Linux 4.14.186-g1003dc13e-dirty","clang","21.1.8 ","-O3 -march=armv8-a","mlkem-native","v1.2.0 (0ba906cb14b1c241476134d7403a811b382ca498)","ML-KEM-1024","encapsulation",72,223692,3698688,True,""
"d337aa37-8cc6-408b-bf51-f03b9cd5dd12","23ad1ea7-f2e7-42aa-a95c-6be08e2ba1cd","2026-08-12T20:43:25Z","android_vivo_y19_termux","NATIVE_HARDWARE","aarch64","aarch64",8,3741,"Linux 4.14.186-g1003dc13e-dirty","clang","21.1.8 ","-O3 -march=armv8-a","mlkem-native","v1.2.0 (0ba906cb14b1c241476134d7403a811b382ca498)","ML-KEM-1024","decapsulation",72,255616,3698688,True,""
"d337aa37-8cc6-408b-bf51-f03b9cd5dd12","23ad1ea7-f2e7-42aa-a95c-6be08e2ba1cd","2026-08-12T20:43:25Z","android_vivo_y19_termux","NATIVE_HARDWARE","aarch64","aarch64",8,3741,"Linux 4.14.186-g1003dc13e-dirty","clang","21.1.8 ","-O3 -march=armv8-a","mlkem-native","v1.2.0 (0ba906cb14b1c241476134d7403a811b382ca498)","ML-KEM-1024","keygen",73,204692,3698688,True,""
"d337aa37-8cc6-408b-bf51-f03b9cd5dd12","23ad1ea7-f2e7-42aa-a95c-6be08e2ba1cd","2026-08-12T20:43:25Z","android_vivo_y19_termux","NATIVE_HARDWARE","aarch64","aarch64",8,3741,"Linux 4.14.186-g1003dc13e-dirty","clang","21.1.8 ","-O3 -march=armv8-a","mlkem-native","v1.2.0 (0ba906cb14b1c241476134d7403a811b382ca498)","ML-KEM-1024","encapsulation",73,224000,3698688,True,""
"d337aa37-8cc6-408b-bf51-f03b9cd5dd12","23ad1ea7-f2e7-42aa-a95c-6be08e2ba1cd","2026-08-12T20:43:25Z","android_vivo_y19_termux","NATIVE_HARDWARE","aarch64","aarch64",8,3741,"Linux 4.14.186-g1003dc13e-dirty","clang","21.1.8 ","-O3 -march=armv8-a","mlkem-native","v1.2.0 (0ba906cb14b1c241476134d7403a811b382ca498)","ML-KEM-1024","decapsulation",73,256000,3698688,True,""
"d337aa37-8cc6-408b-bf51-f03b9cd5dd12","23ad1ea7-f2e7-42aa-a95c-6be08e2ba1cd","2026-08-12T20:43:25Z","android_vivo_y19_termux","NATIVE_HARDWARE","aarch64","aarch64",8,3741,"Linux 4.14.186-g1003dc13e-dirty","clang","21.1.8 ","-O3 -march=armv8-a","mlkem-native","v1.2.0 (0ba906cb14b1c241476134d7403a811b382ca498)","ML-KEM-1024","keygen",74,205154,3698688,True,""
"d337aa37-8cc6-408b-bf51-f03b9cd5dd12","23ad1ea7-f2e7-42aa-a95c-6be08e2ba1cd","2026-08-12T20:43:25Z","android_vivo_y19_termux","NATIVE_HARDWARE","aarch64","aarch64",8,3741,"Linux 4.14.186-g1003dc13e-dirty","clang","21.1.8 ","-O3 -march=armv8-a","mlkem-native","v1.2.0 (0ba906cb14b1c241476134d7403a811b382ca498)","ML-KEM-1024","encapsulation",74,223615,3698688,True,""
"d337aa37-8cc6-408b-bf51-f03b9cd5dd12","23ad1ea7-f2e7-42aa-a95c-6be08e2ba1cd","2026-08-12T20:43:25Z","android_vivo_y19_termux","NATIVE_HARDWARE","aarch64","aarch64",8,3741,"Linux 4.14.186-g1003dc13e-dirty","clang","21.1.8 ","-O3 -march=armv8-a","mlkem-native","v1.2.0 (0ba906cb14b1c241476134d7403a811b382ca498)","ML-KEM-1024","decapsulation",74,256847,3698688,True,""
"d337aa37-8cc6-408b-bf51-f03b9cd5dd12","23ad1ea7-f2e7-42aa-a95c-6be08e2ba1cd","2026-08-12T20:43:25Z","android_vivo_y19_termux","NATIVE_HARDWARE","aarch64","aarch64",8,3741,"Linux 4.14.186-g1003dc13e-dirty","clang","21.1.8 ","-O3 -march=armv8-a","mlkem-native","v1.2.0 (0ba906cb14b1c241476134d7403a811b382ca498)","ML-KEM-1024","keygen",75,204923,3698688,True,""
"d337aa37-8cc6-408b-bf51-f03b9cd5dd12","23ad1ea7-f2e7-42aa-a95c-6be08e2ba1cd","2026-08-12T20:43:25Z","android_vivo_y19_termux","NATIVE_HARDWARE","aarch64","aarch64",8,3741,"Linux 4.14.186-g1003dc13e-dirty","clang","21.1.8 ","-O3 -march=armv8-a","mlkem-native","v1.2.0 (0ba906cb14b1c241476134d7403a811b382ca498)","ML-KEM-1024","encapsulation",75,223769,3698688,True,""
"d337aa37-8cc6-408b-bf51-f03b9cd5dd12","23ad1ea7-f2e7-42aa-a95c-6be08e2ba1cd","2026-08-12T20:43:25Z","android_vivo_y19_termux","NATIVE_HARDWARE","aarch64","aarch64",8,3741,"Linux 4.14.186-g1003dc13e-dirty","clang","21.1.8 ","-O3 -march=armv8-a","mlkem-native","v1.2.0 (0ba906cb14b1c241476134d7403a811b382ca498)","ML-KEM-1024","decapsulation",75,256000,3698688,True,""
"d337aa37-8cc6-408b-bf51-f03b9cd5dd12","23ad1ea7-f2e7-42aa-a95c-6be08e2ba1cd","2026-08-12T20:43:25Z","android_vivo_y19_termux","NATIVE_HARDWARE","aarch64","aarch64",8,3741,"Linux 4.14.186-g1003dc13e-dirty","clang","21.1.8 ","-O3 -march=armv8-a","mlkem-native","v1.2.0 (0ba906cb14b1c241476134d7403a811b382ca498)","ML-KEM-1024","keygen",76,204615,3698688,True,""
"d337aa37-8cc6-408b-bf51-f03b9cd5dd12","23ad1ea7-f2e7-42aa-a95c-6be08e2ba1cd","2026-08-12T20:43:25Z","android_vivo_y19_termux","NATIVE_HARDWARE","aarch64","aarch64",8,3741,"Linux 4.14.186-g1003dc13e-dirty","clang","21.1.8 ","-O3 -march=armv8-a","mlkem-native","v1.2.0 (0ba906cb14b1c241476134d7403a811b382ca498)","ML-KEM-1024","encapsulation",76,230693,3698688,True,""
"d337aa37-8cc6-408b-bf51-f03b9cd5dd12","23ad1ea7-f2e7-42aa-a95c-6be08e2ba1cd","2026-08-12T20:43:25Z","android_vivo_y19_termux","NATIVE_HARDWARE","aarch64","aarch64",8,3741,"Linux 4.14.186-g1003dc13e-dirty","clang","21.1.8 ","-O3 -march=armv8-a","mlkem-native","v1.2.0 (0ba906cb14b1c241476134d7403a811b382ca498)","ML-KEM-1024","decapsulation",76,263385,3698688,True,""
"d337aa37-8cc6-408b-bf51-f03b9cd5dd12","23ad1ea7-f2e7-42aa-a95c-6be08e2ba1cd","2026-08-12T20:43:25Z","android_vivo_y19_termux","NATIVE_HARDWARE","aarch64","aarch64",8,3741,"Linux 4.14.186-g1003dc13e-dirty","clang","21.1.8 ","-O3 -march=armv8-a","mlkem-native","v1.2.0 (0ba906cb14b1c241476134d7403a811b382ca498)","ML-KEM-1024","keygen",77,204692,3698688,True,""
"d337aa37-8cc6-408b-bf51-f03b9cd5dd12","23ad1ea7-f2e7-42aa-a95c-6be08e2ba1cd","2026-08-12T20:43:25Z","android_vivo_y19_termux","NATIVE_HARDWARE","aarch64","aarch64",8,3741,"Linux 4.14.186-g1003dc13e-dirty","clang","21.1.8 ","-O3 -march=armv8-a","mlkem-native","v1.2.0 (0ba906cb14b1c241476134d7403a811b382ca498)","ML-KEM-1024","encapsulation",77,209538,3698688,True,""
"d337aa37-8cc6-408b-bf51-f03b9cd5dd12","23ad1ea7-f2e7-42aa-a95c-6be08e2ba1cd","2026-08-12T20:43:25Z","android_vivo_y19_termux","NATIVE_HARDWARE","aarch64","aarch64",8,3741,"Linux 4.14.186-g1003dc13e-dirty","clang","21.1.8 ","-O3 -march=armv8-a","mlkem-native","v1.2.0 (0ba906cb14b1c241476134d7403a811b382ca498)","ML-KEM-1024","decapsulation",77,271384,3698688,True,""
"d337aa37-8cc6-408b-bf51-f03b9cd5dd12","23ad1ea7-f2e7-42aa-a95c-6be08e2ba1cd","2026-08-12T20:43:25Z","android_vivo_y19_termux","NATIVE_HARDWARE","aarch64","aarch64",8,3741,"Linux 4.14.186-g1003dc13e-dirty","clang","21.1.8 ","-O3 -march=armv8-a","mlkem-native","v1.2.0 (0ba906cb14b1c241476134d7403a811b382ca498)","ML-KEM-1024","keygen",78,189231,3698688,True,""
"d337aa37-8cc6-408b-bf51-f03b9cd5dd12","23ad1ea7-f2e7-42aa-a95c-6be08e2ba1cd","2026-08-12T20:43:25Z","android_vivo_y19_termux","NATIVE_HARDWARE","aarch64","aarch64",8,3741,"Linux 4.14.186-g1003dc13e-dirty","clang","21.1.8 ","-O3 -march=armv8-a","mlkem-native","v1.2.0 (0ba906cb14b1c241476134d7403a811b382ca498)","ML-KEM-1024","encapsulation",78,207462,3698688,True,""
"d337aa37-8cc6-408b-bf51-f03b9cd5dd12","23ad1ea7-f2e7-42aa-a95c-6be08e2ba1cd","2026-08-12T20:43:25Z","android_vivo_y19_termux","NATIVE_HARDWARE","aarch64","aarch64",8,3741,"Linux 4.14.186-g1003dc13e-dirty","clang","21.1.8 ","-O3 -march=armv8-a","mlkem-native","v1.2.0 (0ba906cb14b1c241476134d7403a811b382ca498)","ML-KEM-1024","decapsulation",78,236692,3698688,True,""
"d337aa37-8cc6-408b-bf51-f03b9cd5dd12","23ad1ea7-f2e7-42aa-a95c-6be08e2ba1cd","2026-08-12T20:43:25Z","android_vivo_y19_termux","NATIVE_HARDWARE","aarch64","aarch64",8,3741,"Linux 4.14.186-g1003dc13e-dirty","clang","21.1.8 ","-O3 -march=armv8-a","mlkem-native","v1.2.0 (0ba906cb14b1c241476134d7403a811b382ca498)","ML-KEM-1024","keygen",79,188923,3698688,True,""
"d337aa37-8cc6-408b-bf51-f03b9cd5dd12","23ad1ea7-f2e7-42aa-a95c-6be08e2ba1cd","2026-08-12T20:43:25Z","android_vivo_y19_termux","NATIVE_HARDWARE","aarch64","aarch64",8,3741,"Linux 4.14.186-g1003dc13e-dirty","clang","21.1.8 ","-O3 -march=armv8-a","mlkem-native","v1.2.0 (0ba906cb14b1c241476134d7403a811b382ca498)","ML-KEM-1024","encapsulation",79,206770,3698688,True,""
"d337aa37-8cc6-408b-bf51-f03b9cd5dd12","23ad1ea7-f2e7-42aa-a95c-6be08e2ba1cd","2026-08-12T20:43:25Z","android_vivo_y19_termux","NATIVE_HARDWARE","aarch64","aarch64",8,3741,"Linux 4.14.186-g1003dc13e-dirty","clang","21.1.8 ","-O3 -march=armv8-a","mlkem-native","v1.2.0 (0ba906cb14b1c241476134d7403a811b382ca498)","ML-KEM-1024","decapsulation",79,235692,3698688,True,""
"d337aa37-8cc6-408b-bf51-f03b9cd5dd12","23ad1ea7-f2e7-42aa-a95c-6be08e2ba1cd","2026-08-12T20:43:25Z","android_vivo_y19_termux","NATIVE_HARDWARE","aarch64","aarch64",8,3741,"Linux 4.14.186-g1003dc13e-dirty","clang","21.1.8 ","-O3 -march=armv8-a","mlkem-native","v1.2.0 (0ba906cb14b1c241476134d7403a811b382ca498)","ML-KEM-1024","keygen",80,189000,3698688,True,""
"d337aa37-8cc6-408b-bf51-f03b9cd5dd12","23ad1ea7-f2e7-42aa-a95c-6be08e2ba1cd","2026-08-12T20:43:25Z","android_vivo_y19_termux","NATIVE_HARDWARE","aarch64","aarch64",8,3741,"Linux 4.14.186-g1003dc13e-dirty","clang","21.1.8 ","-O3 -march=armv8-a","mlkem-native","v1.2.0 (0ba906cb14b1c241476134d7403a811b382ca498)","ML-KEM-1024","encapsulation",80,207077,3698688,True,""
"d337aa37-8cc6-408b-bf51-f03b9cd5dd12","23ad1ea7-f2e7-42aa-a95c-6be08e2ba1cd","2026-08-12T20:43:25Z","android_vivo_y19_termux","NATIVE_HARDWARE","aarch64","aarch64",8,3741,"Linux 4.14.186-g1003dc13e-dirty","clang","21.1.8 ","-O3 -march=armv8-a","mlkem-native","v1.2.0 (0ba906cb14b1c241476134d7403a811b382ca498)","ML-KEM-1024","decapsulation",80,236385,3698688,True,""
"d337aa37-8cc6-408b-bf51-f03b9cd5dd12","23ad1ea7-f2e7-42aa-a95c-6be08e2ba1cd","2026-08-12T20:43:25Z","android_vivo_y19_termux","NATIVE_HARDWARE","aarch64","aarch64",8,3741,"Linux 4.14.186-g1003dc13e-dirty","clang","21.1.8 ","-O3 -march=armv8-a","mlkem-native","v1.2.0 (0ba906cb14b1c241476134d7403a811b382ca498)","ML-KEM-1024","keygen",81,188923,3698688,True,""
"d337aa37-8cc6-408b-bf51-f03b9cd5dd12","23ad1ea7-f2e7-42aa-a95c-6be08e2ba1cd","2026-08-12T20:43:25Z","android_vivo_y19_termux","NATIVE_HARDWARE","aarch64","aarch64",8,3741,"Linux 4.14.186-g1003dc13e-dirty","clang","21.1.8 ","-O3 -march=armv8-a","mlkem-native","v1.2.0 (0ba906cb14b1c241476134d7403a811b382ca498)","ML-KEM-1024","encapsulation",81,206231,3698688,True,""
"d337aa37-8cc6-408b-bf51-f03b9cd5dd12","23ad1ea7-f2e7-42aa-a95c-6be08e2ba1cd","2026-08-12T20:43:25Z","android_vivo_y19_termux","NATIVE_HARDWARE","aarch64","aarch64",8,3741,"Linux 4.14.186-g1003dc13e-dirty","clang","21.1.8 ","-O3 -march=armv8-a","mlkem-native","v1.2.0 (0ba906cb14b1c241476134d7403a811b382ca498)","ML-KEM-1024","decapsulation",81,235615,3698688,True,""
"d337aa37-8cc6-408b-bf51-f03b9cd5dd12","23ad1ea7-f2e7-42aa-a95c-6be08e2ba1cd","2026-08-12T20:43:25Z","android_vivo_y19_termux","NATIVE_HARDWARE","aarch64","aarch64",8,3741,"Linux 4.14.186-g1003dc13e-dirty","clang","21.1.8 ","-O3 -march=armv8-a","mlkem-native","v1.2.0 (0ba906cb14b1c241476134d7403a811b382ca498)","ML-KEM-1024","keygen",82,188693,3698688,True,""
"d337aa37-8cc6-408b-bf51-f03b9cd5dd12","23ad1ea7-f2e7-42aa-a95c-6be08e2ba1cd","2026-08-12T20:43:25Z","android_vivo_y19_termux","NATIVE_HARDWARE","aarch64","aarch64",8,3741,"Linux 4.14.186-g1003dc13e-dirty","clang","21.1.8 ","-O3 -march=armv8-a","mlkem-native","v1.2.0 (0ba906cb14b1c241476134d7403a811b382ca498)","ML-KEM-1024","encapsulation",82,206230,3698688,True,""
"d337aa37-8cc6-408b-bf51-f03b9cd5dd12","23ad1ea7-f2e7-42aa-a95c-6be08e2ba1cd","2026-08-12T20:43:25Z","android_vivo_y19_termux","NATIVE_HARDWARE","aarch64","aarch64",8,3741,"Linux 4.14.186-g1003dc13e-dirty","clang","21.1.8 ","-O3 -march=armv8-a","mlkem-native","v1.2.0 (0ba906cb14b1c241476134d7403a811b382ca498)","ML-KEM-1024","decapsulation",82,235692,3698688,True,""
"d337aa37-8cc6-408b-bf51-f03b9cd5dd12","23ad1ea7-f2e7-42aa-a95c-6be08e2ba1cd","2026-08-12T20:43:25Z","android_vivo_y19_termux","NATIVE_HARDWARE","aarch64","aarch64",8,3741,"Linux 4.14.186-g1003dc13e-dirty","clang","21.1.8 ","-O3 -march=armv8-a","mlkem-native","v1.2.0 (0ba906cb14b1c241476134d7403a811b382ca498)","ML-KEM-1024","keygen",83,188923,3698688,True,""
"d337aa37-8cc6-408b-bf51-f03b9cd5dd12","23ad1ea7-f2e7-42aa-a95c-6be08e2ba1cd","2026-08-12T20:43:25Z","android_vivo_y19_termux","NATIVE_HARDWARE","aarch64","aarch64",8,3741,"Linux 4.14.186-g1003dc13e-dirty","clang","21.1.8 ","-O3 -march=armv8-a","mlkem-native","v1.2.0 (0ba906cb14b1c241476134d7403a811b382ca498)","ML-KEM-1024","encapsulation",83,208385,3698688,True,""
"d337aa37-8cc6-408b-bf51-f03b9cd5dd12","23ad1ea7-f2e7-42aa-a95c-6be08e2ba1cd","2026-08-12T20:43:25Z","android_vivo_y19_termux","NATIVE_HARDWARE","aarch64","aarch64",8,3741,"Linux 4.14.186-g1003dc13e-dirty","clang","21.1.8 ","-O3 -march=armv8-a","mlkem-native","v1.2.0 (0ba906cb14b1c241476134d7403a811b382ca498)","ML-KEM-1024","decapsulation",83,235462,3698688,True,""
"d337aa37-8cc6-408b-bf51-f03b9cd5dd12","23ad1ea7-f2e7-42aa-a95c-6be08e2ba1cd","2026-08-12T20:43:25Z","android_vivo_y19_termux","NATIVE_HARDWARE","aarch64","aarch64",8,3741,"Linux 4.14.186-g1003dc13e-dirty","clang","21.1.8 ","-O3 -march=armv8-a","mlkem-native","v1.2.0 (0ba906cb14b1c241476134d7403a811b382ca498)","ML-KEM-1024","keygen",84,188846,3698688,True,""
"d337aa37-8cc6-408b-bf51-f03b9cd5dd12","23ad1ea7-f2e7-42aa-a95c-6be08e2ba1cd","2026-08-12T20:43:25Z","android_vivo_y19_termux","NATIVE_HARDWARE","aarch64","aarch64",8,3741,"Linux 4.14.186-g1003dc13e-dirty","clang","21.1.8 ","-O3 -march=armv8-a","mlkem-native","v1.2.0 (0ba906cb14b1c241476134d7403a811b382ca498)","ML-KEM-1024","encapsulation",84,205847,3698688,True,""
"d337aa37-8cc6-408b-bf51-f03b9cd5dd12","23ad1ea7-f2e7-42aa-a95c-6be08e2ba1cd","2026-08-12T20:43:25Z","android_vivo_y19_termux","NATIVE_HARDWARE","aarch64","aarch64",8,3741,"Linux 4.14.186-g1003dc13e-dirty","clang","21.1.8 ","-O3 -march=armv8-a","mlkem-native","v1.2.0 (0ba906cb14b1c241476134d7403a811b382ca498)","ML-KEM-1024","decapsulation",84,236077,3698688,True,""
"d337aa37-8cc6-408b-bf51-f03b9cd5dd12","23ad1ea7-f2e7-42aa-a95c-6be08e2ba1cd","2026-08-12T20:43:25Z","android_vivo_y19_termux","NATIVE_HARDWARE","aarch64","aarch64",8,3741,"Linux 4.14.186-g1003dc13e-dirty","clang","21.1.8 ","-O3 -march=armv8-a","mlkem-native","v1.2.0 (0ba906cb14b1c241476134d7403a811b382ca498)","ML-KEM-1024","keygen",85,188616,3698688,True,""
"d337aa37-8cc6-408b-bf51-f03b9cd5dd12","23ad1ea7-f2e7-42aa-a95c-6be08e2ba1cd","2026-08-12T20:43:25Z","android_vivo_y19_termux","NATIVE_HARDWARE","aarch64","aarch64",8,3741,"Linux 4.14.186-g1003dc13e-dirty","clang","21.1.8 ","-O3 -march=armv8-a","mlkem-native","v1.2.0 (0ba906cb14b1c241476134d7403a811b382ca498)","ML-KEM-1024","encapsulation",85,207077,3698688,True,""
"d337aa37-8cc6-408b-bf51-f03b9cd5dd12","23ad1ea7-f2e7-42aa-a95c-6be08e2ba1cd","2026-08-12T20:43:25Z","android_vivo_y19_termux","NATIVE_HARDWARE","aarch64","aarch64",8,3741,"Linux 4.14.186-g1003dc13e-dirty","clang","21.1.8 ","-O3 -march=armv8-a","mlkem-native","v1.2.0 (0ba906cb14b1c241476134d7403a811b382ca498)","ML-KEM-1024","decapsulation",85,236615,3698688,True,""
"d337aa37-8cc6-408b-bf51-f03b9cd5dd12","23ad1ea7-f2e7-42aa-a95c-6be08e2ba1cd","2026-08-12T20:43:25Z","android_vivo_y19_termux","NATIVE_HARDWARE","aarch64","aarch64",8,3741,"Linux 4.14.186-g1003dc13e-dirty","clang","21.1.8 ","-O3 -march=armv8-a","mlkem-native","v1.2.0 (0ba906cb14b1c241476134d7403a811b382ca498)","ML-KEM-1024","keygen",86,188923,3698688,True,""
"d337aa37-8cc6-408b-bf51-f03b9cd5dd12","23ad1ea7-f2e7-42aa-a95c-6be08e2ba1cd","2026-08-12T20:43:25Z","android_vivo_y19_termux","NATIVE_HARDWARE","aarch64","aarch64",8,3741,"Linux 4.14.186-g1003dc13e-dirty","clang","21.1.8 ","-O3 -march=armv8-a","mlkem-native","v1.2.0 (0ba906cb14b1c241476134d7403a811b382ca498)","ML-KEM-1024","encapsulation",86,212385,3698688,True,""
"d337aa37-8cc6-408b-bf51-f03b9cd5dd12","23ad1ea7-f2e7-42aa-a95c-6be08e2ba1cd","2026-08-12T20:43:25Z","android_vivo_y19_termux","NATIVE_HARDWARE","aarch64","aarch64",8,3741,"Linux 4.14.186-g1003dc13e-dirty","clang","21.1.8 ","-O3 -march=armv8-a","mlkem-native","v1.2.0 (0ba906cb14b1c241476134d7403a811b382ca498)","ML-KEM-1024","decapsulation",86,300615,3698688,True,""
"d337aa37-8cc6-408b-bf51-f03b9cd5dd12","23ad1ea7-f2e7-42aa-a95c-6be08e2ba1cd","2026-08-12T20:43:25Z","android_vivo_y19_termux","NATIVE_HARDWARE","aarch64","aarch64",8,3741,"Linux 4.14.186-g1003dc13e-dirty","clang","21.1.8 ","-O3 -march=armv8-a","mlkem-native","v1.2.0 (0ba906cb14b1c241476134d7403a811b382ca498)","ML-KEM-1024","keygen",87,188924,3698688,True,""
"d337aa37-8cc6-408b-bf51-f03b9cd5dd12","23ad1ea7-f2e7-42aa-a95c-6be08e2ba1cd","2026-08-12T20:43:25Z","android_vivo_y19_termux","NATIVE_HARDWARE","aarch64","aarch64",8,3741,"Linux 4.14.186-g1003dc13e-dirty","clang","21.1.8 ","-O3 -march=armv8-a","mlkem-native","v1.2.0 (0ba906cb14b1c241476134d7403a811b382ca498)","ML-KEM-1024","encapsulation",87,206385,3698688,True,""
"d337aa37-8cc6-408b-bf51-f03b9cd5dd12","23ad1ea7-f2e7-42aa-a95c-6be08e2ba1cd","2026-08-12T20:43:25Z","android_vivo_y19_termux","NATIVE_HARDWARE","aarch64","aarch64",8,3741,"Linux 4.14.186-g1003dc13e-dirty","clang","21.1.8 ","-O3 -march=armv8-a","mlkem-native","v1.2.0 (0ba906cb14b1c241476134d7403a811b382ca498)","ML-KEM-1024","decapsulation",87,235461,3698688,True,""
"d337aa37-8cc6-408b-bf51-f03b9cd5dd12","23ad1ea7-f2e7-42aa-a95c-6be08e2ba1cd","2026-08-12T20:43:25Z","android_vivo_y19_termux","NATIVE_HARDWARE","aarch64","aarch64",8,3741,"Linux 4.14.186-g1003dc13e-dirty","clang","21.1.8 ","-O3 -march=armv8-a","mlkem-native","v1.2.0 (0ba906cb14b1c241476134d7403a811b382ca498)","ML-KEM-1024","keygen",88,189231,3698688,True,""
"d337aa37-8cc6-408b-bf51-f03b9cd5dd12","23ad1ea7-f2e7-42aa-a95c-6be08e2ba1cd","2026-08-12T20:43:25Z","android_vivo_y19_termux","NATIVE_HARDWARE","aarch64","aarch64",8,3741,"Linux 4.14.186-g1003dc13e-dirty","clang","21.1.8 ","-O3 -march=armv8-a","mlkem-native","v1.2.0 (0ba906cb14b1c241476134d7403a811b382ca498)","ML-KEM-1024","encapsulation",88,206692,3698688,True,""
"d337aa37-8cc6-408b-bf51-f03b9cd5dd12","23ad1ea7-f2e7-42aa-a95c-6be08e2ba1cd","2026-08-12T20:43:25Z","android_vivo_y19_termux","NATIVE_HARDWARE","aarch64","aarch64",8,3741,"Linux 4.14.186-g1003dc13e-dirty","clang","21.1.8 ","-O3 -march=armv8-a","mlkem-native","v1.2.0 (0ba906cb14b1c241476134d7403a811b382ca498)","ML-KEM-1024","decapsulation",88,236000,3698688,True,""
"d337aa37-8cc6-408b-bf51-f03b9cd5dd12","23ad1ea7-f2e7-42aa-a95c-6be08e2ba1cd","2026-08-12T20:43:25Z","android_vivo_y19_termux","NATIVE_HARDWARE","aarch64","aarch64",8,3741,"Linux 4.14.186-g1003dc13e-dirty","clang","21.1.8 ","-O3 -march=armv8-a","mlkem-native","v1.2.0 (0ba906cb14b1c241476134d7403a811b382ca498)","ML-KEM-1024","keygen",89,188384,3698688,True,""
"d337aa37-8cc6-408b-bf51-f03b9cd5dd12","23ad1ea7-f2e7-42aa-a95c-6be08e2ba1cd","2026-08-12T20:43:25Z","android_vivo_y19_termux","NATIVE_HARDWARE","aarch64","aarch64",8,3741,"Linux 4.14.186-g1003dc13e-dirty","clang","21.1.8 ","-O3 -march=armv8-a","mlkem-native","v1.2.0 (0ba906cb14b1c241476134d7403a811b382ca498)","ML-KEM-1024","encapsulation",89,206077,3698688,True,""
"d337aa37-8cc6-408b-bf51-f03b9cd5dd12","23ad1ea7-f2e7-42aa-a95c-6be08e2ba1cd","2026-08-12T20:43:25Z","android_vivo_y19_termux","NATIVE_HARDWARE","aarch64","aarch64",8,3741,"Linux 4.14.186-g1003dc13e-dirty","clang","21.1.8 ","-O3 -march=armv8-a","mlkem-native","v1.2.0 (0ba906cb14b1c241476134d7403a811b382ca498)","ML-KEM-1024","decapsulation",89,235385,3698688,True,""
"d337aa37-8cc6-408b-bf51-f03b9cd5dd12","23ad1ea7-f2e7-42aa-a95c-6be08e2ba1cd","2026-08-12T20:43:25Z","android_vivo_y19_termux","NATIVE_HARDWARE","aarch64","aarch64",8,3741,"Linux 4.14.186-g1003dc13e-dirty","clang","21.1.8 ","-O3 -march=armv8-a","mlkem-native","v1.2.0 (0ba906cb14b1c241476134d7403a811b382ca498)","ML-KEM-1024","keygen",90,188923,3698688,True,""
"d337aa37-8cc6-408b-bf51-f03b9cd5dd12","23ad1ea7-f2e7-42aa-a95c-6be08e2ba1cd","2026-08-12T20:43:25Z","android_vivo_y19_termux","NATIVE_HARDWARE","aarch64","aarch64",8,3741,"Linux 4.14.186-g1003dc13e-dirty","clang","21.1.8 ","-O3 -march=armv8-a","mlkem-native","v1.2.0 (0ba906cb14b1c241476134d7403a811b382ca498)","ML-KEM-1024","encapsulation",90,207385,3698688,True,""
"d337aa37-8cc6-408b-bf51-f03b9cd5dd12","23ad1ea7-f2e7-42aa-a95c-6be08e2ba1cd","2026-08-12T20:43:25Z","android_vivo_y19_termux","NATIVE_HARDWARE","aarch64","aarch64",8,3741,"Linux 4.14.186-g1003dc13e-dirty","clang","21.1.8 ","-O3 -march=armv8-a","mlkem-native","v1.2.0 (0ba906cb14b1c241476134d7403a811b382ca498)","ML-KEM-1024","decapsulation",90,235384,3698688,True,""
"d337aa37-8cc6-408b-bf51-f03b9cd5dd12","23ad1ea7-f2e7-42aa-a95c-6be08e2ba1cd","2026-08-12T20:43:25Z","android_vivo_y19_termux","NATIVE_HARDWARE","aarch64","aarch64",8,3741,"Linux 4.14.186-g1003dc13e-dirty","clang","21.1.8 ","-O3 -march=armv8-a","mlkem-native","v1.2.0 (0ba906cb14b1c241476134d7403a811b382ca498)","ML-KEM-1024","keygen",91,188846,3698688,True,""
"d337aa37-8cc6-408b-bf51-f03b9cd5dd12","23ad1ea7-f2e7-42aa-a95c-6be08e2ba1cd","2026-08-12T20:43:25Z","android_vivo_y19_termux","NATIVE_HARDWARE","aarch64","aarch64",8,3741,"Linux 4.14.186-g1003dc13e-dirty","clang","21.1.8 ","-O3 -march=armv8-a","mlkem-native","v1.2.0 (0ba906cb14b1c241476134d7403a811b382ca498)","ML-KEM-1024","encapsulation",91,206230,3698688,True,""
"d337aa37-8cc6-408b-bf51-f03b9cd5dd12","23ad1ea7-f2e7-42aa-a95c-6be08e2ba1cd","2026-08-12T20:43:25Z","android_vivo_y19_termux","NATIVE_HARDWARE","aarch64","aarch64",8,3741,"Linux 4.14.186-g1003dc13e-dirty","clang","21.1.8 ","-O3 -march=armv8-a","mlkem-native","v1.2.0 (0ba906cb14b1c241476134d7403a811b382ca498)","ML-KEM-1024","decapsulation",91,236000,3698688,True,""
"d337aa37-8cc6-408b-bf51-f03b9cd5dd12","23ad1ea7-f2e7-42aa-a95c-6be08e2ba1cd","2026-08-12T20:43:25Z","android_vivo_y19_termux","NATIVE_HARDWARE","aarch64","aarch64",8,3741,"Linux 4.14.186-g1003dc13e-dirty","clang","21.1.8 ","-O3 -march=armv8-a","mlkem-native","v1.2.0 (0ba906cb14b1c241476134d7403a811b382ca498)","ML-KEM-1024","keygen",92,188615,3698688,True,""
"d337aa37-8cc6-408b-bf51-f03b9cd5dd12","23ad1ea7-f2e7-42aa-a95c-6be08e2ba1cd","2026-08-12T20:43:25Z","android_vivo_y19_termux","NATIVE_HARDWARE","aarch64","aarch64",8,3741,"Linux 4.14.186-g1003dc13e-dirty","clang","21.1.8 ","-O3 -march=armv8-a","mlkem-native","v1.2.0 (0ba906cb14b1c241476134d7403a811b382ca498)","ML-KEM-1024","encapsulation",92,206076,3698688,True,""
"d337aa37-8cc6-408b-bf51-f03b9cd5dd12","23ad1ea7-f2e7-42aa-a95c-6be08e2ba1cd","2026-08-12T20:43:25Z","android_vivo_y19_termux","NATIVE_HARDWARE","aarch64","aarch64",8,3741,"Linux 4.14.186-g1003dc13e-dirty","clang","21.1.8 ","-O3 -march=armv8-a","mlkem-native","v1.2.0 (0ba906cb14b1c241476134d7403a811b382ca498)","ML-KEM-1024","decapsulation",92,235077,3698688,True,""
"d337aa37-8cc6-408b-bf51-f03b9cd5dd12","23ad1ea7-f2e7-42aa-a95c-6be08e2ba1cd","2026-08-12T20:43:25Z","android_vivo_y19_termux","NATIVE_HARDWARE","aarch64","aarch64",8,3741,"Linux 4.14.186-g1003dc13e-dirty","clang","21.1.8 ","-O3 -march=armv8-a","mlkem-native","v1.2.0 (0ba906cb14b1c241476134d7403a811b382ca498)","ML-KEM-1024","keygen",93,188923,3698688,True,""
"d337aa37-8cc6-408b-bf51-f03b9cd5dd12","23ad1ea7-f2e7-42aa-a95c-6be08e2ba1cd","2026-08-12T20:43:25Z","android_vivo_y19_termux","NATIVE_HARDWARE","aarch64","aarch64",8,3741,"Linux 4.14.186-g1003dc13e-dirty","clang","21.1.8 ","-O3 -march=armv8-a","mlkem-native","v1.2.0 (0ba906cb14b1c241476134d7403a811b382ca498)","ML-KEM-1024","encapsulation",93,207000,3698688,True,""
"d337aa37-8cc6-408b-bf51-f03b9cd5dd12","23ad1ea7-f2e7-42aa-a95c-6be08e2ba1cd","2026-08-12T20:43:25Z","android_vivo_y19_termux","NATIVE_HARDWARE","aarch64","aarch64",8,3741,"Linux 4.14.186-g1003dc13e-dirty","clang","21.1.8 ","-O3 -march=armv8-a","mlkem-native","v1.2.0 (0ba906cb14b1c241476134d7403a811b382ca498)","ML-KEM-1024","decapsulation",93,338539,3698688,True,""
"d337aa37-8cc6-408b-bf51-f03b9cd5dd12","23ad1ea7-f2e7-42aa-a95c-6be08e2ba1cd","2026-08-12T20:43:25Z","android_vivo_y19_termux","NATIVE_HARDWARE","aarch64","aarch64",8,3741,"Linux 4.14.186-g1003dc13e-dirty","clang","21.1.8 ","-O3 -march=armv8-a","mlkem-native","v1.2.0 (0ba906cb14b1c241476134d7403a811b382ca498)","ML-KEM-1024","keygen",94,188923,3698688,True,""
"d337aa37-8cc6-408b-bf51-f03b9cd5dd12","23ad1ea7-f2e7-42aa-a95c-6be08e2ba1cd","2026-08-12T20:43:25Z","android_vivo_y19_termux","NATIVE_HARDWARE","aarch64","aarch64",8,3741,"Linux 4.14.186-g1003dc13e-dirty","clang","21.1.8 ","-O3 -march=armv8-a","mlkem-native","v1.2.0 (0ba906cb14b1c241476134d7403a811b382ca498)","ML-KEM-1024","encapsulation",94,208615,3698688,True,""
"d337aa37-8cc6-408b-bf51-f03b9cd5dd12","23ad1ea7-f2e7-42aa-a95c-6be08e2ba1cd","2026-08-12T20:43:25Z","android_vivo_y19_termux","NATIVE_HARDWARE","aarch64","aarch64",8,3741,"Linux 4.14.186-g1003dc13e-dirty","clang","21.1.8 ","-O3 -march=armv8-a","mlkem-native","v1.2.0 (0ba906cb14b1c241476134d7403a811b382ca498)","ML-KEM-1024","decapsulation",94,237846,3698688,True,""
"d337aa37-8cc6-408b-bf51-f03b9cd5dd12","23ad1ea7-f2e7-42aa-a95c-6be08e2ba1cd","2026-08-12T20:43:25Z","android_vivo_y19_termux","NATIVE_HARDWARE","aarch64","aarch64",8,3741,"Linux 4.14.186-g1003dc13e-dirty","clang","21.1.8 ","-O3 -march=armv8-a","mlkem-native","v1.2.0 (0ba906cb14b1c241476134d7403a811b382ca498)","ML-KEM-1024","keygen",95,188923,3698688,True,""
"d337aa37-8cc6-408b-bf51-f03b9cd5dd12","23ad1ea7-f2e7-42aa-a95c-6be08e2ba1cd","2026-08-12T20:43:25Z","android_vivo_y19_termux","NATIVE_HARDWARE","aarch64","aarch64",8,3741,"Linux 4.14.186-g1003dc13e-dirty","clang","21.1.8 ","-O3 -march=armv8-a","mlkem-native","v1.2.0 (0ba906cb14b1c241476134d7403a811b382ca498)","ML-KEM-1024","encapsulation",95,205846,3698688,True,""
"d337aa37-8cc6-408b-bf51-f03b9cd5dd12","23ad1ea7-f2e7-42aa-a95c-6be08e2ba1cd","2026-08-12T20:43:25Z","android_vivo_y19_termux","NATIVE_HARDWARE","aarch64","aarch64",8,3741,"Linux 4.14.186-g1003dc13e-dirty","clang","21.1.8 ","-O3 -march=armv8-a","mlkem-native","v1.2.0 (0ba906cb14b1c241476134d7403a811b382ca498)","ML-KEM-1024","decapsulation",95,235384,3698688,True,""
"d337aa37-8cc6-408b-bf51-f03b9cd5dd12","23ad1ea7-f2e7-42aa-a95c-6be08e2ba1cd","2026-08-12T20:43:25Z","android_vivo_y19_termux","NATIVE_HARDWARE","aarch64","aarch64",8,3741,"Linux 4.14.186-g1003dc13e-dirty","clang","21.1.8 ","-O3 -march=armv8-a","mlkem-native","v1.2.0 (0ba906cb14b1c241476134d7403a811b382ca498)","ML-KEM-1024","keygen",96,188846,3698688,True,""
"d337aa37-8cc6-408b-bf51-f03b9cd5dd12","23ad1ea7-f2e7-42aa-a95c-6be08e2ba1cd","2026-08-12T20:43:25Z","android_vivo_y19_termux","NATIVE_HARDWARE","aarch64","aarch64",8,3741,"Linux 4.14.186-g1003dc13e-dirty","clang","21.1.8 ","-O3 -march=armv8-a","mlkem-native","v1.2.0 (0ba906cb14b1c241476134d7403a811b382ca498)","ML-KEM-1024","encapsulation",96,207000,3698688,True,""
"d337aa37-8cc6-408b-bf51-f03b9cd5dd12","23ad1ea7-f2e7-42aa-a95c-6be08e2ba1cd","2026-08-12T20:43:25Z","android_vivo_y19_termux","NATIVE_HARDWARE","aarch64","aarch64",8,3741,"Linux 4.14.186-g1003dc13e-dirty","clang","21.1.8 ","-O3 -march=armv8-a","mlkem-native","v1.2.0 (0ba906cb14b1c241476134d7403a811b382ca498)","ML-KEM-1024","decapsulation",96,236308,3698688,True,""
"d337aa37-8cc6-408b-bf51-f03b9cd5dd12","23ad1ea7-f2e7-42aa-a95c-6be08e2ba1cd","2026-08-12T20:43:25Z","android_vivo_y19_termux","NATIVE_HARDWARE","aarch64","aarch64",8,3741,"Linux 4.14.186-g1003dc13e-dirty","clang","21.1.8 ","-O3 -march=armv8-a","mlkem-native","v1.2.0 (0ba906cb14b1c241476134d7403a811b382ca498)","ML-KEM-1024","keygen",97,188000,3698688,True,""
"d337aa37-8cc6-408b-bf51-f03b9cd5dd12","23ad1ea7-f2e7-42aa-a95c-6be08e2ba1cd","2026-08-12T20:43:25Z","android_vivo_y19_termux","NATIVE_HARDWARE","aarch64","aarch64",8,3741,"Linux 4.14.186-g1003dc13e-dirty","clang","21.1.8 ","-O3 -march=armv8-a","mlkem-native","v1.2.0 (0ba906cb14b1c241476134d7403a811b382ca498)","ML-KEM-1024","encapsulation",97,206154,3698688,True,""
"d337aa37-8cc6-408b-bf51-f03b9cd5dd12","23ad1ea7-f2e7-42aa-a95c-6be08e2ba1cd","2026-08-12T20:43:25Z","android_vivo_y19_termux","NATIVE_HARDWARE","aarch64","aarch64",8,3741,"Linux 4.14.186-g1003dc13e-dirty","clang","21.1.8 ","-O3 -march=armv8-a","mlkem-native","v1.2.0 (0ba906cb14b1c241476134d7403a811b382ca498)","ML-KEM-1024","decapsulation",97,236538,3698688,True,""
"d337aa37-8cc6-408b-bf51-f03b9cd5dd12","23ad1ea7-f2e7-42aa-a95c-6be08e2ba1cd","2026-08-12T20:43:25Z","android_vivo_y19_termux","NATIVE_HARDWARE","aarch64","aarch64",8,3741,"Linux 4.14.186-g1003dc13e-dirty","clang","21.1.8 ","-O3 -march=armv8-a","mlkem-native","v1.2.0 (0ba906cb14b1c241476134d7403a811b382ca498)","ML-KEM-1024","keygen",98,215384,3698688,True,""
"d337aa37-8cc6-408b-bf51-f03b9cd5dd12","23ad1ea7-f2e7-42aa-a95c-6be08e2ba1cd","2026-08-12T20:43:25Z","android_vivo_y19_termux","NATIVE_HARDWARE","aarch64","aarch64",8,3741,"Linux 4.14.186-g1003dc13e-dirty","clang","21.1.8 ","-O3 -march=armv8-a","mlkem-native","v1.2.0 (0ba906cb14b1c241476134d7403a811b382ca498)","ML-KEM-1024","encapsulation",98,202538,3698688,True,""
"d337aa37-8cc6-408b-bf51-f03b9cd5dd12","23ad1ea7-f2e7-42aa-a95c-6be08e2ba1cd","2026-08-12T20:43:25Z","android_vivo_y19_termux","NATIVE_HARDWARE","aarch64","aarch64",8,3741,"Linux 4.14.186-g1003dc13e-dirty","clang","21.1.8 ","-O3 -march=armv8-a","mlkem-native","v1.2.0 (0ba906cb14b1c241476134d7403a811b382ca498)","ML-KEM-1024","decapsulation",98,231000,3698688,True,""
"d337aa37-8cc6-408b-bf51-f03b9cd5dd12","23ad1ea7-f2e7-42aa-a95c-6be08e2ba1cd","2026-08-12T20:43:25Z","android_vivo_y19_termux","NATIVE_HARDWARE","aarch64","aarch64",8,3741,"Linux 4.14.186-g1003dc13e-dirty","clang","21.1.8 ","-O3 -march=armv8-a","mlkem-native","v1.2.0 (0ba906cb14b1c241476134d7403a811b382ca498)","ML-KEM-1024","keygen",99,181846,3698688,True,""
"d337aa37-8cc6-408b-bf51-f03b9cd5dd12","23ad1ea7-f2e7-42aa-a95c-6be08e2ba1cd","2026-08-12T20:43:25Z","android_vivo_y19_termux","NATIVE_HARDWARE","aarch64","aarch64",8,3741,"Linux 4.14.186-g1003dc13e-dirty","clang","21.1.8 ","-O3 -march=armv8-a","mlkem-native","v1.2.0 (0ba906cb14b1c241476134d7403a811b382ca498)","ML-KEM-1024","encapsulation",99,198154,3698688,True,""
"d337aa37-8cc6-408b-bf51-f03b9cd5dd12","23ad1ea7-f2e7-42aa-a95c-6be08e2ba1cd","2026-08-12T20:43:25Z","android_vivo_y19_termux","NATIVE_HARDWARE","aarch64","aarch64",8,3741,"Linux 4.14.186-g1003dc13e-dirty","clang","21.1.8 ","-O3 -march=armv8-a","mlkem-native","v1.2.0 (0ba906cb14b1c241476134d7403a811b382ca498)","ML-KEM-1024","decapsulation",99,225923,3698688,True,""
"d337aa37-8cc6-408b-bf51-f03b9cd5dd12","23ad1ea7-f2e7-42aa-a95c-6be08e2ba1cd","2026-08-12T20:43:25Z","android_vivo_y19_termux","NATIVE_HARDWARE","aarch64","aarch64",8,3741,"Linux 4.14.186-g1003dc13e-dirty","clang","21.1.8 ","-O3 -march=armv8-a","mlkem-native","v1.2.0 (0ba906cb14b1c241476134d7403a811b382ca498)","ML-KEM-1024","keygen",100,180385,3698688,True,""
"d337aa37-8cc6-408b-bf51-f03b9cd5dd12","23ad1ea7-f2e7-42aa-a95c-6be08e2ba1cd","2026-08-12T20:43:25Z","android_vivo_y19_termux","NATIVE_HARDWARE","aarch64","aarch64",8,3741,"Linux 4.14.186-g1003dc13e-dirty","clang","21.1.8 ","-O3 -march=armv8-a","mlkem-native","v1.2.0 (0ba906cb14b1c241476134d7403a811b382ca498)","ML-KEM-1024","encapsulation",100,196923,3698688,True,""
"d337aa37-8cc6-408b-bf51-f03b9cd5dd12","23ad1ea7-f2e7-42aa-a95c-6be08e2ba1cd","2026-08-12T20:43:25Z","android_vivo_y19_termux","NATIVE_HARDWARE","aarch64","aarch64",8,3741,"Linux 4.14.186-g1003dc13e-dirty","clang","21.1.8 ","-O3 -march=armv8-a","mlkem-native","v1.2.0 (0ba906cb14b1c241476134d7403a811b382ca498)","ML-KEM-1024","decapsulation",100,280615,3698688,True,""
