experiment_id,run_id,timestamp,environment,measurement_type,architecture,processor,cpu_cores,ram_mb,os,compiler,compiler_version,optimization_flags,implementation,implementation_version,mlkem_variant,operation,iteration,execution_time_ns,memory_bytes,success,error_message
"801a987c-3485-4e0f-ba63-36b7389fd96e","c83beb37-91e5-48d3-a2a7-589f561555e8","2026-08-12T20:42:58Z","android_vivo_y19_termux","NATIVE_HARDWARE","aarch64","aarch64",8,3741,"Linux 4.14.186-g1003dc13e-dirty","clang","21.1.8 ","-O3 -march=armv8-a","mlkem-native","v1.2.0 (0ba906cb14b1c241476134d7403a811b382ca498)","ML-KEM-512","keygen",1,83000,3620864,True,""
"801a987c-3485-4e0f-ba63-36b7389fd96e","c83beb37-91e5-48d3-a2a7-589f561555e8","2026-08-12T20:42:58Z","android_vivo_y19_termux","NATIVE_HARDWARE","aarch64","aarch64",8,3741,"Linux 4.14.186-g1003dc13e-dirty","clang","21.1.8 ","-O3 -march=armv8-a","mlkem-native","v1.2.0 (0ba906cb14b1c241476134d7403a811b382ca498)","ML-KEM-512","encapsulation",1,68538,3620864,True,""
"801a987c-3485-4e0f-ba63-36b7389fd96e","c83beb37-91e5-48d3-a2a7-589f561555e8","2026-08-12T20:42:58Z","android_vivo_y19_termux","NATIVE_HARDWARE","aarch64","aarch64",8,3741,"Linux 4.14.186-g1003dc13e-dirty","clang","21.1.8 ","-O3 -march=armv8-a","mlkem-native","v1.2.0 (0ba906cb14b1c241476134d7403a811b382ca498)","ML-KEM-512","decapsulation",1,66846,3620864,True,""
"801a987c-3485-4e0f-ba63-36b7389fd96e","c83beb37-91e5-48d3-a2a7-589f561555e8","2026-08-12T20:42:58Z","android_vivo_y19_termux","NATIVE_HARDWARE","aarch64","aarch64",8,3741,"Linux 4.14.186-g1003dc13e-dirty","clang","21.1.8 ","-O3 -march=armv8-a","mlkem-native","v1.2.0 (0ba906cb14b1c241476134d7403a811b382ca498)","ML-KEM-512","keygen",2,44308,3620864,True,""
"801a987c-3485-4e0f-ba63-36b7389fd96e","c83beb37-91e5-48d3-a2a7-589f561555e8","2026-08-12T20:42:58Z","android_vivo_y19_termux","NATIVE_HARDWARE","aarch64","aarch64",8,3741,"Linux 4.14.186-g1003dc13e-dirty","clang","21.1.8 ","-O3 -march=armv8-a","mlkem-native","v1.2.0 (0ba906cb14b1c241476134d7403a811b382ca498)","ML-KEM-512","encapsulation",2,49538,3620864,True,""
"801a987c-3485-4e0f-ba63-36b7389fd96e","c83beb37-91e5-48d3-a2a7-589f561555e8","2026-08-12T20:42:58Z","android_vivo_y19_termux","NATIVE_HARDWARE","aarch64","aarch64",8,3741,"Linux 4.14.186-g1003dc13e-dirty","clang","21.1.8 ","-O3 -march=armv8-a","mlkem-native","v1.2.0 (0ba906cb14b1c241476134d7403a811b382ca498)","ML-KEM-512","decapsulation",2,57539,3620864,True,""
"801a987c-3485-4e0f-ba63-36b7389fd96e","c83beb37-91e5-48d3-a2a7-589f561555e8","2026-08-12T20:42:58Z","android_vivo_y19_termux","NATIVE_HARDWARE","aarch64","aarch64",8,3741,"Linux 4.14.186-g1003dc13e-dirty","clang","21.1.8 ","-O3 -march=armv8-a","mlkem-native","v1.2.0 (0ba906cb14b1c241476134d7403a811b382ca498)","ML-KEM-512","keygen",3,42769,3620864,True,""
"801a987c-3485-4e0f-ba63-36b7389fd96e","c83beb37-91e5-48d3-a2a7-589f561555e8","2026-08-12T20:42:58Z","android_vivo_y19_termux","NATIVE_HARDWARE","aarch64","aarch64",8,3741,"Linux 4.14.186-g1003dc13e-dirty","clang","21.1.8 ","-O3 -march=armv8-a","mlkem-native","v1.2.0 (0ba906cb14b1c241476134d7403a811b382ca498)","ML-KEM-512","encapsulation",3,49000,3620864,True,""
"801a987c-3485-4e0f-ba63-36b7389fd96e","c83beb37-91e5-48d3-a2a7-589f561555e8","2026-08-12T20:42:58Z","android_vivo_y19_termux","NATIVE_HARDWARE","aarch64","aarch64",8,3741,"Linux 4.14.186-g1003dc13e-dirty","clang","21.1.8 ","-O3 -march=armv8-a","mlkem-native","v1.2.0 (0ba906cb14b1c241476134d7403a811b382ca498)","ML-KEM-512","decapsulation",3,56539,3620864,True,""
"801a987c-3485-4e0f-ba63-36b7389fd96e","c83beb37-91e5-48d3-a2a7-589f561555e8","2026-08-12T20:42:58Z","android_vivo_y19_termux","NATIVE_HARDWARE","aarch64","aarch64",8,3741,"Linux 4.14.186-g1003dc13e-dirty","clang","21.1.8 ","-O3 -march=armv8-a","mlkem-native","v1.2.0 (0ba906cb14b1c241476134d7403a811b382ca498)","ML-KEM-512","keygen",4,43154,3620864,True,""
"801a987c-3485-4e0f-ba63-36b7389fd96e","c83beb37-91e5-48d3-a2a7-589f561555e8","2026-08-12T20:42:58Z","android_vivo_y19_termux","NATIVE_HARDWARE","aarch64","aarch64",8,3741,"Linux 4.14.186-g1003dc13e-dirty","clang","21.1.8 ","-O3 -march=armv8-a","mlkem-native","v1.2.0 (0ba906cb14b1c241476134d7403a811b382ca498)","ML-KEM-512","encapsulation",4,48000,3620864,True,""
"801a987c-3485-4e0f-ba63-36b7389fd96e","c83beb37-91e5-48d3-a2a7-589f561555e8","2026-08-12T20:42:58Z","android_vivo_y19_termux","NATIVE_HARDWARE","aarch64","aarch64",8,3741,"Linux 4.14.186-g1003dc13e-dirty","clang","21.1.8 ","-O3 -march=armv8-a","mlkem-native","v1.2.0 (0ba906cb14b1c241476134d7403a811b382ca498)","ML-KEM-512","decapsulation",4,58769,3620864,True,""
"801a987c-3485-4e0f-ba63-36b7389fd96e","c83beb37-91e5-48d3-a2a7-589f561555e8","2026-08-12T20:42:58Z","android_vivo_y19_termux","NATIVE_HARDWARE","aarch64","aarch64",8,3741,"Linux 4.14.186-g1003dc13e-dirty","clang","21.1.8 ","-O3 -march=armv8-a","mlkem-native","v1.2.0 (0ba906cb14b1c241476134d7403a811b382ca498)","ML-KEM-512","keygen",5,44077,3620864,True,""
"801a987c-3485-4e0f-ba63-36b7389fd96e","c83beb37-91e5-48d3-a2a7-589f561555e8","2026-08-12T20:42:58Z","android_vivo_y19_termux","NATIVE_HARDWARE","aarch64","aarch64",8,3741,"Linux 4.14.186-g1003dc13e-dirty","clang","21.1.8 ","-O3 -march=armv8-a","mlkem-native","v1.2.0 (0ba906cb14b1c241476134d7403a811b382ca498)","ML-KEM-512","encapsulation",5,48846,3620864,True,""
"801a987c-3485-4e0f-ba63-36b7389fd96e","c83beb37-91e5-48d3-a2a7-589f561555e8","2026-08-12T20:42:58Z","android_vivo_y19_termux","NATIVE_HARDWARE","aarch64","aarch64",8,3741,"Linux 4.14.186-g1003dc13e-dirty","clang","21.1.8 ","-O3 -march=armv8-a","mlkem-native","v1.2.0 (0ba906cb14b1c241476134d7403a811b382ca498)","ML-KEM-512","decapsulation",5,56308,3620864,True,""
"801a987c-3485-4e0f-ba63-36b7389fd96e","c83beb37-91e5-48d3-a2a7-589f561555e8","2026-08-12T20:42:58Z","android_vivo_y19_termux","NATIVE_HARDWARE","aarch64","aarch64",8,3741,"Linux 4.14.186-g1003dc13e-dirty","clang","21.1.8 ","-O3 -march=armv8-a","mlkem-native","v1.2.0 (0ba906cb14b1c241476134d7403a811b382ca498)","ML-KEM-512","keygen",6,42769,3620864,True,""
"801a987c-3485-4e0f-ba63-36b7389fd96e","c83beb37-91e5-48d3-a2a7-589f561555e8","2026-08-12T20:42:58Z","android_vivo_y19_termux","NATIVE_HARDWARE","aarch64","aarch64",8,3741,"Linux 4.14.186-g1003dc13e-dirty","clang","21.1.8 ","-O3 -march=armv8-a","mlkem-native","v1.2.0 (0ba906cb14b1c241476134d7403a811b382ca498)","ML-KEM-512","encapsulation",6,65539,3620864,True,""
"801a987c-3485-4e0f-ba63-36b7389fd96e","c83beb37-91e5-48d3-a2a7-589f561555e8","2026-08-12T20:42:58Z","android_vivo_y19_termux","NATIVE_HARDWARE","aarch64","aarch64",8,3741,"Linux 4.14.186-g1003dc13e-dirty","clang","21.1.8 ","-O3 -march=armv8-a","mlkem-native","v1.2.0 (0ba906cb14b1c241476134d7403a811b382ca498)","ML-KEM-512","decapsulation",6,57308,3620864,True,""
"801a987c-3485-4e0f-ba63-36b7389fd96e","c83beb37-91e5-48d3-a2a7-589f561555e8","2026-08-12T20:42:58Z","android_vivo_y19_termux","NATIVE_HARDWARE","aarch64","aarch64",8,3741,"Linux 4.14.186-g1003dc13e-dirty","clang","21.1.8 ","-O3 -march=armv8-a","mlkem-native","v1.2.0 (0ba906cb14b1c241476134d7403a811b382ca498)","ML-KEM-512","keygen",7,43615,3620864,True,""
"801a987c-3485-4e0f-ba63-36b7389fd96e","c83beb37-91e5-48d3-a2a7-589f561555e8","2026-08-12T20:42:58Z","android_vivo_y19_termux","NATIVE_HARDWARE","aarch64","aarch64",8,3741,"Linux 4.14.186-g1003dc13e-dirty","clang","21.1.8 ","-O3 -march=armv8-a","mlkem-native","v1.2.0 (0ba906cb14b1c241476134d7403a811b382ca498)","ML-KEM-512","encapsulation",7,48846,3620864,True,""
"801a987c-3485-4e0f-ba63-36b7389fd96e","c83beb37-91e5-48d3-a2a7-589f561555e8","2026-08-12T20:42:58Z","android_vivo_y19_termux","NATIVE_HARDWARE","aarch64","aarch64",8,3741,"Linux 4.14.186-g1003dc13e-dirty","clang","21.1.8 ","-O3 -march=armv8-a","mlkem-native","v1.2.0 (0ba906cb14b1c241476134d7403a811b382ca498)","ML-KEM-512","decapsulation",7,56308,3620864,True,""
"801a987c-3485-4e0f-ba63-36b7389fd96e","c83beb37-91e5-48d3-a2a7-589f561555e8","2026-08-12T20:42:58Z","android_vivo_y19_termux","NATIVE_HARDWARE","aarch64","aarch64",8,3741,"Linux 4.14.186-g1003dc13e-dirty","clang","21.1.8 ","-O3 -march=armv8-a","mlkem-native","v1.2.0 (0ba906cb14b1c241476134d7403a811b382ca498)","ML-KEM-512","keygen",8,43154,3620864,True,""
"801a987c-3485-4e0f-ba63-36b7389fd96e","c83beb37-91e5-48d3-a2a7-589f561555e8","2026-08-12T20:42:58Z","android_vivo_y19_termux","NATIVE_HARDWARE","aarch64","aarch64",8,3741,"Linux 4.14.186-g1003dc13e-dirty","clang","21.1.8 ","-O3 -march=armv8-a","mlkem-native","v1.2.0 (0ba906cb14b1c241476134d7403a811b382ca498)","ML-KEM-512","encapsulation",8,48615,3620864,True,""
"801a987c-3485-4e0f-ba63-36b7389fd96e","c83beb37-91e5-48d3-a2a7-589f561555e8","2026-08-12T20:42:58Z","android_vivo_y19_termux","NATIVE_HARDWARE","aarch64","aarch64",8,3741,"Linux 4.14.186-g1003dc13e-dirty","clang","21.1.8 ","-O3 -march=armv8-a","mlkem-native","v1.2.0 (0ba906cb14b1c241476134d7403a811b382ca498)","ML-KEM-512","decapsulation",8,56923,3620864,True,""
"801a987c-3485-4e0f-ba63-36b7389fd96e","c83beb37-91e5-48d3-a2a7-589f561555e8","2026-08-12T20:42:58Z","android_vivo_y19_termux","NATIVE_HARDWARE","aarch64","aarch64",8,3741,"Linux 4.14.186-g1003dc13e-dirty","clang","21.1.8 ","-O3 -march=armv8-a","mlkem-native","v1.2.0 (0ba906cb14b1c241476134d7403a811b382ca498)","ML-KEM-512","keygen",9,43923,3620864,True,""
"801a987c-3485-4e0f-ba63-36b7389fd96e","c83beb37-91e5-48d3-a2a7-589f561555e8","2026-08-12T20:42:58Z","android_vivo_y19_termux","NATIVE_HARDWARE","aarch64","aarch64",8,3741,"Linux 4.14.186-g1003dc13e-dirty","clang","21.1.8 ","-O3 -march=armv8-a","mlkem-native","v1.2.0 (0ba906cb14b1c241476134d7403a811b382ca498)","ML-KEM-512","encapsulation",9,48308,3620864,True,""
"801a987c-3485-4e0f-ba63-36b7389fd96e","c83beb37-91e5-48d3-a2a7-589f561555e8","2026-08-12T20:42:58Z","android_vivo_y19_termux","NATIVE_HARDWARE","aarch64","aarch64",8,3741,"Linux 4.14.186-g1003dc13e-dirty","clang","21.1.8 ","-O3 -march=armv8-a","mlkem-native","v1.2.0 (0ba906cb14b1c241476134d7403a811b382ca498)","ML-KEM-512","decapsulation",9,56385,3620864,True,""
"801a987c-3485-4e0f-ba63-36b7389fd96e","c83beb37-91e5-48d3-a2a7-589f561555e8","2026-08-12T20:42:58Z","android_vivo_y19_termux","NATIVE_HARDWARE","aarch64","aarch64",8,3741,"Linux 4.14.186-g1003dc13e-dirty","clang","21.1.8 ","-O3 -march=armv8-a","mlkem-native","v1.2.0 (0ba906cb14b1c241476134d7403a811b382ca498)","ML-KEM-512","keygen",10,47308,3620864,True,""
"801a987c-3485-4e0f-ba63-36b7389fd96e","c83beb37-91e5-48d3-a2a7-589f561555e8","2026-08-12T20:42:58Z","android_vivo_y19_termux","NATIVE_HARDWARE","aarch64","aarch64",8,3741,"Linux 4.14.186-g1003dc13e-dirty","clang","21.1.8 ","-O3 -march=armv8-a","mlkem-native","v1.2.0 (0ba906cb14b1c241476134d7403a811b382ca498)","ML-KEM-512","encapsulation",10,48307,3620864,True,""
"801a987c-3485-4e0f-ba63-36b7389fd96e","c83beb37-91e5-48d3-a2a7-589f561555e8","2026-08-12T20:42:58Z","android_vivo_y19_termux","NATIVE_HARDWARE","aarch64","aarch64",8,3741,"Linux 4.14.186-g1003dc13e-dirty","clang","21.1.8 ","-O3 -march=armv8-a","mlkem-native","v1.2.0 (0ba906cb14b1c241476134d7403a811b382ca498)","ML-KEM-512","decapsulation",10,56615,3620864,True,""
"801a987c-3485-4e0f-ba63-36b7389fd96e","c83beb37-91e5-48d3-a2a7-589f561555e8","2026-08-12T20:42:58Z","android_vivo_y19_termux","NATIVE_HARDWARE","aarch64","aarch64",8,3741,"Linux 4.14.186-g1003dc13e-dirty","clang","21.1.8 ","-O3 -march=armv8-a","mlkem-native","v1.2.0 (0ba906cb14b1c241476134d7403a811b382ca498)","ML-KEM-512","keygen",11,42693,3620864,True,""
"801a987c-3485-4e0f-ba63-36b7389fd96e","c83beb37-91e5-48d3-a2a7-589f561555e8","2026-08-12T20:42:58Z","android_vivo_y19_termux","NATIVE_HARDWARE","aarch64","aarch64",8,3741,"Linux 4.14.186-g1003dc13e-dirty","clang","21.1.8 ","-O3 -march=armv8-a","mlkem-native","v1.2.0 (0ba906cb14b1c241476134d7403a811b382ca498)","ML-KEM-512","encapsulation",11,50462,3620864,True,""
"801a987c-3485-4e0f-ba63-36b7389fd96e","c83beb37-91e5-48d3-a2a7-589f561555e8","2026-08-12T20:42:58Z","android_vivo_y19_termux","NATIVE_HARDWARE","aarch64","aarch64",8,3741,"Linux 4.14.186-g1003dc13e-dirty","clang","21.1.8 ","-O3 -march=armv8-a","mlkem-native","v1.2.0 (0ba906cb14b1c241476134d7403a811b382ca498)","ML-KEM-512","decapsulation",11,57231,3620864,True,""
"801a987c-3485-4e0f-ba63-36b7389fd96e","c83beb37-91e5-48d3-a2a7-589f561555e8","2026-08-12T20:42:58Z","android_vivo_y19_termux","NATIVE_HARDWARE","aarch64","aarch64",8,3741,"Linux 4.14.186-g1003dc13e-dirty","clang","21.1.8 ","-O3 -march=armv8-a","mlkem-native","v1.2.0 (0ba906cb14b1c241476134d7403a811b382ca498)","ML-KEM-512","keygen",12,41462,3620864,True,""
"801a987c-3485-4e0f-ba63-36b7389fd96e","c83beb37-91e5-48d3-a2a7-589f561555e8","2026-08-12T20:42:58Z","android_vivo_y19_termux","NATIVE_HARDWARE","aarch64","aarch64",8,3741,"Linux 4.14.186-g1003dc13e-dirty","clang","21.1.8 ","-O3 -march=armv8-a","mlkem-native","v1.2.0 (0ba906cb14b1c241476134d7403a811b382ca498)","ML-KEM-512","encapsulation",12,46462,3620864,True,""
"801a987c-3485-4e0f-ba63-36b7389fd96e","c83beb37-91e5-48d3-a2a7-589f561555e8","2026-08-12T20:42:58Z","android_vivo_y19_termux","NATIVE_HARDWARE","aarch64","aarch64",8,3741,"Linux 4.14.186-g1003dc13e-dirty","clang","21.1.8 ","-O3 -march=armv8-a","mlkem-native","v1.2.0 (0ba906cb14b1c241476134d7403a811b382ca498)","ML-KEM-512","decapsulation",12,80846,3620864,True,""
"801a987c-3485-4e0f-ba63-36b7389fd96e","c83beb37-91e5-48d3-a2a7-589f561555e8","2026-08-12T20:42:58Z","android_vivo_y19_termux","NATIVE_HARDWARE","aarch64","aarch64",8,3741,"Linux 4.14.186-g1003dc13e-dirty","clang","21.1.8 ","-O3 -march=armv8-a","mlkem-native","v1.2.0 (0ba906cb14b1c241476134d7403a811b382ca498)","ML-KEM-512","keygen",13,41000,3620864,True,""
"801a987c-3485-4e0f-ba63-36b7389fd96e","c83beb37-91e5-48d3-a2a7-589f561555e8","2026-08-12T20:42:58Z","android_vivo_y19_termux","NATIVE_HARDWARE","aarch64","aarch64",8,3741,"Linux 4.14.186-g1003dc13e-dirty","clang","21.1.8 ","-O3 -march=armv8-a","mlkem-native","v1.2.0 (0ba906cb14b1c241476134d7403a811b382ca498)","ML-KEM-512","encapsulation",13,51308,3620864,True,""
"801a987c-3485-4e0f-ba63-36b7389fd96e","c83beb37-91e5-48d3-a2a7-589f561555e8","2026-08-12T20:42:58Z","android_vivo_y19_termux","NATIVE_HARDWARE","aarch64","aarch64",8,3741,"Linux 4.14.186-g1003dc13e-dirty","clang","21.1.8 ","-O3 -march=armv8-a","mlkem-native","v1.2.0 (0ba906cb14b1c241476134d7403a811b382ca498)","ML-KEM-512","decapsulation",13,53615,3620864,True,""
"801a987c-3485-4e0f-ba63-36b7389fd96e","c83beb37-91e5-48d3-a2a7-589f561555e8","2026-08-12T20:42:58Z","android_vivo_y19_termux","NATIVE_HARDWARE","aarch64","aarch64",8,3741,"Linux 4.14.186-g1003dc13e-dirty","clang","21.1.8 ","-O3 -march=armv8-a","mlkem-native","v1.2.0 (0ba906cb14b1c241476134d7403a811b382ca498)","ML-KEM-512","keygen",14,40923,3620864,True,""
"801a987c-3485-4e0f-ba63-36b7389fd96e","c83beb37-91e5-48d3-a2a7-589f561555e8","2026-08-12T20:42:58Z","android_vivo_y19_termux","NATIVE_HARDWARE","aarch64","aarch64",8,3741,"Linux 4.14.186-g1003dc13e-dirty","clang","21.1.8 ","-O3 -march=armv8-a","mlkem-native","v1.2.0 (0ba906cb14b1c241476134d7403a811b382ca498)","ML-KEM-512","encapsulation",14,45231,3620864,True,""
"801a987c-3485-4e0f-ba63-36b7389fd96e","c83beb37-91e5-48d3-a2a7-589f561555e8","2026-08-12T20:42:58Z","android_vivo_y19_termux","NATIVE_HARDWARE","aarch64","aarch64",8,3741,"Linux 4.14.186-g1003dc13e-dirty","clang","21.1.8 ","-O3 -march=armv8-a","mlkem-native","v1.2.0 (0ba906cb14b1c241476134d7403a811b382ca498)","ML-KEM-512","decapsulation",14,53154,3620864,True,""
"801a987c-3485-4e0f-ba63-36b7389fd96e","c83beb37-91e5-48d3-a2a7-589f561555e8","2026-08-12T20:42:58Z","android_vivo_y19_termux","NATIVE_HARDWARE","aarch64","aarch64",8,3741,"Linux 4.14.186-g1003dc13e-dirty","clang","21.1.8 ","-O3 -march=armv8-a","mlkem-native","v1.2.0 (0ba906cb14b1c241476134d7403a811b382ca498)","ML-KEM-512","keygen",15,40308,3620864,True,""
"801a987c-3485-4e0f-ba63-36b7389fd96e","c83beb37-91e5-48d3-a2a7-589f561555e8","2026-08-12T20:42:58Z","android_vivo_y19_termux","NATIVE_HARDWARE","aarch64","aarch64",8,3741,"Linux 4.14.186-g1003dc13e-dirty","clang","21.1.8 ","-O3 -march=armv8-a","mlkem-native","v1.2.0 (0ba906cb14b1c241476134d7403a811b382ca498)","ML-KEM-512","encapsulation",15,45307,3620864,True,""
"801a987c-3485-4e0f-ba63-36b7389fd96e","c83beb37-91e5-48d3-a2a7-589f561555e8","2026-08-12T20:42:58Z","android_vivo_y19_termux","NATIVE_HARDWARE","aarch64","aarch64",8,3741,"Linux 4.14.186-g1003dc13e-dirty","clang","21.1.8 ","-O3 -march=armv8-a","mlkem-native","v1.2.0 (0ba906cb14b1c241476134d7403a811b382ca498)","ML-KEM-512","decapsulation",15,53307,3620864,True,""
"801a987c-3485-4e0f-ba63-36b7389fd96e","c83beb37-91e5-48d3-a2a7-589f561555e8","2026-08-12T20:42:58Z","android_vivo_y19_termux","NATIVE_HARDWARE","aarch64","aarch64",8,3741,"Linux 4.14.186-g1003dc13e-dirty","clang","21.1.8 ","-O3 -march=armv8-a","mlkem-native","v1.2.0 (0ba906cb14b1c241476134d7403a811b382ca498)","ML-KEM-512","keygen",16,41308,3620864,True,""
"801a987c-3485-4e0f-ba63-36b7389fd96e","c83beb37-91e5-48d3-a2a7-589f561555e8","2026-08-12T20:42:58Z","android_vivo_y19_termux","NATIVE_HARDWARE","aarch64","aarch64",8,3741,"Linux 4.14.186-g1003dc13e-dirty","clang","21.1.8 ","-O3 -march=armv8-a","mlkem-native","v1.2.0 (0ba906cb14b1c241476134d7403a811b382ca498)","ML-KEM-512","encapsulation",16,46461,3620864,True,""
"801a987c-3485-4e0f-ba63-36b7389fd96e","c83beb37-91e5-48d3-a2a7-589f561555e8","2026-08-12T20:42:58Z","android_vivo_y19_termux","NATIVE_HARDWARE","aarch64","aarch64",8,3741,"Linux 4.14.186-g1003dc13e-dirty","clang","21.1.8 ","-O3 -march=armv8-a","mlkem-native","v1.2.0 (0ba906cb14b1c241476134d7403a811b382ca498)","ML-KEM-512","decapsulation",16,54692,3620864,True,""
"801a987c-3485-4e0f-ba63-36b7389fd96e","c83beb37-91e5-48d3-a2a7-589f561555e8","2026-08-12T20:42:58Z","android_vivo_y19_termux","NATIVE_HARDWARE","aarch64","aarch64",8,3741,"Linux 4.14.186-g1003dc13e-dirty","clang","21.1.8 ","-O3 -march=armv8-a","mlkem-native","v1.2.0 (0ba906cb14b1c241476134d7403a811b382ca498)","ML-KEM-512","keygen",17,40692,3620864,True,""
"801a987c-3485-4e0f-ba63-36b7389fd96e","c83beb37-91e5-48d3-a2a7-589f561555e8","2026-08-12T20:42:58Z","android_vivo_y19_termux","NATIVE_HARDWARE","aarch64","aarch64",8,3741,"Linux 4.14.186-g1003dc13e-dirty","clang","21.1.8 ","-O3 -march=armv8-a","mlkem-native","v1.2.0 (0ba906cb14b1c241476134d7403a811b382ca498)","ML-KEM-512","encapsulation",17,46077,3620864,True,""
"801a987c-3485-4e0f-ba63-36b7389fd96e","c83beb37-91e5-48d3-a2a7-589f561555e8","2026-08-12T20:42:58Z","android_vivo_y19_termux","NATIVE_HARDWARE","aarch64","aarch64",8,3741,"Linux 4.14.186-g1003dc13e-dirty","clang","21.1.8 ","-O3 -march=armv8-a","mlkem-native","v1.2.0 (0ba906cb14b1c241476134d7403a811b382ca498)","ML-KEM-512","decapsulation",17,53616,3620864,True,""
"801a987c-3485-4e0f-ba63-36b7389fd96e","c83beb37-91e5-48d3-a2a7-589f561555e8","2026-08-12T20:42:58Z","android_vivo_y19_termux","NATIVE_HARDWARE","aarch64","aarch64",8,3741,"Linux 4.14.186-g1003dc13e-dirty","clang","21.1.8 ","-O3 -march=armv8-a","mlkem-native","v1.2.0 (0ba906cb14b1c241476134d7403a811b382ca498)","ML-KEM-512","keygen",18,40615,3620864,True,""
"801a987c-3485-4e0f-ba63-36b7389fd96e","c83beb37-91e5-48d3-a2a7-589f561555e8","2026-08-12T20:42:58Z","android_vivo_y19_termux","NATIVE_HARDWARE","aarch64","aarch64",8,3741,"Linux 4.14.186-g1003dc13e-dirty","clang","21.1.8 ","-O3 -march=armv8-a","mlkem-native","v1.2.0 (0ba906cb14b1c241476134d7403a811b382ca498)","ML-KEM-512","encapsulation",18,45769,3620864,True,""
"801a987c-3485-4e0f-ba63-36b7389fd96e","c83beb37-91e5-48d3-a2a7-589f561555e8","2026-08-12T20:42:58Z","android_vivo_y19_termux","NATIVE_HARDWARE","aarch64","aarch64",8,3741,"Linux 4.14.186-g1003dc13e-dirty","clang","21.1.8 ","-O3 -march=armv8-a","mlkem-native","v1.2.0 (0ba906cb14b1c241476134d7403a811b382ca498)","ML-KEM-512","decapsulation",18,53231,3620864,True,""
"801a987c-3485-4e0f-ba63-36b7389fd96e","c83beb37-91e5-48d3-a2a7-589f561555e8","2026-08-12T20:42:58Z","android_vivo_y19_termux","NATIVE_HARDWARE","aarch64","aarch64",8,3741,"Linux 4.14.186-g1003dc13e-dirty","clang","21.1.8 ","-O3 -march=armv8-a","mlkem-native","v1.2.0 (0ba906cb14b1c241476134d7403a811b382ca498)","ML-KEM-512","keygen",19,40615,3620864,True,""
"801a987c-3485-4e0f-ba63-36b7389fd96e","c83beb37-91e5-48d3-a2a7-589f561555e8","2026-08-12T20:42:58Z","android_vivo_y19_termux","NATIVE_HARDWARE","aarch64","aarch64",8,3741,"Linux 4.14.186-g1003dc13e-dirty","clang","21.1.8 ","-O3 -march=armv8-a","mlkem-native","v1.2.0 (0ba906cb14b1c241476134d7403a811b382ca498)","ML-KEM-512","encapsulation",19,45923,3620864,True,""
"801a987c-3485-4e0f-ba63-36b7389fd96e","c83beb37-91e5-48d3-a2a7-589f561555e8","2026-08-12T20:42:58Z","android_vivo_y19_termux","NATIVE_HARDWARE","aarch64","aarch64",8,3741,"Linux 4.14.186-g1003dc13e-dirty","clang","21.1.8 ","-O3 -march=armv8-a","mlkem-native","v1.2.0 (0ba906cb14b1c241476134d7403a811b382ca498)","ML-KEM-512","decapsulation",19,53923,3620864,True,""
"801a987c-3485-4e0f-ba63-36b7389fd96e","c83beb37-91e5-48d3-a2a7-589f561555e8","2026-08-12T20:42:58Z","android_vivo_y19_termux","NATIVE_HARDWARE","aarch64","aarch64",8,3741,"Linux 4.14.186-g1003dc13e-dirty","clang","21.1.8 ","-O3 -march=armv8-a","mlkem-native","v1.2.0 (0ba906cb14b1c241476134d7403a811b382ca498)","ML-KEM-512","keygen",20,41461,3620864,True,""
"801a987c-3485-4e0f-ba63-36b7389fd96e","c83beb37-91e5-48d3-a2a7-589f561555e8","2026-08-12T20:42:58Z","android_vivo_y19_termux","NATIVE_HARDWARE","aarch64","aarch64",8,3741,"Linux 4.14.186-g1003dc13e-dirty","clang","21.1.8 ","-O3 -march=armv8-a","mlkem-native","v1.2.0 (0ba906cb14b1c241476134d7403a811b382ca498)","ML-KEM-512","encapsulation",20,45539,3620864,True,""
"801a987c-3485-4e0f-ba63-36b7389fd96e","c83beb37-91e5-48d3-a2a7-589f561555e8","2026-08-12T20:42:58Z","android_vivo_y19_termux","NATIVE_HARDWARE","aarch64","aarch64",8,3741,"Linux 4.14.186-g1003dc13e-dirty","clang","21.1.8 ","-O3 -march=armv8-a","mlkem-native","v1.2.0 (0ba906cb14b1c241476134d7403a811b382ca498)","ML-KEM-512","decapsulation",20,53231,3620864,True,""
"801a987c-3485-4e0f-ba63-36b7389fd96e","c83beb37-91e5-48d3-a2a7-589f561555e8","2026-08-12T20:42:58Z","android_vivo_y19_termux","NATIVE_HARDWARE","aarch64","aarch64",8,3741,"Linux 4.14.186-g1003dc13e-dirty","clang","21.1.8 ","-O3 -march=armv8-a","mlkem-native","v1.2.0 (0ba906cb14b1c241476134d7403a811b382ca498)","ML-KEM-512","keygen",21,40616,3620864,True,""
"801a987c-3485-4e0f-ba63-36b7389fd96e","c83beb37-91e5-48d3-a2a7-589f561555e8","2026-08-12T20:42:58Z","android_vivo_y19_termux","NATIVE_HARDWARE","aarch64","aarch64",8,3741,"Linux 4.14.186-g1003dc13e-dirty","clang","21.1.8 ","-O3 -march=armv8-a","mlkem-native","v1.2.0 (0ba906cb14b1c241476134d7403a811b382ca498)","ML-KEM-512","encapsulation",21,45615,3620864,True,""
"801a987c-3485-4e0f-ba63-36b7389fd96e","c83beb37-91e5-48d3-a2a7-589f561555e8","2026-08-12T20:42:58Z","android_vivo_y19_termux","NATIVE_HARDWARE","aarch64","aarch64",8,3741,"Linux 4.14.186-g1003dc13e-dirty","clang","21.1.8 ","-O3 -march=armv8-a","mlkem-native","v1.2.0 (0ba906cb14b1c241476134d7403a811b382ca498)","ML-KEM-512","decapsulation",21,53461,3620864,True,""
"801a987c-3485-4e0f-ba63-36b7389fd96e","c83beb37-91e5-48d3-a2a7-589f561555e8","2026-08-12T20:42:58Z","android_vivo_y19_termux","NATIVE_HARDWARE","aarch64","aarch64",8,3741,"Linux 4.14.186-g1003dc13e-dirty","clang","21.1.8 ","-O3 -march=armv8-a","mlkem-native","v1.2.0 (0ba906cb14b1c241476134d7403a811b382ca498)","ML-KEM-512","keygen",22,40923,3620864,True,""
"801a987c-3485-4e0f-ba63-36b7389fd96e","c83beb37-91e5-48d3-a2a7-589f561555e8","2026-08-12T20:42:58Z","android_vivo_y19_termux","NATIVE_HARDWARE","aarch64","aarch64",8,3741,"Linux 4.14.186-g1003dc13e-dirty","clang","21.1.8 ","-O3 -march=armv8-a","mlkem-native","v1.2.0 (0ba906cb14b1c241476134d7403a811b382ca498)","ML-KEM-512","encapsulation",22,45615,3620864,True,""
"801a987c-3485-4e0f-ba63-36b7389fd96e","c83beb37-91e5-48d3-a2a7-589f561555e8","2026-08-12T20:42:58Z","android_vivo_y19_termux","NATIVE_HARDWARE","aarch64","aarch64",8,3741,"Linux 4.14.186-g1003dc13e-dirty","clang","21.1.8 ","-O3 -march=armv8-a","mlkem-native","v1.2.0 (0ba906cb14b1c241476134d7403a811b382ca498)","ML-KEM-512","decapsulation",22,53462,3620864,True,""
"801a987c-3485-4e0f-ba63-36b7389fd96e","c83beb37-91e5-48d3-a2a7-589f561555e8","2026-08-12T20:42:58Z","android_vivo_y19_termux","NATIVE_HARDWARE","aarch64","aarch64",8,3741,"Linux 4.14.186-g1003dc13e-dirty","clang","21.1.8 ","-O3 -march=armv8-a","mlkem-native","v1.2.0 (0ba906cb14b1c241476134d7403a811b382ca498)","ML-KEM-512","keygen",23,40923,3620864,True,""
"801a987c-3485-4e0f-ba63-36b7389fd96e","c83beb37-91e5-48d3-a2a7-589f561555e8","2026-08-12T20:42:58Z","android_vivo_y19_termux","NATIVE_HARDWARE","aarch64","aarch64",8,3741,"Linux 4.14.186-g1003dc13e-dirty","clang","21.1.8 ","-O3 -march=armv8-a","mlkem-native","v1.2.0 (0ba906cb14b1c241476134d7403a811b382ca498)","ML-KEM-512","encapsulation",23,46154,3620864,True,""
"801a987c-3485-4e0f-ba63-36b7389fd96e","c83beb37-91e5-48d3-a2a7-589f561555e8","2026-08-12T20:42:58Z","android_vivo_y19_termux","NATIVE_HARDWARE","aarch64","aarch64",8,3741,"Linux 4.14.186-g1003dc13e-dirty","clang","21.1.8 ","-O3 -march=armv8-a","mlkem-native","v1.2.0 (0ba906cb14b1c241476134d7403a811b382ca498)","ML-KEM-512","decapsulation",23,55923,3620864,True,""
"801a987c-3485-4e0f-ba63-36b7389fd96e","c83beb37-91e5-48d3-a2a7-589f561555e8","2026-08-12T20:42:58Z","android_vivo_y19_termux","NATIVE_HARDWARE","aarch64","aarch64",8,3741,"Linux 4.14.186-g1003dc13e-dirty","clang","21.1.8 ","-O3 -march=armv8-a","mlkem-native","v1.2.0 (0ba906cb14b1c241476134d7403a811b382ca498)","ML-KEM-512","keygen",24,41539,3620864,True,""
"801a987c-3485-4e0f-ba63-36b7389fd96e","c83beb37-91e5-48d3-a2a7-589f561555e8","2026-08-12T20:42:58Z","android_vivo_y19_termux","NATIVE_HARDWARE","aarch64","aarch64",8,3741,"Linux 4.14.186-g1003dc13e-dirty","clang","21.1.8 ","-O3 -march=armv8-a","mlkem-native","v1.2.0 (0ba906cb14b1c241476134d7403a811b382ca498)","ML-KEM-512","encapsulation",24,45769,3620864,True,""
"801a987c-3485-4e0f-ba63-36b7389fd96e","c83beb37-91e5-48d3-a2a7-589f561555e8","2026-08-12T20:42:58Z","android_vivo_y19_termux","NATIVE_HARDWARE","aarch64","aarch64",8,3741,"Linux 4.14.186-g1003dc13e-dirty","clang","21.1.8 ","-O3 -march=armv8-a","mlkem-native","v1.2.0 (0ba906cb14b1c241476134d7403a811b382ca498)","ML-KEM-512","decapsulation",24,53000,3620864,True,""
"801a987c-3485-4e0f-ba63-36b7389fd96e","c83beb37-91e5-48d3-a2a7-589f561555e8","2026-08-12T20:42:58Z","android_vivo_y19_termux","NATIVE_HARDWARE","aarch64","aarch64",8,3741,"Linux 4.14.186-g1003dc13e-dirty","clang","21.1.8 ","-O3 -march=armv8-a","mlkem-native","v1.2.0 (0ba906cb14b1c241476134d7403a811b382ca498)","ML-KEM-512","keygen",25,40923,3620864,True,""
"801a987c-3485-4e0f-ba63-36b7389fd96e","c83beb37-91e5-48d3-a2a7-589f561555e8","2026-08-12T20:42:58Z","android_vivo_y19_termux","NATIVE_HARDWARE","aarch64","aarch64",8,3741,"Linux 4.14.186-g1003dc13e-dirty","clang","21.1.8 ","-O3 -march=armv8-a","mlkem-native","v1.2.0 (0ba906cb14b1c241476134d7403a811b382ca498)","ML-KEM-512","encapsulation",25,44923,3620864,True,""
"801a987c-3485-4e0f-ba63-36b7389fd96e","c83beb37-91e5-48d3-a2a7-589f561555e8","2026-08-12T20:42:58Z","android_vivo_y19_termux","NATIVE_HARDWARE","aarch64","aarch64",8,3741,"Linux 4.14.186-g1003dc13e-dirty","clang","21.1.8 ","-O3 -march=armv8-a","mlkem-native","v1.2.0 (0ba906cb14b1c241476134d7403a811b382ca498)","ML-KEM-512","decapsulation",25,53231,3620864,True,""
"801a987c-3485-4e0f-ba63-36b7389fd96e","c83beb37-91e5-48d3-a2a7-589f561555e8","2026-08-12T20:42:58Z","android_vivo_y19_termux","NATIVE_HARDWARE","aarch64","aarch64",8,3741,"Linux 4.14.186-g1003dc13e-dirty","clang","21.1.8 ","-O3 -march=armv8-a","mlkem-native","v1.2.0 (0ba906cb14b1c241476134d7403a811b382ca498)","ML-KEM-512","keygen",26,40615,3620864,True,""
"801a987c-3485-4e0f-ba63-36b7389fd96e","c83beb37-91e5-48d3-a2a7-589f561555e8","2026-08-12T20:42:58Z","android_vivo_y19_termux","NATIVE_HARDWARE","aarch64","aarch64",8,3741,"Linux 4.14.186-g1003dc13e-dirty","clang","21.1.8 ","-O3 -march=armv8-a","mlkem-native","v1.2.0 (0ba906cb14b1c241476134d7403a811b382ca498)","ML-KEM-512","encapsulation",26,46077,3620864,True,""
"801a987c-3485-4e0f-ba63-36b7389fd96e","c83beb37-91e5-48d3-a2a7-589f561555e8","2026-08-12T20:42:58Z","android_vivo_y19_termux","NATIVE_HARDWARE","aarch64","aarch64",8,3741,"Linux 4.14.186-g1003dc13e-dirty","clang","21.1.8 ","-O3 -march=armv8-a","mlkem-native","v1.2.0 (0ba906cb14b1c241476134d7403a811b382ca498)","ML-KEM-512","decapsulation",26,53308,3620864,True,""
"801a987c-3485-4e0f-ba63-36b7389fd96e","c83beb37-91e5-48d3-a2a7-589f561555e8","2026-08-12T20:42:58Z","android_vivo_y19_termux","NATIVE_HARDWARE","aarch64","aarch64",8,3741,"Linux 4.14.186-g1003dc13e-dirty","clang","21.1.8 ","-O3 -march=armv8-a","mlkem-native","v1.2.0 (0ba906cb14b1c241476134d7403a811b382ca498)","ML-KEM-512","keygen",27,41230,3620864,True,""
"801a987c-3485-4e0f-ba63-36b7389fd96e","c83beb37-91e5-48d3-a2a7-589f561555e8","2026-08-12T20:42:58Z","android_vivo_y19_termux","NATIVE_HARDWARE","aarch64","aarch64",8,3741,"Linux 4.14.186-g1003dc13e-dirty","clang","21.1.8 ","-O3 -march=armv8-a","mlkem-native","v1.2.0 (0ba906cb14b1c241476134d7403a811b382ca498)","ML-KEM-512","encapsulation",27,46154,3620864,True,""
"801a987c-3485-4e0f-ba63-36b7389fd96e","c83beb37-91e5-48d3-a2a7-589f561555e8","2026-08-12T20:42:58Z","android_vivo_y19_termux","NATIVE_HARDWARE","aarch64","aarch64",8,3741,"Linux 4.14.186-g1003dc13e-dirty","clang","21.1.8 ","-O3 -march=armv8-a","mlkem-native","v1.2.0 (0ba906cb14b1c241476134d7403a811b382ca498)","ML-KEM-512","decapsulation",27,54077,3620864,True,""
"801a987c-3485-4e0f-ba63-36b7389fd96e","c83beb37-91e5-48d3-a2a7-589f561555e8","2026-08-12T20:42:58Z","android_vivo_y19_termux","NATIVE_HARDWARE","aarch64","aarch64",8,3741,"Linux 4.14.186-g1003dc13e-dirty","clang","21.1.8 ","-O3 -march=armv8-a","mlkem-native","v1.2.0 (0ba906cb14b1c241476134d7403a811b382ca498)","ML-KEM-512","keygen",28,40923,3620864,True,""
"801a987c-3485-4e0f-ba63-36b7389fd96e","c83beb37-91e5-48d3-a2a7-589f561555e8","2026-08-12T20:42:58Z","android_vivo_y19_termux","NATIVE_HARDWARE","aarch64","aarch64",8,3741,"Linux 4.14.186-g1003dc13e-dirty","clang","21.1.8 ","-O3 -march=armv8-a","mlkem-native","v1.2.0 (0ba906cb14b1c241476134d7403a811b382ca498)","ML-KEM-512","encapsulation",28,45923,3620864,True,""
"801a987c-3485-4e0f-ba63-36b7389fd96e","c83beb37-91e5-48d3-a2a7-589f561555e8","2026-08-12T20:42:58Z","android_vivo_y19_termux","NATIVE_HARDWARE","aarch64","aarch64",8,3741,"Linux 4.14.186-g1003dc13e-dirty","clang","21.1.8 ","-O3 -march=armv8-a","mlkem-native","v1.2.0 (0ba906cb14b1c241476134d7403a811b382ca498)","ML-KEM-512","decapsulation",28,53308,3620864,True,""
"801a987c-3485-4e0f-ba63-36b7389fd96e","c83beb37-91e5-48d3-a2a7-589f561555e8","2026-08-12T20:42:58Z","android_vivo_y19_termux","NATIVE_HARDWARE","aarch64","aarch64",8,3741,"Linux 4.14.186-g1003dc13e-dirty","clang","21.1.8 ","-O3 -march=armv8-a","mlkem-native","v1.2.0 (0ba906cb14b1c241476134d7403a811b382ca498)","ML-KEM-512","keygen",29,40692,3620864,True,""
"801a987c-3485-4e0f-ba63-36b7389fd96e","c83beb37-91e5-48d3-a2a7-589f561555e8","2026-08-12T20:42:58Z","android_vivo_y19_termux","NATIVE_HARDWARE","aarch64","aarch64",8,3741,"Linux 4.14.186-g1003dc13e-dirty","clang","21.1.8 ","-O3 -march=armv8-a","mlkem-native","v1.2.0 (0ba906cb14b1c241476134d7403a811b382ca498)","ML-KEM-512","encapsulation",29,45770,3620864,True,""
"801a987c-3485-4e0f-ba63-36b7389fd96e","c83beb37-91e5-48d3-a2a7-589f561555e8","2026-08-12T20:42:58Z","android_vivo_y19_termux","NATIVE_HARDWARE","aarch64","aarch64",8,3741,"Linux 4.14.186-g1003dc13e-dirty","clang","21.1.8 ","-O3 -march=armv8-a","mlkem-native","v1.2.0 (0ba906cb14b1c241476134d7403a811b382ca498)","ML-KEM-512","decapsulation",29,53307,3620864,True,""
"801a987c-3485-4e0f-ba63-36b7389fd96e","c83beb37-91e5-48d3-a2a7-589f561555e8","2026-08-12T20:42:58Z","android_vivo_y19_termux","NATIVE_HARDWARE","aarch64","aarch64",8,3741,"Linux 4.14.186-g1003dc13e-dirty","clang","21.1.8 ","-O3 -march=armv8-a","mlkem-native","v1.2.0 (0ba906cb14b1c241476134d7403a811b382ca498)","ML-KEM-512","keygen",30,40615,3620864,True,""
"801a987c-3485-4e0f-ba63-36b7389fd96e","c83beb37-91e5-48d3-a2a7-589f561555e8","2026-08-12T20:42:58Z","android_vivo_y19_termux","NATIVE_HARDWARE","aarch64","aarch64",8,3741,"Linux 4.14.186-g1003dc13e-dirty","clang","21.1.8 ","-O3 -march=armv8-a","mlkem-native","v1.2.0 (0ba906cb14b1c241476134d7403a811b382ca498)","ML-KEM-512","encapsulation",30,45846,3620864,True,""
"801a987c-3485-4e0f-ba63-36b7389fd96e","c83beb37-91e5-48d3-a2a7-589f561555e8","2026-08-12T20:42:58Z","android_vivo_y19_termux","NATIVE_HARDWARE","aarch64","aarch64",8,3741,"Linux 4.14.186-g1003dc13e-dirty","clang","21.1.8 ","-O3 -march=armv8-a","mlkem-native","v1.2.0 (0ba906cb14b1c241476134d7403a811b382ca498)","ML-KEM-512","decapsulation",30,53231,3620864,True,""
"801a987c-3485-4e0f-ba63-36b7389fd96e","c83beb37-91e5-48d3-a2a7-589f561555e8","2026-08-12T20:42:58Z","android_vivo_y19_termux","NATIVE_HARDWARE","aarch64","aarch64",8,3741,"Linux 4.14.186-g1003dc13e-dirty","clang","21.1.8 ","-O3 -march=armv8-a","mlkem-native","v1.2.0 (0ba906cb14b1c241476134d7403a811b382ca498)","ML-KEM-512","keygen",31,41230,3620864,True,""
"801a987c-3485-4e0f-ba63-36b7389fd96e","c83beb37-91e5-48d3-a2a7-589f561555e8","2026-08-12T20:42:58Z","android_vivo_y19_termux","NATIVE_HARDWARE","aarch64","aarch64",8,3741,"Linux 4.14.186-g1003dc13e-dirty","clang","21.1.8 ","-O3 -march=armv8-a","mlkem-native","v1.2.0 (0ba906cb14b1c241476134d7403a811b382ca498)","ML-KEM-512","encapsulation",31,46077,3620864,True,""
"801a987c-3485-4e0f-ba63-36b7389fd96e","c83beb37-91e5-48d3-a2a7-589f561555e8","2026-08-12T20:42:58Z","android_vivo_y19_termux","NATIVE_HARDWARE","aarch64","aarch64",8,3741,"Linux 4.14.186-g1003dc13e-dirty","clang","21.1.8 ","-O3 -march=armv8-a","mlkem-native","v1.2.0 (0ba906cb14b1c241476134d7403a811b382ca498)","ML-KEM-512","decapsulation",31,53538,3620864,True,""
"801a987c-3485-4e0f-ba63-36b7389fd96e","c83beb37-91e5-48d3-a2a7-589f561555e8","2026-08-12T20:42:58Z","android_vivo_y19_termux","NATIVE_HARDWARE","aarch64","aarch64",8,3741,"Linux 4.14.186-g1003dc13e-dirty","clang","21.1.8 ","-O3 -march=armv8-a","mlkem-native","v1.2.0 (0ba906cb14b1c241476134d7403a811b382ca498)","ML-KEM-512","keygen",32,41000,3620864,True,""
"801a987c-3485-4e0f-ba63-36b7389fd96e","c83beb37-91e5-48d3-a2a7-589f561555e8","2026-08-12T20:42:58Z","android_vivo_y19_termux","NATIVE_HARDWARE","aarch64","aarch64",8,3741,"Linux 4.14.186-g1003dc13e-dirty","clang","21.1.8 ","-O3 -march=armv8-a","mlkem-native","v1.2.0 (0ba906cb14b1c241476134d7403a811b382ca498)","ML-KEM-512","encapsulation",32,46461,3620864,True,""
"801a987c-3485-4e0f-ba63-36b7389fd96e","c83beb37-91e5-48d3-a2a7-589f561555e8","2026-08-12T20:42:58Z","android_vivo_y19_termux","NATIVE_HARDWARE","aarch64","aarch64",8,3741,"Linux 4.14.186-g1003dc13e-dirty","clang","21.1.8 ","-O3 -march=armv8-a","mlkem-native","v1.2.0 (0ba906cb14b1c241476134d7403a811b382ca498)","ML-KEM-512","decapsulation",32,53000,3620864,True,""
"801a987c-3485-4e0f-ba63-36b7389fd96e","c83beb37-91e5-48d3-a2a7-589f561555e8","2026-08-12T20:42:58Z","android_vivo_y19_termux","NATIVE_HARDWARE","aarch64","aarch64",8,3741,"Linux 4.14.186-g1003dc13e-dirty","clang","21.1.8 ","-O3 -march=armv8-a","mlkem-native","v1.2.0 (0ba906cb14b1c241476134d7403a811b382ca498)","ML-KEM-512","keygen",33,40616,3620864,True,""
"801a987c-3485-4e0f-ba63-36b7389fd96e","c83beb37-91e5-48d3-a2a7-589f561555e8","2026-08-12T20:42:58Z","android_vivo_y19_termux","NATIVE_HARDWARE","aarch64","aarch64",8,3741,"Linux 4.14.186-g1003dc13e-dirty","clang","21.1.8 ","-O3 -march=armv8-a","mlkem-native","v1.2.0 (0ba906cb14b1c241476134d7403a811b382ca498)","ML-KEM-512","encapsulation",33,45538,3620864,True,""
"801a987c-3485-4e0f-ba63-36b7389fd96e","c83beb37-91e5-48d3-a2a7-589f561555e8","2026-08-12T20:42:58Z","android_vivo_y19_termux","NATIVE_HARDWARE","aarch64","aarch64",8,3741,"Linux 4.14.186-g1003dc13e-dirty","clang","21.1.8 ","-O3 -march=armv8-a","mlkem-native","v1.2.0 (0ba906cb14b1c241476134d7403a811b382ca498)","ML-KEM-512","decapsulation",33,53231,3620864,True,""
"801a987c-3485-4e0f-ba63-36b7389fd96e","c83beb37-91e5-48d3-a2a7-589f561555e8","2026-08-12T20:42:58Z","android_vivo_y19_termux","NATIVE_HARDWARE","aarch64","aarch64",8,3741,"Linux 4.14.186-g1003dc13e-dirty","clang","21.1.8 ","-O3 -march=armv8-a","mlkem-native","v1.2.0 (0ba906cb14b1c241476134d7403a811b382ca498)","ML-KEM-512","keygen",34,40923,3620864,True,""
"801a987c-3485-4e0f-ba63-36b7389fd96e","c83beb37-91e5-48d3-a2a7-589f561555e8","2026-08-12T20:42:58Z","android_vivo_y19_termux","NATIVE_HARDWARE","aarch64","aarch64",8,3741,"Linux 4.14.186-g1003dc13e-dirty","clang","21.1.8 ","-O3 -march=armv8-a","mlkem-native","v1.2.0 (0ba906cb14b1c241476134d7403a811b382ca498)","ML-KEM-512","encapsulation",34,45846,3620864,True,""
"801a987c-3485-4e0f-ba63-36b7389fd96e","c83beb37-91e5-48d3-a2a7-589f561555e8","2026-08-12T20:42:58Z","android_vivo_y19_termux","NATIVE_HARDWARE","aarch64","aarch64",8,3741,"Linux 4.14.186-g1003dc13e-dirty","clang","21.1.8 ","-O3 -march=armv8-a","mlkem-native","v1.2.0 (0ba906cb14b1c241476134d7403a811b382ca498)","ML-KEM-512","decapsulation",34,54154,3620864,True,""
"801a987c-3485-4e0f-ba63-36b7389fd96e","c83beb37-91e5-48d3-a2a7-589f561555e8","2026-08-12T20:42:58Z","android_vivo_y19_termux","NATIVE_HARDWARE","aarch64","aarch64",8,3741,"Linux 4.14.186-g1003dc13e-dirty","clang","21.1.8 ","-O3 -march=armv8-a","mlkem-native","v1.2.0 (0ba906cb14b1c241476134d7403a811b382ca498)","ML-KEM-512","keygen",35,41461,3620864,True,""
"801a987c-3485-4e0f-ba63-36b7389fd96e","c83beb37-91e5-48d3-a2a7-589f561555e8","2026-08-12T20:42:58Z","android_vivo_y19_termux","NATIVE_HARDWARE","aarch64","aarch64",8,3741,"Linux 4.14.186-g1003dc13e-dirty","clang","21.1.8 ","-O3 -march=armv8-a","mlkem-native","v1.2.0 (0ba906cb14b1c241476134d7403a811b382ca498)","ML-KEM-512","encapsulation",35,46231,3620864,True,""
"801a987c-3485-4e0f-ba63-36b7389fd96e","c83beb37-91e5-48d3-a2a7-589f561555e8","2026-08-12T20:42:58Z","android_vivo_y19_termux","NATIVE_HARDWARE","aarch64","aarch64",8,3741,"Linux 4.14.186-g1003dc13e-dirty","clang","21.1.8 ","-O3 -march=armv8-a","mlkem-native","v1.2.0 (0ba906cb14b1c241476134d7403a811b382ca498)","ML-KEM-512","decapsulation",35,53538,3620864,True,""
"801a987c-3485-4e0f-ba63-36b7389fd96e","c83beb37-91e5-48d3-a2a7-589f561555e8","2026-08-12T20:42:58Z","android_vivo_y19_termux","NATIVE_HARDWARE","aarch64","aarch64",8,3741,"Linux 4.14.186-g1003dc13e-dirty","clang","21.1.8 ","-O3 -march=armv8-a","mlkem-native","v1.2.0 (0ba906cb14b1c241476134d7403a811b382ca498)","ML-KEM-512","keygen",36,40539,3620864,True,""
"801a987c-3485-4e0f-ba63-36b7389fd96e","c83beb37-91e5-48d3-a2a7-589f561555e8","2026-08-12T20:42:58Z","android_vivo_y19_termux","NATIVE_HARDWARE","aarch64","aarch64",8,3741,"Linux 4.14.186-g1003dc13e-dirty","clang","21.1.8 ","-O3 -march=armv8-a","mlkem-native","v1.2.0 (0ba906cb14b1c241476134d7403a811b382ca498)","ML-KEM-512","encapsulation",36,68846,3620864,True,""
"801a987c-3485-4e0f-ba63-36b7389fd96e","c83beb37-91e5-48d3-a2a7-589f561555e8","2026-08-12T20:42:58Z","android_vivo_y19_termux","NATIVE_HARDWARE","aarch64","aarch64",8,3741,"Linux 4.14.186-g1003dc13e-dirty","clang","21.1.8 ","-O3 -march=armv8-a","mlkem-native","v1.2.0 (0ba906cb14b1c241476134d7403a811b382ca498)","ML-KEM-512","decapsulation",36,54769,3620864,True,""
"801a987c-3485-4e0f-ba63-36b7389fd96e","c83beb37-91e5-48d3-a2a7-589f561555e8","2026-08-12T20:42:58Z","android_vivo_y19_termux","NATIVE_HARDWARE","aarch64","aarch64",8,3741,"Linux 4.14.186-g1003dc13e-dirty","clang","21.1.8 ","-O3 -march=armv8-a","mlkem-native","v1.2.0 (0ba906cb14b1c241476134d7403a811b382ca498)","ML-KEM-512","keygen",37,41308,3620864,True,""
"801a987c-3485-4e0f-ba63-36b7389fd96e","c83beb37-91e5-48d3-a2a7-589f561555e8","2026-08-12T20:42:58Z","android_vivo_y19_termux","NATIVE_HARDWARE","aarch64","aarch64",8,3741,"Linux 4.14.186-g1003dc13e-dirty","clang","21.1.8 ","-O3 -march=armv8-a","mlkem-native","v1.2.0 (0ba906cb14b1c241476134d7403a811b382ca498)","ML-KEM-512","encapsulation",37,46231,3620864,True,""
"801a987c-3485-4e0f-ba63-36b7389fd96e","c83beb37-91e5-48d3-a2a7-589f561555e8","2026-08-12T20:42:58Z","android_vivo_y19_termux","NATIVE_HARDWARE","aarch64","aarch64",8,3741,"Linux 4.14.186-g1003dc13e-dirty","clang","21.1.8 ","-O3 -march=armv8-a","mlkem-native","v1.2.0 (0ba906cb14b1c241476134d7403a811b382ca498)","ML-KEM-512","decapsulation",37,53615,3620864,True,""
"801a987c-3485-4e0f-ba63-36b7389fd96e","c83beb37-91e5-48d3-a2a7-589f561555e8","2026-08-12T20:42:58Z","android_vivo_y19_termux","NATIVE_HARDWARE","aarch64","aarch64",8,3741,"Linux 4.14.186-g1003dc13e-dirty","clang","21.1.8 ","-O3 -march=armv8-a","mlkem-native","v1.2.0 (0ba906cb14b1c241476134d7403a811b382ca498)","ML-KEM-512","keygen",38,40846,3620864,True,""
"801a987c-3485-4e0f-ba63-36b7389fd96e","c83beb37-91e5-48d3-a2a7-589f561555e8","2026-08-12T20:42:58Z","android_vivo_y19_termux","NATIVE_HARDWARE","aarch64","aarch64",8,3741,"Linux 4.14.186-g1003dc13e-dirty","clang","21.1.8 ","-O3 -march=armv8-a","mlkem-native","v1.2.0 (0ba906cb14b1c241476134d7403a811b382ca498)","ML-KEM-512","encapsulation",38,46154,3620864,True,""
"801a987c-3485-4e0f-ba63-36b7389fd96e","c83beb37-91e5-48d3-a2a7-589f561555e8","2026-08-12T20:42:58Z","android_vivo_y19_termux","NATIVE_HARDWARE","aarch64","aarch64",8,3741,"Linux 4.14.186-g1003dc13e-dirty","clang","21.1.8 ","-O3 -march=armv8-a","mlkem-native","v1.2.0 (0ba906cb14b1c241476134d7403a811b382ca498)","ML-KEM-512","decapsulation",38,54769,3620864,True,""
"801a987c-3485-4e0f-ba63-36b7389fd96e","c83beb37-91e5-48d3-a2a7-589f561555e8","2026-08-12T20:42:58Z","android_vivo_y19_termux","NATIVE_HARDWARE","aarch64","aarch64",8,3741,"Linux 4.14.186-g1003dc13e-dirty","clang","21.1.8 ","-O3 -march=armv8-a","mlkem-native","v1.2.0 (0ba906cb14b1c241476134d7403a811b382ca498)","ML-KEM-512","keygen",39,41153,3620864,True,""
"801a987c-3485-4e0f-ba63-36b7389fd96e","c83beb37-91e5-48d3-a2a7-589f561555e8","2026-08-12T20:42:58Z","android_vivo_y19_termux","NATIVE_HARDWARE","aarch64","aarch64",8,3741,"Linux 4.14.186-g1003dc13e-dirty","clang","21.1.8 ","-O3 -march=armv8-a","mlkem-native","v1.2.0 (0ba906cb14b1c241476134d7403a811b382ca498)","ML-KEM-512","encapsulation",39,45461,3620864,True,""
"801a987c-3485-4e0f-ba63-36b7389fd96e","c83beb37-91e5-48d3-a2a7-589f561555e8","2026-08-12T20:42:58Z","android_vivo_y19_termux","NATIVE_HARDWARE","aarch64","aarch64",8,3741,"Linux 4.14.186-g1003dc13e-dirty","clang","21.1.8 ","-O3 -march=armv8-a","mlkem-native","v1.2.0 (0ba906cb14b1c241476134d7403a811b382ca498)","ML-KEM-512","decapsulation",39,53231,3620864,True,""
"801a987c-3485-4e0f-ba63-36b7389fd96e","c83beb37-91e5-48d3-a2a7-589f561555e8","2026-08-12T20:42:58Z","android_vivo_y19_termux","NATIVE_HARDWARE","aarch64","aarch64",8,3741,"Linux 4.14.186-g1003dc13e-dirty","clang","21.1.8 ","-O3 -march=armv8-a","mlkem-native","v1.2.0 (0ba906cb14b1c241476134d7403a811b382ca498)","ML-KEM-512","keygen",40,40615,3620864,True,""
"801a987c-3485-4e0f-ba63-36b7389fd96e","c83beb37-91e5-48d3-a2a7-589f561555e8","2026-08-12T20:42:58Z","android_vivo_y19_termux","NATIVE_HARDWARE","aarch64","aarch64",8,3741,"Linux 4.14.186-g1003dc13e-dirty","clang","21.1.8 ","-O3 -march=armv8-a","mlkem-native","v1.2.0 (0ba906cb14b1c241476134d7403a811b382ca498)","ML-KEM-512","encapsulation",40,45846,3620864,True,""
"801a987c-3485-4e0f-ba63-36b7389fd96e","c83beb37-91e5-48d3-a2a7-589f561555e8","2026-08-12T20:42:58Z","android_vivo_y19_termux","NATIVE_HARDWARE","aarch64","aarch64",8,3741,"Linux 4.14.186-g1003dc13e-dirty","clang","21.1.8 ","-O3 -march=armv8-a","mlkem-native","v1.2.0 (0ba906cb14b1c241476134d7403a811b382ca498)","ML-KEM-512","decapsulation",40,53231,3620864,True,""
"801a987c-3485-4e0f-ba63-36b7389fd96e","c83beb37-91e5-48d3-a2a7-589f561555e8","2026-08-12T20:42:58Z","android_vivo_y19_termux","NATIVE_HARDWARE","aarch64","aarch64",8,3741,"Linux 4.14.186-g1003dc13e-dirty","clang","21.1.8 ","-O3 -march=armv8-a","mlkem-native","v1.2.0 (0ba906cb14b1c241476134d7403a811b382ca498)","ML-KEM-512","keygen",41,40385,3620864,True,""
"801a987c-3485-4e0f-ba63-36b7389fd96e","c83beb37-91e5-48d3-a2a7-589f561555e8","2026-08-12T20:42:58Z","android_vivo_y19_termux","NATIVE_HARDWARE","aarch64","aarch64",8,3741,"Linux 4.14.186-g1003dc13e-dirty","clang","21.1.8 ","-O3 -march=armv8-a","mlkem-native","v1.2.0 (0ba906cb14b1c241476134d7403a811b382ca498)","ML-KEM-512","encapsulation",41,45231,3620864,True,""
"801a987c-3485-4e0f-ba63-36b7389fd96e","c83beb37-91e5-48d3-a2a7-589f561555e8","2026-08-12T20:42:58Z","android_vivo_y19_termux","NATIVE_HARDWARE","aarch64","aarch64",8,3741,"Linux 4.14.186-g1003dc13e-dirty","clang","21.1.8 ","-O3 -march=armv8-a","mlkem-native","v1.2.0 (0ba906cb14b1c241476134d7403a811b382ca498)","ML-KEM-512","decapsulation",41,52923,3620864,True,""
"801a987c-3485-4e0f-ba63-36b7389fd96e","c83beb37-91e5-48d3-a2a7-589f561555e8","2026-08-12T20:42:58Z","android_vivo_y19_termux","NATIVE_HARDWARE","aarch64","aarch64",8,3741,"Linux 4.14.186-g1003dc13e-dirty","clang","21.1.8 ","-O3 -march=armv8-a","mlkem-native","v1.2.0 (0ba906cb14b1c241476134d7403a811b382ca498)","ML-KEM-512","keygen",42,40615,3620864,True,""
"801a987c-3485-4e0f-ba63-36b7389fd96e","c83beb37-91e5-48d3-a2a7-589f561555e8","2026-08-12T20:42:58Z","android_vivo_y19_termux","NATIVE_HARDWARE","aarch64","aarch64",8,3741,"Linux 4.14.186-g1003dc13e-dirty","clang","21.1.8 ","-O3 -march=armv8-a","mlkem-native","v1.2.0 (0ba906cb14b1c241476134d7403a811b382ca498)","ML-KEM-512","encapsulation",42,46462,3620864,True,""
"801a987c-3485-4e0f-ba63-36b7389fd96e","c83beb37-91e5-48d3-a2a7-589f561555e8","2026-08-12T20:42:58Z","android_vivo_y19_termux","NATIVE_HARDWARE","aarch64","aarch64",8,3741,"Linux 4.14.186-g1003dc13e-dirty","clang","21.1.8 ","-O3 -march=armv8-a","mlkem-native","v1.2.0 (0ba906cb14b1c241476134d7403a811b382ca498)","ML-KEM-512","decapsulation",42,54154,3620864,True,""
"801a987c-3485-4e0f-ba63-36b7389fd96e","c83beb37-91e5-48d3-a2a7-589f561555e8","2026-08-12T20:42:58Z","android_vivo_y19_termux","NATIVE_HARDWARE","aarch64","aarch64",8,3741,"Linux 4.14.186-g1003dc13e-dirty","clang","21.1.8 ","-O3 -march=armv8-a","mlkem-native","v1.2.0 (0ba906cb14b1c241476134d7403a811b382ca498)","ML-KEM-512","keygen",43,41000,3620864,True,""
"801a987c-3485-4e0f-ba63-36b7389fd96e","c83beb37-91e5-48d3-a2a7-589f561555e8","2026-08-12T20:42:58Z","android_vivo_y19_termux","NATIVE_HARDWARE","aarch64","aarch64",8,3741,"Linux 4.14.186-g1003dc13e-dirty","clang","21.1.8 ","-O3 -march=armv8-a","mlkem-native","v1.2.0 (0ba906cb14b1c241476134d7403a811b382ca498)","ML-KEM-512","encapsulation",43,45923,3620864,True,""
"801a987c-3485-4e0f-ba63-36b7389fd96e","c83beb37-91e5-48d3-a2a7-589f561555e8","2026-08-12T20:42:58Z","android_vivo_y19_termux","NATIVE_HARDWARE","aarch64","aarch64",8,3741,"Linux 4.14.186-g1003dc13e-dirty","clang","21.1.8 ","-O3 -march=armv8-a","mlkem-native","v1.2.0 (0ba906cb14b1c241476134d7403a811b382ca498)","ML-KEM-512","decapsulation",43,53308,3620864,True,""
"801a987c-3485-4e0f-ba63-36b7389fd96e","c83beb37-91e5-48d3-a2a7-589f561555e8","2026-08-12T20:42:58Z","android_vivo_y19_termux","NATIVE_HARDWARE","aarch64","aarch64",8,3741,"Linux 4.14.186-g1003dc13e-dirty","clang","21.1.8 ","-O3 -march=armv8-a","mlkem-native","v1.2.0 (0ba906cb14b1c241476134d7403a811b382ca498)","ML-KEM-512","keygen",44,54693,3620864,True,""
"801a987c-3485-4e0f-ba63-36b7389fd96e","c83beb37-91e5-48d3-a2a7-589f561555e8","2026-08-12T20:42:58Z","android_vivo_y19_termux","NATIVE_HARDWARE","aarch64","aarch64",8,3741,"Linux 4.14.186-g1003dc13e-dirty","clang","21.1.8 ","-O3 -march=armv8-a","mlkem-native","v1.2.0 (0ba906cb14b1c241476134d7403a811b382ca498)","ML-KEM-512","encapsulation",44,46154,3620864,True,""
"801a987c-3485-4e0f-ba63-36b7389fd96e","c83beb37-91e5-48d3-a2a7-589f561555e8","2026-08-12T20:42:58Z","android_vivo_y19_termux","NATIVE_HARDWARE","aarch64","aarch64",8,3741,"Linux 4.14.186-g1003dc13e-dirty","clang","21.1.8 ","-O3 -march=armv8-a","mlkem-native","v1.2.0 (0ba906cb14b1c241476134d7403a811b382ca498)","ML-KEM-512","decapsulation",44,54154,3620864,True,""
"801a987c-3485-4e0f-ba63-36b7389fd96e","c83beb37-91e5-48d3-a2a7-589f561555e8","2026-08-12T20:42:58Z","android_vivo_y19_termux","NATIVE_HARDWARE","aarch64","aarch64",8,3741,"Linux 4.14.186-g1003dc13e-dirty","clang","21.1.8 ","-O3 -march=armv8-a","mlkem-native","v1.2.0 (0ba906cb14b1c241476134d7403a811b382ca498)","ML-KEM-512","keygen",45,40538,3620864,True,""
"801a987c-3485-4e0f-ba63-36b7389fd96e","c83beb37-91e5-48d3-a2a7-589f561555e8","2026-08-12T20:42:58Z","android_vivo_y19_termux","NATIVE_HARDWARE","aarch64","aarch64",8,3741,"Linux 4.14.186-g1003dc13e-dirty","clang","21.1.8 ","-O3 -march=armv8-a","mlkem-native","v1.2.0 (0ba906cb14b1c241476134d7403a811b382ca498)","ML-KEM-512","encapsulation",45,45847,3620864,True,""
"801a987c-3485-4e0f-ba63-36b7389fd96e","c83beb37-91e5-48d3-a2a7-589f561555e8","2026-08-12T20:42:58Z","android_vivo_y19_termux","NATIVE_HARDWARE","aarch64","aarch64",8,3741,"Linux 4.14.186-g1003dc13e-dirty","clang","21.1.8 ","-O3 -march=armv8-a","mlkem-native","v1.2.0 (0ba906cb14b1c241476134d7403a811b382ca498)","ML-KEM-512","decapsulation",45,53538,3620864,True,""
"801a987c-3485-4e0f-ba63-36b7389fd96e","c83beb37-91e5-48d3-a2a7-589f561555e8","2026-08-12T20:42:58Z","android_vivo_y19_termux","NATIVE_HARDWARE","aarch64","aarch64",8,3741,"Linux 4.14.186-g1003dc13e-dirty","clang","21.1.8 ","-O3 -march=armv8-a","mlkem-native","v1.2.0 (0ba906cb14b1c241476134d7403a811b382ca498)","ML-KEM-512","keygen",46,41231,3620864,True,""
"801a987c-3485-4e0f-ba63-36b7389fd96e","c83beb37-91e5-48d3-a2a7-589f561555e8","2026-08-12T20:42:58Z","android_vivo_y19_termux","NATIVE_HARDWARE","aarch64","aarch64",8,3741,"Linux 4.14.186-g1003dc13e-dirty","clang","21.1.8 ","-O3 -march=armv8-a","mlkem-native","v1.2.0 (0ba906cb14b1c241476134d7403a811b382ca498)","ML-KEM-512","encapsulation",46,46154,3620864,True,""
"801a987c-3485-4e0f-ba63-36b7389fd96e","c83beb37-91e5-48d3-a2a7-589f561555e8","2026-08-12T20:42:58Z","android_vivo_y19_termux","NATIVE_HARDWARE","aarch64","aarch64",8,3741,"Linux 4.14.186-g1003dc13e-dirty","clang","21.1.8 ","-O3 -march=armv8-a","mlkem-native","v1.2.0 (0ba906cb14b1c241476134d7403a811b382ca498)","ML-KEM-512","decapsulation",46,53538,3620864,True,""
"801a987c-3485-4e0f-ba63-36b7389fd96e","c83beb37-91e5-48d3-a2a7-589f561555e8","2026-08-12T20:42:58Z","android_vivo_y19_termux","NATIVE_HARDWARE","aarch64","aarch64",8,3741,"Linux 4.14.186-g1003dc13e-dirty","clang","21.1.8 ","-O3 -march=armv8-a","mlkem-native","v1.2.0 (0ba906cb14b1c241476134d7403a811b382ca498)","ML-KEM-512","keygen",47,40616,3620864,True,""
"801a987c-3485-4e0f-ba63-36b7389fd96e","c83beb37-91e5-48d3-a2a7-589f561555e8","2026-08-12T20:42:58Z","android_vivo_y19_termux","NATIVE_HARDWARE","aarch64","aarch64",8,3741,"Linux 4.14.186-g1003dc13e-dirty","clang","21.1.8 ","-O3 -march=armv8-a","mlkem-native","v1.2.0 (0ba906cb14b1c241476134d7403a811b382ca498)","ML-KEM-512","encapsulation",47,45923,3620864,True,""
"801a987c-3485-4e0f-ba63-36b7389fd96e","c83beb37-91e5-48d3-a2a7-589f561555e8","2026-08-12T20:42:58Z","android_vivo_y19_termux","NATIVE_HARDWARE","aarch64","aarch64",8,3741,"Linux 4.14.186-g1003dc13e-dirty","clang","21.1.8 ","-O3 -march=armv8-a","mlkem-native","v1.2.0 (0ba906cb14b1c241476134d7403a811b382ca498)","ML-KEM-512","decapsulation",47,53231,3620864,True,""
"801a987c-3485-4e0f-ba63-36b7389fd96e","c83beb37-91e5-48d3-a2a7-589f561555e8","2026-08-12T20:42:58Z","android_vivo_y19_termux","NATIVE_HARDWARE","aarch64","aarch64",8,3741,"Linux 4.14.186-g1003dc13e-dirty","clang","21.1.8 ","-O3 -march=armv8-a","mlkem-native","v1.2.0 (0ba906cb14b1c241476134d7403a811b382ca498)","ML-KEM-512","keygen",48,40307,3620864,True,""
"801a987c-3485-4e0f-ba63-36b7389fd96e","c83beb37-91e5-48d3-a2a7-589f561555e8","2026-08-12T20:42:58Z","android_vivo_y19_termux","NATIVE_HARDWARE","aarch64","aarch64",8,3741,"Linux 4.14.186-g1003dc13e-dirty","clang","21.1.8 ","-O3 -march=armv8-a","mlkem-native","v1.2.0 (0ba906cb14b1c241476134d7403a811b382ca498)","ML-KEM-512","encapsulation",48,45538,3620864,True,""
"801a987c-3485-4e0f-ba63-36b7389fd96e","c83beb37-91e5-48d3-a2a7-589f561555e8","2026-08-12T20:42:58Z","android_vivo_y19_termux","NATIVE_HARDWARE","aarch64","aarch64",8,3741,"Linux 4.14.186-g1003dc13e-dirty","clang","21.1.8 ","-O3 -march=armv8-a","mlkem-native","v1.2.0 (0ba906cb14b1c241476134d7403a811b382ca498)","ML-KEM-512","decapsulation",48,53000,3620864,True,""
"801a987c-3485-4e0f-ba63-36b7389fd96e","c83beb37-91e5-48d3-a2a7-589f561555e8","2026-08-12T20:42:58Z","android_vivo_y19_termux","NATIVE_HARDWARE","aarch64","aarch64",8,3741,"Linux 4.14.186-g1003dc13e-dirty","clang","21.1.8 ","-O3 -march=armv8-a","mlkem-native","v1.2.0 (0ba906cb14b1c241476134d7403a811b382ca498)","ML-KEM-512","keygen",49,40615,3620864,True,""
"801a987c-3485-4e0f-ba63-36b7389fd96e","c83beb37-91e5-48d3-a2a7-589f561555e8","2026-08-12T20:42:58Z","android_vivo_y19_termux","NATIVE_HARDWARE","aarch64","aarch64",8,3741,"Linux 4.14.186-g1003dc13e-dirty","clang","21.1.8 ","-O3 -march=armv8-a","mlkem-native","v1.2.0 (0ba906cb14b1c241476134d7403a811b382ca498)","ML-KEM-512","encapsulation",49,47692,3620864,True,""
"801a987c-3485-4e0f-ba63-36b7389fd96e","c83beb37-91e5-48d3-a2a7-589f561555e8","2026-08-12T20:42:58Z","android_vivo_y19_termux","NATIVE_HARDWARE","aarch64","aarch64",8,3741,"Linux 4.14.186-g1003dc13e-dirty","clang","21.1.8 ","-O3 -march=armv8-a","mlkem-native","v1.2.0 (0ba906cb14b1c241476134d7403a811b382ca498)","ML-KEM-512","decapsulation",49,55077,3620864,True,""
"801a987c-3485-4e0f-ba63-36b7389fd96e","c83beb37-91e5-48d3-a2a7-589f561555e8","2026-08-12T20:42:58Z","android_vivo_y19_termux","NATIVE_HARDWARE","aarch64","aarch64",8,3741,"Linux 4.14.186-g1003dc13e-dirty","clang","21.1.8 ","-O3 -march=armv8-a","mlkem-native","v1.2.0 (0ba906cb14b1c241476134d7403a811b382ca498)","ML-KEM-512","keygen",50,42770,3620864,True,""
"801a987c-3485-4e0f-ba63-36b7389fd96e","c83beb37-91e5-48d3-a2a7-589f561555e8","2026-08-12T20:42:58Z","android_vivo_y19_termux","NATIVE_HARDWARE","aarch64","aarch64",8,3741,"Linux 4.14.186-g1003dc13e-dirty","clang","21.1.8 ","-O3 -march=armv8-a","mlkem-native","v1.2.0 (0ba906cb14b1c241476134d7403a811b382ca498)","ML-KEM-512","encapsulation",50,46770,3620864,True,""
"801a987c-3485-4e0f-ba63-36b7389fd96e","c83beb37-91e5-48d3-a2a7-589f561555e8","2026-08-12T20:42:58Z","android_vivo_y19_termux","NATIVE_HARDWARE","aarch64","aarch64",8,3741,"Linux 4.14.186-g1003dc13e-dirty","clang","21.1.8 ","-O3 -march=armv8-a","mlkem-native","v1.2.0 (0ba906cb14b1c241476134d7403a811b382ca498)","ML-KEM-512","decapsulation",50,53923,3620864,True,""
"801a987c-3485-4e0f-ba63-36b7389fd96e","c83beb37-91e5-48d3-a2a7-589f561555e8","2026-08-12T20:42:58Z","android_vivo_y19_termux","NATIVE_HARDWARE","aarch64","aarch64",8,3741,"Linux 4.14.186-g1003dc13e-dirty","clang","21.1.8 ","-O3 -march=armv8-a","mlkem-native","v1.2.0 (0ba906cb14b1c241476134d7403a811b382ca498)","ML-KEM-512","keygen",51,40847,3620864,True,""
"801a987c-3485-4e0f-ba63-36b7389fd96e","c83beb37-91e5-48d3-a2a7-589f561555e8","2026-08-12T20:42:58Z","android_vivo_y19_termux","NATIVE_HARDWARE","aarch64","aarch64",8,3741,"Linux 4.14.186-g1003dc13e-dirty","clang","21.1.8 ","-O3 -march=armv8-a","mlkem-native","v1.2.0 (0ba906cb14b1c241476134d7403a811b382ca498)","ML-KEM-512","encapsulation",51,45539,3620864,True,""
"801a987c-3485-4e0f-ba63-36b7389fd96e","c83beb37-91e5-48d3-a2a7-589f561555e8","2026-08-12T20:42:58Z","android_vivo_y19_termux","NATIVE_HARDWARE","aarch64","aarch64",8,3741,"Linux 4.14.186-g1003dc13e-dirty","clang","21.1.8 ","-O3 -march=armv8-a","mlkem-native","v1.2.0 (0ba906cb14b1c241476134d7403a811b382ca498)","ML-KEM-512","decapsulation",51,52923,3620864,True,""
"801a987c-3485-4e0f-ba63-36b7389fd96e","c83beb37-91e5-48d3-a2a7-589f561555e8","2026-08-12T20:42:58Z","android_vivo_y19_termux","NATIVE_HARDWARE","aarch64","aarch64",8,3741,"Linux 4.14.186-g1003dc13e-dirty","clang","21.1.8 ","-O3 -march=armv8-a","mlkem-native","v1.2.0 (0ba906cb14b1c241476134d7403a811b382ca498)","ML-KEM-512","keygen",52,40615,3620864,True,""
"801a987c-3485-4e0f-ba63-36b7389fd96e","c83beb37-91e5-48d3-a2a7-589f561555e8","2026-08-12T20:42:58Z","android_vivo_y19_termux","NATIVE_HARDWARE","aarch64","aarch64",8,3741,"Linux 4.14.186-g1003dc13e-dirty","clang","21.1.8 ","-O3 -march=armv8-a","mlkem-native","v1.2.0 (0ba906cb14b1c241476134d7403a811b382ca498)","ML-KEM-512","encapsulation",52,45846,3620864,True,""
"801a987c-3485-4e0f-ba63-36b7389fd96e","c83beb37-91e5-48d3-a2a7-589f561555e8","2026-08-12T20:42:58Z","android_vivo_y19_termux","NATIVE_HARDWARE","aarch64","aarch64",8,3741,"Linux 4.14.186-g1003dc13e-dirty","clang","21.1.8 ","-O3 -march=armv8-a","mlkem-native","v1.2.0 (0ba906cb14b1c241476134d7403a811b382ca498)","ML-KEM-512","decapsulation",52,53154,3620864,True,""
"801a987c-3485-4e0f-ba63-36b7389fd96e","c83beb37-91e5-48d3-a2a7-589f561555e8","2026-08-12T20:42:58Z","android_vivo_y19_termux","NATIVE_HARDWARE","aarch64","aarch64",8,3741,"Linux 4.14.186-g1003dc13e-dirty","clang","21.1.8 ","-O3 -march=armv8-a","mlkem-native","v1.2.0 (0ba906cb14b1c241476134d7403a811b382ca498)","ML-KEM-512","keygen",53,41000,3620864,True,""
"801a987c-3485-4e0f-ba63-36b7389fd96e","c83beb37-91e5-48d3-a2a7-589f561555e8","2026-08-12T20:42:58Z","android_vivo_y19_termux","NATIVE_HARDWARE","aarch64","aarch64",8,3741,"Linux 4.14.186-g1003dc13e-dirty","clang","21.1.8 ","-O3 -march=armv8-a","mlkem-native","v1.2.0 (0ba906cb14b1c241476134d7403a811b382ca498)","ML-KEM-512","encapsulation",53,45154,3620864,True,""
"801a987c-3485-4e0f-ba63-36b7389fd96e","c83beb37-91e5-48d3-a2a7-589f561555e8","2026-08-12T20:42:58Z","android_vivo_y19_termux","NATIVE_HARDWARE","aarch64","aarch64",8,3741,"Linux 4.14.186-g1003dc13e-dirty","clang","21.1.8 ","-O3 -march=armv8-a","mlkem-native","v1.2.0 (0ba906cb14b1c241476134d7403a811b382ca498)","ML-KEM-512","decapsulation",53,53769,3620864,True,""
"801a987c-3485-4e0f-ba63-36b7389fd96e","c83beb37-91e5-48d3-a2a7-589f561555e8","2026-08-12T20:42:58Z","android_vivo_y19_termux","NATIVE_HARDWARE","aarch64","aarch64",8,3741,"Linux 4.14.186-g1003dc13e-dirty","clang","21.1.8 ","-O3 -march=armv8-a","mlkem-native","v1.2.0 (0ba906cb14b1c241476134d7403a811b382ca498)","ML-KEM-512","keygen",54,41000,3620864,True,""
"801a987c-3485-4e0f-ba63-36b7389fd96e","c83beb37-91e5-48d3-a2a7-589f561555e8","2026-08-12T20:42:58Z","android_vivo_y19_termux","NATIVE_HARDWARE","aarch64","aarch64",8,3741,"Linux 4.14.186-g1003dc13e-dirty","clang","21.1.8 ","-O3 -march=armv8-a","mlkem-native","v1.2.0 (0ba906cb14b1c241476134d7403a811b382ca498)","ML-KEM-512","encapsulation",54,46077,3620864,True,""
"801a987c-3485-4e0f-ba63-36b7389fd96e","c83beb37-91e5-48d3-a2a7-589f561555e8","2026-08-12T20:42:58Z","android_vivo_y19_termux","NATIVE_HARDWARE","aarch64","aarch64",8,3741,"Linux 4.14.186-g1003dc13e-dirty","clang","21.1.8 ","-O3 -march=armv8-a","mlkem-native","v1.2.0 (0ba906cb14b1c241476134d7403a811b382ca498)","ML-KEM-512","decapsulation",54,53538,3620864,True,""
"801a987c-3485-4e0f-ba63-36b7389fd96e","c83beb37-91e5-48d3-a2a7-589f561555e8","2026-08-12T20:42:58Z","android_vivo_y19_termux","NATIVE_HARDWARE","aarch64","aarch64",8,3741,"Linux 4.14.186-g1003dc13e-dirty","clang","21.1.8 ","-O3 -march=armv8-a","mlkem-native","v1.2.0 (0ba906cb14b1c241476134d7403a811b382ca498)","ML-KEM-512","keygen",55,49308,3620864,True,""
"801a987c-3485-4e0f-ba63-36b7389fd96e","c83beb37-91e5-48d3-a2a7-589f561555e8","2026-08-12T20:42:58Z","android_vivo_y19_termux","NATIVE_HARDWARE","aarch64","aarch64",8,3741,"Linux 4.14.186-g1003dc13e-dirty","clang","21.1.8 ","-O3 -march=armv8-a","mlkem-native","v1.2.0 (0ba906cb14b1c241476134d7403a811b382ca498)","ML-KEM-512","encapsulation",55,45616,3620864,True,""
"801a987c-3485-4e0f-ba63-36b7389fd96e","c83beb37-91e5-48d3-a2a7-589f561555e8","2026-08-12T20:42:58Z","android_vivo_y19_termux","NATIVE_HARDWARE","aarch64","aarch64",8,3741,"Linux 4.14.186-g1003dc13e-dirty","clang","21.1.8 ","-O3 -march=armv8-a","mlkem-native","v1.2.0 (0ba906cb14b1c241476134d7403a811b382ca498)","ML-KEM-512","decapsulation",55,53308,3620864,True,""
"801a987c-3485-4e0f-ba63-36b7389fd96e","c83beb37-91e5-48d3-a2a7-589f561555e8","2026-08-12T20:42:58Z","android_vivo_y19_termux","NATIVE_HARDWARE","aarch64","aarch64",8,3741,"Linux 4.14.186-g1003dc13e-dirty","clang","21.1.8 ","-O3 -march=armv8-a","mlkem-native","v1.2.0 (0ba906cb14b1c241476134d7403a811b382ca498)","ML-KEM-512","keygen",56,40615,3620864,True,""
"801a987c-3485-4e0f-ba63-36b7389fd96e","c83beb37-91e5-48d3-a2a7-589f561555e8","2026-08-12T20:42:58Z","android_vivo_y19_termux","NATIVE_HARDWARE","aarch64","aarch64",8,3741,"Linux 4.14.186-g1003dc13e-dirty","clang","21.1.8 ","-O3 -march=armv8-a","mlkem-native","v1.2.0 (0ba906cb14b1c241476134d7403a811b382ca498)","ML-KEM-512","encapsulation",56,45538,3620864,True,""
"801a987c-3485-4e0f-ba63-36b7389fd96e","c83beb37-91e5-48d3-a2a7-589f561555e8","2026-08-12T20:42:58Z","android_vivo_y19_termux","NATIVE_HARDWARE","aarch64","aarch64",8,3741,"Linux 4.14.186-g1003dc13e-dirty","clang","21.1.8 ","-O3 -march=armv8-a","mlkem-native","v1.2.0 (0ba906cb14b1c241476134d7403a811b382ca498)","ML-KEM-512","decapsulation",56,72231,3620864,True,""
"801a987c-3485-4e0f-ba63-36b7389fd96e","c83beb37-91e5-48d3-a2a7-589f561555e8","2026-08-12T20:42:58Z","android_vivo_y19_termux","NATIVE_HARDWARE","aarch64","aarch64",8,3741,"Linux 4.14.186-g1003dc13e-dirty","clang","21.1.8 ","-O3 -march=armv8-a","mlkem-native","v1.2.0 (0ba906cb14b1c241476134d7403a811b382ca498)","ML-KEM-512","keygen",57,40847,3620864,True,""
"801a987c-3485-4e0f-ba63-36b7389fd96e","c83beb37-91e5-48d3-a2a7-589f561555e8","2026-08-12T20:42:58Z","android_vivo_y19_termux","NATIVE_HARDWARE","aarch64","aarch64",8,3741,"Linux 4.14.186-g1003dc13e-dirty","clang","21.1.8 ","-O3 -march=armv8-a","mlkem-native","v1.2.0 (0ba906cb14b1c241476134d7403a811b382ca498)","ML-KEM-512","encapsulation",57,46385,3620864,True,""
"801a987c-3485-4e0f-ba63-36b7389fd96e","c83beb37-91e5-48d3-a2a7-589f561555e8","2026-08-12T20:42:58Z","android_vivo_y19_termux","NATIVE_HARDWARE","aarch64","aarch64",8,3741,"Linux 4.14.186-g1003dc13e-dirty","clang","21.1.8 ","-O3 -march=armv8-a","mlkem-native","v1.2.0 (0ba906cb14b1c241476134d7403a811b382ca498)","ML-KEM-512","decapsulation",57,54231,3620864,True,""
"801a987c-3485-4e0f-ba63-36b7389fd96e","c83beb37-91e5-48d3-a2a7-589f561555e8","2026-08-12T20:42:58Z","android_vivo_y19_termux","NATIVE_HARDWARE","aarch64","aarch64",8,3741,"Linux 4.14.186-g1003dc13e-dirty","clang","21.1.8 ","-O3 -march=armv8-a","mlkem-native","v1.2.0 (0ba906cb14b1c241476134d7403a811b382ca498)","ML-KEM-512","keygen",58,41000,3620864,True,""
"801a987c-3485-4e0f-ba63-36b7389fd96e","c83beb37-91e5-48d3-a2a7-589f561555e8","2026-08-12T20:42:58Z","android_vivo_y19_termux","NATIVE_HARDWARE","aarch64","aarch64",8,3741,"Linux 4.14.186-g1003dc13e-dirty","clang","21.1.8 ","-O3 -march=armv8-a","mlkem-native","v1.2.0 (0ba906cb14b1c241476134d7403a811b382ca498)","ML-KEM-512","encapsulation",58,45769,3620864,True,""
"801a987c-3485-4e0f-ba63-36b7389fd96e","c83beb37-91e5-48d3-a2a7-589f561555e8","2026-08-12T20:42:58Z","android_vivo_y19_termux","NATIVE_HARDWARE","aarch64","aarch64",8,3741,"Linux 4.14.186-g1003dc13e-dirty","clang","21.1.8 ","-O3 -march=armv8-a","mlkem-native","v1.2.0 (0ba906cb14b1c241476134d7403a811b382ca498)","ML-KEM-512","decapsulation",58,53231,3620864,True,""
"801a987c-3485-4e0f-ba63-36b7389fd96e","c83beb37-91e5-48d3-a2a7-589f561555e8","2026-08-12T20:42:58Z","android_vivo_y19_termux","NATIVE_HARDWARE","aarch64","aarch64",8,3741,"Linux 4.14.186-g1003dc13e-dirty","clang","21.1.8 ","-O3 -march=armv8-a","mlkem-native","v1.2.0 (0ba906cb14b1c241476134d7403a811b382ca498)","ML-KEM-512","keygen",59,40538,3620864,True,""
"801a987c-3485-4e0f-ba63-36b7389fd96e","c83beb37-91e5-48d3-a2a7-589f561555e8","2026-08-12T20:42:58Z","android_vivo_y19_termux","NATIVE_HARDWARE","aarch64","aarch64",8,3741,"Linux 4.14.186-g1003dc13e-dirty","clang","21.1.8 ","-O3 -march=armv8-a","mlkem-native","v1.2.0 (0ba906cb14b1c241476134d7403a811b382ca498)","ML-KEM-512","encapsulation",59,45461,3620864,True,""
"801a987c-3485-4e0f-ba63-36b7389fd96e","c83beb37-91e5-48d3-a2a7-589f561555e8","2026-08-12T20:42:58Z","android_vivo_y19_termux","NATIVE_HARDWARE","aarch64","aarch64",8,3741,"Linux 4.14.186-g1003dc13e-dirty","clang","21.1.8 ","-O3 -march=armv8-a","mlkem-native","v1.2.0 (0ba906cb14b1c241476134d7403a811b382ca498)","ML-KEM-512","decapsulation",59,53231,3620864,True,""
"801a987c-3485-4e0f-ba63-36b7389fd96e","c83beb37-91e5-48d3-a2a7-589f561555e8","2026-08-12T20:42:58Z","android_vivo_y19_termux","NATIVE_HARDWARE","aarch64","aarch64",8,3741,"Linux 4.14.186-g1003dc13e-dirty","clang","21.1.8 ","-O3 -march=armv8-a","mlkem-native","v1.2.0 (0ba906cb14b1c241476134d7403a811b382ca498)","ML-KEM-512","keygen",60,40846,3620864,True,""
"801a987c-3485-4e0f-ba63-36b7389fd96e","c83beb37-91e5-48d3-a2a7-589f561555e8","2026-08-12T20:42:58Z","android_vivo_y19_termux","NATIVE_HARDWARE","aarch64","aarch64",8,3741,"Linux 4.14.186-g1003dc13e-dirty","clang","21.1.8 ","-O3 -march=armv8-a","mlkem-native","v1.2.0 (0ba906cb14b1c241476134d7403a811b382ca498)","ML-KEM-512","encapsulation",60,45538,3620864,True,""
"801a987c-3485-4e0f-ba63-36b7389fd96e","c83beb37-91e5-48d3-a2a7-589f561555e8","2026-08-12T20:42:58Z","android_vivo_y19_termux","NATIVE_HARDWARE","aarch64","aarch64",8,3741,"Linux 4.14.186-g1003dc13e-dirty","clang","21.1.8 ","-O3 -march=armv8-a","mlkem-native","v1.2.0 (0ba906cb14b1c241476134d7403a811b382ca498)","ML-KEM-512","decapsulation",60,53923,3620864,True,""
"801a987c-3485-4e0f-ba63-36b7389fd96e","c83beb37-91e5-48d3-a2a7-589f561555e8","2026-08-12T20:42:58Z","android_vivo_y19_termux","NATIVE_HARDWARE","aarch64","aarch64",8,3741,"Linux 4.14.186-g1003dc13e-dirty","clang","21.1.8 ","-O3 -march=armv8-a","mlkem-native","v1.2.0 (0ba906cb14b1c241476134d7403a811b382ca498)","ML-KEM-512","keygen",61,41846,3620864,True,""
"801a987c-3485-4e0f-ba63-36b7389fd96e","c83beb37-91e5-48d3-a2a7-589f561555e8","2026-08-12T20:42:58Z","android_vivo_y19_termux","NATIVE_HARDWARE","aarch64","aarch64",8,3741,"Linux 4.14.186-g1003dc13e-dirty","clang","21.1.8 ","-O3 -march=armv8-a","mlkem-native","v1.2.0 (0ba906cb14b1c241476134d7403a811b382ca498)","ML-KEM-512","encapsulation",61,46769,3620864,True,""
"801a987c-3485-4e0f-ba63-36b7389fd96e","c83beb37-91e5-48d3-a2a7-589f561555e8","2026-08-12T20:42:58Z","android_vivo_y19_termux","NATIVE_HARDWARE","aarch64","aarch64",8,3741,"Linux 4.14.186-g1003dc13e-dirty","clang","21.1.8 ","-O3 -march=armv8-a","mlkem-native","v1.2.0 (0ba906cb14b1c241476134d7403a811b382ca498)","ML-KEM-512","decapsulation",61,167385,3620864,True,""
"801a987c-3485-4e0f-ba63-36b7389fd96e","c83beb37-91e5-48d3-a2a7-589f561555e8","2026-08-12T20:42:58Z","android_vivo_y19_termux","NATIVE_HARDWARE","aarch64","aarch64",8,3741,"Linux 4.14.186-g1003dc13e-dirty","clang","21.1.8 ","-O3 -march=armv8-a","mlkem-native","v1.2.0 (0ba906cb14b1c241476134d7403a811b382ca498)","ML-KEM-512","keygen",62,41616,3620864,True,""
"801a987c-3485-4e0f-ba63-36b7389fd96e","c83beb37-91e5-48d3-a2a7-589f561555e8","2026-08-12T20:42:58Z","android_vivo_y19_termux","NATIVE_HARDWARE","aarch64","aarch64",8,3741,"Linux 4.14.186-g1003dc13e-dirty","clang","21.1.8 ","-O3 -march=armv8-a","mlkem-native","v1.2.0 (0ba906cb14b1c241476134d7403a811b382ca498)","ML-KEM-512","encapsulation",62,45846,3620864,True,""
"801a987c-3485-4e0f-ba63-36b7389fd96e","c83beb37-91e5-48d3-a2a7-589f561555e8","2026-08-12T20:42:58Z","android_vivo_y19_termux","NATIVE_HARDWARE","aarch64","aarch64",8,3741,"Linux 4.14.186-g1003dc13e-dirty","clang","21.1.8 ","-O3 -march=armv8-a","mlkem-native","v1.2.0 (0ba906cb14b1c241476134d7403a811b382ca498)","ML-KEM-512","decapsulation",62,53461,3620864,True,""
"801a987c-3485-4e0f-ba63-36b7389fd96e","c83beb37-91e5-48d3-a2a7-589f561555e8","2026-08-12T20:42:58Z","android_vivo_y19_termux","NATIVE_HARDWARE","aarch64","aarch64",8,3741,"Linux 4.14.186-g1003dc13e-dirty","clang","21.1.8 ","-O3 -march=armv8-a","mlkem-native","v1.2.0 (0ba906cb14b1c241476134d7403a811b382ca498)","ML-KEM-512","keygen",63,41000,3620864,True,""
"801a987c-3485-4e0f-ba63-36b7389fd96e","c83beb37-91e5-48d3-a2a7-589f561555e8","2026-08-12T20:42:58Z","android_vivo_y19_termux","NATIVE_HARDWARE","aarch64","aarch64",8,3741,"Linux 4.14.186-g1003dc13e-dirty","clang","21.1.8 ","-O3 -march=armv8-a","mlkem-native","v1.2.0 (0ba906cb14b1c241476134d7403a811b382ca498)","ML-KEM-512","encapsulation",63,45538,3620864,True,""
"801a987c-3485-4e0f-ba63-36b7389fd96e","c83beb37-91e5-48d3-a2a7-589f561555e8","2026-08-12T20:42:58Z","android_vivo_y19_termux","NATIVE_HARDWARE","aarch64","aarch64",8,3741,"Linux 4.14.186-g1003dc13e-dirty","clang","21.1.8 ","-O3 -march=armv8-a","mlkem-native","v1.2.0 (0ba906cb14b1c241476134d7403a811b382ca498)","ML-KEM-512","decapsulation",63,53231,3620864,True,""
"801a987c-3485-4e0f-ba63-36b7389fd96e","c83beb37-91e5-48d3-a2a7-589f561555e8","2026-08-12T20:42:58Z","android_vivo_y19_termux","NATIVE_HARDWARE","aarch64","aarch64",8,3741,"Linux 4.14.186-g1003dc13e-dirty","clang","21.1.8 ","-O3 -march=armv8-a","mlkem-native","v1.2.0 (0ba906cb14b1c241476134d7403a811b382ca498)","ML-KEM-512","keygen",64,40616,3620864,True,""
"801a987c-3485-4e0f-ba63-36b7389fd96e","c83beb37-91e5-48d3-a2a7-589f561555e8","2026-08-12T20:42:58Z","android_vivo_y19_termux","NATIVE_HARDWARE","aarch64","aarch64",8,3741,"Linux 4.14.186-g1003dc13e-dirty","clang","21.1.8 ","-O3 -march=armv8-a","mlkem-native","v1.2.0 (0ba906cb14b1c241476134d7403a811b382ca498)","ML-KEM-512","encapsulation",64,45538,3620864,True,""
"801a987c-3485-4e0f-ba63-36b7389fd96e","c83beb37-91e5-48d3-a2a7-589f561555e8","2026-08-12T20:42:58Z","android_vivo_y19_termux","NATIVE_HARDWARE","aarch64","aarch64",8,3741,"Linux 4.14.186-g1003dc13e-dirty","clang","21.1.8 ","-O3 -march=armv8-a","mlkem-native","v1.2.0 (0ba906cb14b1c241476134d7403a811b382ca498)","ML-KEM-512","decapsulation",64,54462,3620864,True,""
"801a987c-3485-4e0f-ba63-36b7389fd96e","c83beb37-91e5-48d3-a2a7-589f561555e8","2026-08-12T20:42:58Z","android_vivo_y19_termux","NATIVE_HARDWARE","aarch64","aarch64",8,3741,"Linux 4.14.186-g1003dc13e-dirty","clang","21.1.8 ","-O3 -march=armv8-a","mlkem-native","v1.2.0 (0ba906cb14b1c241476134d7403a811b382ca498)","ML-KEM-512","keygen",65,41231,3620864,True,""
"801a987c-3485-4e0f-ba63-36b7389fd96e","c83beb37-91e5-48d3-a2a7-589f561555e8","2026-08-12T20:42:58Z","android_vivo_y19_termux","NATIVE_HARDWARE","aarch64","aarch64",8,3741,"Linux 4.14.186-g1003dc13e-dirty","clang","21.1.8 ","-O3 -march=armv8-a","mlkem-native","v1.2.0 (0ba906cb14b1c241476134d7403a811b382ca498)","ML-KEM-512","encapsulation",65,45769,3620864,True,""
"801a987c-3485-4e0f-ba63-36b7389fd96e","c83beb37-91e5-48d3-a2a7-589f561555e8","2026-08-12T20:42:58Z","android_vivo_y19_termux","NATIVE_HARDWARE","aarch64","aarch64",8,3741,"Linux 4.14.186-g1003dc13e-dirty","clang","21.1.8 ","-O3 -march=armv8-a","mlkem-native","v1.2.0 (0ba906cb14b1c241476134d7403a811b382ca498)","ML-KEM-512","decapsulation",65,53462,3620864,True,""
"801a987c-3485-4e0f-ba63-36b7389fd96e","c83beb37-91e5-48d3-a2a7-589f561555e8","2026-08-12T20:42:58Z","android_vivo_y19_termux","NATIVE_HARDWARE","aarch64","aarch64",8,3741,"Linux 4.14.186-g1003dc13e-dirty","clang","21.1.8 ","-O3 -march=armv8-a","mlkem-native","v1.2.0 (0ba906cb14b1c241476134d7403a811b382ca498)","ML-KEM-512","keygen",66,40077,3620864,True,""
"801a987c-3485-4e0f-ba63-36b7389fd96e","c83beb37-91e5-48d3-a2a7-589f561555e8","2026-08-12T20:42:58Z","android_vivo_y19_termux","NATIVE_HARDWARE","aarch64","aarch64",8,3741,"Linux 4.14.186-g1003dc13e-dirty","clang","21.1.8 ","-O3 -march=armv8-a","mlkem-native","v1.2.0 (0ba906cb14b1c241476134d7403a811b382ca498)","ML-KEM-512","encapsulation",66,45616,3620864,True,""
"801a987c-3485-4e0f-ba63-36b7389fd96e","c83beb37-91e5-48d3-a2a7-589f561555e8","2026-08-12T20:42:58Z","android_vivo_y19_termux","NATIVE_HARDWARE","aarch64","aarch64",8,3741,"Linux 4.14.186-g1003dc13e-dirty","clang","21.1.8 ","-O3 -march=armv8-a","mlkem-native","v1.2.0 (0ba906cb14b1c241476134d7403a811b382ca498)","ML-KEM-512","decapsulation",66,53230,3620864,True,""
"801a987c-3485-4e0f-ba63-36b7389fd96e","c83beb37-91e5-48d3-a2a7-589f561555e8","2026-08-12T20:42:58Z","android_vivo_y19_termux","NATIVE_HARDWARE","aarch64","aarch64",8,3741,"Linux 4.14.186-g1003dc13e-dirty","clang","21.1.8 ","-O3 -march=armv8-a","mlkem-native","v1.2.0 (0ba906cb14b1c241476134d7403a811b382ca498)","ML-KEM-512","keygen",67,40615,3620864,True,""
"801a987c-3485-4e0f-ba63-36b7389fd96e","c83beb37-91e5-48d3-a2a7-589f561555e8","2026-08-12T20:42:58Z","android_vivo_y19_termux","NATIVE_HARDWARE","aarch64","aarch64",8,3741,"Linux 4.14.186-g1003dc13e-dirty","clang","21.1.8 ","-O3 -march=armv8-a","mlkem-native","v1.2.0 (0ba906cb14b1c241476134d7403a811b382ca498)","ML-KEM-512","encapsulation",67,45307,3620864,True,""
"801a987c-3485-4e0f-ba63-36b7389fd96e","c83beb37-91e5-48d3-a2a7-589f561555e8","2026-08-12T20:42:58Z","android_vivo_y19_termux","NATIVE_HARDWARE","aarch64","aarch64",8,3741,"Linux 4.14.186-g1003dc13e-dirty","clang","21.1.8 ","-O3 -march=armv8-a","mlkem-native","v1.2.0 (0ba906cb14b1c241476134d7403a811b382ca498)","ML-KEM-512","decapsulation",67,53154,3620864,True,""
"801a987c-3485-4e0f-ba63-36b7389fd96e","c83beb37-91e5-48d3-a2a7-589f561555e8","2026-08-12T20:42:58Z","android_vivo_y19_termux","NATIVE_HARDWARE","aarch64","aarch64",8,3741,"Linux 4.14.186-g1003dc13e-dirty","clang","21.1.8 ","-O3 -march=armv8-a","mlkem-native","v1.2.0 (0ba906cb14b1c241476134d7403a811b382ca498)","ML-KEM-512","keygen",68,40923,3620864,True,""
"801a987c-3485-4e0f-ba63-36b7389fd96e","c83beb37-91e5-48d3-a2a7-589f561555e8","2026-08-12T20:42:58Z","android_vivo_y19_termux","NATIVE_HARDWARE","aarch64","aarch64",8,3741,"Linux 4.14.186-g1003dc13e-dirty","clang","21.1.8 ","-O3 -march=armv8-a","mlkem-native","v1.2.0 (0ba906cb14b1c241476134d7403a811b382ca498)","ML-KEM-512","encapsulation",68,45769,3620864,True,""
"801a987c-3485-4e0f-ba63-36b7389fd96e","c83beb37-91e5-48d3-a2a7-589f561555e8","2026-08-12T20:42:58Z","android_vivo_y19_termux","NATIVE_HARDWARE","aarch64","aarch64",8,3741,"Linux 4.14.186-g1003dc13e-dirty","clang","21.1.8 ","-O3 -march=armv8-a","mlkem-native","v1.2.0 (0ba906cb14b1c241476134d7403a811b382ca498)","ML-KEM-512","decapsulation",68,53846,3620864,True,""
"801a987c-3485-4e0f-ba63-36b7389fd96e","c83beb37-91e5-48d3-a2a7-589f561555e8","2026-08-12T20:42:58Z","android_vivo_y19_termux","NATIVE_HARDWARE","aarch64","aarch64",8,3741,"Linux 4.14.186-g1003dc13e-dirty","clang","21.1.8 ","-O3 -march=armv8-a","mlkem-native","v1.2.0 (0ba906cb14b1c241476134d7403a811b382ca498)","ML-KEM-512","keygen",69,40923,3620864,True,""
"801a987c-3485-4e0f-ba63-36b7389fd96e","c83beb37-91e5-48d3-a2a7-589f561555e8","2026-08-12T20:42:58Z","android_vivo_y19_termux","NATIVE_HARDWARE","aarch64","aarch64",8,3741,"Linux 4.14.186-g1003dc13e-dirty","clang","21.1.8 ","-O3 -march=armv8-a","mlkem-native","v1.2.0 (0ba906cb14b1c241476134d7403a811b382ca498)","ML-KEM-512","encapsulation",69,45539,3620864,True,""
"801a987c-3485-4e0f-ba63-36b7389fd96e","c83beb37-91e5-48d3-a2a7-589f561555e8","2026-08-12T20:42:58Z","android_vivo_y19_termux","NATIVE_HARDWARE","aarch64","aarch64",8,3741,"Linux 4.14.186-g1003dc13e-dirty","clang","21.1.8 ","-O3 -march=armv8-a","mlkem-native","v1.2.0 (0ba906cb14b1c241476134d7403a811b382ca498)","ML-KEM-512","decapsulation",69,57846,3620864,True,""
"801a987c-3485-4e0f-ba63-36b7389fd96e","c83beb37-91e5-48d3-a2a7-589f561555e8","2026-08-12T20:42:58Z","android_vivo_y19_termux","NATIVE_HARDWARE","aarch64","aarch64",8,3741,"Linux 4.14.186-g1003dc13e-dirty","clang","21.1.8 ","-O3 -march=armv8-a","mlkem-native","v1.2.0 (0ba906cb14b1c241476134d7403a811b382ca498)","ML-KEM-512","keygen",70,41231,3620864,True,""
"801a987c-3485-4e0f-ba63-36b7389fd96e","c83beb37-91e5-48d3-a2a7-589f561555e8","2026-08-12T20:42:58Z","android_vivo_y19_termux","NATIVE_HARDWARE","aarch64","aarch64",8,3741,"Linux 4.14.186-g1003dc13e-dirty","clang","21.1.8 ","-O3 -march=armv8-a","mlkem-native","v1.2.0 (0ba906cb14b1c241476134d7403a811b382ca498)","ML-KEM-512","encapsulation",70,45846,3620864,True,""
"801a987c-3485-4e0f-ba63-36b7389fd96e","c83beb37-91e5-48d3-a2a7-589f561555e8","2026-08-12T20:42:58Z","android_vivo_y19_termux","NATIVE_HARDWARE","aarch64","aarch64",8,3741,"Linux 4.14.186-g1003dc13e-dirty","clang","21.1.8 ","-O3 -march=armv8-a","mlkem-native","v1.2.0 (0ba906cb14b1c241476134d7403a811b382ca498)","ML-KEM-512","decapsulation",70,53154,3620864,True,""
"801a987c-3485-4e0f-ba63-36b7389fd96e","c83beb37-91e5-48d3-a2a7-589f561555e8","2026-08-12T20:42:58Z","android_vivo_y19_termux","NATIVE_HARDWARE","aarch64","aarch64",8,3741,"Linux 4.14.186-g1003dc13e-dirty","clang","21.1.8 ","-O3 -march=armv8-a","mlkem-native","v1.2.0 (0ba906cb14b1c241476134d7403a811b382ca498)","ML-KEM-512","keygen",71,40538,3620864,True,""
"801a987c-3485-4e0f-ba63-36b7389fd96e","c83beb37-91e5-48d3-a2a7-589f561555e8","2026-08-12T20:42:58Z","android_vivo_y19_termux","NATIVE_HARDWARE","aarch64","aarch64",8,3741,"Linux 4.14.186-g1003dc13e-dirty","clang","21.1.8 ","-O3 -march=armv8-a","mlkem-native","v1.2.0 (0ba906cb14b1c241476134d7403a811b382ca498)","ML-KEM-512","encapsulation",71,46154,3620864,True,""
"801a987c-3485-4e0f-ba63-36b7389fd96e","c83beb37-91e5-48d3-a2a7-589f561555e8","2026-08-12T20:42:58Z","android_vivo_y19_termux","NATIVE_HARDWARE","aarch64","aarch64",8,3741,"Linux 4.14.186-g1003dc13e-dirty","clang","21.1.8 ","-O3 -march=armv8-a","mlkem-native","v1.2.0 (0ba906cb14b1c241476134d7403a811b382ca498)","ML-KEM-512","decapsulation",71,85539,3620864,True,""
"801a987c-3485-4e0f-ba63-36b7389fd96e","c83beb37-91e5-48d3-a2a7-589f561555e8","2026-08-12T20:42:58Z","android_vivo_y19_termux","NATIVE_HARDWARE","aarch64","aarch64",8,3741,"Linux 4.14.186-g1003dc13e-dirty","clang","21.1.8 ","-O3 -march=armv8-a","mlkem-native","v1.2.0 (0ba906cb14b1c241476134d7403a811b382ca498)","ML-KEM-512","keygen",72,41846,3620864,True,""
"801a987c-3485-4e0f-ba63-36b7389fd96e","c83beb37-91e5-48d3-a2a7-589f561555e8","2026-08-12T20:42:58Z","android_vivo_y19_termux","NATIVE_HARDWARE","aarch64","aarch64",8,3741,"Linux 4.14.186-g1003dc13e-dirty","clang","21.1.8 ","-O3 -march=armv8-a","mlkem-native","v1.2.0 (0ba906cb14b1c241476134d7403a811b382ca498)","ML-KEM-512","encapsulation",72,46461,3620864,True,""
"801a987c-3485-4e0f-ba63-36b7389fd96e","c83beb37-91e5-48d3-a2a7-589f561555e8","2026-08-12T20:42:58Z","android_vivo_y19_termux","NATIVE_HARDWARE","aarch64","aarch64",8,3741,"Linux 4.14.186-g1003dc13e-dirty","clang","21.1.8 ","-O3 -march=armv8-a","mlkem-native","v1.2.0 (0ba906cb14b1c241476134d7403a811b382ca498)","ML-KEM-512","decapsulation",72,53846,3620864,True,""
"801a987c-3485-4e0f-ba63-36b7389fd96e","c83beb37-91e5-48d3-a2a7-589f561555e8","2026-08-12T20:42:58Z","android_vivo_y19_termux","NATIVE_HARDWARE","aarch64","aarch64",8,3741,"Linux 4.14.186-g1003dc13e-dirty","clang","21.1.8 ","-O3 -march=armv8-a","mlkem-native","v1.2.0 (0ba906cb14b1c241476134d7403a811b382ca498)","ML-KEM-512","keygen",73,41307,3620864,True,""
"801a987c-3485-4e0f-ba63-36b7389fd96e","c83beb37-91e5-48d3-a2a7-589f561555e8","2026-08-12T20:42:58Z","android_vivo_y19_termux","NATIVE_HARDWARE","aarch64","aarch64",8,3741,"Linux 4.14.186-g1003dc13e-dirty","clang","21.1.8 ","-O3 -march=armv8-a","mlkem-native","v1.2.0 (0ba906cb14b1c241476134d7403a811b382ca498)","ML-KEM-512","encapsulation",73,45308,3620864,True,""
"801a987c-3485-4e0f-ba63-36b7389fd96e","c83beb37-91e5-48d3-a2a7-589f561555e8","2026-08-12T20:42:58Z","android_vivo_y19_termux","NATIVE_HARDWARE","aarch64","aarch64",8,3741,"Linux 4.14.186-g1003dc13e-dirty","clang","21.1.8 ","-O3 -march=armv8-a","mlkem-native","v1.2.0 (0ba906cb14b1c241476134d7403a811b382ca498)","ML-KEM-512","decapsulation",73,53231,3620864,True,""
"801a987c-3485-4e0f-ba63-36b7389fd96e","c83beb37-91e5-48d3-a2a7-589f561555e8","2026-08-12T20:42:58Z","android_vivo_y19_termux","NATIVE_HARDWARE","aarch64","aarch64",8,3741,"Linux 4.14.186-g1003dc13e-dirty","clang","21.1.8 ","-O3 -march=armv8-a","mlkem-native","v1.2.0 (0ba906cb14b1c241476134d7403a811b382ca498)","ML-KEM-512","keygen",74,197616,3620864,True,""
"801a987c-3485-4e0f-ba63-36b7389fd96e","c83beb37-91e5-48d3-a2a7-589f561555e8","2026-08-12T20:42:58Z","android_vivo_y19_termux","NATIVE_HARDWARE","aarch64","aarch64",8,3741,"Linux 4.14.186-g1003dc13e-dirty","clang","21.1.8 ","-O3 -march=armv8-a","mlkem-native","v1.2.0 (0ba906cb14b1c241476134d7403a811b382ca498)","ML-KEM-512","encapsulation",74,47615,3620864,True,""
"801a987c-3485-4e0f-ba63-36b7389fd96e","c83beb37-91e5-48d3-a2a7-589f561555e8","2026-08-12T20:42:58Z","android_vivo_y19_termux","NATIVE_HARDWARE","aarch64","aarch64",8,3741,"Linux 4.14.186-g1003dc13e-dirty","clang","21.1.8 ","-O3 -march=armv8-a","mlkem-native","v1.2.0 (0ba906cb14b1c241476134d7403a811b382ca498)","ML-KEM-512","decapsulation",74,54077,3620864,True,""
"801a987c-3485-4e0f-ba63-36b7389fd96e","c83beb37-91e5-48d3-a2a7-589f561555e8","2026-08-12T20:42:58Z","android_vivo_y19_termux","NATIVE_HARDWARE","aarch64","aarch64",8,3741,"Linux 4.14.186-g1003dc13e-dirty","clang","21.1.8 ","-O3 -march=armv8-a","mlkem-native","v1.2.0 (0ba906cb14b1c241476134d7403a811b382ca498)","ML-KEM-512","keygen",75,41769,3620864,True,""
"801a987c-3485-4e0f-ba63-36b7389fd96e","c83beb37-91e5-48d3-a2a7-589f561555e8","2026-08-12T20:42:58Z","android_vivo_y19_termux","NATIVE_HARDWARE","aarch64","aarch64",8,3741,"Linux 4.14.186-g1003dc13e-dirty","clang","21.1.8 ","-O3 -march=armv8-a","mlkem-native","v1.2.0 (0ba906cb14b1c241476134d7403a811b382ca498)","ML-KEM-512","encapsulation",75,45462,3620864,True,""
"801a987c-3485-4e0f-ba63-36b7389fd96e","c83beb37-91e5-48d3-a2a7-589f561555e8","2026-08-12T20:42:58Z","android_vivo_y19_termux","NATIVE_HARDWARE","aarch64","aarch64",8,3741,"Linux 4.14.186-g1003dc13e-dirty","clang","21.1.8 ","-O3 -march=armv8-a","mlkem-native","v1.2.0 (0ba906cb14b1c241476134d7403a811b382ca498)","ML-KEM-512","decapsulation",75,53307,3620864,True,""
"801a987c-3485-4e0f-ba63-36b7389fd96e","c83beb37-91e5-48d3-a2a7-589f561555e8","2026-08-12T20:42:58Z","android_vivo_y19_termux","NATIVE_HARDWARE","aarch64","aarch64",8,3741,"Linux 4.14.186-g1003dc13e-dirty","clang","21.1.8 ","-O3 -march=armv8-a","mlkem-native","v1.2.0 (0ba906cb14b1c241476134d7403a811b382ca498)","ML-KEM-512","keygen",76,41154,3620864,True,""
"801a987c-3485-4e0f-ba63-36b7389fd96e","c83beb37-91e5-48d3-a2a7-589f561555e8","2026-08-12T20:42:58Z","android_vivo_y19_termux","NATIVE_HARDWARE","aarch64","aarch64",8,3741,"Linux 4.14.186-g1003dc13e-dirty","clang","21.1.8 ","-O3 -march=armv8-a","mlkem-native","v1.2.0 (0ba906cb14b1c241476134d7403a811b382ca498)","ML-KEM-512","encapsulation",76,46154,3620864,True,""
"801a987c-3485-4e0f-ba63-36b7389fd96e","c83beb37-91e5-48d3-a2a7-589f561555e8","2026-08-12T20:42:58Z","android_vivo_y19_termux","NATIVE_HARDWARE","aarch64","aarch64",8,3741,"Linux 4.14.186-g1003dc13e-dirty","clang","21.1.8 ","-O3 -march=armv8-a","mlkem-native","v1.2.0 (0ba906cb14b1c241476134d7403a811b382ca498)","ML-KEM-512","decapsulation",76,53308,3620864,True,""
"801a987c-3485-4e0f-ba63-36b7389fd96e","c83beb37-91e5-48d3-a2a7-589f561555e8","2026-08-12T20:42:58Z","android_vivo_y19_termux","NATIVE_HARDWARE","aarch64","aarch64",8,3741,"Linux 4.14.186-g1003dc13e-dirty","clang","21.1.8 ","-O3 -march=armv8-a","mlkem-native","v1.2.0 (0ba906cb14b1c241476134d7403a811b382ca498)","ML-KEM-512","keygen",77,41154,3620864,True,""
"801a987c-3485-4e0f-ba63-36b7389fd96e","c83beb37-91e5-48d3-a2a7-589f561555e8","2026-08-12T20:42:58Z","android_vivo_y19_termux","NATIVE_HARDWARE","aarch64","aarch64",8,3741,"Linux 4.14.186-g1003dc13e-dirty","clang","21.1.8 ","-O3 -march=armv8-a","mlkem-native","v1.2.0 (0ba906cb14b1c241476134d7403a811b382ca498)","ML-KEM-512","encapsulation",77,45538,3620864,True,""
"801a987c-3485-4e0f-ba63-36b7389fd96e","c83beb37-91e5-48d3-a2a7-589f561555e8","2026-08-12T20:42:58Z","android_vivo_y19_termux","NATIVE_HARDWARE","aarch64","aarch64",8,3741,"Linux 4.14.186-g1003dc13e-dirty","clang","21.1.8 ","-O3 -march=armv8-a","mlkem-native","v1.2.0 (0ba906cb14b1c241476134d7403a811b382ca498)","ML-KEM-512","decapsulation",77,53231,3620864,True,""
"801a987c-3485-4e0f-ba63-36b7389fd96e","c83beb37-91e5-48d3-a2a7-589f561555e8","2026-08-12T20:42:58Z","android_vivo_y19_termux","NATIVE_HARDWARE","aarch64","aarch64",8,3741,"Linux 4.14.186-g1003dc13e-dirty","clang","21.1.8 ","-O3 -march=armv8-a","mlkem-native","v1.2.0 (0ba906cb14b1c241476134d7403a811b382ca498)","ML-KEM-512","keygen",78,41154,3620864,True,""
"801a987c-3485-4e0f-ba63-36b7389fd96e","c83beb37-91e5-48d3-a2a7-589f561555e8","2026-08-12T20:42:58Z","android_vivo_y19_termux","NATIVE_HARDWARE","aarch64","aarch64",8,3741,"Linux 4.14.186-g1003dc13e-dirty","clang","21.1.8 ","-O3 -march=armv8-a","mlkem-native","v1.2.0 (0ba906cb14b1c241476134d7403a811b382ca498)","ML-KEM-512","encapsulation",78,45770,3620864,True,""
"801a987c-3485-4e0f-ba63-36b7389fd96e","c83beb37-91e5-48d3-a2a7-589f561555e8","2026-08-12T20:42:58Z","android_vivo_y19_termux","NATIVE_HARDWARE","aarch64","aarch64",8,3741,"Linux 4.14.186-g1003dc13e-dirty","clang","21.1.8 ","-O3 -march=armv8-a","mlkem-native","v1.2.0 (0ba906cb14b1c241476134d7403a811b382ca498)","ML-KEM-512","decapsulation",78,53462,3620864,True,""
"801a987c-3485-4e0f-ba63-36b7389fd96e","c83beb37-91e5-48d3-a2a7-589f561555e8","2026-08-12T20:42:58Z","android_vivo_y19_termux","NATIVE_HARDWARE","aarch64","aarch64",8,3741,"Linux 4.14.186-g1003dc13e-dirty","clang","21.1.8 ","-O3 -march=armv8-a","mlkem-native","v1.2.0 (0ba906cb14b1c241476134d7403a811b382ca498)","ML-KEM-512","keygen",79,40846,3620864,True,""
"801a987c-3485-4e0f-ba63-36b7389fd96e","c83beb37-91e5-48d3-a2a7-589f561555e8","2026-08-12T20:42:58Z","android_vivo_y19_termux","NATIVE_HARDWARE","aarch64","aarch64",8,3741,"Linux 4.14.186-g1003dc13e-dirty","clang","21.1.8 ","-O3 -march=armv8-a","mlkem-native","v1.2.0 (0ba906cb14b1c241476134d7403a811b382ca498)","ML-KEM-512","encapsulation",79,45000,3620864,True,""
"801a987c-3485-4e0f-ba63-36b7389fd96e","c83beb37-91e5-48d3-a2a7-589f561555e8","2026-08-12T20:42:58Z","android_vivo_y19_termux","NATIVE_HARDWARE","aarch64","aarch64",8,3741,"Linux 4.14.186-g1003dc13e-dirty","clang","21.1.8 ","-O3 -march=armv8-a","mlkem-native","v1.2.0 (0ba906cb14b1c241476134d7403a811b382ca498)","ML-KEM-512","decapsulation",79,53308,3620864,True,""
"801a987c-3485-4e0f-ba63-36b7389fd96e","c83beb37-91e5-48d3-a2a7-589f561555e8","2026-08-12T20:42:58Z","android_vivo_y19_termux","NATIVE_HARDWARE","aarch64","aarch64",8,3741,"Linux 4.14.186-g1003dc13e-dirty","clang","21.1.8 ","-O3 -march=armv8-a","mlkem-native","v1.2.0 (0ba906cb14b1c241476134d7403a811b382ca498)","ML-KEM-512","keygen",80,41462,3620864,True,""
"801a987c-3485-4e0f-ba63-36b7389fd96e","c83beb37-91e5-48d3-a2a7-589f561555e8","2026-08-12T20:42:58Z","android_vivo_y19_termux","NATIVE_HARDWARE","aarch64","aarch64",8,3741,"Linux 4.14.186-g1003dc13e-dirty","clang","21.1.8 ","-O3 -march=armv8-a","mlkem-native","v1.2.0 (0ba906cb14b1c241476134d7403a811b382ca498)","ML-KEM-512","encapsulation",80,46153,3620864,True,""
"801a987c-3485-4e0f-ba63-36b7389fd96e","c83beb37-91e5-48d3-a2a7-589f561555e8","2026-08-12T20:42:58Z","android_vivo_y19_termux","NATIVE_HARDWARE","aarch64","aarch64",8,3741,"Linux 4.14.186-g1003dc13e-dirty","clang","21.1.8 ","-O3 -march=armv8-a","mlkem-native","v1.2.0 (0ba906cb14b1c241476134d7403a811b382ca498)","ML-KEM-512","decapsulation",80,54077,3620864,True,""
"801a987c-3485-4e0f-ba63-36b7389fd96e","c83beb37-91e5-48d3-a2a7-589f561555e8","2026-08-12T20:42:58Z","android_vivo_y19_termux","NATIVE_HARDWARE","aarch64","aarch64",8,3741,"Linux 4.14.186-g1003dc13e-dirty","clang","21.1.8 ","-O3 -march=armv8-a","mlkem-native","v1.2.0 (0ba906cb14b1c241476134d7403a811b382ca498)","ML-KEM-512","keygen",81,41153,3620864,True,""
"801a987c-3485-4e0f-ba63-36b7389fd96e","c83beb37-91e5-48d3-a2a7-589f561555e8","2026-08-12T20:42:58Z","android_vivo_y19_termux","NATIVE_HARDWARE","aarch64","aarch64",8,3741,"Linux 4.14.186-g1003dc13e-dirty","clang","21.1.8 ","-O3 -march=armv8-a","mlkem-native","v1.2.0 (0ba906cb14b1c241476134d7403a811b382ca498)","ML-KEM-512","encapsulation",81,45846,3620864,True,""
"801a987c-3485-4e0f-ba63-36b7389fd96e","c83beb37-91e5-48d3-a2a7-589f561555e8","2026-08-12T20:42:58Z","android_vivo_y19_termux","NATIVE_HARDWARE","aarch64","aarch64",8,3741,"Linux 4.14.186-g1003dc13e-dirty","clang","21.1.8 ","-O3 -march=armv8-a","mlkem-native","v1.2.0 (0ba906cb14b1c241476134d7403a811b382ca498)","ML-KEM-512","decapsulation",81,53769,3620864,True,""
"801a987c-3485-4e0f-ba63-36b7389fd96e","c83beb37-91e5-48d3-a2a7-589f561555e8","2026-08-12T20:42:58Z","android_vivo_y19_termux","NATIVE_HARDWARE","aarch64","aarch64",8,3741,"Linux 4.14.186-g1003dc13e-dirty","clang","21.1.8 ","-O3 -march=armv8-a","mlkem-native","v1.2.0 (0ba906cb14b1c241476134d7403a811b382ca498)","ML-KEM-512","keygen",82,40615,3620864,True,""
"801a987c-3485-4e0f-ba63-36b7389fd96e","c83beb37-91e5-48d3-a2a7-589f561555e8","2026-08-12T20:42:58Z","android_vivo_y19_termux","NATIVE_HARDWARE","aarch64","aarch64",8,3741,"Linux 4.14.186-g1003dc13e-dirty","clang","21.1.8 ","-O3 -march=armv8-a","mlkem-native","v1.2.0 (0ba906cb14b1c241476134d7403a811b382ca498)","ML-KEM-512","encapsulation",82,45615,3620864,True,""
"801a987c-3485-4e0f-ba63-36b7389fd96e","c83beb37-91e5-48d3-a2a7-589f561555e8","2026-08-12T20:42:58Z","android_vivo_y19_termux","NATIVE_HARDWARE","aarch64","aarch64",8,3741,"Linux 4.14.186-g1003dc13e-dirty","clang","21.1.8 ","-O3 -march=armv8-a","mlkem-native","v1.2.0 (0ba906cb14b1c241476134d7403a811b382ca498)","ML-KEM-512","decapsulation",82,53231,3620864,True,""
"801a987c-3485-4e0f-ba63-36b7389fd96e","c83beb37-91e5-48d3-a2a7-589f561555e8","2026-08-12T20:42:58Z","android_vivo_y19_termux","NATIVE_HARDWARE","aarch64","aarch64",8,3741,"Linux 4.14.186-g1003dc13e-dirty","clang","21.1.8 ","-O3 -march=armv8-a","mlkem-native","v1.2.0 (0ba906cb14b1c241476134d7403a811b382ca498)","ML-KEM-512","keygen",83,40846,3620864,True,""
"801a987c-3485-4e0f-ba63-36b7389fd96e","c83beb37-91e5-48d3-a2a7-589f561555e8","2026-08-12T20:42:58Z","android_vivo_y19_termux","NATIVE_HARDWARE","aarch64","aarch64",8,3741,"Linux 4.14.186-g1003dc13e-dirty","clang","21.1.8 ","-O3 -march=armv8-a","mlkem-native","v1.2.0 (0ba906cb14b1c241476134d7403a811b382ca498)","ML-KEM-512","encapsulation",83,45308,3620864,True,""
"801a987c-3485-4e0f-ba63-36b7389fd96e","c83beb37-91e5-48d3-a2a7-589f561555e8","2026-08-12T20:42:58Z","android_vivo_y19_termux","NATIVE_HARDWARE","aarch64","aarch64",8,3741,"Linux 4.14.186-g1003dc13e-dirty","clang","21.1.8 ","-O3 -march=armv8-a","mlkem-native","v1.2.0 (0ba906cb14b1c241476134d7403a811b382ca498)","ML-KEM-512","decapsulation",83,53846,3620864,True,""
"801a987c-3485-4e0f-ba63-36b7389fd96e","c83beb37-91e5-48d3-a2a7-589f561555e8","2026-08-12T20:42:58Z","android_vivo_y19_termux","NATIVE_HARDWARE","aarch64","aarch64",8,3741,"Linux 4.14.186-g1003dc13e-dirty","clang","21.1.8 ","-O3 -march=armv8-a","mlkem-native","v1.2.0 (0ba906cb14b1c241476134d7403a811b382ca498)","ML-KEM-512","keygen",84,41538,3620864,True,""
"801a987c-3485-4e0f-ba63-36b7389fd96e","c83beb37-91e5-48d3-a2a7-589f561555e8","2026-08-12T20:42:58Z","android_vivo_y19_termux","NATIVE_HARDWARE","aarch64","aarch64",8,3741,"Linux 4.14.186-g1003dc13e-dirty","clang","21.1.8 ","-O3 -march=armv8-a","mlkem-native","v1.2.0 (0ba906cb14b1c241476134d7403a811b382ca498)","ML-KEM-512","encapsulation",84,45307,3620864,True,""
"801a987c-3485-4e0f-ba63-36b7389fd96e","c83beb37-91e5-48d3-a2a7-589f561555e8","2026-08-12T20:42:58Z","android_vivo_y19_termux","NATIVE_HARDWARE","aarch64","aarch64",8,3741,"Linux 4.14.186-g1003dc13e-dirty","clang","21.1.8 ","-O3 -march=armv8-a","mlkem-native","v1.2.0 (0ba906cb14b1c241476134d7403a811b382ca498)","ML-KEM-512","decapsulation",84,54154,3620864,True,""
"801a987c-3485-4e0f-ba63-36b7389fd96e","c83beb37-91e5-48d3-a2a7-589f561555e8","2026-08-12T20:42:58Z","android_vivo_y19_termux","NATIVE_HARDWARE","aarch64","aarch64",8,3741,"Linux 4.14.186-g1003dc13e-dirty","clang","21.1.8 ","-O3 -march=armv8-a","mlkem-native","v1.2.0 (0ba906cb14b1c241476134d7403a811b382ca498)","ML-KEM-512","keygen",85,40308,3620864,True,""
"801a987c-3485-4e0f-ba63-36b7389fd96e","c83beb37-91e5-48d3-a2a7-589f561555e8","2026-08-12T20:42:58Z","android_vivo_y19_termux","NATIVE_HARDWARE","aarch64","aarch64",8,3741,"Linux 4.14.186-g1003dc13e-dirty","clang","21.1.8 ","-O3 -march=armv8-a","mlkem-native","v1.2.0 (0ba906cb14b1c241476134d7403a811b382ca498)","ML-KEM-512","encapsulation",85,45615,3620864,True,""
"801a987c-3485-4e0f-ba63-36b7389fd96e","c83beb37-91e5-48d3-a2a7-589f561555e8","2026-08-12T20:42:58Z","android_vivo_y19_termux","NATIVE_HARDWARE","aarch64","aarch64",8,3741,"Linux 4.14.186-g1003dc13e-dirty","clang","21.1.8 ","-O3 -march=armv8-a","mlkem-native","v1.2.0 (0ba906cb14b1c241476134d7403a811b382ca498)","ML-KEM-512","decapsulation",85,53154,3620864,True,""
"801a987c-3485-4e0f-ba63-36b7389fd96e","c83beb37-91e5-48d3-a2a7-589f561555e8","2026-08-12T20:42:58Z","android_vivo_y19_termux","NATIVE_HARDWARE","aarch64","aarch64",8,3741,"Linux 4.14.186-g1003dc13e-dirty","clang","21.1.8 ","-O3 -march=armv8-a","mlkem-native","v1.2.0 (0ba906cb14b1c241476134d7403a811b382ca498)","ML-KEM-512","keygen",86,40231,3620864,True,""
"801a987c-3485-4e0f-ba63-36b7389fd96e","c83beb37-91e5-48d3-a2a7-589f561555e8","2026-08-12T20:42:58Z","android_vivo_y19_termux","NATIVE_HARDWARE","aarch64","aarch64",8,3741,"Linux 4.14.186-g1003dc13e-dirty","clang","21.1.8 ","-O3 -march=armv8-a","mlkem-native","v1.2.0 (0ba906cb14b1c241476134d7403a811b382ca498)","ML-KEM-512","encapsulation",86,45308,3620864,True,""
"801a987c-3485-4e0f-ba63-36b7389fd96e","c83beb37-91e5-48d3-a2a7-589f561555e8","2026-08-12T20:42:58Z","android_vivo_y19_termux","NATIVE_HARDWARE","aarch64","aarch64",8,3741,"Linux 4.14.186-g1003dc13e-dirty","clang","21.1.8 ","-O3 -march=armv8-a","mlkem-native","v1.2.0 (0ba906cb14b1c241476134d7403a811b382ca498)","ML-KEM-512","decapsulation",86,54461,3620864,True,""
"801a987c-3485-4e0f-ba63-36b7389fd96e","c83beb37-91e5-48d3-a2a7-589f561555e8","2026-08-12T20:42:58Z","android_vivo_y19_termux","NATIVE_HARDWARE","aarch64","aarch64",8,3741,"Linux 4.14.186-g1003dc13e-dirty","clang","21.1.8 ","-O3 -march=armv8-a","mlkem-native","v1.2.0 (0ba906cb14b1c241476134d7403a811b382ca498)","ML-KEM-512","keygen",87,41308,3620864,True,""
"801a987c-3485-4e0f-ba63-36b7389fd96e","c83beb37-91e5-48d3-a2a7-589f561555e8","2026-08-12T20:42:58Z","android_vivo_y19_termux","NATIVE_HARDWARE","aarch64","aarch64",8,3741,"Linux 4.14.186-g1003dc13e-dirty","clang","21.1.8 ","-O3 -march=armv8-a","mlkem-native","v1.2.0 (0ba906cb14b1c241476134d7403a811b382ca498)","ML-KEM-512","encapsulation",87,46384,3620864,True,""
"801a987c-3485-4e0f-ba63-36b7389fd96e","c83beb37-91e5-48d3-a2a7-589f561555e8","2026-08-12T20:42:58Z","android_vivo_y19_termux","NATIVE_HARDWARE","aarch64","aarch64",8,3741,"Linux 4.14.186-g1003dc13e-dirty","clang","21.1.8 ","-O3 -march=armv8-a","mlkem-native","v1.2.0 (0ba906cb14b1c241476134d7403a811b382ca498)","ML-KEM-512","decapsulation",87,53924,3620864,True,""
"801a987c-3485-4e0f-ba63-36b7389fd96e","c83beb37-91e5-48d3-a2a7-589f561555e8","2026-08-12T20:42:58Z","android_vivo_y19_termux","NATIVE_HARDWARE","aarch64","aarch64",8,3741,"Linux 4.14.186-g1003dc13e-dirty","clang","21.1.8 ","-O3 -march=armv8-a","mlkem-native","v1.2.0 (0ba906cb14b1c241476134d7403a811b382ca498)","ML-KEM-512","keygen",88,40846,3620864,True,""
"801a987c-3485-4e0f-ba63-36b7389fd96e","c83beb37-91e5-48d3-a2a7-589f561555e8","2026-08-12T20:42:58Z","android_vivo_y19_termux","NATIVE_HARDWARE","aarch64","aarch64",8,3741,"Linux 4.14.186-g1003dc13e-dirty","clang","21.1.8 ","-O3 -march=armv8-a","mlkem-native","v1.2.0 (0ba906cb14b1c241476134d7403a811b382ca498)","ML-KEM-512","encapsulation",88,45539,3620864,True,""
"801a987c-3485-4e0f-ba63-36b7389fd96e","c83beb37-91e5-48d3-a2a7-589f561555e8","2026-08-12T20:42:58Z","android_vivo_y19_termux","NATIVE_HARDWARE","aarch64","aarch64",8,3741,"Linux 4.14.186-g1003dc13e-dirty","clang","21.1.8 ","-O3 -march=armv8-a","mlkem-native","v1.2.0 (0ba906cb14b1c241476134d7403a811b382ca498)","ML-KEM-512","decapsulation",88,53154,3620864,True,""
"801a987c-3485-4e0f-ba63-36b7389fd96e","c83beb37-91e5-48d3-a2a7-589f561555e8","2026-08-12T20:42:58Z","android_vivo_y19_termux","NATIVE_HARDWARE","aarch64","aarch64",8,3741,"Linux 4.14.186-g1003dc13e-dirty","clang","21.1.8 ","-O3 -march=armv8-a","mlkem-native","v1.2.0 (0ba906cb14b1c241476134d7403a811b382ca498)","ML-KEM-512","keygen",89,40616,3620864,True,""
"801a987c-3485-4e0f-ba63-36b7389fd96e","c83beb37-91e5-48d3-a2a7-589f561555e8","2026-08-12T20:42:58Z","android_vivo_y19_termux","NATIVE_HARDWARE","aarch64","aarch64",8,3741,"Linux 4.14.186-g1003dc13e-dirty","clang","21.1.8 ","-O3 -march=armv8-a","mlkem-native","v1.2.0 (0ba906cb14b1c241476134d7403a811b382ca498)","ML-KEM-512","encapsulation",89,45307,3620864,True,""
"801a987c-3485-4e0f-ba63-36b7389fd96e","c83beb37-91e5-48d3-a2a7-589f561555e8","2026-08-12T20:42:58Z","android_vivo_y19_termux","NATIVE_HARDWARE","aarch64","aarch64",8,3741,"Linux 4.14.186-g1003dc13e-dirty","clang","21.1.8 ","-O3 -march=armv8-a","mlkem-native","v1.2.0 (0ba906cb14b1c241476134d7403a811b382ca498)","ML-KEM-512","decapsulation",89,52846,3620864,True,""
"801a987c-3485-4e0f-ba63-36b7389fd96e","c83beb37-91e5-48d3-a2a7-589f561555e8","2026-08-12T20:42:58Z","android_vivo_y19_termux","NATIVE_HARDWARE","aarch64","aarch64",8,3741,"Linux 4.14.186-g1003dc13e-dirty","clang","21.1.8 ","-O3 -march=armv8-a","mlkem-native","v1.2.0 (0ba906cb14b1c241476134d7403a811b382ca498)","ML-KEM-512","keygen",90,40616,3620864,True,""
"801a987c-3485-4e0f-ba63-36b7389fd96e","c83beb37-91e5-48d3-a2a7-589f561555e8","2026-08-12T20:42:58Z","android_vivo_y19_termux","NATIVE_HARDWARE","aarch64","aarch64",8,3741,"Linux 4.14.186-g1003dc13e-dirty","clang","21.1.8 ","-O3 -march=armv8-a","mlkem-native","v1.2.0 (0ba906cb14b1c241476134d7403a811b382ca498)","ML-KEM-512","encapsulation",90,45846,3620864,True,""
"801a987c-3485-4e0f-ba63-36b7389fd96e","c83beb37-91e5-48d3-a2a7-589f561555e8","2026-08-12T20:42:58Z","android_vivo_y19_termux","NATIVE_HARDWARE","aarch64","aarch64",8,3741,"Linux 4.14.186-g1003dc13e-dirty","clang","21.1.8 ","-O3 -march=armv8-a","mlkem-native","v1.2.0 (0ba906cb14b1c241476134d7403a811b382ca498)","ML-KEM-512","decapsulation",90,53231,3620864,True,""
"801a987c-3485-4e0f-ba63-36b7389fd96e","c83beb37-91e5-48d3-a2a7-589f561555e8","2026-08-12T20:42:58Z","android_vivo_y19_termux","NATIVE_HARDWARE","aarch64","aarch64",8,3741,"Linux 4.14.186-g1003dc13e-dirty","clang","21.1.8 ","-O3 -march=armv8-a","mlkem-native","v1.2.0 (0ba906cb14b1c241476134d7403a811b382ca498)","ML-KEM-512","keygen",91,41308,3620864,True,""
"801a987c-3485-4e0f-ba63-36b7389fd96e","c83beb37-91e5-48d3-a2a7-589f561555e8","2026-08-12T20:42:58Z","android_vivo_y19_termux","NATIVE_HARDWARE","aarch64","aarch64",8,3741,"Linux 4.14.186-g1003dc13e-dirty","clang","21.1.8 ","-O3 -march=armv8-a","mlkem-native","v1.2.0 (0ba906cb14b1c241476134d7403a811b382ca498)","ML-KEM-512","encapsulation",91,46462,3620864,True,""
"801a987c-3485-4e0f-ba63-36b7389fd96e","c83beb37-91e5-48d3-a2a7-589f561555e8","2026-08-12T20:42:58Z","android_vivo_y19_termux","NATIVE_HARDWARE","aarch64","aarch64",8,3741,"Linux 4.14.186-g1003dc13e-dirty","clang","21.1.8 ","-O3 -march=armv8-a","mlkem-native","v1.2.0 (0ba906cb14b1c241476134d7403a811b382ca498)","ML-KEM-512","decapsulation",91,53538,3620864,True,""
"801a987c-3485-4e0f-ba63-36b7389fd96e","c83beb37-91e5-48d3-a2a7-589f561555e8","2026-08-12T20:42:58Z","android_vivo_y19_termux","NATIVE_HARDWARE","aarch64","aarch64",8,3741,"Linux 4.14.186-g1003dc13e-dirty","clang","21.1.8 ","-O3 -march=armv8-a","mlkem-native","v1.2.0 (0ba906cb14b1c241476134d7403a811b382ca498)","ML-KEM-512","keygen",92,40847,3620864,True,""
"801a987c-3485-4e0f-ba63-36b7389fd96e","c83beb37-91e5-48d3-a2a7-589f561555e8","2026-08-12T20:42:58Z","android_vivo_y19_termux","NATIVE_HARDWARE","aarch64","aarch64",8,3741,"Linux 4.14.186-g1003dc13e-dirty","clang","21.1.8 ","-O3 -march=armv8-a","mlkem-native","v1.2.0 (0ba906cb14b1c241476134d7403a811b382ca498)","ML-KEM-512","encapsulation",92,44923,3620864,True,""
"801a987c-3485-4e0f-ba63-36b7389fd96e","c83beb37-91e5-48d3-a2a7-589f561555e8","2026-08-12T20:42:58Z","android_vivo_y19_termux","NATIVE_HARDWARE","aarch64","aarch64",8,3741,"Linux 4.14.186-g1003dc13e-dirty","clang","21.1.8 ","-O3 -march=armv8-a","mlkem-native","v1.2.0 (0ba906cb14b1c241476134d7403a811b382ca498)","ML-KEM-512","decapsulation",92,52307,3620864,True,""
"801a987c-3485-4e0f-ba63-36b7389fd96e","c83beb37-91e5-48d3-a2a7-589f561555e8","2026-08-12T20:42:58Z","android_vivo_y19_termux","NATIVE_HARDWARE","aarch64","aarch64",8,3741,"Linux 4.14.186-g1003dc13e-dirty","clang","21.1.8 ","-O3 -march=armv8-a","mlkem-native","v1.2.0 (0ba906cb14b1c241476134d7403a811b382ca498)","ML-KEM-512","keygen",93,40308,3620864,True,""
"801a987c-3485-4e0f-ba63-36b7389fd96e","c83beb37-91e5-48d3-a2a7-589f561555e8","2026-08-12T20:42:58Z","android_vivo_y19_termux","NATIVE_HARDWARE","aarch64","aarch64",8,3741,"Linux 4.14.186-g1003dc13e-dirty","clang","21.1.8 ","-O3 -march=armv8-a","mlkem-native","v1.2.0 (0ba906cb14b1c241476134d7403a811b382ca498)","ML-KEM-512","encapsulation",93,45538,3620864,True,""
"801a987c-3485-4e0f-ba63-36b7389fd96e","c83beb37-91e5-48d3-a2a7-589f561555e8","2026-08-12T20:42:58Z","android_vivo_y19_termux","NATIVE_HARDWARE","aarch64","aarch64",8,3741,"Linux 4.14.186-g1003dc13e-dirty","clang","21.1.8 ","-O3 -march=armv8-a","mlkem-native","v1.2.0 (0ba906cb14b1c241476134d7403a811b382ca498)","ML-KEM-512","decapsulation",93,53000,3620864,True,""
"801a987c-3485-4e0f-ba63-36b7389fd96e","c83beb37-91e5-48d3-a2a7-589f561555e8","2026-08-12T20:42:58Z","android_vivo_y19_termux","NATIVE_HARDWARE","aarch64","aarch64",8,3741,"Linux 4.14.186-g1003dc13e-dirty","clang","21.1.8 ","-O3 -march=armv8-a","mlkem-native","v1.2.0 (0ba906cb14b1c241476134d7403a811b382ca498)","ML-KEM-512","keygen",94,44615,3620864,True,""
"801a987c-3485-4e0f-ba63-36b7389fd96e","c83beb37-91e5-48d3-a2a7-589f561555e8","2026-08-12T20:42:58Z","android_vivo_y19_termux","NATIVE_HARDWARE","aarch64","aarch64",8,3741,"Linux 4.14.186-g1003dc13e-dirty","clang","21.1.8 ","-O3 -march=armv8-a","mlkem-native","v1.2.0 (0ba906cb14b1c241476134d7403a811b382ca498)","ML-KEM-512","encapsulation",94,45539,3620864,True,""
"801a987c-3485-4e0f-ba63-36b7389fd96e","c83beb37-91e5-48d3-a2a7-589f561555e8","2026-08-12T20:42:58Z","android_vivo_y19_termux","NATIVE_HARDWARE","aarch64","aarch64",8,3741,"Linux 4.14.186-g1003dc13e-dirty","clang","21.1.8 ","-O3 -march=armv8-a","mlkem-native","v1.2.0 (0ba906cb14b1c241476134d7403a811b382ca498)","ML-KEM-512","decapsulation",94,53923,3620864,True,""
"801a987c-3485-4e0f-ba63-36b7389fd96e","c83beb37-91e5-48d3-a2a7-589f561555e8","2026-08-12T20:42:58Z","android_vivo_y19_termux","NATIVE_HARDWARE","aarch64","aarch64",8,3741,"Linux 4.14.186-g1003dc13e-dirty","clang","21.1.8 ","-O3 -march=armv8-a","mlkem-native","v1.2.0 (0ba906cb14b1c241476134d7403a811b382ca498)","ML-KEM-512","keygen",95,41230,3620864,True,""
"801a987c-3485-4e0f-ba63-36b7389fd96e","c83beb37-91e5-48d3-a2a7-589f561555e8","2026-08-12T20:42:58Z","android_vivo_y19_termux","NATIVE_HARDWARE","aarch64","aarch64",8,3741,"Linux 4.14.186-g1003dc13e-dirty","clang","21.1.8 ","-O3 -march=armv8-a","mlkem-native","v1.2.0 (0ba906cb14b1c241476134d7403a811b382ca498)","ML-KEM-512","encapsulation",95,45923,3620864,True,""
"801a987c-3485-4e0f-ba63-36b7389fd96e","c83beb37-91e5-48d3-a2a7-589f561555e8","2026-08-12T20:42:58Z","android_vivo_y19_termux","NATIVE_HARDWARE","aarch64","aarch64",8,3741,"Linux 4.14.186-g1003dc13e-dirty","clang","21.1.8 ","-O3 -march=armv8-a","mlkem-native","v1.2.0 (0ba906cb14b1c241476134d7403a811b382ca498)","ML-KEM-512","decapsulation",95,53769,3620864,True,""
"801a987c-3485-4e0f-ba63-36b7389fd96e","c83beb37-91e5-48d3-a2a7-589f561555e8","2026-08-12T20:42:58Z","android_vivo_y19_termux","NATIVE_HARDWARE","aarch64","aarch64",8,3741,"Linux 4.14.186-g1003dc13e-dirty","clang","21.1.8 ","-O3 -march=armv8-a","mlkem-native","v1.2.0 (0ba906cb14b1c241476134d7403a811b382ca498)","ML-KEM-512","keygen",96,40615,3620864,True,""
"801a987c-3485-4e0f-ba63-36b7389fd96e","c83beb37-91e5-48d3-a2a7-589f561555e8","2026-08-12T20:42:58Z","android_vivo_y19_termux","NATIVE_HARDWARE","aarch64","aarch64",8,3741,"Linux 4.14.186-g1003dc13e-dirty","clang","21.1.8 ","-O3 -march=armv8-a","mlkem-native","v1.2.0 (0ba906cb14b1c241476134d7403a811b382ca498)","ML-KEM-512","encapsulation",96,45847,3620864,True,""
"801a987c-3485-4e0f-ba63-36b7389fd96e","c83beb37-91e5-48d3-a2a7-589f561555e8","2026-08-12T20:42:58Z","android_vivo_y19_termux","NATIVE_HARDWARE","aarch64","aarch64",8,3741,"Linux 4.14.186-g1003dc13e-dirty","clang","21.1.8 ","-O3 -march=armv8-a","mlkem-native","v1.2.0 (0ba906cb14b1c241476134d7403a811b382ca498)","ML-KEM-512","decapsulation",96,53539,3620864,True,""
"801a987c-3485-4e0f-ba63-36b7389fd96e","c83beb37-91e5-48d3-a2a7-589f561555e8","2026-08-12T20:42:58Z","android_vivo_y19_termux","NATIVE_HARDWARE","aarch64","aarch64",8,3741,"Linux 4.14.186-g1003dc13e-dirty","clang","21.1.8 ","-O3 -march=armv8-a","mlkem-native","v1.2.0 (0ba906cb14b1c241476134d7403a811b382ca498)","ML-KEM-512","keygen",97,40692,3620864,True,""
"801a987c-3485-4e0f-ba63-36b7389fd96e","c83beb37-91e5-48d3-a2a7-589f561555e8","2026-08-12T20:42:58Z","android_vivo_y19_termux","NATIVE_HARDWARE","aarch64","aarch64",8,3741,"Linux 4.14.186-g1003dc13e-dirty","clang","21.1.8 ","-O3 -march=armv8-a","mlkem-native","v1.2.0 (0ba906cb14b1c241476134d7403a811b382ca498)","ML-KEM-512","encapsulation",97,46077,3620864,True,""
"801a987c-3485-4e0f-ba63-36b7389fd96e","c83beb37-91e5-48d3-a2a7-589f561555e8","2026-08-12T20:42:58Z","android_vivo_y19_termux","NATIVE_HARDWARE","aarch64","aarch64",8,3741,"Linux 4.14.186-g1003dc13e-dirty","clang","21.1.8 ","-O3 -march=armv8-a","mlkem-native","v1.2.0 (0ba906cb14b1c241476134d7403a811b382ca498)","ML-KEM-512","decapsulation",97,53538,3620864,True,""
"801a987c-3485-4e0f-ba63-36b7389fd96e","c83beb37-91e5-48d3-a2a7-589f561555e8","2026-08-12T20:42:58Z","android_vivo_y19_termux","NATIVE_HARDWARE","aarch64","aarch64",8,3741,"Linux 4.14.186-g1003dc13e-dirty","clang","21.1.8 ","-O3 -march=armv8-a","mlkem-native","v1.2.0 (0ba906cb14b1c241476134d7403a811b382ca498)","ML-KEM-512","keygen",98,40615,3620864,True,""
"801a987c-3485-4e0f-ba63-36b7389fd96e","c83beb37-91e5-48d3-a2a7-589f561555e8","2026-08-12T20:42:58Z","android_vivo_y19_termux","NATIVE_HARDWARE","aarch64","aarch64",8,3741,"Linux 4.14.186-g1003dc13e-dirty","clang","21.1.8 ","-O3 -march=armv8-a","mlkem-native","v1.2.0 (0ba906cb14b1c241476134d7403a811b382ca498)","ML-KEM-512","encapsulation",98,45154,3620864,True,""
"801a987c-3485-4e0f-ba63-36b7389fd96e","c83beb37-91e5-48d3-a2a7-589f561555e8","2026-08-12T20:42:58Z","android_vivo_y19_termux","NATIVE_HARDWARE","aarch64","aarch64",8,3741,"Linux 4.14.186-g1003dc13e-dirty","clang","21.1.8 ","-O3 -march=armv8-a","mlkem-native","v1.2.0 (0ba906cb14b1c241476134d7403a811b382ca498)","ML-KEM-512","decapsulation",98,53769,3620864,True,""
"801a987c-3485-4e0f-ba63-36b7389fd96e","c83beb37-91e5-48d3-a2a7-589f561555e8","2026-08-12T20:42:58Z","android_vivo_y19_termux","NATIVE_HARDWARE","aarch64","aarch64",8,3741,"Linux 4.14.186-g1003dc13e-dirty","clang","21.1.8 ","-O3 -march=armv8-a","mlkem-native","v1.2.0 (0ba906cb14b1c241476134d7403a811b382ca498)","ML-KEM-512","keygen",99,41231,3620864,True,""
"801a987c-3485-4e0f-ba63-36b7389fd96e","c83beb37-91e5-48d3-a2a7-589f561555e8","2026-08-12T20:42:58Z","android_vivo_y19_termux","NATIVE_HARDWARE","aarch64","aarch64",8,3741,"Linux 4.14.186-g1003dc13e-dirty","clang","21.1.8 ","-O3 -march=armv8-a","mlkem-native","v1.2.0 (0ba906cb14b1c241476134d7403a811b382ca498)","ML-KEM-512","encapsulation",99,82692,3620864,True,""
"801a987c-3485-4e0f-ba63-36b7389fd96e","c83beb37-91e5-48d3-a2a7-589f561555e8","2026-08-12T20:42:58Z","android_vivo_y19_termux","NATIVE_HARDWARE","aarch64","aarch64",8,3741,"Linux 4.14.186-g1003dc13e-dirty","clang","21.1.8 ","-O3 -march=armv8-a","mlkem-native","v1.2.0 (0ba906cb14b1c241476134d7403a811b382ca498)","ML-KEM-512","decapsulation",99,54462,3620864,True,""
"801a987c-3485-4e0f-ba63-36b7389fd96e","c83beb37-91e5-48d3-a2a7-589f561555e8","2026-08-12T20:42:58Z","android_vivo_y19_termux","NATIVE_HARDWARE","aarch64","aarch64",8,3741,"Linux 4.14.186-g1003dc13e-dirty","clang","21.1.8 ","-O3 -march=armv8-a","mlkem-native","v1.2.0 (0ba906cb14b1c241476134d7403a811b382ca498)","ML-KEM-512","keygen",100,42231,3620864,True,""
"801a987c-3485-4e0f-ba63-36b7389fd96e","c83beb37-91e5-48d3-a2a7-589f561555e8","2026-08-12T20:42:58Z","android_vivo_y19_termux","NATIVE_HARDWARE","aarch64","aarch64",8,3741,"Linux 4.14.186-g1003dc13e-dirty","clang","21.1.8 ","-O3 -march=armv8-a","mlkem-native","v1.2.0 (0ba906cb14b1c241476134d7403a811b382ca498)","ML-KEM-512","encapsulation",100,45308,3620864,True,""
"801a987c-3485-4e0f-ba63-36b7389fd96e","c83beb37-91e5-48d3-a2a7-589f561555e8","2026-08-12T20:42:58Z","android_vivo_y19_termux","NATIVE_HARDWARE","aarch64","aarch64",8,3741,"Linux 4.14.186-g1003dc13e-dirty","clang","21.1.8 ","-O3 -march=armv8-a","mlkem-native","v1.2.0 (0ba906cb14b1c241476134d7403a811b382ca498)","ML-KEM-512","decapsulation",100,52923,3620864,True,""
