experiment_id,run_id,timestamp,environment,measurement_type,architecture,processor,cpu_cores,ram_mb,os,compiler,compiler_version,optimization_flags,implementation,implementation_version,mlkem_variant,operation,iteration,execution_time_ns,memory_bytes,success,error_message
"a988d7c7-fd2a-461e-b626-97aeb475bd28","8a2b18b5-5d34-41bf-a21d-69254ae34d0a","2026-08-12T20:43:17Z","android_vivo_y19_termux","NATIVE_HARDWARE","aarch64","aarch64",8,3741,"Linux 4.14.186-g1003dc13e-dirty","clang","21.1.8 ","-O3 -march=armv8-a","mlkem-native","v1.2.0 (0ba906cb14b1c241476134d7403a811b382ca498)","ML-KEM-768","keygen",1,182692,3629056,True,""
"a988d7c7-fd2a-461e-b626-97aeb475bd28","8a2b18b5-5d34-41bf-a21d-69254ae34d0a","2026-08-12T20:43:17Z","android_vivo_y19_termux","NATIVE_HARDWARE","aarch64","aarch64",8,3741,"Linux 4.14.186-g1003dc13e-dirty","clang","21.1.8 ","-O3 -march=armv8-a","mlkem-native","v1.2.0 (0ba906cb14b1c241476134d7403a811b382ca498)","ML-KEM-768","encapsulation",1,430077,3629056,True,""
"a988d7c7-fd2a-461e-b626-97aeb475bd28","8a2b18b5-5d34-41bf-a21d-69254ae34d0a","2026-08-12T20:43:17Z","android_vivo_y19_termux","NATIVE_HARDWARE","aarch64","aarch64",8,3741,"Linux 4.14.186-g1003dc13e-dirty","clang","21.1.8 ","-O3 -march=armv8-a","mlkem-native","v1.2.0 (0ba906cb14b1c241476134d7403a811b382ca498)","ML-KEM-768","decapsulation",1,337154,3629056,True,""
"a988d7c7-fd2a-461e-b626-97aeb475bd28","8a2b18b5-5d34-41bf-a21d-69254ae34d0a","2026-08-12T20:43:17Z","android_vivo_y19_termux","NATIVE_HARDWARE","aarch64","aarch64",8,3741,"Linux 4.14.186-g1003dc13e-dirty","clang","21.1.8 ","-O3 -march=armv8-a","mlkem-native","v1.2.0 (0ba906cb14b1c241476134d7403a811b382ca498)","ML-KEM-768","keygen",2,227616,3629056,True,""
"a988d7c7-fd2a-461e-b626-97aeb475bd28","8a2b18b5-5d34-41bf-a21d-69254ae34d0a","2026-08-12T20:43:17Z","android_vivo_y19_termux","NATIVE_HARDWARE","aarch64","aarch64",8,3741,"Linux 4.14.186-g1003dc13e-dirty","clang","21.1.8 ","-O3 -march=armv8-a","mlkem-native","v1.2.0 (0ba906cb14b1c241476134d7403a811b382ca498)","ML-KEM-768","encapsulation",2,250077,3629056,True,""
"a988d7c7-fd2a-461e-b626-97aeb475bd28","8a2b18b5-5d34-41bf-a21d-69254ae34d0a","2026-08-12T20:43:17Z","android_vivo_y19_termux","NATIVE_HARDWARE","aarch64","aarch64",8,3741,"Linux 4.14.186-g1003dc13e-dirty","clang","21.1.8 ","-O3 -march=armv8-a","mlkem-native","v1.2.0 (0ba906cb14b1c241476134d7403a811b382ca498)","ML-KEM-768","decapsulation",2,292307,3629056,True,""
"a988d7c7-fd2a-461e-b626-97aeb475bd28","8a2b18b5-5d34-41bf-a21d-69254ae34d0a","2026-08-12T20:43:17Z","android_vivo_y19_termux","NATIVE_HARDWARE","aarch64","aarch64",8,3741,"Linux 4.14.186-g1003dc13e-dirty","clang","21.1.8 ","-O3 -march=armv8-a","mlkem-native","v1.2.0 (0ba906cb14b1c241476134d7403a811b382ca498)","ML-KEM-768","keygen",3,212692,3629056,True,""
"a988d7c7-fd2a-461e-b626-97aeb475bd28","8a2b18b5-5d34-41bf-a21d-69254ae34d0a","2026-08-12T20:43:17Z","android_vivo_y19_termux","NATIVE_HARDWARE","aarch64","aarch64",8,3741,"Linux 4.14.186-g1003dc13e-dirty","clang","21.1.8 ","-O3 -march=armv8-a","mlkem-native","v1.2.0 (0ba906cb14b1c241476134d7403a811b382ca498)","ML-KEM-768","encapsulation",3,241231,3629056,True,""
"a988d7c7-fd2a-461e-b626-97aeb475bd28","8a2b18b5-5d34-41bf-a21d-69254ae34d0a","2026-08-12T20:43:17Z","android_vivo_y19_termux","NATIVE_HARDWARE","aarch64","aarch64",8,3741,"Linux 4.14.186-g1003dc13e-dirty","clang","21.1.8 ","-O3 -march=armv8-a","mlkem-native","v1.2.0 (0ba906cb14b1c241476134d7403a811b382ca498)","ML-KEM-768","decapsulation",3,281923,3629056,True,""
"a988d7c7-fd2a-461e-b626-97aeb475bd28","8a2b18b5-5d34-41bf-a21d-69254ae34d0a","2026-08-12T20:43:17Z","android_vivo_y19_termux","NATIVE_HARDWARE","aarch64","aarch64",8,3741,"Linux 4.14.186-g1003dc13e-dirty","clang","21.1.8 ","-O3 -march=armv8-a","mlkem-native","v1.2.0 (0ba906cb14b1c241476134d7403a811b382ca498)","ML-KEM-768","keygen",4,368538,3629056,True,""
"a988d7c7-fd2a-461e-b626-97aeb475bd28","8a2b18b5-5d34-41bf-a21d-69254ae34d0a","2026-08-12T20:43:17Z","android_vivo_y19_termux","NATIVE_HARDWARE","aarch64","aarch64",8,3741,"Linux 4.14.186-g1003dc13e-dirty","clang","21.1.8 ","-O3 -march=armv8-a","mlkem-native","v1.2.0 (0ba906cb14b1c241476134d7403a811b382ca498)","ML-KEM-768","encapsulation",4,238154,3629056,True,""
"a988d7c7-fd2a-461e-b626-97aeb475bd28","8a2b18b5-5d34-41bf-a21d-69254ae34d0a","2026-08-12T20:43:17Z","android_vivo_y19_termux","NATIVE_HARDWARE","aarch64","aarch64",8,3741,"Linux 4.14.186-g1003dc13e-dirty","clang","21.1.8 ","-O3 -march=armv8-a","mlkem-native","v1.2.0 (0ba906cb14b1c241476134d7403a811b382ca498)","ML-KEM-768","decapsulation",4,284308,3629056,True,""
"a988d7c7-fd2a-461e-b626-97aeb475bd28","8a2b18b5-5d34-41bf-a21d-69254ae34d0a","2026-08-12T20:43:17Z","android_vivo_y19_termux","NATIVE_HARDWARE","aarch64","aarch64",8,3741,"Linux 4.14.186-g1003dc13e-dirty","clang","21.1.8 ","-O3 -march=armv8-a","mlkem-native","v1.2.0 (0ba906cb14b1c241476134d7403a811b382ca498)","ML-KEM-768","keygen",5,211308,3629056,True,""
"a988d7c7-fd2a-461e-b626-97aeb475bd28","8a2b18b5-5d34-41bf-a21d-69254ae34d0a","2026-08-12T20:43:17Z","android_vivo_y19_termux","NATIVE_HARDWARE","aarch64","aarch64",8,3741,"Linux 4.14.186-g1003dc13e-dirty","clang","21.1.8 ","-O3 -march=armv8-a","mlkem-native","v1.2.0 (0ba906cb14b1c241476134d7403a811b382ca498)","ML-KEM-768","encapsulation",5,238461,3629056,True,""
"a988d7c7-fd2a-461e-b626-97aeb475bd28","8a2b18b5-5d34-41bf-a21d-69254ae34d0a","2026-08-12T20:43:17Z","android_vivo_y19_termux","NATIVE_HARDWARE","aarch64","aarch64",8,3741,"Linux 4.14.186-g1003dc13e-dirty","clang","21.1.8 ","-O3 -march=armv8-a","mlkem-native","v1.2.0 (0ba906cb14b1c241476134d7403a811b382ca498)","ML-KEM-768","decapsulation",5,280385,3629056,True,""
"a988d7c7-fd2a-461e-b626-97aeb475bd28","8a2b18b5-5d34-41bf-a21d-69254ae34d0a","2026-08-12T20:43:17Z","android_vivo_y19_termux","NATIVE_HARDWARE","aarch64","aarch64",8,3741,"Linux 4.14.186-g1003dc13e-dirty","clang","21.1.8 ","-O3 -march=armv8-a","mlkem-native","v1.2.0 (0ba906cb14b1c241476134d7403a811b382ca498)","ML-KEM-768","keygen",6,211384,3629056,True,""
"a988d7c7-fd2a-461e-b626-97aeb475bd28","8a2b18b5-5d34-41bf-a21d-69254ae34d0a","2026-08-12T20:43:17Z","android_vivo_y19_termux","NATIVE_HARDWARE","aarch64","aarch64",8,3741,"Linux 4.14.186-g1003dc13e-dirty","clang","21.1.8 ","-O3 -march=armv8-a","mlkem-native","v1.2.0 (0ba906cb14b1c241476134d7403a811b382ca498)","ML-KEM-768","encapsulation",6,316307,3629056,True,""
"a988d7c7-fd2a-461e-b626-97aeb475bd28","8a2b18b5-5d34-41bf-a21d-69254ae34d0a","2026-08-12T20:43:17Z","android_vivo_y19_termux","NATIVE_HARDWARE","aarch64","aarch64",8,3741,"Linux 4.14.186-g1003dc13e-dirty","clang","21.1.8 ","-O3 -march=armv8-a","mlkem-native","v1.2.0 (0ba906cb14b1c241476134d7403a811b382ca498)","ML-KEM-768","decapsulation",6,282692,3629056,True,""
"a988d7c7-fd2a-461e-b626-97aeb475bd28","8a2b18b5-5d34-41bf-a21d-69254ae34d0a","2026-08-12T20:43:17Z","android_vivo_y19_termux","NATIVE_HARDWARE","aarch64","aarch64",8,3741,"Linux 4.14.186-g1003dc13e-dirty","clang","21.1.8 ","-O3 -march=armv8-a","mlkem-native","v1.2.0 (0ba906cb14b1c241476134d7403a811b382ca498)","ML-KEM-768","keygen",7,214539,3629056,True,""
"a988d7c7-fd2a-461e-b626-97aeb475bd28","8a2b18b5-5d34-41bf-a21d-69254ae34d0a","2026-08-12T20:43:17Z","android_vivo_y19_termux","NATIVE_HARDWARE","aarch64","aarch64",8,3741,"Linux 4.14.186-g1003dc13e-dirty","clang","21.1.8 ","-O3 -march=armv8-a","mlkem-native","v1.2.0 (0ba906cb14b1c241476134d7403a811b382ca498)","ML-KEM-768","encapsulation",7,238153,3629056,True,""
"a988d7c7-fd2a-461e-b626-97aeb475bd28","8a2b18b5-5d34-41bf-a21d-69254ae34d0a","2026-08-12T20:43:17Z","android_vivo_y19_termux","NATIVE_HARDWARE","aarch64","aarch64",8,3741,"Linux 4.14.186-g1003dc13e-dirty","clang","21.1.8 ","-O3 -march=armv8-a","mlkem-native","v1.2.0 (0ba906cb14b1c241476134d7403a811b382ca498)","ML-KEM-768","decapsulation",7,279692,3629056,True,""
"a988d7c7-fd2a-461e-b626-97aeb475bd28","8a2b18b5-5d34-41bf-a21d-69254ae34d0a","2026-08-12T20:43:17Z","android_vivo_y19_termux","NATIVE_HARDWARE","aarch64","aarch64",8,3741,"Linux 4.14.186-g1003dc13e-dirty","clang","21.1.8 ","-O3 -march=armv8-a","mlkem-native","v1.2.0 (0ba906cb14b1c241476134d7403a811b382ca498)","ML-KEM-768","keygen",8,212000,3629056,True,""
"a988d7c7-fd2a-461e-b626-97aeb475bd28","8a2b18b5-5d34-41bf-a21d-69254ae34d0a","2026-08-12T20:43:17Z","android_vivo_y19_termux","NATIVE_HARDWARE","aarch64","aarch64",8,3741,"Linux 4.14.186-g1003dc13e-dirty","clang","21.1.8 ","-O3 -march=armv8-a","mlkem-native","v1.2.0 (0ba906cb14b1c241476134d7403a811b382ca498)","ML-KEM-768","encapsulation",8,247462,3629056,True,""
"a988d7c7-fd2a-461e-b626-97aeb475bd28","8a2b18b5-5d34-41bf-a21d-69254ae34d0a","2026-08-12T20:43:17Z","android_vivo_y19_termux","NATIVE_HARDWARE","aarch64","aarch64",8,3741,"Linux 4.14.186-g1003dc13e-dirty","clang","21.1.8 ","-O3 -march=armv8-a","mlkem-native","v1.2.0 (0ba906cb14b1c241476134d7403a811b382ca498)","ML-KEM-768","decapsulation",8,287385,3629056,True,""
"a988d7c7-fd2a-461e-b626-97aeb475bd28","8a2b18b5-5d34-41bf-a21d-69254ae34d0a","2026-08-12T20:43:17Z","android_vivo_y19_termux","NATIVE_HARDWARE","aarch64","aarch64",8,3741,"Linux 4.14.186-g1003dc13e-dirty","clang","21.1.8 ","-O3 -march=armv8-a","mlkem-native","v1.2.0 (0ba906cb14b1c241476134d7403a811b382ca498)","ML-KEM-768","keygen",9,272307,3629056,True,""
"a988d7c7-fd2a-461e-b626-97aeb475bd28","8a2b18b5-5d34-41bf-a21d-69254ae34d0a","2026-08-12T20:43:17Z","android_vivo_y19_termux","NATIVE_HARDWARE","aarch64","aarch64",8,3741,"Linux 4.14.186-g1003dc13e-dirty","clang","21.1.8 ","-O3 -march=armv8-a","mlkem-native","v1.2.0 (0ba906cb14b1c241476134d7403a811b382ca498)","ML-KEM-768","encapsulation",9,241539,3629056,True,""
"a988d7c7-fd2a-461e-b626-97aeb475bd28","8a2b18b5-5d34-41bf-a21d-69254ae34d0a","2026-08-12T20:43:17Z","android_vivo_y19_termux","NATIVE_HARDWARE","aarch64","aarch64",8,3741,"Linux 4.14.186-g1003dc13e-dirty","clang","21.1.8 ","-O3 -march=armv8-a","mlkem-native","v1.2.0 (0ba906cb14b1c241476134d7403a811b382ca498)","ML-KEM-768","decapsulation",9,283769,3629056,True,""
"a988d7c7-fd2a-461e-b626-97aeb475bd28","8a2b18b5-5d34-41bf-a21d-69254ae34d0a","2026-08-12T20:43:17Z","android_vivo_y19_termux","NATIVE_HARDWARE","aarch64","aarch64",8,3741,"Linux 4.14.186-g1003dc13e-dirty","clang","21.1.8 ","-O3 -march=armv8-a","mlkem-native","v1.2.0 (0ba906cb14b1c241476134d7403a811b382ca498)","ML-KEM-768","keygen",10,212308,3629056,True,""
"a988d7c7-fd2a-461e-b626-97aeb475bd28","8a2b18b5-5d34-41bf-a21d-69254ae34d0a","2026-08-12T20:43:17Z","android_vivo_y19_termux","NATIVE_HARDWARE","aarch64","aarch64",8,3741,"Linux 4.14.186-g1003dc13e-dirty","clang","21.1.8 ","-O3 -march=armv8-a","mlkem-native","v1.2.0 (0ba906cb14b1c241476134d7403a811b382ca498)","ML-KEM-768","encapsulation",10,238154,3629056,True,""
"a988d7c7-fd2a-461e-b626-97aeb475bd28","8a2b18b5-5d34-41bf-a21d-69254ae34d0a","2026-08-12T20:43:17Z","android_vivo_y19_termux","NATIVE_HARDWARE","aarch64","aarch64",8,3741,"Linux 4.14.186-g1003dc13e-dirty","clang","21.1.8 ","-O3 -march=armv8-a","mlkem-native","v1.2.0 (0ba906cb14b1c241476134d7403a811b382ca498)","ML-KEM-768","decapsulation",10,282154,3629056,True,""
"a988d7c7-fd2a-461e-b626-97aeb475bd28","8a2b18b5-5d34-41bf-a21d-69254ae34d0a","2026-08-12T20:43:17Z","android_vivo_y19_termux","NATIVE_HARDWARE","aarch64","aarch64",8,3741,"Linux 4.14.186-g1003dc13e-dirty","clang","21.1.8 ","-O3 -march=armv8-a","mlkem-native","v1.2.0 (0ba906cb14b1c241476134d7403a811b382ca498)","ML-KEM-768","keygen",11,211923,3629056,True,""
"a988d7c7-fd2a-461e-b626-97aeb475bd28","8a2b18b5-5d34-41bf-a21d-69254ae34d0a","2026-08-12T20:43:17Z","android_vivo_y19_termux","NATIVE_HARDWARE","aarch64","aarch64",8,3741,"Linux 4.14.186-g1003dc13e-dirty","clang","21.1.8 ","-O3 -march=armv8-a","mlkem-native","v1.2.0 (0ba906cb14b1c241476134d7403a811b382ca498)","ML-KEM-768","encapsulation",11,237230,3629056,True,""
"a988d7c7-fd2a-461e-b626-97aeb475bd28","8a2b18b5-5d34-41bf-a21d-69254ae34d0a","2026-08-12T20:43:17Z","android_vivo_y19_termux","NATIVE_HARDWARE","aarch64","aarch64",8,3741,"Linux 4.14.186-g1003dc13e-dirty","clang","21.1.8 ","-O3 -march=armv8-a","mlkem-native","v1.2.0 (0ba906cb14b1c241476134d7403a811b382ca498)","ML-KEM-768","decapsulation",11,282077,3629056,True,""
"a988d7c7-fd2a-461e-b626-97aeb475bd28","8a2b18b5-5d34-41bf-a21d-69254ae34d0a","2026-08-12T20:43:17Z","android_vivo_y19_termux","NATIVE_HARDWARE","aarch64","aarch64",8,3741,"Linux 4.14.186-g1003dc13e-dirty","clang","21.1.8 ","-O3 -march=armv8-a","mlkem-native","v1.2.0 (0ba906cb14b1c241476134d7403a811b382ca498)","ML-KEM-768","keygen",12,223693,3629056,True,""
"a988d7c7-fd2a-461e-b626-97aeb475bd28","8a2b18b5-5d34-41bf-a21d-69254ae34d0a","2026-08-12T20:43:17Z","android_vivo_y19_termux","NATIVE_HARDWARE","aarch64","aarch64",8,3741,"Linux 4.14.186-g1003dc13e-dirty","clang","21.1.8 ","-O3 -march=armv8-a","mlkem-native","v1.2.0 (0ba906cb14b1c241476134d7403a811b382ca498)","ML-KEM-768","encapsulation",12,248615,3629056,True,""
"a988d7c7-fd2a-461e-b626-97aeb475bd28","8a2b18b5-5d34-41bf-a21d-69254ae34d0a","2026-08-12T20:43:17Z","android_vivo_y19_termux","NATIVE_HARDWARE","aarch64","aarch64",8,3741,"Linux 4.14.186-g1003dc13e-dirty","clang","21.1.8 ","-O3 -march=armv8-a","mlkem-native","v1.2.0 (0ba906cb14b1c241476134d7403a811b382ca498)","ML-KEM-768","decapsulation",12,291692,3629056,True,""
"a988d7c7-fd2a-461e-b626-97aeb475bd28","8a2b18b5-5d34-41bf-a21d-69254ae34d0a","2026-08-12T20:43:17Z","android_vivo_y19_termux","NATIVE_HARDWARE","aarch64","aarch64",8,3741,"Linux 4.14.186-g1003dc13e-dirty","clang","21.1.8 ","-O3 -march=armv8-a","mlkem-native","v1.2.0 (0ba906cb14b1c241476134d7403a811b382ca498)","ML-KEM-768","keygen",13,211769,3629056,True,""
"a988d7c7-fd2a-461e-b626-97aeb475bd28","8a2b18b5-5d34-41bf-a21d-69254ae34d0a","2026-08-12T20:43:17Z","android_vivo_y19_termux","NATIVE_HARDWARE","aarch64","aarch64",8,3741,"Linux 4.14.186-g1003dc13e-dirty","clang","21.1.8 ","-O3 -march=armv8-a","mlkem-native","v1.2.0 (0ba906cb14b1c241476134d7403a811b382ca498)","ML-KEM-768","encapsulation",13,238154,3629056,True,""
"a988d7c7-fd2a-461e-b626-97aeb475bd28","8a2b18b5-5d34-41bf-a21d-69254ae34d0a","2026-08-12T20:43:17Z","android_vivo_y19_termux","NATIVE_HARDWARE","aarch64","aarch64",8,3741,"Linux 4.14.186-g1003dc13e-dirty","clang","21.1.8 ","-O3 -march=armv8-a","mlkem-native","v1.2.0 (0ba906cb14b1c241476134d7403a811b382ca498)","ML-KEM-768","decapsulation",13,279154,3629056,True,""
"a988d7c7-fd2a-461e-b626-97aeb475bd28","8a2b18b5-5d34-41bf-a21d-69254ae34d0a","2026-08-12T20:43:17Z","android_vivo_y19_termux","NATIVE_HARDWARE","aarch64","aarch64",8,3741,"Linux 4.14.186-g1003dc13e-dirty","clang","21.1.8 ","-O3 -march=armv8-a","mlkem-native","v1.2.0 (0ba906cb14b1c241476134d7403a811b382ca498)","ML-KEM-768","keygen",14,210769,3629056,True,""
"a988d7c7-fd2a-461e-b626-97aeb475bd28","8a2b18b5-5d34-41bf-a21d-69254ae34d0a","2026-08-12T20:43:17Z","android_vivo_y19_termux","NATIVE_HARDWARE","aarch64","aarch64",8,3741,"Linux 4.14.186-g1003dc13e-dirty","clang","21.1.8 ","-O3 -march=armv8-a","mlkem-native","v1.2.0 (0ba906cb14b1c241476134d7403a811b382ca498)","ML-KEM-768","encapsulation",14,237923,3629056,True,""
"a988d7c7-fd2a-461e-b626-97aeb475bd28","8a2b18b5-5d34-41bf-a21d-69254ae34d0a","2026-08-12T20:43:17Z","android_vivo_y19_termux","NATIVE_HARDWARE","aarch64","aarch64",8,3741,"Linux 4.14.186-g1003dc13e-dirty","clang","21.1.8 ","-O3 -march=armv8-a","mlkem-native","v1.2.0 (0ba906cb14b1c241476134d7403a811b382ca498)","ML-KEM-768","decapsulation",14,339385,3629056,True,""
"a988d7c7-fd2a-461e-b626-97aeb475bd28","8a2b18b5-5d34-41bf-a21d-69254ae34d0a","2026-08-12T20:43:17Z","android_vivo_y19_termux","NATIVE_HARDWARE","aarch64","aarch64",8,3741,"Linux 4.14.186-g1003dc13e-dirty","clang","21.1.8 ","-O3 -march=armv8-a","mlkem-native","v1.2.0 (0ba906cb14b1c241476134d7403a811b382ca498)","ML-KEM-768","keygen",15,221538,3629056,True,""
"a988d7c7-fd2a-461e-b626-97aeb475bd28","8a2b18b5-5d34-41bf-a21d-69254ae34d0a","2026-08-12T20:43:17Z","android_vivo_y19_termux","NATIVE_HARDWARE","aarch64","aarch64",8,3741,"Linux 4.14.186-g1003dc13e-dirty","clang","21.1.8 ","-O3 -march=armv8-a","mlkem-native","v1.2.0 (0ba906cb14b1c241476134d7403a811b382ca498)","ML-KEM-768","encapsulation",15,236615,3629056,True,""
"a988d7c7-fd2a-461e-b626-97aeb475bd28","8a2b18b5-5d34-41bf-a21d-69254ae34d0a","2026-08-12T20:43:17Z","android_vivo_y19_termux","NATIVE_HARDWARE","aarch64","aarch64",8,3741,"Linux 4.14.186-g1003dc13e-dirty","clang","21.1.8 ","-O3 -march=armv8-a","mlkem-native","v1.2.0 (0ba906cb14b1c241476134d7403a811b382ca498)","ML-KEM-768","decapsulation",15,277539,3629056,True,""
"a988d7c7-fd2a-461e-b626-97aeb475bd28","8a2b18b5-5d34-41bf-a21d-69254ae34d0a","2026-08-12T20:43:17Z","android_vivo_y19_termux","NATIVE_HARDWARE","aarch64","aarch64",8,3741,"Linux 4.14.186-g1003dc13e-dirty","clang","21.1.8 ","-O3 -march=armv8-a","mlkem-native","v1.2.0 (0ba906cb14b1c241476134d7403a811b382ca498)","ML-KEM-768","keygen",16,211769,3629056,True,""
"a988d7c7-fd2a-461e-b626-97aeb475bd28","8a2b18b5-5d34-41bf-a21d-69254ae34d0a","2026-08-12T20:43:17Z","android_vivo_y19_termux","NATIVE_HARDWARE","aarch64","aarch64",8,3741,"Linux 4.14.186-g1003dc13e-dirty","clang","21.1.8 ","-O3 -march=armv8-a","mlkem-native","v1.2.0 (0ba906cb14b1c241476134d7403a811b382ca498)","ML-KEM-768","encapsulation",16,236923,3629056,True,""
"a988d7c7-fd2a-461e-b626-97aeb475bd28","8a2b18b5-5d34-41bf-a21d-69254ae34d0a","2026-08-12T20:43:17Z","android_vivo_y19_termux","NATIVE_HARDWARE","aarch64","aarch64",8,3741,"Linux 4.14.186-g1003dc13e-dirty","clang","21.1.8 ","-O3 -march=armv8-a","mlkem-native","v1.2.0 (0ba906cb14b1c241476134d7403a811b382ca498)","ML-KEM-768","decapsulation",16,427000,3629056,True,""
"a988d7c7-fd2a-461e-b626-97aeb475bd28","8a2b18b5-5d34-41bf-a21d-69254ae34d0a","2026-08-12T20:43:17Z","android_vivo_y19_termux","NATIVE_HARDWARE","aarch64","aarch64",8,3741,"Linux 4.14.186-g1003dc13e-dirty","clang","21.1.8 ","-O3 -march=armv8-a","mlkem-native","v1.2.0 (0ba906cb14b1c241476134d7403a811b382ca498)","ML-KEM-768","keygen",17,216077,3629056,True,""
"a988d7c7-fd2a-461e-b626-97aeb475bd28","8a2b18b5-5d34-41bf-a21d-69254ae34d0a","2026-08-12T20:43:17Z","android_vivo_y19_termux","NATIVE_HARDWARE","aarch64","aarch64",8,3741,"Linux 4.14.186-g1003dc13e-dirty","clang","21.1.8 ","-O3 -march=armv8-a","mlkem-native","v1.2.0 (0ba906cb14b1c241476134d7403a811b382ca498)","ML-KEM-768","encapsulation",17,244231,3629056,True,""
"a988d7c7-fd2a-461e-b626-97aeb475bd28","8a2b18b5-5d34-41bf-a21d-69254ae34d0a","2026-08-12T20:43:17Z","android_vivo_y19_termux","NATIVE_HARDWARE","aarch64","aarch64",8,3741,"Linux 4.14.186-g1003dc13e-dirty","clang","21.1.8 ","-O3 -march=armv8-a","mlkem-native","v1.2.0 (0ba906cb14b1c241476134d7403a811b382ca498)","ML-KEM-768","decapsulation",17,287077,3629056,True,""
"a988d7c7-fd2a-461e-b626-97aeb475bd28","8a2b18b5-5d34-41bf-a21d-69254ae34d0a","2026-08-12T20:43:17Z","android_vivo_y19_termux","NATIVE_HARDWARE","aarch64","aarch64",8,3741,"Linux 4.14.186-g1003dc13e-dirty","clang","21.1.8 ","-O3 -march=armv8-a","mlkem-native","v1.2.0 (0ba906cb14b1c241476134d7403a811b382ca498)","ML-KEM-768","keygen",18,223000,3629056,True,""
"a988d7c7-fd2a-461e-b626-97aeb475bd28","8a2b18b5-5d34-41bf-a21d-69254ae34d0a","2026-08-12T20:43:17Z","android_vivo_y19_termux","NATIVE_HARDWARE","aarch64","aarch64",8,3741,"Linux 4.14.186-g1003dc13e-dirty","clang","21.1.8 ","-O3 -march=armv8-a","mlkem-native","v1.2.0 (0ba906cb14b1c241476134d7403a811b382ca498)","ML-KEM-768","encapsulation",18,237461,3629056,True,""
"a988d7c7-fd2a-461e-b626-97aeb475bd28","8a2b18b5-5d34-41bf-a21d-69254ae34d0a","2026-08-12T20:43:17Z","android_vivo_y19_termux","NATIVE_HARDWARE","aarch64","aarch64",8,3741,"Linux 4.14.186-g1003dc13e-dirty","clang","21.1.8 ","-O3 -march=armv8-a","mlkem-native","v1.2.0 (0ba906cb14b1c241476134d7403a811b382ca498)","ML-KEM-768","decapsulation",18,282693,3629056,True,""
"a988d7c7-fd2a-461e-b626-97aeb475bd28","8a2b18b5-5d34-41bf-a21d-69254ae34d0a","2026-08-12T20:43:17Z","android_vivo_y19_termux","NATIVE_HARDWARE","aarch64","aarch64",8,3741,"Linux 4.14.186-g1003dc13e-dirty","clang","21.1.8 ","-O3 -march=armv8-a","mlkem-native","v1.2.0 (0ba906cb14b1c241476134d7403a811b382ca498)","ML-KEM-768","keygen",19,211923,3629056,True,""
"a988d7c7-fd2a-461e-b626-97aeb475bd28","8a2b18b5-5d34-41bf-a21d-69254ae34d0a","2026-08-12T20:43:17Z","android_vivo_y19_termux","NATIVE_HARDWARE","aarch64","aarch64",8,3741,"Linux 4.14.186-g1003dc13e-dirty","clang","21.1.8 ","-O3 -march=armv8-a","mlkem-native","v1.2.0 (0ba906cb14b1c241476134d7403a811b382ca498)","ML-KEM-768","encapsulation",19,241154,3629056,True,""
"a988d7c7-fd2a-461e-b626-97aeb475bd28","8a2b18b5-5d34-41bf-a21d-69254ae34d0a","2026-08-12T20:43:17Z","android_vivo_y19_termux","NATIVE_HARDWARE","aarch64","aarch64",8,3741,"Linux 4.14.186-g1003dc13e-dirty","clang","21.1.8 ","-O3 -march=armv8-a","mlkem-native","v1.2.0 (0ba906cb14b1c241476134d7403a811b382ca498)","ML-KEM-768","decapsulation",19,300231,3629056,True,""
"a988d7c7-fd2a-461e-b626-97aeb475bd28","8a2b18b5-5d34-41bf-a21d-69254ae34d0a","2026-08-12T20:43:17Z","android_vivo_y19_termux","NATIVE_HARDWARE","aarch64","aarch64",8,3741,"Linux 4.14.186-g1003dc13e-dirty","clang","21.1.8 ","-O3 -march=armv8-a","mlkem-native","v1.2.0 (0ba906cb14b1c241476134d7403a811b382ca498)","ML-KEM-768","keygen",20,219077,3629056,True,""
"a988d7c7-fd2a-461e-b626-97aeb475bd28","8a2b18b5-5d34-41bf-a21d-69254ae34d0a","2026-08-12T20:43:17Z","android_vivo_y19_termux","NATIVE_HARDWARE","aarch64","aarch64",8,3741,"Linux 4.14.186-g1003dc13e-dirty","clang","21.1.8 ","-O3 -march=armv8-a","mlkem-native","v1.2.0 (0ba906cb14b1c241476134d7403a811b382ca498)","ML-KEM-768","encapsulation",20,260000,3629056,True,""
"a988d7c7-fd2a-461e-b626-97aeb475bd28","8a2b18b5-5d34-41bf-a21d-69254ae34d0a","2026-08-12T20:43:17Z","android_vivo_y19_termux","NATIVE_HARDWARE","aarch64","aarch64",8,3741,"Linux 4.14.186-g1003dc13e-dirty","clang","21.1.8 ","-O3 -march=armv8-a","mlkem-native","v1.2.0 (0ba906cb14b1c241476134d7403a811b382ca498)","ML-KEM-768","decapsulation",20,318846,3629056,True,""
"a988d7c7-fd2a-461e-b626-97aeb475bd28","8a2b18b5-5d34-41bf-a21d-69254ae34d0a","2026-08-12T20:43:17Z","android_vivo_y19_termux","NATIVE_HARDWARE","aarch64","aarch64",8,3741,"Linux 4.14.186-g1003dc13e-dirty","clang","21.1.8 ","-O3 -march=armv8-a","mlkem-native","v1.2.0 (0ba906cb14b1c241476134d7403a811b382ca498)","ML-KEM-768","keygen",21,219462,3629056,True,""
"a988d7c7-fd2a-461e-b626-97aeb475bd28","8a2b18b5-5d34-41bf-a21d-69254ae34d0a","2026-08-12T20:43:17Z","android_vivo_y19_termux","NATIVE_HARDWARE","aarch64","aarch64",8,3741,"Linux 4.14.186-g1003dc13e-dirty","clang","21.1.8 ","-O3 -march=armv8-a","mlkem-native","v1.2.0 (0ba906cb14b1c241476134d7403a811b382ca498)","ML-KEM-768","encapsulation",21,266154,3629056,True,""
"a988d7c7-fd2a-461e-b626-97aeb475bd28","8a2b18b5-5d34-41bf-a21d-69254ae34d0a","2026-08-12T20:43:17Z","android_vivo_y19_termux","NATIVE_HARDWARE","aarch64","aarch64",8,3741,"Linux 4.14.186-g1003dc13e-dirty","clang","21.1.8 ","-O3 -march=armv8-a","mlkem-native","v1.2.0 (0ba906cb14b1c241476134d7403a811b382ca498)","ML-KEM-768","decapsulation",21,399384,3629056,True,""
"a988d7c7-fd2a-461e-b626-97aeb475bd28","8a2b18b5-5d34-41bf-a21d-69254ae34d0a","2026-08-12T20:43:17Z","android_vivo_y19_termux","NATIVE_HARDWARE","aarch64","aarch64",8,3741,"Linux 4.14.186-g1003dc13e-dirty","clang","21.1.8 ","-O3 -march=armv8-a","mlkem-native","v1.2.0 (0ba906cb14b1c241476134d7403a811b382ca498)","ML-KEM-768","keygen",22,217846,3629056,True,""
"a988d7c7-fd2a-461e-b626-97aeb475bd28","8a2b18b5-5d34-41bf-a21d-69254ae34d0a","2026-08-12T20:43:17Z","android_vivo_y19_termux","NATIVE_HARDWARE","aarch64","aarch64",8,3741,"Linux 4.14.186-g1003dc13e-dirty","clang","21.1.8 ","-O3 -march=armv8-a","mlkem-native","v1.2.0 (0ba906cb14b1c241476134d7403a811b382ca498)","ML-KEM-768","encapsulation",22,264307,3629056,True,""
"a988d7c7-fd2a-461e-b626-97aeb475bd28","8a2b18b5-5d34-41bf-a21d-69254ae34d0a","2026-08-12T20:43:17Z","android_vivo_y19_termux","NATIVE_HARDWARE","aarch64","aarch64",8,3741,"Linux 4.14.186-g1003dc13e-dirty","clang","21.1.8 ","-O3 -march=armv8-a","mlkem-native","v1.2.0 (0ba906cb14b1c241476134d7403a811b382ca498)","ML-KEM-768","decapsulation",22,313615,3629056,True,""
"a988d7c7-fd2a-461e-b626-97aeb475bd28","8a2b18b5-5d34-41bf-a21d-69254ae34d0a","2026-08-12T20:43:17Z","android_vivo_y19_termux","NATIVE_HARDWARE","aarch64","aarch64",8,3741,"Linux 4.14.186-g1003dc13e-dirty","clang","21.1.8 ","-O3 -march=armv8-a","mlkem-native","v1.2.0 (0ba906cb14b1c241476134d7403a811b382ca498)","ML-KEM-768","keygen",23,232077,3629056,True,""
"a988d7c7-fd2a-461e-b626-97aeb475bd28","8a2b18b5-5d34-41bf-a21d-69254ae34d0a","2026-08-12T20:43:17Z","android_vivo_y19_termux","NATIVE_HARDWARE","aarch64","aarch64",8,3741,"Linux 4.14.186-g1003dc13e-dirty","clang","21.1.8 ","-O3 -march=armv8-a","mlkem-native","v1.2.0 (0ba906cb14b1c241476134d7403a811b382ca498)","ML-KEM-768","encapsulation",23,252000,3629056,True,""
"a988d7c7-fd2a-461e-b626-97aeb475bd28","8a2b18b5-5d34-41bf-a21d-69254ae34d0a","2026-08-12T20:43:17Z","android_vivo_y19_termux","NATIVE_HARDWARE","aarch64","aarch64",8,3741,"Linux 4.14.186-g1003dc13e-dirty","clang","21.1.8 ","-O3 -march=armv8-a","mlkem-native","v1.2.0 (0ba906cb14b1c241476134d7403a811b382ca498)","ML-KEM-768","decapsulation",23,301847,3629056,True,""
"a988d7c7-fd2a-461e-b626-97aeb475bd28","8a2b18b5-5d34-41bf-a21d-69254ae34d0a","2026-08-12T20:43:17Z","android_vivo_y19_termux","NATIVE_HARDWARE","aarch64","aarch64",8,3741,"Linux 4.14.186-g1003dc13e-dirty","clang","21.1.8 ","-O3 -march=armv8-a","mlkem-native","v1.2.0 (0ba906cb14b1c241476134d7403a811b382ca498)","ML-KEM-768","keygen",24,213308,3629056,True,""
"a988d7c7-fd2a-461e-b626-97aeb475bd28","8a2b18b5-5d34-41bf-a21d-69254ae34d0a","2026-08-12T20:43:17Z","android_vivo_y19_termux","NATIVE_HARDWARE","aarch64","aarch64",8,3741,"Linux 4.14.186-g1003dc13e-dirty","clang","21.1.8 ","-O3 -march=armv8-a","mlkem-native","v1.2.0 (0ba906cb14b1c241476134d7403a811b382ca498)","ML-KEM-768","encapsulation",24,247154,3629056,True,""
"a988d7c7-fd2a-461e-b626-97aeb475bd28","8a2b18b5-5d34-41bf-a21d-69254ae34d0a","2026-08-12T20:43:17Z","android_vivo_y19_termux","NATIVE_HARDWARE","aarch64","aarch64",8,3741,"Linux 4.14.186-g1003dc13e-dirty","clang","21.1.8 ","-O3 -march=armv8-a","mlkem-native","v1.2.0 (0ba906cb14b1c241476134d7403a811b382ca498)","ML-KEM-768","decapsulation",24,298154,3629056,True,""
"a988d7c7-fd2a-461e-b626-97aeb475bd28","8a2b18b5-5d34-41bf-a21d-69254ae34d0a","2026-08-12T20:43:17Z","android_vivo_y19_termux","NATIVE_HARDWARE","aarch64","aarch64",8,3741,"Linux 4.14.186-g1003dc13e-dirty","clang","21.1.8 ","-O3 -march=armv8-a","mlkem-native","v1.2.0 (0ba906cb14b1c241476134d7403a811b382ca498)","ML-KEM-768","keygen",25,214846,3629056,True,""
"a988d7c7-fd2a-461e-b626-97aeb475bd28","8a2b18b5-5d34-41bf-a21d-69254ae34d0a","2026-08-12T20:43:17Z","android_vivo_y19_termux","NATIVE_HARDWARE","aarch64","aarch64",8,3741,"Linux 4.14.186-g1003dc13e-dirty","clang","21.1.8 ","-O3 -march=armv8-a","mlkem-native","v1.2.0 (0ba906cb14b1c241476134d7403a811b382ca498)","ML-KEM-768","encapsulation",25,246231,3629056,True,""
"a988d7c7-fd2a-461e-b626-97aeb475bd28","8a2b18b5-5d34-41bf-a21d-69254ae34d0a","2026-08-12T20:43:17Z","android_vivo_y19_termux","NATIVE_HARDWARE","aarch64","aarch64",8,3741,"Linux 4.14.186-g1003dc13e-dirty","clang","21.1.8 ","-O3 -march=armv8-a","mlkem-native","v1.2.0 (0ba906cb14b1c241476134d7403a811b382ca498)","ML-KEM-768","decapsulation",25,327000,3629056,True,""
"a988d7c7-fd2a-461e-b626-97aeb475bd28","8a2b18b5-5d34-41bf-a21d-69254ae34d0a","2026-08-12T20:43:17Z","android_vivo_y19_termux","NATIVE_HARDWARE","aarch64","aarch64",8,3741,"Linux 4.14.186-g1003dc13e-dirty","clang","21.1.8 ","-O3 -march=armv8-a","mlkem-native","v1.2.0 (0ba906cb14b1c241476134d7403a811b382ca498)","ML-KEM-768","keygen",26,213231,3629056,True,""
"a988d7c7-fd2a-461e-b626-97aeb475bd28","8a2b18b5-5d34-41bf-a21d-69254ae34d0a","2026-08-12T20:43:17Z","android_vivo_y19_termux","NATIVE_HARDWARE","aarch64","aarch64",8,3741,"Linux 4.14.186-g1003dc13e-dirty","clang","21.1.8 ","-O3 -march=armv8-a","mlkem-native","v1.2.0 (0ba906cb14b1c241476134d7403a811b382ca498)","ML-KEM-768","encapsulation",26,243384,3629056,True,""
"a988d7c7-fd2a-461e-b626-97aeb475bd28","8a2b18b5-5d34-41bf-a21d-69254ae34d0a","2026-08-12T20:43:17Z","android_vivo_y19_termux","NATIVE_HARDWARE","aarch64","aarch64",8,3741,"Linux 4.14.186-g1003dc13e-dirty","clang","21.1.8 ","-O3 -march=armv8-a","mlkem-native","v1.2.0 (0ba906cb14b1c241476134d7403a811b382ca498)","ML-KEM-768","decapsulation",26,657923,3629056,True,""
"a988d7c7-fd2a-461e-b626-97aeb475bd28","8a2b18b5-5d34-41bf-a21d-69254ae34d0a","2026-08-12T20:43:17Z","android_vivo_y19_termux","NATIVE_HARDWARE","aarch64","aarch64",8,3741,"Linux 4.14.186-g1003dc13e-dirty","clang","21.1.8 ","-O3 -march=armv8-a","mlkem-native","v1.2.0 (0ba906cb14b1c241476134d7403a811b382ca498)","ML-KEM-768","keygen",27,148308,3629056,True,""
"a988d7c7-fd2a-461e-b626-97aeb475bd28","8a2b18b5-5d34-41bf-a21d-69254ae34d0a","2026-08-12T20:43:17Z","android_vivo_y19_termux","NATIVE_HARDWARE","aarch64","aarch64",8,3741,"Linux 4.14.186-g1003dc13e-dirty","clang","21.1.8 ","-O3 -march=armv8-a","mlkem-native","v1.2.0 (0ba906cb14b1c241476134d7403a811b382ca498)","ML-KEM-768","encapsulation",27,157154,3629056,True,""
"a988d7c7-fd2a-461e-b626-97aeb475bd28","8a2b18b5-5d34-41bf-a21d-69254ae34d0a","2026-08-12T20:43:17Z","android_vivo_y19_termux","NATIVE_HARDWARE","aarch64","aarch64",8,3741,"Linux 4.14.186-g1003dc13e-dirty","clang","21.1.8 ","-O3 -march=armv8-a","mlkem-native","v1.2.0 (0ba906cb14b1c241476134d7403a811b382ca498)","ML-KEM-768","decapsulation",27,181615,3629056,True,""
"a988d7c7-fd2a-461e-b626-97aeb475bd28","8a2b18b5-5d34-41bf-a21d-69254ae34d0a","2026-08-12T20:43:17Z","android_vivo_y19_termux","NATIVE_HARDWARE","aarch64","aarch64",8,3741,"Linux 4.14.186-g1003dc13e-dirty","clang","21.1.8 ","-O3 -march=armv8-a","mlkem-native","v1.2.0 (0ba906cb14b1c241476134d7403a811b382ca498)","ML-KEM-768","keygen",28,134154,3629056,True,""
"a988d7c7-fd2a-461e-b626-97aeb475bd28","8a2b18b5-5d34-41bf-a21d-69254ae34d0a","2026-08-12T20:43:17Z","android_vivo_y19_termux","NATIVE_HARDWARE","aarch64","aarch64",8,3741,"Linux 4.14.186-g1003dc13e-dirty","clang","21.1.8 ","-O3 -march=armv8-a","mlkem-native","v1.2.0 (0ba906cb14b1c241476134d7403a811b382ca498)","ML-KEM-768","encapsulation",28,148308,3629056,True,""
"a988d7c7-fd2a-461e-b626-97aeb475bd28","8a2b18b5-5d34-41bf-a21d-69254ae34d0a","2026-08-12T20:43:17Z","android_vivo_y19_termux","NATIVE_HARDWARE","aarch64","aarch64",8,3741,"Linux 4.14.186-g1003dc13e-dirty","clang","21.1.8 ","-O3 -march=armv8-a","mlkem-native","v1.2.0 (0ba906cb14b1c241476134d7403a811b382ca498)","ML-KEM-768","decapsulation",28,168538,3629056,True,""
"a988d7c7-fd2a-461e-b626-97aeb475bd28","8a2b18b5-5d34-41bf-a21d-69254ae34d0a","2026-08-12T20:43:17Z","android_vivo_y19_termux","NATIVE_HARDWARE","aarch64","aarch64",8,3741,"Linux 4.14.186-g1003dc13e-dirty","clang","21.1.8 ","-O3 -march=armv8-a","mlkem-native","v1.2.0 (0ba906cb14b1c241476134d7403a811b382ca498)","ML-KEM-768","keygen",29,134461,3629056,True,""
"a988d7c7-fd2a-461e-b626-97aeb475bd28","8a2b18b5-5d34-41bf-a21d-69254ae34d0a","2026-08-12T20:43:17Z","android_vivo_y19_termux","NATIVE_HARDWARE","aarch64","aarch64",8,3741,"Linux 4.14.186-g1003dc13e-dirty","clang","21.1.8 ","-O3 -march=armv8-a","mlkem-native","v1.2.0 (0ba906cb14b1c241476134d7403a811b382ca498)","ML-KEM-768","encapsulation",29,149231,3629056,True,""
"a988d7c7-fd2a-461e-b626-97aeb475bd28","8a2b18b5-5d34-41bf-a21d-69254ae34d0a","2026-08-12T20:43:17Z","android_vivo_y19_termux","NATIVE_HARDWARE","aarch64","aarch64",8,3741,"Linux 4.14.186-g1003dc13e-dirty","clang","21.1.8 ","-O3 -march=armv8-a","mlkem-native","v1.2.0 (0ba906cb14b1c241476134d7403a811b382ca498)","ML-KEM-768","decapsulation",29,169615,3629056,True,""
"a988d7c7-fd2a-461e-b626-97aeb475bd28","8a2b18b5-5d34-41bf-a21d-69254ae34d0a","2026-08-12T20:43:17Z","android_vivo_y19_termux","NATIVE_HARDWARE","aarch64","aarch64",8,3741,"Linux 4.14.186-g1003dc13e-dirty","clang","21.1.8 ","-O3 -march=armv8-a","mlkem-native","v1.2.0 (0ba906cb14b1c241476134d7403a811b382ca498)","ML-KEM-768","keygen",30,133846,3629056,True,""
"a988d7c7-fd2a-461e-b626-97aeb475bd28","8a2b18b5-5d34-41bf-a21d-69254ae34d0a","2026-08-12T20:43:17Z","android_vivo_y19_termux","NATIVE_HARDWARE","aarch64","aarch64",8,3741,"Linux 4.14.186-g1003dc13e-dirty","clang","21.1.8 ","-O3 -march=armv8-a","mlkem-native","v1.2.0 (0ba906cb14b1c241476134d7403a811b382ca498)","ML-KEM-768","encapsulation",30,147615,3629056,True,""
"a988d7c7-fd2a-461e-b626-97aeb475bd28","8a2b18b5-5d34-41bf-a21d-69254ae34d0a","2026-08-12T20:43:17Z","android_vivo_y19_termux","NATIVE_HARDWARE","aarch64","aarch64",8,3741,"Linux 4.14.186-g1003dc13e-dirty","clang","21.1.8 ","-O3 -march=armv8-a","mlkem-native","v1.2.0 (0ba906cb14b1c241476134d7403a811b382ca498)","ML-KEM-768","decapsulation",30,171154,3629056,True,""
"a988d7c7-fd2a-461e-b626-97aeb475bd28","8a2b18b5-5d34-41bf-a21d-69254ae34d0a","2026-08-12T20:43:17Z","android_vivo_y19_termux","NATIVE_HARDWARE","aarch64","aarch64",8,3741,"Linux 4.14.186-g1003dc13e-dirty","clang","21.1.8 ","-O3 -march=armv8-a","mlkem-native","v1.2.0 (0ba906cb14b1c241476134d7403a811b382ca498)","ML-KEM-768","keygen",31,136692,3629056,True,""
"a988d7c7-fd2a-461e-b626-97aeb475bd28","8a2b18b5-5d34-41bf-a21d-69254ae34d0a","2026-08-12T20:43:17Z","android_vivo_y19_termux","NATIVE_HARDWARE","aarch64","aarch64",8,3741,"Linux 4.14.186-g1003dc13e-dirty","clang","21.1.8 ","-O3 -march=armv8-a","mlkem-native","v1.2.0 (0ba906cb14b1c241476134d7403a811b382ca498)","ML-KEM-768","encapsulation",31,170461,3629056,True,""
"a988d7c7-fd2a-461e-b626-97aeb475bd28","8a2b18b5-5d34-41bf-a21d-69254ae34d0a","2026-08-12T20:43:17Z","android_vivo_y19_termux","NATIVE_HARDWARE","aarch64","aarch64",8,3741,"Linux 4.14.186-g1003dc13e-dirty","clang","21.1.8 ","-O3 -march=armv8-a","mlkem-native","v1.2.0 (0ba906cb14b1c241476134d7403a811b382ca498)","ML-KEM-768","decapsulation",31,175615,3629056,True,""
"a988d7c7-fd2a-461e-b626-97aeb475bd28","8a2b18b5-5d34-41bf-a21d-69254ae34d0a","2026-08-12T20:43:17Z","android_vivo_y19_termux","NATIVE_HARDWARE","aarch64","aarch64",8,3741,"Linux 4.14.186-g1003dc13e-dirty","clang","21.1.8 ","-O3 -march=armv8-a","mlkem-native","v1.2.0 (0ba906cb14b1c241476134d7403a811b382ca498)","ML-KEM-768","keygen",32,135461,3629056,True,""
"a988d7c7-fd2a-461e-b626-97aeb475bd28","8a2b18b5-5d34-41bf-a21d-69254ae34d0a","2026-08-12T20:43:17Z","android_vivo_y19_termux","NATIVE_HARDWARE","aarch64","aarch64",8,3741,"Linux 4.14.186-g1003dc13e-dirty","clang","21.1.8 ","-O3 -march=armv8-a","mlkem-native","v1.2.0 (0ba906cb14b1c241476134d7403a811b382ca498)","ML-KEM-768","encapsulation",32,149923,3629056,True,""
"a988d7c7-fd2a-461e-b626-97aeb475bd28","8a2b18b5-5d34-41bf-a21d-69254ae34d0a","2026-08-12T20:43:17Z","android_vivo_y19_termux","NATIVE_HARDWARE","aarch64","aarch64",8,3741,"Linux 4.14.186-g1003dc13e-dirty","clang","21.1.8 ","-O3 -march=armv8-a","mlkem-native","v1.2.0 (0ba906cb14b1c241476134d7403a811b382ca498)","ML-KEM-768","decapsulation",32,169769,3629056,True,""
"a988d7c7-fd2a-461e-b626-97aeb475bd28","8a2b18b5-5d34-41bf-a21d-69254ae34d0a","2026-08-12T20:43:17Z","android_vivo_y19_termux","NATIVE_HARDWARE","aarch64","aarch64",8,3741,"Linux 4.14.186-g1003dc13e-dirty","clang","21.1.8 ","-O3 -march=armv8-a","mlkem-native","v1.2.0 (0ba906cb14b1c241476134d7403a811b382ca498)","ML-KEM-768","keygen",33,141539,3629056,True,""
"a988d7c7-fd2a-461e-b626-97aeb475bd28","8a2b18b5-5d34-41bf-a21d-69254ae34d0a","2026-08-12T20:43:17Z","android_vivo_y19_termux","NATIVE_HARDWARE","aarch64","aarch64",8,3741,"Linux 4.14.186-g1003dc13e-dirty","clang","21.1.8 ","-O3 -march=armv8-a","mlkem-native","v1.2.0 (0ba906cb14b1c241476134d7403a811b382ca498)","ML-KEM-768","encapsulation",33,148000,3629056,True,""
"a988d7c7-fd2a-461e-b626-97aeb475bd28","8a2b18b5-5d34-41bf-a21d-69254ae34d0a","2026-08-12T20:43:17Z","android_vivo_y19_termux","NATIVE_HARDWARE","aarch64","aarch64",8,3741,"Linux 4.14.186-g1003dc13e-dirty","clang","21.1.8 ","-O3 -march=armv8-a","mlkem-native","v1.2.0 (0ba906cb14b1c241476134d7403a811b382ca498)","ML-KEM-768","decapsulation",33,169846,3629056,True,""
"a988d7c7-fd2a-461e-b626-97aeb475bd28","8a2b18b5-5d34-41bf-a21d-69254ae34d0a","2026-08-12T20:43:17Z","android_vivo_y19_termux","NATIVE_HARDWARE","aarch64","aarch64",8,3741,"Linux 4.14.186-g1003dc13e-dirty","clang","21.1.8 ","-O3 -march=armv8-a","mlkem-native","v1.2.0 (0ba906cb14b1c241476134d7403a811b382ca498)","ML-KEM-768","keygen",34,134154,3629056,True,""
"a988d7c7-fd2a-461e-b626-97aeb475bd28","8a2b18b5-5d34-41bf-a21d-69254ae34d0a","2026-08-12T20:43:17Z","android_vivo_y19_termux","NATIVE_HARDWARE","aarch64","aarch64",8,3741,"Linux 4.14.186-g1003dc13e-dirty","clang","21.1.8 ","-O3 -march=armv8-a","mlkem-native","v1.2.0 (0ba906cb14b1c241476134d7403a811b382ca498)","ML-KEM-768","encapsulation",34,147384,3629056,True,""
"a988d7c7-fd2a-461e-b626-97aeb475bd28","8a2b18b5-5d34-41bf-a21d-69254ae34d0a","2026-08-12T20:43:17Z","android_vivo_y19_termux","NATIVE_HARDWARE","aarch64","aarch64",8,3741,"Linux 4.14.186-g1003dc13e-dirty","clang","21.1.8 ","-O3 -march=armv8-a","mlkem-native","v1.2.0 (0ba906cb14b1c241476134d7403a811b382ca498)","ML-KEM-768","decapsulation",34,171692,3629056,True,""
"a988d7c7-fd2a-461e-b626-97aeb475bd28","8a2b18b5-5d34-41bf-a21d-69254ae34d0a","2026-08-12T20:43:17Z","android_vivo_y19_termux","NATIVE_HARDWARE","aarch64","aarch64",8,3741,"Linux 4.14.186-g1003dc13e-dirty","clang","21.1.8 ","-O3 -march=armv8-a","mlkem-native","v1.2.0 (0ba906cb14b1c241476134d7403a811b382ca498)","ML-KEM-768","keygen",35,262154,3629056,True,""
"a988d7c7-fd2a-461e-b626-97aeb475bd28","8a2b18b5-5d34-41bf-a21d-69254ae34d0a","2026-08-12T20:43:17Z","android_vivo_y19_termux","NATIVE_HARDWARE","aarch64","aarch64",8,3741,"Linux 4.14.186-g1003dc13e-dirty","clang","21.1.8 ","-O3 -march=armv8-a","mlkem-native","v1.2.0 (0ba906cb14b1c241476134d7403a811b382ca498)","ML-KEM-768","encapsulation",35,151308,3629056,True,""
"a988d7c7-fd2a-461e-b626-97aeb475bd28","8a2b18b5-5d34-41bf-a21d-69254ae34d0a","2026-08-12T20:43:17Z","android_vivo_y19_termux","NATIVE_HARDWARE","aarch64","aarch64",8,3741,"Linux 4.14.186-g1003dc13e-dirty","clang","21.1.8 ","-O3 -march=armv8-a","mlkem-native","v1.2.0 (0ba906cb14b1c241476134d7403a811b382ca498)","ML-KEM-768","decapsulation",35,171385,3629056,True,""
"a988d7c7-fd2a-461e-b626-97aeb475bd28","8a2b18b5-5d34-41bf-a21d-69254ae34d0a","2026-08-12T20:43:17Z","android_vivo_y19_termux","NATIVE_HARDWARE","aarch64","aarch64",8,3741,"Linux 4.14.186-g1003dc13e-dirty","clang","21.1.8 ","-O3 -march=armv8-a","mlkem-native","v1.2.0 (0ba906cb14b1c241476134d7403a811b382ca498)","ML-KEM-768","keygen",36,134846,3629056,True,""
"a988d7c7-fd2a-461e-b626-97aeb475bd28","8a2b18b5-5d34-41bf-a21d-69254ae34d0a","2026-08-12T20:43:17Z","android_vivo_y19_termux","NATIVE_HARDWARE","aarch64","aarch64",8,3741,"Linux 4.14.186-g1003dc13e-dirty","clang","21.1.8 ","-O3 -march=armv8-a","mlkem-native","v1.2.0 (0ba906cb14b1c241476134d7403a811b382ca498)","ML-KEM-768","encapsulation",36,148923,3629056,True,""
"a988d7c7-fd2a-461e-b626-97aeb475bd28","8a2b18b5-5d34-41bf-a21d-69254ae34d0a","2026-08-12T20:43:17Z","android_vivo_y19_termux","NATIVE_HARDWARE","aarch64","aarch64",8,3741,"Linux 4.14.186-g1003dc13e-dirty","clang","21.1.8 ","-O3 -march=armv8-a","mlkem-native","v1.2.0 (0ba906cb14b1c241476134d7403a811b382ca498)","ML-KEM-768","decapsulation",36,168615,3629056,True,""
"a988d7c7-fd2a-461e-b626-97aeb475bd28","8a2b18b5-5d34-41bf-a21d-69254ae34d0a","2026-08-12T20:43:17Z","android_vivo_y19_termux","NATIVE_HARDWARE","aarch64","aarch64",8,3741,"Linux 4.14.186-g1003dc13e-dirty","clang","21.1.8 ","-O3 -march=armv8-a","mlkem-native","v1.2.0 (0ba906cb14b1c241476134d7403a811b382ca498)","ML-KEM-768","keygen",37,133231,3629056,True,""
"a988d7c7-fd2a-461e-b626-97aeb475bd28","8a2b18b5-5d34-41bf-a21d-69254ae34d0a","2026-08-12T20:43:17Z","android_vivo_y19_termux","NATIVE_HARDWARE","aarch64","aarch64",8,3741,"Linux 4.14.186-g1003dc13e-dirty","clang","21.1.8 ","-O3 -march=armv8-a","mlkem-native","v1.2.0 (0ba906cb14b1c241476134d7403a811b382ca498)","ML-KEM-768","encapsulation",37,147461,3629056,True,""
"a988d7c7-fd2a-461e-b626-97aeb475bd28","8a2b18b5-5d34-41bf-a21d-69254ae34d0a","2026-08-12T20:43:17Z","android_vivo_y19_termux","NATIVE_HARDWARE","aarch64","aarch64",8,3741,"Linux 4.14.186-g1003dc13e-dirty","clang","21.1.8 ","-O3 -march=armv8-a","mlkem-native","v1.2.0 (0ba906cb14b1c241476134d7403a811b382ca498)","ML-KEM-768","decapsulation",37,167154,3629056,True,""
"a988d7c7-fd2a-461e-b626-97aeb475bd28","8a2b18b5-5d34-41bf-a21d-69254ae34d0a","2026-08-12T20:43:17Z","android_vivo_y19_termux","NATIVE_HARDWARE","aarch64","aarch64",8,3741,"Linux 4.14.186-g1003dc13e-dirty","clang","21.1.8 ","-O3 -march=armv8-a","mlkem-native","v1.2.0 (0ba906cb14b1c241476134d7403a811b382ca498)","ML-KEM-768","keygen",38,133000,3629056,True,""
"a988d7c7-fd2a-461e-b626-97aeb475bd28","8a2b18b5-5d34-41bf-a21d-69254ae34d0a","2026-08-12T20:43:17Z","android_vivo_y19_termux","NATIVE_HARDWARE","aarch64","aarch64",8,3741,"Linux 4.14.186-g1003dc13e-dirty","clang","21.1.8 ","-O3 -march=armv8-a","mlkem-native","v1.2.0 (0ba906cb14b1c241476134d7403a811b382ca498)","ML-KEM-768","encapsulation",38,149154,3629056,True,""
"a988d7c7-fd2a-461e-b626-97aeb475bd28","8a2b18b5-5d34-41bf-a21d-69254ae34d0a","2026-08-12T20:43:17Z","android_vivo_y19_termux","NATIVE_HARDWARE","aarch64","aarch64",8,3741,"Linux 4.14.186-g1003dc13e-dirty","clang","21.1.8 ","-O3 -march=armv8-a","mlkem-native","v1.2.0 (0ba906cb14b1c241476134d7403a811b382ca498)","ML-KEM-768","decapsulation",38,171616,3629056,True,""
"a988d7c7-fd2a-461e-b626-97aeb475bd28","8a2b18b5-5d34-41bf-a21d-69254ae34d0a","2026-08-12T20:43:17Z","android_vivo_y19_termux","NATIVE_HARDWARE","aarch64","aarch64",8,3741,"Linux 4.14.186-g1003dc13e-dirty","clang","21.1.8 ","-O3 -march=armv8-a","mlkem-native","v1.2.0 (0ba906cb14b1c241476134d7403a811b382ca498)","ML-KEM-768","keygen",39,134077,3629056,True,""
"a988d7c7-fd2a-461e-b626-97aeb475bd28","8a2b18b5-5d34-41bf-a21d-69254ae34d0a","2026-08-12T20:43:17Z","android_vivo_y19_termux","NATIVE_HARDWARE","aarch64","aarch64",8,3741,"Linux 4.14.186-g1003dc13e-dirty","clang","21.1.8 ","-O3 -march=armv8-a","mlkem-native","v1.2.0 (0ba906cb14b1c241476134d7403a811b382ca498)","ML-KEM-768","encapsulation",39,153538,3629056,True,""
"a988d7c7-fd2a-461e-b626-97aeb475bd28","8a2b18b5-5d34-41bf-a21d-69254ae34d0a","2026-08-12T20:43:17Z","android_vivo_y19_termux","NATIVE_HARDWARE","aarch64","aarch64",8,3741,"Linux 4.14.186-g1003dc13e-dirty","clang","21.1.8 ","-O3 -march=armv8-a","mlkem-native","v1.2.0 (0ba906cb14b1c241476134d7403a811b382ca498)","ML-KEM-768","decapsulation",39,183693,3629056,True,""
"a988d7c7-fd2a-461e-b626-97aeb475bd28","8a2b18b5-5d34-41bf-a21d-69254ae34d0a","2026-08-12T20:43:17Z","android_vivo_y19_termux","NATIVE_HARDWARE","aarch64","aarch64",8,3741,"Linux 4.14.186-g1003dc13e-dirty","clang","21.1.8 ","-O3 -march=armv8-a","mlkem-native","v1.2.0 (0ba906cb14b1c241476134d7403a811b382ca498)","ML-KEM-768","keygen",40,141538,3629056,True,""
"a988d7c7-fd2a-461e-b626-97aeb475bd28","8a2b18b5-5d34-41bf-a21d-69254ae34d0a","2026-08-12T20:43:17Z","android_vivo_y19_termux","NATIVE_HARDWARE","aarch64","aarch64",8,3741,"Linux 4.14.186-g1003dc13e-dirty","clang","21.1.8 ","-O3 -march=armv8-a","mlkem-native","v1.2.0 (0ba906cb14b1c241476134d7403a811b382ca498)","ML-KEM-768","encapsulation",40,149231,3629056,True,""
"a988d7c7-fd2a-461e-b626-97aeb475bd28","8a2b18b5-5d34-41bf-a21d-69254ae34d0a","2026-08-12T20:43:17Z","android_vivo_y19_termux","NATIVE_HARDWARE","aarch64","aarch64",8,3741,"Linux 4.14.186-g1003dc13e-dirty","clang","21.1.8 ","-O3 -march=armv8-a","mlkem-native","v1.2.0 (0ba906cb14b1c241476134d7403a811b382ca498)","ML-KEM-768","decapsulation",40,211385,3629056,True,""
"a988d7c7-fd2a-461e-b626-97aeb475bd28","8a2b18b5-5d34-41bf-a21d-69254ae34d0a","2026-08-12T20:43:17Z","android_vivo_y19_termux","NATIVE_HARDWARE","aarch64","aarch64",8,3741,"Linux 4.14.186-g1003dc13e-dirty","clang","21.1.8 ","-O3 -march=armv8-a","mlkem-native","v1.2.0 (0ba906cb14b1c241476134d7403a811b382ca498)","ML-KEM-768","keygen",41,136308,3629056,True,""
"a988d7c7-fd2a-461e-b626-97aeb475bd28","8a2b18b5-5d34-41bf-a21d-69254ae34d0a","2026-08-12T20:43:17Z","android_vivo_y19_termux","NATIVE_HARDWARE","aarch64","aarch64",8,3741,"Linux 4.14.186-g1003dc13e-dirty","clang","21.1.8 ","-O3 -march=armv8-a","mlkem-native","v1.2.0 (0ba906cb14b1c241476134d7403a811b382ca498)","ML-KEM-768","encapsulation",41,154385,3629056,True,""
"a988d7c7-fd2a-461e-b626-97aeb475bd28","8a2b18b5-5d34-41bf-a21d-69254ae34d0a","2026-08-12T20:43:17Z","android_vivo_y19_termux","NATIVE_HARDWARE","aarch64","aarch64",8,3741,"Linux 4.14.186-g1003dc13e-dirty","clang","21.1.8 ","-O3 -march=armv8-a","mlkem-native","v1.2.0 (0ba906cb14b1c241476134d7403a811b382ca498)","ML-KEM-768","decapsulation",41,173307,3629056,True,""
"a988d7c7-fd2a-461e-b626-97aeb475bd28","8a2b18b5-5d34-41bf-a21d-69254ae34d0a","2026-08-12T20:43:17Z","android_vivo_y19_termux","NATIVE_HARDWARE","aarch64","aarch64",8,3741,"Linux 4.14.186-g1003dc13e-dirty","clang","21.1.8 ","-O3 -march=armv8-a","mlkem-native","v1.2.0 (0ba906cb14b1c241476134d7403a811b382ca498)","ML-KEM-768","keygen",42,136308,3629056,True,""
"a988d7c7-fd2a-461e-b626-97aeb475bd28","8a2b18b5-5d34-41bf-a21d-69254ae34d0a","2026-08-12T20:43:17Z","android_vivo_y19_termux","NATIVE_HARDWARE","aarch64","aarch64",8,3741,"Linux 4.14.186-g1003dc13e-dirty","clang","21.1.8 ","-O3 -march=armv8-a","mlkem-native","v1.2.0 (0ba906cb14b1c241476134d7403a811b382ca498)","ML-KEM-768","encapsulation",42,256538,3629056,True,""
"a988d7c7-fd2a-461e-b626-97aeb475bd28","8a2b18b5-5d34-41bf-a21d-69254ae34d0a","2026-08-12T20:43:17Z","android_vivo_y19_termux","NATIVE_HARDWARE","aarch64","aarch64",8,3741,"Linux 4.14.186-g1003dc13e-dirty","clang","21.1.8 ","-O3 -march=armv8-a","mlkem-native","v1.2.0 (0ba906cb14b1c241476134d7403a811b382ca498)","ML-KEM-768","decapsulation",42,400308,3629056,True,""
"a988d7c7-fd2a-461e-b626-97aeb475bd28","8a2b18b5-5d34-41bf-a21d-69254ae34d0a","2026-08-12T20:43:17Z","android_vivo_y19_termux","NATIVE_HARDWARE","aarch64","aarch64",8,3741,"Linux 4.14.186-g1003dc13e-dirty","clang","21.1.8 ","-O3 -march=armv8-a","mlkem-native","v1.2.0 (0ba906cb14b1c241476134d7403a811b382ca498)","ML-KEM-768","keygen",43,138539,3629056,True,""
"a988d7c7-fd2a-461e-b626-97aeb475bd28","8a2b18b5-5d34-41bf-a21d-69254ae34d0a","2026-08-12T20:43:17Z","android_vivo_y19_termux","NATIVE_HARDWARE","aarch64","aarch64",8,3741,"Linux 4.14.186-g1003dc13e-dirty","clang","21.1.8 ","-O3 -march=armv8-a","mlkem-native","v1.2.0 (0ba906cb14b1c241476134d7403a811b382ca498)","ML-KEM-768","encapsulation",43,151000,3629056,True,""
"a988d7c7-fd2a-461e-b626-97aeb475bd28","8a2b18b5-5d34-41bf-a21d-69254ae34d0a","2026-08-12T20:43:17Z","android_vivo_y19_termux","NATIVE_HARDWARE","aarch64","aarch64",8,3741,"Linux 4.14.186-g1003dc13e-dirty","clang","21.1.8 ","-O3 -march=armv8-a","mlkem-native","v1.2.0 (0ba906cb14b1c241476134d7403a811b382ca498)","ML-KEM-768","decapsulation",43,170846,3629056,True,""
"a988d7c7-fd2a-461e-b626-97aeb475bd28","8a2b18b5-5d34-41bf-a21d-69254ae34d0a","2026-08-12T20:43:17Z","android_vivo_y19_termux","NATIVE_HARDWARE","aarch64","aarch64",8,3741,"Linux 4.14.186-g1003dc13e-dirty","clang","21.1.8 ","-O3 -march=armv8-a","mlkem-native","v1.2.0 (0ba906cb14b1c241476134d7403a811b382ca498)","ML-KEM-768","keygen",44,133846,3629056,True,""
"a988d7c7-fd2a-461e-b626-97aeb475bd28","8a2b18b5-5d34-41bf-a21d-69254ae34d0a","2026-08-12T20:43:17Z","android_vivo_y19_termux","NATIVE_HARDWARE","aarch64","aarch64",8,3741,"Linux 4.14.186-g1003dc13e-dirty","clang","21.1.8 ","-O3 -march=armv8-a","mlkem-native","v1.2.0 (0ba906cb14b1c241476134d7403a811b382ca498)","ML-KEM-768","encapsulation",44,148615,3629056,True,""
"a988d7c7-fd2a-461e-b626-97aeb475bd28","8a2b18b5-5d34-41bf-a21d-69254ae34d0a","2026-08-12T20:43:17Z","android_vivo_y19_termux","NATIVE_HARDWARE","aarch64","aarch64",8,3741,"Linux 4.14.186-g1003dc13e-dirty","clang","21.1.8 ","-O3 -march=armv8-a","mlkem-native","v1.2.0 (0ba906cb14b1c241476134d7403a811b382ca498)","ML-KEM-768","decapsulation",44,168923,3629056,True,""
"a988d7c7-fd2a-461e-b626-97aeb475bd28","8a2b18b5-5d34-41bf-a21d-69254ae34d0a","2026-08-12T20:43:17Z","android_vivo_y19_termux","NATIVE_HARDWARE","aarch64","aarch64",8,3741,"Linux 4.14.186-g1003dc13e-dirty","clang","21.1.8 ","-O3 -march=armv8-a","mlkem-native","v1.2.0 (0ba906cb14b1c241476134d7403a811b382ca498)","ML-KEM-768","keygen",45,133000,3629056,True,""
"a988d7c7-fd2a-461e-b626-97aeb475bd28","8a2b18b5-5d34-41bf-a21d-69254ae34d0a","2026-08-12T20:43:17Z","android_vivo_y19_termux","NATIVE_HARDWARE","aarch64","aarch64",8,3741,"Linux 4.14.186-g1003dc13e-dirty","clang","21.1.8 ","-O3 -march=armv8-a","mlkem-native","v1.2.0 (0ba906cb14b1c241476134d7403a811b382ca498)","ML-KEM-768","encapsulation",45,147154,3629056,True,""
"a988d7c7-fd2a-461e-b626-97aeb475bd28","8a2b18b5-5d34-41bf-a21d-69254ae34d0a","2026-08-12T20:43:17Z","android_vivo_y19_termux","NATIVE_HARDWARE","aarch64","aarch64",8,3741,"Linux 4.14.186-g1003dc13e-dirty","clang","21.1.8 ","-O3 -march=armv8-a","mlkem-native","v1.2.0 (0ba906cb14b1c241476134d7403a811b382ca498)","ML-KEM-768","decapsulation",45,168231,3629056,True,""
"a988d7c7-fd2a-461e-b626-97aeb475bd28","8a2b18b5-5d34-41bf-a21d-69254ae34d0a","2026-08-12T20:43:17Z","android_vivo_y19_termux","NATIVE_HARDWARE","aarch64","aarch64",8,3741,"Linux 4.14.186-g1003dc13e-dirty","clang","21.1.8 ","-O3 -march=armv8-a","mlkem-native","v1.2.0 (0ba906cb14b1c241476134d7403a811b382ca498)","ML-KEM-768","keygen",46,135000,3629056,True,""
"a988d7c7-fd2a-461e-b626-97aeb475bd28","8a2b18b5-5d34-41bf-a21d-69254ae34d0a","2026-08-12T20:43:17Z","android_vivo_y19_termux","NATIVE_HARDWARE","aarch64","aarch64",8,3741,"Linux 4.14.186-g1003dc13e-dirty","clang","21.1.8 ","-O3 -march=armv8-a","mlkem-native","v1.2.0 (0ba906cb14b1c241476134d7403a811b382ca498)","ML-KEM-768","encapsulation",46,150077,3629056,True,""
"a988d7c7-fd2a-461e-b626-97aeb475bd28","8a2b18b5-5d34-41bf-a21d-69254ae34d0a","2026-08-12T20:43:17Z","android_vivo_y19_termux","NATIVE_HARDWARE","aarch64","aarch64",8,3741,"Linux 4.14.186-g1003dc13e-dirty","clang","21.1.8 ","-O3 -march=armv8-a","mlkem-native","v1.2.0 (0ba906cb14b1c241476134d7403a811b382ca498)","ML-KEM-768","decapsulation",46,169846,3629056,True,""
"a988d7c7-fd2a-461e-b626-97aeb475bd28","8a2b18b5-5d34-41bf-a21d-69254ae34d0a","2026-08-12T20:43:17Z","android_vivo_y19_termux","NATIVE_HARDWARE","aarch64","aarch64",8,3741,"Linux 4.14.186-g1003dc13e-dirty","clang","21.1.8 ","-O3 -march=armv8-a","mlkem-native","v1.2.0 (0ba906cb14b1c241476134d7403a811b382ca498)","ML-KEM-768","keygen",47,133230,3629056,True,""
"a988d7c7-fd2a-461e-b626-97aeb475bd28","8a2b18b5-5d34-41bf-a21d-69254ae34d0a","2026-08-12T20:43:17Z","android_vivo_y19_termux","NATIVE_HARDWARE","aarch64","aarch64",8,3741,"Linux 4.14.186-g1003dc13e-dirty","clang","21.1.8 ","-O3 -march=armv8-a","mlkem-native","v1.2.0 (0ba906cb14b1c241476134d7403a811b382ca498)","ML-KEM-768","encapsulation",47,151385,3629056,True,""
"a988d7c7-fd2a-461e-b626-97aeb475bd28","8a2b18b5-5d34-41bf-a21d-69254ae34d0a","2026-08-12T20:43:17Z","android_vivo_y19_termux","NATIVE_HARDWARE","aarch64","aarch64",8,3741,"Linux 4.14.186-g1003dc13e-dirty","clang","21.1.8 ","-O3 -march=armv8-a","mlkem-native","v1.2.0 (0ba906cb14b1c241476134d7403a811b382ca498)","ML-KEM-768","decapsulation",47,171693,3629056,True,""
"a988d7c7-fd2a-461e-b626-97aeb475bd28","8a2b18b5-5d34-41bf-a21d-69254ae34d0a","2026-08-12T20:43:17Z","android_vivo_y19_termux","NATIVE_HARDWARE","aarch64","aarch64",8,3741,"Linux 4.14.186-g1003dc13e-dirty","clang","21.1.8 ","-O3 -march=armv8-a","mlkem-native","v1.2.0 (0ba906cb14b1c241476134d7403a811b382ca498)","ML-KEM-768","keygen",48,134769,3629056,True,""
"a988d7c7-fd2a-461e-b626-97aeb475bd28","8a2b18b5-5d34-41bf-a21d-69254ae34d0a","2026-08-12T20:43:17Z","android_vivo_y19_termux","NATIVE_HARDWARE","aarch64","aarch64",8,3741,"Linux 4.14.186-g1003dc13e-dirty","clang","21.1.8 ","-O3 -march=armv8-a","mlkem-native","v1.2.0 (0ba906cb14b1c241476134d7403a811b382ca498)","ML-KEM-768","encapsulation",48,148077,3629056,True,""
"a988d7c7-fd2a-461e-b626-97aeb475bd28","8a2b18b5-5d34-41bf-a21d-69254ae34d0a","2026-08-12T20:43:17Z","android_vivo_y19_termux","NATIVE_HARDWARE","aarch64","aarch64",8,3741,"Linux 4.14.186-g1003dc13e-dirty","clang","21.1.8 ","-O3 -march=armv8-a","mlkem-native","v1.2.0 (0ba906cb14b1c241476134d7403a811b382ca498)","ML-KEM-768","decapsulation",48,168846,3629056,True,""
"a988d7c7-fd2a-461e-b626-97aeb475bd28","8a2b18b5-5d34-41bf-a21d-69254ae34d0a","2026-08-12T20:43:17Z","android_vivo_y19_termux","NATIVE_HARDWARE","aarch64","aarch64",8,3741,"Linux 4.14.186-g1003dc13e-dirty","clang","21.1.8 ","-O3 -march=armv8-a","mlkem-native","v1.2.0 (0ba906cb14b1c241476134d7403a811b382ca498)","ML-KEM-768","keygen",49,132693,3629056,True,""
"a988d7c7-fd2a-461e-b626-97aeb475bd28","8a2b18b5-5d34-41bf-a21d-69254ae34d0a","2026-08-12T20:43:17Z","android_vivo_y19_termux","NATIVE_HARDWARE","aarch64","aarch64",8,3741,"Linux 4.14.186-g1003dc13e-dirty","clang","21.1.8 ","-O3 -march=armv8-a","mlkem-native","v1.2.0 (0ba906cb14b1c241476134d7403a811b382ca498)","ML-KEM-768","encapsulation",49,148307,3629056,True,""
"a988d7c7-fd2a-461e-b626-97aeb475bd28","8a2b18b5-5d34-41bf-a21d-69254ae34d0a","2026-08-12T20:43:17Z","android_vivo_y19_termux","NATIVE_HARDWARE","aarch64","aarch64",8,3741,"Linux 4.14.186-g1003dc13e-dirty","clang","21.1.8 ","-O3 -march=armv8-a","mlkem-native","v1.2.0 (0ba906cb14b1c241476134d7403a811b382ca498)","ML-KEM-768","decapsulation",49,170154,3629056,True,""
"a988d7c7-fd2a-461e-b626-97aeb475bd28","8a2b18b5-5d34-41bf-a21d-69254ae34d0a","2026-08-12T20:43:17Z","android_vivo_y19_termux","NATIVE_HARDWARE","aarch64","aarch64",8,3741,"Linux 4.14.186-g1003dc13e-dirty","clang","21.1.8 ","-O3 -march=armv8-a","mlkem-native","v1.2.0 (0ba906cb14b1c241476134d7403a811b382ca498)","ML-KEM-768","keygen",50,133846,3629056,True,""
"a988d7c7-fd2a-461e-b626-97aeb475bd28","8a2b18b5-5d34-41bf-a21d-69254ae34d0a","2026-08-12T20:43:17Z","android_vivo_y19_termux","NATIVE_HARDWARE","aarch64","aarch64",8,3741,"Linux 4.14.186-g1003dc13e-dirty","clang","21.1.8 ","-O3 -march=armv8-a","mlkem-native","v1.2.0 (0ba906cb14b1c241476134d7403a811b382ca498)","ML-KEM-768","encapsulation",50,148692,3629056,True,""
"a988d7c7-fd2a-461e-b626-97aeb475bd28","8a2b18b5-5d34-41bf-a21d-69254ae34d0a","2026-08-12T20:43:17Z","android_vivo_y19_termux","NATIVE_HARDWARE","aarch64","aarch64",8,3741,"Linux 4.14.186-g1003dc13e-dirty","clang","21.1.8 ","-O3 -march=armv8-a","mlkem-native","v1.2.0 (0ba906cb14b1c241476134d7403a811b382ca498)","ML-KEM-768","decapsulation",50,221154,3629056,True,""
"a988d7c7-fd2a-461e-b626-97aeb475bd28","8a2b18b5-5d34-41bf-a21d-69254ae34d0a","2026-08-12T20:43:17Z","android_vivo_y19_termux","NATIVE_HARDWARE","aarch64","aarch64",8,3741,"Linux 4.14.186-g1003dc13e-dirty","clang","21.1.8 ","-O3 -march=armv8-a","mlkem-native","v1.2.0 (0ba906cb14b1c241476134d7403a811b382ca498)","ML-KEM-768","keygen",51,155307,3629056,True,""
"a988d7c7-fd2a-461e-b626-97aeb475bd28","8a2b18b5-5d34-41bf-a21d-69254ae34d0a","2026-08-12T20:43:17Z","android_vivo_y19_termux","NATIVE_HARDWARE","aarch64","aarch64",8,3741,"Linux 4.14.186-g1003dc13e-dirty","clang","21.1.8 ","-O3 -march=armv8-a","mlkem-native","v1.2.0 (0ba906cb14b1c241476134d7403a811b382ca498)","ML-KEM-768","encapsulation",51,205615,3629056,True,""
"a988d7c7-fd2a-461e-b626-97aeb475bd28","8a2b18b5-5d34-41bf-a21d-69254ae34d0a","2026-08-12T20:43:17Z","android_vivo_y19_termux","NATIVE_HARDWARE","aarch64","aarch64",8,3741,"Linux 4.14.186-g1003dc13e-dirty","clang","21.1.8 ","-O3 -march=armv8-a","mlkem-native","v1.2.0 (0ba906cb14b1c241476134d7403a811b382ca498)","ML-KEM-768","decapsulation",51,241231,3629056,True,""
"a988d7c7-fd2a-461e-b626-97aeb475bd28","8a2b18b5-5d34-41bf-a21d-69254ae34d0a","2026-08-12T20:43:17Z","android_vivo_y19_termux","NATIVE_HARDWARE","aarch64","aarch64",8,3741,"Linux 4.14.186-g1003dc13e-dirty","clang","21.1.8 ","-O3 -march=armv8-a","mlkem-native","v1.2.0 (0ba906cb14b1c241476134d7403a811b382ca498)","ML-KEM-768","keygen",52,137538,3629056,True,""
"a988d7c7-fd2a-461e-b626-97aeb475bd28","8a2b18b5-5d34-41bf-a21d-69254ae34d0a","2026-08-12T20:43:17Z","android_vivo_y19_termux","NATIVE_HARDWARE","aarch64","aarch64",8,3741,"Linux 4.14.186-g1003dc13e-dirty","clang","21.1.8 ","-O3 -march=armv8-a","mlkem-native","v1.2.0 (0ba906cb14b1c241476134d7403a811b382ca498)","ML-KEM-768","encapsulation",52,157769,3629056,True,""
"a988d7c7-fd2a-461e-b626-97aeb475bd28","8a2b18b5-5d34-41bf-a21d-69254ae34d0a","2026-08-12T20:43:17Z","android_vivo_y19_termux","NATIVE_HARDWARE","aarch64","aarch64",8,3741,"Linux 4.14.186-g1003dc13e-dirty","clang","21.1.8 ","-O3 -march=armv8-a","mlkem-native","v1.2.0 (0ba906cb14b1c241476134d7403a811b382ca498)","ML-KEM-768","decapsulation",52,176308,3629056,True,""
"a988d7c7-fd2a-461e-b626-97aeb475bd28","8a2b18b5-5d34-41bf-a21d-69254ae34d0a","2026-08-12T20:43:17Z","android_vivo_y19_termux","NATIVE_HARDWARE","aarch64","aarch64",8,3741,"Linux 4.14.186-g1003dc13e-dirty","clang","21.1.8 ","-O3 -march=armv8-a","mlkem-native","v1.2.0 (0ba906cb14b1c241476134d7403a811b382ca498)","ML-KEM-768","keygen",53,287461,3629056,True,""
"a988d7c7-fd2a-461e-b626-97aeb475bd28","8a2b18b5-5d34-41bf-a21d-69254ae34d0a","2026-08-12T20:43:17Z","android_vivo_y19_termux","NATIVE_HARDWARE","aarch64","aarch64",8,3741,"Linux 4.14.186-g1003dc13e-dirty","clang","21.1.8 ","-O3 -march=armv8-a","mlkem-native","v1.2.0 (0ba906cb14b1c241476134d7403a811b382ca498)","ML-KEM-768","encapsulation",53,157231,3629056,True,""
"a988d7c7-fd2a-461e-b626-97aeb475bd28","8a2b18b5-5d34-41bf-a21d-69254ae34d0a","2026-08-12T20:43:17Z","android_vivo_y19_termux","NATIVE_HARDWARE","aarch64","aarch64",8,3741,"Linux 4.14.186-g1003dc13e-dirty","clang","21.1.8 ","-O3 -march=armv8-a","mlkem-native","v1.2.0 (0ba906cb14b1c241476134d7403a811b382ca498)","ML-KEM-768","decapsulation",53,179615,3629056,True,""
"a988d7c7-fd2a-461e-b626-97aeb475bd28","8a2b18b5-5d34-41bf-a21d-69254ae34d0a","2026-08-12T20:43:17Z","android_vivo_y19_termux","NATIVE_HARDWARE","aarch64","aarch64",8,3741,"Linux 4.14.186-g1003dc13e-dirty","clang","21.1.8 ","-O3 -march=armv8-a","mlkem-native","v1.2.0 (0ba906cb14b1c241476134d7403a811b382ca498)","ML-KEM-768","keygen",54,135308,3629056,True,""
"a988d7c7-fd2a-461e-b626-97aeb475bd28","8a2b18b5-5d34-41bf-a21d-69254ae34d0a","2026-08-12T20:43:17Z","android_vivo_y19_termux","NATIVE_HARDWARE","aarch64","aarch64",8,3741,"Linux 4.14.186-g1003dc13e-dirty","clang","21.1.8 ","-O3 -march=armv8-a","mlkem-native","v1.2.0 (0ba906cb14b1c241476134d7403a811b382ca498)","ML-KEM-768","encapsulation",54,151693,3629056,True,""
"a988d7c7-fd2a-461e-b626-97aeb475bd28","8a2b18b5-5d34-41bf-a21d-69254ae34d0a","2026-08-12T20:43:17Z","android_vivo_y19_termux","NATIVE_HARDWARE","aarch64","aarch64",8,3741,"Linux 4.14.186-g1003dc13e-dirty","clang","21.1.8 ","-O3 -march=armv8-a","mlkem-native","v1.2.0 (0ba906cb14b1c241476134d7403a811b382ca498)","ML-KEM-768","decapsulation",54,170077,3629056,True,""
"a988d7c7-fd2a-461e-b626-97aeb475bd28","8a2b18b5-5d34-41bf-a21d-69254ae34d0a","2026-08-12T20:43:17Z","android_vivo_y19_termux","NATIVE_HARDWARE","aarch64","aarch64",8,3741,"Linux 4.14.186-g1003dc13e-dirty","clang","21.1.8 ","-O3 -march=armv8-a","mlkem-native","v1.2.0 (0ba906cb14b1c241476134d7403a811b382ca498)","ML-KEM-768","keygen",55,133539,3629056,True,""
"a988d7c7-fd2a-461e-b626-97aeb475bd28","8a2b18b5-5d34-41bf-a21d-69254ae34d0a","2026-08-12T20:43:17Z","android_vivo_y19_termux","NATIVE_HARDWARE","aarch64","aarch64",8,3741,"Linux 4.14.186-g1003dc13e-dirty","clang","21.1.8 ","-O3 -march=armv8-a","mlkem-native","v1.2.0 (0ba906cb14b1c241476134d7403a811b382ca498)","ML-KEM-768","encapsulation",55,149153,3629056,True,""
"a988d7c7-fd2a-461e-b626-97aeb475bd28","8a2b18b5-5d34-41bf-a21d-69254ae34d0a","2026-08-12T20:43:17Z","android_vivo_y19_termux","NATIVE_HARDWARE","aarch64","aarch64",8,3741,"Linux 4.14.186-g1003dc13e-dirty","clang","21.1.8 ","-O3 -march=armv8-a","mlkem-native","v1.2.0 (0ba906cb14b1c241476134d7403a811b382ca498)","ML-KEM-768","decapsulation",55,169538,3629056,True,""
"a988d7c7-fd2a-461e-b626-97aeb475bd28","8a2b18b5-5d34-41bf-a21d-69254ae34d0a","2026-08-12T20:43:17Z","android_vivo_y19_termux","NATIVE_HARDWARE","aarch64","aarch64",8,3741,"Linux 4.14.186-g1003dc13e-dirty","clang","21.1.8 ","-O3 -march=armv8-a","mlkem-native","v1.2.0 (0ba906cb14b1c241476134d7403a811b382ca498)","ML-KEM-768","keygen",56,187077,3629056,True,""
"a988d7c7-fd2a-461e-b626-97aeb475bd28","8a2b18b5-5d34-41bf-a21d-69254ae34d0a","2026-08-12T20:43:17Z","android_vivo_y19_termux","NATIVE_HARDWARE","aarch64","aarch64",8,3741,"Linux 4.14.186-g1003dc13e-dirty","clang","21.1.8 ","-O3 -march=armv8-a","mlkem-native","v1.2.0 (0ba906cb14b1c241476134d7403a811b382ca498)","ML-KEM-768","encapsulation",56,149539,3629056,True,""
"a988d7c7-fd2a-461e-b626-97aeb475bd28","8a2b18b5-5d34-41bf-a21d-69254ae34d0a","2026-08-12T20:43:17Z","android_vivo_y19_termux","NATIVE_HARDWARE","aarch64","aarch64",8,3741,"Linux 4.14.186-g1003dc13e-dirty","clang","21.1.8 ","-O3 -march=armv8-a","mlkem-native","v1.2.0 (0ba906cb14b1c241476134d7403a811b382ca498)","ML-KEM-768","decapsulation",56,169923,3629056,True,""
"a988d7c7-fd2a-461e-b626-97aeb475bd28","8a2b18b5-5d34-41bf-a21d-69254ae34d0a","2026-08-12T20:43:17Z","android_vivo_y19_termux","NATIVE_HARDWARE","aarch64","aarch64",8,3741,"Linux 4.14.186-g1003dc13e-dirty","clang","21.1.8 ","-O3 -march=armv8-a","mlkem-native","v1.2.0 (0ba906cb14b1c241476134d7403a811b382ca498)","ML-KEM-768","keygen",57,134846,3629056,True,""
"a988d7c7-fd2a-461e-b626-97aeb475bd28","8a2b18b5-5d34-41bf-a21d-69254ae34d0a","2026-08-12T20:43:17Z","android_vivo_y19_termux","NATIVE_HARDWARE","aarch64","aarch64",8,3741,"Linux 4.14.186-g1003dc13e-dirty","clang","21.1.8 ","-O3 -march=armv8-a","mlkem-native","v1.2.0 (0ba906cb14b1c241476134d7403a811b382ca498)","ML-KEM-768","encapsulation",57,151308,3629056,True,""
"a988d7c7-fd2a-461e-b626-97aeb475bd28","8a2b18b5-5d34-41bf-a21d-69254ae34d0a","2026-08-12T20:43:17Z","android_vivo_y19_termux","NATIVE_HARDWARE","aarch64","aarch64",8,3741,"Linux 4.14.186-g1003dc13e-dirty","clang","21.1.8 ","-O3 -march=armv8-a","mlkem-native","v1.2.0 (0ba906cb14b1c241476134d7403a811b382ca498)","ML-KEM-768","decapsulation",57,171077,3629056,True,""
"a988d7c7-fd2a-461e-b626-97aeb475bd28","8a2b18b5-5d34-41bf-a21d-69254ae34d0a","2026-08-12T20:43:17Z","android_vivo_y19_termux","NATIVE_HARDWARE","aarch64","aarch64",8,3741,"Linux 4.14.186-g1003dc13e-dirty","clang","21.1.8 ","-O3 -march=armv8-a","mlkem-native","v1.2.0 (0ba906cb14b1c241476134d7403a811b382ca498)","ML-KEM-768","keygen",58,133231,3629056,True,""
"a988d7c7-fd2a-461e-b626-97aeb475bd28","8a2b18b5-5d34-41bf-a21d-69254ae34d0a","2026-08-12T20:43:17Z","android_vivo_y19_termux","NATIVE_HARDWARE","aarch64","aarch64",8,3741,"Linux 4.14.186-g1003dc13e-dirty","clang","21.1.8 ","-O3 -march=armv8-a","mlkem-native","v1.2.0 (0ba906cb14b1c241476134d7403a811b382ca498)","ML-KEM-768","encapsulation",58,148923,3629056,True,""
"a988d7c7-fd2a-461e-b626-97aeb475bd28","8a2b18b5-5d34-41bf-a21d-69254ae34d0a","2026-08-12T20:43:17Z","android_vivo_y19_termux","NATIVE_HARDWARE","aarch64","aarch64",8,3741,"Linux 4.14.186-g1003dc13e-dirty","clang","21.1.8 ","-O3 -march=armv8-a","mlkem-native","v1.2.0 (0ba906cb14b1c241476134d7403a811b382ca498)","ML-KEM-768","decapsulation",58,169461,3629056,True,""
"a988d7c7-fd2a-461e-b626-97aeb475bd28","8a2b18b5-5d34-41bf-a21d-69254ae34d0a","2026-08-12T20:43:17Z","android_vivo_y19_termux","NATIVE_HARDWARE","aarch64","aarch64",8,3741,"Linux 4.14.186-g1003dc13e-dirty","clang","21.1.8 ","-O3 -march=armv8-a","mlkem-native","v1.2.0 (0ba906cb14b1c241476134d7403a811b382ca498)","ML-KEM-768","keygen",59,132923,3629056,True,""
"a988d7c7-fd2a-461e-b626-97aeb475bd28","8a2b18b5-5d34-41bf-a21d-69254ae34d0a","2026-08-12T20:43:17Z","android_vivo_y19_termux","NATIVE_HARDWARE","aarch64","aarch64",8,3741,"Linux 4.14.186-g1003dc13e-dirty","clang","21.1.8 ","-O3 -march=armv8-a","mlkem-native","v1.2.0 (0ba906cb14b1c241476134d7403a811b382ca498)","ML-KEM-768","encapsulation",59,147462,3629056,True,""
"a988d7c7-fd2a-461e-b626-97aeb475bd28","8a2b18b5-5d34-41bf-a21d-69254ae34d0a","2026-08-12T20:43:17Z","android_vivo_y19_termux","NATIVE_HARDWARE","aarch64","aarch64",8,3741,"Linux 4.14.186-g1003dc13e-dirty","clang","21.1.8 ","-O3 -march=armv8-a","mlkem-native","v1.2.0 (0ba906cb14b1c241476134d7403a811b382ca498)","ML-KEM-768","decapsulation",59,168616,3629056,True,""
"a988d7c7-fd2a-461e-b626-97aeb475bd28","8a2b18b5-5d34-41bf-a21d-69254ae34d0a","2026-08-12T20:43:17Z","android_vivo_y19_termux","NATIVE_HARDWARE","aarch64","aarch64",8,3741,"Linux 4.14.186-g1003dc13e-dirty","clang","21.1.8 ","-O3 -march=armv8-a","mlkem-native","v1.2.0 (0ba906cb14b1c241476134d7403a811b382ca498)","ML-KEM-768","keygen",60,132308,3629056,True,""
"a988d7c7-fd2a-461e-b626-97aeb475bd28","8a2b18b5-5d34-41bf-a21d-69254ae34d0a","2026-08-12T20:43:17Z","android_vivo_y19_termux","NATIVE_HARDWARE","aarch64","aarch64",8,3741,"Linux 4.14.186-g1003dc13e-dirty","clang","21.1.8 ","-O3 -march=armv8-a","mlkem-native","v1.2.0 (0ba906cb14b1c241476134d7403a811b382ca498)","ML-KEM-768","encapsulation",60,155692,3629056,True,""
"a988d7c7-fd2a-461e-b626-97aeb475bd28","8a2b18b5-5d34-41bf-a21d-69254ae34d0a","2026-08-12T20:43:17Z","android_vivo_y19_termux","NATIVE_HARDWARE","aarch64","aarch64",8,3741,"Linux 4.14.186-g1003dc13e-dirty","clang","21.1.8 ","-O3 -march=armv8-a","mlkem-native","v1.2.0 (0ba906cb14b1c241476134d7403a811b382ca498)","ML-KEM-768","decapsulation",60,259770,3629056,True,""
"a988d7c7-fd2a-461e-b626-97aeb475bd28","8a2b18b5-5d34-41bf-a21d-69254ae34d0a","2026-08-12T20:43:17Z","android_vivo_y19_termux","NATIVE_HARDWARE","aarch64","aarch64",8,3741,"Linux 4.14.186-g1003dc13e-dirty","clang","21.1.8 ","-O3 -march=armv8-a","mlkem-native","v1.2.0 (0ba906cb14b1c241476134d7403a811b382ca498)","ML-KEM-768","keygen",61,138154,3629056,True,""
"a988d7c7-fd2a-461e-b626-97aeb475bd28","8a2b18b5-5d34-41bf-a21d-69254ae34d0a","2026-08-12T20:43:17Z","android_vivo_y19_termux","NATIVE_HARDWARE","aarch64","aarch64",8,3741,"Linux 4.14.186-g1003dc13e-dirty","clang","21.1.8 ","-O3 -march=armv8-a","mlkem-native","v1.2.0 (0ba906cb14b1c241476134d7403a811b382ca498)","ML-KEM-768","encapsulation",61,221000,3629056,True,""
"a988d7c7-fd2a-461e-b626-97aeb475bd28","8a2b18b5-5d34-41bf-a21d-69254ae34d0a","2026-08-12T20:43:17Z","android_vivo_y19_termux","NATIVE_HARDWARE","aarch64","aarch64",8,3741,"Linux 4.14.186-g1003dc13e-dirty","clang","21.1.8 ","-O3 -march=armv8-a","mlkem-native","v1.2.0 (0ba906cb14b1c241476134d7403a811b382ca498)","ML-KEM-768","decapsulation",61,205923,3629056,True,""
"a988d7c7-fd2a-461e-b626-97aeb475bd28","8a2b18b5-5d34-41bf-a21d-69254ae34d0a","2026-08-12T20:43:17Z","android_vivo_y19_termux","NATIVE_HARDWARE","aarch64","aarch64",8,3741,"Linux 4.14.186-g1003dc13e-dirty","clang","21.1.8 ","-O3 -march=armv8-a","mlkem-native","v1.2.0 (0ba906cb14b1c241476134d7403a811b382ca498)","ML-KEM-768","keygen",62,223693,3629056,True,""
"a988d7c7-fd2a-461e-b626-97aeb475bd28","8a2b18b5-5d34-41bf-a21d-69254ae34d0a","2026-08-12T20:43:17Z","android_vivo_y19_termux","NATIVE_HARDWARE","aarch64","aarch64",8,3741,"Linux 4.14.186-g1003dc13e-dirty","clang","21.1.8 ","-O3 -march=armv8-a","mlkem-native","v1.2.0 (0ba906cb14b1c241476134d7403a811b382ca498)","ML-KEM-768","encapsulation",62,245615,3629056,True,""
"a988d7c7-fd2a-461e-b626-97aeb475bd28","8a2b18b5-5d34-41bf-a21d-69254ae34d0a","2026-08-12T20:43:17Z","android_vivo_y19_termux","NATIVE_HARDWARE","aarch64","aarch64",8,3741,"Linux 4.14.186-g1003dc13e-dirty","clang","21.1.8 ","-O3 -march=armv8-a","mlkem-native","v1.2.0 (0ba906cb14b1c241476134d7403a811b382ca498)","ML-KEM-768","decapsulation",62,174461,3629056,True,""
"a988d7c7-fd2a-461e-b626-97aeb475bd28","8a2b18b5-5d34-41bf-a21d-69254ae34d0a","2026-08-12T20:43:17Z","android_vivo_y19_termux","NATIVE_HARDWARE","aarch64","aarch64",8,3741,"Linux 4.14.186-g1003dc13e-dirty","clang","21.1.8 ","-O3 -march=armv8-a","mlkem-native","v1.2.0 (0ba906cb14b1c241476134d7403a811b382ca498)","ML-KEM-768","keygen",63,134461,3629056,True,""
"a988d7c7-fd2a-461e-b626-97aeb475bd28","8a2b18b5-5d34-41bf-a21d-69254ae34d0a","2026-08-12T20:43:17Z","android_vivo_y19_termux","NATIVE_HARDWARE","aarch64","aarch64",8,3741,"Linux 4.14.186-g1003dc13e-dirty","clang","21.1.8 ","-O3 -march=armv8-a","mlkem-native","v1.2.0 (0ba906cb14b1c241476134d7403a811b382ca498)","ML-KEM-768","encapsulation",63,150153,3629056,True,""
"a988d7c7-fd2a-461e-b626-97aeb475bd28","8a2b18b5-5d34-41bf-a21d-69254ae34d0a","2026-08-12T20:43:17Z","android_vivo_y19_termux","NATIVE_HARDWARE","aarch64","aarch64",8,3741,"Linux 4.14.186-g1003dc13e-dirty","clang","21.1.8 ","-O3 -march=armv8-a","mlkem-native","v1.2.0 (0ba906cb14b1c241476134d7403a811b382ca498)","ML-KEM-768","decapsulation",63,170154,3629056,True,""
"a988d7c7-fd2a-461e-b626-97aeb475bd28","8a2b18b5-5d34-41bf-a21d-69254ae34d0a","2026-08-12T20:43:17Z","android_vivo_y19_termux","NATIVE_HARDWARE","aarch64","aarch64",8,3741,"Linux 4.14.186-g1003dc13e-dirty","clang","21.1.8 ","-O3 -march=armv8-a","mlkem-native","v1.2.0 (0ba906cb14b1c241476134d7403a811b382ca498)","ML-KEM-768","keygen",64,135154,3629056,True,""
"a988d7c7-fd2a-461e-b626-97aeb475bd28","8a2b18b5-5d34-41bf-a21d-69254ae34d0a","2026-08-12T20:43:17Z","android_vivo_y19_termux","NATIVE_HARDWARE","aarch64","aarch64",8,3741,"Linux 4.14.186-g1003dc13e-dirty","clang","21.1.8 ","-O3 -march=armv8-a","mlkem-native","v1.2.0 (0ba906cb14b1c241476134d7403a811b382ca498)","ML-KEM-768","encapsulation",64,198385,3629056,True,""
"a988d7c7-fd2a-461e-b626-97aeb475bd28","8a2b18b5-5d34-41bf-a21d-69254ae34d0a","2026-08-12T20:43:17Z","android_vivo_y19_termux","NATIVE_HARDWARE","aarch64","aarch64",8,3741,"Linux 4.14.186-g1003dc13e-dirty","clang","21.1.8 ","-O3 -march=armv8-a","mlkem-native","v1.2.0 (0ba906cb14b1c241476134d7403a811b382ca498)","ML-KEM-768","decapsulation",64,173770,3629056,True,""
"a988d7c7-fd2a-461e-b626-97aeb475bd28","8a2b18b5-5d34-41bf-a21d-69254ae34d0a","2026-08-12T20:43:17Z","android_vivo_y19_termux","NATIVE_HARDWARE","aarch64","aarch64",8,3741,"Linux 4.14.186-g1003dc13e-dirty","clang","21.1.8 ","-O3 -march=armv8-a","mlkem-native","v1.2.0 (0ba906cb14b1c241476134d7403a811b382ca498)","ML-KEM-768","keygen",65,144307,3629056,True,""
"a988d7c7-fd2a-461e-b626-97aeb475bd28","8a2b18b5-5d34-41bf-a21d-69254ae34d0a","2026-08-12T20:43:17Z","android_vivo_y19_termux","NATIVE_HARDWARE","aarch64","aarch64",8,3741,"Linux 4.14.186-g1003dc13e-dirty","clang","21.1.8 ","-O3 -march=armv8-a","mlkem-native","v1.2.0 (0ba906cb14b1c241476134d7403a811b382ca498)","ML-KEM-768","encapsulation",65,167077,3629056,True,""
"a988d7c7-fd2a-461e-b626-97aeb475bd28","8a2b18b5-5d34-41bf-a21d-69254ae34d0a","2026-08-12T20:43:17Z","android_vivo_y19_termux","NATIVE_HARDWARE","aarch64","aarch64",8,3741,"Linux 4.14.186-g1003dc13e-dirty","clang","21.1.8 ","-O3 -march=armv8-a","mlkem-native","v1.2.0 (0ba906cb14b1c241476134d7403a811b382ca498)","ML-KEM-768","decapsulation",65,172000,3629056,True,""
"a988d7c7-fd2a-461e-b626-97aeb475bd28","8a2b18b5-5d34-41bf-a21d-69254ae34d0a","2026-08-12T20:43:17Z","android_vivo_y19_termux","NATIVE_HARDWARE","aarch64","aarch64",8,3741,"Linux 4.14.186-g1003dc13e-dirty","clang","21.1.8 ","-O3 -march=armv8-a","mlkem-native","v1.2.0 (0ba906cb14b1c241476134d7403a811b382ca498)","ML-KEM-768","keygen",66,212308,3629056,True,""
"a988d7c7-fd2a-461e-b626-97aeb475bd28","8a2b18b5-5d34-41bf-a21d-69254ae34d0a","2026-08-12T20:43:17Z","android_vivo_y19_termux","NATIVE_HARDWARE","aarch64","aarch64",8,3741,"Linux 4.14.186-g1003dc13e-dirty","clang","21.1.8 ","-O3 -march=armv8-a","mlkem-native","v1.2.0 (0ba906cb14b1c241476134d7403a811b382ca498)","ML-KEM-768","encapsulation",66,150154,3629056,True,""
"a988d7c7-fd2a-461e-b626-97aeb475bd28","8a2b18b5-5d34-41bf-a21d-69254ae34d0a","2026-08-12T20:43:17Z","android_vivo_y19_termux","NATIVE_HARDWARE","aarch64","aarch64",8,3741,"Linux 4.14.186-g1003dc13e-dirty","clang","21.1.8 ","-O3 -march=armv8-a","mlkem-native","v1.2.0 (0ba906cb14b1c241476134d7403a811b382ca498)","ML-KEM-768","decapsulation",66,186846,3629056,True,""
"a988d7c7-fd2a-461e-b626-97aeb475bd28","8a2b18b5-5d34-41bf-a21d-69254ae34d0a","2026-08-12T20:43:17Z","android_vivo_y19_termux","NATIVE_HARDWARE","aarch64","aarch64",8,3741,"Linux 4.14.186-g1003dc13e-dirty","clang","21.1.8 ","-O3 -march=armv8-a","mlkem-native","v1.2.0 (0ba906cb14b1c241476134d7403a811b382ca498)","ML-KEM-768","keygen",67,137231,3629056,True,""
"a988d7c7-fd2a-461e-b626-97aeb475bd28","8a2b18b5-5d34-41bf-a21d-69254ae34d0a","2026-08-12T20:43:17Z","android_vivo_y19_termux","NATIVE_HARDWARE","aarch64","aarch64",8,3741,"Linux 4.14.186-g1003dc13e-dirty","clang","21.1.8 ","-O3 -march=armv8-a","mlkem-native","v1.2.0 (0ba906cb14b1c241476134d7403a811b382ca498)","ML-KEM-768","encapsulation",67,156000,3629056,True,""
"a988d7c7-fd2a-461e-b626-97aeb475bd28","8a2b18b5-5d34-41bf-a21d-69254ae34d0a","2026-08-12T20:43:17Z","android_vivo_y19_termux","NATIVE_HARDWARE","aarch64","aarch64",8,3741,"Linux 4.14.186-g1003dc13e-dirty","clang","21.1.8 ","-O3 -march=armv8-a","mlkem-native","v1.2.0 (0ba906cb14b1c241476134d7403a811b382ca498)","ML-KEM-768","decapsulation",67,176308,3629056,True,""
"a988d7c7-fd2a-461e-b626-97aeb475bd28","8a2b18b5-5d34-41bf-a21d-69254ae34d0a","2026-08-12T20:43:17Z","android_vivo_y19_termux","NATIVE_HARDWARE","aarch64","aarch64",8,3741,"Linux 4.14.186-g1003dc13e-dirty","clang","21.1.8 ","-O3 -march=armv8-a","mlkem-native","v1.2.0 (0ba906cb14b1c241476134d7403a811b382ca498)","ML-KEM-768","keygen",68,133769,3629056,True,""
"a988d7c7-fd2a-461e-b626-97aeb475bd28","8a2b18b5-5d34-41bf-a21d-69254ae34d0a","2026-08-12T20:43:17Z","android_vivo_y19_termux","NATIVE_HARDWARE","aarch64","aarch64",8,3741,"Linux 4.14.186-g1003dc13e-dirty","clang","21.1.8 ","-O3 -march=armv8-a","mlkem-native","v1.2.0 (0ba906cb14b1c241476134d7403a811b382ca498)","ML-KEM-768","encapsulation",68,152000,3629056,True,""
"a988d7c7-fd2a-461e-b626-97aeb475bd28","8a2b18b5-5d34-41bf-a21d-69254ae34d0a","2026-08-12T20:43:17Z","android_vivo_y19_termux","NATIVE_HARDWARE","aarch64","aarch64",8,3741,"Linux 4.14.186-g1003dc13e-dirty","clang","21.1.8 ","-O3 -march=armv8-a","mlkem-native","v1.2.0 (0ba906cb14b1c241476134d7403a811b382ca498)","ML-KEM-768","decapsulation",68,175385,3629056,True,""
"a988d7c7-fd2a-461e-b626-97aeb475bd28","8a2b18b5-5d34-41bf-a21d-69254ae34d0a","2026-08-12T20:43:17Z","android_vivo_y19_termux","NATIVE_HARDWARE","aarch64","aarch64",8,3741,"Linux 4.14.186-g1003dc13e-dirty","clang","21.1.8 ","-O3 -march=armv8-a","mlkem-native","v1.2.0 (0ba906cb14b1c241476134d7403a811b382ca498)","ML-KEM-768","keygen",69,203077,3629056,True,""
"a988d7c7-fd2a-461e-b626-97aeb475bd28","8a2b18b5-5d34-41bf-a21d-69254ae34d0a","2026-08-12T20:43:17Z","android_vivo_y19_termux","NATIVE_HARDWARE","aarch64","aarch64",8,3741,"Linux 4.14.186-g1003dc13e-dirty","clang","21.1.8 ","-O3 -march=armv8-a","mlkem-native","v1.2.0 (0ba906cb14b1c241476134d7403a811b382ca498)","ML-KEM-768","encapsulation",69,170539,3629056,True,""
"a988d7c7-fd2a-461e-b626-97aeb475bd28","8a2b18b5-5d34-41bf-a21d-69254ae34d0a","2026-08-12T20:43:17Z","android_vivo_y19_termux","NATIVE_HARDWARE","aarch64","aarch64",8,3741,"Linux 4.14.186-g1003dc13e-dirty","clang","21.1.8 ","-O3 -march=armv8-a","mlkem-native","v1.2.0 (0ba906cb14b1c241476134d7403a811b382ca498)","ML-KEM-768","decapsulation",69,175462,3629056,True,""
"a988d7c7-fd2a-461e-b626-97aeb475bd28","8a2b18b5-5d34-41bf-a21d-69254ae34d0a","2026-08-12T20:43:17Z","android_vivo_y19_termux","NATIVE_HARDWARE","aarch64","aarch64",8,3741,"Linux 4.14.186-g1003dc13e-dirty","clang","21.1.8 ","-O3 -march=armv8-a","mlkem-native","v1.2.0 (0ba906cb14b1c241476134d7403a811b382ca498)","ML-KEM-768","keygen",70,135077,3629056,True,""
"a988d7c7-fd2a-461e-b626-97aeb475bd28","8a2b18b5-5d34-41bf-a21d-69254ae34d0a","2026-08-12T20:43:17Z","android_vivo_y19_termux","NATIVE_HARDWARE","aarch64","aarch64",8,3741,"Linux 4.14.186-g1003dc13e-dirty","clang","21.1.8 ","-O3 -march=armv8-a","mlkem-native","v1.2.0 (0ba906cb14b1c241476134d7403a811b382ca498)","ML-KEM-768","encapsulation",70,156539,3629056,True,""
"a988d7c7-fd2a-461e-b626-97aeb475bd28","8a2b18b5-5d34-41bf-a21d-69254ae34d0a","2026-08-12T20:43:17Z","android_vivo_y19_termux","NATIVE_HARDWARE","aarch64","aarch64",8,3741,"Linux 4.14.186-g1003dc13e-dirty","clang","21.1.8 ","-O3 -march=armv8-a","mlkem-native","v1.2.0 (0ba906cb14b1c241476134d7403a811b382ca498)","ML-KEM-768","decapsulation",70,175077,3629056,True,""
"a988d7c7-fd2a-461e-b626-97aeb475bd28","8a2b18b5-5d34-41bf-a21d-69254ae34d0a","2026-08-12T20:43:17Z","android_vivo_y19_termux","NATIVE_HARDWARE","aarch64","aarch64",8,3741,"Linux 4.14.186-g1003dc13e-dirty","clang","21.1.8 ","-O3 -march=armv8-a","mlkem-native","v1.2.0 (0ba906cb14b1c241476134d7403a811b382ca498)","ML-KEM-768","keygen",71,140923,3629056,True,""
"a988d7c7-fd2a-461e-b626-97aeb475bd28","8a2b18b5-5d34-41bf-a21d-69254ae34d0a","2026-08-12T20:43:17Z","android_vivo_y19_termux","NATIVE_HARDWARE","aarch64","aarch64",8,3741,"Linux 4.14.186-g1003dc13e-dirty","clang","21.1.8 ","-O3 -march=armv8-a","mlkem-native","v1.2.0 (0ba906cb14b1c241476134d7403a811b382ca498)","ML-KEM-768","encapsulation",71,147692,3629056,True,""
"a988d7c7-fd2a-461e-b626-97aeb475bd28","8a2b18b5-5d34-41bf-a21d-69254ae34d0a","2026-08-12T20:43:17Z","android_vivo_y19_termux","NATIVE_HARDWARE","aarch64","aarch64",8,3741,"Linux 4.14.186-g1003dc13e-dirty","clang","21.1.8 ","-O3 -march=armv8-a","mlkem-native","v1.2.0 (0ba906cb14b1c241476134d7403a811b382ca498)","ML-KEM-768","decapsulation",71,168308,3629056,True,""
"a988d7c7-fd2a-461e-b626-97aeb475bd28","8a2b18b5-5d34-41bf-a21d-69254ae34d0a","2026-08-12T20:43:17Z","android_vivo_y19_termux","NATIVE_HARDWARE","aarch64","aarch64",8,3741,"Linux 4.14.186-g1003dc13e-dirty","clang","21.1.8 ","-O3 -march=armv8-a","mlkem-native","v1.2.0 (0ba906cb14b1c241476134d7403a811b382ca498)","ML-KEM-768","keygen",72,136230,3629056,True,""
"a988d7c7-fd2a-461e-b626-97aeb475bd28","8a2b18b5-5d34-41bf-a21d-69254ae34d0a","2026-08-12T20:43:17Z","android_vivo_y19_termux","NATIVE_HARDWARE","aarch64","aarch64",8,3741,"Linux 4.14.186-g1003dc13e-dirty","clang","21.1.8 ","-O3 -march=armv8-a","mlkem-native","v1.2.0 (0ba906cb14b1c241476134d7403a811b382ca498)","ML-KEM-768","encapsulation",72,149770,3629056,True,""
"a988d7c7-fd2a-461e-b626-97aeb475bd28","8a2b18b5-5d34-41bf-a21d-69254ae34d0a","2026-08-12T20:43:17Z","android_vivo_y19_termux","NATIVE_HARDWARE","aarch64","aarch64",8,3741,"Linux 4.14.186-g1003dc13e-dirty","clang","21.1.8 ","-O3 -march=armv8-a","mlkem-native","v1.2.0 (0ba906cb14b1c241476134d7403a811b382ca498)","ML-KEM-768","decapsulation",72,244616,3629056,True,""
"a988d7c7-fd2a-461e-b626-97aeb475bd28","8a2b18b5-5d34-41bf-a21d-69254ae34d0a","2026-08-12T20:43:17Z","android_vivo_y19_termux","NATIVE_HARDWARE","aarch64","aarch64",8,3741,"Linux 4.14.186-g1003dc13e-dirty","clang","21.1.8 ","-O3 -march=armv8-a","mlkem-native","v1.2.0 (0ba906cb14b1c241476134d7403a811b382ca498)","ML-KEM-768","keygen",73,136923,3629056,True,""
"a988d7c7-fd2a-461e-b626-97aeb475bd28","8a2b18b5-5d34-41bf-a21d-69254ae34d0a","2026-08-12T20:43:17Z","android_vivo_y19_termux","NATIVE_HARDWARE","aarch64","aarch64",8,3741,"Linux 4.14.186-g1003dc13e-dirty","clang","21.1.8 ","-O3 -march=armv8-a","mlkem-native","v1.2.0 (0ba906cb14b1c241476134d7403a811b382ca498)","ML-KEM-768","encapsulation",73,149153,3629056,True,""
"a988d7c7-fd2a-461e-b626-97aeb475bd28","8a2b18b5-5d34-41bf-a21d-69254ae34d0a","2026-08-12T20:43:17Z","android_vivo_y19_termux","NATIVE_HARDWARE","aarch64","aarch64",8,3741,"Linux 4.14.186-g1003dc13e-dirty","clang","21.1.8 ","-O3 -march=armv8-a","mlkem-native","v1.2.0 (0ba906cb14b1c241476134d7403a811b382ca498)","ML-KEM-768","decapsulation",73,170154,3629056,True,""
"a988d7c7-fd2a-461e-b626-97aeb475bd28","8a2b18b5-5d34-41bf-a21d-69254ae34d0a","2026-08-12T20:43:17Z","android_vivo_y19_termux","NATIVE_HARDWARE","aarch64","aarch64",8,3741,"Linux 4.14.186-g1003dc13e-dirty","clang","21.1.8 ","-O3 -march=armv8-a","mlkem-native","v1.2.0 (0ba906cb14b1c241476134d7403a811b382ca498)","ML-KEM-768","keygen",74,133230,3629056,True,""
"a988d7c7-fd2a-461e-b626-97aeb475bd28","8a2b18b5-5d34-41bf-a21d-69254ae34d0a","2026-08-12T20:43:17Z","android_vivo_y19_termux","NATIVE_HARDWARE","aarch64","aarch64",8,3741,"Linux 4.14.186-g1003dc13e-dirty","clang","21.1.8 ","-O3 -march=armv8-a","mlkem-native","v1.2.0 (0ba906cb14b1c241476134d7403a811b382ca498)","ML-KEM-768","encapsulation",74,149154,3629056,True,""
"a988d7c7-fd2a-461e-b626-97aeb475bd28","8a2b18b5-5d34-41bf-a21d-69254ae34d0a","2026-08-12T20:43:17Z","android_vivo_y19_termux","NATIVE_HARDWARE","aarch64","aarch64",8,3741,"Linux 4.14.186-g1003dc13e-dirty","clang","21.1.8 ","-O3 -march=armv8-a","mlkem-native","v1.2.0 (0ba906cb14b1c241476134d7403a811b382ca498)","ML-KEM-768","decapsulation",74,170693,3629056,True,""
"a988d7c7-fd2a-461e-b626-97aeb475bd28","8a2b18b5-5d34-41bf-a21d-69254ae34d0a","2026-08-12T20:43:17Z","android_vivo_y19_termux","NATIVE_HARDWARE","aarch64","aarch64",8,3741,"Linux 4.14.186-g1003dc13e-dirty","clang","21.1.8 ","-O3 -march=armv8-a","mlkem-native","v1.2.0 (0ba906cb14b1c241476134d7403a811b382ca498)","ML-KEM-768","keygen",75,132923,3629056,True,""
"a988d7c7-fd2a-461e-b626-97aeb475bd28","8a2b18b5-5d34-41bf-a21d-69254ae34d0a","2026-08-12T20:43:17Z","android_vivo_y19_termux","NATIVE_HARDWARE","aarch64","aarch64",8,3741,"Linux 4.14.186-g1003dc13e-dirty","clang","21.1.8 ","-O3 -march=armv8-a","mlkem-native","v1.2.0 (0ba906cb14b1c241476134d7403a811b382ca498)","ML-KEM-768","encapsulation",75,147000,3629056,True,""
"a988d7c7-fd2a-461e-b626-97aeb475bd28","8a2b18b5-5d34-41bf-a21d-69254ae34d0a","2026-08-12T20:43:17Z","android_vivo_y19_termux","NATIVE_HARDWARE","aarch64","aarch64",8,3741,"Linux 4.14.186-g1003dc13e-dirty","clang","21.1.8 ","-O3 -march=armv8-a","mlkem-native","v1.2.0 (0ba906cb14b1c241476134d7403a811b382ca498)","ML-KEM-768","decapsulation",75,170153,3629056,True,""
"a988d7c7-fd2a-461e-b626-97aeb475bd28","8a2b18b5-5d34-41bf-a21d-69254ae34d0a","2026-08-12T20:43:17Z","android_vivo_y19_termux","NATIVE_HARDWARE","aarch64","aarch64",8,3741,"Linux 4.14.186-g1003dc13e-dirty","clang","21.1.8 ","-O3 -march=armv8-a","mlkem-native","v1.2.0 (0ba906cb14b1c241476134d7403a811b382ca498)","ML-KEM-768","keygen",76,134692,3629056,True,""
"a988d7c7-fd2a-461e-b626-97aeb475bd28","8a2b18b5-5d34-41bf-a21d-69254ae34d0a","2026-08-12T20:43:17Z","android_vivo_y19_termux","NATIVE_HARDWARE","aarch64","aarch64",8,3741,"Linux 4.14.186-g1003dc13e-dirty","clang","21.1.8 ","-O3 -march=armv8-a","mlkem-native","v1.2.0 (0ba906cb14b1c241476134d7403a811b382ca498)","ML-KEM-768","encapsulation",76,149769,3629056,True,""
"a988d7c7-fd2a-461e-b626-97aeb475bd28","8a2b18b5-5d34-41bf-a21d-69254ae34d0a","2026-08-12T20:43:17Z","android_vivo_y19_termux","NATIVE_HARDWARE","aarch64","aarch64",8,3741,"Linux 4.14.186-g1003dc13e-dirty","clang","21.1.8 ","-O3 -march=armv8-a","mlkem-native","v1.2.0 (0ba906cb14b1c241476134d7403a811b382ca498)","ML-KEM-768","decapsulation",76,169847,3629056,True,""
"a988d7c7-fd2a-461e-b626-97aeb475bd28","8a2b18b5-5d34-41bf-a21d-69254ae34d0a","2026-08-12T20:43:17Z","android_vivo_y19_termux","NATIVE_HARDWARE","aarch64","aarch64",8,3741,"Linux 4.14.186-g1003dc13e-dirty","clang","21.1.8 ","-O3 -march=armv8-a","mlkem-native","v1.2.0 (0ba906cb14b1c241476134d7403a811b382ca498)","ML-KEM-768","keygen",77,133231,3629056,True,""
"a988d7c7-fd2a-461e-b626-97aeb475bd28","8a2b18b5-5d34-41bf-a21d-69254ae34d0a","2026-08-12T20:43:17Z","android_vivo_y19_termux","NATIVE_HARDWARE","aarch64","aarch64",8,3741,"Linux 4.14.186-g1003dc13e-dirty","clang","21.1.8 ","-O3 -march=armv8-a","mlkem-native","v1.2.0 (0ba906cb14b1c241476134d7403a811b382ca498)","ML-KEM-768","encapsulation",77,197538,3629056,True,""
"a988d7c7-fd2a-461e-b626-97aeb475bd28","8a2b18b5-5d34-41bf-a21d-69254ae34d0a","2026-08-12T20:43:17Z","android_vivo_y19_termux","NATIVE_HARDWARE","aarch64","aarch64",8,3741,"Linux 4.14.186-g1003dc13e-dirty","clang","21.1.8 ","-O3 -march=armv8-a","mlkem-native","v1.2.0 (0ba906cb14b1c241476134d7403a811b382ca498)","ML-KEM-768","decapsulation",77,178770,3629056,True,""
"a988d7c7-fd2a-461e-b626-97aeb475bd28","8a2b18b5-5d34-41bf-a21d-69254ae34d0a","2026-08-12T20:43:17Z","android_vivo_y19_termux","NATIVE_HARDWARE","aarch64","aarch64",8,3741,"Linux 4.14.186-g1003dc13e-dirty","clang","21.1.8 ","-O3 -march=armv8-a","mlkem-native","v1.2.0 (0ba906cb14b1c241476134d7403a811b382ca498)","ML-KEM-768","keygen",78,134154,3629056,True,""
"a988d7c7-fd2a-461e-b626-97aeb475bd28","8a2b18b5-5d34-41bf-a21d-69254ae34d0a","2026-08-12T20:43:17Z","android_vivo_y19_termux","NATIVE_HARDWARE","aarch64","aarch64",8,3741,"Linux 4.14.186-g1003dc13e-dirty","clang","21.1.8 ","-O3 -march=armv8-a","mlkem-native","v1.2.0 (0ba906cb14b1c241476134d7403a811b382ca498)","ML-KEM-768","encapsulation",78,147692,3629056,True,""
"a988d7c7-fd2a-461e-b626-97aeb475bd28","8a2b18b5-5d34-41bf-a21d-69254ae34d0a","2026-08-12T20:43:17Z","android_vivo_y19_termux","NATIVE_HARDWARE","aarch64","aarch64",8,3741,"Linux 4.14.186-g1003dc13e-dirty","clang","21.1.8 ","-O3 -march=armv8-a","mlkem-native","v1.2.0 (0ba906cb14b1c241476134d7403a811b382ca498)","ML-KEM-768","decapsulation",78,168231,3629056,True,""
"a988d7c7-fd2a-461e-b626-97aeb475bd28","8a2b18b5-5d34-41bf-a21d-69254ae34d0a","2026-08-12T20:43:17Z","android_vivo_y19_termux","NATIVE_HARDWARE","aarch64","aarch64",8,3741,"Linux 4.14.186-g1003dc13e-dirty","clang","21.1.8 ","-O3 -march=armv8-a","mlkem-native","v1.2.0 (0ba906cb14b1c241476134d7403a811b382ca498)","ML-KEM-768","keygen",79,133846,3629056,True,""
"a988d7c7-fd2a-461e-b626-97aeb475bd28","8a2b18b5-5d34-41bf-a21d-69254ae34d0a","2026-08-12T20:43:17Z","android_vivo_y19_termux","NATIVE_HARDWARE","aarch64","aarch64",8,3741,"Linux 4.14.186-g1003dc13e-dirty","clang","21.1.8 ","-O3 -march=armv8-a","mlkem-native","v1.2.0 (0ba906cb14b1c241476134d7403a811b382ca498)","ML-KEM-768","encapsulation",79,149231,3629056,True,""
"a988d7c7-fd2a-461e-b626-97aeb475bd28","8a2b18b5-5d34-41bf-a21d-69254ae34d0a","2026-08-12T20:43:17Z","android_vivo_y19_termux","NATIVE_HARDWARE","aarch64","aarch64",8,3741,"Linux 4.14.186-g1003dc13e-dirty","clang","21.1.8 ","-O3 -march=armv8-a","mlkem-native","v1.2.0 (0ba906cb14b1c241476134d7403a811b382ca498)","ML-KEM-768","decapsulation",79,172231,3629056,True,""
"a988d7c7-fd2a-461e-b626-97aeb475bd28","8a2b18b5-5d34-41bf-a21d-69254ae34d0a","2026-08-12T20:43:17Z","android_vivo_y19_termux","NATIVE_HARDWARE","aarch64","aarch64",8,3741,"Linux 4.14.186-g1003dc13e-dirty","clang","21.1.8 ","-O3 -march=armv8-a","mlkem-native","v1.2.0 (0ba906cb14b1c241476134d7403a811b382ca498)","ML-KEM-768","keygen",80,135153,3629056,True,""
"a988d7c7-fd2a-461e-b626-97aeb475bd28","8a2b18b5-5d34-41bf-a21d-69254ae34d0a","2026-08-12T20:43:17Z","android_vivo_y19_termux","NATIVE_HARDWARE","aarch64","aarch64",8,3741,"Linux 4.14.186-g1003dc13e-dirty","clang","21.1.8 ","-O3 -march=armv8-a","mlkem-native","v1.2.0 (0ba906cb14b1c241476134d7403a811b382ca498)","ML-KEM-768","encapsulation",80,148308,3629056,True,""
"a988d7c7-fd2a-461e-b626-97aeb475bd28","8a2b18b5-5d34-41bf-a21d-69254ae34d0a","2026-08-12T20:43:17Z","android_vivo_y19_termux","NATIVE_HARDWARE","aarch64","aarch64",8,3741,"Linux 4.14.186-g1003dc13e-dirty","clang","21.1.8 ","-O3 -march=armv8-a","mlkem-native","v1.2.0 (0ba906cb14b1c241476134d7403a811b382ca498)","ML-KEM-768","decapsulation",80,168385,3629056,True,""
"a988d7c7-fd2a-461e-b626-97aeb475bd28","8a2b18b5-5d34-41bf-a21d-69254ae34d0a","2026-08-12T20:43:17Z","android_vivo_y19_termux","NATIVE_HARDWARE","aarch64","aarch64",8,3741,"Linux 4.14.186-g1003dc13e-dirty","clang","21.1.8 ","-O3 -march=armv8-a","mlkem-native","v1.2.0 (0ba906cb14b1c241476134d7403a811b382ca498)","ML-KEM-768","keygen",81,224308,3629056,True,""
"a988d7c7-fd2a-461e-b626-97aeb475bd28","8a2b18b5-5d34-41bf-a21d-69254ae34d0a","2026-08-12T20:43:17Z","android_vivo_y19_termux","NATIVE_HARDWARE","aarch64","aarch64",8,3741,"Linux 4.14.186-g1003dc13e-dirty","clang","21.1.8 ","-O3 -march=armv8-a","mlkem-native","v1.2.0 (0ba906cb14b1c241476134d7403a811b382ca498)","ML-KEM-768","encapsulation",81,148307,3629056,True,""
"a988d7c7-fd2a-461e-b626-97aeb475bd28","8a2b18b5-5d34-41bf-a21d-69254ae34d0a","2026-08-12T20:43:17Z","android_vivo_y19_termux","NATIVE_HARDWARE","aarch64","aarch64",8,3741,"Linux 4.14.186-g1003dc13e-dirty","clang","21.1.8 ","-O3 -march=armv8-a","mlkem-native","v1.2.0 (0ba906cb14b1c241476134d7403a811b382ca498)","ML-KEM-768","decapsulation",81,168692,3629056,True,""
"a988d7c7-fd2a-461e-b626-97aeb475bd28","8a2b18b5-5d34-41bf-a21d-69254ae34d0a","2026-08-12T20:43:17Z","android_vivo_y19_termux","NATIVE_HARDWARE","aarch64","aarch64",8,3741,"Linux 4.14.186-g1003dc13e-dirty","clang","21.1.8 ","-O3 -march=armv8-a","mlkem-native","v1.2.0 (0ba906cb14b1c241476134d7403a811b382ca498)","ML-KEM-768","keygen",82,134462,3629056,True,""
"a988d7c7-fd2a-461e-b626-97aeb475bd28","8a2b18b5-5d34-41bf-a21d-69254ae34d0a","2026-08-12T20:43:17Z","android_vivo_y19_termux","NATIVE_HARDWARE","aarch64","aarch64",8,3741,"Linux 4.14.186-g1003dc13e-dirty","clang","21.1.8 ","-O3 -march=armv8-a","mlkem-native","v1.2.0 (0ba906cb14b1c241476134d7403a811b382ca498)","ML-KEM-768","encapsulation",82,150462,3629056,True,""
"a988d7c7-fd2a-461e-b626-97aeb475bd28","8a2b18b5-5d34-41bf-a21d-69254ae34d0a","2026-08-12T20:43:17Z","android_vivo_y19_termux","NATIVE_HARDWARE","aarch64","aarch64",8,3741,"Linux 4.14.186-g1003dc13e-dirty","clang","21.1.8 ","-O3 -march=armv8-a","mlkem-native","v1.2.0 (0ba906cb14b1c241476134d7403a811b382ca498)","ML-KEM-768","decapsulation",82,169539,3629056,True,""
"a988d7c7-fd2a-461e-b626-97aeb475bd28","8a2b18b5-5d34-41bf-a21d-69254ae34d0a","2026-08-12T20:43:17Z","android_vivo_y19_termux","NATIVE_HARDWARE","aarch64","aarch64",8,3741,"Linux 4.14.186-g1003dc13e-dirty","clang","21.1.8 ","-O3 -march=armv8-a","mlkem-native","v1.2.0 (0ba906cb14b1c241476134d7403a811b382ca498)","ML-KEM-768","keygen",83,132923,3629056,True,""
"a988d7c7-fd2a-461e-b626-97aeb475bd28","8a2b18b5-5d34-41bf-a21d-69254ae34d0a","2026-08-12T20:43:17Z","android_vivo_y19_termux","NATIVE_HARDWARE","aarch64","aarch64",8,3741,"Linux 4.14.186-g1003dc13e-dirty","clang","21.1.8 ","-O3 -march=armv8-a","mlkem-native","v1.2.0 (0ba906cb14b1c241476134d7403a811b382ca498)","ML-KEM-768","encapsulation",83,158153,3629056,True,""
"a988d7c7-fd2a-461e-b626-97aeb475bd28","8a2b18b5-5d34-41bf-a21d-69254ae34d0a","2026-08-12T20:43:17Z","android_vivo_y19_termux","NATIVE_HARDWARE","aarch64","aarch64",8,3741,"Linux 4.14.186-g1003dc13e-dirty","clang","21.1.8 ","-O3 -march=armv8-a","mlkem-native","v1.2.0 (0ba906cb14b1c241476134d7403a811b382ca498)","ML-KEM-768","decapsulation",83,177538,3629056,True,""
"a988d7c7-fd2a-461e-b626-97aeb475bd28","8a2b18b5-5d34-41bf-a21d-69254ae34d0a","2026-08-12T20:43:17Z","android_vivo_y19_termux","NATIVE_HARDWARE","aarch64","aarch64",8,3741,"Linux 4.14.186-g1003dc13e-dirty","clang","21.1.8 ","-O3 -march=armv8-a","mlkem-native","v1.2.0 (0ba906cb14b1c241476134d7403a811b382ca498)","ML-KEM-768","keygen",84,134231,3629056,True,""
"a988d7c7-fd2a-461e-b626-97aeb475bd28","8a2b18b5-5d34-41bf-a21d-69254ae34d0a","2026-08-12T20:43:17Z","android_vivo_y19_termux","NATIVE_HARDWARE","aarch64","aarch64",8,3741,"Linux 4.14.186-g1003dc13e-dirty","clang","21.1.8 ","-O3 -march=armv8-a","mlkem-native","v1.2.0 (0ba906cb14b1c241476134d7403a811b382ca498)","ML-KEM-768","encapsulation",84,148923,3629056,True,""
"a988d7c7-fd2a-461e-b626-97aeb475bd28","8a2b18b5-5d34-41bf-a21d-69254ae34d0a","2026-08-12T20:43:17Z","android_vivo_y19_termux","NATIVE_HARDWARE","aarch64","aarch64",8,3741,"Linux 4.14.186-g1003dc13e-dirty","clang","21.1.8 ","-O3 -march=armv8-a","mlkem-native","v1.2.0 (0ba906cb14b1c241476134d7403a811b382ca498)","ML-KEM-768","decapsulation",84,168692,3629056,True,""
"a988d7c7-fd2a-461e-b626-97aeb475bd28","8a2b18b5-5d34-41bf-a21d-69254ae34d0a","2026-08-12T20:43:17Z","android_vivo_y19_termux","NATIVE_HARDWARE","aarch64","aarch64",8,3741,"Linux 4.14.186-g1003dc13e-dirty","clang","21.1.8 ","-O3 -march=armv8-a","mlkem-native","v1.2.0 (0ba906cb14b1c241476134d7403a811b382ca498)","ML-KEM-768","keygen",85,132231,3629056,True,""
"a988d7c7-fd2a-461e-b626-97aeb475bd28","8a2b18b5-5d34-41bf-a21d-69254ae34d0a","2026-08-12T20:43:17Z","android_vivo_y19_termux","NATIVE_HARDWARE","aarch64","aarch64",8,3741,"Linux 4.14.186-g1003dc13e-dirty","clang","21.1.8 ","-O3 -march=armv8-a","mlkem-native","v1.2.0 (0ba906cb14b1c241476134d7403a811b382ca498)","ML-KEM-768","encapsulation",85,147308,3629056,True,""
"a988d7c7-fd2a-461e-b626-97aeb475bd28","8a2b18b5-5d34-41bf-a21d-69254ae34d0a","2026-08-12T20:43:17Z","android_vivo_y19_termux","NATIVE_HARDWARE","aarch64","aarch64",8,3741,"Linux 4.14.186-g1003dc13e-dirty","clang","21.1.8 ","-O3 -march=armv8-a","mlkem-native","v1.2.0 (0ba906cb14b1c241476134d7403a811b382ca498)","ML-KEM-768","decapsulation",85,167385,3629056,True,""
"a988d7c7-fd2a-461e-b626-97aeb475bd28","8a2b18b5-5d34-41bf-a21d-69254ae34d0a","2026-08-12T20:43:17Z","android_vivo_y19_termux","NATIVE_HARDWARE","aarch64","aarch64",8,3741,"Linux 4.14.186-g1003dc13e-dirty","clang","21.1.8 ","-O3 -march=armv8-a","mlkem-native","v1.2.0 (0ba906cb14b1c241476134d7403a811b382ca498)","ML-KEM-768","keygen",86,132692,3629056,True,""
"a988d7c7-fd2a-461e-b626-97aeb475bd28","8a2b18b5-5d34-41bf-a21d-69254ae34d0a","2026-08-12T20:43:17Z","android_vivo_y19_termux","NATIVE_HARDWARE","aarch64","aarch64",8,3741,"Linux 4.14.186-g1003dc13e-dirty","clang","21.1.8 ","-O3 -march=armv8-a","mlkem-native","v1.2.0 (0ba906cb14b1c241476134d7403a811b382ca498)","ML-KEM-768","encapsulation",86,147154,3629056,True,""
"a988d7c7-fd2a-461e-b626-97aeb475bd28","8a2b18b5-5d34-41bf-a21d-69254ae34d0a","2026-08-12T20:43:17Z","android_vivo_y19_termux","NATIVE_HARDWARE","aarch64","aarch64",8,3741,"Linux 4.14.186-g1003dc13e-dirty","clang","21.1.8 ","-O3 -march=armv8-a","mlkem-native","v1.2.0 (0ba906cb14b1c241476134d7403a811b382ca498)","ML-KEM-768","decapsulation",86,171000,3629056,True,""
"a988d7c7-fd2a-461e-b626-97aeb475bd28","8a2b18b5-5d34-41bf-a21d-69254ae34d0a","2026-08-12T20:43:17Z","android_vivo_y19_termux","NATIVE_HARDWARE","aarch64","aarch64",8,3741,"Linux 4.14.186-g1003dc13e-dirty","clang","21.1.8 ","-O3 -march=armv8-a","mlkem-native","v1.2.0 (0ba906cb14b1c241476134d7403a811b382ca498)","ML-KEM-768","keygen",87,135461,3629056,True,""
"a988d7c7-fd2a-461e-b626-97aeb475bd28","8a2b18b5-5d34-41bf-a21d-69254ae34d0a","2026-08-12T20:43:17Z","android_vivo_y19_termux","NATIVE_HARDWARE","aarch64","aarch64",8,3741,"Linux 4.14.186-g1003dc13e-dirty","clang","21.1.8 ","-O3 -march=armv8-a","mlkem-native","v1.2.0 (0ba906cb14b1c241476134d7403a811b382ca498)","ML-KEM-768","encapsulation",87,150154,3629056,True,""
"a988d7c7-fd2a-461e-b626-97aeb475bd28","8a2b18b5-5d34-41bf-a21d-69254ae34d0a","2026-08-12T20:43:17Z","android_vivo_y19_termux","NATIVE_HARDWARE","aarch64","aarch64",8,3741,"Linux 4.14.186-g1003dc13e-dirty","clang","21.1.8 ","-O3 -march=armv8-a","mlkem-native","v1.2.0 (0ba906cb14b1c241476134d7403a811b382ca498)","ML-KEM-768","decapsulation",87,170769,3629056,True,""
"a988d7c7-fd2a-461e-b626-97aeb475bd28","8a2b18b5-5d34-41bf-a21d-69254ae34d0a","2026-08-12T20:43:17Z","android_vivo_y19_termux","NATIVE_HARDWARE","aarch64","aarch64",8,3741,"Linux 4.14.186-g1003dc13e-dirty","clang","21.1.8 ","-O3 -march=armv8-a","mlkem-native","v1.2.0 (0ba906cb14b1c241476134d7403a811b382ca498)","ML-KEM-768","keygen",88,133923,3629056,True,""
"a988d7c7-fd2a-461e-b626-97aeb475bd28","8a2b18b5-5d34-41bf-a21d-69254ae34d0a","2026-08-12T20:43:17Z","android_vivo_y19_termux","NATIVE_HARDWARE","aarch64","aarch64",8,3741,"Linux 4.14.186-g1003dc13e-dirty","clang","21.1.8 ","-O3 -march=armv8-a","mlkem-native","v1.2.0 (0ba906cb14b1c241476134d7403a811b382ca498)","ML-KEM-768","encapsulation",88,148539,3629056,True,""
"a988d7c7-fd2a-461e-b626-97aeb475bd28","8a2b18b5-5d34-41bf-a21d-69254ae34d0a","2026-08-12T20:43:17Z","android_vivo_y19_termux","NATIVE_HARDWARE","aarch64","aarch64",8,3741,"Linux 4.14.186-g1003dc13e-dirty","clang","21.1.8 ","-O3 -march=armv8-a","mlkem-native","v1.2.0 (0ba906cb14b1c241476134d7403a811b382ca498)","ML-KEM-768","decapsulation",88,169308,3629056,True,""
"a988d7c7-fd2a-461e-b626-97aeb475bd28","8a2b18b5-5d34-41bf-a21d-69254ae34d0a","2026-08-12T20:43:17Z","android_vivo_y19_termux","NATIVE_HARDWARE","aarch64","aarch64",8,3741,"Linux 4.14.186-g1003dc13e-dirty","clang","21.1.8 ","-O3 -march=armv8-a","mlkem-native","v1.2.0 (0ba906cb14b1c241476134d7403a811b382ca498)","ML-KEM-768","keygen",89,132539,3629056,True,""
"a988d7c7-fd2a-461e-b626-97aeb475bd28","8a2b18b5-5d34-41bf-a21d-69254ae34d0a","2026-08-12T20:43:17Z","android_vivo_y19_termux","NATIVE_HARDWARE","aarch64","aarch64",8,3741,"Linux 4.14.186-g1003dc13e-dirty","clang","21.1.8 ","-O3 -march=armv8-a","mlkem-native","v1.2.0 (0ba906cb14b1c241476134d7403a811b382ca498)","ML-KEM-768","encapsulation",89,147154,3629056,True,""
"a988d7c7-fd2a-461e-b626-97aeb475bd28","8a2b18b5-5d34-41bf-a21d-69254ae34d0a","2026-08-12T20:43:17Z","android_vivo_y19_termux","NATIVE_HARDWARE","aarch64","aarch64",8,3741,"Linux 4.14.186-g1003dc13e-dirty","clang","21.1.8 ","-O3 -march=armv8-a","mlkem-native","v1.2.0 (0ba906cb14b1c241476134d7403a811b382ca498)","ML-KEM-768","decapsulation",89,168000,3629056,True,""
"a988d7c7-fd2a-461e-b626-97aeb475bd28","8a2b18b5-5d34-41bf-a21d-69254ae34d0a","2026-08-12T20:43:17Z","android_vivo_y19_termux","NATIVE_HARDWARE","aarch64","aarch64",8,3741,"Linux 4.14.186-g1003dc13e-dirty","clang","21.1.8 ","-O3 -march=armv8-a","mlkem-native","v1.2.0 (0ba906cb14b1c241476134d7403a811b382ca498)","ML-KEM-768","keygen",90,141538,3629056,True,""
"a988d7c7-fd2a-461e-b626-97aeb475bd28","8a2b18b5-5d34-41bf-a21d-69254ae34d0a","2026-08-12T20:43:17Z","android_vivo_y19_termux","NATIVE_HARDWARE","aarch64","aarch64",8,3741,"Linux 4.14.186-g1003dc13e-dirty","clang","21.1.8 ","-O3 -march=armv8-a","mlkem-native","v1.2.0 (0ba906cb14b1c241476134d7403a811b382ca498)","ML-KEM-768","encapsulation",90,155769,3629056,True,""
"a988d7c7-fd2a-461e-b626-97aeb475bd28","8a2b18b5-5d34-41bf-a21d-69254ae34d0a","2026-08-12T20:43:17Z","android_vivo_y19_termux","NATIVE_HARDWARE","aarch64","aarch64",8,3741,"Linux 4.14.186-g1003dc13e-dirty","clang","21.1.8 ","-O3 -march=armv8-a","mlkem-native","v1.2.0 (0ba906cb14b1c241476134d7403a811b382ca498)","ML-KEM-768","decapsulation",90,179385,3629056,True,""
"a988d7c7-fd2a-461e-b626-97aeb475bd28","8a2b18b5-5d34-41bf-a21d-69254ae34d0a","2026-08-12T20:43:17Z","android_vivo_y19_termux","NATIVE_HARDWARE","aarch64","aarch64",8,3741,"Linux 4.14.186-g1003dc13e-dirty","clang","21.1.8 ","-O3 -march=armv8-a","mlkem-native","v1.2.0 (0ba906cb14b1c241476134d7403a811b382ca498)","ML-KEM-768","keygen",91,134538,3629056,True,""
"a988d7c7-fd2a-461e-b626-97aeb475bd28","8a2b18b5-5d34-41bf-a21d-69254ae34d0a","2026-08-12T20:43:17Z","android_vivo_y19_termux","NATIVE_HARDWARE","aarch64","aarch64",8,3741,"Linux 4.14.186-g1003dc13e-dirty","clang","21.1.8 ","-O3 -march=armv8-a","mlkem-native","v1.2.0 (0ba906cb14b1c241476134d7403a811b382ca498)","ML-KEM-768","encapsulation",91,149923,3629056,True,""
"a988d7c7-fd2a-461e-b626-97aeb475bd28","8a2b18b5-5d34-41bf-a21d-69254ae34d0a","2026-08-12T20:43:17Z","android_vivo_y19_termux","NATIVE_HARDWARE","aarch64","aarch64",8,3741,"Linux 4.14.186-g1003dc13e-dirty","clang","21.1.8 ","-O3 -march=armv8-a","mlkem-native","v1.2.0 (0ba906cb14b1c241476134d7403a811b382ca498)","ML-KEM-768","decapsulation",91,171616,3629056,True,""
"a988d7c7-fd2a-461e-b626-97aeb475bd28","8a2b18b5-5d34-41bf-a21d-69254ae34d0a","2026-08-12T20:43:17Z","android_vivo_y19_termux","NATIVE_HARDWARE","aarch64","aarch64",8,3741,"Linux 4.14.186-g1003dc13e-dirty","clang","21.1.8 ","-O3 -march=armv8-a","mlkem-native","v1.2.0 (0ba906cb14b1c241476134d7403a811b382ca498)","ML-KEM-768","keygen",92,134077,3629056,True,""
"a988d7c7-fd2a-461e-b626-97aeb475bd28","8a2b18b5-5d34-41bf-a21d-69254ae34d0a","2026-08-12T20:43:17Z","android_vivo_y19_termux","NATIVE_HARDWARE","aarch64","aarch64",8,3741,"Linux 4.14.186-g1003dc13e-dirty","clang","21.1.8 ","-O3 -march=armv8-a","mlkem-native","v1.2.0 (0ba906cb14b1c241476134d7403a811b382ca498)","ML-KEM-768","encapsulation",92,147692,3629056,True,""
"a988d7c7-fd2a-461e-b626-97aeb475bd28","8a2b18b5-5d34-41bf-a21d-69254ae34d0a","2026-08-12T20:43:17Z","android_vivo_y19_termux","NATIVE_HARDWARE","aarch64","aarch64",8,3741,"Linux 4.14.186-g1003dc13e-dirty","clang","21.1.8 ","-O3 -march=armv8-a","mlkem-native","v1.2.0 (0ba906cb14b1c241476134d7403a811b382ca498)","ML-KEM-768","decapsulation",92,168077,3629056,True,""
"a988d7c7-fd2a-461e-b626-97aeb475bd28","8a2b18b5-5d34-41bf-a21d-69254ae34d0a","2026-08-12T20:43:17Z","android_vivo_y19_termux","NATIVE_HARDWARE","aarch64","aarch64",8,3741,"Linux 4.14.186-g1003dc13e-dirty","clang","21.1.8 ","-O3 -march=armv8-a","mlkem-native","v1.2.0 (0ba906cb14b1c241476134d7403a811b382ca498)","ML-KEM-768","keygen",93,132615,3629056,True,""
"a988d7c7-fd2a-461e-b626-97aeb475bd28","8a2b18b5-5d34-41bf-a21d-69254ae34d0a","2026-08-12T20:43:17Z","android_vivo_y19_termux","NATIVE_HARDWARE","aarch64","aarch64",8,3741,"Linux 4.14.186-g1003dc13e-dirty","clang","21.1.8 ","-O3 -march=armv8-a","mlkem-native","v1.2.0 (0ba906cb14b1c241476134d7403a811b382ca498)","ML-KEM-768","encapsulation",93,149231,3629056,True,""
"a988d7c7-fd2a-461e-b626-97aeb475bd28","8a2b18b5-5d34-41bf-a21d-69254ae34d0a","2026-08-12T20:43:17Z","android_vivo_y19_termux","NATIVE_HARDWARE","aarch64","aarch64",8,3741,"Linux 4.14.186-g1003dc13e-dirty","clang","21.1.8 ","-O3 -march=armv8-a","mlkem-native","v1.2.0 (0ba906cb14b1c241476134d7403a811b382ca498)","ML-KEM-768","decapsulation",93,169538,3629056,True,""
"a988d7c7-fd2a-461e-b626-97aeb475bd28","8a2b18b5-5d34-41bf-a21d-69254ae34d0a","2026-08-12T20:43:17Z","android_vivo_y19_termux","NATIVE_HARDWARE","aarch64","aarch64",8,3741,"Linux 4.14.186-g1003dc13e-dirty","clang","21.1.8 ","-O3 -march=armv8-a","mlkem-native","v1.2.0 (0ba906cb14b1c241476134d7403a811b382ca498)","ML-KEM-768","keygen",94,131693,3629056,True,""
"a988d7c7-fd2a-461e-b626-97aeb475bd28","8a2b18b5-5d34-41bf-a21d-69254ae34d0a","2026-08-12T20:43:17Z","android_vivo_y19_termux","NATIVE_HARDWARE","aarch64","aarch64",8,3741,"Linux 4.14.186-g1003dc13e-dirty","clang","21.1.8 ","-O3 -march=armv8-a","mlkem-native","v1.2.0 (0ba906cb14b1c241476134d7403a811b382ca498)","ML-KEM-768","encapsulation",94,147923,3629056,True,""
"a988d7c7-fd2a-461e-b626-97aeb475bd28","8a2b18b5-5d34-41bf-a21d-69254ae34d0a","2026-08-12T20:43:17Z","android_vivo_y19_termux","NATIVE_HARDWARE","aarch64","aarch64",8,3741,"Linux 4.14.186-g1003dc13e-dirty","clang","21.1.8 ","-O3 -march=armv8-a","mlkem-native","v1.2.0 (0ba906cb14b1c241476134d7403a811b382ca498)","ML-KEM-768","decapsulation",94,170231,3629056,True,""
"a988d7c7-fd2a-461e-b626-97aeb475bd28","8a2b18b5-5d34-41bf-a21d-69254ae34d0a","2026-08-12T20:43:17Z","android_vivo_y19_termux","NATIVE_HARDWARE","aarch64","aarch64",8,3741,"Linux 4.14.186-g1003dc13e-dirty","clang","21.1.8 ","-O3 -march=armv8-a","mlkem-native","v1.2.0 (0ba906cb14b1c241476134d7403a811b382ca498)","ML-KEM-768","keygen",95,133847,3629056,True,""
"a988d7c7-fd2a-461e-b626-97aeb475bd28","8a2b18b5-5d34-41bf-a21d-69254ae34d0a","2026-08-12T20:43:17Z","android_vivo_y19_termux","NATIVE_HARDWARE","aarch64","aarch64",8,3741,"Linux 4.14.186-g1003dc13e-dirty","clang","21.1.8 ","-O3 -march=armv8-a","mlkem-native","v1.2.0 (0ba906cb14b1c241476134d7403a811b382ca498)","ML-KEM-768","encapsulation",95,149231,3629056,True,""
"a988d7c7-fd2a-461e-b626-97aeb475bd28","8a2b18b5-5d34-41bf-a21d-69254ae34d0a","2026-08-12T20:43:17Z","android_vivo_y19_termux","NATIVE_HARDWARE","aarch64","aarch64",8,3741,"Linux 4.14.186-g1003dc13e-dirty","clang","21.1.8 ","-O3 -march=armv8-a","mlkem-native","v1.2.0 (0ba906cb14b1c241476134d7403a811b382ca498)","ML-KEM-768","decapsulation",95,221231,3629056,True,""
"a988d7c7-fd2a-461e-b626-97aeb475bd28","8a2b18b5-5d34-41bf-a21d-69254ae34d0a","2026-08-12T20:43:17Z","android_vivo_y19_termux","NATIVE_HARDWARE","aarch64","aarch64",8,3741,"Linux 4.14.186-g1003dc13e-dirty","clang","21.1.8 ","-O3 -march=armv8-a","mlkem-native","v1.2.0 (0ba906cb14b1c241476134d7403a811b382ca498)","ML-KEM-768","keygen",96,133923,3629056,True,""
"a988d7c7-fd2a-461e-b626-97aeb475bd28","8a2b18b5-5d34-41bf-a21d-69254ae34d0a","2026-08-12T20:43:17Z","android_vivo_y19_termux","NATIVE_HARDWARE","aarch64","aarch64",8,3741,"Linux 4.14.186-g1003dc13e-dirty","clang","21.1.8 ","-O3 -march=armv8-a","mlkem-native","v1.2.0 (0ba906cb14b1c241476134d7403a811b382ca498)","ML-KEM-768","encapsulation",96,156384,3629056,True,""
"a988d7c7-fd2a-461e-b626-97aeb475bd28","8a2b18b5-5d34-41bf-a21d-69254ae34d0a","2026-08-12T20:43:17Z","android_vivo_y19_termux","NATIVE_HARDWARE","aarch64","aarch64",8,3741,"Linux 4.14.186-g1003dc13e-dirty","clang","21.1.8 ","-O3 -march=armv8-a","mlkem-native","v1.2.0 (0ba906cb14b1c241476134d7403a811b382ca498)","ML-KEM-768","decapsulation",96,177231,3629056,True,""
"a988d7c7-fd2a-461e-b626-97aeb475bd28","8a2b18b5-5d34-41bf-a21d-69254ae34d0a","2026-08-12T20:43:17Z","android_vivo_y19_termux","NATIVE_HARDWARE","aarch64","aarch64",8,3741,"Linux 4.14.186-g1003dc13e-dirty","clang","21.1.8 ","-O3 -march=armv8-a","mlkem-native","v1.2.0 (0ba906cb14b1c241476134d7403a811b382ca498)","ML-KEM-768","keygen",97,134154,3629056,True,""
"a988d7c7-fd2a-461e-b626-97aeb475bd28","8a2b18b5-5d34-41bf-a21d-69254ae34d0a","2026-08-12T20:43:17Z","android_vivo_y19_termux","NATIVE_HARDWARE","aarch64","aarch64",8,3741,"Linux 4.14.186-g1003dc13e-dirty","clang","21.1.8 ","-O3 -march=armv8-a","mlkem-native","v1.2.0 (0ba906cb14b1c241476134d7403a811b382ca498)","ML-KEM-768","encapsulation",97,148692,3629056,True,""
"a988d7c7-fd2a-461e-b626-97aeb475bd28","8a2b18b5-5d34-41bf-a21d-69254ae34d0a","2026-08-12T20:43:17Z","android_vivo_y19_termux","NATIVE_HARDWARE","aarch64","aarch64",8,3741,"Linux 4.14.186-g1003dc13e-dirty","clang","21.1.8 ","-O3 -march=armv8-a","mlkem-native","v1.2.0 (0ba906cb14b1c241476134d7403a811b382ca498)","ML-KEM-768","decapsulation",97,168693,3629056,True,""
"a988d7c7-fd2a-461e-b626-97aeb475bd28","8a2b18b5-5d34-41bf-a21d-69254ae34d0a","2026-08-12T20:43:17Z","android_vivo_y19_termux","NATIVE_HARDWARE","aarch64","aarch64",8,3741,"Linux 4.14.186-g1003dc13e-dirty","clang","21.1.8 ","-O3 -march=armv8-a","mlkem-native","v1.2.0 (0ba906cb14b1c241476134d7403a811b382ca498)","ML-KEM-768","keygen",98,133846,3629056,True,""
"a988d7c7-fd2a-461e-b626-97aeb475bd28","8a2b18b5-5d34-41bf-a21d-69254ae34d0a","2026-08-12T20:43:17Z","android_vivo_y19_termux","NATIVE_HARDWARE","aarch64","aarch64",8,3741,"Linux 4.14.186-g1003dc13e-dirty","clang","21.1.8 ","-O3 -march=armv8-a","mlkem-native","v1.2.0 (0ba906cb14b1c241476134d7403a811b382ca498)","ML-KEM-768","encapsulation",98,148000,3629056,True,""
"a988d7c7-fd2a-461e-b626-97aeb475bd28","8a2b18b5-5d34-41bf-a21d-69254ae34d0a","2026-08-12T20:43:17Z","android_vivo_y19_termux","NATIVE_HARDWARE","aarch64","aarch64",8,3741,"Linux 4.14.186-g1003dc13e-dirty","clang","21.1.8 ","-O3 -march=armv8-a","mlkem-native","v1.2.0 (0ba906cb14b1c241476134d7403a811b382ca498)","ML-KEM-768","decapsulation",98,168693,3629056,True,""
"a988d7c7-fd2a-461e-b626-97aeb475bd28","8a2b18b5-5d34-41bf-a21d-69254ae34d0a","2026-08-12T20:43:17Z","android_vivo_y19_termux","NATIVE_HARDWARE","aarch64","aarch64",8,3741,"Linux 4.14.186-g1003dc13e-dirty","clang","21.1.8 ","-O3 -march=armv8-a","mlkem-native","v1.2.0 (0ba906cb14b1c241476134d7403a811b382ca498)","ML-KEM-768","keygen",99,133231,3629056,True,""
"a988d7c7-fd2a-461e-b626-97aeb475bd28","8a2b18b5-5d34-41bf-a21d-69254ae34d0a","2026-08-12T20:43:17Z","android_vivo_y19_termux","NATIVE_HARDWARE","aarch64","aarch64",8,3741,"Linux 4.14.186-g1003dc13e-dirty","clang","21.1.8 ","-O3 -march=armv8-a","mlkem-native","v1.2.0 (0ba906cb14b1c241476134d7403a811b382ca498)","ML-KEM-768","encapsulation",99,149231,3629056,True,""
"a988d7c7-fd2a-461e-b626-97aeb475bd28","8a2b18b5-5d34-41bf-a21d-69254ae34d0a","2026-08-12T20:43:17Z","android_vivo_y19_termux","NATIVE_HARDWARE","aarch64","aarch64",8,3741,"Linux 4.14.186-g1003dc13e-dirty","clang","21.1.8 ","-O3 -march=armv8-a","mlkem-native","v1.2.0 (0ba906cb14b1c241476134d7403a811b382ca498)","ML-KEM-768","decapsulation",99,170154,3629056,True,""
"a988d7c7-fd2a-461e-b626-97aeb475bd28","8a2b18b5-5d34-41bf-a21d-69254ae34d0a","2026-08-12T20:43:17Z","android_vivo_y19_termux","NATIVE_HARDWARE","aarch64","aarch64",8,3741,"Linux 4.14.186-g1003dc13e-dirty","clang","21.1.8 ","-O3 -march=armv8-a","mlkem-native","v1.2.0 (0ba906cb14b1c241476134d7403a811b382ca498)","ML-KEM-768","keygen",100,132308,3629056,True,""
"a988d7c7-fd2a-461e-b626-97aeb475bd28","8a2b18b5-5d34-41bf-a21d-69254ae34d0a","2026-08-12T20:43:17Z","android_vivo_y19_termux","NATIVE_HARDWARE","aarch64","aarch64",8,3741,"Linux 4.14.186-g1003dc13e-dirty","clang","21.1.8 ","-O3 -march=armv8-a","mlkem-native","v1.2.0 (0ba906cb14b1c241476134d7403a811b382ca498)","ML-KEM-768","encapsulation",100,197769,3629056,True,""
"a988d7c7-fd2a-461e-b626-97aeb475bd28","8a2b18b5-5d34-41bf-a21d-69254ae34d0a","2026-08-12T20:43:17Z","android_vivo_y19_termux","NATIVE_HARDWARE","aarch64","aarch64",8,3741,"Linux 4.14.186-g1003dc13e-dirty","clang","21.1.8 ","-O3 -march=armv8-a","mlkem-native","v1.2.0 (0ba906cb14b1c241476134d7403a811b382ca498)","ML-KEM-768","decapsulation",100,171077,3629056,True,""
