experiment_id,run_id,timestamp,environment,measurement_type,architecture,processor,cpu_cores,ram_mb,os,compiler,compiler_version,optimization_flags,implementation,implementation_version,mlkem_variant,operation,iteration,execution_time_ns,memory_bytes,success,error_message
9688e997-27dc-4649-88e9-6643b3730135,07084835-0852-4baa-a0cc-3119cc6c24d1,2026-08-12T17:25:27.726366+00:00,controlled_windows_x86_64_two_cpu,NATIVE_SOFTWARE,x86_64,"AMD64 Family 23 Model 96 Stepping 1, AuthenticAMD",12,7598,Windows-11-10.0.26200-SP0,N/A (prebuilt Python extension wheel),N/A,N/A (prebuilt wheel),pqcrypto,0.4.0,ML-KEM-512,keygen,1,2550100,28647424,True,
9688e997-27dc-4649-88e9-6643b3730135,07084835-0852-4baa-a0cc-3119cc6c24d1,2026-08-12T17:25:27.729404+00:00,controlled_windows_x86_64_two_cpu,NATIVE_SOFTWARE,x86_64,"AMD64 Family 23 Model 96 Stepping 1, AuthenticAMD",12,7598,Windows-11-10.0.26200-SP0,N/A (prebuilt Python extension wheel),N/A,N/A (prebuilt wheel),pqcrypto,0.4.0,ML-KEM-512,encapsulation,1,196600,28659712,True,
9688e997-27dc-4649-88e9-6643b3730135,07084835-0852-4baa-a0cc-3119cc6c24d1,2026-08-12T17:25:27.729733+00:00,controlled_windows_x86_64_two_cpu,NATIVE_SOFTWARE,x86_64,"AMD64 Family 23 Model 96 Stepping 1, AuthenticAMD",12,7598,Windows-11-10.0.26200-SP0,N/A (prebuilt Python extension wheel),N/A,N/A (prebuilt wheel),pqcrypto,0.4.0,ML-KEM-512,decapsulation,1,51500,28663808,True,
9688e997-27dc-4649-88e9-6643b3730135,07084835-0852-4baa-a0cc-3119cc6c24d1,2026-08-12T17:25:27.729879+00:00,controlled_windows_x86_64_two_cpu,NATIVE_SOFTWARE,x86_64,"AMD64 Family 23 Model 96 Stepping 1, AuthenticAMD",12,7598,Windows-11-10.0.26200-SP0,N/A (prebuilt Python extension wheel),N/A,N/A (prebuilt wheel),pqcrypto,0.4.0,ML-KEM-512,keygen,2,162500,28672000,True,
9688e997-27dc-4649-88e9-6643b3730135,07084835-0852-4baa-a0cc-3119cc6c24d1,2026-08-12T17:25:27.730303+00:00,controlled_windows_x86_64_two_cpu,NATIVE_SOFTWARE,x86_64,"AMD64 Family 23 Model 96 Stepping 1, AuthenticAMD",12,7598,Windows-11-10.0.26200-SP0,N/A (prebuilt Python extension wheel),N/A,N/A (prebuilt wheel),pqcrypto,0.4.0,ML-KEM-512,encapsulation,2,174300,28684288,True,
9688e997-27dc-4649-88e9-6643b3730135,07084835-0852-4baa-a0cc-3119cc6c24d1,2026-08-12T17:25:27.730590+00:00,controlled_windows_x86_64_two_cpu,NATIVE_SOFTWARE,x86_64,"AMD64 Family 23 Model 96 Stepping 1, AuthenticAMD",12,7598,Windows-11-10.0.26200-SP0,N/A (prebuilt Python extension wheel),N/A,N/A (prebuilt wheel),pqcrypto,0.4.0,ML-KEM-512,decapsulation,2,48700,28696576,True,
9688e997-27dc-4649-88e9-6643b3730135,07084835-0852-4baa-a0cc-3119cc6c24d1,2026-08-12T17:25:27.730732+00:00,controlled_windows_x86_64_two_cpu,NATIVE_SOFTWARE,x86_64,"AMD64 Family 23 Model 96 Stepping 1, AuthenticAMD",12,7598,Windows-11-10.0.26200-SP0,N/A (prebuilt Python extension wheel),N/A,N/A (prebuilt wheel),pqcrypto,0.4.0,ML-KEM-512,keygen,3,161400,28700672,True,
9688e997-27dc-4649-88e9-6643b3730135,07084835-0852-4baa-a0cc-3119cc6c24d1,2026-08-12T17:25:27.731265+00:00,controlled_windows_x86_64_two_cpu,NATIVE_SOFTWARE,x86_64,"AMD64 Family 23 Model 96 Stepping 1, AuthenticAMD",12,7598,Windows-11-10.0.26200-SP0,N/A (prebuilt Python extension wheel),N/A,N/A (prebuilt wheel),pqcrypto,0.4.0,ML-KEM-512,encapsulation,3,229700,28717056,True,
9688e997-27dc-4649-88e9-6643b3730135,07084835-0852-4baa-a0cc-3119cc6c24d1,2026-08-12T17:25:27.731679+00:00,controlled_windows_x86_64_two_cpu,NATIVE_SOFTWARE,x86_64,"AMD64 Family 23 Model 96 Stepping 1, AuthenticAMD",12,7598,Windows-11-10.0.26200-SP0,N/A (prebuilt Python extension wheel),N/A,N/A (prebuilt wheel),pqcrypto,0.4.0,ML-KEM-512,decapsulation,3,53300,28758016,True,
9688e997-27dc-4649-88e9-6643b3730135,07084835-0852-4baa-a0cc-3119cc6c24d1,2026-08-12T17:25:27.731947+00:00,controlled_windows_x86_64_two_cpu,NATIVE_SOFTWARE,x86_64,"AMD64 Family 23 Model 96 Stepping 1, AuthenticAMD",12,7598,Windows-11-10.0.26200-SP0,N/A (prebuilt Python extension wheel),N/A,N/A (prebuilt wheel),pqcrypto,0.4.0,ML-KEM-512,keygen,4,580300,28766208,True,
9688e997-27dc-4649-88e9-6643b3730135,07084835-0852-4baa-a0cc-3119cc6c24d1,2026-08-12T17:25:27.732980+00:00,controlled_windows_x86_64_two_cpu,NATIVE_SOFTWARE,x86_64,"AMD64 Family 23 Model 96 Stepping 1, AuthenticAMD",12,7598,Windows-11-10.0.26200-SP0,N/A (prebuilt Python extension wheel),N/A,N/A (prebuilt wheel),pqcrypto,0.4.0,ML-KEM-512,encapsulation,4,193900,28774400,True,
9688e997-27dc-4649-88e9-6643b3730135,07084835-0852-4baa-a0cc-3119cc6c24d1,2026-08-12T17:25:27.733333+00:00,controlled_windows_x86_64_two_cpu,NATIVE_SOFTWARE,x86_64,"AMD64 Family 23 Model 96 Stepping 1, AuthenticAMD",12,7598,Windows-11-10.0.26200-SP0,N/A (prebuilt Python extension wheel),N/A,N/A (prebuilt wheel),pqcrypto,0.4.0,ML-KEM-512,decapsulation,4,51700,28786688,True,
9688e997-27dc-4649-88e9-6643b3730135,07084835-0852-4baa-a0cc-3119cc6c24d1,2026-08-12T17:25:27.733503+00:00,controlled_windows_x86_64_two_cpu,NATIVE_SOFTWARE,x86_64,"AMD64 Family 23 Model 96 Stepping 1, AuthenticAMD",12,7598,Windows-11-10.0.26200-SP0,N/A (prebuilt Python extension wheel),N/A,N/A (prebuilt wheel),pqcrypto,0.4.0,ML-KEM-512,keygen,5,203000,28794880,True,
9688e997-27dc-4649-88e9-6643b3730135,07084835-0852-4baa-a0cc-3119cc6c24d1,2026-08-12T17:25:27.733986+00:00,controlled_windows_x86_64_two_cpu,NATIVE_SOFTWARE,x86_64,"AMD64 Family 23 Model 96 Stepping 1, AuthenticAMD",12,7598,Windows-11-10.0.26200-SP0,N/A (prebuilt Python extension wheel),N/A,N/A (prebuilt wheel),pqcrypto,0.4.0,ML-KEM-512,encapsulation,5,160100,28807168,True,
9688e997-27dc-4649-88e9-6643b3730135,07084835-0852-4baa-a0cc-3119cc6c24d1,2026-08-12T17:25:27.734259+00:00,controlled_windows_x86_64_two_cpu,NATIVE_SOFTWARE,x86_64,"AMD64 Family 23 Model 96 Stepping 1, AuthenticAMD",12,7598,Windows-11-10.0.26200-SP0,N/A (prebuilt Python extension wheel),N/A,N/A (prebuilt wheel),pqcrypto,0.4.0,ML-KEM-512,decapsulation,5,47700,28844032,True,
9688e997-27dc-4649-88e9-6643b3730135,07084835-0852-4baa-a0cc-3119cc6c24d1,2026-08-12T17:25:27.734441+00:00,controlled_windows_x86_64_two_cpu,NATIVE_SOFTWARE,x86_64,"AMD64 Family 23 Model 96 Stepping 1, AuthenticAMD",12,7598,Windows-11-10.0.26200-SP0,N/A (prebuilt Python extension wheel),N/A,N/A (prebuilt wheel),pqcrypto,0.4.0,ML-KEM-512,keygen,6,163700,28864512,True,
9688e997-27dc-4649-88e9-6643b3730135,07084835-0852-4baa-a0cc-3119cc6c24d1,2026-08-12T17:25:27.734886+00:00,controlled_windows_x86_64_two_cpu,NATIVE_SOFTWARE,x86_64,"AMD64 Family 23 Model 96 Stepping 1, AuthenticAMD",12,7598,Windows-11-10.0.26200-SP0,N/A (prebuilt Python extension wheel),N/A,N/A (prebuilt wheel),pqcrypto,0.4.0,ML-KEM-512,encapsulation,6,171100,28868608,True,
9688e997-27dc-4649-88e9-6643b3730135,07084835-0852-4baa-a0cc-3119cc6c24d1,2026-08-12T17:25:27.735460+00:00,controlled_windows_x86_64_two_cpu,NATIVE_SOFTWARE,x86_64,"AMD64 Family 23 Model 96 Stepping 1, AuthenticAMD",12,7598,Windows-11-10.0.26200-SP0,N/A (prebuilt Python extension wheel),N/A,N/A (prebuilt wheel),pqcrypto,0.4.0,ML-KEM-512,decapsulation,6,48000,28868608,True,
9688e997-27dc-4649-88e9-6643b3730135,07084835-0852-4baa-a0cc-3119cc6c24d1,2026-08-12T17:25:27.735596+00:00,controlled_windows_x86_64_two_cpu,NATIVE_SOFTWARE,x86_64,"AMD64 Family 23 Model 96 Stepping 1, AuthenticAMD",12,7598,Windows-11-10.0.26200-SP0,N/A (prebuilt Python extension wheel),N/A,N/A (prebuilt wheel),pqcrypto,0.4.0,ML-KEM-512,keygen,7,182400,28868608,True,
9688e997-27dc-4649-88e9-6643b3730135,07084835-0852-4baa-a0cc-3119cc6c24d1,2026-08-12T17:25:27.736078+00:00,controlled_windows_x86_64_two_cpu,NATIVE_SOFTWARE,x86_64,"AMD64 Family 23 Model 96 Stepping 1, AuthenticAMD",12,7598,Windows-11-10.0.26200-SP0,N/A (prebuilt Python extension wheel),N/A,N/A (prebuilt wheel),pqcrypto,0.4.0,ML-KEM-512,encapsulation,7,157500,28868608,True,
9688e997-27dc-4649-88e9-6643b3730135,07084835-0852-4baa-a0cc-3119cc6c24d1,2026-08-12T17:25:27.736441+00:00,controlled_windows_x86_64_two_cpu,NATIVE_SOFTWARE,x86_64,"AMD64 Family 23 Model 96 Stepping 1, AuthenticAMD",12,7598,Windows-11-10.0.26200-SP0,N/A (prebuilt Python extension wheel),N/A,N/A (prebuilt wheel),pqcrypto,0.4.0,ML-KEM-512,decapsulation,7,48700,28872704,True,
9688e997-27dc-4649-88e9-6643b3730135,07084835-0852-4baa-a0cc-3119cc6c24d1,2026-08-12T17:25:27.736586+00:00,controlled_windows_x86_64_two_cpu,NATIVE_SOFTWARE,x86_64,"AMD64 Family 23 Model 96 Stepping 1, AuthenticAMD",12,7598,Windows-11-10.0.26200-SP0,N/A (prebuilt Python extension wheel),N/A,N/A (prebuilt wheel),pqcrypto,0.4.0,ML-KEM-512,keygen,8,221600,28872704,True,
9688e997-27dc-4649-88e9-6643b3730135,07084835-0852-4baa-a0cc-3119cc6c24d1,2026-08-12T17:25:27.737113+00:00,controlled_windows_x86_64_two_cpu,NATIVE_SOFTWARE,x86_64,"AMD64 Family 23 Model 96 Stepping 1, AuthenticAMD",12,7598,Windows-11-10.0.26200-SP0,N/A (prebuilt Python extension wheel),N/A,N/A (prebuilt wheel),pqcrypto,0.4.0,ML-KEM-512,encapsulation,8,152600,28872704,True,
9688e997-27dc-4649-88e9-6643b3730135,07084835-0852-4baa-a0cc-3119cc6c24d1,2026-08-12T17:25:27.737363+00:00,controlled_windows_x86_64_two_cpu,NATIVE_SOFTWARE,x86_64,"AMD64 Family 23 Model 96 Stepping 1, AuthenticAMD",12,7598,Windows-11-10.0.26200-SP0,N/A (prebuilt Python extension wheel),N/A,N/A (prebuilt wheel),pqcrypto,0.4.0,ML-KEM-512,decapsulation,8,64700,28872704,True,
9688e997-27dc-4649-88e9-6643b3730135,07084835-0852-4baa-a0cc-3119cc6c24d1,2026-08-12T17:25:27.737511+00:00,controlled_windows_x86_64_two_cpu,NATIVE_SOFTWARE,x86_64,"AMD64 Family 23 Model 96 Stepping 1, AuthenticAMD",12,7598,Windows-11-10.0.26200-SP0,N/A (prebuilt Python extension wheel),N/A,N/A (prebuilt wheel),pqcrypto,0.4.0,ML-KEM-512,keygen,9,158900,28872704,True,
9688e997-27dc-4649-88e9-6643b3730135,07084835-0852-4baa-a0cc-3119cc6c24d1,2026-08-12T17:25:27.737918+00:00,controlled_windows_x86_64_two_cpu,NATIVE_SOFTWARE,x86_64,"AMD64 Family 23 Model 96 Stepping 1, AuthenticAMD",12,7598,Windows-11-10.0.26200-SP0,N/A (prebuilt Python extension wheel),N/A,N/A (prebuilt wheel),pqcrypto,0.4.0,ML-KEM-512,encapsulation,9,241900,28876800,True,
9688e997-27dc-4649-88e9-6643b3730135,07084835-0852-4baa-a0cc-3119cc6c24d1,2026-08-12T17:25:27.738298+00:00,controlled_windows_x86_64_two_cpu,NATIVE_SOFTWARE,x86_64,"AMD64 Family 23 Model 96 Stepping 1, AuthenticAMD",12,7598,Windows-11-10.0.26200-SP0,N/A (prebuilt Python extension wheel),N/A,N/A (prebuilt wheel),pqcrypto,0.4.0,ML-KEM-512,decapsulation,9,48500,28876800,True,
9688e997-27dc-4649-88e9-6643b3730135,07084835-0852-4baa-a0cc-3119cc6c24d1,2026-08-12T17:25:27.738465+00:00,controlled_windows_x86_64_two_cpu,NATIVE_SOFTWARE,x86_64,"AMD64 Family 23 Model 96 Stepping 1, AuthenticAMD",12,7598,Windows-11-10.0.26200-SP0,N/A (prebuilt Python extension wheel),N/A,N/A (prebuilt wheel),pqcrypto,0.4.0,ML-KEM-512,keygen,10,203900,28880896,True,
9688e997-27dc-4649-88e9-6643b3730135,07084835-0852-4baa-a0cc-3119cc6c24d1,2026-08-12T17:25:27.738959+00:00,controlled_windows_x86_64_two_cpu,NATIVE_SOFTWARE,x86_64,"AMD64 Family 23 Model 96 Stepping 1, AuthenticAMD",12,7598,Windows-11-10.0.26200-SP0,N/A (prebuilt Python extension wheel),N/A,N/A (prebuilt wheel),pqcrypto,0.4.0,ML-KEM-512,encapsulation,10,338100,28880896,True,
9688e997-27dc-4649-88e9-6643b3730135,07084835-0852-4baa-a0cc-3119cc6c24d1,2026-08-12T17:25:27.739435+00:00,controlled_windows_x86_64_two_cpu,NATIVE_SOFTWARE,x86_64,"AMD64 Family 23 Model 96 Stepping 1, AuthenticAMD",12,7598,Windows-11-10.0.26200-SP0,N/A (prebuilt Python extension wheel),N/A,N/A (prebuilt wheel),pqcrypto,0.4.0,ML-KEM-512,decapsulation,10,48500,28880896,True,
9688e997-27dc-4649-88e9-6643b3730135,07084835-0852-4baa-a0cc-3119cc6c24d1,2026-08-12T17:25:27.739574+00:00,controlled_windows_x86_64_two_cpu,NATIVE_SOFTWARE,x86_64,"AMD64 Family 23 Model 96 Stepping 1, AuthenticAMD",12,7598,Windows-11-10.0.26200-SP0,N/A (prebuilt Python extension wheel),N/A,N/A (prebuilt wheel),pqcrypto,0.4.0,ML-KEM-512,keygen,11,198100,28880896,True,
9688e997-27dc-4649-88e9-6643b3730135,07084835-0852-4baa-a0cc-3119cc6c24d1,2026-08-12T17:25:27.740035+00:00,controlled_windows_x86_64_two_cpu,NATIVE_SOFTWARE,x86_64,"AMD64 Family 23 Model 96 Stepping 1, AuthenticAMD",12,7598,Windows-11-10.0.26200-SP0,N/A (prebuilt Python extension wheel),N/A,N/A (prebuilt wheel),pqcrypto,0.4.0,ML-KEM-512,encapsulation,11,207200,28884992,True,
9688e997-27dc-4649-88e9-6643b3730135,07084835-0852-4baa-a0cc-3119cc6c24d1,2026-08-12T17:25:27.740388+00:00,controlled_windows_x86_64_two_cpu,NATIVE_SOFTWARE,x86_64,"AMD64 Family 23 Model 96 Stepping 1, AuthenticAMD",12,7598,Windows-11-10.0.26200-SP0,N/A (prebuilt Python extension wheel),N/A,N/A (prebuilt wheel),pqcrypto,0.4.0,ML-KEM-512,decapsulation,11,84600,28889088,True,
9688e997-27dc-4649-88e9-6643b3730135,07084835-0852-4baa-a0cc-3119cc6c24d1,2026-08-12T17:25:27.740585+00:00,controlled_windows_x86_64_two_cpu,NATIVE_SOFTWARE,x86_64,"AMD64 Family 23 Model 96 Stepping 1, AuthenticAMD",12,7598,Windows-11-10.0.26200-SP0,N/A (prebuilt Python extension wheel),N/A,N/A (prebuilt wheel),pqcrypto,0.4.0,ML-KEM-512,keygen,12,233900,28901376,True,
9688e997-27dc-4649-88e9-6643b3730135,07084835-0852-4baa-a0cc-3119cc6c24d1,2026-08-12T17:25:27.741104+00:00,controlled_windows_x86_64_two_cpu,NATIVE_SOFTWARE,x86_64,"AMD64 Family 23 Model 96 Stepping 1, AuthenticAMD",12,7598,Windows-11-10.0.26200-SP0,N/A (prebuilt Python extension wheel),N/A,N/A (prebuilt wheel),pqcrypto,0.4.0,ML-KEM-512,encapsulation,12,177200,28971008,True,
9688e997-27dc-4649-88e9-6643b3730135,07084835-0852-4baa-a0cc-3119cc6c24d1,2026-08-12T17:25:27.741522+00:00,controlled_windows_x86_64_two_cpu,NATIVE_SOFTWARE,x86_64,"AMD64 Family 23 Model 96 Stepping 1, AuthenticAMD",12,7598,Windows-11-10.0.26200-SP0,N/A (prebuilt Python extension wheel),N/A,N/A (prebuilt wheel),pqcrypto,0.4.0,ML-KEM-512,decapsulation,12,48500,28975104,True,
9688e997-27dc-4649-88e9-6643b3730135,07084835-0852-4baa-a0cc-3119cc6c24d1,2026-08-12T17:25:27.741659+00:00,controlled_windows_x86_64_two_cpu,NATIVE_SOFTWARE,x86_64,"AMD64 Family 23 Model 96 Stepping 1, AuthenticAMD",12,7598,Windows-11-10.0.26200-SP0,N/A (prebuilt Python extension wheel),N/A,N/A (prebuilt wheel),pqcrypto,0.4.0,ML-KEM-512,keygen,13,199700,28991488,True,
9688e997-27dc-4649-88e9-6643b3730135,07084835-0852-4baa-a0cc-3119cc6c24d1,2026-08-12T17:25:27.742131+00:00,controlled_windows_x86_64_two_cpu,NATIVE_SOFTWARE,x86_64,"AMD64 Family 23 Model 96 Stepping 1, AuthenticAMD",12,7598,Windows-11-10.0.26200-SP0,N/A (prebuilt Python extension wheel),N/A,N/A (prebuilt wheel),pqcrypto,0.4.0,ML-KEM-512,encapsulation,13,194000,29032448,True,
9688e997-27dc-4649-88e9-6643b3730135,07084835-0852-4baa-a0cc-3119cc6c24d1,2026-08-12T17:25:27.742488+00:00,controlled_windows_x86_64_two_cpu,NATIVE_SOFTWARE,x86_64,"AMD64 Family 23 Model 96 Stepping 1, AuthenticAMD",12,7598,Windows-11-10.0.26200-SP0,N/A (prebuilt Python extension wheel),N/A,N/A (prebuilt wheel),pqcrypto,0.4.0,ML-KEM-512,decapsulation,13,47300,29044736,True,
9688e997-27dc-4649-88e9-6643b3730135,07084835-0852-4baa-a0cc-3119cc6c24d1,2026-08-12T17:25:27.742688+00:00,controlled_windows_x86_64_two_cpu,NATIVE_SOFTWARE,x86_64,"AMD64 Family 23 Model 96 Stepping 1, AuthenticAMD",12,7598,Windows-11-10.0.26200-SP0,N/A (prebuilt Python extension wheel),N/A,N/A (prebuilt wheel),pqcrypto,0.4.0,ML-KEM-512,keygen,14,172400,29052928,True,
9688e997-27dc-4649-88e9-6643b3730135,07084835-0852-4baa-a0cc-3119cc6c24d1,2026-08-12T17:25:27.743143+00:00,controlled_windows_x86_64_two_cpu,NATIVE_SOFTWARE,x86_64,"AMD64 Family 23 Model 96 Stepping 1, AuthenticAMD",12,7598,Windows-11-10.0.26200-SP0,N/A (prebuilt Python extension wheel),N/A,N/A (prebuilt wheel),pqcrypto,0.4.0,ML-KEM-512,encapsulation,14,313700,29057024,True,
9688e997-27dc-4649-88e9-6643b3730135,07084835-0852-4baa-a0cc-3119cc6c24d1,2026-08-12T17:25:27.743613+00:00,controlled_windows_x86_64_two_cpu,NATIVE_SOFTWARE,x86_64,"AMD64 Family 23 Model 96 Stepping 1, AuthenticAMD",12,7598,Windows-11-10.0.26200-SP0,N/A (prebuilt Python extension wheel),N/A,N/A (prebuilt wheel),pqcrypto,0.4.0,ML-KEM-512,decapsulation,14,49600,29077504,True,
9688e997-27dc-4649-88e9-6643b3730135,07084835-0852-4baa-a0cc-3119cc6c24d1,2026-08-12T17:25:27.743764+00:00,controlled_windows_x86_64_two_cpu,NATIVE_SOFTWARE,x86_64,"AMD64 Family 23 Model 96 Stepping 1, AuthenticAMD",12,7598,Windows-11-10.0.26200-SP0,N/A (prebuilt Python extension wheel),N/A,N/A (prebuilt wheel),pqcrypto,0.4.0,ML-KEM-512,keygen,15,171400,29085696,True,
9688e997-27dc-4649-88e9-6643b3730135,07084835-0852-4baa-a0cc-3119cc6c24d1,2026-08-12T17:25:27.744202+00:00,controlled_windows_x86_64_two_cpu,NATIVE_SOFTWARE,x86_64,"AMD64 Family 23 Model 96 Stepping 1, AuthenticAMD",12,7598,Windows-11-10.0.26200-SP0,N/A (prebuilt Python extension wheel),N/A,N/A (prebuilt wheel),pqcrypto,0.4.0,ML-KEM-512,encapsulation,15,153100,29089792,True,
9688e997-27dc-4649-88e9-6643b3730135,07084835-0852-4baa-a0cc-3119cc6c24d1,2026-08-12T17:25:27.744473+00:00,controlled_windows_x86_64_two_cpu,NATIVE_SOFTWARE,x86_64,"AMD64 Family 23 Model 96 Stepping 1, AuthenticAMD",12,7598,Windows-11-10.0.26200-SP0,N/A (prebuilt Python extension wheel),N/A,N/A (prebuilt wheel),pqcrypto,0.4.0,ML-KEM-512,decapsulation,15,46000,29138944,True,
9688e997-27dc-4649-88e9-6643b3730135,07084835-0852-4baa-a0cc-3119cc6c24d1,2026-08-12T17:25:27.744637+00:00,controlled_windows_x86_64_two_cpu,NATIVE_SOFTWARE,x86_64,"AMD64 Family 23 Model 96 Stepping 1, AuthenticAMD",12,7598,Windows-11-10.0.26200-SP0,N/A (prebuilt Python extension wheel),N/A,N/A (prebuilt wheel),pqcrypto,0.4.0,ML-KEM-512,keygen,16,158300,29147136,True,
9688e997-27dc-4649-88e9-6643b3730135,07084835-0852-4baa-a0cc-3119cc6c24d1,2026-08-12T17:25:27.745208+00:00,controlled_windows_x86_64_two_cpu,NATIVE_SOFTWARE,x86_64,"AMD64 Family 23 Model 96 Stepping 1, AuthenticAMD",12,7598,Windows-11-10.0.26200-SP0,N/A (prebuilt Python extension wheel),N/A,N/A (prebuilt wheel),pqcrypto,0.4.0,ML-KEM-512,encapsulation,16,176500,29159424,True,
9688e997-27dc-4649-88e9-6643b3730135,07084835-0852-4baa-a0cc-3119cc6c24d1,2026-08-12T17:25:27.745581+00:00,controlled_windows_x86_64_two_cpu,NATIVE_SOFTWARE,x86_64,"AMD64 Family 23 Model 96 Stepping 1, AuthenticAMD",12,7598,Windows-11-10.0.26200-SP0,N/A (prebuilt Python extension wheel),N/A,N/A (prebuilt wheel),pqcrypto,0.4.0,ML-KEM-512,decapsulation,16,49200,29163520,True,
9688e997-27dc-4649-88e9-6643b3730135,07084835-0852-4baa-a0cc-3119cc6c24d1,2026-08-12T17:25:27.746356+00:00,controlled_windows_x86_64_two_cpu,NATIVE_SOFTWARE,x86_64,"AMD64 Family 23 Model 96 Stepping 1, AuthenticAMD",12,7598,Windows-11-10.0.26200-SP0,N/A (prebuilt Python extension wheel),N/A,N/A (prebuilt wheel),pqcrypto,0.4.0,ML-KEM-512,keygen,17,370100,29167616,True,
9688e997-27dc-4649-88e9-6643b3730135,07084835-0852-4baa-a0cc-3119cc6c24d1,2026-08-12T17:25:27.747053+00:00,controlled_windows_x86_64_two_cpu,NATIVE_SOFTWARE,x86_64,"AMD64 Family 23 Model 96 Stepping 1, AuthenticAMD",12,7598,Windows-11-10.0.26200-SP0,N/A (prebuilt Python extension wheel),N/A,N/A (prebuilt wheel),pqcrypto,0.4.0,ML-KEM-512,encapsulation,17,183900,29167616,True,
9688e997-27dc-4649-88e9-6643b3730135,07084835-0852-4baa-a0cc-3119cc6c24d1,2026-08-12T17:25:27.747375+00:00,controlled_windows_x86_64_two_cpu,NATIVE_SOFTWARE,x86_64,"AMD64 Family 23 Model 96 Stepping 1, AuthenticAMD",12,7598,Windows-11-10.0.26200-SP0,N/A (prebuilt Python extension wheel),N/A,N/A (prebuilt wheel),pqcrypto,0.4.0,ML-KEM-512,decapsulation,17,71700,29167616,True,
9688e997-27dc-4649-88e9-6643b3730135,07084835-0852-4baa-a0cc-3119cc6c24d1,2026-08-12T17:25:27.747540+00:00,controlled_windows_x86_64_two_cpu,NATIVE_SOFTWARE,x86_64,"AMD64 Family 23 Model 96 Stepping 1, AuthenticAMD",12,7598,Windows-11-10.0.26200-SP0,N/A (prebuilt Python extension wheel),N/A,N/A (prebuilt wheel),pqcrypto,0.4.0,ML-KEM-512,keygen,18,166200,29167616,True,
9688e997-27dc-4649-88e9-6643b3730135,07084835-0852-4baa-a0cc-3119cc6c24d1,2026-08-12T17:25:27.747956+00:00,controlled_windows_x86_64_two_cpu,NATIVE_SOFTWARE,x86_64,"AMD64 Family 23 Model 96 Stepping 1, AuthenticAMD",12,7598,Windows-11-10.0.26200-SP0,N/A (prebuilt Python extension wheel),N/A,N/A (prebuilt wheel),pqcrypto,0.4.0,ML-KEM-512,encapsulation,18,153800,29167616,True,
9688e997-27dc-4649-88e9-6643b3730135,07084835-0852-4baa-a0cc-3119cc6c24d1,2026-08-12T17:25:27.748207+00:00,controlled_windows_x86_64_two_cpu,NATIVE_SOFTWARE,x86_64,"AMD64 Family 23 Model 96 Stepping 1, AuthenticAMD",12,7598,Windows-11-10.0.26200-SP0,N/A (prebuilt Python extension wheel),N/A,N/A (prebuilt wheel),pqcrypto,0.4.0,ML-KEM-512,decapsulation,18,46300,29167616,True,
9688e997-27dc-4649-88e9-6643b3730135,07084835-0852-4baa-a0cc-3119cc6c24d1,2026-08-12T17:25:27.748334+00:00,controlled_windows_x86_64_two_cpu,NATIVE_SOFTWARE,x86_64,"AMD64 Family 23 Model 96 Stepping 1, AuthenticAMD",12,7598,Windows-11-10.0.26200-SP0,N/A (prebuilt Python extension wheel),N/A,N/A (prebuilt wheel),pqcrypto,0.4.0,ML-KEM-512,keygen,19,176300,29167616,True,
9688e997-27dc-4649-88e9-6643b3730135,07084835-0852-4baa-a0cc-3119cc6c24d1,2026-08-12T17:25:27.748757+00:00,controlled_windows_x86_64_two_cpu,NATIVE_SOFTWARE,x86_64,"AMD64 Family 23 Model 96 Stepping 1, AuthenticAMD",12,7598,Windows-11-10.0.26200-SP0,N/A (prebuilt Python extension wheel),N/A,N/A (prebuilt wheel),pqcrypto,0.4.0,ML-KEM-512,encapsulation,19,154300,29167616,True,
9688e997-27dc-4649-88e9-6643b3730135,07084835-0852-4baa-a0cc-3119cc6c24d1,2026-08-12T17:25:27.749011+00:00,controlled_windows_x86_64_two_cpu,NATIVE_SOFTWARE,x86_64,"AMD64 Family 23 Model 96 Stepping 1, AuthenticAMD",12,7598,Windows-11-10.0.26200-SP0,N/A (prebuilt Python extension wheel),N/A,N/A (prebuilt wheel),pqcrypto,0.4.0,ML-KEM-512,decapsulation,19,45300,29167616,True,
9688e997-27dc-4649-88e9-6643b3730135,07084835-0852-4baa-a0cc-3119cc6c24d1,2026-08-12T17:25:27.749144+00:00,controlled_windows_x86_64_two_cpu,NATIVE_SOFTWARE,x86_64,"AMD64 Family 23 Model 96 Stepping 1, AuthenticAMD",12,7598,Windows-11-10.0.26200-SP0,N/A (prebuilt Python extension wheel),N/A,N/A (prebuilt wheel),pqcrypto,0.4.0,ML-KEM-512,keygen,20,158700,29167616,True,
9688e997-27dc-4649-88e9-6643b3730135,07084835-0852-4baa-a0cc-3119cc6c24d1,2026-08-12T17:25:27.749618+00:00,controlled_windows_x86_64_two_cpu,NATIVE_SOFTWARE,x86_64,"AMD64 Family 23 Model 96 Stepping 1, AuthenticAMD",12,7598,Windows-11-10.0.26200-SP0,N/A (prebuilt Python extension wheel),N/A,N/A (prebuilt wheel),pqcrypto,0.4.0,ML-KEM-512,encapsulation,20,152300,29167616,True,
9688e997-27dc-4649-88e9-6643b3730135,07084835-0852-4baa-a0cc-3119cc6c24d1,2026-08-12T17:25:27.749868+00:00,controlled_windows_x86_64_two_cpu,NATIVE_SOFTWARE,x86_64,"AMD64 Family 23 Model 96 Stepping 1, AuthenticAMD",12,7598,Windows-11-10.0.26200-SP0,N/A (prebuilt Python extension wheel),N/A,N/A (prebuilt wheel),pqcrypto,0.4.0,ML-KEM-512,decapsulation,20,45700,29167616,True,
9688e997-27dc-4649-88e9-6643b3730135,07084835-0852-4baa-a0cc-3119cc6c24d1,2026-08-12T17:25:27.749992+00:00,controlled_windows_x86_64_two_cpu,NATIVE_SOFTWARE,x86_64,"AMD64 Family 23 Model 96 Stepping 1, AuthenticAMD",12,7598,Windows-11-10.0.26200-SP0,N/A (prebuilt Python extension wheel),N/A,N/A (prebuilt wheel),pqcrypto,0.4.0,ML-KEM-512,keygen,21,154900,29167616,True,
9688e997-27dc-4649-88e9-6643b3730135,07084835-0852-4baa-a0cc-3119cc6c24d1,2026-08-12T17:25:27.750388+00:00,controlled_windows_x86_64_two_cpu,NATIVE_SOFTWARE,x86_64,"AMD64 Family 23 Model 96 Stepping 1, AuthenticAMD",12,7598,Windows-11-10.0.26200-SP0,N/A (prebuilt Python extension wheel),N/A,N/A (prebuilt wheel),pqcrypto,0.4.0,ML-KEM-512,encapsulation,21,175500,29167616,True,
9688e997-27dc-4649-88e9-6643b3730135,07084835-0852-4baa-a0cc-3119cc6c24d1,2026-08-12T17:25:27.750663+00:00,controlled_windows_x86_64_two_cpu,NATIVE_SOFTWARE,x86_64,"AMD64 Family 23 Model 96 Stepping 1, AuthenticAMD",12,7598,Windows-11-10.0.26200-SP0,N/A (prebuilt Python extension wheel),N/A,N/A (prebuilt wheel),pqcrypto,0.4.0,ML-KEM-512,decapsulation,21,47500,29167616,True,
9688e997-27dc-4649-88e9-6643b3730135,07084835-0852-4baa-a0cc-3119cc6c24d1,2026-08-12T17:25:27.750793+00:00,controlled_windows_x86_64_two_cpu,NATIVE_SOFTWARE,x86_64,"AMD64 Family 23 Model 96 Stepping 1, AuthenticAMD",12,7598,Windows-11-10.0.26200-SP0,N/A (prebuilt Python extension wheel),N/A,N/A (prebuilt wheel),pqcrypto,0.4.0,ML-KEM-512,keygen,22,163300,29171712,True,
9688e997-27dc-4649-88e9-6643b3730135,07084835-0852-4baa-a0cc-3119cc6c24d1,2026-08-12T17:25:27.751259+00:00,controlled_windows_x86_64_two_cpu,NATIVE_SOFTWARE,x86_64,"AMD64 Family 23 Model 96 Stepping 1, AuthenticAMD",12,7598,Windows-11-10.0.26200-SP0,N/A (prebuilt Python extension wheel),N/A,N/A (prebuilt wheel),pqcrypto,0.4.0,ML-KEM-512,encapsulation,22,168500,29171712,True,
9688e997-27dc-4649-88e9-6643b3730135,07084835-0852-4baa-a0cc-3119cc6c24d1,2026-08-12T17:25:27.751523+00:00,controlled_windows_x86_64_two_cpu,NATIVE_SOFTWARE,x86_64,"AMD64 Family 23 Model 96 Stepping 1, AuthenticAMD",12,7598,Windows-11-10.0.26200-SP0,N/A (prebuilt Python extension wheel),N/A,N/A (prebuilt wheel),pqcrypto,0.4.0,ML-KEM-512,decapsulation,22,45900,29175808,True,
9688e997-27dc-4649-88e9-6643b3730135,07084835-0852-4baa-a0cc-3119cc6c24d1,2026-08-12T17:25:27.751653+00:00,controlled_windows_x86_64_two_cpu,NATIVE_SOFTWARE,x86_64,"AMD64 Family 23 Model 96 Stepping 1, AuthenticAMD",12,7598,Windows-11-10.0.26200-SP0,N/A (prebuilt Python extension wheel),N/A,N/A (prebuilt wheel),pqcrypto,0.4.0,ML-KEM-512,keygen,23,161700,29175808,True,
9688e997-27dc-4649-88e9-6643b3730135,07084835-0852-4baa-a0cc-3119cc6c24d1,2026-08-12T17:25:27.752160+00:00,controlled_windows_x86_64_two_cpu,NATIVE_SOFTWARE,x86_64,"AMD64 Family 23 Model 96 Stepping 1, AuthenticAMD",12,7598,Windows-11-10.0.26200-SP0,N/A (prebuilt Python extension wheel),N/A,N/A (prebuilt wheel),pqcrypto,0.4.0,ML-KEM-512,encapsulation,23,155900,29175808,True,
9688e997-27dc-4649-88e9-6643b3730135,07084835-0852-4baa-a0cc-3119cc6c24d1,2026-08-12T17:25:27.752476+00:00,controlled_windows_x86_64_two_cpu,NATIVE_SOFTWARE,x86_64,"AMD64 Family 23 Model 96 Stepping 1, AuthenticAMD",12,7598,Windows-11-10.0.26200-SP0,N/A (prebuilt Python extension wheel),N/A,N/A (prebuilt wheel),pqcrypto,0.4.0,ML-KEM-512,decapsulation,23,52500,29175808,True,
9688e997-27dc-4649-88e9-6643b3730135,07084835-0852-4baa-a0cc-3119cc6c24d1,2026-08-12T17:25:27.752613+00:00,controlled_windows_x86_64_two_cpu,NATIVE_SOFTWARE,x86_64,"AMD64 Family 23 Model 96 Stepping 1, AuthenticAMD",12,7598,Windows-11-10.0.26200-SP0,N/A (prebuilt Python extension wheel),N/A,N/A (prebuilt wheel),pqcrypto,0.4.0,ML-KEM-512,keygen,24,176900,29175808,True,
9688e997-27dc-4649-88e9-6643b3730135,07084835-0852-4baa-a0cc-3119cc6c24d1,2026-08-12T17:25:27.753050+00:00,controlled_windows_x86_64_two_cpu,NATIVE_SOFTWARE,x86_64,"AMD64 Family 23 Model 96 Stepping 1, AuthenticAMD",12,7598,Windows-11-10.0.26200-SP0,N/A (prebuilt Python extension wheel),N/A,N/A (prebuilt wheel),pqcrypto,0.4.0,ML-KEM-512,encapsulation,24,392900,29175808,True,
9688e997-27dc-4649-88e9-6643b3730135,07084835-0852-4baa-a0cc-3119cc6c24d1,2026-08-12T17:25:27.753597+00:00,controlled_windows_x86_64_two_cpu,NATIVE_SOFTWARE,x86_64,"AMD64 Family 23 Model 96 Stepping 1, AuthenticAMD",12,7598,Windows-11-10.0.26200-SP0,N/A (prebuilt Python extension wheel),N/A,N/A (prebuilt wheel),pqcrypto,0.4.0,ML-KEM-512,decapsulation,24,54600,29179904,True,
9688e997-27dc-4649-88e9-6643b3730135,07084835-0852-4baa-a0cc-3119cc6c24d1,2026-08-12T17:25:27.753768+00:00,controlled_windows_x86_64_two_cpu,NATIVE_SOFTWARE,x86_64,"AMD64 Family 23 Model 96 Stepping 1, AuthenticAMD",12,7598,Windows-11-10.0.26200-SP0,N/A (prebuilt Python extension wheel),N/A,N/A (prebuilt wheel),pqcrypto,0.4.0,ML-KEM-512,keygen,25,185900,29184000,True,
9688e997-27dc-4649-88e9-6643b3730135,07084835-0852-4baa-a0cc-3119cc6c24d1,2026-08-12T17:25:27.754247+00:00,controlled_windows_x86_64_two_cpu,NATIVE_SOFTWARE,x86_64,"AMD64 Family 23 Model 96 Stepping 1, AuthenticAMD",12,7598,Windows-11-10.0.26200-SP0,N/A (prebuilt Python extension wheel),N/A,N/A (prebuilt wheel),pqcrypto,0.4.0,ML-KEM-512,encapsulation,25,186700,29184000,True,
9688e997-27dc-4649-88e9-6643b3730135,07084835-0852-4baa-a0cc-3119cc6c24d1,2026-08-12T17:25:27.754577+00:00,controlled_windows_x86_64_two_cpu,NATIVE_SOFTWARE,x86_64,"AMD64 Family 23 Model 96 Stepping 1, AuthenticAMD",12,7598,Windows-11-10.0.26200-SP0,N/A (prebuilt Python extension wheel),N/A,N/A (prebuilt wheel),pqcrypto,0.4.0,ML-KEM-512,decapsulation,25,58200,29184000,True,
9688e997-27dc-4649-88e9-6643b3730135,07084835-0852-4baa-a0cc-3119cc6c24d1,2026-08-12T17:25:27.754740+00:00,controlled_windows_x86_64_two_cpu,NATIVE_SOFTWARE,x86_64,"AMD64 Family 23 Model 96 Stepping 1, AuthenticAMD",12,7598,Windows-11-10.0.26200-SP0,N/A (prebuilt Python extension wheel),N/A,N/A (prebuilt wheel),pqcrypto,0.4.0,ML-KEM-512,keygen,26,221500,29315072,True,
9688e997-27dc-4649-88e9-6643b3730135,07084835-0852-4baa-a0cc-3119cc6c24d1,2026-08-12T17:25:27.755354+00:00,controlled_windows_x86_64_two_cpu,NATIVE_SOFTWARE,x86_64,"AMD64 Family 23 Model 96 Stepping 1, AuthenticAMD",12,7598,Windows-11-10.0.26200-SP0,N/A (prebuilt Python extension wheel),N/A,N/A (prebuilt wheel),pqcrypto,0.4.0,ML-KEM-512,encapsulation,26,219100,29331456,True,
9688e997-27dc-4649-88e9-6643b3730135,07084835-0852-4baa-a0cc-3119cc6c24d1,2026-08-12T17:25:27.755750+00:00,controlled_windows_x86_64_two_cpu,NATIVE_SOFTWARE,x86_64,"AMD64 Family 23 Model 96 Stepping 1, AuthenticAMD",12,7598,Windows-11-10.0.26200-SP0,N/A (prebuilt Python extension wheel),N/A,N/A (prebuilt wheel),pqcrypto,0.4.0,ML-KEM-512,decapsulation,26,50800,29335552,True,
9688e997-27dc-4649-88e9-6643b3730135,07084835-0852-4baa-a0cc-3119cc6c24d1,2026-08-12T17:25:27.755896+00:00,controlled_windows_x86_64_two_cpu,NATIVE_SOFTWARE,x86_64,"AMD64 Family 23 Model 96 Stepping 1, AuthenticAMD",12,7598,Windows-11-10.0.26200-SP0,N/A (prebuilt Python extension wheel),N/A,N/A (prebuilt wheel),pqcrypto,0.4.0,ML-KEM-512,keygen,27,255100,29347840,True,
9688e997-27dc-4649-88e9-6643b3730135,07084835-0852-4baa-a0cc-3119cc6c24d1,2026-08-12T17:25:27.756504+00:00,controlled_windows_x86_64_two_cpu,NATIVE_SOFTWARE,x86_64,"AMD64 Family 23 Model 96 Stepping 1, AuthenticAMD",12,7598,Windows-11-10.0.26200-SP0,N/A (prebuilt Python extension wheel),N/A,N/A (prebuilt wheel),pqcrypto,0.4.0,ML-KEM-512,encapsulation,27,169600,29351936,True,
9688e997-27dc-4649-88e9-6643b3730135,07084835-0852-4baa-a0cc-3119cc6c24d1,2026-08-12T17:25:27.756868+00:00,controlled_windows_x86_64_two_cpu,NATIVE_SOFTWARE,x86_64,"AMD64 Family 23 Model 96 Stepping 1, AuthenticAMD",12,7598,Windows-11-10.0.26200-SP0,N/A (prebuilt Python extension wheel),N/A,N/A (prebuilt wheel),pqcrypto,0.4.0,ML-KEM-512,decapsulation,27,48500,29364224,True,
9688e997-27dc-4649-88e9-6643b3730135,07084835-0852-4baa-a0cc-3119cc6c24d1,2026-08-12T17:25:27.757010+00:00,controlled_windows_x86_64_two_cpu,NATIVE_SOFTWARE,x86_64,"AMD64 Family 23 Model 96 Stepping 1, AuthenticAMD",12,7598,Windows-11-10.0.26200-SP0,N/A (prebuilt Python extension wheel),N/A,N/A (prebuilt wheel),pqcrypto,0.4.0,ML-KEM-512,keygen,28,170000,29405184,True,
9688e997-27dc-4649-88e9-6643b3730135,07084835-0852-4baa-a0cc-3119cc6c24d1,2026-08-12T17:25:27.757501+00:00,controlled_windows_x86_64_two_cpu,NATIVE_SOFTWARE,x86_64,"AMD64 Family 23 Model 96 Stepping 1, AuthenticAMD",12,7598,Windows-11-10.0.26200-SP0,N/A (prebuilt Python extension wheel),N/A,N/A (prebuilt wheel),pqcrypto,0.4.0,ML-KEM-512,encapsulation,28,156900,29413376,True,
9688e997-27dc-4649-88e9-6643b3730135,07084835-0852-4baa-a0cc-3119cc6c24d1,2026-08-12T17:25:27.757778+00:00,controlled_windows_x86_64_two_cpu,NATIVE_SOFTWARE,x86_64,"AMD64 Family 23 Model 96 Stepping 1, AuthenticAMD",12,7598,Windows-11-10.0.26200-SP0,N/A (prebuilt Python extension wheel),N/A,N/A (prebuilt wheel),pqcrypto,0.4.0,ML-KEM-512,decapsulation,28,47000,29417472,True,
9688e997-27dc-4649-88e9-6643b3730135,07084835-0852-4baa-a0cc-3119cc6c24d1,2026-08-12T17:25:27.758268+00:00,controlled_windows_x86_64_two_cpu,NATIVE_SOFTWARE,x86_64,"AMD64 Family 23 Model 96 Stepping 1, AuthenticAMD",12,7598,Windows-11-10.0.26200-SP0,N/A (prebuilt Python extension wheel),N/A,N/A (prebuilt wheel),pqcrypto,0.4.0,ML-KEM-512,keygen,29,321800,29417472,True,
9688e997-27dc-4649-88e9-6643b3730135,07084835-0852-4baa-a0cc-3119cc6c24d1,2026-08-12T17:25:27.759138+00:00,controlled_windows_x86_64_two_cpu,NATIVE_SOFTWARE,x86_64,"AMD64 Family 23 Model 96 Stepping 1, AuthenticAMD",12,7598,Windows-11-10.0.26200-SP0,N/A (prebuilt Python extension wheel),N/A,N/A (prebuilt wheel),pqcrypto,0.4.0,ML-KEM-512,encapsulation,29,182100,29417472,True,
9688e997-27dc-4649-88e9-6643b3730135,07084835-0852-4baa-a0cc-3119cc6c24d1,2026-08-12T17:25:27.759557+00:00,controlled_windows_x86_64_two_cpu,NATIVE_SOFTWARE,x86_64,"AMD64 Family 23 Model 96 Stepping 1, AuthenticAMD",12,7598,Windows-11-10.0.26200-SP0,N/A (prebuilt Python extension wheel),N/A,N/A (prebuilt wheel),pqcrypto,0.4.0,ML-KEM-512,decapsulation,29,51000,29417472,True,
9688e997-27dc-4649-88e9-6643b3730135,07084835-0852-4baa-a0cc-3119cc6c24d1,2026-08-12T17:25:27.759704+00:00,controlled_windows_x86_64_two_cpu,NATIVE_SOFTWARE,x86_64,"AMD64 Family 23 Model 96 Stepping 1, AuthenticAMD",12,7598,Windows-11-10.0.26200-SP0,N/A (prebuilt Python extension wheel),N/A,N/A (prebuilt wheel),pqcrypto,0.4.0,ML-KEM-512,keygen,30,247800,29417472,True,
9688e997-27dc-4649-88e9-6643b3730135,07084835-0852-4baa-a0cc-3119cc6c24d1,2026-08-12T17:25:27.760573+00:00,controlled_windows_x86_64_two_cpu,NATIVE_SOFTWARE,x86_64,"AMD64 Family 23 Model 96 Stepping 1, AuthenticAMD",12,7598,Windows-11-10.0.26200-SP0,N/A (prebuilt Python extension wheel),N/A,N/A (prebuilt wheel),pqcrypto,0.4.0,ML-KEM-512,encapsulation,30,161900,29417472,True,
9688e997-27dc-4649-88e9-6643b3730135,07084835-0852-4baa-a0cc-3119cc6c24d1,2026-08-12T17:25:27.760865+00:00,controlled_windows_x86_64_two_cpu,NATIVE_SOFTWARE,x86_64,"AMD64 Family 23 Model 96 Stepping 1, AuthenticAMD",12,7598,Windows-11-10.0.26200-SP0,N/A (prebuilt Python extension wheel),N/A,N/A (prebuilt wheel),pqcrypto,0.4.0,ML-KEM-512,decapsulation,30,47600,29417472,True,
9688e997-27dc-4649-88e9-6643b3730135,07084835-0852-4baa-a0cc-3119cc6c24d1,2026-08-12T17:25:27.760995+00:00,controlled_windows_x86_64_two_cpu,NATIVE_SOFTWARE,x86_64,"AMD64 Family 23 Model 96 Stepping 1, AuthenticAMD",12,7598,Windows-11-10.0.26200-SP0,N/A (prebuilt Python extension wheel),N/A,N/A (prebuilt wheel),pqcrypto,0.4.0,ML-KEM-512,keygen,31,157300,29417472,True,
9688e997-27dc-4649-88e9-6643b3730135,07084835-0852-4baa-a0cc-3119cc6c24d1,2026-08-12T17:25:27.761396+00:00,controlled_windows_x86_64_two_cpu,NATIVE_SOFTWARE,x86_64,"AMD64 Family 23 Model 96 Stepping 1, AuthenticAMD",12,7598,Windows-11-10.0.26200-SP0,N/A (prebuilt Python extension wheel),N/A,N/A (prebuilt wheel),pqcrypto,0.4.0,ML-KEM-512,encapsulation,31,184200,29417472,True,
9688e997-27dc-4649-88e9-6643b3730135,07084835-0852-4baa-a0cc-3119cc6c24d1,2026-08-12T17:25:27.761677+00:00,controlled_windows_x86_64_two_cpu,NATIVE_SOFTWARE,x86_64,"AMD64 Family 23 Model 96 Stepping 1, AuthenticAMD",12,7598,Windows-11-10.0.26200-SP0,N/A (prebuilt Python extension wheel),N/A,N/A (prebuilt wheel),pqcrypto,0.4.0,ML-KEM-512,decapsulation,31,46700,29417472,True,
9688e997-27dc-4649-88e9-6643b3730135,07084835-0852-4baa-a0cc-3119cc6c24d1,2026-08-12T17:25:27.761807+00:00,controlled_windows_x86_64_two_cpu,NATIVE_SOFTWARE,x86_64,"AMD64 Family 23 Model 96 Stepping 1, AuthenticAMD",12,7598,Windows-11-10.0.26200-SP0,N/A (prebuilt Python extension wheel),N/A,N/A (prebuilt wheel),pqcrypto,0.4.0,ML-KEM-512,keygen,32,174800,29417472,True,
9688e997-27dc-4649-88e9-6643b3730135,07084835-0852-4baa-a0cc-3119cc6c24d1,2026-08-12T17:25:27.762225+00:00,controlled_windows_x86_64_two_cpu,NATIVE_SOFTWARE,x86_64,"AMD64 Family 23 Model 96 Stepping 1, AuthenticAMD",12,7598,Windows-11-10.0.26200-SP0,N/A (prebuilt Python extension wheel),N/A,N/A (prebuilt wheel),pqcrypto,0.4.0,ML-KEM-512,encapsulation,32,151100,29417472,True,
9688e997-27dc-4649-88e9-6643b3730135,07084835-0852-4baa-a0cc-3119cc6c24d1,2026-08-12T17:25:27.762490+00:00,controlled_windows_x86_64_two_cpu,NATIVE_SOFTWARE,x86_64,"AMD64 Family 23 Model 96 Stepping 1, AuthenticAMD",12,7598,Windows-11-10.0.26200-SP0,N/A (prebuilt Python extension wheel),N/A,N/A (prebuilt wheel),pqcrypto,0.4.0,ML-KEM-512,decapsulation,32,46000,29417472,True,
9688e997-27dc-4649-88e9-6643b3730135,07084835-0852-4baa-a0cc-3119cc6c24d1,2026-08-12T17:25:27.762616+00:00,controlled_windows_x86_64_two_cpu,NATIVE_SOFTWARE,x86_64,"AMD64 Family 23 Model 96 Stepping 1, AuthenticAMD",12,7598,Windows-11-10.0.26200-SP0,N/A (prebuilt Python extension wheel),N/A,N/A (prebuilt wheel),pqcrypto,0.4.0,ML-KEM-512,keygen,33,164100,29417472,True,
9688e997-27dc-4649-88e9-6643b3730135,07084835-0852-4baa-a0cc-3119cc6c24d1,2026-08-12T17:25:27.763020+00:00,controlled_windows_x86_64_two_cpu,NATIVE_SOFTWARE,x86_64,"AMD64 Family 23 Model 96 Stepping 1, AuthenticAMD",12,7598,Windows-11-10.0.26200-SP0,N/A (prebuilt Python extension wheel),N/A,N/A (prebuilt wheel),pqcrypto,0.4.0,ML-KEM-512,encapsulation,33,194700,29417472,True,
9688e997-27dc-4649-88e9-6643b3730135,07084835-0852-4baa-a0cc-3119cc6c24d1,2026-08-12T17:25:27.763310+00:00,controlled_windows_x86_64_two_cpu,NATIVE_SOFTWARE,x86_64,"AMD64 Family 23 Model 96 Stepping 1, AuthenticAMD",12,7598,Windows-11-10.0.26200-SP0,N/A (prebuilt Python extension wheel),N/A,N/A (prebuilt wheel),pqcrypto,0.4.0,ML-KEM-512,decapsulation,33,45600,29417472,True,
9688e997-27dc-4649-88e9-6643b3730135,07084835-0852-4baa-a0cc-3119cc6c24d1,2026-08-12T17:25:27.763452+00:00,controlled_windows_x86_64_two_cpu,NATIVE_SOFTWARE,x86_64,"AMD64 Family 23 Model 96 Stepping 1, AuthenticAMD",12,7598,Windows-11-10.0.26200-SP0,N/A (prebuilt Python extension wheel),N/A,N/A (prebuilt wheel),pqcrypto,0.4.0,ML-KEM-512,keygen,34,170100,29417472,True,
9688e997-27dc-4649-88e9-6643b3730135,07084835-0852-4baa-a0cc-3119cc6c24d1,2026-08-12T17:25:27.763862+00:00,controlled_windows_x86_64_two_cpu,NATIVE_SOFTWARE,x86_64,"AMD64 Family 23 Model 96 Stepping 1, AuthenticAMD",12,7598,Windows-11-10.0.26200-SP0,N/A (prebuilt Python extension wheel),N/A,N/A (prebuilt wheel),pqcrypto,0.4.0,ML-KEM-512,encapsulation,34,148900,29417472,True,
9688e997-27dc-4649-88e9-6643b3730135,07084835-0852-4baa-a0cc-3119cc6c24d1,2026-08-12T17:25:27.764104+00:00,controlled_windows_x86_64_two_cpu,NATIVE_SOFTWARE,x86_64,"AMD64 Family 23 Model 96 Stepping 1, AuthenticAMD",12,7598,Windows-11-10.0.26200-SP0,N/A (prebuilt Python extension wheel),N/A,N/A (prebuilt wheel),pqcrypto,0.4.0,ML-KEM-512,decapsulation,34,45600,29417472,True,
9688e997-27dc-4649-88e9-6643b3730135,07084835-0852-4baa-a0cc-3119cc6c24d1,2026-08-12T17:25:27.764230+00:00,controlled_windows_x86_64_two_cpu,NATIVE_SOFTWARE,x86_64,"AMD64 Family 23 Model 96 Stepping 1, AuthenticAMD",12,7598,Windows-11-10.0.26200-SP0,N/A (prebuilt Python extension wheel),N/A,N/A (prebuilt wheel),pqcrypto,0.4.0,ML-KEM-512,keygen,35,154600,29417472,True,
9688e997-27dc-4649-88e9-6643b3730135,07084835-0852-4baa-a0cc-3119cc6c24d1,2026-08-12T17:25:27.764640+00:00,controlled_windows_x86_64_two_cpu,NATIVE_SOFTWARE,x86_64,"AMD64 Family 23 Model 96 Stepping 1, AuthenticAMD",12,7598,Windows-11-10.0.26200-SP0,N/A (prebuilt Python extension wheel),N/A,N/A (prebuilt wheel),pqcrypto,0.4.0,ML-KEM-512,encapsulation,35,154400,29417472,True,
9688e997-27dc-4649-88e9-6643b3730135,07084835-0852-4baa-a0cc-3119cc6c24d1,2026-08-12T17:25:27.764899+00:00,controlled_windows_x86_64_two_cpu,NATIVE_SOFTWARE,x86_64,"AMD64 Family 23 Model 96 Stepping 1, AuthenticAMD",12,7598,Windows-11-10.0.26200-SP0,N/A (prebuilt Python extension wheel),N/A,N/A (prebuilt wheel),pqcrypto,0.4.0,ML-KEM-512,decapsulation,35,46500,29421568,True,
9688e997-27dc-4649-88e9-6643b3730135,07084835-0852-4baa-a0cc-3119cc6c24d1,2026-08-12T17:25:27.765037+00:00,controlled_windows_x86_64_two_cpu,NATIVE_SOFTWARE,x86_64,"AMD64 Family 23 Model 96 Stepping 1, AuthenticAMD",12,7598,Windows-11-10.0.26200-SP0,N/A (prebuilt Python extension wheel),N/A,N/A (prebuilt wheel),pqcrypto,0.4.0,ML-KEM-512,keygen,36,155900,29421568,True,
9688e997-27dc-4649-88e9-6643b3730135,07084835-0852-4baa-a0cc-3119cc6c24d1,2026-08-12T17:25:27.765504+00:00,controlled_windows_x86_64_two_cpu,NATIVE_SOFTWARE,x86_64,"AMD64 Family 23 Model 96 Stepping 1, AuthenticAMD",12,7598,Windows-11-10.0.26200-SP0,N/A (prebuilt Python extension wheel),N/A,N/A (prebuilt wheel),pqcrypto,0.4.0,ML-KEM-512,encapsulation,36,151400,29425664,True,
9688e997-27dc-4649-88e9-6643b3730135,07084835-0852-4baa-a0cc-3119cc6c24d1,2026-08-12T17:25:27.765839+00:00,controlled_windows_x86_64_two_cpu,NATIVE_SOFTWARE,x86_64,"AMD64 Family 23 Model 96 Stepping 1, AuthenticAMD",12,7598,Windows-11-10.0.26200-SP0,N/A (prebuilt Python extension wheel),N/A,N/A (prebuilt wheel),pqcrypto,0.4.0,ML-KEM-512,decapsulation,36,47300,29429760,True,
9688e997-27dc-4649-88e9-6643b3730135,07084835-0852-4baa-a0cc-3119cc6c24d1,2026-08-12T17:25:27.766015+00:00,controlled_windows_x86_64_two_cpu,NATIVE_SOFTWARE,x86_64,"AMD64 Family 23 Model 96 Stepping 1, AuthenticAMD",12,7598,Windows-11-10.0.26200-SP0,N/A (prebuilt Python extension wheel),N/A,N/A (prebuilt wheel),pqcrypto,0.4.0,ML-KEM-512,keygen,37,215500,29429760,True,
9688e997-27dc-4649-88e9-6643b3730135,07084835-0852-4baa-a0cc-3119cc6c24d1,2026-08-12T17:25:27.766531+00:00,controlled_windows_x86_64_two_cpu,NATIVE_SOFTWARE,x86_64,"AMD64 Family 23 Model 96 Stepping 1, AuthenticAMD",12,7598,Windows-11-10.0.26200-SP0,N/A (prebuilt Python extension wheel),N/A,N/A (prebuilt wheel),pqcrypto,0.4.0,ML-KEM-512,encapsulation,37,163600,29429760,True,
9688e997-27dc-4649-88e9-6643b3730135,07084835-0852-4baa-a0cc-3119cc6c24d1,2026-08-12T17:25:27.766795+00:00,controlled_windows_x86_64_two_cpu,NATIVE_SOFTWARE,x86_64,"AMD64 Family 23 Model 96 Stepping 1, AuthenticAMD",12,7598,Windows-11-10.0.26200-SP0,N/A (prebuilt Python extension wheel),N/A,N/A (prebuilt wheel),pqcrypto,0.4.0,ML-KEM-512,decapsulation,37,46000,29458432,True,
9688e997-27dc-4649-88e9-6643b3730135,07084835-0852-4baa-a0cc-3119cc6c24d1,2026-08-12T17:25:27.766952+00:00,controlled_windows_x86_64_two_cpu,NATIVE_SOFTWARE,x86_64,"AMD64 Family 23 Model 96 Stepping 1, AuthenticAMD",12,7598,Windows-11-10.0.26200-SP0,N/A (prebuilt Python extension wheel),N/A,N/A (prebuilt wheel),pqcrypto,0.4.0,ML-KEM-512,keygen,38,438400,29462528,True,
9688e997-27dc-4649-88e9-6643b3730135,07084835-0852-4baa-a0cc-3119cc6c24d1,2026-08-12T17:25:27.767793+00:00,controlled_windows_x86_64_two_cpu,NATIVE_SOFTWARE,x86_64,"AMD64 Family 23 Model 96 Stepping 1, AuthenticAMD",12,7598,Windows-11-10.0.26200-SP0,N/A (prebuilt Python extension wheel),N/A,N/A (prebuilt wheel),pqcrypto,0.4.0,ML-KEM-512,encapsulation,38,160900,29462528,True,
9688e997-27dc-4649-88e9-6643b3730135,07084835-0852-4baa-a0cc-3119cc6c24d1,2026-08-12T17:25:27.768076+00:00,controlled_windows_x86_64_two_cpu,NATIVE_SOFTWARE,x86_64,"AMD64 Family 23 Model 96 Stepping 1, AuthenticAMD",12,7598,Windows-11-10.0.26200-SP0,N/A (prebuilt Python extension wheel),N/A,N/A (prebuilt wheel),pqcrypto,0.4.0,ML-KEM-512,decapsulation,38,48100,29466624,True,
9688e997-27dc-4649-88e9-6643b3730135,07084835-0852-4baa-a0cc-3119cc6c24d1,2026-08-12T17:25:27.768217+00:00,controlled_windows_x86_64_two_cpu,NATIVE_SOFTWARE,x86_64,"AMD64 Family 23 Model 96 Stepping 1, AuthenticAMD",12,7598,Windows-11-10.0.26200-SP0,N/A (prebuilt Python extension wheel),N/A,N/A (prebuilt wheel),pqcrypto,0.4.0,ML-KEM-512,keygen,39,166100,29466624,True,
9688e997-27dc-4649-88e9-6643b3730135,07084835-0852-4baa-a0cc-3119cc6c24d1,2026-08-12T17:25:27.768661+00:00,controlled_windows_x86_64_two_cpu,NATIVE_SOFTWARE,x86_64,"AMD64 Family 23 Model 96 Stepping 1, AuthenticAMD",12,7598,Windows-11-10.0.26200-SP0,N/A (prebuilt Python extension wheel),N/A,N/A (prebuilt wheel),pqcrypto,0.4.0,ML-KEM-512,encapsulation,39,161400,29470720,True,
9688e997-27dc-4649-88e9-6643b3730135,07084835-0852-4baa-a0cc-3119cc6c24d1,2026-08-12T17:25:27.768927+00:00,controlled_windows_x86_64_two_cpu,NATIVE_SOFTWARE,x86_64,"AMD64 Family 23 Model 96 Stepping 1, AuthenticAMD",12,7598,Windows-11-10.0.26200-SP0,N/A (prebuilt Python extension wheel),N/A,N/A (prebuilt wheel),pqcrypto,0.4.0,ML-KEM-512,decapsulation,39,46200,29474816,True,
9688e997-27dc-4649-88e9-6643b3730135,07084835-0852-4baa-a0cc-3119cc6c24d1,2026-08-12T17:25:27.769057+00:00,controlled_windows_x86_64_two_cpu,NATIVE_SOFTWARE,x86_64,"AMD64 Family 23 Model 96 Stepping 1, AuthenticAMD",12,7598,Windows-11-10.0.26200-SP0,N/A (prebuilt Python extension wheel),N/A,N/A (prebuilt wheel),pqcrypto,0.4.0,ML-KEM-512,keygen,40,156800,29478912,True,
9688e997-27dc-4649-88e9-6643b3730135,07084835-0852-4baa-a0cc-3119cc6c24d1,2026-08-12T17:25:27.769503+00:00,controlled_windows_x86_64_two_cpu,NATIVE_SOFTWARE,x86_64,"AMD64 Family 23 Model 96 Stepping 1, AuthenticAMD",12,7598,Windows-11-10.0.26200-SP0,N/A (prebuilt Python extension wheel),N/A,N/A (prebuilt wheel),pqcrypto,0.4.0,ML-KEM-512,encapsulation,40,153100,29478912,True,
9688e997-27dc-4649-88e9-6643b3730135,07084835-0852-4baa-a0cc-3119cc6c24d1,2026-08-12T17:25:27.769749+00:00,controlled_windows_x86_64_two_cpu,NATIVE_SOFTWARE,x86_64,"AMD64 Family 23 Model 96 Stepping 1, AuthenticAMD",12,7598,Windows-11-10.0.26200-SP0,N/A (prebuilt Python extension wheel),N/A,N/A (prebuilt wheel),pqcrypto,0.4.0,ML-KEM-512,decapsulation,40,48800,29483008,True,
9688e997-27dc-4649-88e9-6643b3730135,07084835-0852-4baa-a0cc-3119cc6c24d1,2026-08-12T17:25:27.769887+00:00,controlled_windows_x86_64_two_cpu,NATIVE_SOFTWARE,x86_64,"AMD64 Family 23 Model 96 Stepping 1, AuthenticAMD",12,7598,Windows-11-10.0.26200-SP0,N/A (prebuilt Python extension wheel),N/A,N/A (prebuilt wheel),pqcrypto,0.4.0,ML-KEM-512,keygen,41,166400,29491200,True,
9688e997-27dc-4649-88e9-6643b3730135,07084835-0852-4baa-a0cc-3119cc6c24d1,2026-08-12T17:25:27.770357+00:00,controlled_windows_x86_64_two_cpu,NATIVE_SOFTWARE,x86_64,"AMD64 Family 23 Model 96 Stepping 1, AuthenticAMD",12,7598,Windows-11-10.0.26200-SP0,N/A (prebuilt Python extension wheel),N/A,N/A (prebuilt wheel),pqcrypto,0.4.0,ML-KEM-512,encapsulation,41,214700,29499392,True,
9688e997-27dc-4649-88e9-6643b3730135,07084835-0852-4baa-a0cc-3119cc6c24d1,2026-08-12T17:25:27.771053+00:00,controlled_windows_x86_64_two_cpu,NATIVE_SOFTWARE,x86_64,"AMD64 Family 23 Model 96 Stepping 1, AuthenticAMD",12,7598,Windows-11-10.0.26200-SP0,N/A (prebuilt Python extension wheel),N/A,N/A (prebuilt wheel),pqcrypto,0.4.0,ML-KEM-512,decapsulation,41,48000,29499392,True,
9688e997-27dc-4649-88e9-6643b3730135,07084835-0852-4baa-a0cc-3119cc6c24d1,2026-08-12T17:25:27.771182+00:00,controlled_windows_x86_64_two_cpu,NATIVE_SOFTWARE,x86_64,"AMD64 Family 23 Model 96 Stepping 1, AuthenticAMD",12,7598,Windows-11-10.0.26200-SP0,N/A (prebuilt Python extension wheel),N/A,N/A (prebuilt wheel),pqcrypto,0.4.0,ML-KEM-512,keygen,42,169000,29499392,True,
9688e997-27dc-4649-88e9-6643b3730135,07084835-0852-4baa-a0cc-3119cc6c24d1,2026-08-12T17:25:27.771616+00:00,controlled_windows_x86_64_two_cpu,NATIVE_SOFTWARE,x86_64,"AMD64 Family 23 Model 96 Stepping 1, AuthenticAMD",12,7598,Windows-11-10.0.26200-SP0,N/A (prebuilt Python extension wheel),N/A,N/A (prebuilt wheel),pqcrypto,0.4.0,ML-KEM-512,encapsulation,42,150900,29499392,True,
9688e997-27dc-4649-88e9-6643b3730135,07084835-0852-4baa-a0cc-3119cc6c24d1,2026-08-12T17:25:27.771867+00:00,controlled_windows_x86_64_two_cpu,NATIVE_SOFTWARE,x86_64,"AMD64 Family 23 Model 96 Stepping 1, AuthenticAMD",12,7598,Windows-11-10.0.26200-SP0,N/A (prebuilt Python extension wheel),N/A,N/A (prebuilt wheel),pqcrypto,0.4.0,ML-KEM-512,decapsulation,42,46000,29499392,True,
9688e997-27dc-4649-88e9-6643b3730135,07084835-0852-4baa-a0cc-3119cc6c24d1,2026-08-12T17:25:27.771993+00:00,controlled_windows_x86_64_two_cpu,NATIVE_SOFTWARE,x86_64,"AMD64 Family 23 Model 96 Stepping 1, AuthenticAMD",12,7598,Windows-11-10.0.26200-SP0,N/A (prebuilt Python extension wheel),N/A,N/A (prebuilt wheel),pqcrypto,0.4.0,ML-KEM-512,keygen,43,155300,29499392,True,
9688e997-27dc-4649-88e9-6643b3730135,07084835-0852-4baa-a0cc-3119cc6c24d1,2026-08-12T17:25:27.772445+00:00,controlled_windows_x86_64_two_cpu,NATIVE_SOFTWARE,x86_64,"AMD64 Family 23 Model 96 Stepping 1, AuthenticAMD",12,7598,Windows-11-10.0.26200-SP0,N/A (prebuilt Python extension wheel),N/A,N/A (prebuilt wheel),pqcrypto,0.4.0,ML-KEM-512,encapsulation,43,155700,29499392,True,
9688e997-27dc-4649-88e9-6643b3730135,07084835-0852-4baa-a0cc-3119cc6c24d1,2026-08-12T17:25:27.772797+00:00,controlled_windows_x86_64_two_cpu,NATIVE_SOFTWARE,x86_64,"AMD64 Family 23 Model 96 Stepping 1, AuthenticAMD",12,7598,Windows-11-10.0.26200-SP0,N/A (prebuilt Python extension wheel),N/A,N/A (prebuilt wheel),pqcrypto,0.4.0,ML-KEM-512,decapsulation,43,46800,29499392,True,
9688e997-27dc-4649-88e9-6643b3730135,07084835-0852-4baa-a0cc-3119cc6c24d1,2026-08-12T17:25:27.772946+00:00,controlled_windows_x86_64_two_cpu,NATIVE_SOFTWARE,x86_64,"AMD64 Family 23 Model 96 Stepping 1, AuthenticAMD",12,7598,Windows-11-10.0.26200-SP0,N/A (prebuilt Python extension wheel),N/A,N/A (prebuilt wheel),pqcrypto,0.4.0,ML-KEM-512,keygen,44,211000,29499392,True,
9688e997-27dc-4649-88e9-6643b3730135,07084835-0852-4baa-a0cc-3119cc6c24d1,2026-08-12T17:25:27.773523+00:00,controlled_windows_x86_64_two_cpu,NATIVE_SOFTWARE,x86_64,"AMD64 Family 23 Model 96 Stepping 1, AuthenticAMD",12,7598,Windows-11-10.0.26200-SP0,N/A (prebuilt Python extension wheel),N/A,N/A (prebuilt wheel),pqcrypto,0.4.0,ML-KEM-512,encapsulation,44,446400,29499392,True,
9688e997-27dc-4649-88e9-6643b3730135,07084835-0852-4baa-a0cc-3119cc6c24d1,2026-08-12T17:25:27.774183+00:00,controlled_windows_x86_64_two_cpu,NATIVE_SOFTWARE,x86_64,"AMD64 Family 23 Model 96 Stepping 1, AuthenticAMD",12,7598,Windows-11-10.0.26200-SP0,N/A (prebuilt Python extension wheel),N/A,N/A (prebuilt wheel),pqcrypto,0.4.0,ML-KEM-512,decapsulation,44,56200,29499392,True,
9688e997-27dc-4649-88e9-6643b3730135,07084835-0852-4baa-a0cc-3119cc6c24d1,2026-08-12T17:25:27.774336+00:00,controlled_windows_x86_64_two_cpu,NATIVE_SOFTWARE,x86_64,"AMD64 Family 23 Model 96 Stepping 1, AuthenticAMD",12,7598,Windows-11-10.0.26200-SP0,N/A (prebuilt Python extension wheel),N/A,N/A (prebuilt wheel),pqcrypto,0.4.0,ML-KEM-512,keygen,45,322900,29499392,True,
9688e997-27dc-4649-88e9-6643b3730135,07084835-0852-4baa-a0cc-3119cc6c24d1,2026-08-12T17:25:27.775008+00:00,controlled_windows_x86_64_two_cpu,NATIVE_SOFTWARE,x86_64,"AMD64 Family 23 Model 96 Stepping 1, AuthenticAMD",12,7598,Windows-11-10.0.26200-SP0,N/A (prebuilt Python extension wheel),N/A,N/A (prebuilt wheel),pqcrypto,0.4.0,ML-KEM-512,encapsulation,45,167800,29499392,True,
9688e997-27dc-4649-88e9-6643b3730135,07084835-0852-4baa-a0cc-3119cc6c24d1,2026-08-12T17:25:27.775332+00:00,controlled_windows_x86_64_two_cpu,NATIVE_SOFTWARE,x86_64,"AMD64 Family 23 Model 96 Stepping 1, AuthenticAMD",12,7598,Windows-11-10.0.26200-SP0,N/A (prebuilt Python extension wheel),N/A,N/A (prebuilt wheel),pqcrypto,0.4.0,ML-KEM-512,decapsulation,45,49300,29499392,True,
9688e997-27dc-4649-88e9-6643b3730135,07084835-0852-4baa-a0cc-3119cc6c24d1,2026-08-12T17:25:27.775505+00:00,controlled_windows_x86_64_two_cpu,NATIVE_SOFTWARE,x86_64,"AMD64 Family 23 Model 96 Stepping 1, AuthenticAMD",12,7598,Windows-11-10.0.26200-SP0,N/A (prebuilt Python extension wheel),N/A,N/A (prebuilt wheel),pqcrypto,0.4.0,ML-KEM-512,keygen,46,211100,29499392,True,
9688e997-27dc-4649-88e9-6643b3730135,07084835-0852-4baa-a0cc-3119cc6c24d1,2026-08-12T17:25:27.775998+00:00,controlled_windows_x86_64_two_cpu,NATIVE_SOFTWARE,x86_64,"AMD64 Family 23 Model 96 Stepping 1, AuthenticAMD",12,7598,Windows-11-10.0.26200-SP0,N/A (prebuilt Python extension wheel),N/A,N/A (prebuilt wheel),pqcrypto,0.4.0,ML-KEM-512,encapsulation,46,167000,29499392,True,
9688e997-27dc-4649-88e9-6643b3730135,07084835-0852-4baa-a0cc-3119cc6c24d1,2026-08-12T17:25:27.776269+00:00,controlled_windows_x86_64_two_cpu,NATIVE_SOFTWARE,x86_64,"AMD64 Family 23 Model 96 Stepping 1, AuthenticAMD",12,7598,Windows-11-10.0.26200-SP0,N/A (prebuilt Python extension wheel),N/A,N/A (prebuilt wheel),pqcrypto,0.4.0,ML-KEM-512,decapsulation,46,46500,29499392,True,
9688e997-27dc-4649-88e9-6643b3730135,07084835-0852-4baa-a0cc-3119cc6c24d1,2026-08-12T17:25:27.776397+00:00,controlled_windows_x86_64_two_cpu,NATIVE_SOFTWARE,x86_64,"AMD64 Family 23 Model 96 Stepping 1, AuthenticAMD",12,7598,Windows-11-10.0.26200-SP0,N/A (prebuilt Python extension wheel),N/A,N/A (prebuilt wheel),pqcrypto,0.4.0,ML-KEM-512,keygen,47,233900,29499392,True,
9688e997-27dc-4649-88e9-6643b3730135,07084835-0852-4baa-a0cc-3119cc6c24d1,2026-08-12T17:25:27.776910+00:00,controlled_windows_x86_64_two_cpu,NATIVE_SOFTWARE,x86_64,"AMD64 Family 23 Model 96 Stepping 1, AuthenticAMD",12,7598,Windows-11-10.0.26200-SP0,N/A (prebuilt Python extension wheel),N/A,N/A (prebuilt wheel),pqcrypto,0.4.0,ML-KEM-512,encapsulation,47,162300,29499392,True,
9688e997-27dc-4649-88e9-6643b3730135,07084835-0852-4baa-a0cc-3119cc6c24d1,2026-08-12T17:25:27.777201+00:00,controlled_windows_x86_64_two_cpu,NATIVE_SOFTWARE,x86_64,"AMD64 Family 23 Model 96 Stepping 1, AuthenticAMD",12,7598,Windows-11-10.0.26200-SP0,N/A (prebuilt Python extension wheel),N/A,N/A (prebuilt wheel),pqcrypto,0.4.0,ML-KEM-512,decapsulation,47,50300,29499392,True,
9688e997-27dc-4649-88e9-6643b3730135,07084835-0852-4baa-a0cc-3119cc6c24d1,2026-08-12T17:25:27.777345+00:00,controlled_windows_x86_64_two_cpu,NATIVE_SOFTWARE,x86_64,"AMD64 Family 23 Model 96 Stepping 1, AuthenticAMD",12,7598,Windows-11-10.0.26200-SP0,N/A (prebuilt Python extension wheel),N/A,N/A (prebuilt wheel),pqcrypto,0.4.0,ML-KEM-512,keygen,48,223800,29499392,True,
9688e997-27dc-4649-88e9-6643b3730135,07084835-0852-4baa-a0cc-3119cc6c24d1,2026-08-12T17:25:27.777898+00:00,controlled_windows_x86_64_two_cpu,NATIVE_SOFTWARE,x86_64,"AMD64 Family 23 Model 96 Stepping 1, AuthenticAMD",12,7598,Windows-11-10.0.26200-SP0,N/A (prebuilt Python extension wheel),N/A,N/A (prebuilt wheel),pqcrypto,0.4.0,ML-KEM-512,encapsulation,48,154400,29499392,True,
9688e997-27dc-4649-88e9-6643b3730135,07084835-0852-4baa-a0cc-3119cc6c24d1,2026-08-12T17:25:27.778153+00:00,controlled_windows_x86_64_two_cpu,NATIVE_SOFTWARE,x86_64,"AMD64 Family 23 Model 96 Stepping 1, AuthenticAMD",12,7598,Windows-11-10.0.26200-SP0,N/A (prebuilt Python extension wheel),N/A,N/A (prebuilt wheel),pqcrypto,0.4.0,ML-KEM-512,decapsulation,48,47400,29499392,True,
9688e997-27dc-4649-88e9-6643b3730135,07084835-0852-4baa-a0cc-3119cc6c24d1,2026-08-12T17:25:27.778321+00:00,controlled_windows_x86_64_two_cpu,NATIVE_SOFTWARE,x86_64,"AMD64 Family 23 Model 96 Stepping 1, AuthenticAMD",12,7598,Windows-11-10.0.26200-SP0,N/A (prebuilt Python extension wheel),N/A,N/A (prebuilt wheel),pqcrypto,0.4.0,ML-KEM-512,keygen,49,191500,29499392,True,
9688e997-27dc-4649-88e9-6643b3730135,07084835-0852-4baa-a0cc-3119cc6c24d1,2026-08-12T17:25:27.778763+00:00,controlled_windows_x86_64_two_cpu,NATIVE_SOFTWARE,x86_64,"AMD64 Family 23 Model 96 Stepping 1, AuthenticAMD",12,7598,Windows-11-10.0.26200-SP0,N/A (prebuilt Python extension wheel),N/A,N/A (prebuilt wheel),pqcrypto,0.4.0,ML-KEM-512,encapsulation,49,152400,29499392,True,
9688e997-27dc-4649-88e9-6643b3730135,07084835-0852-4baa-a0cc-3119cc6c24d1,2026-08-12T17:25:27.779012+00:00,controlled_windows_x86_64_two_cpu,NATIVE_SOFTWARE,x86_64,"AMD64 Family 23 Model 96 Stepping 1, AuthenticAMD",12,7598,Windows-11-10.0.26200-SP0,N/A (prebuilt Python extension wheel),N/A,N/A (prebuilt wheel),pqcrypto,0.4.0,ML-KEM-512,decapsulation,49,45600,29499392,True,
9688e997-27dc-4649-88e9-6643b3730135,07084835-0852-4baa-a0cc-3119cc6c24d1,2026-08-12T17:25:27.779136+00:00,controlled_windows_x86_64_two_cpu,NATIVE_SOFTWARE,x86_64,"AMD64 Family 23 Model 96 Stepping 1, AuthenticAMD",12,7598,Windows-11-10.0.26200-SP0,N/A (prebuilt Python extension wheel),N/A,N/A (prebuilt wheel),pqcrypto,0.4.0,ML-KEM-512,keygen,50,172600,29499392,True,
9688e997-27dc-4649-88e9-6643b3730135,07084835-0852-4baa-a0cc-3119cc6c24d1,2026-08-12T17:25:27.779593+00:00,controlled_windows_x86_64_two_cpu,NATIVE_SOFTWARE,x86_64,"AMD64 Family 23 Model 96 Stepping 1, AuthenticAMD",12,7598,Windows-11-10.0.26200-SP0,N/A (prebuilt Python extension wheel),N/A,N/A (prebuilt wheel),pqcrypto,0.4.0,ML-KEM-512,encapsulation,50,238700,29499392,True,
9688e997-27dc-4649-88e9-6643b3730135,07084835-0852-4baa-a0cc-3119cc6c24d1,2026-08-12T17:25:27.779960+00:00,controlled_windows_x86_64_two_cpu,NATIVE_SOFTWARE,x86_64,"AMD64 Family 23 Model 96 Stepping 1, AuthenticAMD",12,7598,Windows-11-10.0.26200-SP0,N/A (prebuilt Python extension wheel),N/A,N/A (prebuilt wheel),pqcrypto,0.4.0,ML-KEM-512,decapsulation,50,68200,29499392,True,
9688e997-27dc-4649-88e9-6643b3730135,07084835-0852-4baa-a0cc-3119cc6c24d1,2026-08-12T17:25:27.780131+00:00,controlled_windows_x86_64_two_cpu,NATIVE_SOFTWARE,x86_64,"AMD64 Family 23 Model 96 Stepping 1, AuthenticAMD",12,7598,Windows-11-10.0.26200-SP0,N/A (prebuilt Python extension wheel),N/A,N/A (prebuilt wheel),pqcrypto,0.4.0,ML-KEM-512,keygen,51,211000,29499392,True,
9688e997-27dc-4649-88e9-6643b3730135,07084835-0852-4baa-a0cc-3119cc6c24d1,2026-08-12T17:25:27.780640+00:00,controlled_windows_x86_64_two_cpu,NATIVE_SOFTWARE,x86_64,"AMD64 Family 23 Model 96 Stepping 1, AuthenticAMD",12,7598,Windows-11-10.0.26200-SP0,N/A (prebuilt Python extension wheel),N/A,N/A (prebuilt wheel),pqcrypto,0.4.0,ML-KEM-512,encapsulation,51,162400,29499392,True,
9688e997-27dc-4649-88e9-6643b3730135,07084835-0852-4baa-a0cc-3119cc6c24d1,2026-08-12T17:25:27.780911+00:00,controlled_windows_x86_64_two_cpu,NATIVE_SOFTWARE,x86_64,"AMD64 Family 23 Model 96 Stepping 1, AuthenticAMD",12,7598,Windows-11-10.0.26200-SP0,N/A (prebuilt Python extension wheel),N/A,N/A (prebuilt wheel),pqcrypto,0.4.0,ML-KEM-512,decapsulation,51,49100,29503488,True,
9688e997-27dc-4649-88e9-6643b3730135,07084835-0852-4baa-a0cc-3119cc6c24d1,2026-08-12T17:25:27.781311+00:00,controlled_windows_x86_64_two_cpu,NATIVE_SOFTWARE,x86_64,"AMD64 Family 23 Model 96 Stepping 1, AuthenticAMD",12,7598,Windows-11-10.0.26200-SP0,N/A (prebuilt Python extension wheel),N/A,N/A (prebuilt wheel),pqcrypto,0.4.0,ML-KEM-512,keygen,52,305400,29503488,True,
9688e997-27dc-4649-88e9-6643b3730135,07084835-0852-4baa-a0cc-3119cc6c24d1,2026-08-12T17:25:27.781887+00:00,controlled_windows_x86_64_two_cpu,NATIVE_SOFTWARE,x86_64,"AMD64 Family 23 Model 96 Stepping 1, AuthenticAMD",12,7598,Windows-11-10.0.26200-SP0,N/A (prebuilt Python extension wheel),N/A,N/A (prebuilt wheel),pqcrypto,0.4.0,ML-KEM-512,encapsulation,52,167100,29503488,True,
9688e997-27dc-4649-88e9-6643b3730135,07084835-0852-4baa-a0cc-3119cc6c24d1,2026-08-12T17:25:27.782166+00:00,controlled_windows_x86_64_two_cpu,NATIVE_SOFTWARE,x86_64,"AMD64 Family 23 Model 96 Stepping 1, AuthenticAMD",12,7598,Windows-11-10.0.26200-SP0,N/A (prebuilt Python extension wheel),N/A,N/A (prebuilt wheel),pqcrypto,0.4.0,ML-KEM-512,decapsulation,52,50200,29503488,True,
9688e997-27dc-4649-88e9-6643b3730135,07084835-0852-4baa-a0cc-3119cc6c24d1,2026-08-12T17:25:27.782317+00:00,controlled_windows_x86_64_two_cpu,NATIVE_SOFTWARE,x86_64,"AMD64 Family 23 Model 96 Stepping 1, AuthenticAMD",12,7598,Windows-11-10.0.26200-SP0,N/A (prebuilt Python extension wheel),N/A,N/A (prebuilt wheel),pqcrypto,0.4.0,ML-KEM-512,keygen,53,208100,29503488,True,
9688e997-27dc-4649-88e9-6643b3730135,07084835-0852-4baa-a0cc-3119cc6c24d1,2026-08-12T17:25:27.782850+00:00,controlled_windows_x86_64_two_cpu,NATIVE_SOFTWARE,x86_64,"AMD64 Family 23 Model 96 Stepping 1, AuthenticAMD",12,7598,Windows-11-10.0.26200-SP0,N/A (prebuilt Python extension wheel),N/A,N/A (prebuilt wheel),pqcrypto,0.4.0,ML-KEM-512,encapsulation,53,159000,29503488,True,
9688e997-27dc-4649-88e9-6643b3730135,07084835-0852-4baa-a0cc-3119cc6c24d1,2026-08-12T17:25:27.783107+00:00,controlled_windows_x86_64_two_cpu,NATIVE_SOFTWARE,x86_64,"AMD64 Family 23 Model 96 Stepping 1, AuthenticAMD",12,7598,Windows-11-10.0.26200-SP0,N/A (prebuilt Python extension wheel),N/A,N/A (prebuilt wheel),pqcrypto,0.4.0,ML-KEM-512,decapsulation,53,46000,29507584,True,
9688e997-27dc-4649-88e9-6643b3730135,07084835-0852-4baa-a0cc-3119cc6c24d1,2026-08-12T17:25:27.783247+00:00,controlled_windows_x86_64_two_cpu,NATIVE_SOFTWARE,x86_64,"AMD64 Family 23 Model 96 Stepping 1, AuthenticAMD",12,7598,Windows-11-10.0.26200-SP0,N/A (prebuilt Python extension wheel),N/A,N/A (prebuilt wheel),pqcrypto,0.4.0,ML-KEM-512,keygen,54,196000,29511680,True,
9688e997-27dc-4649-88e9-6643b3730135,07084835-0852-4baa-a0cc-3119cc6c24d1,2026-08-12T17:25:27.783702+00:00,controlled_windows_x86_64_two_cpu,NATIVE_SOFTWARE,x86_64,"AMD64 Family 23 Model 96 Stepping 1, AuthenticAMD",12,7598,Windows-11-10.0.26200-SP0,N/A (prebuilt Python extension wheel),N/A,N/A (prebuilt wheel),pqcrypto,0.4.0,ML-KEM-512,encapsulation,54,153000,29519872,True,
9688e997-27dc-4649-88e9-6643b3730135,07084835-0852-4baa-a0cc-3119cc6c24d1,2026-08-12T17:25:27.784609+00:00,controlled_windows_x86_64_two_cpu,NATIVE_SOFTWARE,x86_64,"AMD64 Family 23 Model 96 Stepping 1, AuthenticAMD",12,7598,Windows-11-10.0.26200-SP0,N/A (prebuilt Python extension wheel),N/A,N/A (prebuilt wheel),pqcrypto,0.4.0,ML-KEM-512,decapsulation,54,47600,29519872,True,
9688e997-27dc-4649-88e9-6643b3730135,07084835-0852-4baa-a0cc-3119cc6c24d1,2026-08-12T17:25:27.784740+00:00,controlled_windows_x86_64_two_cpu,NATIVE_SOFTWARE,x86_64,"AMD64 Family 23 Model 96 Stepping 1, AuthenticAMD",12,7598,Windows-11-10.0.26200-SP0,N/A (prebuilt Python extension wheel),N/A,N/A (prebuilt wheel),pqcrypto,0.4.0,ML-KEM-512,keygen,55,234800,29519872,True,
9688e997-27dc-4649-88e9-6643b3730135,07084835-0852-4baa-a0cc-3119cc6c24d1,2026-08-12T17:25:27.785219+00:00,controlled_windows_x86_64_two_cpu,NATIVE_SOFTWARE,x86_64,"AMD64 Family 23 Model 96 Stepping 1, AuthenticAMD",12,7598,Windows-11-10.0.26200-SP0,N/A (prebuilt Python extension wheel),N/A,N/A (prebuilt wheel),pqcrypto,0.4.0,ML-KEM-512,encapsulation,55,152800,29519872,True,
9688e997-27dc-4649-88e9-6643b3730135,07084835-0852-4baa-a0cc-3119cc6c24d1,2026-08-12T17:25:27.785482+00:00,controlled_windows_x86_64_two_cpu,NATIVE_SOFTWARE,x86_64,"AMD64 Family 23 Model 96 Stepping 1, AuthenticAMD",12,7598,Windows-11-10.0.26200-SP0,N/A (prebuilt Python extension wheel),N/A,N/A (prebuilt wheel),pqcrypto,0.4.0,ML-KEM-512,decapsulation,55,46200,29519872,True,
9688e997-27dc-4649-88e9-6643b3730135,07084835-0852-4baa-a0cc-3119cc6c24d1,2026-08-12T17:25:27.785607+00:00,controlled_windows_x86_64_two_cpu,NATIVE_SOFTWARE,x86_64,"AMD64 Family 23 Model 96 Stepping 1, AuthenticAMD",12,7598,Windows-11-10.0.26200-SP0,N/A (prebuilt Python extension wheel),N/A,N/A (prebuilt wheel),pqcrypto,0.4.0,ML-KEM-512,keygen,56,157300,29519872,True,
9688e997-27dc-4649-88e9-6643b3730135,07084835-0852-4baa-a0cc-3119cc6c24d1,2026-08-12T17:25:27.786016+00:00,controlled_windows_x86_64_two_cpu,NATIVE_SOFTWARE,x86_64,"AMD64 Family 23 Model 96 Stepping 1, AuthenticAMD",12,7598,Windows-11-10.0.26200-SP0,N/A (prebuilt Python extension wheel),N/A,N/A (prebuilt wheel),pqcrypto,0.4.0,ML-KEM-512,encapsulation,56,188400,29519872,True,
9688e997-27dc-4649-88e9-6643b3730135,07084835-0852-4baa-a0cc-3119cc6c24d1,2026-08-12T17:25:27.786324+00:00,controlled_windows_x86_64_two_cpu,NATIVE_SOFTWARE,x86_64,"AMD64 Family 23 Model 96 Stepping 1, AuthenticAMD",12,7598,Windows-11-10.0.26200-SP0,N/A (prebuilt Python extension wheel),N/A,N/A (prebuilt wheel),pqcrypto,0.4.0,ML-KEM-512,decapsulation,56,47200,29519872,True,
9688e997-27dc-4649-88e9-6643b3730135,07084835-0852-4baa-a0cc-3119cc6c24d1,2026-08-12T17:25:27.786486+00:00,controlled_windows_x86_64_two_cpu,NATIVE_SOFTWARE,x86_64,"AMD64 Family 23 Model 96 Stepping 1, AuthenticAMD",12,7598,Windows-11-10.0.26200-SP0,N/A (prebuilt Python extension wheel),N/A,N/A (prebuilt wheel),pqcrypto,0.4.0,ML-KEM-512,keygen,57,260600,29519872,True,
9688e997-27dc-4649-88e9-6643b3730135,07084835-0852-4baa-a0cc-3119cc6c24d1,2026-08-12T17:25:27.787058+00:00,controlled_windows_x86_64_two_cpu,NATIVE_SOFTWARE,x86_64,"AMD64 Family 23 Model 96 Stepping 1, AuthenticAMD",12,7598,Windows-11-10.0.26200-SP0,N/A (prebuilt Python extension wheel),N/A,N/A (prebuilt wheel),pqcrypto,0.4.0,ML-KEM-512,encapsulation,57,191100,29519872,True,
9688e997-27dc-4649-88e9-6643b3730135,07084835-0852-4baa-a0cc-3119cc6c24d1,2026-08-12T17:25:27.787402+00:00,controlled_windows_x86_64_two_cpu,NATIVE_SOFTWARE,x86_64,"AMD64 Family 23 Model 96 Stepping 1, AuthenticAMD",12,7598,Windows-11-10.0.26200-SP0,N/A (prebuilt Python extension wheel),N/A,N/A (prebuilt wheel),pqcrypto,0.4.0,ML-KEM-512,decapsulation,57,76300,29519872,True,
9688e997-27dc-4649-88e9-6643b3730135,07084835-0852-4baa-a0cc-3119cc6c24d1,2026-08-12T17:25:27.787566+00:00,controlled_windows_x86_64_two_cpu,NATIVE_SOFTWARE,x86_64,"AMD64 Family 23 Model 96 Stepping 1, AuthenticAMD",12,7598,Windows-11-10.0.26200-SP0,N/A (prebuilt Python extension wheel),N/A,N/A (prebuilt wheel),pqcrypto,0.4.0,ML-KEM-512,keygen,58,173000,29519872,True,
9688e997-27dc-4649-88e9-6643b3730135,07084835-0852-4baa-a0cc-3119cc6c24d1,2026-08-12T17:25:27.788368+00:00,controlled_windows_x86_64_two_cpu,NATIVE_SOFTWARE,x86_64,"AMD64 Family 23 Model 96 Stepping 1, AuthenticAMD",12,7598,Windows-11-10.0.26200-SP0,N/A (prebuilt Python extension wheel),N/A,N/A (prebuilt wheel),pqcrypto,0.4.0,ML-KEM-512,encapsulation,58,337400,29519872,True,
9688e997-27dc-4649-88e9-6643b3730135,07084835-0852-4baa-a0cc-3119cc6c24d1,2026-08-12T17:25:27.788935+00:00,controlled_windows_x86_64_two_cpu,NATIVE_SOFTWARE,x86_64,"AMD64 Family 23 Model 96 Stepping 1, AuthenticAMD",12,7598,Windows-11-10.0.26200-SP0,N/A (prebuilt Python extension wheel),N/A,N/A (prebuilt wheel),pqcrypto,0.4.0,ML-KEM-512,decapsulation,58,50600,29519872,True,
9688e997-27dc-4649-88e9-6643b3730135,07084835-0852-4baa-a0cc-3119cc6c24d1,2026-08-12T17:25:27.789119+00:00,controlled_windows_x86_64_two_cpu,NATIVE_SOFTWARE,x86_64,"AMD64 Family 23 Model 96 Stepping 1, AuthenticAMD",12,7598,Windows-11-10.0.26200-SP0,N/A (prebuilt Python extension wheel),N/A,N/A (prebuilt wheel),pqcrypto,0.4.0,ML-KEM-512,keygen,59,428600,29519872,True,
9688e997-27dc-4649-88e9-6643b3730135,07084835-0852-4baa-a0cc-3119cc6c24d1,2026-08-12T17:25:27.789960+00:00,controlled_windows_x86_64_two_cpu,NATIVE_SOFTWARE,x86_64,"AMD64 Family 23 Model 96 Stepping 1, AuthenticAMD",12,7598,Windows-11-10.0.26200-SP0,N/A (prebuilt Python extension wheel),N/A,N/A (prebuilt wheel),pqcrypto,0.4.0,ML-KEM-512,encapsulation,59,199800,29519872,True,
9688e997-27dc-4649-88e9-6643b3730135,07084835-0852-4baa-a0cc-3119cc6c24d1,2026-08-12T17:25:27.790275+00:00,controlled_windows_x86_64_two_cpu,NATIVE_SOFTWARE,x86_64,"AMD64 Family 23 Model 96 Stepping 1, AuthenticAMD",12,7598,Windows-11-10.0.26200-SP0,N/A (prebuilt Python extension wheel),N/A,N/A (prebuilt wheel),pqcrypto,0.4.0,ML-KEM-512,decapsulation,59,47700,29519872,True,
9688e997-27dc-4649-88e9-6643b3730135,07084835-0852-4baa-a0cc-3119cc6c24d1,2026-08-12T17:25:27.790467+00:00,controlled_windows_x86_64_two_cpu,NATIVE_SOFTWARE,x86_64,"AMD64 Family 23 Model 96 Stepping 1, AuthenticAMD",12,7598,Windows-11-10.0.26200-SP0,N/A (prebuilt Python extension wheel),N/A,N/A (prebuilt wheel),pqcrypto,0.4.0,ML-KEM-512,keygen,60,164900,29519872,True,
9688e997-27dc-4649-88e9-6643b3730135,07084835-0852-4baa-a0cc-3119cc6c24d1,2026-08-12T17:25:27.790896+00:00,controlled_windows_x86_64_two_cpu,NATIVE_SOFTWARE,x86_64,"AMD64 Family 23 Model 96 Stepping 1, AuthenticAMD",12,7598,Windows-11-10.0.26200-SP0,N/A (prebuilt Python extension wheel),N/A,N/A (prebuilt wheel),pqcrypto,0.4.0,ML-KEM-512,encapsulation,60,175100,29519872,True,
9688e997-27dc-4649-88e9-6643b3730135,07084835-0852-4baa-a0cc-3119cc6c24d1,2026-08-12T17:25:27.791169+00:00,controlled_windows_x86_64_two_cpu,NATIVE_SOFTWARE,x86_64,"AMD64 Family 23 Model 96 Stepping 1, AuthenticAMD",12,7598,Windows-11-10.0.26200-SP0,N/A (prebuilt Python extension wheel),N/A,N/A (prebuilt wheel),pqcrypto,0.4.0,ML-KEM-512,decapsulation,60,46400,29519872,True,
9688e997-27dc-4649-88e9-6643b3730135,07084835-0852-4baa-a0cc-3119cc6c24d1,2026-08-12T17:25:27.791297+00:00,controlled_windows_x86_64_two_cpu,NATIVE_SOFTWARE,x86_64,"AMD64 Family 23 Model 96 Stepping 1, AuthenticAMD",12,7598,Windows-11-10.0.26200-SP0,N/A (prebuilt Python extension wheel),N/A,N/A (prebuilt wheel),pqcrypto,0.4.0,ML-KEM-512,keygen,61,198000,29519872,True,
9688e997-27dc-4649-88e9-6643b3730135,07084835-0852-4baa-a0cc-3119cc6c24d1,2026-08-12T17:25:27.791819+00:00,controlled_windows_x86_64_two_cpu,NATIVE_SOFTWARE,x86_64,"AMD64 Family 23 Model 96 Stepping 1, AuthenticAMD",12,7598,Windows-11-10.0.26200-SP0,N/A (prebuilt Python extension wheel),N/A,N/A (prebuilt wheel),pqcrypto,0.4.0,ML-KEM-512,encapsulation,61,154500,29519872,True,
9688e997-27dc-4649-88e9-6643b3730135,07084835-0852-4baa-a0cc-3119cc6c24d1,2026-08-12T17:25:27.792069+00:00,controlled_windows_x86_64_two_cpu,NATIVE_SOFTWARE,x86_64,"AMD64 Family 23 Model 96 Stepping 1, AuthenticAMD",12,7598,Windows-11-10.0.26200-SP0,N/A (prebuilt Python extension wheel),N/A,N/A (prebuilt wheel),pqcrypto,0.4.0,ML-KEM-512,decapsulation,61,46400,29519872,True,
9688e997-27dc-4649-88e9-6643b3730135,07084835-0852-4baa-a0cc-3119cc6c24d1,2026-08-12T17:25:27.792195+00:00,controlled_windows_x86_64_two_cpu,NATIVE_SOFTWARE,x86_64,"AMD64 Family 23 Model 96 Stepping 1, AuthenticAMD",12,7598,Windows-11-10.0.26200-SP0,N/A (prebuilt Python extension wheel),N/A,N/A (prebuilt wheel),pqcrypto,0.4.0,ML-KEM-512,keygen,62,170200,29519872,True,
9688e997-27dc-4649-88e9-6643b3730135,07084835-0852-4baa-a0cc-3119cc6c24d1,2026-08-12T17:25:27.792626+00:00,controlled_windows_x86_64_two_cpu,NATIVE_SOFTWARE,x86_64,"AMD64 Family 23 Model 96 Stepping 1, AuthenticAMD",12,7598,Windows-11-10.0.26200-SP0,N/A (prebuilt Python extension wheel),N/A,N/A (prebuilt wheel),pqcrypto,0.4.0,ML-KEM-512,encapsulation,62,153300,29519872,True,
9688e997-27dc-4649-88e9-6643b3730135,07084835-0852-4baa-a0cc-3119cc6c24d1,2026-08-12T17:25:27.792873+00:00,controlled_windows_x86_64_two_cpu,NATIVE_SOFTWARE,x86_64,"AMD64 Family 23 Model 96 Stepping 1, AuthenticAMD",12,7598,Windows-11-10.0.26200-SP0,N/A (prebuilt Python extension wheel),N/A,N/A (prebuilt wheel),pqcrypto,0.4.0,ML-KEM-512,decapsulation,62,45600,29519872,True,
9688e997-27dc-4649-88e9-6643b3730135,07084835-0852-4baa-a0cc-3119cc6c24d1,2026-08-12T17:25:27.792997+00:00,controlled_windows_x86_64_two_cpu,NATIVE_SOFTWARE,x86_64,"AMD64 Family 23 Model 96 Stepping 1, AuthenticAMD",12,7598,Windows-11-10.0.26200-SP0,N/A (prebuilt Python extension wheel),N/A,N/A (prebuilt wheel),pqcrypto,0.4.0,ML-KEM-512,keygen,63,153500,29519872,True,
9688e997-27dc-4649-88e9-6643b3730135,07084835-0852-4baa-a0cc-3119cc6c24d1,2026-08-12T17:25:27.793443+00:00,controlled_windows_x86_64_two_cpu,NATIVE_SOFTWARE,x86_64,"AMD64 Family 23 Model 96 Stepping 1, AuthenticAMD",12,7598,Windows-11-10.0.26200-SP0,N/A (prebuilt Python extension wheel),N/A,N/A (prebuilt wheel),pqcrypto,0.4.0,ML-KEM-512,encapsulation,63,230900,29519872,True,
9688e997-27dc-4649-88e9-6643b3730135,07084835-0852-4baa-a0cc-3119cc6c24d1,2026-08-12T17:25:27.793795+00:00,controlled_windows_x86_64_two_cpu,NATIVE_SOFTWARE,x86_64,"AMD64 Family 23 Model 96 Stepping 1, AuthenticAMD",12,7598,Windows-11-10.0.26200-SP0,N/A (prebuilt Python extension wheel),N/A,N/A (prebuilt wheel),pqcrypto,0.4.0,ML-KEM-512,decapsulation,63,47500,29519872,True,
9688e997-27dc-4649-88e9-6643b3730135,07084835-0852-4baa-a0cc-3119cc6c24d1,2026-08-12T17:25:27.793963+00:00,controlled_windows_x86_64_two_cpu,NATIVE_SOFTWARE,x86_64,"AMD64 Family 23 Model 96 Stepping 1, AuthenticAMD",12,7598,Windows-11-10.0.26200-SP0,N/A (prebuilt Python extension wheel),N/A,N/A (prebuilt wheel),pqcrypto,0.4.0,ML-KEM-512,keygen,64,240700,29519872,True,
9688e997-27dc-4649-88e9-6643b3730135,07084835-0852-4baa-a0cc-3119cc6c24d1,2026-08-12T17:25:27.794512+00:00,controlled_windows_x86_64_two_cpu,NATIVE_SOFTWARE,x86_64,"AMD64 Family 23 Model 96 Stepping 1, AuthenticAMD",12,7598,Windows-11-10.0.26200-SP0,N/A (prebuilt Python extension wheel),N/A,N/A (prebuilt wheel),pqcrypto,0.4.0,ML-KEM-512,encapsulation,64,162300,29519872,True,
9688e997-27dc-4649-88e9-6643b3730135,07084835-0852-4baa-a0cc-3119cc6c24d1,2026-08-12T17:25:27.794843+00:00,controlled_windows_x86_64_two_cpu,NATIVE_SOFTWARE,x86_64,"AMD64 Family 23 Model 96 Stepping 1, AuthenticAMD",12,7598,Windows-11-10.0.26200-SP0,N/A (prebuilt Python extension wheel),N/A,N/A (prebuilt wheel),pqcrypto,0.4.0,ML-KEM-512,decapsulation,64,50000,29519872,True,
9688e997-27dc-4649-88e9-6643b3730135,07084835-0852-4baa-a0cc-3119cc6c24d1,2026-08-12T17:25:27.794982+00:00,controlled_windows_x86_64_two_cpu,NATIVE_SOFTWARE,x86_64,"AMD64 Family 23 Model 96 Stepping 1, AuthenticAMD",12,7598,Windows-11-10.0.26200-SP0,N/A (prebuilt Python extension wheel),N/A,N/A (prebuilt wheel),pqcrypto,0.4.0,ML-KEM-512,keygen,65,549100,29519872,True,
9688e997-27dc-4649-88e9-6643b3730135,07084835-0852-4baa-a0cc-3119cc6c24d1,2026-08-12T17:25:27.795880+00:00,controlled_windows_x86_64_two_cpu,NATIVE_SOFTWARE,x86_64,"AMD64 Family 23 Model 96 Stepping 1, AuthenticAMD",12,7598,Windows-11-10.0.26200-SP0,N/A (prebuilt Python extension wheel),N/A,N/A (prebuilt wheel),pqcrypto,0.4.0,ML-KEM-512,encapsulation,65,177200,29523968,True,
9688e997-27dc-4649-88e9-6643b3730135,07084835-0852-4baa-a0cc-3119cc6c24d1,2026-08-12T17:25:27.796231+00:00,controlled_windows_x86_64_two_cpu,NATIVE_SOFTWARE,x86_64,"AMD64 Family 23 Model 96 Stepping 1, AuthenticAMD",12,7598,Windows-11-10.0.26200-SP0,N/A (prebuilt Python extension wheel),N/A,N/A (prebuilt wheel),pqcrypto,0.4.0,ML-KEM-512,decapsulation,65,50300,29523968,True,
9688e997-27dc-4649-88e9-6643b3730135,07084835-0852-4baa-a0cc-3119cc6c24d1,2026-08-12T17:25:27.796390+00:00,controlled_windows_x86_64_two_cpu,NATIVE_SOFTWARE,x86_64,"AMD64 Family 23 Model 96 Stepping 1, AuthenticAMD",12,7598,Windows-11-10.0.26200-SP0,N/A (prebuilt Python extension wheel),N/A,N/A (prebuilt wheel),pqcrypto,0.4.0,ML-KEM-512,keygen,66,302900,29523968,True,
9688e997-27dc-4649-88e9-6643b3730135,07084835-0852-4baa-a0cc-3119cc6c24d1,2026-08-12T17:25:27.796949+00:00,controlled_windows_x86_64_two_cpu,NATIVE_SOFTWARE,x86_64,"AMD64 Family 23 Model 96 Stepping 1, AuthenticAMD",12,7598,Windows-11-10.0.26200-SP0,N/A (prebuilt Python extension wheel),N/A,N/A (prebuilt wheel),pqcrypto,0.4.0,ML-KEM-512,encapsulation,66,162300,29523968,True,
9688e997-27dc-4649-88e9-6643b3730135,07084835-0852-4baa-a0cc-3119cc6c24d1,2026-08-12T17:25:27.797212+00:00,controlled_windows_x86_64_two_cpu,NATIVE_SOFTWARE,x86_64,"AMD64 Family 23 Model 96 Stepping 1, AuthenticAMD",12,7598,Windows-11-10.0.26200-SP0,N/A (prebuilt Python extension wheel),N/A,N/A (prebuilt wheel),pqcrypto,0.4.0,ML-KEM-512,decapsulation,66,45700,29634560,True,
9688e997-27dc-4649-88e9-6643b3730135,07084835-0852-4baa-a0cc-3119cc6c24d1,2026-08-12T17:25:27.797621+00:00,controlled_windows_x86_64_two_cpu,NATIVE_SOFTWARE,x86_64,"AMD64 Family 23 Model 96 Stepping 1, AuthenticAMD",12,7598,Windows-11-10.0.26200-SP0,N/A (prebuilt Python extension wheel),N/A,N/A (prebuilt wheel),pqcrypto,0.4.0,ML-KEM-512,keygen,67,165200,29642752,True,
9688e997-27dc-4649-88e9-6643b3730135,07084835-0852-4baa-a0cc-3119cc6c24d1,2026-08-12T17:25:27.798086+00:00,controlled_windows_x86_64_two_cpu,NATIVE_SOFTWARE,x86_64,"AMD64 Family 23 Model 96 Stepping 1, AuthenticAMD",12,7598,Windows-11-10.0.26200-SP0,N/A (prebuilt Python extension wheel),N/A,N/A (prebuilt wheel),pqcrypto,0.4.0,ML-KEM-512,encapsulation,67,153800,29642752,True,
9688e997-27dc-4649-88e9-6643b3730135,07084835-0852-4baa-a0cc-3119cc6c24d1,2026-08-12T17:25:27.799010+00:00,controlled_windows_x86_64_two_cpu,NATIVE_SOFTWARE,x86_64,"AMD64 Family 23 Model 96 Stepping 1, AuthenticAMD",12,7598,Windows-11-10.0.26200-SP0,N/A (prebuilt Python extension wheel),N/A,N/A (prebuilt wheel),pqcrypto,0.4.0,ML-KEM-512,decapsulation,67,48800,29642752,True,
9688e997-27dc-4649-88e9-6643b3730135,07084835-0852-4baa-a0cc-3119cc6c24d1,2026-08-12T17:25:27.799141+00:00,controlled_windows_x86_64_two_cpu,NATIVE_SOFTWARE,x86_64,"AMD64 Family 23 Model 96 Stepping 1, AuthenticAMD",12,7598,Windows-11-10.0.26200-SP0,N/A (prebuilt Python extension wheel),N/A,N/A (prebuilt wheel),pqcrypto,0.4.0,ML-KEM-512,keygen,68,170100,29642752,True,
9688e997-27dc-4649-88e9-6643b3730135,07084835-0852-4baa-a0cc-3119cc6c24d1,2026-08-12T17:25:27.799584+00:00,controlled_windows_x86_64_two_cpu,NATIVE_SOFTWARE,x86_64,"AMD64 Family 23 Model 96 Stepping 1, AuthenticAMD",12,7598,Windows-11-10.0.26200-SP0,N/A (prebuilt Python extension wheel),N/A,N/A (prebuilt wheel),pqcrypto,0.4.0,ML-KEM-512,encapsulation,68,151900,29642752,True,
9688e997-27dc-4649-88e9-6643b3730135,07084835-0852-4baa-a0cc-3119cc6c24d1,2026-08-12T17:25:27.799832+00:00,controlled_windows_x86_64_two_cpu,NATIVE_SOFTWARE,x86_64,"AMD64 Family 23 Model 96 Stepping 1, AuthenticAMD",12,7598,Windows-11-10.0.26200-SP0,N/A (prebuilt Python extension wheel),N/A,N/A (prebuilt wheel),pqcrypto,0.4.0,ML-KEM-512,decapsulation,68,47300,29642752,True,
9688e997-27dc-4649-88e9-6643b3730135,07084835-0852-4baa-a0cc-3119cc6c24d1,2026-08-12T17:25:27.799957+00:00,controlled_windows_x86_64_two_cpu,NATIVE_SOFTWARE,x86_64,"AMD64 Family 23 Model 96 Stepping 1, AuthenticAMD",12,7598,Windows-11-10.0.26200-SP0,N/A (prebuilt Python extension wheel),N/A,N/A (prebuilt wheel),pqcrypto,0.4.0,ML-KEM-512,keygen,69,155100,29642752,True,
9688e997-27dc-4649-88e9-6643b3730135,07084835-0852-4baa-a0cc-3119cc6c24d1,2026-08-12T17:25:27.800389+00:00,controlled_windows_x86_64_two_cpu,NATIVE_SOFTWARE,x86_64,"AMD64 Family 23 Model 96 Stepping 1, AuthenticAMD",12,7598,Windows-11-10.0.26200-SP0,N/A (prebuilt Python extension wheel),N/A,N/A (prebuilt wheel),pqcrypto,0.4.0,ML-KEM-512,encapsulation,69,277100,29642752,True,
9688e997-27dc-4649-88e9-6643b3730135,07084835-0852-4baa-a0cc-3119cc6c24d1,2026-08-12T17:25:27.800796+00:00,controlled_windows_x86_64_two_cpu,NATIVE_SOFTWARE,x86_64,"AMD64 Family 23 Model 96 Stepping 1, AuthenticAMD",12,7598,Windows-11-10.0.26200-SP0,N/A (prebuilt Python extension wheel),N/A,N/A (prebuilt wheel),pqcrypto,0.4.0,ML-KEM-512,decapsulation,69,48300,29642752,True,
9688e997-27dc-4649-88e9-6643b3730135,07084835-0852-4baa-a0cc-3119cc6c24d1,2026-08-12T17:25:27.800945+00:00,controlled_windows_x86_64_two_cpu,NATIVE_SOFTWARE,x86_64,"AMD64 Family 23 Model 96 Stepping 1, AuthenticAMD",12,7598,Windows-11-10.0.26200-SP0,N/A (prebuilt Python extension wheel),N/A,N/A (prebuilt wheel),pqcrypto,0.4.0,ML-KEM-512,keygen,70,196000,29642752,True,
9688e997-27dc-4649-88e9-6643b3730135,07084835-0852-4baa-a0cc-3119cc6c24d1,2026-08-12T17:25:27.801413+00:00,controlled_windows_x86_64_two_cpu,NATIVE_SOFTWARE,x86_64,"AMD64 Family 23 Model 96 Stepping 1, AuthenticAMD",12,7598,Windows-11-10.0.26200-SP0,N/A (prebuilt Python extension wheel),N/A,N/A (prebuilt wheel),pqcrypto,0.4.0,ML-KEM-512,encapsulation,70,163100,29642752,True,
9688e997-27dc-4649-88e9-6643b3730135,07084835-0852-4baa-a0cc-3119cc6c24d1,2026-08-12T17:25:27.801691+00:00,controlled_windows_x86_64_two_cpu,NATIVE_SOFTWARE,x86_64,"AMD64 Family 23 Model 96 Stepping 1, AuthenticAMD",12,7598,Windows-11-10.0.26200-SP0,N/A (prebuilt Python extension wheel),N/A,N/A (prebuilt wheel),pqcrypto,0.4.0,ML-KEM-512,decapsulation,70,58500,29642752,True,
9688e997-27dc-4649-88e9-6643b3730135,07084835-0852-4baa-a0cc-3119cc6c24d1,2026-08-12T17:25:27.801867+00:00,controlled_windows_x86_64_two_cpu,NATIVE_SOFTWARE,x86_64,"AMD64 Family 23 Model 96 Stepping 1, AuthenticAMD",12,7598,Windows-11-10.0.26200-SP0,N/A (prebuilt Python extension wheel),N/A,N/A (prebuilt wheel),pqcrypto,0.4.0,ML-KEM-512,keygen,71,436900,29642752,True,
9688e997-27dc-4649-88e9-6643b3730135,07084835-0852-4baa-a0cc-3119cc6c24d1,2026-08-12T17:25:27.802737+00:00,controlled_windows_x86_64_two_cpu,NATIVE_SOFTWARE,x86_64,"AMD64 Family 23 Model 96 Stepping 1, AuthenticAMD",12,7598,Windows-11-10.0.26200-SP0,N/A (prebuilt Python extension wheel),N/A,N/A (prebuilt wheel),pqcrypto,0.4.0,ML-KEM-512,encapsulation,71,168200,29642752,True,
9688e997-27dc-4649-88e9-6643b3730135,07084835-0852-4baa-a0cc-3119cc6c24d1,2026-08-12T17:25:27.803062+00:00,controlled_windows_x86_64_two_cpu,NATIVE_SOFTWARE,x86_64,"AMD64 Family 23 Model 96 Stepping 1, AuthenticAMD",12,7598,Windows-11-10.0.26200-SP0,N/A (prebuilt Python extension wheel),N/A,N/A (prebuilt wheel),pqcrypto,0.4.0,ML-KEM-512,decapsulation,71,47500,29642752,True,
9688e997-27dc-4649-88e9-6643b3730135,07084835-0852-4baa-a0cc-3119cc6c24d1,2026-08-12T17:25:27.803194+00:00,controlled_windows_x86_64_two_cpu,NATIVE_SOFTWARE,x86_64,"AMD64 Family 23 Model 96 Stepping 1, AuthenticAMD",12,7598,Windows-11-10.0.26200-SP0,N/A (prebuilt Python extension wheel),N/A,N/A (prebuilt wheel),pqcrypto,0.4.0,ML-KEM-512,keygen,72,173900,29646848,True,
9688e997-27dc-4649-88e9-6643b3730135,07084835-0852-4baa-a0cc-3119cc6c24d1,2026-08-12T17:25:27.803710+00:00,controlled_windows_x86_64_two_cpu,NATIVE_SOFTWARE,x86_64,"AMD64 Family 23 Model 96 Stepping 1, AuthenticAMD",12,7598,Windows-11-10.0.26200-SP0,N/A (prebuilt Python extension wheel),N/A,N/A (prebuilt wheel),pqcrypto,0.4.0,ML-KEM-512,encapsulation,72,156100,29646848,True,
9688e997-27dc-4649-88e9-6643b3730135,07084835-0852-4baa-a0cc-3119cc6c24d1,2026-08-12T17:25:27.803966+00:00,controlled_windows_x86_64_two_cpu,NATIVE_SOFTWARE,x86_64,"AMD64 Family 23 Model 96 Stepping 1, AuthenticAMD",12,7598,Windows-11-10.0.26200-SP0,N/A (prebuilt Python extension wheel),N/A,N/A (prebuilt wheel),pqcrypto,0.4.0,ML-KEM-512,decapsulation,72,46100,29646848,True,
9688e997-27dc-4649-88e9-6643b3730135,07084835-0852-4baa-a0cc-3119cc6c24d1,2026-08-12T17:25:27.804096+00:00,controlled_windows_x86_64_two_cpu,NATIVE_SOFTWARE,x86_64,"AMD64 Family 23 Model 96 Stepping 1, AuthenticAMD",12,7598,Windows-11-10.0.26200-SP0,N/A (prebuilt Python extension wheel),N/A,N/A (prebuilt wheel),pqcrypto,0.4.0,ML-KEM-512,keygen,73,156400,29646848,True,
9688e997-27dc-4649-88e9-6643b3730135,07084835-0852-4baa-a0cc-3119cc6c24d1,2026-08-12T17:25:27.804533+00:00,controlled_windows_x86_64_two_cpu,NATIVE_SOFTWARE,x86_64,"AMD64 Family 23 Model 96 Stepping 1, AuthenticAMD",12,7598,Windows-11-10.0.26200-SP0,N/A (prebuilt Python extension wheel),N/A,N/A (prebuilt wheel),pqcrypto,0.4.0,ML-KEM-512,encapsulation,73,153500,29646848,True,
9688e997-27dc-4649-88e9-6643b3730135,07084835-0852-4baa-a0cc-3119cc6c24d1,2026-08-12T17:25:27.804791+00:00,controlled_windows_x86_64_two_cpu,NATIVE_SOFTWARE,x86_64,"AMD64 Family 23 Model 96 Stepping 1, AuthenticAMD",12,7598,Windows-11-10.0.26200-SP0,N/A (prebuilt Python extension wheel),N/A,N/A (prebuilt wheel),pqcrypto,0.4.0,ML-KEM-512,decapsulation,73,96400,29646848,True,
9688e997-27dc-4649-88e9-6643b3730135,07084835-0852-4baa-a0cc-3119cc6c24d1,2026-08-12T17:25:27.804988+00:00,controlled_windows_x86_64_two_cpu,NATIVE_SOFTWARE,x86_64,"AMD64 Family 23 Model 96 Stepping 1, AuthenticAMD",12,7598,Windows-11-10.0.26200-SP0,N/A (prebuilt Python extension wheel),N/A,N/A (prebuilt wheel),pqcrypto,0.4.0,ML-KEM-512,keygen,74,217300,29646848,True,
9688e997-27dc-4649-88e9-6643b3730135,07084835-0852-4baa-a0cc-3119cc6c24d1,2026-08-12T17:25:27.805544+00:00,controlled_windows_x86_64_two_cpu,NATIVE_SOFTWARE,x86_64,"AMD64 Family 23 Model 96 Stepping 1, AuthenticAMD",12,7598,Windows-11-10.0.26200-SP0,N/A (prebuilt Python extension wheel),N/A,N/A (prebuilt wheel),pqcrypto,0.4.0,ML-KEM-512,encapsulation,74,159900,29646848,True,
9688e997-27dc-4649-88e9-6643b3730135,07084835-0852-4baa-a0cc-3119cc6c24d1,2026-08-12T17:25:27.805857+00:00,controlled_windows_x86_64_two_cpu,NATIVE_SOFTWARE,x86_64,"AMD64 Family 23 Model 96 Stepping 1, AuthenticAMD",12,7598,Windows-11-10.0.26200-SP0,N/A (prebuilt Python extension wheel),N/A,N/A (prebuilt wheel),pqcrypto,0.4.0,ML-KEM-512,decapsulation,74,47000,29646848,True,
9688e997-27dc-4649-88e9-6643b3730135,07084835-0852-4baa-a0cc-3119cc6c24d1,2026-08-12T17:25:27.805985+00:00,controlled_windows_x86_64_two_cpu,NATIVE_SOFTWARE,x86_64,"AMD64 Family 23 Model 96 Stepping 1, AuthenticAMD",12,7598,Windows-11-10.0.26200-SP0,N/A (prebuilt Python extension wheel),N/A,N/A (prebuilt wheel),pqcrypto,0.4.0,ML-KEM-512,keygen,75,159600,29646848,True,
9688e997-27dc-4649-88e9-6643b3730135,07084835-0852-4baa-a0cc-3119cc6c24d1,2026-08-12T17:25:27.806387+00:00,controlled_windows_x86_64_two_cpu,NATIVE_SOFTWARE,x86_64,"AMD64 Family 23 Model 96 Stepping 1, AuthenticAMD",12,7598,Windows-11-10.0.26200-SP0,N/A (prebuilt Python extension wheel),N/A,N/A (prebuilt wheel),pqcrypto,0.4.0,ML-KEM-512,encapsulation,75,188500,29646848,True,
9688e997-27dc-4649-88e9-6643b3730135,07084835-0852-4baa-a0cc-3119cc6c24d1,2026-08-12T17:25:27.806670+00:00,controlled_windows_x86_64_two_cpu,NATIVE_SOFTWARE,x86_64,"AMD64 Family 23 Model 96 Stepping 1, AuthenticAMD",12,7598,Windows-11-10.0.26200-SP0,N/A (prebuilt Python extension wheel),N/A,N/A (prebuilt wheel),pqcrypto,0.4.0,ML-KEM-512,decapsulation,75,49500,29646848,True,
9688e997-27dc-4649-88e9-6643b3730135,07084835-0852-4baa-a0cc-3119cc6c24d1,2026-08-12T17:25:27.806798+00:00,controlled_windows_x86_64_two_cpu,NATIVE_SOFTWARE,x86_64,"AMD64 Family 23 Model 96 Stepping 1, AuthenticAMD",12,7598,Windows-11-10.0.26200-SP0,N/A (prebuilt Python extension wheel),N/A,N/A (prebuilt wheel),pqcrypto,0.4.0,ML-KEM-512,keygen,76,181800,29646848,True,
9688e997-27dc-4649-88e9-6643b3730135,07084835-0852-4baa-a0cc-3119cc6c24d1,2026-08-12T17:25:27.807349+00:00,controlled_windows_x86_64_two_cpu,NATIVE_SOFTWARE,x86_64,"AMD64 Family 23 Model 96 Stepping 1, AuthenticAMD",12,7598,Windows-11-10.0.26200-SP0,N/A (prebuilt Python extension wheel),N/A,N/A (prebuilt wheel),pqcrypto,0.4.0,ML-KEM-512,encapsulation,76,250200,29663232,True,
9688e997-27dc-4649-88e9-6643b3730135,07084835-0852-4baa-a0cc-3119cc6c24d1,2026-08-12T17:25:27.807735+00:00,controlled_windows_x86_64_two_cpu,NATIVE_SOFTWARE,x86_64,"AMD64 Family 23 Model 96 Stepping 1, AuthenticAMD",12,7598,Windows-11-10.0.26200-SP0,N/A (prebuilt Python extension wheel),N/A,N/A (prebuilt wheel),pqcrypto,0.4.0,ML-KEM-512,decapsulation,76,50200,29663232,True,
9688e997-27dc-4649-88e9-6643b3730135,07084835-0852-4baa-a0cc-3119cc6c24d1,2026-08-12T17:25:27.807881+00:00,controlled_windows_x86_64_two_cpu,NATIVE_SOFTWARE,x86_64,"AMD64 Family 23 Model 96 Stepping 1, AuthenticAMD",12,7598,Windows-11-10.0.26200-SP0,N/A (prebuilt Python extension wheel),N/A,N/A (prebuilt wheel),pqcrypto,0.4.0,ML-KEM-512,keygen,77,225200,29663232,True,
9688e997-27dc-4649-88e9-6643b3730135,07084835-0852-4baa-a0cc-3119cc6c24d1,2026-08-12T17:25:27.808401+00:00,controlled_windows_x86_64_two_cpu,NATIVE_SOFTWARE,x86_64,"AMD64 Family 23 Model 96 Stepping 1, AuthenticAMD",12,7598,Windows-11-10.0.26200-SP0,N/A (prebuilt Python extension wheel),N/A,N/A (prebuilt wheel),pqcrypto,0.4.0,ML-KEM-512,encapsulation,77,220300,29663232,True,
9688e997-27dc-4649-88e9-6643b3730135,07084835-0852-4baa-a0cc-3119cc6c24d1,2026-08-12T17:25:27.808759+00:00,controlled_windows_x86_64_two_cpu,NATIVE_SOFTWARE,x86_64,"AMD64 Family 23 Model 96 Stepping 1, AuthenticAMD",12,7598,Windows-11-10.0.26200-SP0,N/A (prebuilt Python extension wheel),N/A,N/A (prebuilt wheel),pqcrypto,0.4.0,ML-KEM-512,decapsulation,77,48600,29663232,True,
9688e997-27dc-4649-88e9-6643b3730135,07084835-0852-4baa-a0cc-3119cc6c24d1,2026-08-12T17:25:27.808902+00:00,controlled_windows_x86_64_two_cpu,NATIVE_SOFTWARE,x86_64,"AMD64 Family 23 Model 96 Stepping 1, AuthenticAMD",12,7598,Windows-11-10.0.26200-SP0,N/A (prebuilt Python extension wheel),N/A,N/A (prebuilt wheel),pqcrypto,0.4.0,ML-KEM-512,keygen,78,525000,29663232,True,
9688e997-27dc-4649-88e9-6643b3730135,07084835-0852-4baa-a0cc-3119cc6c24d1,2026-08-12T17:25:27.809766+00:00,controlled_windows_x86_64_two_cpu,NATIVE_SOFTWARE,x86_64,"AMD64 Family 23 Model 96 Stepping 1, AuthenticAMD",12,7598,Windows-11-10.0.26200-SP0,N/A (prebuilt Python extension wheel),N/A,N/A (prebuilt wheel),pqcrypto,0.4.0,ML-KEM-512,encapsulation,78,163500,29663232,True,
9688e997-27dc-4649-88e9-6643b3730135,07084835-0852-4baa-a0cc-3119cc6c24d1,2026-08-12T17:25:27.810064+00:00,controlled_windows_x86_64_two_cpu,NATIVE_SOFTWARE,x86_64,"AMD64 Family 23 Model 96 Stepping 1, AuthenticAMD",12,7598,Windows-11-10.0.26200-SP0,N/A (prebuilt Python extension wheel),N/A,N/A (prebuilt wheel),pqcrypto,0.4.0,ML-KEM-512,decapsulation,78,49400,29663232,True,
9688e997-27dc-4649-88e9-6643b3730135,07084835-0852-4baa-a0cc-3119cc6c24d1,2026-08-12T17:25:27.810201+00:00,controlled_windows_x86_64_two_cpu,NATIVE_SOFTWARE,x86_64,"AMD64 Family 23 Model 96 Stepping 1, AuthenticAMD",12,7598,Windows-11-10.0.26200-SP0,N/A (prebuilt Python extension wheel),N/A,N/A (prebuilt wheel),pqcrypto,0.4.0,ML-KEM-512,keygen,79,164400,29663232,True,
9688e997-27dc-4649-88e9-6643b3730135,07084835-0852-4baa-a0cc-3119cc6c24d1,2026-08-12T17:25:27.810637+00:00,controlled_windows_x86_64_two_cpu,NATIVE_SOFTWARE,x86_64,"AMD64 Family 23 Model 96 Stepping 1, AuthenticAMD",12,7598,Windows-11-10.0.26200-SP0,N/A (prebuilt Python extension wheel),N/A,N/A (prebuilt wheel),pqcrypto,0.4.0,ML-KEM-512,encapsulation,79,155800,29663232,True,
9688e997-27dc-4649-88e9-6643b3730135,07084835-0852-4baa-a0cc-3119cc6c24d1,2026-08-12T17:25:27.810890+00:00,controlled_windows_x86_64_two_cpu,NATIVE_SOFTWARE,x86_64,"AMD64 Family 23 Model 96 Stepping 1, AuthenticAMD",12,7598,Windows-11-10.0.26200-SP0,N/A (prebuilt Python extension wheel),N/A,N/A (prebuilt wheel),pqcrypto,0.4.0,ML-KEM-512,decapsulation,79,46100,29667328,True,
9688e997-27dc-4649-88e9-6643b3730135,07084835-0852-4baa-a0cc-3119cc6c24d1,2026-08-12T17:25:27.811069+00:00,controlled_windows_x86_64_two_cpu,NATIVE_SOFTWARE,x86_64,"AMD64 Family 23 Model 96 Stepping 1, AuthenticAMD",12,7598,Windows-11-10.0.26200-SP0,N/A (prebuilt Python extension wheel),N/A,N/A (prebuilt wheel),pqcrypto,0.4.0,ML-KEM-512,keygen,80,173500,29671424,True,
9688e997-27dc-4649-88e9-6643b3730135,07084835-0852-4baa-a0cc-3119cc6c24d1,2026-08-12T17:25:27.811560+00:00,controlled_windows_x86_64_two_cpu,NATIVE_SOFTWARE,x86_64,"AMD64 Family 23 Model 96 Stepping 1, AuthenticAMD",12,7598,Windows-11-10.0.26200-SP0,N/A (prebuilt Python extension wheel),N/A,N/A (prebuilt wheel),pqcrypto,0.4.0,ML-KEM-512,encapsulation,80,157500,29749248,True,
9688e997-27dc-4649-88e9-6643b3730135,07084835-0852-4baa-a0cc-3119cc6c24d1,2026-08-12T17:25:27.812546+00:00,controlled_windows_x86_64_two_cpu,NATIVE_SOFTWARE,x86_64,"AMD64 Family 23 Model 96 Stepping 1, AuthenticAMD",12,7598,Windows-11-10.0.26200-SP0,N/A (prebuilt Python extension wheel),N/A,N/A (prebuilt wheel),pqcrypto,0.4.0,ML-KEM-512,decapsulation,80,51000,29749248,True,
9688e997-27dc-4649-88e9-6643b3730135,07084835-0852-4baa-a0cc-3119cc6c24d1,2026-08-12T17:25:27.812678+00:00,controlled_windows_x86_64_two_cpu,NATIVE_SOFTWARE,x86_64,"AMD64 Family 23 Model 96 Stepping 1, AuthenticAMD",12,7598,Windows-11-10.0.26200-SP0,N/A (prebuilt Python extension wheel),N/A,N/A (prebuilt wheel),pqcrypto,0.4.0,ML-KEM-512,keygen,81,267000,29749248,True,
9688e997-27dc-4649-88e9-6643b3730135,07084835-0852-4baa-a0cc-3119cc6c24d1,2026-08-12T17:25:27.813192+00:00,controlled_windows_x86_64_two_cpu,NATIVE_SOFTWARE,x86_64,"AMD64 Family 23 Model 96 Stepping 1, AuthenticAMD",12,7598,Windows-11-10.0.26200-SP0,N/A (prebuilt Python extension wheel),N/A,N/A (prebuilt wheel),pqcrypto,0.4.0,ML-KEM-512,encapsulation,81,151100,29749248,True,
9688e997-27dc-4649-88e9-6643b3730135,07084835-0852-4baa-a0cc-3119cc6c24d1,2026-08-12T17:25:27.813454+00:00,controlled_windows_x86_64_two_cpu,NATIVE_SOFTWARE,x86_64,"AMD64 Family 23 Model 96 Stepping 1, AuthenticAMD",12,7598,Windows-11-10.0.26200-SP0,N/A (prebuilt Python extension wheel),N/A,N/A (prebuilt wheel),pqcrypto,0.4.0,ML-KEM-512,decapsulation,81,45500,29749248,True,
9688e997-27dc-4649-88e9-6643b3730135,07084835-0852-4baa-a0cc-3119cc6c24d1,2026-08-12T17:25:27.813578+00:00,controlled_windows_x86_64_two_cpu,NATIVE_SOFTWARE,x86_64,"AMD64 Family 23 Model 96 Stepping 1, AuthenticAMD",12,7598,Windows-11-10.0.26200-SP0,N/A (prebuilt Python extension wheel),N/A,N/A (prebuilt wheel),pqcrypto,0.4.0,ML-KEM-512,keygen,82,156100,29749248,True,
9688e997-27dc-4649-88e9-6643b3730135,07084835-0852-4baa-a0cc-3119cc6c24d1,2026-08-12T17:25:27.813977+00:00,controlled_windows_x86_64_two_cpu,NATIVE_SOFTWARE,x86_64,"AMD64 Family 23 Model 96 Stepping 1, AuthenticAMD",12,7598,Windows-11-10.0.26200-SP0,N/A (prebuilt Python extension wheel),N/A,N/A (prebuilt wheel),pqcrypto,0.4.0,ML-KEM-512,encapsulation,82,150900,29749248,True,
9688e997-27dc-4649-88e9-6643b3730135,07084835-0852-4baa-a0cc-3119cc6c24d1,2026-08-12T17:25:27.814220+00:00,controlled_windows_x86_64_two_cpu,NATIVE_SOFTWARE,x86_64,"AMD64 Family 23 Model 96 Stepping 1, AuthenticAMD",12,7598,Windows-11-10.0.26200-SP0,N/A (prebuilt Python extension wheel),N/A,N/A (prebuilt wheel),pqcrypto,0.4.0,ML-KEM-512,decapsulation,82,52600,29749248,True,
9688e997-27dc-4649-88e9-6643b3730135,07084835-0852-4baa-a0cc-3119cc6c24d1,2026-08-12T17:25:27.814466+00:00,controlled_windows_x86_64_two_cpu,NATIVE_SOFTWARE,x86_64,"AMD64 Family 23 Model 96 Stepping 1, AuthenticAMD",12,7598,Windows-11-10.0.26200-SP0,N/A (prebuilt Python extension wheel),N/A,N/A (prebuilt wheel),pqcrypto,0.4.0,ML-KEM-512,keygen,83,181000,29749248,True,
9688e997-27dc-4649-88e9-6643b3730135,07084835-0852-4baa-a0cc-3119cc6c24d1,2026-08-12T17:25:27.814972+00:00,controlled_windows_x86_64_two_cpu,NATIVE_SOFTWARE,x86_64,"AMD64 Family 23 Model 96 Stepping 1, AuthenticAMD",12,7598,Windows-11-10.0.26200-SP0,N/A (prebuilt Python extension wheel),N/A,N/A (prebuilt wheel),pqcrypto,0.4.0,ML-KEM-512,encapsulation,83,182400,29749248,True,
9688e997-27dc-4649-88e9-6643b3730135,07084835-0852-4baa-a0cc-3119cc6c24d1,2026-08-12T17:25:27.815304+00:00,controlled_windows_x86_64_two_cpu,NATIVE_SOFTWARE,x86_64,"AMD64 Family 23 Model 96 Stepping 1, AuthenticAMD",12,7598,Windows-11-10.0.26200-SP0,N/A (prebuilt Python extension wheel),N/A,N/A (prebuilt wheel),pqcrypto,0.4.0,ML-KEM-512,decapsulation,83,49700,29749248,True,
9688e997-27dc-4649-88e9-6643b3730135,07084835-0852-4baa-a0cc-3119cc6c24d1,2026-08-12T17:25:27.815473+00:00,controlled_windows_x86_64_two_cpu,NATIVE_SOFTWARE,x86_64,"AMD64 Family 23 Model 96 Stepping 1, AuthenticAMD",12,7598,Windows-11-10.0.26200-SP0,N/A (prebuilt Python extension wheel),N/A,N/A (prebuilt wheel),pqcrypto,0.4.0,ML-KEM-512,keygen,84,189400,29749248,True,
9688e997-27dc-4649-88e9-6643b3730135,07084835-0852-4baa-a0cc-3119cc6c24d1,2026-08-12T17:25:27.816268+00:00,controlled_windows_x86_64_two_cpu,NATIVE_SOFTWARE,x86_64,"AMD64 Family 23 Model 96 Stepping 1, AuthenticAMD",12,7598,Windows-11-10.0.26200-SP0,N/A (prebuilt Python extension wheel),N/A,N/A (prebuilt wheel),pqcrypto,0.4.0,ML-KEM-512,encapsulation,84,260400,29749248,True,
9688e997-27dc-4649-88e9-6643b3730135,07084835-0852-4baa-a0cc-3119cc6c24d1,2026-08-12T17:25:27.816759+00:00,controlled_windows_x86_64_two_cpu,NATIVE_SOFTWARE,x86_64,"AMD64 Family 23 Model 96 Stepping 1, AuthenticAMD",12,7598,Windows-11-10.0.26200-SP0,N/A (prebuilt Python extension wheel),N/A,N/A (prebuilt wheel),pqcrypto,0.4.0,ML-KEM-512,decapsulation,84,50100,29749248,True,
9688e997-27dc-4649-88e9-6643b3730135,07084835-0852-4baa-a0cc-3119cc6c24d1,2026-08-12T17:25:27.816901+00:00,controlled_windows_x86_64_two_cpu,NATIVE_SOFTWARE,x86_64,"AMD64 Family 23 Model 96 Stepping 1, AuthenticAMD",12,7598,Windows-11-10.0.26200-SP0,N/A (prebuilt Python extension wheel),N/A,N/A (prebuilt wheel),pqcrypto,0.4.0,ML-KEM-512,keygen,85,194400,29749248,True,
9688e997-27dc-4649-88e9-6643b3730135,07084835-0852-4baa-a0cc-3119cc6c24d1,2026-08-12T17:25:27.817444+00:00,controlled_windows_x86_64_two_cpu,NATIVE_SOFTWARE,x86_64,"AMD64 Family 23 Model 96 Stepping 1, AuthenticAMD",12,7598,Windows-11-10.0.26200-SP0,N/A (prebuilt Python extension wheel),N/A,N/A (prebuilt wheel),pqcrypto,0.4.0,ML-KEM-512,encapsulation,85,262100,29749248,True,
9688e997-27dc-4649-88e9-6643b3730135,07084835-0852-4baa-a0cc-3119cc6c24d1,2026-08-12T17:25:27.817818+00:00,controlled_windows_x86_64_two_cpu,NATIVE_SOFTWARE,x86_64,"AMD64 Family 23 Model 96 Stepping 1, AuthenticAMD",12,7598,Windows-11-10.0.26200-SP0,N/A (prebuilt Python extension wheel),N/A,N/A (prebuilt wheel),pqcrypto,0.4.0,ML-KEM-512,decapsulation,85,50300,29749248,True,
9688e997-27dc-4649-88e9-6643b3730135,07084835-0852-4baa-a0cc-3119cc6c24d1,2026-08-12T17:25:27.817953+00:00,controlled_windows_x86_64_two_cpu,NATIVE_SOFTWARE,x86_64,"AMD64 Family 23 Model 96 Stepping 1, AuthenticAMD",12,7598,Windows-11-10.0.26200-SP0,N/A (prebuilt Python extension wheel),N/A,N/A (prebuilt wheel),pqcrypto,0.4.0,ML-KEM-512,keygen,86,159000,29749248,True,
9688e997-27dc-4649-88e9-6643b3730135,07084835-0852-4baa-a0cc-3119cc6c24d1,2026-08-12T17:25:27.818361+00:00,controlled_windows_x86_64_two_cpu,NATIVE_SOFTWARE,x86_64,"AMD64 Family 23 Model 96 Stepping 1, AuthenticAMD",12,7598,Windows-11-10.0.26200-SP0,N/A (prebuilt Python extension wheel),N/A,N/A (prebuilt wheel),pqcrypto,0.4.0,ML-KEM-512,encapsulation,86,186400,29749248,True,
9688e997-27dc-4649-88e9-6643b3730135,07084835-0852-4baa-a0cc-3119cc6c24d1,2026-08-12T17:25:27.818648+00:00,controlled_windows_x86_64_two_cpu,NATIVE_SOFTWARE,x86_64,"AMD64 Family 23 Model 96 Stepping 1, AuthenticAMD",12,7598,Windows-11-10.0.26200-SP0,N/A (prebuilt Python extension wheel),N/A,N/A (prebuilt wheel),pqcrypto,0.4.0,ML-KEM-512,decapsulation,86,46300,29749248,True,
9688e997-27dc-4649-88e9-6643b3730135,07084835-0852-4baa-a0cc-3119cc6c24d1,2026-08-12T17:25:27.818784+00:00,controlled_windows_x86_64_two_cpu,NATIVE_SOFTWARE,x86_64,"AMD64 Family 23 Model 96 Stepping 1, AuthenticAMD",12,7598,Windows-11-10.0.26200-SP0,N/A (prebuilt Python extension wheel),N/A,N/A (prebuilt wheel),pqcrypto,0.4.0,ML-KEM-512,keygen,87,159900,29749248,True,
9688e997-27dc-4649-88e9-6643b3730135,07084835-0852-4baa-a0cc-3119cc6c24d1,2026-08-12T17:25:27.819196+00:00,controlled_windows_x86_64_two_cpu,NATIVE_SOFTWARE,x86_64,"AMD64 Family 23 Model 96 Stepping 1, AuthenticAMD",12,7598,Windows-11-10.0.26200-SP0,N/A (prebuilt Python extension wheel),N/A,N/A (prebuilt wheel),pqcrypto,0.4.0,ML-KEM-512,encapsulation,87,152500,29749248,True,
9688e997-27dc-4649-88e9-6643b3730135,07084835-0852-4baa-a0cc-3119cc6c24d1,2026-08-12T17:25:27.819518+00:00,controlled_windows_x86_64_two_cpu,NATIVE_SOFTWARE,x86_64,"AMD64 Family 23 Model 96 Stepping 1, AuthenticAMD",12,7598,Windows-11-10.0.26200-SP0,N/A (prebuilt Python extension wheel),N/A,N/A (prebuilt wheel),pqcrypto,0.4.0,ML-KEM-512,decapsulation,87,46600,29749248,True,
9688e997-27dc-4649-88e9-6643b3730135,07084835-0852-4baa-a0cc-3119cc6c24d1,2026-08-12T17:25:27.819650+00:00,controlled_windows_x86_64_two_cpu,NATIVE_SOFTWARE,x86_64,"AMD64 Family 23 Model 96 Stepping 1, AuthenticAMD",12,7598,Windows-11-10.0.26200-SP0,N/A (prebuilt Python extension wheel),N/A,N/A (prebuilt wheel),pqcrypto,0.4.0,ML-KEM-512,keygen,88,185200,29749248,True,
9688e997-27dc-4649-88e9-6643b3730135,07084835-0852-4baa-a0cc-3119cc6c24d1,2026-08-12T17:25:27.820091+00:00,controlled_windows_x86_64_two_cpu,NATIVE_SOFTWARE,x86_64,"AMD64 Family 23 Model 96 Stepping 1, AuthenticAMD",12,7598,Windows-11-10.0.26200-SP0,N/A (prebuilt Python extension wheel),N/A,N/A (prebuilt wheel),pqcrypto,0.4.0,ML-KEM-512,encapsulation,88,152400,29749248,True,
9688e997-27dc-4649-88e9-6643b3730135,07084835-0852-4baa-a0cc-3119cc6c24d1,2026-08-12T17:25:27.820341+00:00,controlled_windows_x86_64_two_cpu,NATIVE_SOFTWARE,x86_64,"AMD64 Family 23 Model 96 Stepping 1, AuthenticAMD",12,7598,Windows-11-10.0.26200-SP0,N/A (prebuilt Python extension wheel),N/A,N/A (prebuilt wheel),pqcrypto,0.4.0,ML-KEM-512,decapsulation,88,46200,29749248,True,
9688e997-27dc-4649-88e9-6643b3730135,07084835-0852-4baa-a0cc-3119cc6c24d1,2026-08-12T17:25:27.820490+00:00,controlled_windows_x86_64_two_cpu,NATIVE_SOFTWARE,x86_64,"AMD64 Family 23 Model 96 Stepping 1, AuthenticAMD",12,7598,Windows-11-10.0.26200-SP0,N/A (prebuilt Python extension wheel),N/A,N/A (prebuilt wheel),pqcrypto,0.4.0,ML-KEM-512,keygen,89,160800,29749248,True,
9688e997-27dc-4649-88e9-6643b3730135,07084835-0852-4baa-a0cc-3119cc6c24d1,2026-08-12T17:25:27.820898+00:00,controlled_windows_x86_64_two_cpu,NATIVE_SOFTWARE,x86_64,"AMD64 Family 23 Model 96 Stepping 1, AuthenticAMD",12,7598,Windows-11-10.0.26200-SP0,N/A (prebuilt Python extension wheel),N/A,N/A (prebuilt wheel),pqcrypto,0.4.0,ML-KEM-512,encapsulation,89,151700,29749248,True,
9688e997-27dc-4649-88e9-6643b3730135,07084835-0852-4baa-a0cc-3119cc6c24d1,2026-08-12T17:25:27.821143+00:00,controlled_windows_x86_64_two_cpu,NATIVE_SOFTWARE,x86_64,"AMD64 Family 23 Model 96 Stepping 1, AuthenticAMD",12,7598,Windows-11-10.0.26200-SP0,N/A (prebuilt Python extension wheel),N/A,N/A (prebuilt wheel),pqcrypto,0.4.0,ML-KEM-512,decapsulation,89,45600,29749248,True,
9688e997-27dc-4649-88e9-6643b3730135,07084835-0852-4baa-a0cc-3119cc6c24d1,2026-08-12T17:25:27.821283+00:00,controlled_windows_x86_64_two_cpu,NATIVE_SOFTWARE,x86_64,"AMD64 Family 23 Model 96 Stepping 1, AuthenticAMD",12,7598,Windows-11-10.0.26200-SP0,N/A (prebuilt Python extension wheel),N/A,N/A (prebuilt wheel),pqcrypto,0.4.0,ML-KEM-512,keygen,90,301600,29749248,True,
9688e997-27dc-4649-88e9-6643b3730135,07084835-0852-4baa-a0cc-3119cc6c24d1,2026-08-12T17:25:27.821964+00:00,controlled_windows_x86_64_two_cpu,NATIVE_SOFTWARE,x86_64,"AMD64 Family 23 Model 96 Stepping 1, AuthenticAMD",12,7598,Windows-11-10.0.26200-SP0,N/A (prebuilt Python extension wheel),N/A,N/A (prebuilt wheel),pqcrypto,0.4.0,ML-KEM-512,encapsulation,90,207600,29749248,True,
9688e997-27dc-4649-88e9-6643b3730135,07084835-0852-4baa-a0cc-3119cc6c24d1,2026-08-12T17:25:27.822561+00:00,controlled_windows_x86_64_two_cpu,NATIVE_SOFTWARE,x86_64,"AMD64 Family 23 Model 96 Stepping 1, AuthenticAMD",12,7598,Windows-11-10.0.26200-SP0,N/A (prebuilt Python extension wheel),N/A,N/A (prebuilt wheel),pqcrypto,0.4.0,ML-KEM-512,decapsulation,90,51100,29749248,True,
9688e997-27dc-4649-88e9-6643b3730135,07084835-0852-4baa-a0cc-3119cc6c24d1,2026-08-12T17:25:27.822717+00:00,controlled_windows_x86_64_two_cpu,NATIVE_SOFTWARE,x86_64,"AMD64 Family 23 Model 96 Stepping 1, AuthenticAMD",12,7598,Windows-11-10.0.26200-SP0,N/A (prebuilt Python extension wheel),N/A,N/A (prebuilt wheel),pqcrypto,0.4.0,ML-KEM-512,keygen,91,201700,29749248,True,
9688e997-27dc-4649-88e9-6643b3730135,07084835-0852-4baa-a0cc-3119cc6c24d1,2026-08-12T17:25:27.823182+00:00,controlled_windows_x86_64_two_cpu,NATIVE_SOFTWARE,x86_64,"AMD64 Family 23 Model 96 Stepping 1, AuthenticAMD",12,7598,Windows-11-10.0.26200-SP0,N/A (prebuilt Python extension wheel),N/A,N/A (prebuilt wheel),pqcrypto,0.4.0,ML-KEM-512,encapsulation,91,152500,29753344,True,
9688e997-27dc-4649-88e9-6643b3730135,07084835-0852-4baa-a0cc-3119cc6c24d1,2026-08-12T17:25:27.823472+00:00,controlled_windows_x86_64_two_cpu,NATIVE_SOFTWARE,x86_64,"AMD64 Family 23 Model 96 Stepping 1, AuthenticAMD",12,7598,Windows-11-10.0.26200-SP0,N/A (prebuilt Python extension wheel),N/A,N/A (prebuilt wheel),pqcrypto,0.4.0,ML-KEM-512,decapsulation,91,45800,29753344,True,
9688e997-27dc-4649-88e9-6643b3730135,07084835-0852-4baa-a0cc-3119cc6c24d1,2026-08-12T17:25:27.823601+00:00,controlled_windows_x86_64_two_cpu,NATIVE_SOFTWARE,x86_64,"AMD64 Family 23 Model 96 Stepping 1, AuthenticAMD",12,7598,Windows-11-10.0.26200-SP0,N/A (prebuilt Python extension wheel),N/A,N/A (prebuilt wheel),pqcrypto,0.4.0,ML-KEM-512,keygen,92,165400,29753344,True,
9688e997-27dc-4649-88e9-6643b3730135,07084835-0852-4baa-a0cc-3119cc6c24d1,2026-08-12T17:25:27.824011+00:00,controlled_windows_x86_64_two_cpu,NATIVE_SOFTWARE,x86_64,"AMD64 Family 23 Model 96 Stepping 1, AuthenticAMD",12,7598,Windows-11-10.0.26200-SP0,N/A (prebuilt Python extension wheel),N/A,N/A (prebuilt wheel),pqcrypto,0.4.0,ML-KEM-512,encapsulation,92,169200,29753344,True,
9688e997-27dc-4649-88e9-6643b3730135,07084835-0852-4baa-a0cc-3119cc6c24d1,2026-08-12T17:25:27.824280+00:00,controlled_windows_x86_64_two_cpu,NATIVE_SOFTWARE,x86_64,"AMD64 Family 23 Model 96 Stepping 1, AuthenticAMD",12,7598,Windows-11-10.0.26200-SP0,N/A (prebuilt Python extension wheel),N/A,N/A (prebuilt wheel),pqcrypto,0.4.0,ML-KEM-512,decapsulation,92,46500,29753344,True,
9688e997-27dc-4649-88e9-6643b3730135,07084835-0852-4baa-a0cc-3119cc6c24d1,2026-08-12T17:25:27.824407+00:00,controlled_windows_x86_64_two_cpu,NATIVE_SOFTWARE,x86_64,"AMD64 Family 23 Model 96 Stepping 1, AuthenticAMD",12,7598,Windows-11-10.0.26200-SP0,N/A (prebuilt Python extension wheel),N/A,N/A (prebuilt wheel),pqcrypto,0.4.0,ML-KEM-512,keygen,93,195500,29753344,True,
9688e997-27dc-4649-88e9-6643b3730135,07084835-0852-4baa-a0cc-3119cc6c24d1,2026-08-12T17:25:27.824867+00:00,controlled_windows_x86_64_two_cpu,NATIVE_SOFTWARE,x86_64,"AMD64 Family 23 Model 96 Stepping 1, AuthenticAMD",12,7598,Windows-11-10.0.26200-SP0,N/A (prebuilt Python extension wheel),N/A,N/A (prebuilt wheel),pqcrypto,0.4.0,ML-KEM-512,encapsulation,93,159500,29757440,True,
9688e997-27dc-4649-88e9-6643b3730135,07084835-0852-4baa-a0cc-3119cc6c24d1,2026-08-12T17:25:27.825643+00:00,controlled_windows_x86_64_two_cpu,NATIVE_SOFTWARE,x86_64,"AMD64 Family 23 Model 96 Stepping 1, AuthenticAMD",12,7598,Windows-11-10.0.26200-SP0,N/A (prebuilt Python extension wheel),N/A,N/A (prebuilt wheel),pqcrypto,0.4.0,ML-KEM-512,decapsulation,93,49100,29757440,True,
9688e997-27dc-4649-88e9-6643b3730135,07084835-0852-4baa-a0cc-3119cc6c24d1,2026-08-12T17:25:27.825773+00:00,controlled_windows_x86_64_two_cpu,NATIVE_SOFTWARE,x86_64,"AMD64 Family 23 Model 96 Stepping 1, AuthenticAMD",12,7598,Windows-11-10.0.26200-SP0,N/A (prebuilt Python extension wheel),N/A,N/A (prebuilt wheel),pqcrypto,0.4.0,ML-KEM-512,keygen,94,183500,29757440,True,
9688e997-27dc-4649-88e9-6643b3730135,07084835-0852-4baa-a0cc-3119cc6c24d1,2026-08-12T17:25:27.826200+00:00,controlled_windows_x86_64_two_cpu,NATIVE_SOFTWARE,x86_64,"AMD64 Family 23 Model 96 Stepping 1, AuthenticAMD",12,7598,Windows-11-10.0.26200-SP0,N/A (prebuilt Python extension wheel),N/A,N/A (prebuilt wheel),pqcrypto,0.4.0,ML-KEM-512,encapsulation,94,154500,29757440,True,
9688e997-27dc-4649-88e9-6643b3730135,07084835-0852-4baa-a0cc-3119cc6c24d1,2026-08-12T17:25:27.826480+00:00,controlled_windows_x86_64_two_cpu,NATIVE_SOFTWARE,x86_64,"AMD64 Family 23 Model 96 Stepping 1, AuthenticAMD",12,7598,Windows-11-10.0.26200-SP0,N/A (prebuilt Python extension wheel),N/A,N/A (prebuilt wheel),pqcrypto,0.4.0,ML-KEM-512,decapsulation,94,45700,29757440,True,
9688e997-27dc-4649-88e9-6643b3730135,07084835-0852-4baa-a0cc-3119cc6c24d1,2026-08-12T17:25:27.826604+00:00,controlled_windows_x86_64_two_cpu,NATIVE_SOFTWARE,x86_64,"AMD64 Family 23 Model 96 Stepping 1, AuthenticAMD",12,7598,Windows-11-10.0.26200-SP0,N/A (prebuilt Python extension wheel),N/A,N/A (prebuilt wheel),pqcrypto,0.4.0,ML-KEM-512,keygen,95,175100,29757440,True,
9688e997-27dc-4649-88e9-6643b3730135,07084835-0852-4baa-a0cc-3119cc6c24d1,2026-08-12T17:25:27.827065+00:00,controlled_windows_x86_64_two_cpu,NATIVE_SOFTWARE,x86_64,"AMD64 Family 23 Model 96 Stepping 1, AuthenticAMD",12,7598,Windows-11-10.0.26200-SP0,N/A (prebuilt Python extension wheel),N/A,N/A (prebuilt wheel),pqcrypto,0.4.0,ML-KEM-512,encapsulation,95,209200,29757440,True,
9688e997-27dc-4649-88e9-6643b3730135,07084835-0852-4baa-a0cc-3119cc6c24d1,2026-08-12T17:25:27.827372+00:00,controlled_windows_x86_64_two_cpu,NATIVE_SOFTWARE,x86_64,"AMD64 Family 23 Model 96 Stepping 1, AuthenticAMD",12,7598,Windows-11-10.0.26200-SP0,N/A (prebuilt Python extension wheel),N/A,N/A (prebuilt wheel),pqcrypto,0.4.0,ML-KEM-512,decapsulation,95,60200,29757440,True,
9688e997-27dc-4649-88e9-6643b3730135,07084835-0852-4baa-a0cc-3119cc6c24d1,2026-08-12T17:25:27.827512+00:00,controlled_windows_x86_64_two_cpu,NATIVE_SOFTWARE,x86_64,"AMD64 Family 23 Model 96 Stepping 1, AuthenticAMD",12,7598,Windows-11-10.0.26200-SP0,N/A (prebuilt Python extension wheel),N/A,N/A (prebuilt wheel),pqcrypto,0.4.0,ML-KEM-512,keygen,96,154900,29757440,True,
9688e997-27dc-4649-88e9-6643b3730135,07084835-0852-4baa-a0cc-3119cc6c24d1,2026-08-12T17:25:27.827905+00:00,controlled_windows_x86_64_two_cpu,NATIVE_SOFTWARE,x86_64,"AMD64 Family 23 Model 96 Stepping 1, AuthenticAMD",12,7598,Windows-11-10.0.26200-SP0,N/A (prebuilt Python extension wheel),N/A,N/A (prebuilt wheel),pqcrypto,0.4.0,ML-KEM-512,encapsulation,96,149500,29757440,True,
9688e997-27dc-4649-88e9-6643b3730135,07084835-0852-4baa-a0cc-3119cc6c24d1,2026-08-12T17:25:27.828147+00:00,controlled_windows_x86_64_two_cpu,NATIVE_SOFTWARE,x86_64,"AMD64 Family 23 Model 96 Stepping 1, AuthenticAMD",12,7598,Windows-11-10.0.26200-SP0,N/A (prebuilt Python extension wheel),N/A,N/A (prebuilt wheel),pqcrypto,0.4.0,ML-KEM-512,decapsulation,96,45500,29757440,True,
9688e997-27dc-4649-88e9-6643b3730135,07084835-0852-4baa-a0cc-3119cc6c24d1,2026-08-12T17:25:27.828370+00:00,controlled_windows_x86_64_two_cpu,NATIVE_SOFTWARE,x86_64,"AMD64 Family 23 Model 96 Stepping 1, AuthenticAMD",12,7598,Windows-11-10.0.26200-SP0,N/A (prebuilt Python extension wheel),N/A,N/A (prebuilt wheel),pqcrypto,0.4.0,ML-KEM-512,keygen,97,222600,29757440,True,
9688e997-27dc-4649-88e9-6643b3730135,07084835-0852-4baa-a0cc-3119cc6c24d1,2026-08-12T17:25:27.828876+00:00,controlled_windows_x86_64_two_cpu,NATIVE_SOFTWARE,x86_64,"AMD64 Family 23 Model 96 Stepping 1, AuthenticAMD",12,7598,Windows-11-10.0.26200-SP0,N/A (prebuilt Python extension wheel),N/A,N/A (prebuilt wheel),pqcrypto,0.4.0,ML-KEM-512,encapsulation,97,351500,29757440,True,
9688e997-27dc-4649-88e9-6643b3730135,07084835-0852-4baa-a0cc-3119cc6c24d1,2026-08-12T17:25:27.829378+00:00,controlled_windows_x86_64_two_cpu,NATIVE_SOFTWARE,x86_64,"AMD64 Family 23 Model 96 Stepping 1, AuthenticAMD",12,7598,Windows-11-10.0.26200-SP0,N/A (prebuilt Python extension wheel),N/A,N/A (prebuilt wheel),pqcrypto,0.4.0,ML-KEM-512,decapsulation,97,70000,29757440,True,
9688e997-27dc-4649-88e9-6643b3730135,07084835-0852-4baa-a0cc-3119cc6c24d1,2026-08-12T17:25:27.829535+00:00,controlled_windows_x86_64_two_cpu,NATIVE_SOFTWARE,x86_64,"AMD64 Family 23 Model 96 Stepping 1, AuthenticAMD",12,7598,Windows-11-10.0.26200-SP0,N/A (prebuilt Python extension wheel),N/A,N/A (prebuilt wheel),pqcrypto,0.4.0,ML-KEM-512,keygen,98,195200,29757440,True,
9688e997-27dc-4649-88e9-6643b3730135,07084835-0852-4baa-a0cc-3119cc6c24d1,2026-08-12T17:25:27.829992+00:00,controlled_windows_x86_64_two_cpu,NATIVE_SOFTWARE,x86_64,"AMD64 Family 23 Model 96 Stepping 1, AuthenticAMD",12,7598,Windows-11-10.0.26200-SP0,N/A (prebuilt Python extension wheel),N/A,N/A (prebuilt wheel),pqcrypto,0.4.0,ML-KEM-512,encapsulation,98,151600,29757440,True,
9688e997-27dc-4649-88e9-6643b3730135,07084835-0852-4baa-a0cc-3119cc6c24d1,2026-08-12T17:25:27.830236+00:00,controlled_windows_x86_64_two_cpu,NATIVE_SOFTWARE,x86_64,"AMD64 Family 23 Model 96 Stepping 1, AuthenticAMD",12,7598,Windows-11-10.0.26200-SP0,N/A (prebuilt Python extension wheel),N/A,N/A (prebuilt wheel),pqcrypto,0.4.0,ML-KEM-512,decapsulation,98,46000,29757440,True,
9688e997-27dc-4649-88e9-6643b3730135,07084835-0852-4baa-a0cc-3119cc6c24d1,2026-08-12T17:25:27.830398+00:00,controlled_windows_x86_64_two_cpu,NATIVE_SOFTWARE,x86_64,"AMD64 Family 23 Model 96 Stepping 1, AuthenticAMD",12,7598,Windows-11-10.0.26200-SP0,N/A (prebuilt Python extension wheel),N/A,N/A (prebuilt wheel),pqcrypto,0.4.0,ML-KEM-512,keygen,99,193000,29757440,True,
9688e997-27dc-4649-88e9-6643b3730135,07084835-0852-4baa-a0cc-3119cc6c24d1,2026-08-12T17:25:27.830844+00:00,controlled_windows_x86_64_two_cpu,NATIVE_SOFTWARE,x86_64,"AMD64 Family 23 Model 96 Stepping 1, AuthenticAMD",12,7598,Windows-11-10.0.26200-SP0,N/A (prebuilt Python extension wheel),N/A,N/A (prebuilt wheel),pqcrypto,0.4.0,ML-KEM-512,encapsulation,99,158000,29757440,True,
9688e997-27dc-4649-88e9-6643b3730135,07084835-0852-4baa-a0cc-3119cc6c24d1,2026-08-12T17:25:27.831122+00:00,controlled_windows_x86_64_two_cpu,NATIVE_SOFTWARE,x86_64,"AMD64 Family 23 Model 96 Stepping 1, AuthenticAMD",12,7598,Windows-11-10.0.26200-SP0,N/A (prebuilt Python extension wheel),N/A,N/A (prebuilt wheel),pqcrypto,0.4.0,ML-KEM-512,decapsulation,99,47400,29757440,True,
9688e997-27dc-4649-88e9-6643b3730135,07084835-0852-4baa-a0cc-3119cc6c24d1,2026-08-12T17:25:27.831256+00:00,controlled_windows_x86_64_two_cpu,NATIVE_SOFTWARE,x86_64,"AMD64 Family 23 Model 96 Stepping 1, AuthenticAMD",12,7598,Windows-11-10.0.26200-SP0,N/A (prebuilt Python extension wheel),N/A,N/A (prebuilt wheel),pqcrypto,0.4.0,ML-KEM-512,keygen,100,203700,29757440,True,
9688e997-27dc-4649-88e9-6643b3730135,07084835-0852-4baa-a0cc-3119cc6c24d1,2026-08-12T17:25:27.831732+00:00,controlled_windows_x86_64_two_cpu,NATIVE_SOFTWARE,x86_64,"AMD64 Family 23 Model 96 Stepping 1, AuthenticAMD",12,7598,Windows-11-10.0.26200-SP0,N/A (prebuilt Python extension wheel),N/A,N/A (prebuilt wheel),pqcrypto,0.4.0,ML-KEM-512,encapsulation,100,157300,29757440,True,
9688e997-27dc-4649-88e9-6643b3730135,07084835-0852-4baa-a0cc-3119cc6c24d1,2026-08-12T17:25:27.832009+00:00,controlled_windows_x86_64_two_cpu,NATIVE_SOFTWARE,x86_64,"AMD64 Family 23 Model 96 Stepping 1, AuthenticAMD",12,7598,Windows-11-10.0.26200-SP0,N/A (prebuilt Python extension wheel),N/A,N/A (prebuilt wheel),pqcrypto,0.4.0,ML-KEM-512,decapsulation,100,51000,29757440,True,
9688e997-27dc-4649-88e9-6643b3730135,07084835-0852-4baa-a0cc-3119cc6c24d1,2026-08-12T17:25:27.832153+00:00,controlled_windows_x86_64_two_cpu,NATIVE_SOFTWARE,x86_64,"AMD64 Family 23 Model 96 Stepping 1, AuthenticAMD",12,7598,Windows-11-10.0.26200-SP0,N/A (prebuilt Python extension wheel),N/A,N/A (prebuilt wheel),pqcrypto,0.4.0,ML-KEM-768,keygen,1,436500,29814784,True,
9688e997-27dc-4649-88e9-6643b3730135,07084835-0852-4baa-a0cc-3119cc6c24d1,2026-08-12T17:25:27.832937+00:00,controlled_windows_x86_64_two_cpu,NATIVE_SOFTWARE,x86_64,"AMD64 Family 23 Model 96 Stepping 1, AuthenticAMD",12,7598,Windows-11-10.0.26200-SP0,N/A (prebuilt Python extension wheel),N/A,N/A (prebuilt wheel),pqcrypto,0.4.0,ML-KEM-768,encapsulation,1,216600,29818880,True,
9688e997-27dc-4649-88e9-6643b3730135,07084835-0852-4baa-a0cc-3119cc6c24d1,2026-08-12T17:25:27.833257+00:00,controlled_windows_x86_64_two_cpu,NATIVE_SOFTWARE,x86_64,"AMD64 Family 23 Model 96 Stepping 1, AuthenticAMD",12,7598,Windows-11-10.0.26200-SP0,N/A (prebuilt Python extension wheel),N/A,N/A (prebuilt wheel),pqcrypto,0.4.0,ML-KEM-768,decapsulation,1,73300,29818880,True,
9688e997-27dc-4649-88e9-6643b3730135,07084835-0852-4baa-a0cc-3119cc6c24d1,2026-08-12T17:25:27.833412+00:00,controlled_windows_x86_64_two_cpu,NATIVE_SOFTWARE,x86_64,"AMD64 Family 23 Model 96 Stepping 1, AuthenticAMD",12,7598,Windows-11-10.0.26200-SP0,N/A (prebuilt Python extension wheel),N/A,N/A (prebuilt wheel),pqcrypto,0.4.0,ML-KEM-768,keygen,2,260600,29822976,True,
9688e997-27dc-4649-88e9-6643b3730135,07084835-0852-4baa-a0cc-3119cc6c24d1,2026-08-12T17:25:27.833976+00:00,controlled_windows_x86_64_two_cpu,NATIVE_SOFTWARE,x86_64,"AMD64 Family 23 Model 96 Stepping 1, AuthenticAMD",12,7598,Windows-11-10.0.26200-SP0,N/A (prebuilt Python extension wheel),N/A,N/A (prebuilt wheel),pqcrypto,0.4.0,ML-KEM-768,encapsulation,2,178500,29822976,True,
9688e997-27dc-4649-88e9-6643b3730135,07084835-0852-4baa-a0cc-3119cc6c24d1,2026-08-12T17:25:27.834252+00:00,controlled_windows_x86_64_two_cpu,NATIVE_SOFTWARE,x86_64,"AMD64 Family 23 Model 96 Stepping 1, AuthenticAMD",12,7598,Windows-11-10.0.26200-SP0,N/A (prebuilt Python extension wheel),N/A,N/A (prebuilt wheel),pqcrypto,0.4.0,ML-KEM-768,decapsulation,2,71200,29822976,True,
9688e997-27dc-4649-88e9-6643b3730135,07084835-0852-4baa-a0cc-3119cc6c24d1,2026-08-12T17:25:27.834404+00:00,controlled_windows_x86_64_two_cpu,NATIVE_SOFTWARE,x86_64,"AMD64 Family 23 Model 96 Stepping 1, AuthenticAMD",12,7598,Windows-11-10.0.26200-SP0,N/A (prebuilt Python extension wheel),N/A,N/A (prebuilt wheel),pqcrypto,0.4.0,ML-KEM-768,keygen,3,212500,29822976,True,
9688e997-27dc-4649-88e9-6643b3730135,07084835-0852-4baa-a0cc-3119cc6c24d1,2026-08-12T17:25:27.834887+00:00,controlled_windows_x86_64_two_cpu,NATIVE_SOFTWARE,x86_64,"AMD64 Family 23 Model 96 Stepping 1, AuthenticAMD",12,7598,Windows-11-10.0.26200-SP0,N/A (prebuilt Python extension wheel),N/A,N/A (prebuilt wheel),pqcrypto,0.4.0,ML-KEM-768,encapsulation,3,192900,29822976,True,
9688e997-27dc-4649-88e9-6643b3730135,07084835-0852-4baa-a0cc-3119cc6c24d1,2026-08-12T17:25:27.835193+00:00,controlled_windows_x86_64_two_cpu,NATIVE_SOFTWARE,x86_64,"AMD64 Family 23 Model 96 Stepping 1, AuthenticAMD",12,7598,Windows-11-10.0.26200-SP0,N/A (prebuilt Python extension wheel),N/A,N/A (prebuilt wheel),pqcrypto,0.4.0,ML-KEM-768,decapsulation,3,110200,29822976,True,
9688e997-27dc-4649-88e9-6643b3730135,07084835-0852-4baa-a0cc-3119cc6c24d1,2026-08-12T17:25:27.835595+00:00,controlled_windows_x86_64_two_cpu,NATIVE_SOFTWARE,x86_64,"AMD64 Family 23 Model 96 Stepping 1, AuthenticAMD",12,7598,Windows-11-10.0.26200-SP0,N/A (prebuilt Python extension wheel),N/A,N/A (prebuilt wheel),pqcrypto,0.4.0,ML-KEM-768,keygen,4,357100,29822976,True,
9688e997-27dc-4649-88e9-6643b3730135,07084835-0852-4baa-a0cc-3119cc6c24d1,2026-08-12T17:25:27.836561+00:00,controlled_windows_x86_64_two_cpu,NATIVE_SOFTWARE,x86_64,"AMD64 Family 23 Model 96 Stepping 1, AuthenticAMD",12,7598,Windows-11-10.0.26200-SP0,N/A (prebuilt Python extension wheel),N/A,N/A (prebuilt wheel),pqcrypto,0.4.0,ML-KEM-768,encapsulation,4,241100,29822976,True,
9688e997-27dc-4649-88e9-6643b3730135,07084835-0852-4baa-a0cc-3119cc6c24d1,2026-08-12T17:25:27.836986+00:00,controlled_windows_x86_64_two_cpu,NATIVE_SOFTWARE,x86_64,"AMD64 Family 23 Model 96 Stepping 1, AuthenticAMD",12,7598,Windows-11-10.0.26200-SP0,N/A (prebuilt Python extension wheel),N/A,N/A (prebuilt wheel),pqcrypto,0.4.0,ML-KEM-768,decapsulation,4,78500,29827072,True,
9688e997-27dc-4649-88e9-6643b3730135,07084835-0852-4baa-a0cc-3119cc6c24d1,2026-08-12T17:25:27.837210+00:00,controlled_windows_x86_64_two_cpu,NATIVE_SOFTWARE,x86_64,"AMD64 Family 23 Model 96 Stepping 1, AuthenticAMD",12,7598,Windows-11-10.0.26200-SP0,N/A (prebuilt Python extension wheel),N/A,N/A (prebuilt wheel),pqcrypto,0.4.0,ML-KEM-768,keygen,5,317600,29831168,True,
9688e997-27dc-4649-88e9-6643b3730135,07084835-0852-4baa-a0cc-3119cc6c24d1,2026-08-12T17:25:27.837868+00:00,controlled_windows_x86_64_two_cpu,NATIVE_SOFTWARE,x86_64,"AMD64 Family 23 Model 96 Stepping 1, AuthenticAMD",12,7598,Windows-11-10.0.26200-SP0,N/A (prebuilt Python extension wheel),N/A,N/A (prebuilt wheel),pqcrypto,0.4.0,ML-KEM-768,encapsulation,5,178700,29835264,True,
9688e997-27dc-4649-88e9-6643b3730135,07084835-0852-4baa-a0cc-3119cc6c24d1,2026-08-12T17:25:27.838189+00:00,controlled_windows_x86_64_two_cpu,NATIVE_SOFTWARE,x86_64,"AMD64 Family 23 Model 96 Stepping 1, AuthenticAMD",12,7598,Windows-11-10.0.26200-SP0,N/A (prebuilt Python extension wheel),N/A,N/A (prebuilt wheel),pqcrypto,0.4.0,ML-KEM-768,decapsulation,5,72200,29835264,True,
9688e997-27dc-4649-88e9-6643b3730135,07084835-0852-4baa-a0cc-3119cc6c24d1,2026-08-12T17:25:27.838345+00:00,controlled_windows_x86_64_two_cpu,NATIVE_SOFTWARE,x86_64,"AMD64 Family 23 Model 96 Stepping 1, AuthenticAMD",12,7598,Windows-11-10.0.26200-SP0,N/A (prebuilt Python extension wheel),N/A,N/A (prebuilt wheel),pqcrypto,0.4.0,ML-KEM-768,keygen,6,209100,29839360,True,
9688e997-27dc-4649-88e9-6643b3730135,07084835-0852-4baa-a0cc-3119cc6c24d1,2026-08-12T17:25:27.838857+00:00,controlled_windows_x86_64_two_cpu,NATIVE_SOFTWARE,x86_64,"AMD64 Family 23 Model 96 Stepping 1, AuthenticAMD",12,7598,Windows-11-10.0.26200-SP0,N/A (prebuilt Python extension wheel),N/A,N/A (prebuilt wheel),pqcrypto,0.4.0,ML-KEM-768,encapsulation,6,191800,29839360,True,
9688e997-27dc-4649-88e9-6643b3730135,07084835-0852-4baa-a0cc-3119cc6c24d1,2026-08-12T17:25:27.839583+00:00,controlled_windows_x86_64_two_cpu,NATIVE_SOFTWARE,x86_64,"AMD64 Family 23 Model 96 Stepping 1, AuthenticAMD",12,7598,Windows-11-10.0.26200-SP0,N/A (prebuilt Python extension wheel),N/A,N/A (prebuilt wheel),pqcrypto,0.4.0,ML-KEM-768,decapsulation,6,72000,29839360,True,
9688e997-27dc-4649-88e9-6643b3730135,07084835-0852-4baa-a0cc-3119cc6c24d1,2026-08-12T17:25:27.839737+00:00,controlled_windows_x86_64_two_cpu,NATIVE_SOFTWARE,x86_64,"AMD64 Family 23 Model 96 Stepping 1, AuthenticAMD",12,7598,Windows-11-10.0.26200-SP0,N/A (prebuilt Python extension wheel),N/A,N/A (prebuilt wheel),pqcrypto,0.4.0,ML-KEM-768,keygen,7,190600,29839360,True,
9688e997-27dc-4649-88e9-6643b3730135,07084835-0852-4baa-a0cc-3119cc6c24d1,2026-08-12T17:25:27.840195+00:00,controlled_windows_x86_64_two_cpu,NATIVE_SOFTWARE,x86_64,"AMD64 Family 23 Model 96 Stepping 1, AuthenticAMD",12,7598,Windows-11-10.0.26200-SP0,N/A (prebuilt Python extension wheel),N/A,N/A (prebuilt wheel),pqcrypto,0.4.0,ML-KEM-768,encapsulation,7,171900,29839360,True,
9688e997-27dc-4649-88e9-6643b3730135,07084835-0852-4baa-a0cc-3119cc6c24d1,2026-08-12T17:25:27.840478+00:00,controlled_windows_x86_64_two_cpu,NATIVE_SOFTWARE,x86_64,"AMD64 Family 23 Model 96 Stepping 1, AuthenticAMD",12,7598,Windows-11-10.0.26200-SP0,N/A (prebuilt Python extension wheel),N/A,N/A (prebuilt wheel),pqcrypto,0.4.0,ML-KEM-768,decapsulation,7,69500,29839360,True,
9688e997-27dc-4649-88e9-6643b3730135,07084835-0852-4baa-a0cc-3119cc6c24d1,2026-08-12T17:25:27.840627+00:00,controlled_windows_x86_64_two_cpu,NATIVE_SOFTWARE,x86_64,"AMD64 Family 23 Model 96 Stepping 1, AuthenticAMD",12,7598,Windows-11-10.0.26200-SP0,N/A (prebuilt Python extension wheel),N/A,N/A (prebuilt wheel),pqcrypto,0.4.0,ML-KEM-768,keygen,8,178500,29839360,True,
9688e997-27dc-4649-88e9-6643b3730135,07084835-0852-4baa-a0cc-3119cc6c24d1,2026-08-12T17:25:27.841066+00:00,controlled_windows_x86_64_two_cpu,NATIVE_SOFTWARE,x86_64,"AMD64 Family 23 Model 96 Stepping 1, AuthenticAMD",12,7598,Windows-11-10.0.26200-SP0,N/A (prebuilt Python extension wheel),N/A,N/A (prebuilt wheel),pqcrypto,0.4.0,ML-KEM-768,encapsulation,8,209600,29839360,True,
9688e997-27dc-4649-88e9-6643b3730135,07084835-0852-4baa-a0cc-3119cc6c24d1,2026-08-12T17:25:27.841371+00:00,controlled_windows_x86_64_two_cpu,NATIVE_SOFTWARE,x86_64,"AMD64 Family 23 Model 96 Stepping 1, AuthenticAMD",12,7598,Windows-11-10.0.26200-SP0,N/A (prebuilt Python extension wheel),N/A,N/A (prebuilt wheel),pqcrypto,0.4.0,ML-KEM-768,decapsulation,8,82300,29839360,True,
9688e997-27dc-4649-88e9-6643b3730135,07084835-0852-4baa-a0cc-3119cc6c24d1,2026-08-12T17:25:27.841534+00:00,controlled_windows_x86_64_two_cpu,NATIVE_SOFTWARE,x86_64,"AMD64 Family 23 Model 96 Stepping 1, AuthenticAMD",12,7598,Windows-11-10.0.26200-SP0,N/A (prebuilt Python extension wheel),N/A,N/A (prebuilt wheel),pqcrypto,0.4.0,ML-KEM-768,keygen,9,175500,29839360,True,
9688e997-27dc-4649-88e9-6643b3730135,07084835-0852-4baa-a0cc-3119cc6c24d1,2026-08-12T17:25:27.841983+00:00,controlled_windows_x86_64_two_cpu,NATIVE_SOFTWARE,x86_64,"AMD64 Family 23 Model 96 Stepping 1, AuthenticAMD",12,7598,Windows-11-10.0.26200-SP0,N/A (prebuilt Python extension wheel),N/A,N/A (prebuilt wheel),pqcrypto,0.4.0,ML-KEM-768,encapsulation,9,279900,29839360,True,
9688e997-27dc-4649-88e9-6643b3730135,07084835-0852-4baa-a0cc-3119cc6c24d1,2026-08-12T17:25:27.842388+00:00,controlled_windows_x86_64_two_cpu,NATIVE_SOFTWARE,x86_64,"AMD64 Family 23 Model 96 Stepping 1, AuthenticAMD",12,7598,Windows-11-10.0.26200-SP0,N/A (prebuilt Python extension wheel),N/A,N/A (prebuilt wheel),pqcrypto,0.4.0,ML-KEM-768,decapsulation,9,91100,29839360,True,
9688e997-27dc-4649-88e9-6643b3730135,07084835-0852-4baa-a0cc-3119cc6c24d1,2026-08-12T17:25:27.842564+00:00,controlled_windows_x86_64_two_cpu,NATIVE_SOFTWARE,x86_64,"AMD64 Family 23 Model 96 Stepping 1, AuthenticAMD",12,7598,Windows-11-10.0.26200-SP0,N/A (prebuilt Python extension wheel),N/A,N/A (prebuilt wheel),pqcrypto,0.4.0,ML-KEM-768,keygen,10,244200,29839360,True,
9688e997-27dc-4649-88e9-6643b3730135,07084835-0852-4baa-a0cc-3119cc6c24d1,2026-08-12T17:25:27.843201+00:00,controlled_windows_x86_64_two_cpu,NATIVE_SOFTWARE,x86_64,"AMD64 Family 23 Model 96 Stepping 1, AuthenticAMD",12,7598,Windows-11-10.0.26200-SP0,N/A (prebuilt Python extension wheel),N/A,N/A (prebuilt wheel),pqcrypto,0.4.0,ML-KEM-768,encapsulation,10,178900,29839360,True,
9688e997-27dc-4649-88e9-6643b3730135,07084835-0852-4baa-a0cc-3119cc6c24d1,2026-08-12T17:25:27.843509+00:00,controlled_windows_x86_64_two_cpu,NATIVE_SOFTWARE,x86_64,"AMD64 Family 23 Model 96 Stepping 1, AuthenticAMD",12,7598,Windows-11-10.0.26200-SP0,N/A (prebuilt Python extension wheel),N/A,N/A (prebuilt wheel),pqcrypto,0.4.0,ML-KEM-768,decapsulation,10,70000,29839360,True,
9688e997-27dc-4649-88e9-6643b3730135,07084835-0852-4baa-a0cc-3119cc6c24d1,2026-08-12T17:25:27.843683+00:00,controlled_windows_x86_64_two_cpu,NATIVE_SOFTWARE,x86_64,"AMD64 Family 23 Model 96 Stepping 1, AuthenticAMD",12,7598,Windows-11-10.0.26200-SP0,N/A (prebuilt Python extension wheel),N/A,N/A (prebuilt wheel),pqcrypto,0.4.0,ML-KEM-768,keygen,11,197000,29839360,True,
9688e997-27dc-4649-88e9-6643b3730135,07084835-0852-4baa-a0cc-3119cc6c24d1,2026-08-12T17:25:27.844148+00:00,controlled_windows_x86_64_two_cpu,NATIVE_SOFTWARE,x86_64,"AMD64 Family 23 Model 96 Stepping 1, AuthenticAMD",12,7598,Windows-11-10.0.26200-SP0,N/A (prebuilt Python extension wheel),N/A,N/A (prebuilt wheel),pqcrypto,0.4.0,ML-KEM-768,encapsulation,11,172700,29839360,True,
9688e997-27dc-4649-88e9-6643b3730135,07084835-0852-4baa-a0cc-3119cc6c24d1,2026-08-12T17:25:27.844441+00:00,controlled_windows_x86_64_two_cpu,NATIVE_SOFTWARE,x86_64,"AMD64 Family 23 Model 96 Stepping 1, AuthenticAMD",12,7598,Windows-11-10.0.26200-SP0,N/A (prebuilt Python extension wheel),N/A,N/A (prebuilt wheel),pqcrypto,0.4.0,ML-KEM-768,decapsulation,11,70500,29839360,True,
9688e997-27dc-4649-88e9-6643b3730135,07084835-0852-4baa-a0cc-3119cc6c24d1,2026-08-12T17:25:27.844595+00:00,controlled_windows_x86_64_two_cpu,NATIVE_SOFTWARE,x86_64,"AMD64 Family 23 Model 96 Stepping 1, AuthenticAMD",12,7598,Windows-11-10.0.26200-SP0,N/A (prebuilt Python extension wheel),N/A,N/A (prebuilt wheel),pqcrypto,0.4.0,ML-KEM-768,keygen,12,191000,29839360,True,
9688e997-27dc-4649-88e9-6643b3730135,07084835-0852-4baa-a0cc-3119cc6c24d1,2026-08-12T17:25:27.845053+00:00,controlled_windows_x86_64_two_cpu,NATIVE_SOFTWARE,x86_64,"AMD64 Family 23 Model 96 Stepping 1, AuthenticAMD",12,7598,Windows-11-10.0.26200-SP0,N/A (prebuilt Python extension wheel),N/A,N/A (prebuilt wheel),pqcrypto,0.4.0,ML-KEM-768,encapsulation,12,173100,29839360,True,
9688e997-27dc-4649-88e9-6643b3730135,07084835-0852-4baa-a0cc-3119cc6c24d1,2026-08-12T17:25:27.845320+00:00,controlled_windows_x86_64_two_cpu,NATIVE_SOFTWARE,x86_64,"AMD64 Family 23 Model 96 Stepping 1, AuthenticAMD",12,7598,Windows-11-10.0.26200-SP0,N/A (prebuilt Python extension wheel),N/A,N/A (prebuilt wheel),pqcrypto,0.4.0,ML-KEM-768,decapsulation,12,69400,29839360,True,
9688e997-27dc-4649-88e9-6643b3730135,07084835-0852-4baa-a0cc-3119cc6c24d1,2026-08-12T17:25:27.845486+00:00,controlled_windows_x86_64_two_cpu,NATIVE_SOFTWARE,x86_64,"AMD64 Family 23 Model 96 Stepping 1, AuthenticAMD",12,7598,Windows-11-10.0.26200-SP0,N/A (prebuilt Python extension wheel),N/A,N/A (prebuilt wheel),pqcrypto,0.4.0,ML-KEM-768,keygen,13,176400,29839360,True,
9688e997-27dc-4649-88e9-6643b3730135,07084835-0852-4baa-a0cc-3119cc6c24d1,2026-08-12T17:25:27.845923+00:00,controlled_windows_x86_64_two_cpu,NATIVE_SOFTWARE,x86_64,"AMD64 Family 23 Model 96 Stepping 1, AuthenticAMD",12,7598,Windows-11-10.0.26200-SP0,N/A (prebuilt Python extension wheel),N/A,N/A (prebuilt wheel),pqcrypto,0.4.0,ML-KEM-768,encapsulation,13,172400,29839360,True,
9688e997-27dc-4649-88e9-6643b3730135,07084835-0852-4baa-a0cc-3119cc6c24d1,2026-08-12T17:25:27.846189+00:00,controlled_windows_x86_64_two_cpu,NATIVE_SOFTWARE,x86_64,"AMD64 Family 23 Model 96 Stepping 1, AuthenticAMD",12,7598,Windows-11-10.0.26200-SP0,N/A (prebuilt Python extension wheel),N/A,N/A (prebuilt wheel),pqcrypto,0.4.0,ML-KEM-768,decapsulation,13,69000,29839360,True,
9688e997-27dc-4649-88e9-6643b3730135,07084835-0852-4baa-a0cc-3119cc6c24d1,2026-08-12T17:25:27.846338+00:00,controlled_windows_x86_64_two_cpu,NATIVE_SOFTWARE,x86_64,"AMD64 Family 23 Model 96 Stepping 1, AuthenticAMD",12,7598,Windows-11-10.0.26200-SP0,N/A (prebuilt Python extension wheel),N/A,N/A (prebuilt wheel),pqcrypto,0.4.0,ML-KEM-768,keygen,14,192500,29839360,True,
9688e997-27dc-4649-88e9-6643b3730135,07084835-0852-4baa-a0cc-3119cc6c24d1,2026-08-12T17:25:27.846804+00:00,controlled_windows_x86_64_two_cpu,NATIVE_SOFTWARE,x86_64,"AMD64 Family 23 Model 96 Stepping 1, AuthenticAMD",12,7598,Windows-11-10.0.26200-SP0,N/A (prebuilt Python extension wheel),N/A,N/A (prebuilt wheel),pqcrypto,0.4.0,ML-KEM-768,encapsulation,14,172000,29839360,True,
9688e997-27dc-4649-88e9-6643b3730135,07084835-0852-4baa-a0cc-3119cc6c24d1,2026-08-12T17:25:27.847072+00:00,controlled_windows_x86_64_two_cpu,NATIVE_SOFTWARE,x86_64,"AMD64 Family 23 Model 96 Stepping 1, AuthenticAMD",12,7598,Windows-11-10.0.26200-SP0,N/A (prebuilt Python extension wheel),N/A,N/A (prebuilt wheel),pqcrypto,0.4.0,ML-KEM-768,decapsulation,14,69000,29839360,True,
9688e997-27dc-4649-88e9-6643b3730135,07084835-0852-4baa-a0cc-3119cc6c24d1,2026-08-12T17:25:27.847221+00:00,controlled_windows_x86_64_two_cpu,NATIVE_SOFTWARE,x86_64,"AMD64 Family 23 Model 96 Stepping 1, AuthenticAMD",12,7598,Windows-11-10.0.26200-SP0,N/A (prebuilt Python extension wheel),N/A,N/A (prebuilt wheel),pqcrypto,0.4.0,ML-KEM-768,keygen,15,176100,29839360,True,
9688e997-27dc-4649-88e9-6643b3730135,07084835-0852-4baa-a0cc-3119cc6c24d1,2026-08-12T17:25:27.847680+00:00,controlled_windows_x86_64_two_cpu,NATIVE_SOFTWARE,x86_64,"AMD64 Family 23 Model 96 Stepping 1, AuthenticAMD",12,7598,Windows-11-10.0.26200-SP0,N/A (prebuilt Python extension wheel),N/A,N/A (prebuilt wheel),pqcrypto,0.4.0,ML-KEM-768,encapsulation,15,171900,29839360,True,
9688e997-27dc-4649-88e9-6643b3730135,07084835-0852-4baa-a0cc-3119cc6c24d1,2026-08-12T17:25:27.847949+00:00,controlled_windows_x86_64_two_cpu,NATIVE_SOFTWARE,x86_64,"AMD64 Family 23 Model 96 Stepping 1, AuthenticAMD",12,7598,Windows-11-10.0.26200-SP0,N/A (prebuilt Python extension wheel),N/A,N/A (prebuilt wheel),pqcrypto,0.4.0,ML-KEM-768,decapsulation,15,69000,29839360,True,
9688e997-27dc-4649-88e9-6643b3730135,07084835-0852-4baa-a0cc-3119cc6c24d1,2026-08-12T17:25:27.848097+00:00,controlled_windows_x86_64_two_cpu,NATIVE_SOFTWARE,x86_64,"AMD64 Family 23 Model 96 Stepping 1, AuthenticAMD",12,7598,Windows-11-10.0.26200-SP0,N/A (prebuilt Python extension wheel),N/A,N/A (prebuilt wheel),pqcrypto,0.4.0,ML-KEM-768,keygen,16,173900,29839360,True,
9688e997-27dc-4649-88e9-6643b3730135,07084835-0852-4baa-a0cc-3119cc6c24d1,2026-08-12T17:25:27.848547+00:00,controlled_windows_x86_64_two_cpu,NATIVE_SOFTWARE,x86_64,"AMD64 Family 23 Model 96 Stepping 1, AuthenticAMD",12,7598,Windows-11-10.0.26200-SP0,N/A (prebuilt Python extension wheel),N/A,N/A (prebuilt wheel),pqcrypto,0.4.0,ML-KEM-768,encapsulation,16,172200,29839360,True,
9688e997-27dc-4649-88e9-6643b3730135,07084835-0852-4baa-a0cc-3119cc6c24d1,2026-08-12T17:25:27.848817+00:00,controlled_windows_x86_64_two_cpu,NATIVE_SOFTWARE,x86_64,"AMD64 Family 23 Model 96 Stepping 1, AuthenticAMD",12,7598,Windows-11-10.0.26200-SP0,N/A (prebuilt Python extension wheel),N/A,N/A (prebuilt wheel),pqcrypto,0.4.0,ML-KEM-768,decapsulation,16,69100,29839360,True,
9688e997-27dc-4649-88e9-6643b3730135,07084835-0852-4baa-a0cc-3119cc6c24d1,2026-08-12T17:25:27.848967+00:00,controlled_windows_x86_64_two_cpu,NATIVE_SOFTWARE,x86_64,"AMD64 Family 23 Model 96 Stepping 1, AuthenticAMD",12,7598,Windows-11-10.0.26200-SP0,N/A (prebuilt Python extension wheel),N/A,N/A (prebuilt wheel),pqcrypto,0.4.0,ML-KEM-768,keygen,17,304500,29839360,True,
9688e997-27dc-4649-88e9-6643b3730135,07084835-0852-4baa-a0cc-3119cc6c24d1,2026-08-12T17:25:27.849627+00:00,controlled_windows_x86_64_two_cpu,NATIVE_SOFTWARE,x86_64,"AMD64 Family 23 Model 96 Stepping 1, AuthenticAMD",12,7598,Windows-11-10.0.26200-SP0,N/A (prebuilt Python extension wheel),N/A,N/A (prebuilt wheel),pqcrypto,0.4.0,ML-KEM-768,encapsulation,17,179300,29839360,True,
9688e997-27dc-4649-88e9-6643b3730135,07084835-0852-4baa-a0cc-3119cc6c24d1,2026-08-12T17:25:27.849986+00:00,controlled_windows_x86_64_two_cpu,NATIVE_SOFTWARE,x86_64,"AMD64 Family 23 Model 96 Stepping 1, AuthenticAMD",12,7598,Windows-11-10.0.26200-SP0,N/A (prebuilt Python extension wheel),N/A,N/A (prebuilt wheel),pqcrypto,0.4.0,ML-KEM-768,decapsulation,17,94000,29839360,True,
9688e997-27dc-4649-88e9-6643b3730135,07084835-0852-4baa-a0cc-3119cc6c24d1,2026-08-12T17:25:27.850178+00:00,controlled_windows_x86_64_two_cpu,NATIVE_SOFTWARE,x86_64,"AMD64 Family 23 Model 96 Stepping 1, AuthenticAMD",12,7598,Windows-11-10.0.26200-SP0,N/A (prebuilt Python extension wheel),N/A,N/A (prebuilt wheel),pqcrypto,0.4.0,ML-KEM-768,keygen,18,272800,29843456,True,
9688e997-27dc-4649-88e9-6643b3730135,07084835-0852-4baa-a0cc-3119cc6c24d1,2026-08-12T17:25:27.850867+00:00,controlled_windows_x86_64_two_cpu,NATIVE_SOFTWARE,x86_64,"AMD64 Family 23 Model 96 Stepping 1, AuthenticAMD",12,7598,Windows-11-10.0.26200-SP0,N/A (prebuilt Python extension wheel),N/A,N/A (prebuilt wheel),pqcrypto,0.4.0,ML-KEM-768,encapsulation,18,207100,29843456,True,
9688e997-27dc-4649-88e9-6643b3730135,07084835-0852-4baa-a0cc-3119cc6c24d1,2026-08-12T17:25:27.851223+00:00,controlled_windows_x86_64_two_cpu,NATIVE_SOFTWARE,x86_64,"AMD64 Family 23 Model 96 Stepping 1, AuthenticAMD",12,7598,Windows-11-10.0.26200-SP0,N/A (prebuilt Python extension wheel),N/A,N/A (prebuilt wheel),pqcrypto,0.4.0,ML-KEM-768,decapsulation,18,71800,29843456,True,
9688e997-27dc-4649-88e9-6643b3730135,07084835-0852-4baa-a0cc-3119cc6c24d1,2026-08-12T17:25:27.851379+00:00,controlled_windows_x86_64_two_cpu,NATIVE_SOFTWARE,x86_64,"AMD64 Family 23 Model 96 Stepping 1, AuthenticAMD",12,7598,Windows-11-10.0.26200-SP0,N/A (prebuilt Python extension wheel),N/A,N/A (prebuilt wheel),pqcrypto,0.4.0,ML-KEM-768,keygen,19,231500,29978624,True,
9688e997-27dc-4649-88e9-6643b3730135,07084835-0852-4baa-a0cc-3119cc6c24d1,2026-08-12T17:25:27.852130+00:00,controlled_windows_x86_64_two_cpu,NATIVE_SOFTWARE,x86_64,"AMD64 Family 23 Model 96 Stepping 1, AuthenticAMD",12,7598,Windows-11-10.0.26200-SP0,N/A (prebuilt Python extension wheel),N/A,N/A (prebuilt wheel),pqcrypto,0.4.0,ML-KEM-768,encapsulation,19,174400,29990912,True,
9688e997-27dc-4649-88e9-6643b3730135,07084835-0852-4baa-a0cc-3119cc6c24d1,2026-08-12T17:25:27.853389+00:00,controlled_windows_x86_64_two_cpu,NATIVE_SOFTWARE,x86_64,"AMD64 Family 23 Model 96 Stepping 1, AuthenticAMD",12,7598,Windows-11-10.0.26200-SP0,N/A (prebuilt Python extension wheel),N/A,N/A (prebuilt wheel),pqcrypto,0.4.0,ML-KEM-768,decapsulation,19,95200,29990912,True,
9688e997-27dc-4649-88e9-6643b3730135,07084835-0852-4baa-a0cc-3119cc6c24d1,2026-08-12T17:25:27.853574+00:00,controlled_windows_x86_64_two_cpu,NATIVE_SOFTWARE,x86_64,"AMD64 Family 23 Model 96 Stepping 1, AuthenticAMD",12,7598,Windows-11-10.0.26200-SP0,N/A (prebuilt Python extension wheel),N/A,N/A (prebuilt wheel),pqcrypto,0.4.0,ML-KEM-768,keygen,20,233100,29990912,True,
9688e997-27dc-4649-88e9-6643b3730135,07084835-0852-4baa-a0cc-3119cc6c24d1,2026-08-12T17:25:27.854082+00:00,controlled_windows_x86_64_two_cpu,NATIVE_SOFTWARE,x86_64,"AMD64 Family 23 Model 96 Stepping 1, AuthenticAMD",12,7598,Windows-11-10.0.26200-SP0,N/A (prebuilt Python extension wheel),N/A,N/A (prebuilt wheel),pqcrypto,0.4.0,ML-KEM-768,encapsulation,20,182200,29990912,True,
9688e997-27dc-4649-88e9-6643b3730135,07084835-0852-4baa-a0cc-3119cc6c24d1,2026-08-12T17:25:27.854358+00:00,controlled_windows_x86_64_two_cpu,NATIVE_SOFTWARE,x86_64,"AMD64 Family 23 Model 96 Stepping 1, AuthenticAMD",12,7598,Windows-11-10.0.26200-SP0,N/A (prebuilt Python extension wheel),N/A,N/A (prebuilt wheel),pqcrypto,0.4.0,ML-KEM-768,decapsulation,20,84700,29990912,True,
9688e997-27dc-4649-88e9-6643b3730135,07084835-0852-4baa-a0cc-3119cc6c24d1,2026-08-12T17:25:27.854524+00:00,controlled_windows_x86_64_two_cpu,NATIVE_SOFTWARE,x86_64,"AMD64 Family 23 Model 96 Stepping 1, AuthenticAMD",12,7598,Windows-11-10.0.26200-SP0,N/A (prebuilt Python extension wheel),N/A,N/A (prebuilt wheel),pqcrypto,0.4.0,ML-KEM-768,keygen,21,176600,29990912,True,
9688e997-27dc-4649-88e9-6643b3730135,07084835-0852-4baa-a0cc-3119cc6c24d1,2026-08-12T17:25:27.854970+00:00,controlled_windows_x86_64_two_cpu,NATIVE_SOFTWARE,x86_64,"AMD64 Family 23 Model 96 Stepping 1, AuthenticAMD",12,7598,Windows-11-10.0.26200-SP0,N/A (prebuilt Python extension wheel),N/A,N/A (prebuilt wheel),pqcrypto,0.4.0,ML-KEM-768,encapsulation,21,175400,29990912,True,
9688e997-27dc-4649-88e9-6643b3730135,07084835-0852-4baa-a0cc-3119cc6c24d1,2026-08-12T17:25:27.855241+00:00,controlled_windows_x86_64_two_cpu,NATIVE_SOFTWARE,x86_64,"AMD64 Family 23 Model 96 Stepping 1, AuthenticAMD",12,7598,Windows-11-10.0.26200-SP0,N/A (prebuilt Python extension wheel),N/A,N/A (prebuilt wheel),pqcrypto,0.4.0,ML-KEM-768,decapsulation,21,68900,29990912,True,
9688e997-27dc-4649-88e9-6643b3730135,07084835-0852-4baa-a0cc-3119cc6c24d1,2026-08-12T17:25:27.855390+00:00,controlled_windows_x86_64_two_cpu,NATIVE_SOFTWARE,x86_64,"AMD64 Family 23 Model 96 Stepping 1, AuthenticAMD",12,7598,Windows-11-10.0.26200-SP0,N/A (prebuilt Python extension wheel),N/A,N/A (prebuilt wheel),pqcrypto,0.4.0,ML-KEM-768,keygen,22,227200,29990912,True,
9688e997-27dc-4649-88e9-6643b3730135,07084835-0852-4baa-a0cc-3119cc6c24d1,2026-08-12T17:25:27.855883+00:00,controlled_windows_x86_64_two_cpu,NATIVE_SOFTWARE,x86_64,"AMD64 Family 23 Model 96 Stepping 1, AuthenticAMD",12,7598,Windows-11-10.0.26200-SP0,N/A (prebuilt Python extension wheel),N/A,N/A (prebuilt wheel),pqcrypto,0.4.0,ML-KEM-768,encapsulation,22,309900,29995008,True,
9688e997-27dc-4649-88e9-6643b3730135,07084835-0852-4baa-a0cc-3119cc6c24d1,2026-08-12T17:25:27.856356+00:00,controlled_windows_x86_64_two_cpu,NATIVE_SOFTWARE,x86_64,"AMD64 Family 23 Model 96 Stepping 1, AuthenticAMD",12,7598,Windows-11-10.0.26200-SP0,N/A (prebuilt Python extension wheel),N/A,N/A (prebuilt wheel),pqcrypto,0.4.0,ML-KEM-768,decapsulation,22,107800,29995008,True,
9688e997-27dc-4649-88e9-6643b3730135,07084835-0852-4baa-a0cc-3119cc6c24d1,2026-08-12T17:25:27.856564+00:00,controlled_windows_x86_64_two_cpu,NATIVE_SOFTWARE,x86_64,"AMD64 Family 23 Model 96 Stepping 1, AuthenticAMD",12,7598,Windows-11-10.0.26200-SP0,N/A (prebuilt Python extension wheel),N/A,N/A (prebuilt wheel),pqcrypto,0.4.0,ML-KEM-768,keygen,23,242600,29999104,True,
9688e997-27dc-4649-88e9-6643b3730135,07084835-0852-4baa-a0cc-3119cc6c24d1,2026-08-12T17:25:27.857227+00:00,controlled_windows_x86_64_two_cpu,NATIVE_SOFTWARE,x86_64,"AMD64 Family 23 Model 96 Stepping 1, AuthenticAMD",12,7598,Windows-11-10.0.26200-SP0,N/A (prebuilt Python extension wheel),N/A,N/A (prebuilt wheel),pqcrypto,0.4.0,ML-KEM-768,encapsulation,23,216000,29999104,True,
9688e997-27dc-4649-88e9-6643b3730135,07084835-0852-4baa-a0cc-3119cc6c24d1,2026-08-12T17:25:27.857587+00:00,controlled_windows_x86_64_two_cpu,NATIVE_SOFTWARE,x86_64,"AMD64 Family 23 Model 96 Stepping 1, AuthenticAMD",12,7598,Windows-11-10.0.26200-SP0,N/A (prebuilt Python extension wheel),N/A,N/A (prebuilt wheel),pqcrypto,0.4.0,ML-KEM-768,decapsulation,23,71200,29999104,True,
9688e997-27dc-4649-88e9-6643b3730135,07084835-0852-4baa-a0cc-3119cc6c24d1,2026-08-12T17:25:27.857756+00:00,controlled_windows_x86_64_two_cpu,NATIVE_SOFTWARE,x86_64,"AMD64 Family 23 Model 96 Stepping 1, AuthenticAMD",12,7598,Windows-11-10.0.26200-SP0,N/A (prebuilt Python extension wheel),N/A,N/A (prebuilt wheel),pqcrypto,0.4.0,ML-KEM-768,keygen,24,201000,29999104,True,
9688e997-27dc-4649-88e9-6643b3730135,07084835-0852-4baa-a0cc-3119cc6c24d1,2026-08-12T17:25:27.858234+00:00,controlled_windows_x86_64_two_cpu,NATIVE_SOFTWARE,x86_64,"AMD64 Family 23 Model 96 Stepping 1, AuthenticAMD",12,7598,Windows-11-10.0.26200-SP0,N/A (prebuilt Python extension wheel),N/A,N/A (prebuilt wheel),pqcrypto,0.4.0,ML-KEM-768,encapsulation,24,198100,29999104,True,
9688e997-27dc-4649-88e9-6643b3730135,07084835-0852-4baa-a0cc-3119cc6c24d1,2026-08-12T17:25:27.858543+00:00,controlled_windows_x86_64_two_cpu,NATIVE_SOFTWARE,x86_64,"AMD64 Family 23 Model 96 Stepping 1, AuthenticAMD",12,7598,Windows-11-10.0.26200-SP0,N/A (prebuilt Python extension wheel),N/A,N/A (prebuilt wheel),pqcrypto,0.4.0,ML-KEM-768,decapsulation,24,72400,29999104,True,
9688e997-27dc-4649-88e9-6643b3730135,07084835-0852-4baa-a0cc-3119cc6c24d1,2026-08-12T17:25:27.858697+00:00,controlled_windows_x86_64_two_cpu,NATIVE_SOFTWARE,x86_64,"AMD64 Family 23 Model 96 Stepping 1, AuthenticAMD",12,7598,Windows-11-10.0.26200-SP0,N/A (prebuilt Python extension wheel),N/A,N/A (prebuilt wheel),pqcrypto,0.4.0,ML-KEM-768,keygen,25,239200,29999104,True,
9688e997-27dc-4649-88e9-6643b3730135,07084835-0852-4baa-a0cc-3119cc6c24d1,2026-08-12T17:25:27.859233+00:00,controlled_windows_x86_64_two_cpu,NATIVE_SOFTWARE,x86_64,"AMD64 Family 23 Model 96 Stepping 1, AuthenticAMD",12,7598,Windows-11-10.0.26200-SP0,N/A (prebuilt Python extension wheel),N/A,N/A (prebuilt wheel),pqcrypto,0.4.0,ML-KEM-768,encapsulation,25,205700,29999104,True,
9688e997-27dc-4649-88e9-6643b3730135,07084835-0852-4baa-a0cc-3119cc6c24d1,2026-08-12T17:25:27.859576+00:00,controlled_windows_x86_64_two_cpu,NATIVE_SOFTWARE,x86_64,"AMD64 Family 23 Model 96 Stepping 1, AuthenticAMD",12,7598,Windows-11-10.0.26200-SP0,N/A (prebuilt Python extension wheel),N/A,N/A (prebuilt wheel),pqcrypto,0.4.0,ML-KEM-768,decapsulation,25,177100,29999104,True,
9688e997-27dc-4649-88e9-6643b3730135,07084835-0852-4baa-a0cc-3119cc6c24d1,2026-08-12T17:25:27.859874+00:00,controlled_windows_x86_64_two_cpu,NATIVE_SOFTWARE,x86_64,"AMD64 Family 23 Model 96 Stepping 1, AuthenticAMD",12,7598,Windows-11-10.0.26200-SP0,N/A (prebuilt Python extension wheel),N/A,N/A (prebuilt wheel),pqcrypto,0.4.0,ML-KEM-768,keygen,26,528800,29999104,True,
9688e997-27dc-4649-88e9-6643b3730135,07084835-0852-4baa-a0cc-3119cc6c24d1,2026-08-12T17:25:27.860746+00:00,controlled_windows_x86_64_two_cpu,NATIVE_SOFTWARE,x86_64,"AMD64 Family 23 Model 96 Stepping 1, AuthenticAMD",12,7598,Windows-11-10.0.26200-SP0,N/A (prebuilt Python extension wheel),N/A,N/A (prebuilt wheel),pqcrypto,0.4.0,ML-KEM-768,encapsulation,26,181000,29999104,True,
9688e997-27dc-4649-88e9-6643b3730135,07084835-0852-4baa-a0cc-3119cc6c24d1,2026-08-12T17:25:27.861029+00:00,controlled_windows_x86_64_two_cpu,NATIVE_SOFTWARE,x86_64,"AMD64 Family 23 Model 96 Stepping 1, AuthenticAMD",12,7598,Windows-11-10.0.26200-SP0,N/A (prebuilt Python extension wheel),N/A,N/A (prebuilt wheel),pqcrypto,0.4.0,ML-KEM-768,decapsulation,26,70500,29999104,True,
9688e997-27dc-4649-88e9-6643b3730135,07084835-0852-4baa-a0cc-3119cc6c24d1,2026-08-12T17:25:27.861183+00:00,controlled_windows_x86_64_two_cpu,NATIVE_SOFTWARE,x86_64,"AMD64 Family 23 Model 96 Stepping 1, AuthenticAMD",12,7598,Windows-11-10.0.26200-SP0,N/A (prebuilt Python extension wheel),N/A,N/A (prebuilt wheel),pqcrypto,0.4.0,ML-KEM-768,keygen,27,175100,29999104,True,
9688e997-27dc-4649-88e9-6643b3730135,07084835-0852-4baa-a0cc-3119cc6c24d1,2026-08-12T17:25:27.861678+00:00,controlled_windows_x86_64_two_cpu,NATIVE_SOFTWARE,x86_64,"AMD64 Family 23 Model 96 Stepping 1, AuthenticAMD",12,7598,Windows-11-10.0.26200-SP0,N/A (prebuilt Python extension wheel),N/A,N/A (prebuilt wheel),pqcrypto,0.4.0,ML-KEM-768,encapsulation,27,173800,29999104,True,
9688e997-27dc-4649-88e9-6643b3730135,07084835-0852-4baa-a0cc-3119cc6c24d1,2026-08-12T17:25:27.861950+00:00,controlled_windows_x86_64_two_cpu,NATIVE_SOFTWARE,x86_64,"AMD64 Family 23 Model 96 Stepping 1, AuthenticAMD",12,7598,Windows-11-10.0.26200-SP0,N/A (prebuilt Python extension wheel),N/A,N/A (prebuilt wheel),pqcrypto,0.4.0,ML-KEM-768,decapsulation,27,69500,29999104,True,
9688e997-27dc-4649-88e9-6643b3730135,07084835-0852-4baa-a0cc-3119cc6c24d1,2026-08-12T17:25:27.862102+00:00,controlled_windows_x86_64_two_cpu,NATIVE_SOFTWARE,x86_64,"AMD64 Family 23 Model 96 Stepping 1, AuthenticAMD",12,7598,Windows-11-10.0.26200-SP0,N/A (prebuilt Python extension wheel),N/A,N/A (prebuilt wheel),pqcrypto,0.4.0,ML-KEM-768,keygen,28,175000,29999104,True,
9688e997-27dc-4649-88e9-6643b3730135,07084835-0852-4baa-a0cc-3119cc6c24d1,2026-08-12T17:25:27.862566+00:00,controlled_windows_x86_64_two_cpu,NATIVE_SOFTWARE,x86_64,"AMD64 Family 23 Model 96 Stepping 1, AuthenticAMD",12,7598,Windows-11-10.0.26200-SP0,N/A (prebuilt Python extension wheel),N/A,N/A (prebuilt wheel),pqcrypto,0.4.0,ML-KEM-768,encapsulation,28,172400,29999104,True,
9688e997-27dc-4649-88e9-6643b3730135,07084835-0852-4baa-a0cc-3119cc6c24d1,2026-08-12T17:25:27.862837+00:00,controlled_windows_x86_64_two_cpu,NATIVE_SOFTWARE,x86_64,"AMD64 Family 23 Model 96 Stepping 1, AuthenticAMD",12,7598,Windows-11-10.0.26200-SP0,N/A (prebuilt Python extension wheel),N/A,N/A (prebuilt wheel),pqcrypto,0.4.0,ML-KEM-768,decapsulation,28,69000,29999104,True,
9688e997-27dc-4649-88e9-6643b3730135,07084835-0852-4baa-a0cc-3119cc6c24d1,2026-08-12T17:25:27.863065+00:00,controlled_windows_x86_64_two_cpu,NATIVE_SOFTWARE,x86_64,"AMD64 Family 23 Model 96 Stepping 1, AuthenticAMD",12,7598,Windows-11-10.0.26200-SP0,N/A (prebuilt Python extension wheel),N/A,N/A (prebuilt wheel),pqcrypto,0.4.0,ML-KEM-768,keygen,29,199400,29999104,True,
9688e997-27dc-4649-88e9-6643b3730135,07084835-0852-4baa-a0cc-3119cc6c24d1,2026-08-12T17:25:27.863598+00:00,controlled_windows_x86_64_two_cpu,NATIVE_SOFTWARE,x86_64,"AMD64 Family 23 Model 96 Stepping 1, AuthenticAMD",12,7598,Windows-11-10.0.26200-SP0,N/A (prebuilt Python extension wheel),N/A,N/A (prebuilt wheel),pqcrypto,0.4.0,ML-KEM-768,encapsulation,29,181200,29999104,True,
9688e997-27dc-4649-88e9-6643b3730135,07084835-0852-4baa-a0cc-3119cc6c24d1,2026-08-12T17:25:27.863895+00:00,controlled_windows_x86_64_two_cpu,NATIVE_SOFTWARE,x86_64,"AMD64 Family 23 Model 96 Stepping 1, AuthenticAMD",12,7598,Windows-11-10.0.26200-SP0,N/A (prebuilt Python extension wheel),N/A,N/A (prebuilt wheel),pqcrypto,0.4.0,ML-KEM-768,decapsulation,29,85400,29999104,True,
9688e997-27dc-4649-88e9-6643b3730135,07084835-0852-4baa-a0cc-3119cc6c24d1,2026-08-12T17:25:27.864104+00:00,controlled_windows_x86_64_two_cpu,NATIVE_SOFTWARE,x86_64,"AMD64 Family 23 Model 96 Stepping 1, AuthenticAMD",12,7598,Windows-11-10.0.26200-SP0,N/A (prebuilt Python extension wheel),N/A,N/A (prebuilt wheel),pqcrypto,0.4.0,ML-KEM-768,keygen,30,242600,29999104,True,
9688e997-27dc-4649-88e9-6643b3730135,07084835-0852-4baa-a0cc-3119cc6c24d1,2026-08-12T17:25:27.864677+00:00,controlled_windows_x86_64_two_cpu,NATIVE_SOFTWARE,x86_64,"AMD64 Family 23 Model 96 Stepping 1, AuthenticAMD",12,7598,Windows-11-10.0.26200-SP0,N/A (prebuilt Python extension wheel),N/A,N/A (prebuilt wheel),pqcrypto,0.4.0,ML-KEM-768,encapsulation,30,221300,29999104,True,
9688e997-27dc-4649-88e9-6643b3730135,07084835-0852-4baa-a0cc-3119cc6c24d1,2026-08-12T17:25:27.865005+00:00,controlled_windows_x86_64_two_cpu,NATIVE_SOFTWARE,x86_64,"AMD64 Family 23 Model 96 Stepping 1, AuthenticAMD",12,7598,Windows-11-10.0.26200-SP0,N/A (prebuilt Python extension wheel),N/A,N/A (prebuilt wheel),pqcrypto,0.4.0,ML-KEM-768,decapsulation,30,71100,29999104,True,
9688e997-27dc-4649-88e9-6643b3730135,07084835-0852-4baa-a0cc-3119cc6c24d1,2026-08-12T17:25:27.865162+00:00,controlled_windows_x86_64_two_cpu,NATIVE_SOFTWARE,x86_64,"AMD64 Family 23 Model 96 Stepping 1, AuthenticAMD",12,7598,Windows-11-10.0.26200-SP0,N/A (prebuilt Python extension wheel),N/A,N/A (prebuilt wheel),pqcrypto,0.4.0,ML-KEM-768,keygen,31,182000,29999104,True,
9688e997-27dc-4649-88e9-6643b3730135,07084835-0852-4baa-a0cc-3119cc6c24d1,2026-08-12T17:25:27.865655+00:00,controlled_windows_x86_64_two_cpu,NATIVE_SOFTWARE,x86_64,"AMD64 Family 23 Model 96 Stepping 1, AuthenticAMD",12,7598,Windows-11-10.0.26200-SP0,N/A (prebuilt Python extension wheel),N/A,N/A (prebuilt wheel),pqcrypto,0.4.0,ML-KEM-768,encapsulation,31,175000,29999104,True,
9688e997-27dc-4649-88e9-6643b3730135,07084835-0852-4baa-a0cc-3119cc6c24d1,2026-08-12T17:25:27.865957+00:00,controlled_windows_x86_64_two_cpu,NATIVE_SOFTWARE,x86_64,"AMD64 Family 23 Model 96 Stepping 1, AuthenticAMD",12,7598,Windows-11-10.0.26200-SP0,N/A (prebuilt Python extension wheel),N/A,N/A (prebuilt wheel),pqcrypto,0.4.0,ML-KEM-768,decapsulation,31,72500,29999104,True,
9688e997-27dc-4649-88e9-6643b3730135,07084835-0852-4baa-a0cc-3119cc6c24d1,2026-08-12T17:25:27.866114+00:00,controlled_windows_x86_64_two_cpu,NATIVE_SOFTWARE,x86_64,"AMD64 Family 23 Model 96 Stepping 1, AuthenticAMD",12,7598,Windows-11-10.0.26200-SP0,N/A (prebuilt Python extension wheel),N/A,N/A (prebuilt wheel),pqcrypto,0.4.0,ML-KEM-768,keygen,32,175600,29999104,True,
9688e997-27dc-4649-88e9-6643b3730135,07084835-0852-4baa-a0cc-3119cc6c24d1,2026-08-12T17:25:27.866596+00:00,controlled_windows_x86_64_two_cpu,NATIVE_SOFTWARE,x86_64,"AMD64 Family 23 Model 96 Stepping 1, AuthenticAMD",12,7598,Windows-11-10.0.26200-SP0,N/A (prebuilt Python extension wheel),N/A,N/A (prebuilt wheel),pqcrypto,0.4.0,ML-KEM-768,encapsulation,32,242200,30003200,True,
9688e997-27dc-4649-88e9-6643b3730135,07084835-0852-4baa-a0cc-3119cc6c24d1,2026-08-12T17:25:27.867765+00:00,controlled_windows_x86_64_two_cpu,NATIVE_SOFTWARE,x86_64,"AMD64 Family 23 Model 96 Stepping 1, AuthenticAMD",12,7598,Windows-11-10.0.26200-SP0,N/A (prebuilt Python extension wheel),N/A,N/A (prebuilt wheel),pqcrypto,0.4.0,ML-KEM-768,decapsulation,32,85900,30003200,True,
9688e997-27dc-4649-88e9-6643b3730135,07084835-0852-4baa-a0cc-3119cc6c24d1,2026-08-12T17:25:27.867950+00:00,controlled_windows_x86_64_two_cpu,NATIVE_SOFTWARE,x86_64,"AMD64 Family 23 Model 96 Stepping 1, AuthenticAMD",12,7598,Windows-11-10.0.26200-SP0,N/A (prebuilt Python extension wheel),N/A,N/A (prebuilt wheel),pqcrypto,0.4.0,ML-KEM-768,keygen,33,435800,30003200,True,
9688e997-27dc-4649-88e9-6643b3730135,07084835-0852-4baa-a0cc-3119cc6c24d1,2026-08-12T17:25:27.868829+00:00,controlled_windows_x86_64_two_cpu,NATIVE_SOFTWARE,x86_64,"AMD64 Family 23 Model 96 Stepping 1, AuthenticAMD",12,7598,Windows-11-10.0.26200-SP0,N/A (prebuilt Python extension wheel),N/A,N/A (prebuilt wheel),pqcrypto,0.4.0,ML-KEM-768,encapsulation,33,191700,30003200,True,
9688e997-27dc-4649-88e9-6643b3730135,07084835-0852-4baa-a0cc-3119cc6c24d1,2026-08-12T17:25:27.869123+00:00,controlled_windows_x86_64_two_cpu,NATIVE_SOFTWARE,x86_64,"AMD64 Family 23 Model 96 Stepping 1, AuthenticAMD",12,7598,Windows-11-10.0.26200-SP0,N/A (prebuilt Python extension wheel),N/A,N/A (prebuilt wheel),pqcrypto,0.4.0,ML-KEM-768,decapsulation,33,69500,30003200,True,
9688e997-27dc-4649-88e9-6643b3730135,07084835-0852-4baa-a0cc-3119cc6c24d1,2026-08-12T17:25:27.869273+00:00,controlled_windows_x86_64_two_cpu,NATIVE_SOFTWARE,x86_64,"AMD64 Family 23 Model 96 Stepping 1, AuthenticAMD",12,7598,Windows-11-10.0.26200-SP0,N/A (prebuilt Python extension wheel),N/A,N/A (prebuilt wheel),pqcrypto,0.4.0,ML-KEM-768,keygen,34,192000,30003200,True,
9688e997-27dc-4649-88e9-6643b3730135,07084835-0852-4baa-a0cc-3119cc6c24d1,2026-08-12T17:25:27.869738+00:00,controlled_windows_x86_64_two_cpu,NATIVE_SOFTWARE,x86_64,"AMD64 Family 23 Model 96 Stepping 1, AuthenticAMD",12,7598,Windows-11-10.0.26200-SP0,N/A (prebuilt Python extension wheel),N/A,N/A (prebuilt wheel),pqcrypto,0.4.0,ML-KEM-768,encapsulation,34,234900,30003200,True,
9688e997-27dc-4649-88e9-6643b3730135,07084835-0852-4baa-a0cc-3119cc6c24d1,2026-08-12T17:25:27.870078+00:00,controlled_windows_x86_64_two_cpu,NATIVE_SOFTWARE,x86_64,"AMD64 Family 23 Model 96 Stepping 1, AuthenticAMD",12,7598,Windows-11-10.0.26200-SP0,N/A (prebuilt Python extension wheel),N/A,N/A (prebuilt wheel),pqcrypto,0.4.0,ML-KEM-768,decapsulation,34,69900,30003200,True,
9688e997-27dc-4649-88e9-6643b3730135,07084835-0852-4baa-a0cc-3119cc6c24d1,2026-08-12T17:25:27.870261+00:00,controlled_windows_x86_64_two_cpu,NATIVE_SOFTWARE,x86_64,"AMD64 Family 23 Model 96 Stepping 1, AuthenticAMD",12,7598,Windows-11-10.0.26200-SP0,N/A (prebuilt Python extension wheel),N/A,N/A (prebuilt wheel),pqcrypto,0.4.0,ML-KEM-768,keygen,35,269200,30003200,True,
9688e997-27dc-4649-88e9-6643b3730135,07084835-0852-4baa-a0cc-3119cc6c24d1,2026-08-12T17:25:27.870823+00:00,controlled_windows_x86_64_two_cpu,NATIVE_SOFTWARE,x86_64,"AMD64 Family 23 Model 96 Stepping 1, AuthenticAMD",12,7598,Windows-11-10.0.26200-SP0,N/A (prebuilt Python extension wheel),N/A,N/A (prebuilt wheel),pqcrypto,0.4.0,ML-KEM-768,encapsulation,35,233400,30003200,True,
9688e997-27dc-4649-88e9-6643b3730135,07084835-0852-4baa-a0cc-3119cc6c24d1,2026-08-12T17:25:27.871221+00:00,controlled_windows_x86_64_two_cpu,NATIVE_SOFTWARE,x86_64,"AMD64 Family 23 Model 96 Stepping 1, AuthenticAMD",12,7598,Windows-11-10.0.26200-SP0,N/A (prebuilt Python extension wheel),N/A,N/A (prebuilt wheel),pqcrypto,0.4.0,ML-KEM-768,decapsulation,35,73900,30003200,True,
9688e997-27dc-4649-88e9-6643b3730135,07084835-0852-4baa-a0cc-3119cc6c24d1,2026-08-12T17:25:27.871399+00:00,controlled_windows_x86_64_two_cpu,NATIVE_SOFTWARE,x86_64,"AMD64 Family 23 Model 96 Stepping 1, AuthenticAMD",12,7598,Windows-11-10.0.26200-SP0,N/A (prebuilt Python extension wheel),N/A,N/A (prebuilt wheel),pqcrypto,0.4.0,ML-KEM-768,keygen,36,280000,30003200,True,
9688e997-27dc-4649-88e9-6643b3730135,07084835-0852-4baa-a0cc-3119cc6c24d1,2026-08-12T17:25:27.872048+00:00,controlled_windows_x86_64_two_cpu,NATIVE_SOFTWARE,x86_64,"AMD64 Family 23 Model 96 Stepping 1, AuthenticAMD",12,7598,Windows-11-10.0.26200-SP0,N/A (prebuilt Python extension wheel),N/A,N/A (prebuilt wheel),pqcrypto,0.4.0,ML-KEM-768,encapsulation,36,214800,30003200,True,
9688e997-27dc-4649-88e9-6643b3730135,07084835-0852-4baa-a0cc-3119cc6c24d1,2026-08-12T17:25:27.872481+00:00,controlled_windows_x86_64_two_cpu,NATIVE_SOFTWARE,x86_64,"AMD64 Family 23 Model 96 Stepping 1, AuthenticAMD",12,7598,Windows-11-10.0.26200-SP0,N/A (prebuilt Python extension wheel),N/A,N/A (prebuilt wheel),pqcrypto,0.4.0,ML-KEM-768,decapsulation,36,76200,30003200,True,
9688e997-27dc-4649-88e9-6643b3730135,07084835-0852-4baa-a0cc-3119cc6c24d1,2026-08-12T17:25:27.872649+00:00,controlled_windows_x86_64_two_cpu,NATIVE_SOFTWARE,x86_64,"AMD64 Family 23 Model 96 Stepping 1, AuthenticAMD",12,7598,Windows-11-10.0.26200-SP0,N/A (prebuilt Python extension wheel),N/A,N/A (prebuilt wheel),pqcrypto,0.4.0,ML-KEM-768,keygen,37,317000,30003200,True,
9688e997-27dc-4649-88e9-6643b3730135,07084835-0852-4baa-a0cc-3119cc6c24d1,2026-08-12T17:25:27.873413+00:00,controlled_windows_x86_64_two_cpu,NATIVE_SOFTWARE,x86_64,"AMD64 Family 23 Model 96 Stepping 1, AuthenticAMD",12,7598,Windows-11-10.0.26200-SP0,N/A (prebuilt Python extension wheel),N/A,N/A (prebuilt wheel),pqcrypto,0.4.0,ML-KEM-768,encapsulation,37,303000,30003200,True,
9688e997-27dc-4649-88e9-6643b3730135,07084835-0852-4baa-a0cc-3119cc6c24d1,2026-08-12T17:25:27.873992+00:00,controlled_windows_x86_64_two_cpu,NATIVE_SOFTWARE,x86_64,"AMD64 Family 23 Model 96 Stepping 1, AuthenticAMD",12,7598,Windows-11-10.0.26200-SP0,N/A (prebuilt Python extension wheel),N/A,N/A (prebuilt wheel),pqcrypto,0.4.0,ML-KEM-768,decapsulation,37,77700,30003200,True,
9688e997-27dc-4649-88e9-6643b3730135,07084835-0852-4baa-a0cc-3119cc6c24d1,2026-08-12T17:25:27.874171+00:00,controlled_windows_x86_64_two_cpu,NATIVE_SOFTWARE,x86_64,"AMD64 Family 23 Model 96 Stepping 1, AuthenticAMD",12,7598,Windows-11-10.0.26200-SP0,N/A (prebuilt Python extension wheel),N/A,N/A (prebuilt wheel),pqcrypto,0.4.0,ML-KEM-768,keygen,38,232500,30003200,True,
9688e997-27dc-4649-88e9-6643b3730135,07084835-0852-4baa-a0cc-3119cc6c24d1,2026-08-12T17:25:27.874749+00:00,controlled_windows_x86_64_two_cpu,NATIVE_SOFTWARE,x86_64,"AMD64 Family 23 Model 96 Stepping 1, AuthenticAMD",12,7598,Windows-11-10.0.26200-SP0,N/A (prebuilt Python extension wheel),N/A,N/A (prebuilt wheel),pqcrypto,0.4.0,ML-KEM-768,encapsulation,38,194500,30003200,True,
9688e997-27dc-4649-88e9-6643b3730135,07084835-0852-4baa-a0cc-3119cc6c24d1,2026-08-12T17:25:27.875116+00:00,controlled_windows_x86_64_two_cpu,NATIVE_SOFTWARE,x86_64,"AMD64 Family 23 Model 96 Stepping 1, AuthenticAMD",12,7598,Windows-11-10.0.26200-SP0,N/A (prebuilt Python extension wheel),N/A,N/A (prebuilt wheel),pqcrypto,0.4.0,ML-KEM-768,decapsulation,38,72800,30003200,True,
9688e997-27dc-4649-88e9-6643b3730135,07084835-0852-4baa-a0cc-3119cc6c24d1,2026-08-12T17:25:27.875282+00:00,controlled_windows_x86_64_two_cpu,NATIVE_SOFTWARE,x86_64,"AMD64 Family 23 Model 96 Stepping 1, AuthenticAMD",12,7598,Windows-11-10.0.26200-SP0,N/A (prebuilt Python extension wheel),N/A,N/A (prebuilt wheel),pqcrypto,0.4.0,ML-KEM-768,keygen,39,354900,30003200,True,
9688e997-27dc-4649-88e9-6643b3730135,07084835-0852-4baa-a0cc-3119cc6c24d1,2026-08-12T17:25:27.876061+00:00,controlled_windows_x86_64_two_cpu,NATIVE_SOFTWARE,x86_64,"AMD64 Family 23 Model 96 Stepping 1, AuthenticAMD",12,7598,Windows-11-10.0.26200-SP0,N/A (prebuilt Python extension wheel),N/A,N/A (prebuilt wheel),pqcrypto,0.4.0,ML-KEM-768,encapsulation,39,193000,30003200,True,
9688e997-27dc-4649-88e9-6643b3730135,07084835-0852-4baa-a0cc-3119cc6c24d1,2026-08-12T17:25:27.876360+00:00,controlled_windows_x86_64_two_cpu,NATIVE_SOFTWARE,x86_64,"AMD64 Family 23 Model 96 Stepping 1, AuthenticAMD",12,7598,Windows-11-10.0.26200-SP0,N/A (prebuilt Python extension wheel),N/A,N/A (prebuilt wheel),pqcrypto,0.4.0,ML-KEM-768,decapsulation,39,85600,30003200,True,
9688e997-27dc-4649-88e9-6643b3730135,07084835-0852-4baa-a0cc-3119cc6c24d1,2026-08-12T17:25:27.876529+00:00,controlled_windows_x86_64_two_cpu,NATIVE_SOFTWARE,x86_64,"AMD64 Family 23 Model 96 Stepping 1, AuthenticAMD",12,7598,Windows-11-10.0.26200-SP0,N/A (prebuilt Python extension wheel),N/A,N/A (prebuilt wheel),pqcrypto,0.4.0,ML-KEM-768,keygen,40,179500,30003200,True,
9688e997-27dc-4649-88e9-6643b3730135,07084835-0852-4baa-a0cc-3119cc6c24d1,2026-08-12T17:25:27.877049+00:00,controlled_windows_x86_64_two_cpu,NATIVE_SOFTWARE,x86_64,"AMD64 Family 23 Model 96 Stepping 1, AuthenticAMD",12,7598,Windows-11-10.0.26200-SP0,N/A (prebuilt Python extension wheel),N/A,N/A (prebuilt wheel),pqcrypto,0.4.0,ML-KEM-768,encapsulation,40,217400,30003200,True,
9688e997-27dc-4649-88e9-6643b3730135,07084835-0852-4baa-a0cc-3119cc6c24d1,2026-08-12T17:25:27.877411+00:00,controlled_windows_x86_64_two_cpu,NATIVE_SOFTWARE,x86_64,"AMD64 Family 23 Model 96 Stepping 1, AuthenticAMD",12,7598,Windows-11-10.0.26200-SP0,N/A (prebuilt Python extension wheel),N/A,N/A (prebuilt wheel),pqcrypto,0.4.0,ML-KEM-768,decapsulation,40,91300,30003200,True,
9688e997-27dc-4649-88e9-6643b3730135,07084835-0852-4baa-a0cc-3119cc6c24d1,2026-08-12T17:25:27.877593+00:00,controlled_windows_x86_64_two_cpu,NATIVE_SOFTWARE,x86_64,"AMD64 Family 23 Model 96 Stepping 1, AuthenticAMD",12,7598,Windows-11-10.0.26200-SP0,N/A (prebuilt Python extension wheel),N/A,N/A (prebuilt wheel),pqcrypto,0.4.0,ML-KEM-768,keygen,41,218900,30003200,True,
9688e997-27dc-4649-88e9-6643b3730135,07084835-0852-4baa-a0cc-3119cc6c24d1,2026-08-12T17:25:27.878232+00:00,controlled_windows_x86_64_two_cpu,NATIVE_SOFTWARE,x86_64,"AMD64 Family 23 Model 96 Stepping 1, AuthenticAMD",12,7598,Windows-11-10.0.26200-SP0,N/A (prebuilt Python extension wheel),N/A,N/A (prebuilt wheel),pqcrypto,0.4.0,ML-KEM-768,encapsulation,41,217900,30003200,True,
9688e997-27dc-4649-88e9-6643b3730135,07084835-0852-4baa-a0cc-3119cc6c24d1,2026-08-12T17:25:27.878596+00:00,controlled_windows_x86_64_two_cpu,NATIVE_SOFTWARE,x86_64,"AMD64 Family 23 Model 96 Stepping 1, AuthenticAMD",12,7598,Windows-11-10.0.26200-SP0,N/A (prebuilt Python extension wheel),N/A,N/A (prebuilt wheel),pqcrypto,0.4.0,ML-KEM-768,decapsulation,41,104400,30003200,True,
9688e997-27dc-4649-88e9-6643b3730135,07084835-0852-4baa-a0cc-3119cc6c24d1,2026-08-12T17:25:27.878796+00:00,controlled_windows_x86_64_two_cpu,NATIVE_SOFTWARE,x86_64,"AMD64 Family 23 Model 96 Stepping 1, AuthenticAMD",12,7598,Windows-11-10.0.26200-SP0,N/A (prebuilt Python extension wheel),N/A,N/A (prebuilt wheel),pqcrypto,0.4.0,ML-KEM-768,keygen,42,190700,30003200,True,
9688e997-27dc-4649-88e9-6643b3730135,07084835-0852-4baa-a0cc-3119cc6c24d1,2026-08-12T17:25:27.879261+00:00,controlled_windows_x86_64_two_cpu,NATIVE_SOFTWARE,x86_64,"AMD64 Family 23 Model 96 Stepping 1, AuthenticAMD",12,7598,Windows-11-10.0.26200-SP0,N/A (prebuilt Python extension wheel),N/A,N/A (prebuilt wheel),pqcrypto,0.4.0,ML-KEM-768,encapsulation,42,191300,30003200,True,
9688e997-27dc-4649-88e9-6643b3730135,07084835-0852-4baa-a0cc-3119cc6c24d1,2026-08-12T17:25:27.879561+00:00,controlled_windows_x86_64_two_cpu,NATIVE_SOFTWARE,x86_64,"AMD64 Family 23 Model 96 Stepping 1, AuthenticAMD",12,7598,Windows-11-10.0.26200-SP0,N/A (prebuilt Python extension wheel),N/A,N/A (prebuilt wheel),pqcrypto,0.4.0,ML-KEM-768,decapsulation,42,71400,30003200,True,
9688e997-27dc-4649-88e9-6643b3730135,07084835-0852-4baa-a0cc-3119cc6c24d1,2026-08-12T17:25:27.879718+00:00,controlled_windows_x86_64_two_cpu,NATIVE_SOFTWARE,x86_64,"AMD64 Family 23 Model 96 Stepping 1, AuthenticAMD",12,7598,Windows-11-10.0.26200-SP0,N/A (prebuilt Python extension wheel),N/A,N/A (prebuilt wheel),pqcrypto,0.4.0,ML-KEM-768,keygen,43,191100,30003200,True,
9688e997-27dc-4649-88e9-6643b3730135,07084835-0852-4baa-a0cc-3119cc6c24d1,2026-08-12T17:25:27.880197+00:00,controlled_windows_x86_64_two_cpu,NATIVE_SOFTWARE,x86_64,"AMD64 Family 23 Model 96 Stepping 1, AuthenticAMD",12,7598,Windows-11-10.0.26200-SP0,N/A (prebuilt Python extension wheel),N/A,N/A (prebuilt wheel),pqcrypto,0.4.0,ML-KEM-768,encapsulation,43,175100,30003200,True,
9688e997-27dc-4649-88e9-6643b3730135,07084835-0852-4baa-a0cc-3119cc6c24d1,2026-08-12T17:25:27.880496+00:00,controlled_windows_x86_64_two_cpu,NATIVE_SOFTWARE,x86_64,"AMD64 Family 23 Model 96 Stepping 1, AuthenticAMD",12,7598,Windows-11-10.0.26200-SP0,N/A (prebuilt Python extension wheel),N/A,N/A (prebuilt wheel),pqcrypto,0.4.0,ML-KEM-768,decapsulation,43,69700,30003200,True,
9688e997-27dc-4649-88e9-6643b3730135,07084835-0852-4baa-a0cc-3119cc6c24d1,2026-08-12T17:25:27.880645+00:00,controlled_windows_x86_64_two_cpu,NATIVE_SOFTWARE,x86_64,"AMD64 Family 23 Model 96 Stepping 1, AuthenticAMD",12,7598,Windows-11-10.0.26200-SP0,N/A (prebuilt Python extension wheel),N/A,N/A (prebuilt wheel),pqcrypto,0.4.0,ML-KEM-768,keygen,44,201500,30003200,True,
9688e997-27dc-4649-88e9-6643b3730135,07084835-0852-4baa-a0cc-3119cc6c24d1,2026-08-12T17:25:27.881125+00:00,controlled_windows_x86_64_two_cpu,NATIVE_SOFTWARE,x86_64,"AMD64 Family 23 Model 96 Stepping 1, AuthenticAMD",12,7598,Windows-11-10.0.26200-SP0,N/A (prebuilt Python extension wheel),N/A,N/A (prebuilt wheel),pqcrypto,0.4.0,ML-KEM-768,encapsulation,44,175000,30003200,True,
9688e997-27dc-4649-88e9-6643b3730135,07084835-0852-4baa-a0cc-3119cc6c24d1,2026-08-12T17:25:27.881396+00:00,controlled_windows_x86_64_two_cpu,NATIVE_SOFTWARE,x86_64,"AMD64 Family 23 Model 96 Stepping 1, AuthenticAMD",12,7598,Windows-11-10.0.26200-SP0,N/A (prebuilt Python extension wheel),N/A,N/A (prebuilt wheel),pqcrypto,0.4.0,ML-KEM-768,decapsulation,44,86300,30007296,True,
9688e997-27dc-4649-88e9-6643b3730135,07084835-0852-4baa-a0cc-3119cc6c24d1,2026-08-12T17:25:27.881610+00:00,controlled_windows_x86_64_two_cpu,NATIVE_SOFTWARE,x86_64,"AMD64 Family 23 Model 96 Stepping 1, AuthenticAMD",12,7598,Windows-11-10.0.26200-SP0,N/A (prebuilt Python extension wheel),N/A,N/A (prebuilt wheel),pqcrypto,0.4.0,ML-KEM-768,keygen,45,196400,30007296,True,
9688e997-27dc-4649-88e9-6643b3730135,07084835-0852-4baa-a0cc-3119cc6c24d1,2026-08-12T17:25:27.882086+00:00,controlled_windows_x86_64_two_cpu,NATIVE_SOFTWARE,x86_64,"AMD64 Family 23 Model 96 Stepping 1, AuthenticAMD",12,7598,Windows-11-10.0.26200-SP0,N/A (prebuilt Python extension wheel),N/A,N/A (prebuilt wheel),pqcrypto,0.4.0,ML-KEM-768,encapsulation,45,274500,30007296,True,
9688e997-27dc-4649-88e9-6643b3730135,07084835-0852-4baa-a0cc-3119cc6c24d1,2026-08-12T17:25:27.882534+00:00,controlled_windows_x86_64_two_cpu,NATIVE_SOFTWARE,x86_64,"AMD64 Family 23 Model 96 Stepping 1, AuthenticAMD",12,7598,Windows-11-10.0.26200-SP0,N/A (prebuilt Python extension wheel),N/A,N/A (prebuilt wheel),pqcrypto,0.4.0,ML-KEM-768,decapsulation,45,73800,30007296,True,
9688e997-27dc-4649-88e9-6643b3730135,07084835-0852-4baa-a0cc-3119cc6c24d1,2026-08-12T17:25:27.883399+00:00,controlled_windows_x86_64_two_cpu,NATIVE_SOFTWARE,x86_64,"AMD64 Family 23 Model 96 Stepping 1, AuthenticAMD",12,7598,Windows-11-10.0.26200-SP0,N/A (prebuilt Python extension wheel),N/A,N/A (prebuilt wheel),pqcrypto,0.4.0,ML-KEM-768,keygen,46,382300,30007296,True,
9688e997-27dc-4649-88e9-6643b3730135,07084835-0852-4baa-a0cc-3119cc6c24d1,2026-08-12T17:25:27.884150+00:00,controlled_windows_x86_64_two_cpu,NATIVE_SOFTWARE,x86_64,"AMD64 Family 23 Model 96 Stepping 1, AuthenticAMD",12,7598,Windows-11-10.0.26200-SP0,N/A (prebuilt Python extension wheel),N/A,N/A (prebuilt wheel),pqcrypto,0.4.0,ML-KEM-768,encapsulation,46,236400,30007296,True,
9688e997-27dc-4649-88e9-6643b3730135,07084835-0852-4baa-a0cc-3119cc6c24d1,2026-08-12T17:25:27.884568+00:00,controlled_windows_x86_64_two_cpu,NATIVE_SOFTWARE,x86_64,"AMD64 Family 23 Model 96 Stepping 1, AuthenticAMD",12,7598,Windows-11-10.0.26200-SP0,N/A (prebuilt Python extension wheel),N/A,N/A (prebuilt wheel),pqcrypto,0.4.0,ML-KEM-768,decapsulation,46,73100,30007296,True,
9688e997-27dc-4649-88e9-6643b3730135,07084835-0852-4baa-a0cc-3119cc6c24d1,2026-08-12T17:25:27.884732+00:00,controlled_windows_x86_64_two_cpu,NATIVE_SOFTWARE,x86_64,"AMD64 Family 23 Model 96 Stepping 1, AuthenticAMD",12,7598,Windows-11-10.0.26200-SP0,N/A (prebuilt Python extension wheel),N/A,N/A (prebuilt wheel),pqcrypto,0.4.0,ML-KEM-768,keygen,47,286600,30007296,True,
9688e997-27dc-4649-88e9-6643b3730135,07084835-0852-4baa-a0cc-3119cc6c24d1,2026-08-12T17:25:27.885378+00:00,controlled_windows_x86_64_two_cpu,NATIVE_SOFTWARE,x86_64,"AMD64 Family 23 Model 96 Stepping 1, AuthenticAMD",12,7598,Windows-11-10.0.26200-SP0,N/A (prebuilt Python extension wheel),N/A,N/A (prebuilt wheel),pqcrypto,0.4.0,ML-KEM-768,encapsulation,47,225100,30007296,True,
9688e997-27dc-4649-88e9-6643b3730135,07084835-0852-4baa-a0cc-3119cc6c24d1,2026-08-12T17:25:27.885748+00:00,controlled_windows_x86_64_two_cpu,NATIVE_SOFTWARE,x86_64,"AMD64 Family 23 Model 96 Stepping 1, AuthenticAMD",12,7598,Windows-11-10.0.26200-SP0,N/A (prebuilt Python extension wheel),N/A,N/A (prebuilt wheel),pqcrypto,0.4.0,ML-KEM-768,decapsulation,47,72800,30007296,True,
9688e997-27dc-4649-88e9-6643b3730135,07084835-0852-4baa-a0cc-3119cc6c24d1,2026-08-12T17:25:27.885912+00:00,controlled_windows_x86_64_two_cpu,NATIVE_SOFTWARE,x86_64,"AMD64 Family 23 Model 96 Stepping 1, AuthenticAMD",12,7598,Windows-11-10.0.26200-SP0,N/A (prebuilt Python extension wheel),N/A,N/A (prebuilt wheel),pqcrypto,0.4.0,ML-KEM-768,keygen,48,185800,30007296,True,
9688e997-27dc-4649-88e9-6643b3730135,07084835-0852-4baa-a0cc-3119cc6c24d1,2026-08-12T17:25:27.886383+00:00,controlled_windows_x86_64_two_cpu,NATIVE_SOFTWARE,x86_64,"AMD64 Family 23 Model 96 Stepping 1, AuthenticAMD",12,7598,Windows-11-10.0.26200-SP0,N/A (prebuilt Python extension wheel),N/A,N/A (prebuilt wheel),pqcrypto,0.4.0,ML-KEM-768,encapsulation,48,229500,30007296,True,
9688e997-27dc-4649-88e9-6643b3730135,07084835-0852-4baa-a0cc-3119cc6c24d1,2026-08-12T17:25:27.886738+00:00,controlled_windows_x86_64_two_cpu,NATIVE_SOFTWARE,x86_64,"AMD64 Family 23 Model 96 Stepping 1, AuthenticAMD",12,7598,Windows-11-10.0.26200-SP0,N/A (prebuilt Python extension wheel),N/A,N/A (prebuilt wheel),pqcrypto,0.4.0,ML-KEM-768,decapsulation,48,76000,30007296,True,
9688e997-27dc-4649-88e9-6643b3730135,07084835-0852-4baa-a0cc-3119cc6c24d1,2026-08-12T17:25:27.886904+00:00,controlled_windows_x86_64_two_cpu,NATIVE_SOFTWARE,x86_64,"AMD64 Family 23 Model 96 Stepping 1, AuthenticAMD",12,7598,Windows-11-10.0.26200-SP0,N/A (prebuilt Python extension wheel),N/A,N/A (prebuilt wheel),pqcrypto,0.4.0,ML-KEM-768,keygen,49,185600,30007296,True,
9688e997-27dc-4649-88e9-6643b3730135,07084835-0852-4baa-a0cc-3119cc6c24d1,2026-08-12T17:25:27.887357+00:00,controlled_windows_x86_64_two_cpu,NATIVE_SOFTWARE,x86_64,"AMD64 Family 23 Model 96 Stepping 1, AuthenticAMD",12,7598,Windows-11-10.0.26200-SP0,N/A (prebuilt Python extension wheel),N/A,N/A (prebuilt wheel),pqcrypto,0.4.0,ML-KEM-768,encapsulation,49,205400,30007296,True,
9688e997-27dc-4649-88e9-6643b3730135,07084835-0852-4baa-a0cc-3119cc6c24d1,2026-08-12T17:25:27.887663+00:00,controlled_windows_x86_64_two_cpu,NATIVE_SOFTWARE,x86_64,"AMD64 Family 23 Model 96 Stepping 1, AuthenticAMD",12,7598,Windows-11-10.0.26200-SP0,N/A (prebuilt Python extension wheel),N/A,N/A (prebuilt wheel),pqcrypto,0.4.0,ML-KEM-768,decapsulation,49,70000,30007296,True,
9688e997-27dc-4649-88e9-6643b3730135,07084835-0852-4baa-a0cc-3119cc6c24d1,2026-08-12T17:25:27.887815+00:00,controlled_windows_x86_64_two_cpu,NATIVE_SOFTWARE,x86_64,"AMD64 Family 23 Model 96 Stepping 1, AuthenticAMD",12,7598,Windows-11-10.0.26200-SP0,N/A (prebuilt Python extension wheel),N/A,N/A (prebuilt wheel),pqcrypto,0.4.0,ML-KEM-768,keygen,50,275100,30007296,True,
9688e997-27dc-4649-88e9-6643b3730135,07084835-0852-4baa-a0cc-3119cc6c24d1,2026-08-12T17:25:27.888544+00:00,controlled_windows_x86_64_two_cpu,NATIVE_SOFTWARE,x86_64,"AMD64 Family 23 Model 96 Stepping 1, AuthenticAMD",12,7598,Windows-11-10.0.26200-SP0,N/A (prebuilt Python extension wheel),N/A,N/A (prebuilt wheel),pqcrypto,0.4.0,ML-KEM-768,encapsulation,50,213200,30007296,True,
9688e997-27dc-4649-88e9-6643b3730135,07084835-0852-4baa-a0cc-3119cc6c24d1,2026-08-12T17:25:27.888887+00:00,controlled_windows_x86_64_two_cpu,NATIVE_SOFTWARE,x86_64,"AMD64 Family 23 Model 96 Stepping 1, AuthenticAMD",12,7598,Windows-11-10.0.26200-SP0,N/A (prebuilt Python extension wheel),N/A,N/A (prebuilt wheel),pqcrypto,0.4.0,ML-KEM-768,decapsulation,50,70100,30007296,True,
9688e997-27dc-4649-88e9-6643b3730135,07084835-0852-4baa-a0cc-3119cc6c24d1,2026-08-12T17:25:27.889037+00:00,controlled_windows_x86_64_two_cpu,NATIVE_SOFTWARE,x86_64,"AMD64 Family 23 Model 96 Stepping 1, AuthenticAMD",12,7598,Windows-11-10.0.26200-SP0,N/A (prebuilt Python extension wheel),N/A,N/A (prebuilt wheel),pqcrypto,0.4.0,ML-KEM-768,keygen,51,179400,30007296,True,
9688e997-27dc-4649-88e9-6643b3730135,07084835-0852-4baa-a0cc-3119cc6c24d1,2026-08-12T17:25:27.889513+00:00,controlled_windows_x86_64_two_cpu,NATIVE_SOFTWARE,x86_64,"AMD64 Family 23 Model 96 Stepping 1, AuthenticAMD",12,7598,Windows-11-10.0.26200-SP0,N/A (prebuilt Python extension wheel),N/A,N/A (prebuilt wheel),pqcrypto,0.4.0,ML-KEM-768,encapsulation,51,173400,30007296,True,
9688e997-27dc-4649-88e9-6643b3730135,07084835-0852-4baa-a0cc-3119cc6c24d1,2026-08-12T17:25:27.889782+00:00,controlled_windows_x86_64_two_cpu,NATIVE_SOFTWARE,x86_64,"AMD64 Family 23 Model 96 Stepping 1, AuthenticAMD",12,7598,Windows-11-10.0.26200-SP0,N/A (prebuilt Python extension wheel),N/A,N/A (prebuilt wheel),pqcrypto,0.4.0,ML-KEM-768,decapsulation,51,69500,30007296,True,
9688e997-27dc-4649-88e9-6643b3730135,07084835-0852-4baa-a0cc-3119cc6c24d1,2026-08-12T17:25:27.889932+00:00,controlled_windows_x86_64_two_cpu,NATIVE_SOFTWARE,x86_64,"AMD64 Family 23 Model 96 Stepping 1, AuthenticAMD",12,7598,Windows-11-10.0.26200-SP0,N/A (prebuilt Python extension wheel),N/A,N/A (prebuilt wheel),pqcrypto,0.4.0,ML-KEM-768,keygen,52,177900,30007296,True,
9688e997-27dc-4649-88e9-6643b3730135,07084835-0852-4baa-a0cc-3119cc6c24d1,2026-08-12T17:25:27.890372+00:00,controlled_windows_x86_64_two_cpu,NATIVE_SOFTWARE,x86_64,"AMD64 Family 23 Model 96 Stepping 1, AuthenticAMD",12,7598,Windows-11-10.0.26200-SP0,N/A (prebuilt Python extension wheel),N/A,N/A (prebuilt wheel),pqcrypto,0.4.0,ML-KEM-768,encapsulation,52,207600,30007296,True,
9688e997-27dc-4649-88e9-6643b3730135,07084835-0852-4baa-a0cc-3119cc6c24d1,2026-08-12T17:25:27.890675+00:00,controlled_windows_x86_64_two_cpu,NATIVE_SOFTWARE,x86_64,"AMD64 Family 23 Model 96 Stepping 1, AuthenticAMD",12,7598,Windows-11-10.0.26200-SP0,N/A (prebuilt Python extension wheel),N/A,N/A (prebuilt wheel),pqcrypto,0.4.0,ML-KEM-768,decapsulation,52,69200,30007296,True,
9688e997-27dc-4649-88e9-6643b3730135,07084835-0852-4baa-a0cc-3119cc6c24d1,2026-08-12T17:25:27.890915+00:00,controlled_windows_x86_64_two_cpu,NATIVE_SOFTWARE,x86_64,"AMD64 Family 23 Model 96 Stepping 1, AuthenticAMD",12,7598,Windows-11-10.0.26200-SP0,N/A (prebuilt Python extension wheel),N/A,N/A (prebuilt wheel),pqcrypto,0.4.0,ML-KEM-768,keygen,53,198800,30007296,True,
9688e997-27dc-4649-88e9-6643b3730135,07084835-0852-4baa-a0cc-3119cc6c24d1,2026-08-12T17:25:27.891414+00:00,controlled_windows_x86_64_two_cpu,NATIVE_SOFTWARE,x86_64,"AMD64 Family 23 Model 96 Stepping 1, AuthenticAMD",12,7598,Windows-11-10.0.26200-SP0,N/A (prebuilt Python extension wheel),N/A,N/A (prebuilt wheel),pqcrypto,0.4.0,ML-KEM-768,encapsulation,53,200400,30007296,True,
9688e997-27dc-4649-88e9-6643b3730135,07084835-0852-4baa-a0cc-3119cc6c24d1,2026-08-12T17:25:27.891733+00:00,controlled_windows_x86_64_two_cpu,NATIVE_SOFTWARE,x86_64,"AMD64 Family 23 Model 96 Stepping 1, AuthenticAMD",12,7598,Windows-11-10.0.26200-SP0,N/A (prebuilt Python extension wheel),N/A,N/A (prebuilt wheel),pqcrypto,0.4.0,ML-KEM-768,decapsulation,53,70600,30007296,True,
9688e997-27dc-4649-88e9-6643b3730135,07084835-0852-4baa-a0cc-3119cc6c24d1,2026-08-12T17:25:27.891887+00:00,controlled_windows_x86_64_two_cpu,NATIVE_SOFTWARE,x86_64,"AMD64 Family 23 Model 96 Stepping 1, AuthenticAMD",12,7598,Windows-11-10.0.26200-SP0,N/A (prebuilt Python extension wheel),N/A,N/A (prebuilt wheel),pqcrypto,0.4.0,ML-KEM-768,keygen,54,200400,30007296,True,
9688e997-27dc-4649-88e9-6643b3730135,07084835-0852-4baa-a0cc-3119cc6c24d1,2026-08-12T17:25:27.892478+00:00,controlled_windows_x86_64_two_cpu,NATIVE_SOFTWARE,x86_64,"AMD64 Family 23 Model 96 Stepping 1, AuthenticAMD",12,7598,Windows-11-10.0.26200-SP0,N/A (prebuilt Python extension wheel),N/A,N/A (prebuilt wheel),pqcrypto,0.4.0,ML-KEM-768,encapsulation,54,206900,30007296,True,
9688e997-27dc-4649-88e9-6643b3730135,07084835-0852-4baa-a0cc-3119cc6c24d1,2026-08-12T17:25:27.892863+00:00,controlled_windows_x86_64_two_cpu,NATIVE_SOFTWARE,x86_64,"AMD64 Family 23 Model 96 Stepping 1, AuthenticAMD",12,7598,Windows-11-10.0.26200-SP0,N/A (prebuilt Python extension wheel),N/A,N/A (prebuilt wheel),pqcrypto,0.4.0,ML-KEM-768,decapsulation,54,87400,30007296,True,
9688e997-27dc-4649-88e9-6643b3730135,07084835-0852-4baa-a0cc-3119cc6c24d1,2026-08-12T17:25:27.893065+00:00,controlled_windows_x86_64_two_cpu,NATIVE_SOFTWARE,x86_64,"AMD64 Family 23 Model 96 Stepping 1, AuthenticAMD",12,7598,Windows-11-10.0.26200-SP0,N/A (prebuilt Python extension wheel),N/A,N/A (prebuilt wheel),pqcrypto,0.4.0,ML-KEM-768,keygen,55,218600,30007296,True,
9688e997-27dc-4649-88e9-6643b3730135,07084835-0852-4baa-a0cc-3119cc6c24d1,2026-08-12T17:25:27.893622+00:00,controlled_windows_x86_64_two_cpu,NATIVE_SOFTWARE,x86_64,"AMD64 Family 23 Model 96 Stepping 1, AuthenticAMD",12,7598,Windows-11-10.0.26200-SP0,N/A (prebuilt Python extension wheel),N/A,N/A (prebuilt wheel),pqcrypto,0.4.0,ML-KEM-768,encapsulation,55,181600,30007296,True,
9688e997-27dc-4649-88e9-6643b3730135,07084835-0852-4baa-a0cc-3119cc6c24d1,2026-08-12T17:25:27.893967+00:00,controlled_windows_x86_64_two_cpu,NATIVE_SOFTWARE,x86_64,"AMD64 Family 23 Model 96 Stepping 1, AuthenticAMD",12,7598,Windows-11-10.0.26200-SP0,N/A (prebuilt Python extension wheel),N/A,N/A (prebuilt wheel),pqcrypto,0.4.0,ML-KEM-768,decapsulation,55,76800,30007296,True,
9688e997-27dc-4649-88e9-6643b3730135,07084835-0852-4baa-a0cc-3119cc6c24d1,2026-08-12T17:25:27.894142+00:00,controlled_windows_x86_64_two_cpu,NATIVE_SOFTWARE,x86_64,"AMD64 Family 23 Model 96 Stepping 1, AuthenticAMD",12,7598,Windows-11-10.0.26200-SP0,N/A (prebuilt Python extension wheel),N/A,N/A (prebuilt wheel),pqcrypto,0.4.0,ML-KEM-768,keygen,56,235300,30007296,True,
9688e997-27dc-4649-88e9-6643b3730135,07084835-0852-4baa-a0cc-3119cc6c24d1,2026-08-12T17:25:27.894672+00:00,controlled_windows_x86_64_two_cpu,NATIVE_SOFTWARE,x86_64,"AMD64 Family 23 Model 96 Stepping 1, AuthenticAMD",12,7598,Windows-11-10.0.26200-SP0,N/A (prebuilt Python extension wheel),N/A,N/A (prebuilt wheel),pqcrypto,0.4.0,ML-KEM-768,encapsulation,56,205900,30007296,True,
9688e997-27dc-4649-88e9-6643b3730135,07084835-0852-4baa-a0cc-3119cc6c24d1,2026-08-12T17:25:27.895024+00:00,controlled_windows_x86_64_two_cpu,NATIVE_SOFTWARE,x86_64,"AMD64 Family 23 Model 96 Stepping 1, AuthenticAMD",12,7598,Windows-11-10.0.26200-SP0,N/A (prebuilt Python extension wheel),N/A,N/A (prebuilt wheel),pqcrypto,0.4.0,ML-KEM-768,decapsulation,56,71600,30007296,True,
9688e997-27dc-4649-88e9-6643b3730135,07084835-0852-4baa-a0cc-3119cc6c24d1,2026-08-12T17:25:27.895178+00:00,controlled_windows_x86_64_two_cpu,NATIVE_SOFTWARE,x86_64,"AMD64 Family 23 Model 96 Stepping 1, AuthenticAMD",12,7598,Windows-11-10.0.26200-SP0,N/A (prebuilt Python extension wheel),N/A,N/A (prebuilt wheel),pqcrypto,0.4.0,ML-KEM-768,keygen,57,203400,30007296,True,
9688e997-27dc-4649-88e9-6643b3730135,07084835-0852-4baa-a0cc-3119cc6c24d1,2026-08-12T17:25:27.895703+00:00,controlled_windows_x86_64_two_cpu,NATIVE_SOFTWARE,x86_64,"AMD64 Family 23 Model 96 Stepping 1, AuthenticAMD",12,7598,Windows-11-10.0.26200-SP0,N/A (prebuilt Python extension wheel),N/A,N/A (prebuilt wheel),pqcrypto,0.4.0,ML-KEM-768,encapsulation,57,177100,30011392,True,
9688e997-27dc-4649-88e9-6643b3730135,07084835-0852-4baa-a0cc-3119cc6c24d1,2026-08-12T17:25:27.896026+00:00,controlled_windows_x86_64_two_cpu,NATIVE_SOFTWARE,x86_64,"AMD64 Family 23 Model 96 Stepping 1, AuthenticAMD",12,7598,Windows-11-10.0.26200-SP0,N/A (prebuilt Python extension wheel),N/A,N/A (prebuilt wheel),pqcrypto,0.4.0,ML-KEM-768,decapsulation,57,71300,30011392,True,
9688e997-27dc-4649-88e9-6643b3730135,07084835-0852-4baa-a0cc-3119cc6c24d1,2026-08-12T17:25:27.896181+00:00,controlled_windows_x86_64_two_cpu,NATIVE_SOFTWARE,x86_64,"AMD64 Family 23 Model 96 Stepping 1, AuthenticAMD",12,7598,Windows-11-10.0.26200-SP0,N/A (prebuilt Python extension wheel),N/A,N/A (prebuilt wheel),pqcrypto,0.4.0,ML-KEM-768,keygen,58,188400,30076928,True,
9688e997-27dc-4649-88e9-6643b3730135,07084835-0852-4baa-a0cc-3119cc6c24d1,2026-08-12T17:25:27.896717+00:00,controlled_windows_x86_64_two_cpu,NATIVE_SOFTWARE,x86_64,"AMD64 Family 23 Model 96 Stepping 1, AuthenticAMD",12,7598,Windows-11-10.0.26200-SP0,N/A (prebuilt Python extension wheel),N/A,N/A (prebuilt wheel),pqcrypto,0.4.0,ML-KEM-768,encapsulation,58,281900,30076928,True,
9688e997-27dc-4649-88e9-6643b3730135,07084835-0852-4baa-a0cc-3119cc6c24d1,2026-08-12T17:25:27.897099+00:00,controlled_windows_x86_64_two_cpu,NATIVE_SOFTWARE,x86_64,"AMD64 Family 23 Model 96 Stepping 1, AuthenticAMD",12,7598,Windows-11-10.0.26200-SP0,N/A (prebuilt Python extension wheel),N/A,N/A (prebuilt wheel),pqcrypto,0.4.0,ML-KEM-768,decapsulation,58,69800,30076928,True,
9688e997-27dc-4649-88e9-6643b3730135,07084835-0852-4baa-a0cc-3119cc6c24d1,2026-08-12T17:25:27.897965+00:00,controlled_windows_x86_64_two_cpu,NATIVE_SOFTWARE,x86_64,"AMD64 Family 23 Model 96 Stepping 1, AuthenticAMD",12,7598,Windows-11-10.0.26200-SP0,N/A (prebuilt Python extension wheel),N/A,N/A (prebuilt wheel),pqcrypto,0.4.0,ML-KEM-768,keygen,59,327600,30076928,True,
9688e997-27dc-4649-88e9-6643b3730135,07084835-0852-4baa-a0cc-3119cc6c24d1,2026-08-12T17:25:27.898702+00:00,controlled_windows_x86_64_two_cpu,NATIVE_SOFTWARE,x86_64,"AMD64 Family 23 Model 96 Stepping 1, AuthenticAMD",12,7598,Windows-11-10.0.26200-SP0,N/A (prebuilt Python extension wheel),N/A,N/A (prebuilt wheel),pqcrypto,0.4.0,ML-KEM-768,encapsulation,59,200300,30076928,True,
9688e997-27dc-4649-88e9-6643b3730135,07084835-0852-4baa-a0cc-3119cc6c24d1,2026-08-12T17:25:27.899071+00:00,controlled_windows_x86_64_two_cpu,NATIVE_SOFTWARE,x86_64,"AMD64 Family 23 Model 96 Stepping 1, AuthenticAMD",12,7598,Windows-11-10.0.26200-SP0,N/A (prebuilt Python extension wheel),N/A,N/A (prebuilt wheel),pqcrypto,0.4.0,ML-KEM-768,decapsulation,59,82300,30076928,True,
9688e997-27dc-4649-88e9-6643b3730135,07084835-0852-4baa-a0cc-3119cc6c24d1,2026-08-12T17:25:27.899258+00:00,controlled_windows_x86_64_two_cpu,NATIVE_SOFTWARE,x86_64,"AMD64 Family 23 Model 96 Stepping 1, AuthenticAMD",12,7598,Windows-11-10.0.26200-SP0,N/A (prebuilt Python extension wheel),N/A,N/A (prebuilt wheel),pqcrypto,0.4.0,ML-KEM-768,keygen,60,282500,30076928,True,
9688e997-27dc-4649-88e9-6643b3730135,07084835-0852-4baa-a0cc-3119cc6c24d1,2026-08-12T17:25:27.899884+00:00,controlled_windows_x86_64_two_cpu,NATIVE_SOFTWARE,x86_64,"AMD64 Family 23 Model 96 Stepping 1, AuthenticAMD",12,7598,Windows-11-10.0.26200-SP0,N/A (prebuilt Python extension wheel),N/A,N/A (prebuilt wheel),pqcrypto,0.4.0,ML-KEM-768,encapsulation,60,187500,30076928,True,
9688e997-27dc-4649-88e9-6643b3730135,07084835-0852-4baa-a0cc-3119cc6c24d1,2026-08-12T17:25:27.900188+00:00,controlled_windows_x86_64_two_cpu,NATIVE_SOFTWARE,x86_64,"AMD64 Family 23 Model 96 Stepping 1, AuthenticAMD",12,7598,Windows-11-10.0.26200-SP0,N/A (prebuilt Python extension wheel),N/A,N/A (prebuilt wheel),pqcrypto,0.4.0,ML-KEM-768,decapsulation,60,71800,30076928,True,
9688e997-27dc-4649-88e9-6643b3730135,07084835-0852-4baa-a0cc-3119cc6c24d1,2026-08-12T17:25:27.900358+00:00,controlled_windows_x86_64_two_cpu,NATIVE_SOFTWARE,x86_64,"AMD64 Family 23 Model 96 Stepping 1, AuthenticAMD",12,7598,Windows-11-10.0.26200-SP0,N/A (prebuilt Python extension wheel),N/A,N/A (prebuilt wheel),pqcrypto,0.4.0,ML-KEM-768,keygen,61,252600,30076928,True,
9688e997-27dc-4649-88e9-6643b3730135,07084835-0852-4baa-a0cc-3119cc6c24d1,2026-08-12T17:25:27.901116+00:00,controlled_windows_x86_64_two_cpu,NATIVE_SOFTWARE,x86_64,"AMD64 Family 23 Model 96 Stepping 1, AuthenticAMD",12,7598,Windows-11-10.0.26200-SP0,N/A (prebuilt Python extension wheel),N/A,N/A (prebuilt wheel),pqcrypto,0.4.0,ML-KEM-768,encapsulation,61,239300,30076928,True,
9688e997-27dc-4649-88e9-6643b3730135,07084835-0852-4baa-a0cc-3119cc6c24d1,2026-08-12T17:25:27.901541+00:00,controlled_windows_x86_64_two_cpu,NATIVE_SOFTWARE,x86_64,"AMD64 Family 23 Model 96 Stepping 1, AuthenticAMD",12,7598,Windows-11-10.0.26200-SP0,N/A (prebuilt Python extension wheel),N/A,N/A (prebuilt wheel),pqcrypto,0.4.0,ML-KEM-768,decapsulation,61,71900,30076928,True,
9688e997-27dc-4649-88e9-6643b3730135,07084835-0852-4baa-a0cc-3119cc6c24d1,2026-08-12T17:25:27.901701+00:00,controlled_windows_x86_64_two_cpu,NATIVE_SOFTWARE,x86_64,"AMD64 Family 23 Model 96 Stepping 1, AuthenticAMD",12,7598,Windows-11-10.0.26200-SP0,N/A (prebuilt Python extension wheel),N/A,N/A (prebuilt wheel),pqcrypto,0.4.0,ML-KEM-768,keygen,62,180900,30076928,True,
9688e997-27dc-4649-88e9-6643b3730135,07084835-0852-4baa-a0cc-3119cc6c24d1,2026-08-12T17:25:27.902214+00:00,controlled_windows_x86_64_two_cpu,NATIVE_SOFTWARE,x86_64,"AMD64 Family 23 Model 96 Stepping 1, AuthenticAMD",12,7598,Windows-11-10.0.26200-SP0,N/A (prebuilt Python extension wheel),N/A,N/A (prebuilt wheel),pqcrypto,0.4.0,ML-KEM-768,encapsulation,62,394900,30076928,True,
9688e997-27dc-4649-88e9-6643b3730135,07084835-0852-4baa-a0cc-3119cc6c24d1,2026-08-12T17:25:27.902769+00:00,controlled_windows_x86_64_two_cpu,NATIVE_SOFTWARE,x86_64,"AMD64 Family 23 Model 96 Stepping 1, AuthenticAMD",12,7598,Windows-11-10.0.26200-SP0,N/A (prebuilt Python extension wheel),N/A,N/A (prebuilt wheel),pqcrypto,0.4.0,ML-KEM-768,decapsulation,62,94300,30076928,True,
9688e997-27dc-4649-88e9-6643b3730135,07084835-0852-4baa-a0cc-3119cc6c24d1,2026-08-12T17:25:27.902960+00:00,controlled_windows_x86_64_two_cpu,NATIVE_SOFTWARE,x86_64,"AMD64 Family 23 Model 96 Stepping 1, AuthenticAMD",12,7598,Windows-11-10.0.26200-SP0,N/A (prebuilt Python extension wheel),N/A,N/A (prebuilt wheel),pqcrypto,0.4.0,ML-KEM-768,keygen,63,192500,30076928,True,
9688e997-27dc-4649-88e9-6643b3730135,07084835-0852-4baa-a0cc-3119cc6c24d1,2026-08-12T17:25:27.903453+00:00,controlled_windows_x86_64_two_cpu,NATIVE_SOFTWARE,x86_64,"AMD64 Family 23 Model 96 Stepping 1, AuthenticAMD",12,7598,Windows-11-10.0.26200-SP0,N/A (prebuilt Python extension wheel),N/A,N/A (prebuilt wheel),pqcrypto,0.4.0,ML-KEM-768,encapsulation,63,198800,30076928,True,
9688e997-27dc-4649-88e9-6643b3730135,07084835-0852-4baa-a0cc-3119cc6c24d1,2026-08-12T17:25:27.903762+00:00,controlled_windows_x86_64_two_cpu,NATIVE_SOFTWARE,x86_64,"AMD64 Family 23 Model 96 Stepping 1, AuthenticAMD",12,7598,Windows-11-10.0.26200-SP0,N/A (prebuilt Python extension wheel),N/A,N/A (prebuilt wheel),pqcrypto,0.4.0,ML-KEM-768,decapsulation,63,70600,30076928,True,
9688e997-27dc-4649-88e9-6643b3730135,07084835-0852-4baa-a0cc-3119cc6c24d1,2026-08-12T17:25:27.903923+00:00,controlled_windows_x86_64_two_cpu,NATIVE_SOFTWARE,x86_64,"AMD64 Family 23 Model 96 Stepping 1, AuthenticAMD",12,7598,Windows-11-10.0.26200-SP0,N/A (prebuilt Python extension wheel),N/A,N/A (prebuilt wheel),pqcrypto,0.4.0,ML-KEM-768,keygen,64,187700,30076928,True,
9688e997-27dc-4649-88e9-6643b3730135,07084835-0852-4baa-a0cc-3119cc6c24d1,2026-08-12T17:25:27.904760+00:00,controlled_windows_x86_64_two_cpu,NATIVE_SOFTWARE,x86_64,"AMD64 Family 23 Model 96 Stepping 1, AuthenticAMD",12,7598,Windows-11-10.0.26200-SP0,N/A (prebuilt Python extension wheel),N/A,N/A (prebuilt wheel),pqcrypto,0.4.0,ML-KEM-768,encapsulation,64,198800,30076928,True,
9688e997-27dc-4649-88e9-6643b3730135,07084835-0852-4baa-a0cc-3119cc6c24d1,2026-08-12T17:25:27.905141+00:00,controlled_windows_x86_64_two_cpu,NATIVE_SOFTWARE,x86_64,"AMD64 Family 23 Model 96 Stepping 1, AuthenticAMD",12,7598,Windows-11-10.0.26200-SP0,N/A (prebuilt Python extension wheel),N/A,N/A (prebuilt wheel),pqcrypto,0.4.0,ML-KEM-768,decapsulation,64,82400,30076928,True,
9688e997-27dc-4649-88e9-6643b3730135,07084835-0852-4baa-a0cc-3119cc6c24d1,2026-08-12T17:25:27.905381+00:00,controlled_windows_x86_64_two_cpu,NATIVE_SOFTWARE,x86_64,"AMD64 Family 23 Model 96 Stepping 1, AuthenticAMD",12,7598,Windows-11-10.0.26200-SP0,N/A (prebuilt Python extension wheel),N/A,N/A (prebuilt wheel),pqcrypto,0.4.0,ML-KEM-768,keygen,65,316900,30076928,True,
9688e997-27dc-4649-88e9-6643b3730135,07084835-0852-4baa-a0cc-3119cc6c24d1,2026-08-12T17:25:27.906094+00:00,controlled_windows_x86_64_two_cpu,NATIVE_SOFTWARE,x86_64,"AMD64 Family 23 Model 96 Stepping 1, AuthenticAMD",12,7598,Windows-11-10.0.26200-SP0,N/A (prebuilt Python extension wheel),N/A,N/A (prebuilt wheel),pqcrypto,0.4.0,ML-KEM-768,encapsulation,65,186700,30076928,True,
9688e997-27dc-4649-88e9-6643b3730135,07084835-0852-4baa-a0cc-3119cc6c24d1,2026-08-12T17:25:27.906405+00:00,controlled_windows_x86_64_two_cpu,NATIVE_SOFTWARE,x86_64,"AMD64 Family 23 Model 96 Stepping 1, AuthenticAMD",12,7598,Windows-11-10.0.26200-SP0,N/A (prebuilt Python extension wheel),N/A,N/A (prebuilt wheel),pqcrypto,0.4.0,ML-KEM-768,decapsulation,65,90400,30076928,True,
9688e997-27dc-4649-88e9-6643b3730135,07084835-0852-4baa-a0cc-3119cc6c24d1,2026-08-12T17:25:27.906579+00:00,controlled_windows_x86_64_two_cpu,NATIVE_SOFTWARE,x86_64,"AMD64 Family 23 Model 96 Stepping 1, AuthenticAMD",12,7598,Windows-11-10.0.26200-SP0,N/A (prebuilt Python extension wheel),N/A,N/A (prebuilt wheel),pqcrypto,0.4.0,ML-KEM-768,keygen,66,199000,30076928,True,
9688e997-27dc-4649-88e9-6643b3730135,07084835-0852-4baa-a0cc-3119cc6c24d1,2026-08-12T17:25:27.907067+00:00,controlled_windows_x86_64_two_cpu,NATIVE_SOFTWARE,x86_64,"AMD64 Family 23 Model 96 Stepping 1, AuthenticAMD",12,7598,Windows-11-10.0.26200-SP0,N/A (prebuilt Python extension wheel),N/A,N/A (prebuilt wheel),pqcrypto,0.4.0,ML-KEM-768,encapsulation,66,175900,30076928,True,
9688e997-27dc-4649-88e9-6643b3730135,07084835-0852-4baa-a0cc-3119cc6c24d1,2026-08-12T17:25:27.907373+00:00,controlled_windows_x86_64_two_cpu,NATIVE_SOFTWARE,x86_64,"AMD64 Family 23 Model 96 Stepping 1, AuthenticAMD",12,7598,Windows-11-10.0.26200-SP0,N/A (prebuilt Python extension wheel),N/A,N/A (prebuilt wheel),pqcrypto,0.4.0,ML-KEM-768,decapsulation,66,100500,30076928,True,
9688e997-27dc-4649-88e9-6643b3730135,07084835-0852-4baa-a0cc-3119cc6c24d1,2026-08-12T17:25:27.907562+00:00,controlled_windows_x86_64_two_cpu,NATIVE_SOFTWARE,x86_64,"AMD64 Family 23 Model 96 Stepping 1, AuthenticAMD",12,7598,Windows-11-10.0.26200-SP0,N/A (prebuilt Python extension wheel),N/A,N/A (prebuilt wheel),pqcrypto,0.4.0,ML-KEM-768,keygen,67,207300,30076928,True,
9688e997-27dc-4649-88e9-6643b3730135,07084835-0852-4baa-a0cc-3119cc6c24d1,2026-08-12T17:25:27.908040+00:00,controlled_windows_x86_64_two_cpu,NATIVE_SOFTWARE,x86_64,"AMD64 Family 23 Model 96 Stepping 1, AuthenticAMD",12,7598,Windows-11-10.0.26200-SP0,N/A (prebuilt Python extension wheel),N/A,N/A (prebuilt wheel),pqcrypto,0.4.0,ML-KEM-768,encapsulation,67,176100,30076928,True,
9688e997-27dc-4649-88e9-6643b3730135,07084835-0852-4baa-a0cc-3119cc6c24d1,2026-08-12T17:25:27.908315+00:00,controlled_windows_x86_64_two_cpu,NATIVE_SOFTWARE,x86_64,"AMD64 Family 23 Model 96 Stepping 1, AuthenticAMD",12,7598,Windows-11-10.0.26200-SP0,N/A (prebuilt Python extension wheel),N/A,N/A (prebuilt wheel),pqcrypto,0.4.0,ML-KEM-768,decapsulation,67,69100,30076928,True,
9688e997-27dc-4649-88e9-6643b3730135,07084835-0852-4baa-a0cc-3119cc6c24d1,2026-08-12T17:25:27.908487+00:00,controlled_windows_x86_64_two_cpu,NATIVE_SOFTWARE,x86_64,"AMD64 Family 23 Model 96 Stepping 1, AuthenticAMD",12,7598,Windows-11-10.0.26200-SP0,N/A (prebuilt Python extension wheel),N/A,N/A (prebuilt wheel),pqcrypto,0.4.0,ML-KEM-768,keygen,68,186100,30076928,True,
9688e997-27dc-4649-88e9-6643b3730135,07084835-0852-4baa-a0cc-3119cc6c24d1,2026-08-12T17:25:27.908946+00:00,controlled_windows_x86_64_two_cpu,NATIVE_SOFTWARE,x86_64,"AMD64 Family 23 Model 96 Stepping 1, AuthenticAMD",12,7598,Windows-11-10.0.26200-SP0,N/A (prebuilt Python extension wheel),N/A,N/A (prebuilt wheel),pqcrypto,0.4.0,ML-KEM-768,encapsulation,68,176200,30076928,True,
9688e997-27dc-4649-88e9-6643b3730135,07084835-0852-4baa-a0cc-3119cc6c24d1,2026-08-12T17:25:27.909231+00:00,controlled_windows_x86_64_two_cpu,NATIVE_SOFTWARE,x86_64,"AMD64 Family 23 Model 96 Stepping 1, AuthenticAMD",12,7598,Windows-11-10.0.26200-SP0,N/A (prebuilt Python extension wheel),N/A,N/A (prebuilt wheel),pqcrypto,0.4.0,ML-KEM-768,decapsulation,68,69700,30076928,True,
9688e997-27dc-4649-88e9-6643b3730135,07084835-0852-4baa-a0cc-3119cc6c24d1,2026-08-12T17:25:27.909389+00:00,controlled_windows_x86_64_two_cpu,NATIVE_SOFTWARE,x86_64,"AMD64 Family 23 Model 96 Stepping 1, AuthenticAMD",12,7598,Windows-11-10.0.26200-SP0,N/A (prebuilt Python extension wheel),N/A,N/A (prebuilt wheel),pqcrypto,0.4.0,ML-KEM-768,keygen,69,206900,30076928,True,
9688e997-27dc-4649-88e9-6643b3730135,07084835-0852-4baa-a0cc-3119cc6c24d1,2026-08-12T17:25:27.909949+00:00,controlled_windows_x86_64_two_cpu,NATIVE_SOFTWARE,x86_64,"AMD64 Family 23 Model 96 Stepping 1, AuthenticAMD",12,7598,Windows-11-10.0.26200-SP0,N/A (prebuilt Python extension wheel),N/A,N/A (prebuilt wheel),pqcrypto,0.4.0,ML-KEM-768,encapsulation,69,174200,30076928,True,
9688e997-27dc-4649-88e9-6643b3730135,07084835-0852-4baa-a0cc-3119cc6c24d1,2026-08-12T17:25:27.910354+00:00,controlled_windows_x86_64_two_cpu,NATIVE_SOFTWARE,x86_64,"AMD64 Family 23 Model 96 Stepping 1, AuthenticAMD",12,7598,Windows-11-10.0.26200-SP0,N/A (prebuilt Python extension wheel),N/A,N/A (prebuilt wheel),pqcrypto,0.4.0,ML-KEM-768,decapsulation,69,89500,30076928,True,
9688e997-27dc-4649-88e9-6643b3730135,07084835-0852-4baa-a0cc-3119cc6c24d1,2026-08-12T17:25:27.910529+00:00,controlled_windows_x86_64_two_cpu,NATIVE_SOFTWARE,x86_64,"AMD64 Family 23 Model 96 Stepping 1, AuthenticAMD",12,7598,Windows-11-10.0.26200-SP0,N/A (prebuilt Python extension wheel),N/A,N/A (prebuilt wheel),pqcrypto,0.4.0,ML-KEM-768,keygen,70,190500,30076928,True,
9688e997-27dc-4649-88e9-6643b3730135,07084835-0852-4baa-a0cc-3119cc6c24d1,2026-08-12T17:25:27.910993+00:00,controlled_windows_x86_64_two_cpu,NATIVE_SOFTWARE,x86_64,"AMD64 Family 23 Model 96 Stepping 1, AuthenticAMD",12,7598,Windows-11-10.0.26200-SP0,N/A (prebuilt Python extension wheel),N/A,N/A (prebuilt wheel),pqcrypto,0.4.0,ML-KEM-768,encapsulation,70,172900,30076928,True,
9688e997-27dc-4649-88e9-6643b3730135,07084835-0852-4baa-a0cc-3119cc6c24d1,2026-08-12T17:25:27.911261+00:00,controlled_windows_x86_64_two_cpu,NATIVE_SOFTWARE,x86_64,"AMD64 Family 23 Model 96 Stepping 1, AuthenticAMD",12,7598,Windows-11-10.0.26200-SP0,N/A (prebuilt Python extension wheel),N/A,N/A (prebuilt wheel),pqcrypto,0.4.0,ML-KEM-768,decapsulation,70,69100,30076928,True,
9688e997-27dc-4649-88e9-6643b3730135,07084835-0852-4baa-a0cc-3119cc6c24d1,2026-08-12T17:25:27.911413+00:00,controlled_windows_x86_64_two_cpu,NATIVE_SOFTWARE,x86_64,"AMD64 Family 23 Model 96 Stepping 1, AuthenticAMD",12,7598,Windows-11-10.0.26200-SP0,N/A (prebuilt Python extension wheel),N/A,N/A (prebuilt wheel),pqcrypto,0.4.0,ML-KEM-768,keygen,71,272200,30089216,True,
9688e997-27dc-4649-88e9-6643b3730135,07084835-0852-4baa-a0cc-3119cc6c24d1,2026-08-12T17:25:27.911966+00:00,controlled_windows_x86_64_two_cpu,NATIVE_SOFTWARE,x86_64,"AMD64 Family 23 Model 96 Stepping 1, AuthenticAMD",12,7598,Windows-11-10.0.26200-SP0,N/A (prebuilt Python extension wheel),N/A,N/A (prebuilt wheel),pqcrypto,0.4.0,ML-KEM-768,encapsulation,71,226400,30089216,True,
9688e997-27dc-4649-88e9-6643b3730135,07084835-0852-4baa-a0cc-3119cc6c24d1,2026-08-12T17:25:27.912323+00:00,controlled_windows_x86_64_two_cpu,NATIVE_SOFTWARE,x86_64,"AMD64 Family 23 Model 96 Stepping 1, AuthenticAMD",12,7598,Windows-11-10.0.26200-SP0,N/A (prebuilt Python extension wheel),N/A,N/A (prebuilt wheel),pqcrypto,0.4.0,ML-KEM-768,decapsulation,71,75200,30089216,True,
9688e997-27dc-4649-88e9-6643b3730135,07084835-0852-4baa-a0cc-3119cc6c24d1,2026-08-12T17:25:27.913184+00:00,controlled_windows_x86_64_two_cpu,NATIVE_SOFTWARE,x86_64,"AMD64 Family 23 Model 96 Stepping 1, AuthenticAMD",12,7598,Windows-11-10.0.26200-SP0,N/A (prebuilt Python extension wheel),N/A,N/A (prebuilt wheel),pqcrypto,0.4.0,ML-KEM-768,keygen,72,422700,30089216,True,
9688e997-27dc-4649-88e9-6643b3730135,07084835-0852-4baa-a0cc-3119cc6c24d1,2026-08-12T17:25:27.914016+00:00,controlled_windows_x86_64_two_cpu,NATIVE_SOFTWARE,x86_64,"AMD64 Family 23 Model 96 Stepping 1, AuthenticAMD",12,7598,Windows-11-10.0.26200-SP0,N/A (prebuilt Python extension wheel),N/A,N/A (prebuilt wheel),pqcrypto,0.4.0,ML-KEM-768,encapsulation,72,184200,30089216,True,
9688e997-27dc-4649-88e9-6643b3730135,07084835-0852-4baa-a0cc-3119cc6c24d1,2026-08-12T17:25:27.914317+00:00,controlled_windows_x86_64_two_cpu,NATIVE_SOFTWARE,x86_64,"AMD64 Family 23 Model 96 Stepping 1, AuthenticAMD",12,7598,Windows-11-10.0.26200-SP0,N/A (prebuilt Python extension wheel),N/A,N/A (prebuilt wheel),pqcrypto,0.4.0,ML-KEM-768,decapsulation,72,71200,30089216,True,
9688e997-27dc-4649-88e9-6643b3730135,07084835-0852-4baa-a0cc-3119cc6c24d1,2026-08-12T17:25:27.914504+00:00,controlled_windows_x86_64_two_cpu,NATIVE_SOFTWARE,x86_64,"AMD64 Family 23 Model 96 Stepping 1, AuthenticAMD",12,7598,Windows-11-10.0.26200-SP0,N/A (prebuilt Python extension wheel),N/A,N/A (prebuilt wheel),pqcrypto,0.4.0,ML-KEM-768,keygen,73,202400,30089216,True,
9688e997-27dc-4649-88e9-6643b3730135,07084835-0852-4baa-a0cc-3119cc6c24d1,2026-08-12T17:25:27.914988+00:00,controlled_windows_x86_64_two_cpu,NATIVE_SOFTWARE,x86_64,"AMD64 Family 23 Model 96 Stepping 1, AuthenticAMD",12,7598,Windows-11-10.0.26200-SP0,N/A (prebuilt Python extension wheel),N/A,N/A (prebuilt wheel),pqcrypto,0.4.0,ML-KEM-768,encapsulation,73,181500,30089216,True,
9688e997-27dc-4649-88e9-6643b3730135,07084835-0852-4baa-a0cc-3119cc6c24d1,2026-08-12T17:25:27.915272+00:00,controlled_windows_x86_64_two_cpu,NATIVE_SOFTWARE,x86_64,"AMD64 Family 23 Model 96 Stepping 1, AuthenticAMD",12,7598,Windows-11-10.0.26200-SP0,N/A (prebuilt Python extension wheel),N/A,N/A (prebuilt wheel),pqcrypto,0.4.0,ML-KEM-768,decapsulation,73,70100,30089216,True,
9688e997-27dc-4649-88e9-6643b3730135,07084835-0852-4baa-a0cc-3119cc6c24d1,2026-08-12T17:25:27.915449+00:00,controlled_windows_x86_64_two_cpu,NATIVE_SOFTWARE,x86_64,"AMD64 Family 23 Model 96 Stepping 1, AuthenticAMD",12,7598,Windows-11-10.0.26200-SP0,N/A (prebuilt Python extension wheel),N/A,N/A (prebuilt wheel),pqcrypto,0.4.0,ML-KEM-768,keygen,74,189700,30089216,True,
9688e997-27dc-4649-88e9-6643b3730135,07084835-0852-4baa-a0cc-3119cc6c24d1,2026-08-12T17:25:27.915904+00:00,controlled_windows_x86_64_two_cpu,NATIVE_SOFTWARE,x86_64,"AMD64 Family 23 Model 96 Stepping 1, AuthenticAMD",12,7598,Windows-11-10.0.26200-SP0,N/A (prebuilt Python extension wheel),N/A,N/A (prebuilt wheel),pqcrypto,0.4.0,ML-KEM-768,encapsulation,74,171800,30089216,True,
9688e997-27dc-4649-88e9-6643b3730135,07084835-0852-4baa-a0cc-3119cc6c24d1,2026-08-12T17:25:27.916182+00:00,controlled_windows_x86_64_two_cpu,NATIVE_SOFTWARE,x86_64,"AMD64 Family 23 Model 96 Stepping 1, AuthenticAMD",12,7598,Windows-11-10.0.26200-SP0,N/A (prebuilt Python extension wheel),N/A,N/A (prebuilt wheel),pqcrypto,0.4.0,ML-KEM-768,decapsulation,74,68800,30089216,True,
9688e997-27dc-4649-88e9-6643b3730135,07084835-0852-4baa-a0cc-3119cc6c24d1,2026-08-12T17:25:27.916344+00:00,controlled_windows_x86_64_two_cpu,NATIVE_SOFTWARE,x86_64,"AMD64 Family 23 Model 96 Stepping 1, AuthenticAMD",12,7598,Windows-11-10.0.26200-SP0,N/A (prebuilt Python extension wheel),N/A,N/A (prebuilt wheel),pqcrypto,0.4.0,ML-KEM-768,keygen,75,229700,30089216,True,
9688e997-27dc-4649-88e9-6643b3730135,07084835-0852-4baa-a0cc-3119cc6c24d1,2026-08-12T17:25:27.916921+00:00,controlled_windows_x86_64_two_cpu,NATIVE_SOFTWARE,x86_64,"AMD64 Family 23 Model 96 Stepping 1, AuthenticAMD",12,7598,Windows-11-10.0.26200-SP0,N/A (prebuilt Python extension wheel),N/A,N/A (prebuilt wheel),pqcrypto,0.4.0,ML-KEM-768,encapsulation,75,175300,30089216,True,
9688e997-27dc-4649-88e9-6643b3730135,07084835-0852-4baa-a0cc-3119cc6c24d1,2026-08-12T17:25:27.917329+00:00,controlled_windows_x86_64_two_cpu,NATIVE_SOFTWARE,x86_64,"AMD64 Family 23 Model 96 Stepping 1, AuthenticAMD",12,7598,Windows-11-10.0.26200-SP0,N/A (prebuilt Python extension wheel),N/A,N/A (prebuilt wheel),pqcrypto,0.4.0,ML-KEM-768,decapsulation,75,71100,30089216,True,
9688e997-27dc-4649-88e9-6643b3730135,07084835-0852-4baa-a0cc-3119cc6c24d1,2026-08-12T17:25:27.917502+00:00,controlled_windows_x86_64_two_cpu,NATIVE_SOFTWARE,x86_64,"AMD64 Family 23 Model 96 Stepping 1, AuthenticAMD",12,7598,Windows-11-10.0.26200-SP0,N/A (prebuilt Python extension wheel),N/A,N/A (prebuilt wheel),pqcrypto,0.4.0,ML-KEM-768,keygen,76,194900,30089216,True,
9688e997-27dc-4649-88e9-6643b3730135,07084835-0852-4baa-a0cc-3119cc6c24d1,2026-08-12T17:25:27.917965+00:00,controlled_windows_x86_64_two_cpu,NATIVE_SOFTWARE,x86_64,"AMD64 Family 23 Model 96 Stepping 1, AuthenticAMD",12,7598,Windows-11-10.0.26200-SP0,N/A (prebuilt Python extension wheel),N/A,N/A (prebuilt wheel),pqcrypto,0.4.0,ML-KEM-768,encapsulation,76,175100,30089216,True,
9688e997-27dc-4649-88e9-6643b3730135,07084835-0852-4baa-a0cc-3119cc6c24d1,2026-08-12T17:25:27.918235+00:00,controlled_windows_x86_64_two_cpu,NATIVE_SOFTWARE,x86_64,"AMD64 Family 23 Model 96 Stepping 1, AuthenticAMD",12,7598,Windows-11-10.0.26200-SP0,N/A (prebuilt Python extension wheel),N/A,N/A (prebuilt wheel),pqcrypto,0.4.0,ML-KEM-768,decapsulation,76,68800,30089216,True,
9688e997-27dc-4649-88e9-6643b3730135,07084835-0852-4baa-a0cc-3119cc6c24d1,2026-08-12T17:25:27.918382+00:00,controlled_windows_x86_64_two_cpu,NATIVE_SOFTWARE,x86_64,"AMD64 Family 23 Model 96 Stepping 1, AuthenticAMD",12,7598,Windows-11-10.0.26200-SP0,N/A (prebuilt Python extension wheel),N/A,N/A (prebuilt wheel),pqcrypto,0.4.0,ML-KEM-768,keygen,77,261900,30089216,True,
9688e997-27dc-4649-88e9-6643b3730135,07084835-0852-4baa-a0cc-3119cc6c24d1,2026-08-12T17:25:27.918930+00:00,controlled_windows_x86_64_two_cpu,NATIVE_SOFTWARE,x86_64,"AMD64 Family 23 Model 96 Stepping 1, AuthenticAMD",12,7598,Windows-11-10.0.26200-SP0,N/A (prebuilt Python extension wheel),N/A,N/A (prebuilt wheel),pqcrypto,0.4.0,ML-KEM-768,encapsulation,77,181700,30089216,True,
9688e997-27dc-4649-88e9-6643b3730135,07084835-0852-4baa-a0cc-3119cc6c24d1,2026-08-12T17:25:27.919308+00:00,controlled_windows_x86_64_two_cpu,NATIVE_SOFTWARE,x86_64,"AMD64 Family 23 Model 96 Stepping 1, AuthenticAMD",12,7598,Windows-11-10.0.26200-SP0,N/A (prebuilt Python extension wheel),N/A,N/A (prebuilt wheel),pqcrypto,0.4.0,ML-KEM-768,decapsulation,77,77400,30089216,True,
9688e997-27dc-4649-88e9-6643b3730135,07084835-0852-4baa-a0cc-3119cc6c24d1,2026-08-12T17:25:27.919504+00:00,controlled_windows_x86_64_two_cpu,NATIVE_SOFTWARE,x86_64,"AMD64 Family 23 Model 96 Stepping 1, AuthenticAMD",12,7598,Windows-11-10.0.26200-SP0,N/A (prebuilt Python extension wheel),N/A,N/A (prebuilt wheel),pqcrypto,0.4.0,ML-KEM-768,keygen,78,256500,30089216,True,
9688e997-27dc-4649-88e9-6643b3730135,07084835-0852-4baa-a0cc-3119cc6c24d1,2026-08-12T17:25:27.920203+00:00,controlled_windows_x86_64_two_cpu,NATIVE_SOFTWARE,x86_64,"AMD64 Family 23 Model 96 Stepping 1, AuthenticAMD",12,7598,Windows-11-10.0.26200-SP0,N/A (prebuilt Python extension wheel),N/A,N/A (prebuilt wheel),pqcrypto,0.4.0,ML-KEM-768,encapsulation,78,200500,30089216,True,
9688e997-27dc-4649-88e9-6643b3730135,07084835-0852-4baa-a0cc-3119cc6c24d1,2026-08-12T17:25:27.920584+00:00,controlled_windows_x86_64_two_cpu,NATIVE_SOFTWARE,x86_64,"AMD64 Family 23 Model 96 Stepping 1, AuthenticAMD",12,7598,Windows-11-10.0.26200-SP0,N/A (prebuilt Python extension wheel),N/A,N/A (prebuilt wheel),pqcrypto,0.4.0,ML-KEM-768,decapsulation,78,72800,30089216,True,
9688e997-27dc-4649-88e9-6643b3730135,07084835-0852-4baa-a0cc-3119cc6c24d1,2026-08-12T17:25:27.920773+00:00,controlled_windows_x86_64_two_cpu,NATIVE_SOFTWARE,x86_64,"AMD64 Family 23 Model 96 Stepping 1, AuthenticAMD",12,7598,Windows-11-10.0.26200-SP0,N/A (prebuilt Python extension wheel),N/A,N/A (prebuilt wheel),pqcrypto,0.4.0,ML-KEM-768,keygen,79,265100,30089216,True,
9688e997-27dc-4649-88e9-6643b3730135,07084835-0852-4baa-a0cc-3119cc6c24d1,2026-08-12T17:25:27.921348+00:00,controlled_windows_x86_64_two_cpu,NATIVE_SOFTWARE,x86_64,"AMD64 Family 23 Model 96 Stepping 1, AuthenticAMD",12,7598,Windows-11-10.0.26200-SP0,N/A (prebuilt Python extension wheel),N/A,N/A (prebuilt wheel),pqcrypto,0.4.0,ML-KEM-768,encapsulation,79,231900,30089216,True,
9688e997-27dc-4649-88e9-6643b3730135,07084835-0852-4baa-a0cc-3119cc6c24d1,2026-08-12T17:25:27.921749+00:00,controlled_windows_x86_64_two_cpu,NATIVE_SOFTWARE,x86_64,"AMD64 Family 23 Model 96 Stepping 1, AuthenticAMD",12,7598,Windows-11-10.0.26200-SP0,N/A (prebuilt Python extension wheel),N/A,N/A (prebuilt wheel),pqcrypto,0.4.0,ML-KEM-768,decapsulation,79,82300,30089216,True,
9688e997-27dc-4649-88e9-6643b3730135,07084835-0852-4baa-a0cc-3119cc6c24d1,2026-08-12T17:25:27.921929+00:00,controlled_windows_x86_64_two_cpu,NATIVE_SOFTWARE,x86_64,"AMD64 Family 23 Model 96 Stepping 1, AuthenticAMD",12,7598,Windows-11-10.0.26200-SP0,N/A (prebuilt Python extension wheel),N/A,N/A (prebuilt wheel),pqcrypto,0.4.0,ML-KEM-768,keygen,80,244600,30089216,True,
9688e997-27dc-4649-88e9-6643b3730135,07084835-0852-4baa-a0cc-3119cc6c24d1,2026-08-12T17:25:27.922520+00:00,controlled_windows_x86_64_two_cpu,NATIVE_SOFTWARE,x86_64,"AMD64 Family 23 Model 96 Stepping 1, AuthenticAMD",12,7598,Windows-11-10.0.26200-SP0,N/A (prebuilt Python extension wheel),N/A,N/A (prebuilt wheel),pqcrypto,0.4.0,ML-KEM-768,encapsulation,80,181000,30089216,True,
9688e997-27dc-4649-88e9-6643b3730135,07084835-0852-4baa-a0cc-3119cc6c24d1,2026-08-12T17:25:27.922843+00:00,controlled_windows_x86_64_two_cpu,NATIVE_SOFTWARE,x86_64,"AMD64 Family 23 Model 96 Stepping 1, AuthenticAMD",12,7598,Windows-11-10.0.26200-SP0,N/A (prebuilt Python extension wheel),N/A,N/A (prebuilt wheel),pqcrypto,0.4.0,ML-KEM-768,decapsulation,80,82400,30089216,True,
9688e997-27dc-4649-88e9-6643b3730135,07084835-0852-4baa-a0cc-3119cc6c24d1,2026-08-12T17:25:27.923011+00:00,controlled_windows_x86_64_two_cpu,NATIVE_SOFTWARE,x86_64,"AMD64 Family 23 Model 96 Stepping 1, AuthenticAMD",12,7598,Windows-11-10.0.26200-SP0,N/A (prebuilt Python extension wheel),N/A,N/A (prebuilt wheel),pqcrypto,0.4.0,ML-KEM-768,keygen,81,211900,30089216,True,
9688e997-27dc-4649-88e9-6643b3730135,07084835-0852-4baa-a0cc-3119cc6c24d1,2026-08-12T17:25:27.923574+00:00,controlled_windows_x86_64_two_cpu,NATIVE_SOFTWARE,x86_64,"AMD64 Family 23 Model 96 Stepping 1, AuthenticAMD",12,7598,Windows-11-10.0.26200-SP0,N/A (prebuilt Python extension wheel),N/A,N/A (prebuilt wheel),pqcrypto,0.4.0,ML-KEM-768,encapsulation,81,181100,30089216,True,
9688e997-27dc-4649-88e9-6643b3730135,07084835-0852-4baa-a0cc-3119cc6c24d1,2026-08-12T17:25:27.923866+00:00,controlled_windows_x86_64_two_cpu,NATIVE_SOFTWARE,x86_64,"AMD64 Family 23 Model 96 Stepping 1, AuthenticAMD",12,7598,Windows-11-10.0.26200-SP0,N/A (prebuilt Python extension wheel),N/A,N/A (prebuilt wheel),pqcrypto,0.4.0,ML-KEM-768,decapsulation,81,158100,30089216,True,
9688e997-27dc-4649-88e9-6643b3730135,07084835-0852-4baa-a0cc-3119cc6c24d1,2026-08-12T17:25:27.924121+00:00,controlled_windows_x86_64_two_cpu,NATIVE_SOFTWARE,x86_64,"AMD64 Family 23 Model 96 Stepping 1, AuthenticAMD",12,7598,Windows-11-10.0.26200-SP0,N/A (prebuilt Python extension wheel),N/A,N/A (prebuilt wheel),pqcrypto,0.4.0,ML-KEM-768,keygen,82,199800,30089216,True,
9688e997-27dc-4649-88e9-6643b3730135,07084835-0852-4baa-a0cc-3119cc6c24d1,2026-08-12T17:25:27.924744+00:00,controlled_windows_x86_64_two_cpu,NATIVE_SOFTWARE,x86_64,"AMD64 Family 23 Model 96 Stepping 1, AuthenticAMD",12,7598,Windows-11-10.0.26200-SP0,N/A (prebuilt Python extension wheel),N/A,N/A (prebuilt wheel),pqcrypto,0.4.0,ML-KEM-768,encapsulation,82,177000,30089216,True,
9688e997-27dc-4649-88e9-6643b3730135,07084835-0852-4baa-a0cc-3119cc6c24d1,2026-08-12T17:25:27.925022+00:00,controlled_windows_x86_64_two_cpu,NATIVE_SOFTWARE,x86_64,"AMD64 Family 23 Model 96 Stepping 1, AuthenticAMD",12,7598,Windows-11-10.0.26200-SP0,N/A (prebuilt Python extension wheel),N/A,N/A (prebuilt wheel),pqcrypto,0.4.0,ML-KEM-768,decapsulation,82,72900,30089216,True,
9688e997-27dc-4649-88e9-6643b3730135,07084835-0852-4baa-a0cc-3119cc6c24d1,2026-08-12T17:25:27.925176+00:00,controlled_windows_x86_64_two_cpu,NATIVE_SOFTWARE,x86_64,"AMD64 Family 23 Model 96 Stepping 1, AuthenticAMD",12,7598,Windows-11-10.0.26200-SP0,N/A (prebuilt Python extension wheel),N/A,N/A (prebuilt wheel),pqcrypto,0.4.0,ML-KEM-768,keygen,83,174900,30089216,True,
9688e997-27dc-4649-88e9-6643b3730135,07084835-0852-4baa-a0cc-3119cc6c24d1,2026-08-12T17:25:27.925717+00:00,controlled_windows_x86_64_two_cpu,NATIVE_SOFTWARE,x86_64,"AMD64 Family 23 Model 96 Stepping 1, AuthenticAMD",12,7598,Windows-11-10.0.26200-SP0,N/A (prebuilt Python extension wheel),N/A,N/A (prebuilt wheel),pqcrypto,0.4.0,ML-KEM-768,encapsulation,83,179900,30089216,True,
9688e997-27dc-4649-88e9-6643b3730135,07084835-0852-4baa-a0cc-3119cc6c24d1,2026-08-12T17:25:27.926002+00:00,controlled_windows_x86_64_two_cpu,NATIVE_SOFTWARE,x86_64,"AMD64 Family 23 Model 96 Stepping 1, AuthenticAMD",12,7598,Windows-11-10.0.26200-SP0,N/A (prebuilt Python extension wheel),N/A,N/A (prebuilt wheel),pqcrypto,0.4.0,ML-KEM-768,decapsulation,83,73000,30089216,True,
9688e997-27dc-4649-88e9-6643b3730135,07084835-0852-4baa-a0cc-3119cc6c24d1,2026-08-12T17:25:27.926204+00:00,controlled_windows_x86_64_two_cpu,NATIVE_SOFTWARE,x86_64,"AMD64 Family 23 Model 96 Stepping 1, AuthenticAMD",12,7598,Windows-11-10.0.26200-SP0,N/A (prebuilt Python extension wheel),N/A,N/A (prebuilt wheel),pqcrypto,0.4.0,ML-KEM-768,keygen,84,205700,30089216,True,
9688e997-27dc-4649-88e9-6643b3730135,07084835-0852-4baa-a0cc-3119cc6c24d1,2026-08-12T17:25:27.926736+00:00,controlled_windows_x86_64_two_cpu,NATIVE_SOFTWARE,x86_64,"AMD64 Family 23 Model 96 Stepping 1, AuthenticAMD",12,7598,Windows-11-10.0.26200-SP0,N/A (prebuilt Python extension wheel),N/A,N/A (prebuilt wheel),pqcrypto,0.4.0,ML-KEM-768,encapsulation,84,207900,30089216,True,
9688e997-27dc-4649-88e9-6643b3730135,07084835-0852-4baa-a0cc-3119cc6c24d1,2026-08-12T17:25:27.927121+00:00,controlled_windows_x86_64_two_cpu,NATIVE_SOFTWARE,x86_64,"AMD64 Family 23 Model 96 Stepping 1, AuthenticAMD",12,7598,Windows-11-10.0.26200-SP0,N/A (prebuilt Python extension wheel),N/A,N/A (prebuilt wheel),pqcrypto,0.4.0,ML-KEM-768,decapsulation,84,73600,30158848,True,
9688e997-27dc-4649-88e9-6643b3730135,07084835-0852-4baa-a0cc-3119cc6c24d1,2026-08-12T17:25:27.927359+00:00,controlled_windows_x86_64_two_cpu,NATIVE_SOFTWARE,x86_64,"AMD64 Family 23 Model 96 Stepping 1, AuthenticAMD",12,7598,Windows-11-10.0.26200-SP0,N/A (prebuilt Python extension wheel),N/A,N/A (prebuilt wheel),pqcrypto,0.4.0,ML-KEM-768,keygen,85,244800,30158848,True,
9688e997-27dc-4649-88e9-6643b3730135,07084835-0852-4baa-a0cc-3119cc6c24d1,2026-08-12T17:25:27.928621+00:00,controlled_windows_x86_64_two_cpu,NATIVE_SOFTWARE,x86_64,"AMD64 Family 23 Model 96 Stepping 1, AuthenticAMD",12,7598,Windows-11-10.0.26200-SP0,N/A (prebuilt Python extension wheel),N/A,N/A (prebuilt wheel),pqcrypto,0.4.0,ML-KEM-768,encapsulation,85,232800,30158848,True,
9688e997-27dc-4649-88e9-6643b3730135,07084835-0852-4baa-a0cc-3119cc6c24d1,2026-08-12T17:25:27.929124+00:00,controlled_windows_x86_64_two_cpu,NATIVE_SOFTWARE,x86_64,"AMD64 Family 23 Model 96 Stepping 1, AuthenticAMD",12,7598,Windows-11-10.0.26200-SP0,N/A (prebuilt Python extension wheel),N/A,N/A (prebuilt wheel),pqcrypto,0.4.0,ML-KEM-768,decapsulation,85,111800,30158848,True,
9688e997-27dc-4649-88e9-6643b3730135,07084835-0852-4baa-a0cc-3119cc6c24d1,2026-08-12T17:25:27.929364+00:00,controlled_windows_x86_64_two_cpu,NATIVE_SOFTWARE,x86_64,"AMD64 Family 23 Model 96 Stepping 1, AuthenticAMD",12,7598,Windows-11-10.0.26200-SP0,N/A (prebuilt Python extension wheel),N/A,N/A (prebuilt wheel),pqcrypto,0.4.0,ML-KEM-768,keygen,86,309100,30158848,True,
9688e997-27dc-4649-88e9-6643b3730135,07084835-0852-4baa-a0cc-3119cc6c24d1,2026-08-12T17:25:27.929985+00:00,controlled_windows_x86_64_two_cpu,NATIVE_SOFTWARE,x86_64,"AMD64 Family 23 Model 96 Stepping 1, AuthenticAMD",12,7598,Windows-11-10.0.26200-SP0,N/A (prebuilt Python extension wheel),N/A,N/A (prebuilt wheel),pqcrypto,0.4.0,ML-KEM-768,encapsulation,86,185300,30158848,True,
9688e997-27dc-4649-88e9-6643b3730135,07084835-0852-4baa-a0cc-3119cc6c24d1,2026-08-12T17:25:27.930310+00:00,controlled_windows_x86_64_two_cpu,NATIVE_SOFTWARE,x86_64,"AMD64 Family 23 Model 96 Stepping 1, AuthenticAMD",12,7598,Windows-11-10.0.26200-SP0,N/A (prebuilt Python extension wheel),N/A,N/A (prebuilt wheel),pqcrypto,0.4.0,ML-KEM-768,decapsulation,86,72600,30158848,True,
9688e997-27dc-4649-88e9-6643b3730135,07084835-0852-4baa-a0cc-3119cc6c24d1,2026-08-12T17:25:27.930626+00:00,controlled_windows_x86_64_two_cpu,NATIVE_SOFTWARE,x86_64,"AMD64 Family 23 Model 96 Stepping 1, AuthenticAMD",12,7598,Windows-11-10.0.26200-SP0,N/A (prebuilt Python extension wheel),N/A,N/A (prebuilt wheel),pqcrypto,0.4.0,ML-KEM-768,keygen,87,270200,30158848,True,
9688e997-27dc-4649-88e9-6643b3730135,07084835-0852-4baa-a0cc-3119cc6c24d1,2026-08-12T17:25:27.931575+00:00,controlled_windows_x86_64_two_cpu,NATIVE_SOFTWARE,x86_64,"AMD64 Family 23 Model 96 Stepping 1, AuthenticAMD",12,7598,Windows-11-10.0.26200-SP0,N/A (prebuilt Python extension wheel),N/A,N/A (prebuilt wheel),pqcrypto,0.4.0,ML-KEM-768,encapsulation,87,177900,30158848,True,
9688e997-27dc-4649-88e9-6643b3730135,07084835-0852-4baa-a0cc-3119cc6c24d1,2026-08-12T17:25:27.931875+00:00,controlled_windows_x86_64_two_cpu,NATIVE_SOFTWARE,x86_64,"AMD64 Family 23 Model 96 Stepping 1, AuthenticAMD",12,7598,Windows-11-10.0.26200-SP0,N/A (prebuilt Python extension wheel),N/A,N/A (prebuilt wheel),pqcrypto,0.4.0,ML-KEM-768,decapsulation,87,75300,30158848,True,
9688e997-27dc-4649-88e9-6643b3730135,07084835-0852-4baa-a0cc-3119cc6c24d1,2026-08-12T17:25:27.932037+00:00,controlled_windows_x86_64_two_cpu,NATIVE_SOFTWARE,x86_64,"AMD64 Family 23 Model 96 Stepping 1, AuthenticAMD",12,7598,Windows-11-10.0.26200-SP0,N/A (prebuilt Python extension wheel),N/A,N/A (prebuilt wheel),pqcrypto,0.4.0,ML-KEM-768,keygen,88,199100,30158848,True,
9688e997-27dc-4649-88e9-6643b3730135,07084835-0852-4baa-a0cc-3119cc6c24d1,2026-08-12T17:25:27.932582+00:00,controlled_windows_x86_64_two_cpu,NATIVE_SOFTWARE,x86_64,"AMD64 Family 23 Model 96 Stepping 1, AuthenticAMD",12,7598,Windows-11-10.0.26200-SP0,N/A (prebuilt Python extension wheel),N/A,N/A (prebuilt wheel),pqcrypto,0.4.0,ML-KEM-768,encapsulation,88,180900,30158848,True,
9688e997-27dc-4649-88e9-6643b3730135,07084835-0852-4baa-a0cc-3119cc6c24d1,2026-08-12T17:25:27.932896+00:00,controlled_windows_x86_64_two_cpu,NATIVE_SOFTWARE,x86_64,"AMD64 Family 23 Model 96 Stepping 1, AuthenticAMD",12,7598,Windows-11-10.0.26200-SP0,N/A (prebuilt Python extension wheel),N/A,N/A (prebuilt wheel),pqcrypto,0.4.0,ML-KEM-768,decapsulation,88,78600,30158848,True,
9688e997-27dc-4649-88e9-6643b3730135,07084835-0852-4baa-a0cc-3119cc6c24d1,2026-08-12T17:25:27.933063+00:00,controlled_windows_x86_64_two_cpu,NATIVE_SOFTWARE,x86_64,"AMD64 Family 23 Model 96 Stepping 1, AuthenticAMD",12,7598,Windows-11-10.0.26200-SP0,N/A (prebuilt Python extension wheel),N/A,N/A (prebuilt wheel),pqcrypto,0.4.0,ML-KEM-768,keygen,89,328500,30158848,True,
9688e997-27dc-4649-88e9-6643b3730135,07084835-0852-4baa-a0cc-3119cc6c24d1,2026-08-12T17:25:27.933767+00:00,controlled_windows_x86_64_two_cpu,NATIVE_SOFTWARE,x86_64,"AMD64 Family 23 Model 96 Stepping 1, AuthenticAMD",12,7598,Windows-11-10.0.26200-SP0,N/A (prebuilt Python extension wheel),N/A,N/A (prebuilt wheel),pqcrypto,0.4.0,ML-KEM-768,encapsulation,89,268100,30158848,True,
9688e997-27dc-4649-88e9-6643b3730135,07084835-0852-4baa-a0cc-3119cc6c24d1,2026-08-12T17:25:27.934190+00:00,controlled_windows_x86_64_two_cpu,NATIVE_SOFTWARE,x86_64,"AMD64 Family 23 Model 96 Stepping 1, AuthenticAMD",12,7598,Windows-11-10.0.26200-SP0,N/A (prebuilt Python extension wheel),N/A,N/A (prebuilt wheel),pqcrypto,0.4.0,ML-KEM-768,decapsulation,89,71300,30158848,True,
9688e997-27dc-4649-88e9-6643b3730135,07084835-0852-4baa-a0cc-3119cc6c24d1,2026-08-12T17:25:27.934344+00:00,controlled_windows_x86_64_two_cpu,NATIVE_SOFTWARE,x86_64,"AMD64 Family 23 Model 96 Stepping 1, AuthenticAMD",12,7598,Windows-11-10.0.26200-SP0,N/A (prebuilt Python extension wheel),N/A,N/A (prebuilt wheel),pqcrypto,0.4.0,ML-KEM-768,keygen,90,205800,30158848,True,
9688e997-27dc-4649-88e9-6643b3730135,07084835-0852-4baa-a0cc-3119cc6c24d1,2026-08-12T17:25:27.934863+00:00,controlled_windows_x86_64_two_cpu,NATIVE_SOFTWARE,x86_64,"AMD64 Family 23 Model 96 Stepping 1, AuthenticAMD",12,7598,Windows-11-10.0.26200-SP0,N/A (prebuilt Python extension wheel),N/A,N/A (prebuilt wheel),pqcrypto,0.4.0,ML-KEM-768,encapsulation,90,185800,30158848,True,
9688e997-27dc-4649-88e9-6643b3730135,07084835-0852-4baa-a0cc-3119cc6c24d1,2026-08-12T17:25:27.935174+00:00,controlled_windows_x86_64_two_cpu,NATIVE_SOFTWARE,x86_64,"AMD64 Family 23 Model 96 Stepping 1, AuthenticAMD",12,7598,Windows-11-10.0.26200-SP0,N/A (prebuilt Python extension wheel),N/A,N/A (prebuilt wheel),pqcrypto,0.4.0,ML-KEM-768,decapsulation,90,70700,30158848,True,
9688e997-27dc-4649-88e9-6643b3730135,07084835-0852-4baa-a0cc-3119cc6c24d1,2026-08-12T17:25:27.935341+00:00,controlled_windows_x86_64_two_cpu,NATIVE_SOFTWARE,x86_64,"AMD64 Family 23 Model 96 Stepping 1, AuthenticAMD",12,7598,Windows-11-10.0.26200-SP0,N/A (prebuilt Python extension wheel),N/A,N/A (prebuilt wheel),pqcrypto,0.4.0,ML-KEM-768,keygen,91,224400,30158848,True,
9688e997-27dc-4649-88e9-6643b3730135,07084835-0852-4baa-a0cc-3119cc6c24d1,2026-08-12T17:25:27.935846+00:00,controlled_windows_x86_64_two_cpu,NATIVE_SOFTWARE,x86_64,"AMD64 Family 23 Model 96 Stepping 1, AuthenticAMD",12,7598,Windows-11-10.0.26200-SP0,N/A (prebuilt Python extension wheel),N/A,N/A (prebuilt wheel),pqcrypto,0.4.0,ML-KEM-768,encapsulation,91,277000,30158848,True,
9688e997-27dc-4649-88e9-6643b3730135,07084835-0852-4baa-a0cc-3119cc6c24d1,2026-08-12T17:25:27.936227+00:00,controlled_windows_x86_64_two_cpu,NATIVE_SOFTWARE,x86_64,"AMD64 Family 23 Model 96 Stepping 1, AuthenticAMD",12,7598,Windows-11-10.0.26200-SP0,N/A (prebuilt Python extension wheel),N/A,N/A (prebuilt wheel),pqcrypto,0.4.0,ML-KEM-768,decapsulation,91,70900,30158848,True,
9688e997-27dc-4649-88e9-6643b3730135,07084835-0852-4baa-a0cc-3119cc6c24d1,2026-08-12T17:25:27.936389+00:00,controlled_windows_x86_64_two_cpu,NATIVE_SOFTWARE,x86_64,"AMD64 Family 23 Model 96 Stepping 1, AuthenticAMD",12,7598,Windows-11-10.0.26200-SP0,N/A (prebuilt Python extension wheel),N/A,N/A (prebuilt wheel),pqcrypto,0.4.0,ML-KEM-768,keygen,92,435900,30158848,True,
9688e997-27dc-4649-88e9-6643b3730135,07084835-0852-4baa-a0cc-3119cc6c24d1,2026-08-12T17:25:27.937114+00:00,controlled_windows_x86_64_two_cpu,NATIVE_SOFTWARE,x86_64,"AMD64 Family 23 Model 96 Stepping 1, AuthenticAMD",12,7598,Windows-11-10.0.26200-SP0,N/A (prebuilt Python extension wheel),N/A,N/A (prebuilt wheel),pqcrypto,0.4.0,ML-KEM-768,encapsulation,92,178600,30158848,True,
9688e997-27dc-4649-88e9-6643b3730135,07084835-0852-4baa-a0cc-3119cc6c24d1,2026-08-12T17:25:27.937394+00:00,controlled_windows_x86_64_two_cpu,NATIVE_SOFTWARE,x86_64,"AMD64 Family 23 Model 96 Stepping 1, AuthenticAMD",12,7598,Windows-11-10.0.26200-SP0,N/A (prebuilt Python extension wheel),N/A,N/A (prebuilt wheel),pqcrypto,0.4.0,ML-KEM-768,decapsulation,92,85700,30158848,True,
9688e997-27dc-4649-88e9-6643b3730135,07084835-0852-4baa-a0cc-3119cc6c24d1,2026-08-12T17:25:27.937564+00:00,controlled_windows_x86_64_two_cpu,NATIVE_SOFTWARE,x86_64,"AMD64 Family 23 Model 96 Stepping 1, AuthenticAMD",12,7598,Windows-11-10.0.26200-SP0,N/A (prebuilt Python extension wheel),N/A,N/A (prebuilt wheel),pqcrypto,0.4.0,ML-KEM-768,keygen,93,176300,30158848,True,
9688e997-27dc-4649-88e9-6643b3730135,07084835-0852-4baa-a0cc-3119cc6c24d1,2026-08-12T17:25:27.938006+00:00,controlled_windows_x86_64_two_cpu,NATIVE_SOFTWARE,x86_64,"AMD64 Family 23 Model 96 Stepping 1, AuthenticAMD",12,7598,Windows-11-10.0.26200-SP0,N/A (prebuilt Python extension wheel),N/A,N/A (prebuilt wheel),pqcrypto,0.4.0,ML-KEM-768,encapsulation,93,177300,30158848,True,
9688e997-27dc-4649-88e9-6643b3730135,07084835-0852-4baa-a0cc-3119cc6c24d1,2026-08-12T17:25:27.938275+00:00,controlled_windows_x86_64_two_cpu,NATIVE_SOFTWARE,x86_64,"AMD64 Family 23 Model 96 Stepping 1, AuthenticAMD",12,7598,Windows-11-10.0.26200-SP0,N/A (prebuilt Python extension wheel),N/A,N/A (prebuilt wheel),pqcrypto,0.4.0,ML-KEM-768,decapsulation,93,68700,30158848,True,
9688e997-27dc-4649-88e9-6643b3730135,07084835-0852-4baa-a0cc-3119cc6c24d1,2026-08-12T17:25:27.938424+00:00,controlled_windows_x86_64_two_cpu,NATIVE_SOFTWARE,x86_64,"AMD64 Family 23 Model 96 Stepping 1, AuthenticAMD",12,7598,Windows-11-10.0.26200-SP0,N/A (prebuilt Python extension wheel),N/A,N/A (prebuilt wheel),pqcrypto,0.4.0,ML-KEM-768,keygen,94,175100,30158848,True,
9688e997-27dc-4649-88e9-6643b3730135,07084835-0852-4baa-a0cc-3119cc6c24d1,2026-08-12T17:25:27.938875+00:00,controlled_windows_x86_64_two_cpu,NATIVE_SOFTWARE,x86_64,"AMD64 Family 23 Model 96 Stepping 1, AuthenticAMD",12,7598,Windows-11-10.0.26200-SP0,N/A (prebuilt Python extension wheel),N/A,N/A (prebuilt wheel),pqcrypto,0.4.0,ML-KEM-768,encapsulation,94,174000,30158848,True,
9688e997-27dc-4649-88e9-6643b3730135,07084835-0852-4baa-a0cc-3119cc6c24d1,2026-08-12T17:25:27.939148+00:00,controlled_windows_x86_64_two_cpu,NATIVE_SOFTWARE,x86_64,"AMD64 Family 23 Model 96 Stepping 1, AuthenticAMD",12,7598,Windows-11-10.0.26200-SP0,N/A (prebuilt Python extension wheel),N/A,N/A (prebuilt wheel),pqcrypto,0.4.0,ML-KEM-768,decapsulation,94,69300,30158848,True,
9688e997-27dc-4649-88e9-6643b3730135,07084835-0852-4baa-a0cc-3119cc6c24d1,2026-08-12T17:25:27.939298+00:00,controlled_windows_x86_64_two_cpu,NATIVE_SOFTWARE,x86_64,"AMD64 Family 23 Model 96 Stepping 1, AuthenticAMD",12,7598,Windows-11-10.0.26200-SP0,N/A (prebuilt Python extension wheel),N/A,N/A (prebuilt wheel),pqcrypto,0.4.0,ML-KEM-768,keygen,95,266100,30158848,True,
9688e997-27dc-4649-88e9-6643b3730135,07084835-0852-4baa-a0cc-3119cc6c24d1,2026-08-12T17:25:27.939850+00:00,controlled_windows_x86_64_two_cpu,NATIVE_SOFTWARE,x86_64,"AMD64 Family 23 Model 96 Stepping 1, AuthenticAMD",12,7598,Windows-11-10.0.26200-SP0,N/A (prebuilt Python extension wheel),N/A,N/A (prebuilt wheel),pqcrypto,0.4.0,ML-KEM-768,encapsulation,95,176700,30158848,True,
9688e997-27dc-4649-88e9-6643b3730135,07084835-0852-4baa-a0cc-3119cc6c24d1,2026-08-12T17:25:27.940216+00:00,controlled_windows_x86_64_two_cpu,NATIVE_SOFTWARE,x86_64,"AMD64 Family 23 Model 96 Stepping 1, AuthenticAMD",12,7598,Windows-11-10.0.26200-SP0,N/A (prebuilt Python extension wheel),N/A,N/A (prebuilt wheel),pqcrypto,0.4.0,ML-KEM-768,decapsulation,95,97900,30158848,True,
9688e997-27dc-4649-88e9-6643b3730135,07084835-0852-4baa-a0cc-3119cc6c24d1,2026-08-12T17:25:27.940408+00:00,controlled_windows_x86_64_two_cpu,NATIVE_SOFTWARE,x86_64,"AMD64 Family 23 Model 96 Stepping 1, AuthenticAMD",12,7598,Windows-11-10.0.26200-SP0,N/A (prebuilt Python extension wheel),N/A,N/A (prebuilt wheel),pqcrypto,0.4.0,ML-KEM-768,keygen,96,308200,30158848,True,
9688e997-27dc-4649-88e9-6643b3730135,07084835-0852-4baa-a0cc-3119cc6c24d1,2026-08-12T17:25:27.941197+00:00,controlled_windows_x86_64_two_cpu,NATIVE_SOFTWARE,x86_64,"AMD64 Family 23 Model 96 Stepping 1, AuthenticAMD",12,7598,Windows-11-10.0.26200-SP0,N/A (prebuilt Python extension wheel),N/A,N/A (prebuilt wheel),pqcrypto,0.4.0,ML-KEM-768,encapsulation,96,186000,30158848,True,
9688e997-27dc-4649-88e9-6643b3730135,07084835-0852-4baa-a0cc-3119cc6c24d1,2026-08-12T17:25:27.941550+00:00,controlled_windows_x86_64_two_cpu,NATIVE_SOFTWARE,x86_64,"AMD64 Family 23 Model 96 Stepping 1, AuthenticAMD",12,7598,Windows-11-10.0.26200-SP0,N/A (prebuilt Python extension wheel),N/A,N/A (prebuilt wheel),pqcrypto,0.4.0,ML-KEM-768,decapsulation,96,73700,30158848,True,
9688e997-27dc-4649-88e9-6643b3730135,07084835-0852-4baa-a0cc-3119cc6c24d1,2026-08-12T17:25:27.941743+00:00,controlled_windows_x86_64_two_cpu,NATIVE_SOFTWARE,x86_64,"AMD64 Family 23 Model 96 Stepping 1, AuthenticAMD",12,7598,Windows-11-10.0.26200-SP0,N/A (prebuilt Python extension wheel),N/A,N/A (prebuilt wheel),pqcrypto,0.4.0,ML-KEM-768,keygen,97,278800,30158848,True,
9688e997-27dc-4649-88e9-6643b3730135,07084835-0852-4baa-a0cc-3119cc6c24d1,2026-08-12T17:25:27.942349+00:00,controlled_windows_x86_64_two_cpu,NATIVE_SOFTWARE,x86_64,"AMD64 Family 23 Model 96 Stepping 1, AuthenticAMD",12,7598,Windows-11-10.0.26200-SP0,N/A (prebuilt Python extension wheel),N/A,N/A (prebuilt wheel),pqcrypto,0.4.0,ML-KEM-768,encapsulation,97,225800,30158848,True,
9688e997-27dc-4649-88e9-6643b3730135,07084835-0852-4baa-a0cc-3119cc6c24d1,2026-08-12T17:25:27.942746+00:00,controlled_windows_x86_64_two_cpu,NATIVE_SOFTWARE,x86_64,"AMD64 Family 23 Model 96 Stepping 1, AuthenticAMD",12,7598,Windows-11-10.0.26200-SP0,N/A (prebuilt Python extension wheel),N/A,N/A (prebuilt wheel),pqcrypto,0.4.0,ML-KEM-768,decapsulation,97,72300,30158848,True,
9688e997-27dc-4649-88e9-6643b3730135,07084835-0852-4baa-a0cc-3119cc6c24d1,2026-08-12T17:25:27.942906+00:00,controlled_windows_x86_64_two_cpu,NATIVE_SOFTWARE,x86_64,"AMD64 Family 23 Model 96 Stepping 1, AuthenticAMD",12,7598,Windows-11-10.0.26200-SP0,N/A (prebuilt Python extension wheel),N/A,N/A (prebuilt wheel),pqcrypto,0.4.0,ML-KEM-768,keygen,98,261100,30158848,True,
9688e997-27dc-4649-88e9-6643b3730135,07084835-0852-4baa-a0cc-3119cc6c24d1,2026-08-12T17:25:27.944025+00:00,controlled_windows_x86_64_two_cpu,NATIVE_SOFTWARE,x86_64,"AMD64 Family 23 Model 96 Stepping 1, AuthenticAMD",12,7598,Windows-11-10.0.26200-SP0,N/A (prebuilt Python extension wheel),N/A,N/A (prebuilt wheel),pqcrypto,0.4.0,ML-KEM-768,encapsulation,98,255800,30158848,True,
9688e997-27dc-4649-88e9-6643b3730135,07084835-0852-4baa-a0cc-3119cc6c24d1,2026-08-12T17:25:27.944494+00:00,controlled_windows_x86_64_two_cpu,NATIVE_SOFTWARE,x86_64,"AMD64 Family 23 Model 96 Stepping 1, AuthenticAMD",12,7598,Windows-11-10.0.26200-SP0,N/A (prebuilt Python extension wheel),N/A,N/A (prebuilt wheel),pqcrypto,0.4.0,ML-KEM-768,decapsulation,98,77900,30158848,True,
9688e997-27dc-4649-88e9-6643b3730135,07084835-0852-4baa-a0cc-3119cc6c24d1,2026-08-12T17:25:27.944666+00:00,controlled_windows_x86_64_two_cpu,NATIVE_SOFTWARE,x86_64,"AMD64 Family 23 Model 96 Stepping 1, AuthenticAMD",12,7598,Windows-11-10.0.26200-SP0,N/A (prebuilt Python extension wheel),N/A,N/A (prebuilt wheel),pqcrypto,0.4.0,ML-KEM-768,keygen,99,201300,30158848,True,
9688e997-27dc-4649-88e9-6643b3730135,07084835-0852-4baa-a0cc-3119cc6c24d1,2026-08-12T17:25:27.945273+00:00,controlled_windows_x86_64_two_cpu,NATIVE_SOFTWARE,x86_64,"AMD64 Family 23 Model 96 Stepping 1, AuthenticAMD",12,7598,Windows-11-10.0.26200-SP0,N/A (prebuilt Python extension wheel),N/A,N/A (prebuilt wheel),pqcrypto,0.4.0,ML-KEM-768,encapsulation,99,334400,30158848,True,
9688e997-27dc-4649-88e9-6643b3730135,07084835-0852-4baa-a0cc-3119cc6c24d1,2026-08-12T17:25:27.945736+00:00,controlled_windows_x86_64_two_cpu,NATIVE_SOFTWARE,x86_64,"AMD64 Family 23 Model 96 Stepping 1, AuthenticAMD",12,7598,Windows-11-10.0.26200-SP0,N/A (prebuilt Python extension wheel),N/A,N/A (prebuilt wheel),pqcrypto,0.4.0,ML-KEM-768,decapsulation,99,72100,30158848,True,
9688e997-27dc-4649-88e9-6643b3730135,07084835-0852-4baa-a0cc-3119cc6c24d1,2026-08-12T17:25:27.945894+00:00,controlled_windows_x86_64_two_cpu,NATIVE_SOFTWARE,x86_64,"AMD64 Family 23 Model 96 Stepping 1, AuthenticAMD",12,7598,Windows-11-10.0.26200-SP0,N/A (prebuilt Python extension wheel),N/A,N/A (prebuilt wheel),pqcrypto,0.4.0,ML-KEM-768,keygen,100,199800,30158848,True,
9688e997-27dc-4649-88e9-6643b3730135,07084835-0852-4baa-a0cc-3119cc6c24d1,2026-08-12T17:25:27.946456+00:00,controlled_windows_x86_64_two_cpu,NATIVE_SOFTWARE,x86_64,"AMD64 Family 23 Model 96 Stepping 1, AuthenticAMD",12,7598,Windows-11-10.0.26200-SP0,N/A (prebuilt Python extension wheel),N/A,N/A (prebuilt wheel),pqcrypto,0.4.0,ML-KEM-768,encapsulation,100,201200,30158848,True,
9688e997-27dc-4649-88e9-6643b3730135,07084835-0852-4baa-a0cc-3119cc6c24d1,2026-08-12T17:25:27.946795+00:00,controlled_windows_x86_64_two_cpu,NATIVE_SOFTWARE,x86_64,"AMD64 Family 23 Model 96 Stepping 1, AuthenticAMD",12,7598,Windows-11-10.0.26200-SP0,N/A (prebuilt Python extension wheel),N/A,N/A (prebuilt wheel),pqcrypto,0.4.0,ML-KEM-768,decapsulation,100,72000,30158848,True,
9688e997-27dc-4649-88e9-6643b3730135,07084835-0852-4baa-a0cc-3119cc6c24d1,2026-08-12T17:25:27.946963+00:00,controlled_windows_x86_64_two_cpu,NATIVE_SOFTWARE,x86_64,"AMD64 Family 23 Model 96 Stepping 1, AuthenticAMD",12,7598,Windows-11-10.0.26200-SP0,N/A (prebuilt Python extension wheel),N/A,N/A (prebuilt wheel),pqcrypto,0.4.0,ML-KEM-1024,keygen,1,488800,30187520,True,
9688e997-27dc-4649-88e9-6643b3730135,07084835-0852-4baa-a0cc-3119cc6c24d1,2026-08-12T17:25:27.948289+00:00,controlled_windows_x86_64_two_cpu,NATIVE_SOFTWARE,x86_64,"AMD64 Family 23 Model 96 Stepping 1, AuthenticAMD",12,7598,Windows-11-10.0.26200-SP0,N/A (prebuilt Python extension wheel),N/A,N/A (prebuilt wheel),pqcrypto,0.4.0,ML-KEM-1024,encapsulation,1,501000,30187520,True,
9688e997-27dc-4649-88e9-6643b3730135,07084835-0852-4baa-a0cc-3119cc6c24d1,2026-08-12T17:25:27.949074+00:00,controlled_windows_x86_64_two_cpu,NATIVE_SOFTWARE,x86_64,"AMD64 Family 23 Model 96 Stepping 1, AuthenticAMD",12,7598,Windows-11-10.0.26200-SP0,N/A (prebuilt Python extension wheel),N/A,N/A (prebuilt wheel),pqcrypto,0.4.0,ML-KEM-1024,decapsulation,1,162700,30187520,True,
9688e997-27dc-4649-88e9-6643b3730135,07084835-0852-4baa-a0cc-3119cc6c24d1,2026-08-12T17:25:27.949419+00:00,controlled_windows_x86_64_two_cpu,NATIVE_SOFTWARE,x86_64,"AMD64 Family 23 Model 96 Stepping 1, AuthenticAMD",12,7598,Windows-11-10.0.26200-SP0,N/A (prebuilt Python extension wheel),N/A,N/A (prebuilt wheel),pqcrypto,0.4.0,ML-KEM-1024,keygen,2,436400,30187520,True,
9688e997-27dc-4649-88e9-6643b3730135,07084835-0852-4baa-a0cc-3119cc6c24d1,2026-08-12T17:25:27.950511+00:00,controlled_windows_x86_64_two_cpu,NATIVE_SOFTWARE,x86_64,"AMD64 Family 23 Model 96 Stepping 1, AuthenticAMD",12,7598,Windows-11-10.0.26200-SP0,N/A (prebuilt Python extension wheel),N/A,N/A (prebuilt wheel),pqcrypto,0.4.0,ML-KEM-1024,encapsulation,2,420600,30187520,True,
9688e997-27dc-4649-88e9-6643b3730135,07084835-0852-4baa-a0cc-3119cc6c24d1,2026-08-12T17:25:27.951418+00:00,controlled_windows_x86_64_two_cpu,NATIVE_SOFTWARE,x86_64,"AMD64 Family 23 Model 96 Stepping 1, AuthenticAMD",12,7598,Windows-11-10.0.26200-SP0,N/A (prebuilt Python extension wheel),N/A,N/A (prebuilt wheel),pqcrypto,0.4.0,ML-KEM-1024,decapsulation,2,156500,30187520,True,
9688e997-27dc-4649-88e9-6643b3730135,07084835-0852-4baa-a0cc-3119cc6c24d1,2026-08-12T17:25:27.951814+00:00,controlled_windows_x86_64_two_cpu,NATIVE_SOFTWARE,x86_64,"AMD64 Family 23 Model 96 Stepping 1, AuthenticAMD",12,7598,Windows-11-10.0.26200-SP0,N/A (prebuilt Python extension wheel),N/A,N/A (prebuilt wheel),pqcrypto,0.4.0,ML-KEM-1024,keygen,3,441300,30187520,True,
9688e997-27dc-4649-88e9-6643b3730135,07084835-0852-4baa-a0cc-3119cc6c24d1,2026-08-12T17:25:27.952771+00:00,controlled_windows_x86_64_two_cpu,NATIVE_SOFTWARE,x86_64,"AMD64 Family 23 Model 96 Stepping 1, AuthenticAMD",12,7598,Windows-11-10.0.26200-SP0,N/A (prebuilt Python extension wheel),N/A,N/A (prebuilt wheel),pqcrypto,0.4.0,ML-KEM-1024,encapsulation,3,211200,30187520,True,
9688e997-27dc-4649-88e9-6643b3730135,07084835-0852-4baa-a0cc-3119cc6c24d1,2026-08-12T17:25:27.953103+00:00,controlled_windows_x86_64_two_cpu,NATIVE_SOFTWARE,x86_64,"AMD64 Family 23 Model 96 Stepping 1, AuthenticAMD",12,7598,Windows-11-10.0.26200-SP0,N/A (prebuilt Python extension wheel),N/A,N/A (prebuilt wheel),pqcrypto,0.4.0,ML-KEM-1024,decapsulation,3,104800,30187520,True,
9688e997-27dc-4649-88e9-6643b3730135,07084835-0852-4baa-a0cc-3119cc6c24d1,2026-08-12T17:25:27.953397+00:00,controlled_windows_x86_64_two_cpu,NATIVE_SOFTWARE,x86_64,"AMD64 Family 23 Model 96 Stepping 1, AuthenticAMD",12,7598,Windows-11-10.0.26200-SP0,N/A (prebuilt Python extension wheel),N/A,N/A (prebuilt wheel),pqcrypto,0.4.0,ML-KEM-1024,keygen,4,299500,30187520,True,
9688e997-27dc-4649-88e9-6643b3730135,07084835-0852-4baa-a0cc-3119cc6c24d1,2026-08-12T17:25:27.954013+00:00,controlled_windows_x86_64_two_cpu,NATIVE_SOFTWARE,x86_64,"AMD64 Family 23 Model 96 Stepping 1, AuthenticAMD",12,7598,Windows-11-10.0.26200-SP0,N/A (prebuilt Python extension wheel),N/A,N/A (prebuilt wheel),pqcrypto,0.4.0,ML-KEM-1024,encapsulation,4,273700,30187520,True,
9688e997-27dc-4649-88e9-6643b3730135,07084835-0852-4baa-a0cc-3119cc6c24d1,2026-08-12T17:25:27.954418+00:00,controlled_windows_x86_64_two_cpu,NATIVE_SOFTWARE,x86_64,"AMD64 Family 23 Model 96 Stepping 1, AuthenticAMD",12,7598,Windows-11-10.0.26200-SP0,N/A (prebuilt Python extension wheel),N/A,N/A (prebuilt wheel),pqcrypto,0.4.0,ML-KEM-1024,decapsulation,4,106700,30187520,True,
9688e997-27dc-4649-88e9-6643b3730135,07084835-0852-4baa-a0cc-3119cc6c24d1,2026-08-12T17:25:27.954645+00:00,controlled_windows_x86_64_two_cpu,NATIVE_SOFTWARE,x86_64,"AMD64 Family 23 Model 96 Stepping 1, AuthenticAMD",12,7598,Windows-11-10.0.26200-SP0,N/A (prebuilt Python extension wheel),N/A,N/A (prebuilt wheel),pqcrypto,0.4.0,ML-KEM-1024,keygen,5,348000,30187520,True,
9688e997-27dc-4649-88e9-6643b3730135,07084835-0852-4baa-a0cc-3119cc6c24d1,2026-08-12T17:25:27.955355+00:00,controlled_windows_x86_64_two_cpu,NATIVE_SOFTWARE,x86_64,"AMD64 Family 23 Model 96 Stepping 1, AuthenticAMD",12,7598,Windows-11-10.0.26200-SP0,N/A (prebuilt Python extension wheel),N/A,N/A (prebuilt wheel),pqcrypto,0.4.0,ML-KEM-1024,encapsulation,5,304900,30187520,True,
9688e997-27dc-4649-88e9-6643b3730135,07084835-0852-4baa-a0cc-3119cc6c24d1,2026-08-12T17:25:27.955813+00:00,controlled_windows_x86_64_two_cpu,NATIVE_SOFTWARE,x86_64,"AMD64 Family 23 Model 96 Stepping 1, AuthenticAMD",12,7598,Windows-11-10.0.26200-SP0,N/A (prebuilt Python extension wheel),N/A,N/A (prebuilt wheel),pqcrypto,0.4.0,ML-KEM-1024,decapsulation,5,102400,30187520,True,
9688e997-27dc-4649-88e9-6643b3730135,07084835-0852-4baa-a0cc-3119cc6c24d1,2026-08-12T17:25:27.956005+00:00,controlled_windows_x86_64_two_cpu,NATIVE_SOFTWARE,x86_64,"AMD64 Family 23 Model 96 Stepping 1, AuthenticAMD",12,7598,Windows-11-10.0.26200-SP0,N/A (prebuilt Python extension wheel),N/A,N/A (prebuilt wheel),pqcrypto,0.4.0,ML-KEM-1024,keygen,6,236200,30187520,True,
9688e997-27dc-4649-88e9-6643b3730135,07084835-0852-4baa-a0cc-3119cc6c24d1,2026-08-12T17:25:27.956626+00:00,controlled_windows_x86_64_two_cpu,NATIVE_SOFTWARE,x86_64,"AMD64 Family 23 Model 96 Stepping 1, AuthenticAMD",12,7598,Windows-11-10.0.26200-SP0,N/A (prebuilt Python extension wheel),N/A,N/A (prebuilt wheel),pqcrypto,0.4.0,ML-KEM-1024,encapsulation,6,212900,30187520,True,
9688e997-27dc-4649-88e9-6643b3730135,07084835-0852-4baa-a0cc-3119cc6c24d1,2026-08-12T17:25:27.956958+00:00,controlled_windows_x86_64_two_cpu,NATIVE_SOFTWARE,x86_64,"AMD64 Family 23 Model 96 Stepping 1, AuthenticAMD",12,7598,Windows-11-10.0.26200-SP0,N/A (prebuilt Python extension wheel),N/A,N/A (prebuilt wheel),pqcrypto,0.4.0,ML-KEM-1024,decapsulation,6,114000,30187520,True,
9688e997-27dc-4649-88e9-6643b3730135,07084835-0852-4baa-a0cc-3119cc6c24d1,2026-08-12T17:25:27.957159+00:00,controlled_windows_x86_64_two_cpu,NATIVE_SOFTWARE,x86_64,"AMD64 Family 23 Model 96 Stepping 1, AuthenticAMD",12,7598,Windows-11-10.0.26200-SP0,N/A (prebuilt Python extension wheel),N/A,N/A (prebuilt wheel),pqcrypto,0.4.0,ML-KEM-1024,keygen,7,213100,30187520,True,
9688e997-27dc-4649-88e9-6643b3730135,07084835-0852-4baa-a0cc-3119cc6c24d1,2026-08-12T17:25:27.957698+00:00,controlled_windows_x86_64_two_cpu,NATIVE_SOFTWARE,x86_64,"AMD64 Family 23 Model 96 Stepping 1, AuthenticAMD",12,7598,Windows-11-10.0.26200-SP0,N/A (prebuilt Python extension wheel),N/A,N/A (prebuilt wheel),pqcrypto,0.4.0,ML-KEM-1024,encapsulation,7,339700,30187520,True,
9688e997-27dc-4649-88e9-6643b3730135,07084835-0852-4baa-a0cc-3119cc6c24d1,2026-08-12T17:25:27.958147+00:00,controlled_windows_x86_64_two_cpu,NATIVE_SOFTWARE,x86_64,"AMD64 Family 23 Model 96 Stepping 1, AuthenticAMD",12,7598,Windows-11-10.0.26200-SP0,N/A (prebuilt Python extension wheel),N/A,N/A (prebuilt wheel),pqcrypto,0.4.0,ML-KEM-1024,decapsulation,7,100600,30187520,True,
9688e997-27dc-4649-88e9-6643b3730135,07084835-0852-4baa-a0cc-3119cc6c24d1,2026-08-12T17:25:27.958503+00:00,controlled_windows_x86_64_two_cpu,NATIVE_SOFTWARE,x86_64,"AMD64 Family 23 Model 96 Stepping 1, AuthenticAMD",12,7598,Windows-11-10.0.26200-SP0,N/A (prebuilt Python extension wheel),N/A,N/A (prebuilt wheel),pqcrypto,0.4.0,ML-KEM-1024,keygen,8,217600,30187520,True,
9688e997-27dc-4649-88e9-6643b3730135,07084835-0852-4baa-a0cc-3119cc6c24d1,2026-08-12T17:25:27.959027+00:00,controlled_windows_x86_64_two_cpu,NATIVE_SOFTWARE,x86_64,"AMD64 Family 23 Model 96 Stepping 1, AuthenticAMD",12,7598,Windows-11-10.0.26200-SP0,N/A (prebuilt Python extension wheel),N/A,N/A (prebuilt wheel),pqcrypto,0.4.0,ML-KEM-1024,encapsulation,8,202000,30187520,True,
9688e997-27dc-4649-88e9-6643b3730135,07084835-0852-4baa-a0cc-3119cc6c24d1,2026-08-12T17:25:27.959327+00:00,controlled_windows_x86_64_two_cpu,NATIVE_SOFTWARE,x86_64,"AMD64 Family 23 Model 96 Stepping 1, AuthenticAMD",12,7598,Windows-11-10.0.26200-SP0,N/A (prebuilt Python extension wheel),N/A,N/A (prebuilt wheel),pqcrypto,0.4.0,ML-KEM-1024,decapsulation,8,120300,30187520,True,
9688e997-27dc-4649-88e9-6643b3730135,07084835-0852-4baa-a0cc-3119cc6c24d1,2026-08-12T17:25:27.959572+00:00,controlled_windows_x86_64_two_cpu,NATIVE_SOFTWARE,x86_64,"AMD64 Family 23 Model 96 Stepping 1, AuthenticAMD",12,7598,Windows-11-10.0.26200-SP0,N/A (prebuilt Python extension wheel),N/A,N/A (prebuilt wheel),pqcrypto,0.4.0,ML-KEM-1024,keygen,9,220600,30310400,True,
9688e997-27dc-4649-88e9-6643b3730135,07084835-0852-4baa-a0cc-3119cc6c24d1,2026-08-12T17:25:27.960144+00:00,controlled_windows_x86_64_two_cpu,NATIVE_SOFTWARE,x86_64,"AMD64 Family 23 Model 96 Stepping 1, AuthenticAMD",12,7598,Windows-11-10.0.26200-SP0,N/A (prebuilt Python extension wheel),N/A,N/A (prebuilt wheel),pqcrypto,0.4.0,ML-KEM-1024,encapsulation,9,314100,30310400,True,
9688e997-27dc-4649-88e9-6643b3730135,07084835-0852-4baa-a0cc-3119cc6c24d1,2026-08-12T17:25:27.960581+00:00,controlled_windows_x86_64_two_cpu,NATIVE_SOFTWARE,x86_64,"AMD64 Family 23 Model 96 Stepping 1, AuthenticAMD",12,7598,Windows-11-10.0.26200-SP0,N/A (prebuilt Python extension wheel),N/A,N/A (prebuilt wheel),pqcrypto,0.4.0,ML-KEM-1024,decapsulation,9,102800,30310400,True,
9688e997-27dc-4649-88e9-6643b3730135,07084835-0852-4baa-a0cc-3119cc6c24d1,2026-08-12T17:25:27.960773+00:00,controlled_windows_x86_64_two_cpu,NATIVE_SOFTWARE,x86_64,"AMD64 Family 23 Model 96 Stepping 1, AuthenticAMD",12,7598,Windows-11-10.0.26200-SP0,N/A (prebuilt Python extension wheel),N/A,N/A (prebuilt wheel),pqcrypto,0.4.0,ML-KEM-1024,keygen,10,294600,30310400,True,
9688e997-27dc-4649-88e9-6643b3730135,07084835-0852-4baa-a0cc-3119cc6c24d1,2026-08-12T17:25:27.961585+00:00,controlled_windows_x86_64_two_cpu,NATIVE_SOFTWARE,x86_64,"AMD64 Family 23 Model 96 Stepping 1, AuthenticAMD",12,7598,Windows-11-10.0.26200-SP0,N/A (prebuilt Python extension wheel),N/A,N/A (prebuilt wheel),pqcrypto,0.4.0,ML-KEM-1024,encapsulation,10,245200,30310400,True,
9688e997-27dc-4649-88e9-6643b3730135,07084835-0852-4baa-a0cc-3119cc6c24d1,2026-08-12T17:25:27.962021+00:00,controlled_windows_x86_64_two_cpu,NATIVE_SOFTWARE,x86_64,"AMD64 Family 23 Model 96 Stepping 1, AuthenticAMD",12,7598,Windows-11-10.0.26200-SP0,N/A (prebuilt Python extension wheel),N/A,N/A (prebuilt wheel),pqcrypto,0.4.0,ML-KEM-1024,decapsulation,10,121200,30310400,True,
9688e997-27dc-4649-88e9-6643b3730135,07084835-0852-4baa-a0cc-3119cc6c24d1,2026-08-12T17:25:27.962234+00:00,controlled_windows_x86_64_two_cpu,NATIVE_SOFTWARE,x86_64,"AMD64 Family 23 Model 96 Stepping 1, AuthenticAMD",12,7598,Windows-11-10.0.26200-SP0,N/A (prebuilt Python extension wheel),N/A,N/A (prebuilt wheel),pqcrypto,0.4.0,ML-KEM-1024,keygen,11,264900,30314496,True,
9688e997-27dc-4649-88e9-6643b3730135,07084835-0852-4baa-a0cc-3119cc6c24d1,2026-08-12T17:25:27.963710+00:00,controlled_windows_x86_64_two_cpu,NATIVE_SOFTWARE,x86_64,"AMD64 Family 23 Model 96 Stepping 1, AuthenticAMD",12,7598,Windows-11-10.0.26200-SP0,N/A (prebuilt Python extension wheel),N/A,N/A (prebuilt wheel),pqcrypto,0.4.0,ML-KEM-1024,encapsulation,11,313000,30314496,True,
9688e997-27dc-4649-88e9-6643b3730135,07084835-0852-4baa-a0cc-3119cc6c24d1,2026-08-12T17:25:27.964219+00:00,controlled_windows_x86_64_two_cpu,NATIVE_SOFTWARE,x86_64,"AMD64 Family 23 Model 96 Stepping 1, AuthenticAMD",12,7598,Windows-11-10.0.26200-SP0,N/A (prebuilt Python extension wheel),N/A,N/A (prebuilt wheel),pqcrypto,0.4.0,ML-KEM-1024,decapsulation,11,103400,30314496,True,
9688e997-27dc-4649-88e9-6643b3730135,07084835-0852-4baa-a0cc-3119cc6c24d1,2026-08-12T17:25:27.964420+00:00,controlled_windows_x86_64_two_cpu,NATIVE_SOFTWARE,x86_64,"AMD64 Family 23 Model 96 Stepping 1, AuthenticAMD",12,7598,Windows-11-10.0.26200-SP0,N/A (prebuilt Python extension wheel),N/A,N/A (prebuilt wheel),pqcrypto,0.4.0,ML-KEM-1024,keygen,12,238600,30314496,True,
9688e997-27dc-4649-88e9-6643b3730135,07084835-0852-4baa-a0cc-3119cc6c24d1,2026-08-12T17:25:27.965054+00:00,controlled_windows_x86_64_two_cpu,NATIVE_SOFTWARE,x86_64,"AMD64 Family 23 Model 96 Stepping 1, AuthenticAMD",12,7598,Windows-11-10.0.26200-SP0,N/A (prebuilt Python extension wheel),N/A,N/A (prebuilt wheel),pqcrypto,0.4.0,ML-KEM-1024,encapsulation,12,427100,30314496,True,
9688e997-27dc-4649-88e9-6643b3730135,07084835-0852-4baa-a0cc-3119cc6c24d1,2026-08-12T17:25:27.965612+00:00,controlled_windows_x86_64_two_cpu,NATIVE_SOFTWARE,x86_64,"AMD64 Family 23 Model 96 Stepping 1, AuthenticAMD",12,7598,Windows-11-10.0.26200-SP0,N/A (prebuilt Python extension wheel),N/A,N/A (prebuilt wheel),pqcrypto,0.4.0,ML-KEM-1024,decapsulation,12,104000,30314496,True,
9688e997-27dc-4649-88e9-6643b3730135,07084835-0852-4baa-a0cc-3119cc6c24d1,2026-08-12T17:25:27.965805+00:00,controlled_windows_x86_64_two_cpu,NATIVE_SOFTWARE,x86_64,"AMD64 Family 23 Model 96 Stepping 1, AuthenticAMD",12,7598,Windows-11-10.0.26200-SP0,N/A (prebuilt Python extension wheel),N/A,N/A (prebuilt wheel),pqcrypto,0.4.0,ML-KEM-1024,keygen,13,219800,30314496,True,
9688e997-27dc-4649-88e9-6643b3730135,07084835-0852-4baa-a0cc-3119cc6c24d1,2026-08-12T17:25:27.966324+00:00,controlled_windows_x86_64_two_cpu,NATIVE_SOFTWARE,x86_64,"AMD64 Family 23 Model 96 Stepping 1, AuthenticAMD",12,7598,Windows-11-10.0.26200-SP0,N/A (prebuilt Python extension wheel),N/A,N/A (prebuilt wheel),pqcrypto,0.4.0,ML-KEM-1024,encapsulation,13,220700,30314496,True,
9688e997-27dc-4649-88e9-6643b3730135,07084835-0852-4baa-a0cc-3119cc6c24d1,2026-08-12T17:25:27.966642+00:00,controlled_windows_x86_64_two_cpu,NATIVE_SOFTWARE,x86_64,"AMD64 Family 23 Model 96 Stepping 1, AuthenticAMD",12,7598,Windows-11-10.0.26200-SP0,N/A (prebuilt Python extension wheel),N/A,N/A (prebuilt wheel),pqcrypto,0.4.0,ML-KEM-1024,decapsulation,13,99700,30314496,True,
9688e997-27dc-4649-88e9-6643b3730135,07084835-0852-4baa-a0cc-3119cc6c24d1,2026-08-12T17:25:27.966824+00:00,controlled_windows_x86_64_two_cpu,NATIVE_SOFTWARE,x86_64,"AMD64 Family 23 Model 96 Stepping 1, AuthenticAMD",12,7598,Windows-11-10.0.26200-SP0,N/A (prebuilt Python extension wheel),N/A,N/A (prebuilt wheel),pqcrypto,0.4.0,ML-KEM-1024,keygen,14,215000,30314496,True,
9688e997-27dc-4649-88e9-6643b3730135,07084835-0852-4baa-a0cc-3119cc6c24d1,2026-08-12T17:25:27.967422+00:00,controlled_windows_x86_64_two_cpu,NATIVE_SOFTWARE,x86_64,"AMD64 Family 23 Model 96 Stepping 1, AuthenticAMD",12,7598,Windows-11-10.0.26200-SP0,N/A (prebuilt Python extension wheel),N/A,N/A (prebuilt wheel),pqcrypto,0.4.0,ML-KEM-1024,encapsulation,14,210300,30314496,True,
9688e997-27dc-4649-88e9-6643b3730135,07084835-0852-4baa-a0cc-3119cc6c24d1,2026-08-12T17:25:27.967786+00:00,controlled_windows_x86_64_two_cpu,NATIVE_SOFTWARE,x86_64,"AMD64 Family 23 Model 96 Stepping 1, AuthenticAMD",12,7598,Windows-11-10.0.26200-SP0,N/A (prebuilt Python extension wheel),N/A,N/A (prebuilt wheel),pqcrypto,0.4.0,ML-KEM-1024,decapsulation,14,102300,30314496,True,
9688e997-27dc-4649-88e9-6643b3730135,07084835-0852-4baa-a0cc-3119cc6c24d1,2026-08-12T17:25:27.967982+00:00,controlled_windows_x86_64_two_cpu,NATIVE_SOFTWARE,x86_64,"AMD64 Family 23 Model 96 Stepping 1, AuthenticAMD",12,7598,Windows-11-10.0.26200-SP0,N/A (prebuilt Python extension wheel),N/A,N/A (prebuilt wheel),pqcrypto,0.4.0,ML-KEM-1024,keygen,15,326800,30314496,True,
9688e997-27dc-4649-88e9-6643b3730135,07084835-0852-4baa-a0cc-3119cc6c24d1,2026-08-12T17:25:27.968670+00:00,controlled_windows_x86_64_two_cpu,NATIVE_SOFTWARE,x86_64,"AMD64 Family 23 Model 96 Stepping 1, AuthenticAMD",12,7598,Windows-11-10.0.26200-SP0,N/A (prebuilt Python extension wheel),N/A,N/A (prebuilt wheel),pqcrypto,0.4.0,ML-KEM-1024,encapsulation,15,296200,30314496,True,
9688e997-27dc-4649-88e9-6643b3730135,07084835-0852-4baa-a0cc-3119cc6c24d1,2026-08-12T17:25:27.969127+00:00,controlled_windows_x86_64_two_cpu,NATIVE_SOFTWARE,x86_64,"AMD64 Family 23 Model 96 Stepping 1, AuthenticAMD",12,7598,Windows-11-10.0.26200-SP0,N/A (prebuilt Python extension wheel),N/A,N/A (prebuilt wheel),pqcrypto,0.4.0,ML-KEM-1024,decapsulation,15,103200,30314496,True,
9688e997-27dc-4649-88e9-6643b3730135,07084835-0852-4baa-a0cc-3119cc6c24d1,2026-08-12T17:25:27.969324+00:00,controlled_windows_x86_64_two_cpu,NATIVE_SOFTWARE,x86_64,"AMD64 Family 23 Model 96 Stepping 1, AuthenticAMD",12,7598,Windows-11-10.0.26200-SP0,N/A (prebuilt Python extension wheel),N/A,N/A (prebuilt wheel),pqcrypto,0.4.0,ML-KEM-1024,keygen,16,275600,30314496,True,
9688e997-27dc-4649-88e9-6643b3730135,07084835-0852-4baa-a0cc-3119cc6c24d1,2026-08-12T17:25:27.969948+00:00,controlled_windows_x86_64_two_cpu,NATIVE_SOFTWARE,x86_64,"AMD64 Family 23 Model 96 Stepping 1, AuthenticAMD",12,7598,Windows-11-10.0.26200-SP0,N/A (prebuilt Python extension wheel),N/A,N/A (prebuilt wheel),pqcrypto,0.4.0,ML-KEM-1024,encapsulation,16,209200,30314496,True,
9688e997-27dc-4649-88e9-6643b3730135,07084835-0852-4baa-a0cc-3119cc6c24d1,2026-08-12T17:25:27.970305+00:00,controlled_windows_x86_64_two_cpu,NATIVE_SOFTWARE,x86_64,"AMD64 Family 23 Model 96 Stepping 1, AuthenticAMD",12,7598,Windows-11-10.0.26200-SP0,N/A (prebuilt Python extension wheel),N/A,N/A (prebuilt wheel),pqcrypto,0.4.0,ML-KEM-1024,decapsulation,16,104600,30314496,True,
9688e997-27dc-4649-88e9-6643b3730135,07084835-0852-4baa-a0cc-3119cc6c24d1,2026-08-12T17:25:27.970529+00:00,controlled_windows_x86_64_two_cpu,NATIVE_SOFTWARE,x86_64,"AMD64 Family 23 Model 96 Stepping 1, AuthenticAMD",12,7598,Windows-11-10.0.26200-SP0,N/A (prebuilt Python extension wheel),N/A,N/A (prebuilt wheel),pqcrypto,0.4.0,ML-KEM-1024,keygen,17,219600,30314496,True,
9688e997-27dc-4649-88e9-6643b3730135,07084835-0852-4baa-a0cc-3119cc6c24d1,2026-08-12T17:25:27.971063+00:00,controlled_windows_x86_64_two_cpu,NATIVE_SOFTWARE,x86_64,"AMD64 Family 23 Model 96 Stepping 1, AuthenticAMD",12,7598,Windows-11-10.0.26200-SP0,N/A (prebuilt Python extension wheel),N/A,N/A (prebuilt wheel),pqcrypto,0.4.0,ML-KEM-1024,encapsulation,17,212300,30314496,True,
9688e997-27dc-4649-88e9-6643b3730135,07084835-0852-4baa-a0cc-3119cc6c24d1,2026-08-12T17:25:27.971390+00:00,controlled_windows_x86_64_two_cpu,NATIVE_SOFTWARE,x86_64,"AMD64 Family 23 Model 96 Stepping 1, AuthenticAMD",12,7598,Windows-11-10.0.26200-SP0,N/A (prebuilt Python extension wheel),N/A,N/A (prebuilt wheel),pqcrypto,0.4.0,ML-KEM-1024,decapsulation,17,126500,30314496,True,
9688e997-27dc-4649-88e9-6643b3730135,07084835-0852-4baa-a0cc-3119cc6c24d1,2026-08-12T17:25:27.971719+00:00,controlled_windows_x86_64_two_cpu,NATIVE_SOFTWARE,x86_64,"AMD64 Family 23 Model 96 Stepping 1, AuthenticAMD",12,7598,Windows-11-10.0.26200-SP0,N/A (prebuilt Python extension wheel),N/A,N/A (prebuilt wheel),pqcrypto,0.4.0,ML-KEM-1024,keygen,18,235500,30314496,True,
9688e997-27dc-4649-88e9-6643b3730135,07084835-0852-4baa-a0cc-3119cc6c24d1,2026-08-12T17:25:27.972511+00:00,controlled_windows_x86_64_two_cpu,NATIVE_SOFTWARE,x86_64,"AMD64 Family 23 Model 96 Stepping 1, AuthenticAMD",12,7598,Windows-11-10.0.26200-SP0,N/A (prebuilt Python extension wheel),N/A,N/A (prebuilt wheel),pqcrypto,0.4.0,ML-KEM-1024,encapsulation,18,207200,30314496,True,
9688e997-27dc-4649-88e9-6643b3730135,07084835-0852-4baa-a0cc-3119cc6c24d1,2026-08-12T17:25:27.972833+00:00,controlled_windows_x86_64_two_cpu,NATIVE_SOFTWARE,x86_64,"AMD64 Family 23 Model 96 Stepping 1, AuthenticAMD",12,7598,Windows-11-10.0.26200-SP0,N/A (prebuilt Python extension wheel),N/A,N/A (prebuilt wheel),pqcrypto,0.4.0,ML-KEM-1024,decapsulation,18,143700,30314496,True,
9688e997-27dc-4649-88e9-6643b3730135,07084835-0852-4baa-a0cc-3119cc6c24d1,2026-08-12T17:25:27.973076+00:00,controlled_windows_x86_64_two_cpu,NATIVE_SOFTWARE,x86_64,"AMD64 Family 23 Model 96 Stepping 1, AuthenticAMD",12,7598,Windows-11-10.0.26200-SP0,N/A (prebuilt Python extension wheel),N/A,N/A (prebuilt wheel),pqcrypto,0.4.0,ML-KEM-1024,keygen,19,228900,30314496,True,
9688e997-27dc-4649-88e9-6643b3730135,07084835-0852-4baa-a0cc-3119cc6c24d1,2026-08-12T17:25:27.973631+00:00,controlled_windows_x86_64_two_cpu,NATIVE_SOFTWARE,x86_64,"AMD64 Family 23 Model 96 Stepping 1, AuthenticAMD",12,7598,Windows-11-10.0.26200-SP0,N/A (prebuilt Python extension wheel),N/A,N/A (prebuilt wheel),pqcrypto,0.4.0,ML-KEM-1024,encapsulation,19,213800,30314496,True,
9688e997-27dc-4649-88e9-6643b3730135,07084835-0852-4baa-a0cc-3119cc6c24d1,2026-08-12T17:25:27.973942+00:00,controlled_windows_x86_64_two_cpu,NATIVE_SOFTWARE,x86_64,"AMD64 Family 23 Model 96 Stepping 1, AuthenticAMD",12,7598,Windows-11-10.0.26200-SP0,N/A (prebuilt Python extension wheel),N/A,N/A (prebuilt wheel),pqcrypto,0.4.0,ML-KEM-1024,decapsulation,19,99700,30314496,True,
9688e997-27dc-4649-88e9-6643b3730135,07084835-0852-4baa-a0cc-3119cc6c24d1,2026-08-12T17:25:27.974198+00:00,controlled_windows_x86_64_two_cpu,NATIVE_SOFTWARE,x86_64,"AMD64 Family 23 Model 96 Stepping 1, AuthenticAMD",12,7598,Windows-11-10.0.26200-SP0,N/A (prebuilt Python extension wheel),N/A,N/A (prebuilt wheel),pqcrypto,0.4.0,ML-KEM-1024,keygen,20,217900,30314496,True,
9688e997-27dc-4649-88e9-6643b3730135,07084835-0852-4baa-a0cc-3119cc6c24d1,2026-08-12T17:25:27.974735+00:00,controlled_windows_x86_64_two_cpu,NATIVE_SOFTWARE,x86_64,"AMD64 Family 23 Model 96 Stepping 1, AuthenticAMD",12,7598,Windows-11-10.0.26200-SP0,N/A (prebuilt Python extension wheel),N/A,N/A (prebuilt wheel),pqcrypto,0.4.0,ML-KEM-1024,encapsulation,20,219900,30314496,True,
9688e997-27dc-4649-88e9-6643b3730135,07084835-0852-4baa-a0cc-3119cc6c24d1,2026-08-12T17:25:27.975137+00:00,controlled_windows_x86_64_two_cpu,NATIVE_SOFTWARE,x86_64,"AMD64 Family 23 Model 96 Stepping 1, AuthenticAMD",12,7598,Windows-11-10.0.26200-SP0,N/A (prebuilt Python extension wheel),N/A,N/A (prebuilt wheel),pqcrypto,0.4.0,ML-KEM-1024,decapsulation,20,124900,30314496,True,
9688e997-27dc-4649-88e9-6643b3730135,07084835-0852-4baa-a0cc-3119cc6c24d1,2026-08-12T17:25:27.975364+00:00,controlled_windows_x86_64_two_cpu,NATIVE_SOFTWARE,x86_64,"AMD64 Family 23 Model 96 Stepping 1, AuthenticAMD",12,7598,Windows-11-10.0.26200-SP0,N/A (prebuilt Python extension wheel),N/A,N/A (prebuilt wheel),pqcrypto,0.4.0,ML-KEM-1024,keygen,21,340100,30314496,True,
9688e997-27dc-4649-88e9-6643b3730135,07084835-0852-4baa-a0cc-3119cc6c24d1,2026-08-12T17:25:27.976406+00:00,controlled_windows_x86_64_two_cpu,NATIVE_SOFTWARE,x86_64,"AMD64 Family 23 Model 96 Stepping 1, AuthenticAMD",12,7598,Windows-11-10.0.26200-SP0,N/A (prebuilt Python extension wheel),N/A,N/A (prebuilt wheel),pqcrypto,0.4.0,ML-KEM-1024,encapsulation,21,272900,30314496,True,
9688e997-27dc-4649-88e9-6643b3730135,07084835-0852-4baa-a0cc-3119cc6c24d1,2026-08-12T17:25:27.976890+00:00,controlled_windows_x86_64_two_cpu,NATIVE_SOFTWARE,x86_64,"AMD64 Family 23 Model 96 Stepping 1, AuthenticAMD",12,7598,Windows-11-10.0.26200-SP0,N/A (prebuilt Python extension wheel),N/A,N/A (prebuilt wheel),pqcrypto,0.4.0,ML-KEM-1024,decapsulation,21,104900,30314496,True,
9688e997-27dc-4649-88e9-6643b3730135,07084835-0852-4baa-a0cc-3119cc6c24d1,2026-08-12T17:25:27.977096+00:00,controlled_windows_x86_64_two_cpu,NATIVE_SOFTWARE,x86_64,"AMD64 Family 23 Model 96 Stepping 1, AuthenticAMD",12,7598,Windows-11-10.0.26200-SP0,N/A (prebuilt Python extension wheel),N/A,N/A (prebuilt wheel),pqcrypto,0.4.0,ML-KEM-1024,keygen,22,254000,30314496,True,
9688e997-27dc-4649-88e9-6643b3730135,07084835-0852-4baa-a0cc-3119cc6c24d1,2026-08-12T17:25:27.977697+00:00,controlled_windows_x86_64_two_cpu,NATIVE_SOFTWARE,x86_64,"AMD64 Family 23 Model 96 Stepping 1, AuthenticAMD",12,7598,Windows-11-10.0.26200-SP0,N/A (prebuilt Python extension wheel),N/A,N/A (prebuilt wheel),pqcrypto,0.4.0,ML-KEM-1024,encapsulation,22,221400,30314496,True,
9688e997-27dc-4649-88e9-6643b3730135,07084835-0852-4baa-a0cc-3119cc6c24d1,2026-08-12T17:25:27.978103+00:00,controlled_windows_x86_64_two_cpu,NATIVE_SOFTWARE,x86_64,"AMD64 Family 23 Model 96 Stepping 1, AuthenticAMD",12,7598,Windows-11-10.0.26200-SP0,N/A (prebuilt Python extension wheel),N/A,N/A (prebuilt wheel),pqcrypto,0.4.0,ML-KEM-1024,decapsulation,22,102400,30314496,True,
9688e997-27dc-4649-88e9-6643b3730135,07084835-0852-4baa-a0cc-3119cc6c24d1,2026-08-12T17:25:27.978292+00:00,controlled_windows_x86_64_two_cpu,NATIVE_SOFTWARE,x86_64,"AMD64 Family 23 Model 96 Stepping 1, AuthenticAMD",12,7598,Windows-11-10.0.26200-SP0,N/A (prebuilt Python extension wheel),N/A,N/A (prebuilt wheel),pqcrypto,0.4.0,ML-KEM-1024,keygen,23,306600,30314496,True,
9688e997-27dc-4649-88e9-6643b3730135,07084835-0852-4baa-a0cc-3119cc6c24d1,2026-08-12T17:25:27.979112+00:00,controlled_windows_x86_64_two_cpu,NATIVE_SOFTWARE,x86_64,"AMD64 Family 23 Model 96 Stepping 1, AuthenticAMD",12,7598,Windows-11-10.0.26200-SP0,N/A (prebuilt Python extension wheel),N/A,N/A (prebuilt wheel),pqcrypto,0.4.0,ML-KEM-1024,encapsulation,23,475400,30314496,True,
9688e997-27dc-4649-88e9-6643b3730135,07084835-0852-4baa-a0cc-3119cc6c24d1,2026-08-12T17:25:27.979757+00:00,controlled_windows_x86_64_two_cpu,NATIVE_SOFTWARE,x86_64,"AMD64 Family 23 Model 96 Stepping 1, AuthenticAMD",12,7598,Windows-11-10.0.26200-SP0,N/A (prebuilt Python extension wheel),N/A,N/A (prebuilt wheel),pqcrypto,0.4.0,ML-KEM-1024,decapsulation,23,106800,30318592,True,
9688e997-27dc-4649-88e9-6643b3730135,07084835-0852-4baa-a0cc-3119cc6c24d1,2026-08-12T17:25:27.979974+00:00,controlled_windows_x86_64_two_cpu,NATIVE_SOFTWARE,x86_64,"AMD64 Family 23 Model 96 Stepping 1, AuthenticAMD",12,7598,Windows-11-10.0.26200-SP0,N/A (prebuilt Python extension wheel),N/A,N/A (prebuilt wheel),pqcrypto,0.4.0,ML-KEM-1024,keygen,24,248500,30322688,True,
9688e997-27dc-4649-88e9-6643b3730135,07084835-0852-4baa-a0cc-3119cc6c24d1,2026-08-12T17:25:27.981148+00:00,controlled_windows_x86_64_two_cpu,NATIVE_SOFTWARE,x86_64,"AMD64 Family 23 Model 96 Stepping 1, AuthenticAMD",12,7598,Windows-11-10.0.26200-SP0,N/A (prebuilt Python extension wheel),N/A,N/A (prebuilt wheel),pqcrypto,0.4.0,ML-KEM-1024,encapsulation,24,225800,30322688,True,
9688e997-27dc-4649-88e9-6643b3730135,07084835-0852-4baa-a0cc-3119cc6c24d1,2026-08-12T17:25:27.981558+00:00,controlled_windows_x86_64_two_cpu,NATIVE_SOFTWARE,x86_64,"AMD64 Family 23 Model 96 Stepping 1, AuthenticAMD",12,7598,Windows-11-10.0.26200-SP0,N/A (prebuilt Python extension wheel),N/A,N/A (prebuilt wheel),pqcrypto,0.4.0,ML-KEM-1024,decapsulation,24,104300,30322688,True,
9688e997-27dc-4649-88e9-6643b3730135,07084835-0852-4baa-a0cc-3119cc6c24d1,2026-08-12T17:25:27.981755+00:00,controlled_windows_x86_64_two_cpu,NATIVE_SOFTWARE,x86_64,"AMD64 Family 23 Model 96 Stepping 1, AuthenticAMD",12,7598,Windows-11-10.0.26200-SP0,N/A (prebuilt Python extension wheel),N/A,N/A (prebuilt wheel),pqcrypto,0.4.0,ML-KEM-1024,keygen,25,263200,30322688,True,
9688e997-27dc-4649-88e9-6643b3730135,07084835-0852-4baa-a0cc-3119cc6c24d1,2026-08-12T17:25:27.982615+00:00,controlled_windows_x86_64_two_cpu,NATIVE_SOFTWARE,x86_64,"AMD64 Family 23 Model 96 Stepping 1, AuthenticAMD",12,7598,Windows-11-10.0.26200-SP0,N/A (prebuilt Python extension wheel),N/A,N/A (prebuilt wheel),pqcrypto,0.4.0,ML-KEM-1024,encapsulation,25,224600,30322688,True,
9688e997-27dc-4649-88e9-6643b3730135,07084835-0852-4baa-a0cc-3119cc6c24d1,2026-08-12T17:25:27.983058+00:00,controlled_windows_x86_64_two_cpu,NATIVE_SOFTWARE,x86_64,"AMD64 Family 23 Model 96 Stepping 1, AuthenticAMD",12,7598,Windows-11-10.0.26200-SP0,N/A (prebuilt Python extension wheel),N/A,N/A (prebuilt wheel),pqcrypto,0.4.0,ML-KEM-1024,decapsulation,25,123300,30322688,True,
9688e997-27dc-4649-88e9-6643b3730135,07084835-0852-4baa-a0cc-3119cc6c24d1,2026-08-12T17:25:27.983279+00:00,controlled_windows_x86_64_two_cpu,NATIVE_SOFTWARE,x86_64,"AMD64 Family 23 Model 96 Stepping 1, AuthenticAMD",12,7598,Windows-11-10.0.26200-SP0,N/A (prebuilt Python extension wheel),N/A,N/A (prebuilt wheel),pqcrypto,0.4.0,ML-KEM-1024,keygen,26,265300,30322688,True,
9688e997-27dc-4649-88e9-6643b3730135,07084835-0852-4baa-a0cc-3119cc6c24d1,2026-08-12T17:25:27.983886+00:00,controlled_windows_x86_64_two_cpu,NATIVE_SOFTWARE,x86_64,"AMD64 Family 23 Model 96 Stepping 1, AuthenticAMD",12,7598,Windows-11-10.0.26200-SP0,N/A (prebuilt Python extension wheel),N/A,N/A (prebuilt wheel),pqcrypto,0.4.0,ML-KEM-1024,encapsulation,26,218600,30322688,True,
9688e997-27dc-4649-88e9-6643b3730135,07084835-0852-4baa-a0cc-3119cc6c24d1,2026-08-12T17:25:27.984213+00:00,controlled_windows_x86_64_two_cpu,NATIVE_SOFTWARE,x86_64,"AMD64 Family 23 Model 96 Stepping 1, AuthenticAMD",12,7598,Windows-11-10.0.26200-SP0,N/A (prebuilt Python extension wheel),N/A,N/A (prebuilt wheel),pqcrypto,0.4.0,ML-KEM-1024,decapsulation,26,100800,30322688,True,
9688e997-27dc-4649-88e9-6643b3730135,07084835-0852-4baa-a0cc-3119cc6c24d1,2026-08-12T17:25:27.984406+00:00,controlled_windows_x86_64_two_cpu,NATIVE_SOFTWARE,x86_64,"AMD64 Family 23 Model 96 Stepping 1, AuthenticAMD",12,7598,Windows-11-10.0.26200-SP0,N/A (prebuilt Python extension wheel),N/A,N/A (prebuilt wheel),pqcrypto,0.4.0,ML-KEM-1024,keygen,27,276200,30322688,True,
9688e997-27dc-4649-88e9-6643b3730135,07084835-0852-4baa-a0cc-3119cc6c24d1,2026-08-12T17:25:27.985012+00:00,controlled_windows_x86_64_two_cpu,NATIVE_SOFTWARE,x86_64,"AMD64 Family 23 Model 96 Stepping 1, AuthenticAMD",12,7598,Windows-11-10.0.26200-SP0,N/A (prebuilt Python extension wheel),N/A,N/A (prebuilt wheel),pqcrypto,0.4.0,ML-KEM-1024,encapsulation,27,230500,30322688,True,
9688e997-27dc-4649-88e9-6643b3730135,07084835-0852-4baa-a0cc-3119cc6c24d1,2026-08-12T17:25:27.985469+00:00,controlled_windows_x86_64_two_cpu,NATIVE_SOFTWARE,x86_64,"AMD64 Family 23 Model 96 Stepping 1, AuthenticAMD",12,7598,Windows-11-10.0.26200-SP0,N/A (prebuilt Python extension wheel),N/A,N/A (prebuilt wheel),pqcrypto,0.4.0,ML-KEM-1024,decapsulation,27,101400,30322688,True,
9688e997-27dc-4649-88e9-6643b3730135,07084835-0852-4baa-a0cc-3119cc6c24d1,2026-08-12T17:25:27.985654+00:00,controlled_windows_x86_64_two_cpu,NATIVE_SOFTWARE,x86_64,"AMD64 Family 23 Model 96 Stepping 1, AuthenticAMD",12,7598,Windows-11-10.0.26200-SP0,N/A (prebuilt Python extension wheel),N/A,N/A (prebuilt wheel),pqcrypto,0.4.0,ML-KEM-1024,keygen,28,355900,30322688,True,
9688e997-27dc-4649-88e9-6643b3730135,07084835-0852-4baa-a0cc-3119cc6c24d1,2026-08-12T17:25:27.986315+00:00,controlled_windows_x86_64_two_cpu,NATIVE_SOFTWARE,x86_64,"AMD64 Family 23 Model 96 Stepping 1, AuthenticAMD",12,7598,Windows-11-10.0.26200-SP0,N/A (prebuilt Python extension wheel),N/A,N/A (prebuilt wheel),pqcrypto,0.4.0,ML-KEM-1024,encapsulation,28,230500,30322688,True,
9688e997-27dc-4649-88e9-6643b3730135,07084835-0852-4baa-a0cc-3119cc6c24d1,2026-08-12T17:25:27.986644+00:00,controlled_windows_x86_64_two_cpu,NATIVE_SOFTWARE,x86_64,"AMD64 Family 23 Model 96 Stepping 1, AuthenticAMD",12,7598,Windows-11-10.0.26200-SP0,N/A (prebuilt Python extension wheel),N/A,N/A (prebuilt wheel),pqcrypto,0.4.0,ML-KEM-1024,decapsulation,28,99600,30322688,True,
9688e997-27dc-4649-88e9-6643b3730135,07084835-0852-4baa-a0cc-3119cc6c24d1,2026-08-12T17:25:27.986826+00:00,controlled_windows_x86_64_two_cpu,NATIVE_SOFTWARE,x86_64,"AMD64 Family 23 Model 96 Stepping 1, AuthenticAMD",12,7598,Windows-11-10.0.26200-SP0,N/A (prebuilt Python extension wheel),N/A,N/A (prebuilt wheel),pqcrypto,0.4.0,ML-KEM-1024,keygen,29,207900,30322688,True,
9688e997-27dc-4649-88e9-6643b3730135,07084835-0852-4baa-a0cc-3119cc6c24d1,2026-08-12T17:25:27.987336+00:00,controlled_windows_x86_64_two_cpu,NATIVE_SOFTWARE,x86_64,"AMD64 Family 23 Model 96 Stepping 1, AuthenticAMD",12,7598,Windows-11-10.0.26200-SP0,N/A (prebuilt Python extension wheel),N/A,N/A (prebuilt wheel),pqcrypto,0.4.0,ML-KEM-1024,encapsulation,29,222700,30322688,True,
9688e997-27dc-4649-88e9-6643b3730135,07084835-0852-4baa-a0cc-3119cc6c24d1,2026-08-12T17:25:27.987653+00:00,controlled_windows_x86_64_two_cpu,NATIVE_SOFTWARE,x86_64,"AMD64 Family 23 Model 96 Stepping 1, AuthenticAMD",12,7598,Windows-11-10.0.26200-SP0,N/A (prebuilt Python extension wheel),N/A,N/A (prebuilt wheel),pqcrypto,0.4.0,ML-KEM-1024,decapsulation,29,100500,30322688,True,
9688e997-27dc-4649-88e9-6643b3730135,07084835-0852-4baa-a0cc-3119cc6c24d1,2026-08-12T17:25:27.987834+00:00,controlled_windows_x86_64_two_cpu,NATIVE_SOFTWARE,x86_64,"AMD64 Family 23 Model 96 Stepping 1, AuthenticAMD",12,7598,Windows-11-10.0.26200-SP0,N/A (prebuilt Python extension wheel),N/A,N/A (prebuilt wheel),pqcrypto,0.4.0,ML-KEM-1024,keygen,30,270300,30322688,True,
9688e997-27dc-4649-88e9-6643b3730135,07084835-0852-4baa-a0cc-3119cc6c24d1,2026-08-12T17:25:27.988458+00:00,controlled_windows_x86_64_two_cpu,NATIVE_SOFTWARE,x86_64,"AMD64 Family 23 Model 96 Stepping 1, AuthenticAMD",12,7598,Windows-11-10.0.26200-SP0,N/A (prebuilt Python extension wheel),N/A,N/A (prebuilt wheel),pqcrypto,0.4.0,ML-KEM-1024,encapsulation,30,202200,30322688,True,
9688e997-27dc-4649-88e9-6643b3730135,07084835-0852-4baa-a0cc-3119cc6c24d1,2026-08-12T17:25:27.988765+00:00,controlled_windows_x86_64_two_cpu,NATIVE_SOFTWARE,x86_64,"AMD64 Family 23 Model 96 Stepping 1, AuthenticAMD",12,7598,Windows-11-10.0.26200-SP0,N/A (prebuilt Python extension wheel),N/A,N/A (prebuilt wheel),pqcrypto,0.4.0,ML-KEM-1024,decapsulation,30,100400,30322688,True,
9688e997-27dc-4649-88e9-6643b3730135,07084835-0852-4baa-a0cc-3119cc6c24d1,2026-08-12T17:25:27.988947+00:00,controlled_windows_x86_64_two_cpu,NATIVE_SOFTWARE,x86_64,"AMD64 Family 23 Model 96 Stepping 1, AuthenticAMD",12,7598,Windows-11-10.0.26200-SP0,N/A (prebuilt Python extension wheel),N/A,N/A (prebuilt wheel),pqcrypto,0.4.0,ML-KEM-1024,keygen,31,295800,30322688,True,
9688e997-27dc-4649-88e9-6643b3730135,07084835-0852-4baa-a0cc-3119cc6c24d1,2026-08-12T17:25:27.989637+00:00,controlled_windows_x86_64_two_cpu,NATIVE_SOFTWARE,x86_64,"AMD64 Family 23 Model 96 Stepping 1, AuthenticAMD",12,7598,Windows-11-10.0.26200-SP0,N/A (prebuilt Python extension wheel),N/A,N/A (prebuilt wheel),pqcrypto,0.4.0,ML-KEM-1024,encapsulation,31,249500,30322688,True,
9688e997-27dc-4649-88e9-6643b3730135,07084835-0852-4baa-a0cc-3119cc6c24d1,2026-08-12T17:25:27.990078+00:00,controlled_windows_x86_64_two_cpu,NATIVE_SOFTWARE,x86_64,"AMD64 Family 23 Model 96 Stepping 1, AuthenticAMD",12,7598,Windows-11-10.0.26200-SP0,N/A (prebuilt Python extension wheel),N/A,N/A (prebuilt wheel),pqcrypto,0.4.0,ML-KEM-1024,decapsulation,31,112900,30322688,True,
9688e997-27dc-4649-88e9-6643b3730135,07084835-0852-4baa-a0cc-3119cc6c24d1,2026-08-12T17:25:27.990287+00:00,controlled_windows_x86_64_two_cpu,NATIVE_SOFTWARE,x86_64,"AMD64 Family 23 Model 96 Stepping 1, AuthenticAMD",12,7598,Windows-11-10.0.26200-SP0,N/A (prebuilt Python extension wheel),N/A,N/A (prebuilt wheel),pqcrypto,0.4.0,ML-KEM-1024,keygen,32,280000,30322688,True,
9688e997-27dc-4649-88e9-6643b3730135,07084835-0852-4baa-a0cc-3119cc6c24d1,2026-08-12T17:25:27.990925+00:00,controlled_windows_x86_64_two_cpu,NATIVE_SOFTWARE,x86_64,"AMD64 Family 23 Model 96 Stepping 1, AuthenticAMD",12,7598,Windows-11-10.0.26200-SP0,N/A (prebuilt Python extension wheel),N/A,N/A (prebuilt wheel),pqcrypto,0.4.0,ML-KEM-1024,encapsulation,32,213300,30322688,True,
9688e997-27dc-4649-88e9-6643b3730135,07084835-0852-4baa-a0cc-3119cc6c24d1,2026-08-12T17:25:27.991419+00:00,controlled_windows_x86_64_two_cpu,NATIVE_SOFTWARE,x86_64,"AMD64 Family 23 Model 96 Stepping 1, AuthenticAMD",12,7598,Windows-11-10.0.26200-SP0,N/A (prebuilt Python extension wheel),N/A,N/A (prebuilt wheel),pqcrypto,0.4.0,ML-KEM-1024,decapsulation,32,122000,30322688,True,
9688e997-27dc-4649-88e9-6643b3730135,07084835-0852-4baa-a0cc-3119cc6c24d1,2026-08-12T17:25:27.991686+00:00,controlled_windows_x86_64_two_cpu,NATIVE_SOFTWARE,x86_64,"AMD64 Family 23 Model 96 Stepping 1, AuthenticAMD",12,7598,Windows-11-10.0.26200-SP0,N/A (prebuilt Python extension wheel),N/A,N/A (prebuilt wheel),pqcrypto,0.4.0,ML-KEM-1024,keygen,33,437600,30322688,True,
9688e997-27dc-4649-88e9-6643b3730135,07084835-0852-4baa-a0cc-3119cc6c24d1,2026-08-12T17:25:27.992487+00:00,controlled_windows_x86_64_two_cpu,NATIVE_SOFTWARE,x86_64,"AMD64 Family 23 Model 96 Stepping 1, AuthenticAMD",12,7598,Windows-11-10.0.26200-SP0,N/A (prebuilt Python extension wheel),N/A,N/A (prebuilt wheel),pqcrypto,0.4.0,ML-KEM-1024,encapsulation,33,204100,30322688,True,
9688e997-27dc-4649-88e9-6643b3730135,07084835-0852-4baa-a0cc-3119cc6c24d1,2026-08-12T17:25:27.992793+00:00,controlled_windows_x86_64_two_cpu,NATIVE_SOFTWARE,x86_64,"AMD64 Family 23 Model 96 Stepping 1, AuthenticAMD",12,7598,Windows-11-10.0.26200-SP0,N/A (prebuilt Python extension wheel),N/A,N/A (prebuilt wheel),pqcrypto,0.4.0,ML-KEM-1024,decapsulation,33,99900,30322688,True,
9688e997-27dc-4649-88e9-6643b3730135,07084835-0852-4baa-a0cc-3119cc6c24d1,2026-08-12T17:25:27.992973+00:00,controlled_windows_x86_64_two_cpu,NATIVE_SOFTWARE,x86_64,"AMD64 Family 23 Model 96 Stepping 1, AuthenticAMD",12,7598,Windows-11-10.0.26200-SP0,N/A (prebuilt Python extension wheel),N/A,N/A (prebuilt wheel),pqcrypto,0.4.0,ML-KEM-1024,keygen,34,204700,30322688,True,
9688e997-27dc-4649-88e9-6643b3730135,07084835-0852-4baa-a0cc-3119cc6c24d1,2026-08-12T17:25:27.993485+00:00,controlled_windows_x86_64_two_cpu,NATIVE_SOFTWARE,x86_64,"AMD64 Family 23 Model 96 Stepping 1, AuthenticAMD",12,7598,Windows-11-10.0.26200-SP0,N/A (prebuilt Python extension wheel),N/A,N/A (prebuilt wheel),pqcrypto,0.4.0,ML-KEM-1024,encapsulation,34,201100,30322688,True,
9688e997-27dc-4649-88e9-6643b3730135,07084835-0852-4baa-a0cc-3119cc6c24d1,2026-08-12T17:25:27.993780+00:00,controlled_windows_x86_64_two_cpu,NATIVE_SOFTWARE,x86_64,"AMD64 Family 23 Model 96 Stepping 1, AuthenticAMD",12,7598,Windows-11-10.0.26200-SP0,N/A (prebuilt Python extension wheel),N/A,N/A (prebuilt wheel),pqcrypto,0.4.0,ML-KEM-1024,decapsulation,34,99800,30322688,True,
9688e997-27dc-4649-88e9-6643b3730135,07084835-0852-4baa-a0cc-3119cc6c24d1,2026-08-12T17:25:27.993960+00:00,controlled_windows_x86_64_two_cpu,NATIVE_SOFTWARE,x86_64,"AMD64 Family 23 Model 96 Stepping 1, AuthenticAMD",12,7598,Windows-11-10.0.26200-SP0,N/A (prebuilt Python extension wheel),N/A,N/A (prebuilt wheel),pqcrypto,0.4.0,ML-KEM-1024,keygen,35,200600,30322688,True,
9688e997-27dc-4649-88e9-6643b3730135,07084835-0852-4baa-a0cc-3119cc6c24d1,2026-08-12T17:25:27.994475+00:00,controlled_windows_x86_64_two_cpu,NATIVE_SOFTWARE,x86_64,"AMD64 Family 23 Model 96 Stepping 1, AuthenticAMD",12,7598,Windows-11-10.0.26200-SP0,N/A (prebuilt Python extension wheel),N/A,N/A (prebuilt wheel),pqcrypto,0.4.0,ML-KEM-1024,encapsulation,35,199700,30322688,True,
9688e997-27dc-4649-88e9-6643b3730135,07084835-0852-4baa-a0cc-3119cc6c24d1,2026-08-12T17:25:27.994769+00:00,controlled_windows_x86_64_two_cpu,NATIVE_SOFTWARE,x86_64,"AMD64 Family 23 Model 96 Stepping 1, AuthenticAMD",12,7598,Windows-11-10.0.26200-SP0,N/A (prebuilt Python extension wheel),N/A,N/A (prebuilt wheel),pqcrypto,0.4.0,ML-KEM-1024,decapsulation,35,99000,30322688,True,
9688e997-27dc-4649-88e9-6643b3730135,07084835-0852-4baa-a0cc-3119cc6c24d1,2026-08-12T17:25:27.995035+00:00,controlled_windows_x86_64_two_cpu,NATIVE_SOFTWARE,x86_64,"AMD64 Family 23 Model 96 Stepping 1, AuthenticAMD",12,7598,Windows-11-10.0.26200-SP0,N/A (prebuilt Python extension wheel),N/A,N/A (prebuilt wheel),pqcrypto,0.4.0,ML-KEM-1024,keygen,36,219700,30322688,True,
9688e997-27dc-4649-88e9-6643b3730135,07084835-0852-4baa-a0cc-3119cc6c24d1,2026-08-12T17:25:27.995587+00:00,controlled_windows_x86_64_two_cpu,NATIVE_SOFTWARE,x86_64,"AMD64 Family 23 Model 96 Stepping 1, AuthenticAMD",12,7598,Windows-11-10.0.26200-SP0,N/A (prebuilt Python extension wheel),N/A,N/A (prebuilt wheel),pqcrypto,0.4.0,ML-KEM-1024,encapsulation,36,202900,30322688,True,
9688e997-27dc-4649-88e9-6643b3730135,07084835-0852-4baa-a0cc-3119cc6c24d1,2026-08-12T17:25:27.995913+00:00,controlled_windows_x86_64_two_cpu,NATIVE_SOFTWARE,x86_64,"AMD64 Family 23 Model 96 Stepping 1, AuthenticAMD",12,7598,Windows-11-10.0.26200-SP0,N/A (prebuilt Python extension wheel),N/A,N/A (prebuilt wheel),pqcrypto,0.4.0,ML-KEM-1024,decapsulation,36,103300,30326784,True,
9688e997-27dc-4649-88e9-6643b3730135,07084835-0852-4baa-a0cc-3119cc6c24d1,2026-08-12T17:25:27.996181+00:00,controlled_windows_x86_64_two_cpu,NATIVE_SOFTWARE,x86_64,"AMD64 Family 23 Model 96 Stepping 1, AuthenticAMD",12,7598,Windows-11-10.0.26200-SP0,N/A (prebuilt Python extension wheel),N/A,N/A (prebuilt wheel),pqcrypto,0.4.0,ML-KEM-1024,keygen,37,372500,30363648,True,
9688e997-27dc-4649-88e9-6643b3730135,07084835-0852-4baa-a0cc-3119cc6c24d1,2026-08-12T17:25:27.997648+00:00,controlled_windows_x86_64_two_cpu,NATIVE_SOFTWARE,x86_64,"AMD64 Family 23 Model 96 Stepping 1, AuthenticAMD",12,7598,Windows-11-10.0.26200-SP0,N/A (prebuilt Python extension wheel),N/A,N/A (prebuilt wheel),pqcrypto,0.4.0,ML-KEM-1024,encapsulation,37,222300,30363648,True,
9688e997-27dc-4649-88e9-6643b3730135,07084835-0852-4baa-a0cc-3119cc6c24d1,2026-08-12T17:25:27.998042+00:00,controlled_windows_x86_64_two_cpu,NATIVE_SOFTWARE,x86_64,"AMD64 Family 23 Model 96 Stepping 1, AuthenticAMD",12,7598,Windows-11-10.0.26200-SP0,N/A (prebuilt Python extension wheel),N/A,N/A (prebuilt wheel),pqcrypto,0.4.0,ML-KEM-1024,decapsulation,37,106900,30363648,True,
9688e997-27dc-4649-88e9-6643b3730135,07084835-0852-4baa-a0cc-3119cc6c24d1,2026-08-12T17:25:27.998243+00:00,controlled_windows_x86_64_two_cpu,NATIVE_SOFTWARE,x86_64,"AMD64 Family 23 Model 96 Stepping 1, AuthenticAMD",12,7598,Windows-11-10.0.26200-SP0,N/A (prebuilt Python extension wheel),N/A,N/A (prebuilt wheel),pqcrypto,0.4.0,ML-KEM-1024,keygen,38,345900,30363648,True,
9688e997-27dc-4649-88e9-6643b3730135,07084835-0852-4baa-a0cc-3119cc6c24d1,2026-08-12T17:25:27.999175+00:00,controlled_windows_x86_64_two_cpu,NATIVE_SOFTWARE,x86_64,"AMD64 Family 23 Model 96 Stepping 1, AuthenticAMD",12,7598,Windows-11-10.0.26200-SP0,N/A (prebuilt Python extension wheel),N/A,N/A (prebuilt wheel),pqcrypto,0.4.0,ML-KEM-1024,encapsulation,38,207100,30363648,True,
9688e997-27dc-4649-88e9-6643b3730135,07084835-0852-4baa-a0cc-3119cc6c24d1,2026-08-12T17:25:27.999529+00:00,controlled_windows_x86_64_two_cpu,NATIVE_SOFTWARE,x86_64,"AMD64 Family 23 Model 96 Stepping 1, AuthenticAMD",12,7598,Windows-11-10.0.26200-SP0,N/A (prebuilt Python extension wheel),N/A,N/A (prebuilt wheel),pqcrypto,0.4.0,ML-KEM-1024,decapsulation,38,104100,30363648,True,
9688e997-27dc-4649-88e9-6643b3730135,07084835-0852-4baa-a0cc-3119cc6c24d1,2026-08-12T17:25:27.999719+00:00,controlled_windows_x86_64_two_cpu,NATIVE_SOFTWARE,x86_64,"AMD64 Family 23 Model 96 Stepping 1, AuthenticAMD",12,7598,Windows-11-10.0.26200-SP0,N/A (prebuilt Python extension wheel),N/A,N/A (prebuilt wheel),pqcrypto,0.4.0,ML-KEM-1024,keygen,39,206800,30363648,True,
9688e997-27dc-4649-88e9-6643b3730135,07084835-0852-4baa-a0cc-3119cc6c24d1,2026-08-12T17:25:28.000221+00:00,controlled_windows_x86_64_two_cpu,NATIVE_SOFTWARE,x86_64,"AMD64 Family 23 Model 96 Stepping 1, AuthenticAMD",12,7598,Windows-11-10.0.26200-SP0,N/A (prebuilt Python extension wheel),N/A,N/A (prebuilt wheel),pqcrypto,0.4.0,ML-KEM-1024,encapsulation,39,211600,30363648,True,
9688e997-27dc-4649-88e9-6643b3730135,07084835-0852-4baa-a0cc-3119cc6c24d1,2026-08-12T17:25:28.000532+00:00,controlled_windows_x86_64_two_cpu,NATIVE_SOFTWARE,x86_64,"AMD64 Family 23 Model 96 Stepping 1, AuthenticAMD",12,7598,Windows-11-10.0.26200-SP0,N/A (prebuilt Python extension wheel),N/A,N/A (prebuilt wheel),pqcrypto,0.4.0,ML-KEM-1024,decapsulation,39,99200,30363648,True,
9688e997-27dc-4649-88e9-6643b3730135,07084835-0852-4baa-a0cc-3119cc6c24d1,2026-08-12T17:25:28.000712+00:00,controlled_windows_x86_64_two_cpu,NATIVE_SOFTWARE,x86_64,"AMD64 Family 23 Model 96 Stepping 1, AuthenticAMD",12,7598,Windows-11-10.0.26200-SP0,N/A (prebuilt Python extension wheel),N/A,N/A (prebuilt wheel),pqcrypto,0.4.0,ML-KEM-1024,keygen,40,212000,30363648,True,
9688e997-27dc-4649-88e9-6643b3730135,07084835-0852-4baa-a0cc-3119cc6c24d1,2026-08-12T17:25:28.001218+00:00,controlled_windows_x86_64_two_cpu,NATIVE_SOFTWARE,x86_64,"AMD64 Family 23 Model 96 Stepping 1, AuthenticAMD",12,7598,Windows-11-10.0.26200-SP0,N/A (prebuilt Python extension wheel),N/A,N/A (prebuilt wheel),pqcrypto,0.4.0,ML-KEM-1024,encapsulation,40,228500,30363648,True,
9688e997-27dc-4649-88e9-6643b3730135,07084835-0852-4baa-a0cc-3119cc6c24d1,2026-08-12T17:25:28.001546+00:00,controlled_windows_x86_64_two_cpu,NATIVE_SOFTWARE,x86_64,"AMD64 Family 23 Model 96 Stepping 1, AuthenticAMD",12,7598,Windows-11-10.0.26200-SP0,N/A (prebuilt Python extension wheel),N/A,N/A (prebuilt wheel),pqcrypto,0.4.0,ML-KEM-1024,decapsulation,40,99600,30363648,True,
9688e997-27dc-4649-88e9-6643b3730135,07084835-0852-4baa-a0cc-3119cc6c24d1,2026-08-12T17:25:28.001727+00:00,controlled_windows_x86_64_two_cpu,NATIVE_SOFTWARE,x86_64,"AMD64 Family 23 Model 96 Stepping 1, AuthenticAMD",12,7598,Windows-11-10.0.26200-SP0,N/A (prebuilt Python extension wheel),N/A,N/A (prebuilt wheel),pqcrypto,0.4.0,ML-KEM-1024,keygen,41,280500,30363648,True,
9688e997-27dc-4649-88e9-6643b3730135,07084835-0852-4baa-a0cc-3119cc6c24d1,2026-08-12T17:25:28.002323+00:00,controlled_windows_x86_64_two_cpu,NATIVE_SOFTWARE,x86_64,"AMD64 Family 23 Model 96 Stepping 1, AuthenticAMD",12,7598,Windows-11-10.0.26200-SP0,N/A (prebuilt Python extension wheel),N/A,N/A (prebuilt wheel),pqcrypto,0.4.0,ML-KEM-1024,encapsulation,41,240800,30363648,True,
9688e997-27dc-4649-88e9-6643b3730135,07084835-0852-4baa-a0cc-3119cc6c24d1,2026-08-12T17:25:28.002704+00:00,controlled_windows_x86_64_two_cpu,NATIVE_SOFTWARE,x86_64,"AMD64 Family 23 Model 96 Stepping 1, AuthenticAMD",12,7598,Windows-11-10.0.26200-SP0,N/A (prebuilt Python extension wheel),N/A,N/A (prebuilt wheel),pqcrypto,0.4.0,ML-KEM-1024,decapsulation,41,102100,30363648,True,
9688e997-27dc-4649-88e9-6643b3730135,07084835-0852-4baa-a0cc-3119cc6c24d1,2026-08-12T17:25:28.002902+00:00,controlled_windows_x86_64_two_cpu,NATIVE_SOFTWARE,x86_64,"AMD64 Family 23 Model 96 Stepping 1, AuthenticAMD",12,7598,Windows-11-10.0.26200-SP0,N/A (prebuilt Python extension wheel),N/A,N/A (prebuilt wheel),pqcrypto,0.4.0,ML-KEM-1024,keygen,42,313800,30363648,True,
9688e997-27dc-4649-88e9-6643b3730135,07084835-0852-4baa-a0cc-3119cc6c24d1,2026-08-12T17:25:28.003702+00:00,controlled_windows_x86_64_two_cpu,NATIVE_SOFTWARE,x86_64,"AMD64 Family 23 Model 96 Stepping 1, AuthenticAMD",12,7598,Windows-11-10.0.26200-SP0,N/A (prebuilt Python extension wheel),N/A,N/A (prebuilt wheel),pqcrypto,0.4.0,ML-KEM-1024,encapsulation,42,305000,30363648,True,
9688e997-27dc-4649-88e9-6643b3730135,07084835-0852-4baa-a0cc-3119cc6c24d1,2026-08-12T17:25:28.004247+00:00,controlled_windows_x86_64_two_cpu,NATIVE_SOFTWARE,x86_64,"AMD64 Family 23 Model 96 Stepping 1, AuthenticAMD",12,7598,Windows-11-10.0.26200-SP0,N/A (prebuilt Python extension wheel),N/A,N/A (prebuilt wheel),pqcrypto,0.4.0,ML-KEM-1024,decapsulation,42,106400,30363648,True,
9688e997-27dc-4649-88e9-6643b3730135,07084835-0852-4baa-a0cc-3119cc6c24d1,2026-08-12T17:25:28.004472+00:00,controlled_windows_x86_64_two_cpu,NATIVE_SOFTWARE,x86_64,"AMD64 Family 23 Model 96 Stepping 1, AuthenticAMD",12,7598,Windows-11-10.0.26200-SP0,N/A (prebuilt Python extension wheel),N/A,N/A (prebuilt wheel),pqcrypto,0.4.0,ML-KEM-1024,keygen,43,295600,30363648,True,
9688e997-27dc-4649-88e9-6643b3730135,07084835-0852-4baa-a0cc-3119cc6c24d1,2026-08-12T17:25:28.005157+00:00,controlled_windows_x86_64_two_cpu,NATIVE_SOFTWARE,x86_64,"AMD64 Family 23 Model 96 Stepping 1, AuthenticAMD",12,7598,Windows-11-10.0.26200-SP0,N/A (prebuilt Python extension wheel),N/A,N/A (prebuilt wheel),pqcrypto,0.4.0,ML-KEM-1024,encapsulation,43,215500,30363648,True,
9688e997-27dc-4649-88e9-6643b3730135,07084835-0852-4baa-a0cc-3119cc6c24d1,2026-08-12T17:25:28.005530+00:00,controlled_windows_x86_64_two_cpu,NATIVE_SOFTWARE,x86_64,"AMD64 Family 23 Model 96 Stepping 1, AuthenticAMD",12,7598,Windows-11-10.0.26200-SP0,N/A (prebuilt Python extension wheel),N/A,N/A (prebuilt wheel),pqcrypto,0.4.0,ML-KEM-1024,decapsulation,43,101900,30363648,True,
9688e997-27dc-4649-88e9-6643b3730135,07084835-0852-4baa-a0cc-3119cc6c24d1,2026-08-12T17:25:28.005721+00:00,controlled_windows_x86_64_two_cpu,NATIVE_SOFTWARE,x86_64,"AMD64 Family 23 Model 96 Stepping 1, AuthenticAMD",12,7598,Windows-11-10.0.26200-SP0,N/A (prebuilt Python extension wheel),N/A,N/A (prebuilt wheel),pqcrypto,0.4.0,ML-KEM-1024,keygen,44,257700,30363648,True,
9688e997-27dc-4649-88e9-6643b3730135,07084835-0852-4baa-a0cc-3119cc6c24d1,2026-08-12T17:25:28.006278+00:00,controlled_windows_x86_64_two_cpu,NATIVE_SOFTWARE,x86_64,"AMD64 Family 23 Model 96 Stepping 1, AuthenticAMD",12,7598,Windows-11-10.0.26200-SP0,N/A (prebuilt Python extension wheel),N/A,N/A (prebuilt wheel),pqcrypto,0.4.0,ML-KEM-1024,encapsulation,44,219200,30363648,True,
9688e997-27dc-4649-88e9-6643b3730135,07084835-0852-4baa-a0cc-3119cc6c24d1,2026-08-12T17:25:28.006596+00:00,controlled_windows_x86_64_two_cpu,NATIVE_SOFTWARE,x86_64,"AMD64 Family 23 Model 96 Stepping 1, AuthenticAMD",12,7598,Windows-11-10.0.26200-SP0,N/A (prebuilt Python extension wheel),N/A,N/A (prebuilt wheel),pqcrypto,0.4.0,ML-KEM-1024,decapsulation,44,307600,30363648,True,
9688e997-27dc-4649-88e9-6643b3730135,07084835-0852-4baa-a0cc-3119cc6c24d1,2026-08-12T17:25:28.007099+00:00,controlled_windows_x86_64_two_cpu,NATIVE_SOFTWARE,x86_64,"AMD64 Family 23 Model 96 Stepping 1, AuthenticAMD",12,7598,Windows-11-10.0.26200-SP0,N/A (prebuilt Python extension wheel),N/A,N/A (prebuilt wheel),pqcrypto,0.4.0,ML-KEM-1024,keygen,45,481600,30363648,True,
9688e997-27dc-4649-88e9-6643b3730135,07084835-0852-4baa-a0cc-3119cc6c24d1,2026-08-12T17:25:28.008064+00:00,controlled_windows_x86_64_two_cpu,NATIVE_SOFTWARE,x86_64,"AMD64 Family 23 Model 96 Stepping 1, AuthenticAMD",12,7598,Windows-11-10.0.26200-SP0,N/A (prebuilt Python extension wheel),N/A,N/A (prebuilt wheel),pqcrypto,0.4.0,ML-KEM-1024,encapsulation,45,206800,30363648,True,
9688e997-27dc-4649-88e9-6643b3730135,07084835-0852-4baa-a0cc-3119cc6c24d1,2026-08-12T17:25:28.008369+00:00,controlled_windows_x86_64_two_cpu,NATIVE_SOFTWARE,x86_64,"AMD64 Family 23 Model 96 Stepping 1, AuthenticAMD",12,7598,Windows-11-10.0.26200-SP0,N/A (prebuilt Python extension wheel),N/A,N/A (prebuilt wheel),pqcrypto,0.4.0,ML-KEM-1024,decapsulation,45,116700,30363648,True,
9688e997-27dc-4649-88e9-6643b3730135,07084835-0852-4baa-a0cc-3119cc6c24d1,2026-08-12T17:25:28.008569+00:00,controlled_windows_x86_64_two_cpu,NATIVE_SOFTWARE,x86_64,"AMD64 Family 23 Model 96 Stepping 1, AuthenticAMD",12,7598,Windows-11-10.0.26200-SP0,N/A (prebuilt Python extension wheel),N/A,N/A (prebuilt wheel),pqcrypto,0.4.0,ML-KEM-1024,keygen,46,204000,30363648,True,
9688e997-27dc-4649-88e9-6643b3730135,07084835-0852-4baa-a0cc-3119cc6c24d1,2026-08-12T17:25:28.009149+00:00,controlled_windows_x86_64_two_cpu,NATIVE_SOFTWARE,x86_64,"AMD64 Family 23 Model 96 Stepping 1, AuthenticAMD",12,7598,Windows-11-10.0.26200-SP0,N/A (prebuilt Python extension wheel),N/A,N/A (prebuilt wheel),pqcrypto,0.4.0,ML-KEM-1024,encapsulation,46,212200,30363648,True,
9688e997-27dc-4649-88e9-6643b3730135,07084835-0852-4baa-a0cc-3119cc6c24d1,2026-08-12T17:25:28.009539+00:00,controlled_windows_x86_64_two_cpu,NATIVE_SOFTWARE,x86_64,"AMD64 Family 23 Model 96 Stepping 1, AuthenticAMD",12,7598,Windows-11-10.0.26200-SP0,N/A (prebuilt Python extension wheel),N/A,N/A (prebuilt wheel),pqcrypto,0.4.0,ML-KEM-1024,decapsulation,46,104400,30363648,True,
9688e997-27dc-4649-88e9-6643b3730135,07084835-0852-4baa-a0cc-3119cc6c24d1,2026-08-12T17:25:28.009732+00:00,controlled_windows_x86_64_two_cpu,NATIVE_SOFTWARE,x86_64,"AMD64 Family 23 Model 96 Stepping 1, AuthenticAMD",12,7598,Windows-11-10.0.26200-SP0,N/A (prebuilt Python extension wheel),N/A,N/A (prebuilt wheel),pqcrypto,0.4.0,ML-KEM-1024,keygen,47,249100,30363648,True,
9688e997-27dc-4649-88e9-6643b3730135,07084835-0852-4baa-a0cc-3119cc6c24d1,2026-08-12T17:25:28.010475+00:00,controlled_windows_x86_64_two_cpu,NATIVE_SOFTWARE,x86_64,"AMD64 Family 23 Model 96 Stepping 1, AuthenticAMD",12,7598,Windows-11-10.0.26200-SP0,N/A (prebuilt Python extension wheel),N/A,N/A (prebuilt wheel),pqcrypto,0.4.0,ML-KEM-1024,encapsulation,47,224800,30363648,True,
9688e997-27dc-4649-88e9-6643b3730135,07084835-0852-4baa-a0cc-3119cc6c24d1,2026-08-12T17:25:28.010875+00:00,controlled_windows_x86_64_two_cpu,NATIVE_SOFTWARE,x86_64,"AMD64 Family 23 Model 96 Stepping 1, AuthenticAMD",12,7598,Windows-11-10.0.26200-SP0,N/A (prebuilt Python extension wheel),N/A,N/A (prebuilt wheel),pqcrypto,0.4.0,ML-KEM-1024,decapsulation,47,145100,30363648,True,
9688e997-27dc-4649-88e9-6643b3730135,07084835-0852-4baa-a0cc-3119cc6c24d1,2026-08-12T17:25:28.011135+00:00,controlled_windows_x86_64_two_cpu,NATIVE_SOFTWARE,x86_64,"AMD64 Family 23 Model 96 Stepping 1, AuthenticAMD",12,7598,Windows-11-10.0.26200-SP0,N/A (prebuilt Python extension wheel),N/A,N/A (prebuilt wheel),pqcrypto,0.4.0,ML-KEM-1024,keygen,48,219300,30363648,True,
9688e997-27dc-4649-88e9-6643b3730135,07084835-0852-4baa-a0cc-3119cc6c24d1,2026-08-12T17:25:28.011719+00:00,controlled_windows_x86_64_two_cpu,NATIVE_SOFTWARE,x86_64,"AMD64 Family 23 Model 96 Stepping 1, AuthenticAMD",12,7598,Windows-11-10.0.26200-SP0,N/A (prebuilt Python extension wheel),N/A,N/A (prebuilt wheel),pqcrypto,0.4.0,ML-KEM-1024,encapsulation,48,206500,30363648,True,
9688e997-27dc-4649-88e9-6643b3730135,07084835-0852-4baa-a0cc-3119cc6c24d1,2026-08-12T17:25:28.012034+00:00,controlled_windows_x86_64_two_cpu,NATIVE_SOFTWARE,x86_64,"AMD64 Family 23 Model 96 Stepping 1, AuthenticAMD",12,7598,Windows-11-10.0.26200-SP0,N/A (prebuilt Python extension wheel),N/A,N/A (prebuilt wheel),pqcrypto,0.4.0,ML-KEM-1024,decapsulation,48,100700,30363648,True,
9688e997-27dc-4649-88e9-6643b3730135,07084835-0852-4baa-a0cc-3119cc6c24d1,2026-08-12T17:25:28.012217+00:00,controlled_windows_x86_64_two_cpu,NATIVE_SOFTWARE,x86_64,"AMD64 Family 23 Model 96 Stepping 1, AuthenticAMD",12,7598,Windows-11-10.0.26200-SP0,N/A (prebuilt Python extension wheel),N/A,N/A (prebuilt wheel),pqcrypto,0.4.0,ML-KEM-1024,keygen,49,231800,30363648,True,
9688e997-27dc-4649-88e9-6643b3730135,07084835-0852-4baa-a0cc-3119cc6c24d1,2026-08-12T17:25:28.012850+00:00,controlled_windows_x86_64_two_cpu,NATIVE_SOFTWARE,x86_64,"AMD64 Family 23 Model 96 Stepping 1, AuthenticAMD",12,7598,Windows-11-10.0.26200-SP0,N/A (prebuilt Python extension wheel),N/A,N/A (prebuilt wheel),pqcrypto,0.4.0,ML-KEM-1024,encapsulation,49,419600,30363648,True,
9688e997-27dc-4649-88e9-6643b3730135,07084835-0852-4baa-a0cc-3119cc6c24d1,2026-08-12T17:25:28.013414+00:00,controlled_windows_x86_64_two_cpu,NATIVE_SOFTWARE,x86_64,"AMD64 Family 23 Model 96 Stepping 1, AuthenticAMD",12,7598,Windows-11-10.0.26200-SP0,N/A (prebuilt Python extension wheel),N/A,N/A (prebuilt wheel),pqcrypto,0.4.0,ML-KEM-1024,decapsulation,49,121900,30367744,True,
9688e997-27dc-4649-88e9-6643b3730135,07084835-0852-4baa-a0cc-3119cc6c24d1,2026-08-12T17:25:28.013632+00:00,controlled_windows_x86_64_two_cpu,NATIVE_SOFTWARE,x86_64,"AMD64 Family 23 Model 96 Stepping 1, AuthenticAMD",12,7598,Windows-11-10.0.26200-SP0,N/A (prebuilt Python extension wheel),N/A,N/A (prebuilt wheel),pqcrypto,0.4.0,ML-KEM-1024,keygen,50,227500,30375936,True,
9688e997-27dc-4649-88e9-6643b3730135,07084835-0852-4baa-a0cc-3119cc6c24d1,2026-08-12T17:25:28.014680+00:00,controlled_windows_x86_64_two_cpu,NATIVE_SOFTWARE,x86_64,"AMD64 Family 23 Model 96 Stepping 1, AuthenticAMD",12,7598,Windows-11-10.0.26200-SP0,N/A (prebuilt Python extension wheel),N/A,N/A (prebuilt wheel),pqcrypto,0.4.0,ML-KEM-1024,encapsulation,50,201300,30375936,True,
9688e997-27dc-4649-88e9-6643b3730135,07084835-0852-4baa-a0cc-3119cc6c24d1,2026-08-12T17:25:28.014980+00:00,controlled_windows_x86_64_two_cpu,NATIVE_SOFTWARE,x86_64,"AMD64 Family 23 Model 96 Stepping 1, AuthenticAMD",12,7598,Windows-11-10.0.26200-SP0,N/A (prebuilt Python extension wheel),N/A,N/A (prebuilt wheel),pqcrypto,0.4.0,ML-KEM-1024,decapsulation,50,104200,30375936,True,
9688e997-27dc-4649-88e9-6643b3730135,07084835-0852-4baa-a0cc-3119cc6c24d1,2026-08-12T17:25:28.015166+00:00,controlled_windows_x86_64_two_cpu,NATIVE_SOFTWARE,x86_64,"AMD64 Family 23 Model 96 Stepping 1, AuthenticAMD",12,7598,Windows-11-10.0.26200-SP0,N/A (prebuilt Python extension wheel),N/A,N/A (prebuilt wheel),pqcrypto,0.4.0,ML-KEM-1024,keygen,51,206400,30375936,True,
9688e997-27dc-4649-88e9-6643b3730135,07084835-0852-4baa-a0cc-3119cc6c24d1,2026-08-12T17:25:28.015694+00:00,controlled_windows_x86_64_two_cpu,NATIVE_SOFTWARE,x86_64,"AMD64 Family 23 Model 96 Stepping 1, AuthenticAMD",12,7598,Windows-11-10.0.26200-SP0,N/A (prebuilt Python extension wheel),N/A,N/A (prebuilt wheel),pqcrypto,0.4.0,ML-KEM-1024,encapsulation,51,287400,30375936,True,
9688e997-27dc-4649-88e9-6643b3730135,07084835-0852-4baa-a0cc-3119cc6c24d1,2026-08-12T17:25:28.016084+00:00,controlled_windows_x86_64_two_cpu,NATIVE_SOFTWARE,x86_64,"AMD64 Family 23 Model 96 Stepping 1, AuthenticAMD",12,7598,Windows-11-10.0.26200-SP0,N/A (prebuilt Python extension wheel),N/A,N/A (prebuilt wheel),pqcrypto,0.4.0,ML-KEM-1024,decapsulation,51,102900,30375936,True,
9688e997-27dc-4649-88e9-6643b3730135,07084835-0852-4baa-a0cc-3119cc6c24d1,2026-08-12T17:25:28.016274+00:00,controlled_windows_x86_64_two_cpu,NATIVE_SOFTWARE,x86_64,"AMD64 Family 23 Model 96 Stepping 1, AuthenticAMD",12,7598,Windows-11-10.0.26200-SP0,N/A (prebuilt Python extension wheel),N/A,N/A (prebuilt wheel),pqcrypto,0.4.0,ML-KEM-1024,keygen,52,235100,30375936,True,
9688e997-27dc-4649-88e9-6643b3730135,07084835-0852-4baa-a0cc-3119cc6c24d1,2026-08-12T17:25:28.016820+00:00,controlled_windows_x86_64_two_cpu,NATIVE_SOFTWARE,x86_64,"AMD64 Family 23 Model 96 Stepping 1, AuthenticAMD",12,7598,Windows-11-10.0.26200-SP0,N/A (prebuilt Python extension wheel),N/A,N/A (prebuilt wheel),pqcrypto,0.4.0,ML-KEM-1024,encapsulation,52,210700,30375936,True,
9688e997-27dc-4649-88e9-6643b3730135,07084835-0852-4baa-a0cc-3119cc6c24d1,2026-08-12T17:25:28.017218+00:00,controlled_windows_x86_64_two_cpu,NATIVE_SOFTWARE,x86_64,"AMD64 Family 23 Model 96 Stepping 1, AuthenticAMD",12,7598,Windows-11-10.0.26200-SP0,N/A (prebuilt Python extension wheel),N/A,N/A (prebuilt wheel),pqcrypto,0.4.0,ML-KEM-1024,decapsulation,52,109900,30375936,True,
9688e997-27dc-4649-88e9-6643b3730135,07084835-0852-4baa-a0cc-3119cc6c24d1,2026-08-12T17:25:28.017422+00:00,controlled_windows_x86_64_two_cpu,NATIVE_SOFTWARE,x86_64,"AMD64 Family 23 Model 96 Stepping 1, AuthenticAMD",12,7598,Windows-11-10.0.26200-SP0,N/A (prebuilt Python extension wheel),N/A,N/A (prebuilt wheel),pqcrypto,0.4.0,ML-KEM-1024,keygen,53,247000,30375936,True,
9688e997-27dc-4649-88e9-6643b3730135,07084835-0852-4baa-a0cc-3119cc6c24d1,2026-08-12T17:25:28.018060+00:00,controlled_windows_x86_64_two_cpu,NATIVE_SOFTWARE,x86_64,"AMD64 Family 23 Model 96 Stepping 1, AuthenticAMD",12,7598,Windows-11-10.0.26200-SP0,N/A (prebuilt Python extension wheel),N/A,N/A (prebuilt wheel),pqcrypto,0.4.0,ML-KEM-1024,encapsulation,53,213000,30375936,True,
9688e997-27dc-4649-88e9-6643b3730135,07084835-0852-4baa-a0cc-3119cc6c24d1,2026-08-12T17:25:28.018377+00:00,controlled_windows_x86_64_two_cpu,NATIVE_SOFTWARE,x86_64,"AMD64 Family 23 Model 96 Stepping 1, AuthenticAMD",12,7598,Windows-11-10.0.26200-SP0,N/A (prebuilt Python extension wheel),N/A,N/A (prebuilt wheel),pqcrypto,0.4.0,ML-KEM-1024,decapsulation,53,117300,30375936,True,
9688e997-27dc-4649-88e9-6643b3730135,07084835-0852-4baa-a0cc-3119cc6c24d1,2026-08-12T17:25:28.018620+00:00,controlled_windows_x86_64_two_cpu,NATIVE_SOFTWARE,x86_64,"AMD64 Family 23 Model 96 Stepping 1, AuthenticAMD",12,7598,Windows-11-10.0.26200-SP0,N/A (prebuilt Python extension wheel),N/A,N/A (prebuilt wheel),pqcrypto,0.4.0,ML-KEM-1024,keygen,54,223100,30375936,True,
9688e997-27dc-4649-88e9-6643b3730135,07084835-0852-4baa-a0cc-3119cc6c24d1,2026-08-12T17:25:28.019200+00:00,controlled_windows_x86_64_two_cpu,NATIVE_SOFTWARE,x86_64,"AMD64 Family 23 Model 96 Stepping 1, AuthenticAMD",12,7598,Windows-11-10.0.26200-SP0,N/A (prebuilt Python extension wheel),N/A,N/A (prebuilt wheel),pqcrypto,0.4.0,ML-KEM-1024,encapsulation,54,207400,30375936,True,
9688e997-27dc-4649-88e9-6643b3730135,07084835-0852-4baa-a0cc-3119cc6c24d1,2026-08-12T17:25:28.019563+00:00,controlled_windows_x86_64_two_cpu,NATIVE_SOFTWARE,x86_64,"AMD64 Family 23 Model 96 Stepping 1, AuthenticAMD",12,7598,Windows-11-10.0.26200-SP0,N/A (prebuilt Python extension wheel),N/A,N/A (prebuilt wheel),pqcrypto,0.4.0,ML-KEM-1024,decapsulation,54,100500,30375936,True,
9688e997-27dc-4649-88e9-6643b3730135,07084835-0852-4baa-a0cc-3119cc6c24d1,2026-08-12T17:25:28.019748+00:00,controlled_windows_x86_64_two_cpu,NATIVE_SOFTWARE,x86_64,"AMD64 Family 23 Model 96 Stepping 1, AuthenticAMD",12,7598,Windows-11-10.0.26200-SP0,N/A (prebuilt Python extension wheel),N/A,N/A (prebuilt wheel),pqcrypto,0.4.0,ML-KEM-1024,keygen,55,233200,30375936,True,
9688e997-27dc-4649-88e9-6643b3730135,07084835-0852-4baa-a0cc-3119cc6c24d1,2026-08-12T17:25:28.020277+00:00,controlled_windows_x86_64_two_cpu,NATIVE_SOFTWARE,x86_64,"AMD64 Family 23 Model 96 Stepping 1, AuthenticAMD",12,7598,Windows-11-10.0.26200-SP0,N/A (prebuilt Python extension wheel),N/A,N/A (prebuilt wheel),pqcrypto,0.4.0,ML-KEM-1024,encapsulation,55,222800,30375936,True,
9688e997-27dc-4649-88e9-6643b3730135,07084835-0852-4baa-a0cc-3119cc6c24d1,2026-08-12T17:25:28.020600+00:00,controlled_windows_x86_64_two_cpu,NATIVE_SOFTWARE,x86_64,"AMD64 Family 23 Model 96 Stepping 1, AuthenticAMD",12,7598,Windows-11-10.0.26200-SP0,N/A (prebuilt Python extension wheel),N/A,N/A (prebuilt wheel),pqcrypto,0.4.0,ML-KEM-1024,decapsulation,55,99900,30375936,True,
9688e997-27dc-4649-88e9-6643b3730135,07084835-0852-4baa-a0cc-3119cc6c24d1,2026-08-12T17:25:28.020782+00:00,controlled_windows_x86_64_two_cpu,NATIVE_SOFTWARE,x86_64,"AMD64 Family 23 Model 96 Stepping 1, AuthenticAMD",12,7598,Windows-11-10.0.26200-SP0,N/A (prebuilt Python extension wheel),N/A,N/A (prebuilt wheel),pqcrypto,0.4.0,ML-KEM-1024,keygen,56,220000,30375936,True,
9688e997-27dc-4649-88e9-6643b3730135,07084835-0852-4baa-a0cc-3119cc6c24d1,2026-08-12T17:25:28.021407+00:00,controlled_windows_x86_64_two_cpu,NATIVE_SOFTWARE,x86_64,"AMD64 Family 23 Model 96 Stepping 1, AuthenticAMD",12,7598,Windows-11-10.0.26200-SP0,N/A (prebuilt Python extension wheel),N/A,N/A (prebuilt wheel),pqcrypto,0.4.0,ML-KEM-1024,encapsulation,56,420700,30375936,True,
9688e997-27dc-4649-88e9-6643b3730135,07084835-0852-4baa-a0cc-3119cc6c24d1,2026-08-12T17:25:28.021945+00:00,controlled_windows_x86_64_two_cpu,NATIVE_SOFTWARE,x86_64,"AMD64 Family 23 Model 96 Stepping 1, AuthenticAMD",12,7598,Windows-11-10.0.26200-SP0,N/A (prebuilt Python extension wheel),N/A,N/A (prebuilt wheel),pqcrypto,0.4.0,ML-KEM-1024,decapsulation,56,103200,30375936,True,
9688e997-27dc-4649-88e9-6643b3730135,07084835-0852-4baa-a0cc-3119cc6c24d1,2026-08-12T17:25:28.022133+00:00,controlled_windows_x86_64_two_cpu,NATIVE_SOFTWARE,x86_64,"AMD64 Family 23 Model 96 Stepping 1, AuthenticAMD",12,7598,Windows-11-10.0.26200-SP0,N/A (prebuilt Python extension wheel),N/A,N/A (prebuilt wheel),pqcrypto,0.4.0,ML-KEM-1024,keygen,57,220800,30375936,True,
9688e997-27dc-4649-88e9-6643b3730135,07084835-0852-4baa-a0cc-3119cc6c24d1,2026-08-12T17:25:28.022682+00:00,controlled_windows_x86_64_two_cpu,NATIVE_SOFTWARE,x86_64,"AMD64 Family 23 Model 96 Stepping 1, AuthenticAMD",12,7598,Windows-11-10.0.26200-SP0,N/A (prebuilt Python extension wheel),N/A,N/A (prebuilt wheel),pqcrypto,0.4.0,ML-KEM-1024,encapsulation,57,240500,30375936,True,
9688e997-27dc-4649-88e9-6643b3730135,07084835-0852-4baa-a0cc-3119cc6c24d1,2026-08-12T17:25:28.023151+00:00,controlled_windows_x86_64_two_cpu,NATIVE_SOFTWARE,x86_64,"AMD64 Family 23 Model 96 Stepping 1, AuthenticAMD",12,7598,Windows-11-10.0.26200-SP0,N/A (prebuilt Python extension wheel),N/A,N/A (prebuilt wheel),pqcrypto,0.4.0,ML-KEM-1024,decapsulation,57,104600,30375936,True,
9688e997-27dc-4649-88e9-6643b3730135,07084835-0852-4baa-a0cc-3119cc6c24d1,2026-08-12T17:25:28.023346+00:00,controlled_windows_x86_64_two_cpu,NATIVE_SOFTWARE,x86_64,"AMD64 Family 23 Model 96 Stepping 1, AuthenticAMD",12,7598,Windows-11-10.0.26200-SP0,N/A (prebuilt Python extension wheel),N/A,N/A (prebuilt wheel),pqcrypto,0.4.0,ML-KEM-1024,keygen,58,280600,30375936,True,
9688e997-27dc-4649-88e9-6643b3730135,07084835-0852-4baa-a0cc-3119cc6c24d1,2026-08-12T17:25:28.024000+00:00,controlled_windows_x86_64_two_cpu,NATIVE_SOFTWARE,x86_64,"AMD64 Family 23 Model 96 Stepping 1, AuthenticAMD",12,7598,Windows-11-10.0.26200-SP0,N/A (prebuilt Python extension wheel),N/A,N/A (prebuilt wheel),pqcrypto,0.4.0,ML-KEM-1024,encapsulation,58,314700,30375936,True,
9688e997-27dc-4649-88e9-6643b3730135,07084835-0852-4baa-a0cc-3119cc6c24d1,2026-08-12T17:25:28.024555+00:00,controlled_windows_x86_64_two_cpu,NATIVE_SOFTWARE,x86_64,"AMD64 Family 23 Model 96 Stepping 1, AuthenticAMD",12,7598,Windows-11-10.0.26200-SP0,N/A (prebuilt Python extension wheel),N/A,N/A (prebuilt wheel),pqcrypto,0.4.0,ML-KEM-1024,decapsulation,58,110100,30375936,True,
9688e997-27dc-4649-88e9-6643b3730135,07084835-0852-4baa-a0cc-3119cc6c24d1,2026-08-12T17:25:28.024770+00:00,controlled_windows_x86_64_two_cpu,NATIVE_SOFTWARE,x86_64,"AMD64 Family 23 Model 96 Stepping 1, AuthenticAMD",12,7598,Windows-11-10.0.26200-SP0,N/A (prebuilt Python extension wheel),N/A,N/A (prebuilt wheel),pqcrypto,0.4.0,ML-KEM-1024,keygen,59,357400,30375936,True,
9688e997-27dc-4649-88e9-6643b3730135,07084835-0852-4baa-a0cc-3119cc6c24d1,2026-08-12T17:25:28.025567+00:00,controlled_windows_x86_64_two_cpu,NATIVE_SOFTWARE,x86_64,"AMD64 Family 23 Model 96 Stepping 1, AuthenticAMD",12,7598,Windows-11-10.0.26200-SP0,N/A (prebuilt Python extension wheel),N/A,N/A (prebuilt wheel),pqcrypto,0.4.0,ML-KEM-1024,encapsulation,59,235100,30375936,True,
9688e997-27dc-4649-88e9-6643b3730135,07084835-0852-4baa-a0cc-3119cc6c24d1,2026-08-12T17:25:28.025968+00:00,controlled_windows_x86_64_two_cpu,NATIVE_SOFTWARE,x86_64,"AMD64 Family 23 Model 96 Stepping 1, AuthenticAMD",12,7598,Windows-11-10.0.26200-SP0,N/A (prebuilt Python extension wheel),N/A,N/A (prebuilt wheel),pqcrypto,0.4.0,ML-KEM-1024,decapsulation,59,104700,30375936,True,
9688e997-27dc-4649-88e9-6643b3730135,07084835-0852-4baa-a0cc-3119cc6c24d1,2026-08-12T17:25:28.026165+00:00,controlled_windows_x86_64_two_cpu,NATIVE_SOFTWARE,x86_64,"AMD64 Family 23 Model 96 Stepping 1, AuthenticAMD",12,7598,Windows-11-10.0.26200-SP0,N/A (prebuilt Python extension wheel),N/A,N/A (prebuilt wheel),pqcrypto,0.4.0,ML-KEM-1024,keygen,60,291600,30375936,True,
9688e997-27dc-4649-88e9-6643b3730135,07084835-0852-4baa-a0cc-3119cc6c24d1,2026-08-12T17:25:28.027235+00:00,controlled_windows_x86_64_two_cpu,NATIVE_SOFTWARE,x86_64,"AMD64 Family 23 Model 96 Stepping 1, AuthenticAMD",12,7598,Windows-11-10.0.26200-SP0,N/A (prebuilt Python extension wheel),N/A,N/A (prebuilt wheel),pqcrypto,0.4.0,ML-KEM-1024,encapsulation,60,323800,30375936,True,
9688e997-27dc-4649-88e9-6643b3730135,07084835-0852-4baa-a0cc-3119cc6c24d1,2026-08-12T17:25:28.027749+00:00,controlled_windows_x86_64_two_cpu,NATIVE_SOFTWARE,x86_64,"AMD64 Family 23 Model 96 Stepping 1, AuthenticAMD",12,7598,Windows-11-10.0.26200-SP0,N/A (prebuilt Python extension wheel),N/A,N/A (prebuilt wheel),pqcrypto,0.4.0,ML-KEM-1024,decapsulation,60,101900,30375936,True,
9688e997-27dc-4649-88e9-6643b3730135,07084835-0852-4baa-a0cc-3119cc6c24d1,2026-08-12T17:25:28.027937+00:00,controlled_windows_x86_64_two_cpu,NATIVE_SOFTWARE,x86_64,"AMD64 Family 23 Model 96 Stepping 1, AuthenticAMD",12,7598,Windows-11-10.0.26200-SP0,N/A (prebuilt Python extension wheel),N/A,N/A (prebuilt wheel),pqcrypto,0.4.0,ML-KEM-1024,keygen,61,211400,30642176,True,
9688e997-27dc-4649-88e9-6643b3730135,07084835-0852-4baa-a0cc-3119cc6c24d1,2026-08-12T17:25:28.028554+00:00,controlled_windows_x86_64_two_cpu,NATIVE_SOFTWARE,x86_64,"AMD64 Family 23 Model 96 Stepping 1, AuthenticAMD",12,7598,Windows-11-10.0.26200-SP0,N/A (prebuilt Python extension wheel),N/A,N/A (prebuilt wheel),pqcrypto,0.4.0,ML-KEM-1024,encapsulation,61,201700,30642176,True,
9688e997-27dc-4649-88e9-6643b3730135,07084835-0852-4baa-a0cc-3119cc6c24d1,2026-08-12T17:25:28.028854+00:00,controlled_windows_x86_64_two_cpu,NATIVE_SOFTWARE,x86_64,"AMD64 Family 23 Model 96 Stepping 1, AuthenticAMD",12,7598,Windows-11-10.0.26200-SP0,N/A (prebuilt Python extension wheel),N/A,N/A (prebuilt wheel),pqcrypto,0.4.0,ML-KEM-1024,decapsulation,61,99200,30642176,True,
9688e997-27dc-4649-88e9-6643b3730135,07084835-0852-4baa-a0cc-3119cc6c24d1,2026-08-12T17:25:28.029034+00:00,controlled_windows_x86_64_two_cpu,NATIVE_SOFTWARE,x86_64,"AMD64 Family 23 Model 96 Stepping 1, AuthenticAMD",12,7598,Windows-11-10.0.26200-SP0,N/A (prebuilt Python extension wheel),N/A,N/A (prebuilt wheel),pqcrypto,0.4.0,ML-KEM-1024,keygen,62,217400,30642176,True,
9688e997-27dc-4649-88e9-6643b3730135,07084835-0852-4baa-a0cc-3119cc6c24d1,2026-08-12T17:25:28.029562+00:00,controlled_windows_x86_64_two_cpu,NATIVE_SOFTWARE,x86_64,"AMD64 Family 23 Model 96 Stepping 1, AuthenticAMD",12,7598,Windows-11-10.0.26200-SP0,N/A (prebuilt Python extension wheel),N/A,N/A (prebuilt wheel),pqcrypto,0.4.0,ML-KEM-1024,encapsulation,62,296500,30642176,True,
9688e997-27dc-4649-88e9-6643b3730135,07084835-0852-4baa-a0cc-3119cc6c24d1,2026-08-12T17:25:28.029961+00:00,controlled_windows_x86_64_two_cpu,NATIVE_SOFTWARE,x86_64,"AMD64 Family 23 Model 96 Stepping 1, AuthenticAMD",12,7598,Windows-11-10.0.26200-SP0,N/A (prebuilt Python extension wheel),N/A,N/A (prebuilt wheel),pqcrypto,0.4.0,ML-KEM-1024,decapsulation,62,103400,30650368,True,
9688e997-27dc-4649-88e9-6643b3730135,07084835-0852-4baa-a0cc-3119cc6c24d1,2026-08-12T17:25:28.030169+00:00,controlled_windows_x86_64_two_cpu,NATIVE_SOFTWARE,x86_64,"AMD64 Family 23 Model 96 Stepping 1, AuthenticAMD",12,7598,Windows-11-10.0.26200-SP0,N/A (prebuilt Python extension wheel),N/A,N/A (prebuilt wheel),pqcrypto,0.4.0,ML-KEM-1024,keygen,63,227600,30650368,True,
9688e997-27dc-4649-88e9-6643b3730135,07084835-0852-4baa-a0cc-3119cc6c24d1,2026-08-12T17:25:28.031483+00:00,controlled_windows_x86_64_two_cpu,NATIVE_SOFTWARE,x86_64,"AMD64 Family 23 Model 96 Stepping 1, AuthenticAMD",12,7598,Windows-11-10.0.26200-SP0,N/A (prebuilt Python extension wheel),N/A,N/A (prebuilt wheel),pqcrypto,0.4.0,ML-KEM-1024,encapsulation,63,210000,30650368,True,
9688e997-27dc-4649-88e9-6643b3730135,07084835-0852-4baa-a0cc-3119cc6c24d1,2026-08-12T17:25:28.031850+00:00,controlled_windows_x86_64_two_cpu,NATIVE_SOFTWARE,x86_64,"AMD64 Family 23 Model 96 Stepping 1, AuthenticAMD",12,7598,Windows-11-10.0.26200-SP0,N/A (prebuilt Python extension wheel),N/A,N/A (prebuilt wheel),pqcrypto,0.4.0,ML-KEM-1024,decapsulation,63,141100,30650368,True,
9688e997-27dc-4649-88e9-6643b3730135,07084835-0852-4baa-a0cc-3119cc6c24d1,2026-08-12T17:25:28.032098+00:00,controlled_windows_x86_64_two_cpu,NATIVE_SOFTWARE,x86_64,"AMD64 Family 23 Model 96 Stepping 1, AuthenticAMD",12,7598,Windows-11-10.0.26200-SP0,N/A (prebuilt Python extension wheel),N/A,N/A (prebuilt wheel),pqcrypto,0.4.0,ML-KEM-1024,keygen,64,218600,30650368,True,
9688e997-27dc-4649-88e9-6643b3730135,07084835-0852-4baa-a0cc-3119cc6c24d1,2026-08-12T17:25:28.032679+00:00,controlled_windows_x86_64_two_cpu,NATIVE_SOFTWARE,x86_64,"AMD64 Family 23 Model 96 Stepping 1, AuthenticAMD",12,7598,Windows-11-10.0.26200-SP0,N/A (prebuilt Python extension wheel),N/A,N/A (prebuilt wheel),pqcrypto,0.4.0,ML-KEM-1024,encapsulation,64,207500,30650368,True,
9688e997-27dc-4649-88e9-6643b3730135,07084835-0852-4baa-a0cc-3119cc6c24d1,2026-08-12T17:25:28.032987+00:00,controlled_windows_x86_64_two_cpu,NATIVE_SOFTWARE,x86_64,"AMD64 Family 23 Model 96 Stepping 1, AuthenticAMD",12,7598,Windows-11-10.0.26200-SP0,N/A (prebuilt Python extension wheel),N/A,N/A (prebuilt wheel),pqcrypto,0.4.0,ML-KEM-1024,decapsulation,64,100000,30650368,True,
9688e997-27dc-4649-88e9-6643b3730135,07084835-0852-4baa-a0cc-3119cc6c24d1,2026-08-12T17:25:28.033179+00:00,controlled_windows_x86_64_two_cpu,NATIVE_SOFTWARE,x86_64,"AMD64 Family 23 Model 96 Stepping 1, AuthenticAMD",12,7598,Windows-11-10.0.26200-SP0,N/A (prebuilt Python extension wheel),N/A,N/A (prebuilt wheel),pqcrypto,0.4.0,ML-KEM-1024,keygen,65,207400,30650368,True,
9688e997-27dc-4649-88e9-6643b3730135,07084835-0852-4baa-a0cc-3119cc6c24d1,2026-08-12T17:25:28.033724+00:00,controlled_windows_x86_64_two_cpu,NATIVE_SOFTWARE,x86_64,"AMD64 Family 23 Model 96 Stepping 1, AuthenticAMD",12,7598,Windows-11-10.0.26200-SP0,N/A (prebuilt Python extension wheel),N/A,N/A (prebuilt wheel),pqcrypto,0.4.0,ML-KEM-1024,encapsulation,65,202900,30650368,True,
9688e997-27dc-4649-88e9-6643b3730135,07084835-0852-4baa-a0cc-3119cc6c24d1,2026-08-12T17:25:28.034040+00:00,controlled_windows_x86_64_two_cpu,NATIVE_SOFTWARE,x86_64,"AMD64 Family 23 Model 96 Stepping 1, AuthenticAMD",12,7598,Windows-11-10.0.26200-SP0,N/A (prebuilt Python extension wheel),N/A,N/A (prebuilt wheel),pqcrypto,0.4.0,ML-KEM-1024,decapsulation,65,100300,30650368,True,
9688e997-27dc-4649-88e9-6643b3730135,07084835-0852-4baa-a0cc-3119cc6c24d1,2026-08-12T17:25:28.034225+00:00,controlled_windows_x86_64_two_cpu,NATIVE_SOFTWARE,x86_64,"AMD64 Family 23 Model 96 Stepping 1, AuthenticAMD",12,7598,Windows-11-10.0.26200-SP0,N/A (prebuilt Python extension wheel),N/A,N/A (prebuilt wheel),pqcrypto,0.4.0,ML-KEM-1024,keygen,66,228600,30650368,True,
9688e997-27dc-4649-88e9-6643b3730135,07084835-0852-4baa-a0cc-3119cc6c24d1,2026-08-12T17:25:28.034755+00:00,controlled_windows_x86_64_two_cpu,NATIVE_SOFTWARE,x86_64,"AMD64 Family 23 Model 96 Stepping 1, AuthenticAMD",12,7598,Windows-11-10.0.26200-SP0,N/A (prebuilt Python extension wheel),N/A,N/A (prebuilt wheel),pqcrypto,0.4.0,ML-KEM-1024,encapsulation,66,201800,30650368,True,
9688e997-27dc-4649-88e9-6643b3730135,07084835-0852-4baa-a0cc-3119cc6c24d1,2026-08-12T17:25:28.035064+00:00,controlled_windows_x86_64_two_cpu,NATIVE_SOFTWARE,x86_64,"AMD64 Family 23 Model 96 Stepping 1, AuthenticAMD",12,7598,Windows-11-10.0.26200-SP0,N/A (prebuilt Python extension wheel),N/A,N/A (prebuilt wheel),pqcrypto,0.4.0,ML-KEM-1024,decapsulation,66,198400,30650368,True,
9688e997-27dc-4649-88e9-6643b3730135,07084835-0852-4baa-a0cc-3119cc6c24d1,2026-08-12T17:25:28.035352+00:00,controlled_windows_x86_64_two_cpu,NATIVE_SOFTWARE,x86_64,"AMD64 Family 23 Model 96 Stepping 1, AuthenticAMD",12,7598,Windows-11-10.0.26200-SP0,N/A (prebuilt Python extension wheel),N/A,N/A (prebuilt wheel),pqcrypto,0.4.0,ML-KEM-1024,keygen,67,399300,30650368,True,
9688e997-27dc-4649-88e9-6643b3730135,07084835-0852-4baa-a0cc-3119cc6c24d1,2026-08-12T17:25:28.036066+00:00,controlled_windows_x86_64_two_cpu,NATIVE_SOFTWARE,x86_64,"AMD64 Family 23 Model 96 Stepping 1, AuthenticAMD",12,7598,Windows-11-10.0.26200-SP0,N/A (prebuilt Python extension wheel),N/A,N/A (prebuilt wheel),pqcrypto,0.4.0,ML-KEM-1024,encapsulation,67,240100,30650368,True,
9688e997-27dc-4649-88e9-6643b3730135,07084835-0852-4baa-a0cc-3119cc6c24d1,2026-08-12T17:25:28.036404+00:00,controlled_windows_x86_64_two_cpu,NATIVE_SOFTWARE,x86_64,"AMD64 Family 23 Model 96 Stepping 1, AuthenticAMD",12,7598,Windows-11-10.0.26200-SP0,N/A (prebuilt Python extension wheel),N/A,N/A (prebuilt wheel),pqcrypto,0.4.0,ML-KEM-1024,decapsulation,67,117600,30650368,True,
9688e997-27dc-4649-88e9-6643b3730135,07084835-0852-4baa-a0cc-3119cc6c24d1,2026-08-12T17:25:28.036672+00:00,controlled_windows_x86_64_two_cpu,NATIVE_SOFTWARE,x86_64,"AMD64 Family 23 Model 96 Stepping 1, AuthenticAMD",12,7598,Windows-11-10.0.26200-SP0,N/A (prebuilt Python extension wheel),N/A,N/A (prebuilt wheel),pqcrypto,0.4.0,ML-KEM-1024,keygen,68,216200,30650368,True,
9688e997-27dc-4649-88e9-6643b3730135,07084835-0852-4baa-a0cc-3119cc6c24d1,2026-08-12T17:25:28.037215+00:00,controlled_windows_x86_64_two_cpu,NATIVE_SOFTWARE,x86_64,"AMD64 Family 23 Model 96 Stepping 1, AuthenticAMD",12,7598,Windows-11-10.0.26200-SP0,N/A (prebuilt Python extension wheel),N/A,N/A (prebuilt wheel),pqcrypto,0.4.0,ML-KEM-1024,encapsulation,68,232900,30650368,True,
9688e997-27dc-4649-88e9-6643b3730135,07084835-0852-4baa-a0cc-3119cc6c24d1,2026-08-12T17:25:28.037618+00:00,controlled_windows_x86_64_two_cpu,NATIVE_SOFTWARE,x86_64,"AMD64 Family 23 Model 96 Stepping 1, AuthenticAMD",12,7598,Windows-11-10.0.26200-SP0,N/A (prebuilt Python extension wheel),N/A,N/A (prebuilt wheel),pqcrypto,0.4.0,ML-KEM-1024,decapsulation,68,105200,30650368,True,
9688e997-27dc-4649-88e9-6643b3730135,07084835-0852-4baa-a0cc-3119cc6c24d1,2026-08-12T17:25:28.037816+00:00,controlled_windows_x86_64_two_cpu,NATIVE_SOFTWARE,x86_64,"AMD64 Family 23 Model 96 Stepping 1, AuthenticAMD",12,7598,Windows-11-10.0.26200-SP0,N/A (prebuilt Python extension wheel),N/A,N/A (prebuilt wheel),pqcrypto,0.4.0,ML-KEM-1024,keygen,69,331500,30650368,True,
9688e997-27dc-4649-88e9-6643b3730135,07084835-0852-4baa-a0cc-3119cc6c24d1,2026-08-12T17:25:28.038867+00:00,controlled_windows_x86_64_two_cpu,NATIVE_SOFTWARE,x86_64,"AMD64 Family 23 Model 96 Stepping 1, AuthenticAMD",12,7598,Windows-11-10.0.26200-SP0,N/A (prebuilt Python extension wheel),N/A,N/A (prebuilt wheel),pqcrypto,0.4.0,ML-KEM-1024,encapsulation,69,307500,30650368,True,
9688e997-27dc-4649-88e9-6643b3730135,07084835-0852-4baa-a0cc-3119cc6c24d1,2026-08-12T17:25:28.039368+00:00,controlled_windows_x86_64_two_cpu,NATIVE_SOFTWARE,x86_64,"AMD64 Family 23 Model 96 Stepping 1, AuthenticAMD",12,7598,Windows-11-10.0.26200-SP0,N/A (prebuilt Python extension wheel),N/A,N/A (prebuilt wheel),pqcrypto,0.4.0,ML-KEM-1024,decapsulation,69,135200,30650368,True,
9688e997-27dc-4649-88e9-6643b3730135,07084835-0852-4baa-a0cc-3119cc6c24d1,2026-08-12T17:25:28.039606+00:00,controlled_windows_x86_64_two_cpu,NATIVE_SOFTWARE,x86_64,"AMD64 Family 23 Model 96 Stepping 1, AuthenticAMD",12,7598,Windows-11-10.0.26200-SP0,N/A (prebuilt Python extension wheel),N/A,N/A (prebuilt wheel),pqcrypto,0.4.0,ML-KEM-1024,keygen,70,260300,30650368,True,
9688e997-27dc-4649-88e9-6643b3730135,07084835-0852-4baa-a0cc-3119cc6c24d1,2026-08-12T17:25:28.040200+00:00,controlled_windows_x86_64_two_cpu,NATIVE_SOFTWARE,x86_64,"AMD64 Family 23 Model 96 Stepping 1, AuthenticAMD",12,7598,Windows-11-10.0.26200-SP0,N/A (prebuilt Python extension wheel),N/A,N/A (prebuilt wheel),pqcrypto,0.4.0,ML-KEM-1024,encapsulation,70,211500,30650368,True,
9688e997-27dc-4649-88e9-6643b3730135,07084835-0852-4baa-a0cc-3119cc6c24d1,2026-08-12T17:25:28.040575+00:00,controlled_windows_x86_64_two_cpu,NATIVE_SOFTWARE,x86_64,"AMD64 Family 23 Model 96 Stepping 1, AuthenticAMD",12,7598,Windows-11-10.0.26200-SP0,N/A (prebuilt Python extension wheel),N/A,N/A (prebuilt wheel),pqcrypto,0.4.0,ML-KEM-1024,decapsulation,70,223100,30650368,True,
9688e997-27dc-4649-88e9-6643b3730135,07084835-0852-4baa-a0cc-3119cc6c24d1,2026-08-12T17:25:28.040897+00:00,controlled_windows_x86_64_two_cpu,NATIVE_SOFTWARE,x86_64,"AMD64 Family 23 Model 96 Stepping 1, AuthenticAMD",12,7598,Windows-11-10.0.26200-SP0,N/A (prebuilt Python extension wheel),N/A,N/A (prebuilt wheel),pqcrypto,0.4.0,ML-KEM-1024,keygen,71,396000,30650368,True,
9688e997-27dc-4649-88e9-6643b3730135,07084835-0852-4baa-a0cc-3119cc6c24d1,2026-08-12T17:25:28.041710+00:00,controlled_windows_x86_64_two_cpu,NATIVE_SOFTWARE,x86_64,"AMD64 Family 23 Model 96 Stepping 1, AuthenticAMD",12,7598,Windows-11-10.0.26200-SP0,N/A (prebuilt Python extension wheel),N/A,N/A (prebuilt wheel),pqcrypto,0.4.0,ML-KEM-1024,encapsulation,71,205100,30650368,True,
9688e997-27dc-4649-88e9-6643b3730135,07084835-0852-4baa-a0cc-3119cc6c24d1,2026-08-12T17:25:28.042018+00:00,controlled_windows_x86_64_two_cpu,NATIVE_SOFTWARE,x86_64,"AMD64 Family 23 Model 96 Stepping 1, AuthenticAMD",12,7598,Windows-11-10.0.26200-SP0,N/A (prebuilt Python extension wheel),N/A,N/A (prebuilt wheel),pqcrypto,0.4.0,ML-KEM-1024,decapsulation,71,101500,30650368,True,
9688e997-27dc-4649-88e9-6643b3730135,07084835-0852-4baa-a0cc-3119cc6c24d1,2026-08-12T17:25:28.042204+00:00,controlled_windows_x86_64_two_cpu,NATIVE_SOFTWARE,x86_64,"AMD64 Family 23 Model 96 Stepping 1, AuthenticAMD",12,7598,Windows-11-10.0.26200-SP0,N/A (prebuilt Python extension wheel),N/A,N/A (prebuilt wheel),pqcrypto,0.4.0,ML-KEM-1024,keygen,72,202900,30650368,True,
9688e997-27dc-4649-88e9-6643b3730135,07084835-0852-4baa-a0cc-3119cc6c24d1,2026-08-12T17:25:28.042722+00:00,controlled_windows_x86_64_two_cpu,NATIVE_SOFTWARE,x86_64,"AMD64 Family 23 Model 96 Stepping 1, AuthenticAMD",12,7598,Windows-11-10.0.26200-SP0,N/A (prebuilt Python extension wheel),N/A,N/A (prebuilt wheel),pqcrypto,0.4.0,ML-KEM-1024,encapsulation,72,199800,30650368,True,
9688e997-27dc-4649-88e9-6643b3730135,07084835-0852-4baa-a0cc-3119cc6c24d1,2026-08-12T17:25:28.043018+00:00,controlled_windows_x86_64_two_cpu,NATIVE_SOFTWARE,x86_64,"AMD64 Family 23 Model 96 Stepping 1, AuthenticAMD",12,7598,Windows-11-10.0.26200-SP0,N/A (prebuilt Python extension wheel),N/A,N/A (prebuilt wheel),pqcrypto,0.4.0,ML-KEM-1024,decapsulation,72,98900,30650368,True,
9688e997-27dc-4649-88e9-6643b3730135,07084835-0852-4baa-a0cc-3119cc6c24d1,2026-08-12T17:25:28.043202+00:00,controlled_windows_x86_64_two_cpu,NATIVE_SOFTWARE,x86_64,"AMD64 Family 23 Model 96 Stepping 1, AuthenticAMD",12,7598,Windows-11-10.0.26200-SP0,N/A (prebuilt Python extension wheel),N/A,N/A (prebuilt wheel),pqcrypto,0.4.0,ML-KEM-1024,keygen,73,200000,30650368,True,
9688e997-27dc-4649-88e9-6643b3730135,07084835-0852-4baa-a0cc-3119cc6c24d1,2026-08-12T17:25:28.043797+00:00,controlled_windows_x86_64_two_cpu,NATIVE_SOFTWARE,x86_64,"AMD64 Family 23 Model 96 Stepping 1, AuthenticAMD",12,7598,Windows-11-10.0.26200-SP0,N/A (prebuilt Python extension wheel),N/A,N/A (prebuilt wheel),pqcrypto,0.4.0,ML-KEM-1024,encapsulation,73,205000,30650368,True,
9688e997-27dc-4649-88e9-6643b3730135,07084835-0852-4baa-a0cc-3119cc6c24d1,2026-08-12T17:25:28.044137+00:00,controlled_windows_x86_64_two_cpu,NATIVE_SOFTWARE,x86_64,"AMD64 Family 23 Model 96 Stepping 1, AuthenticAMD",12,7598,Windows-11-10.0.26200-SP0,N/A (prebuilt Python extension wheel),N/A,N/A (prebuilt wheel),pqcrypto,0.4.0,ML-KEM-1024,decapsulation,73,100100,30650368,True,
9688e997-27dc-4649-88e9-6643b3730135,07084835-0852-4baa-a0cc-3119cc6c24d1,2026-08-12T17:25:28.044320+00:00,controlled_windows_x86_64_two_cpu,NATIVE_SOFTWARE,x86_64,"AMD64 Family 23 Model 96 Stepping 1, AuthenticAMD",12,7598,Windows-11-10.0.26200-SP0,N/A (prebuilt Python extension wheel),N/A,N/A (prebuilt wheel),pqcrypto,0.4.0,ML-KEM-1024,keygen,74,263200,30650368,True,
9688e997-27dc-4649-88e9-6643b3730135,07084835-0852-4baa-a0cc-3119cc6c24d1,2026-08-12T17:25:28.044894+00:00,controlled_windows_x86_64_two_cpu,NATIVE_SOFTWARE,x86_64,"AMD64 Family 23 Model 96 Stepping 1, AuthenticAMD",12,7598,Windows-11-10.0.26200-SP0,N/A (prebuilt Python extension wheel),N/A,N/A (prebuilt wheel),pqcrypto,0.4.0,ML-KEM-1024,encapsulation,74,202700,30650368,True,
9688e997-27dc-4649-88e9-6643b3730135,07084835-0852-4baa-a0cc-3119cc6c24d1,2026-08-12T17:25:28.045197+00:00,controlled_windows_x86_64_two_cpu,NATIVE_SOFTWARE,x86_64,"AMD64 Family 23 Model 96 Stepping 1, AuthenticAMD",12,7598,Windows-11-10.0.26200-SP0,N/A (prebuilt Python extension wheel),N/A,N/A (prebuilt wheel),pqcrypto,0.4.0,ML-KEM-1024,decapsulation,74,100000,30650368,True,
9688e997-27dc-4649-88e9-6643b3730135,07084835-0852-4baa-a0cc-3119cc6c24d1,2026-08-12T17:25:28.045379+00:00,controlled_windows_x86_64_two_cpu,NATIVE_SOFTWARE,x86_64,"AMD64 Family 23 Model 96 Stepping 1, AuthenticAMD",12,7598,Windows-11-10.0.26200-SP0,N/A (prebuilt Python extension wheel),N/A,N/A (prebuilt wheel),pqcrypto,0.4.0,ML-KEM-1024,keygen,75,241300,30650368,True,
9688e997-27dc-4649-88e9-6643b3730135,07084835-0852-4baa-a0cc-3119cc6c24d1,2026-08-12T17:25:28.045945+00:00,controlled_windows_x86_64_two_cpu,NATIVE_SOFTWARE,x86_64,"AMD64 Family 23 Model 96 Stepping 1, AuthenticAMD",12,7598,Windows-11-10.0.26200-SP0,N/A (prebuilt Python extension wheel),N/A,N/A (prebuilt wheel),pqcrypto,0.4.0,ML-KEM-1024,encapsulation,75,199400,30654464,True,
9688e997-27dc-4649-88e9-6643b3730135,07084835-0852-4baa-a0cc-3119cc6c24d1,2026-08-12T17:25:28.046249+00:00,controlled_windows_x86_64_two_cpu,NATIVE_SOFTWARE,x86_64,"AMD64 Family 23 Model 96 Stepping 1, AuthenticAMD",12,7598,Windows-11-10.0.26200-SP0,N/A (prebuilt Python extension wheel),N/A,N/A (prebuilt wheel),pqcrypto,0.4.0,ML-KEM-1024,decapsulation,75,103200,30654464,True,
9688e997-27dc-4649-88e9-6643b3730135,07084835-0852-4baa-a0cc-3119cc6c24d1,2026-08-12T17:25:28.046450+00:00,controlled_windows_x86_64_two_cpu,NATIVE_SOFTWARE,x86_64,"AMD64 Family 23 Model 96 Stepping 1, AuthenticAMD",12,7598,Windows-11-10.0.26200-SP0,N/A (prebuilt Python extension wheel),N/A,N/A (prebuilt wheel),pqcrypto,0.4.0,ML-KEM-1024,keygen,76,202000,30658560,True,
9688e997-27dc-4649-88e9-6643b3730135,07084835-0852-4baa-a0cc-3119cc6c24d1,2026-08-12T17:25:28.047582+00:00,controlled_windows_x86_64_two_cpu,NATIVE_SOFTWARE,x86_64,"AMD64 Family 23 Model 96 Stepping 1, AuthenticAMD",12,7598,Windows-11-10.0.26200-SP0,N/A (prebuilt Python extension wheel),N/A,N/A (prebuilt wheel),pqcrypto,0.4.0,ML-KEM-1024,encapsulation,76,208100,30658560,True,
9688e997-27dc-4649-88e9-6643b3730135,07084835-0852-4baa-a0cc-3119cc6c24d1,2026-08-12T17:25:28.047927+00:00,controlled_windows_x86_64_two_cpu,NATIVE_SOFTWARE,x86_64,"AMD64 Family 23 Model 96 Stepping 1, AuthenticAMD",12,7598,Windows-11-10.0.26200-SP0,N/A (prebuilt Python extension wheel),N/A,N/A (prebuilt wheel),pqcrypto,0.4.0,ML-KEM-1024,decapsulation,76,100200,30658560,True,
9688e997-27dc-4649-88e9-6643b3730135,07084835-0852-4baa-a0cc-3119cc6c24d1,2026-08-12T17:25:28.048111+00:00,controlled_windows_x86_64_two_cpu,NATIVE_SOFTWARE,x86_64,"AMD64 Family 23 Model 96 Stepping 1, AuthenticAMD",12,7598,Windows-11-10.0.26200-SP0,N/A (prebuilt Python extension wheel),N/A,N/A (prebuilt wheel),pqcrypto,0.4.0,ML-KEM-1024,keygen,77,209600,30658560,True,
9688e997-27dc-4649-88e9-6643b3730135,07084835-0852-4baa-a0cc-3119cc6c24d1,2026-08-12T17:25:28.048683+00:00,controlled_windows_x86_64_two_cpu,NATIVE_SOFTWARE,x86_64,"AMD64 Family 23 Model 96 Stepping 1, AuthenticAMD",12,7598,Windows-11-10.0.26200-SP0,N/A (prebuilt Python extension wheel),N/A,N/A (prebuilt wheel),pqcrypto,0.4.0,ML-KEM-1024,encapsulation,77,203400,30658560,True,
9688e997-27dc-4649-88e9-6643b3730135,07084835-0852-4baa-a0cc-3119cc6c24d1,2026-08-12T17:25:28.048999+00:00,controlled_windows_x86_64_two_cpu,NATIVE_SOFTWARE,x86_64,"AMD64 Family 23 Model 96 Stepping 1, AuthenticAMD",12,7598,Windows-11-10.0.26200-SP0,N/A (prebuilt Python extension wheel),N/A,N/A (prebuilt wheel),pqcrypto,0.4.0,ML-KEM-1024,decapsulation,77,99900,30658560,True,
9688e997-27dc-4649-88e9-6643b3730135,07084835-0852-4baa-a0cc-3119cc6c24d1,2026-08-12T17:25:28.049185+00:00,controlled_windows_x86_64_two_cpu,NATIVE_SOFTWARE,x86_64,"AMD64 Family 23 Model 96 Stepping 1, AuthenticAMD",12,7598,Windows-11-10.0.26200-SP0,N/A (prebuilt Python extension wheel),N/A,N/A (prebuilt wheel),pqcrypto,0.4.0,ML-KEM-1024,keygen,78,208200,30658560,True,
9688e997-27dc-4649-88e9-6643b3730135,07084835-0852-4baa-a0cc-3119cc6c24d1,2026-08-12T17:25:28.049713+00:00,controlled_windows_x86_64_two_cpu,NATIVE_SOFTWARE,x86_64,"AMD64 Family 23 Model 96 Stepping 1, AuthenticAMD",12,7598,Windows-11-10.0.26200-SP0,N/A (prebuilt Python extension wheel),N/A,N/A (prebuilt wheel),pqcrypto,0.4.0,ML-KEM-1024,encapsulation,78,276100,30658560,True,
9688e997-27dc-4649-88e9-6643b3730135,07084835-0852-4baa-a0cc-3119cc6c24d1,2026-08-12T17:25:28.050093+00:00,controlled_windows_x86_64_two_cpu,NATIVE_SOFTWARE,x86_64,"AMD64 Family 23 Model 96 Stepping 1, AuthenticAMD",12,7598,Windows-11-10.0.26200-SP0,N/A (prebuilt Python extension wheel),N/A,N/A (prebuilt wheel),pqcrypto,0.4.0,ML-KEM-1024,decapsulation,78,99000,30658560,True,
9688e997-27dc-4649-88e9-6643b3730135,07084835-0852-4baa-a0cc-3119cc6c24d1,2026-08-12T17:25:28.050274+00:00,controlled_windows_x86_64_two_cpu,NATIVE_SOFTWARE,x86_64,"AMD64 Family 23 Model 96 Stepping 1, AuthenticAMD",12,7598,Windows-11-10.0.26200-SP0,N/A (prebuilt Python extension wheel),N/A,N/A (prebuilt wheel),pqcrypto,0.4.0,ML-KEM-1024,keygen,79,321600,30658560,True,
9688e997-27dc-4649-88e9-6643b3730135,07084835-0852-4baa-a0cc-3119cc6c24d1,2026-08-12T17:25:28.051053+00:00,controlled_windows_x86_64_two_cpu,NATIVE_SOFTWARE,x86_64,"AMD64 Family 23 Model 96 Stepping 1, AuthenticAMD",12,7598,Windows-11-10.0.26200-SP0,N/A (prebuilt Python extension wheel),N/A,N/A (prebuilt wheel),pqcrypto,0.4.0,ML-KEM-1024,encapsulation,79,208300,30658560,True,
9688e997-27dc-4649-88e9-6643b3730135,07084835-0852-4baa-a0cc-3119cc6c24d1,2026-08-12T17:25:28.051364+00:00,controlled_windows_x86_64_two_cpu,NATIVE_SOFTWARE,x86_64,"AMD64 Family 23 Model 96 Stepping 1, AuthenticAMD",12,7598,Windows-11-10.0.26200-SP0,N/A (prebuilt Python extension wheel),N/A,N/A (prebuilt wheel),pqcrypto,0.4.0,ML-KEM-1024,decapsulation,79,116300,30658560,True,
9688e997-27dc-4649-88e9-6643b3730135,07084835-0852-4baa-a0cc-3119cc6c24d1,2026-08-12T17:25:28.051563+00:00,controlled_windows_x86_64_two_cpu,NATIVE_SOFTWARE,x86_64,"AMD64 Family 23 Model 96 Stepping 1, AuthenticAMD",12,7598,Windows-11-10.0.26200-SP0,N/A (prebuilt Python extension wheel),N/A,N/A (prebuilt wheel),pqcrypto,0.4.0,ML-KEM-1024,keygen,80,211600,30658560,True,
9688e997-27dc-4649-88e9-6643b3730135,07084835-0852-4baa-a0cc-3119cc6c24d1,2026-08-12T17:25:28.052104+00:00,controlled_windows_x86_64_two_cpu,NATIVE_SOFTWARE,x86_64,"AMD64 Family 23 Model 96 Stepping 1, AuthenticAMD",12,7598,Windows-11-10.0.26200-SP0,N/A (prebuilt Python extension wheel),N/A,N/A (prebuilt wheel),pqcrypto,0.4.0,ML-KEM-1024,encapsulation,80,229600,30658560,True,
9688e997-27dc-4649-88e9-6643b3730135,07084835-0852-4baa-a0cc-3119cc6c24d1,2026-08-12T17:25:28.052544+00:00,controlled_windows_x86_64_two_cpu,NATIVE_SOFTWARE,x86_64,"AMD64 Family 23 Model 96 Stepping 1, AuthenticAMD",12,7598,Windows-11-10.0.26200-SP0,N/A (prebuilt Python extension wheel),N/A,N/A (prebuilt wheel),pqcrypto,0.4.0,ML-KEM-1024,decapsulation,80,105300,30658560,True,
9688e997-27dc-4649-88e9-6643b3730135,07084835-0852-4baa-a0cc-3119cc6c24d1,2026-08-12T17:25:28.052744+00:00,controlled_windows_x86_64_two_cpu,NATIVE_SOFTWARE,x86_64,"AMD64 Family 23 Model 96 Stepping 1, AuthenticAMD",12,7598,Windows-11-10.0.26200-SP0,N/A (prebuilt Python extension wheel),N/A,N/A (prebuilt wheel),pqcrypto,0.4.0,ML-KEM-1024,keygen,81,263500,30658560,True,
9688e997-27dc-4649-88e9-6643b3730135,07084835-0852-4baa-a0cc-3119cc6c24d1,2026-08-12T17:25:28.053328+00:00,controlled_windows_x86_64_two_cpu,NATIVE_SOFTWARE,x86_64,"AMD64 Family 23 Model 96 Stepping 1, AuthenticAMD",12,7598,Windows-11-10.0.26200-SP0,N/A (prebuilt Python extension wheel),N/A,N/A (prebuilt wheel),pqcrypto,0.4.0,ML-KEM-1024,encapsulation,81,251500,30658560,True,
9688e997-27dc-4649-88e9-6643b3730135,07084835-0852-4baa-a0cc-3119cc6c24d1,2026-08-12T17:25:28.053685+00:00,controlled_windows_x86_64_two_cpu,NATIVE_SOFTWARE,x86_64,"AMD64 Family 23 Model 96 Stepping 1, AuthenticAMD",12,7598,Windows-11-10.0.26200-SP0,N/A (prebuilt Python extension wheel),N/A,N/A (prebuilt wheel),pqcrypto,0.4.0,ML-KEM-1024,decapsulation,81,100500,30658560,True,
9688e997-27dc-4649-88e9-6643b3730135,07084835-0852-4baa-a0cc-3119cc6c24d1,2026-08-12T17:25:28.054052+00:00,controlled_windows_x86_64_two_cpu,NATIVE_SOFTWARE,x86_64,"AMD64 Family 23 Model 96 Stepping 1, AuthenticAMD",12,7598,Windows-11-10.0.26200-SP0,N/A (prebuilt Python extension wheel),N/A,N/A (prebuilt wheel),pqcrypto,0.4.0,ML-KEM-1024,keygen,82,252200,30658560,True,
9688e997-27dc-4649-88e9-6643b3730135,07084835-0852-4baa-a0cc-3119cc6c24d1,2026-08-12T17:25:28.054830+00:00,controlled_windows_x86_64_two_cpu,NATIVE_SOFTWARE,x86_64,"AMD64 Family 23 Model 96 Stepping 1, AuthenticAMD",12,7598,Windows-11-10.0.26200-SP0,N/A (prebuilt Python extension wheel),N/A,N/A (prebuilt wheel),pqcrypto,0.4.0,ML-KEM-1024,encapsulation,82,235300,30658560,True,
9688e997-27dc-4649-88e9-6643b3730135,07084835-0852-4baa-a0cc-3119cc6c24d1,2026-08-12T17:25:28.055191+00:00,controlled_windows_x86_64_two_cpu,NATIVE_SOFTWARE,x86_64,"AMD64 Family 23 Model 96 Stepping 1, AuthenticAMD",12,7598,Windows-11-10.0.26200-SP0,N/A (prebuilt Python extension wheel),N/A,N/A (prebuilt wheel),pqcrypto,0.4.0,ML-KEM-1024,decapsulation,82,102400,30658560,True,
9688e997-27dc-4649-88e9-6643b3730135,07084835-0852-4baa-a0cc-3119cc6c24d1,2026-08-12T17:25:28.055385+00:00,controlled_windows_x86_64_two_cpu,NATIVE_SOFTWARE,x86_64,"AMD64 Family 23 Model 96 Stepping 1, AuthenticAMD",12,7598,Windows-11-10.0.26200-SP0,N/A (prebuilt Python extension wheel),N/A,N/A (prebuilt wheel),pqcrypto,0.4.0,ML-KEM-1024,keygen,83,232200,30658560,True,
9688e997-27dc-4649-88e9-6643b3730135,07084835-0852-4baa-a0cc-3119cc6c24d1,2026-08-12T17:25:28.055950+00:00,controlled_windows_x86_64_two_cpu,NATIVE_SOFTWARE,x86_64,"AMD64 Family 23 Model 96 Stepping 1, AuthenticAMD",12,7598,Windows-11-10.0.26200-SP0,N/A (prebuilt Python extension wheel),N/A,N/A (prebuilt wheel),pqcrypto,0.4.0,ML-KEM-1024,encapsulation,83,201300,30658560,True,
9688e997-27dc-4649-88e9-6643b3730135,07084835-0852-4baa-a0cc-3119cc6c24d1,2026-08-12T17:25:28.056250+00:00,controlled_windows_x86_64_two_cpu,NATIVE_SOFTWARE,x86_64,"AMD64 Family 23 Model 96 Stepping 1, AuthenticAMD",12,7598,Windows-11-10.0.26200-SP0,N/A (prebuilt Python extension wheel),N/A,N/A (prebuilt wheel),pqcrypto,0.4.0,ML-KEM-1024,decapsulation,83,98800,30658560,True,
9688e997-27dc-4649-88e9-6643b3730135,07084835-0852-4baa-a0cc-3119cc6c24d1,2026-08-12T17:25:28.056430+00:00,controlled_windows_x86_64_two_cpu,NATIVE_SOFTWARE,x86_64,"AMD64 Family 23 Model 96 Stepping 1, AuthenticAMD",12,7598,Windows-11-10.0.26200-SP0,N/A (prebuilt Python extension wheel),N/A,N/A (prebuilt wheel),pqcrypto,0.4.0,ML-KEM-1024,keygen,84,201900,30658560,True,
9688e997-27dc-4649-88e9-6643b3730135,07084835-0852-4baa-a0cc-3119cc6c24d1,2026-08-12T17:25:28.056936+00:00,controlled_windows_x86_64_two_cpu,NATIVE_SOFTWARE,x86_64,"AMD64 Family 23 Model 96 Stepping 1, AuthenticAMD",12,7598,Windows-11-10.0.26200-SP0,N/A (prebuilt Python extension wheel),N/A,N/A (prebuilt wheel),pqcrypto,0.4.0,ML-KEM-1024,encapsulation,84,201300,30658560,True,
9688e997-27dc-4649-88e9-6643b3730135,07084835-0852-4baa-a0cc-3119cc6c24d1,2026-08-12T17:25:28.057235+00:00,controlled_windows_x86_64_two_cpu,NATIVE_SOFTWARE,x86_64,"AMD64 Family 23 Model 96 Stepping 1, AuthenticAMD",12,7598,Windows-11-10.0.26200-SP0,N/A (prebuilt Python extension wheel),N/A,N/A (prebuilt wheel),pqcrypto,0.4.0,ML-KEM-1024,decapsulation,84,102600,30658560,True,
9688e997-27dc-4649-88e9-6643b3730135,07084835-0852-4baa-a0cc-3119cc6c24d1,2026-08-12T17:25:28.057419+00:00,controlled_windows_x86_64_two_cpu,NATIVE_SOFTWARE,x86_64,"AMD64 Family 23 Model 96 Stepping 1, AuthenticAMD",12,7598,Windows-11-10.0.26200-SP0,N/A (prebuilt Python extension wheel),N/A,N/A (prebuilt wheel),pqcrypto,0.4.0,ML-KEM-1024,keygen,85,286100,30658560,True,
9688e997-27dc-4649-88e9-6643b3730135,07084835-0852-4baa-a0cc-3119cc6c24d1,2026-08-12T17:25:28.058021+00:00,controlled_windows_x86_64_two_cpu,NATIVE_SOFTWARE,x86_64,"AMD64 Family 23 Model 96 Stepping 1, AuthenticAMD",12,7598,Windows-11-10.0.26200-SP0,N/A (prebuilt Python extension wheel),N/A,N/A (prebuilt wheel),pqcrypto,0.4.0,ML-KEM-1024,encapsulation,85,201900,30658560,True,
9688e997-27dc-4649-88e9-6643b3730135,07084835-0852-4baa-a0cc-3119cc6c24d1,2026-08-12T17:25:28.058321+00:00,controlled_windows_x86_64_two_cpu,NATIVE_SOFTWARE,x86_64,"AMD64 Family 23 Model 96 Stepping 1, AuthenticAMD",12,7598,Windows-11-10.0.26200-SP0,N/A (prebuilt Python extension wheel),N/A,N/A (prebuilt wheel),pqcrypto,0.4.0,ML-KEM-1024,decapsulation,85,99500,30658560,True,
9688e997-27dc-4649-88e9-6643b3730135,07084835-0852-4baa-a0cc-3119cc6c24d1,2026-08-12T17:25:28.058532+00:00,controlled_windows_x86_64_two_cpu,NATIVE_SOFTWARE,x86_64,"AMD64 Family 23 Model 96 Stepping 1, AuthenticAMD",12,7598,Windows-11-10.0.26200-SP0,N/A (prebuilt Python extension wheel),N/A,N/A (prebuilt wheel),pqcrypto,0.4.0,ML-KEM-1024,keygen,86,228000,30658560,True,
9688e997-27dc-4649-88e9-6643b3730135,07084835-0852-4baa-a0cc-3119cc6c24d1,2026-08-12T17:25:28.059061+00:00,controlled_windows_x86_64_two_cpu,NATIVE_SOFTWARE,x86_64,"AMD64 Family 23 Model 96 Stepping 1, AuthenticAMD",12,7598,Windows-11-10.0.26200-SP0,N/A (prebuilt Python extension wheel),N/A,N/A (prebuilt wheel),pqcrypto,0.4.0,ML-KEM-1024,encapsulation,86,235200,30662656,True,
9688e997-27dc-4649-88e9-6643b3730135,07084835-0852-4baa-a0cc-3119cc6c24d1,2026-08-12T17:25:28.059416+00:00,controlled_windows_x86_64_two_cpu,NATIVE_SOFTWARE,x86_64,"AMD64 Family 23 Model 96 Stepping 1, AuthenticAMD",12,7598,Windows-11-10.0.26200-SP0,N/A (prebuilt Python extension wheel),N/A,N/A (prebuilt wheel),pqcrypto,0.4.0,ML-KEM-1024,decapsulation,86,119500,30662656,True,
9688e997-27dc-4649-88e9-6643b3730135,07084835-0852-4baa-a0cc-3119cc6c24d1,2026-08-12T17:25:28.059625+00:00,controlled_windows_x86_64_two_cpu,NATIVE_SOFTWARE,x86_64,"AMD64 Family 23 Model 96 Stepping 1, AuthenticAMD",12,7598,Windows-11-10.0.26200-SP0,N/A (prebuilt Python extension wheel),N/A,N/A (prebuilt wheel),pqcrypto,0.4.0,ML-KEM-1024,keygen,87,216800,30662656,True,
9688e997-27dc-4649-88e9-6643b3730135,07084835-0852-4baa-a0cc-3119cc6c24d1,2026-08-12T17:25:28.060149+00:00,controlled_windows_x86_64_two_cpu,NATIVE_SOFTWARE,x86_64,"AMD64 Family 23 Model 96 Stepping 1, AuthenticAMD",12,7598,Windows-11-10.0.26200-SP0,N/A (prebuilt Python extension wheel),N/A,N/A (prebuilt wheel),pqcrypto,0.4.0,ML-KEM-1024,encapsulation,87,203400,30662656,True,
9688e997-27dc-4649-88e9-6643b3730135,07084835-0852-4baa-a0cc-3119cc6c24d1,2026-08-12T17:25:28.060482+00:00,controlled_windows_x86_64_two_cpu,NATIVE_SOFTWARE,x86_64,"AMD64 Family 23 Model 96 Stepping 1, AuthenticAMD",12,7598,Windows-11-10.0.26200-SP0,N/A (prebuilt Python extension wheel),N/A,N/A (prebuilt wheel),pqcrypto,0.4.0,ML-KEM-1024,decapsulation,87,100600,30662656,True,
9688e997-27dc-4649-88e9-6643b3730135,07084835-0852-4baa-a0cc-3119cc6c24d1,2026-08-12T17:25:28.060669+00:00,controlled_windows_x86_64_two_cpu,NATIVE_SOFTWARE,x86_64,"AMD64 Family 23 Model 96 Stepping 1, AuthenticAMD",12,7598,Windows-11-10.0.26200-SP0,N/A (prebuilt Python extension wheel),N/A,N/A (prebuilt wheel),pqcrypto,0.4.0,ML-KEM-1024,keygen,88,204800,30666752,True,
9688e997-27dc-4649-88e9-6643b3730135,07084835-0852-4baa-a0cc-3119cc6c24d1,2026-08-12T17:25:28.061187+00:00,controlled_windows_x86_64_two_cpu,NATIVE_SOFTWARE,x86_64,"AMD64 Family 23 Model 96 Stepping 1, AuthenticAMD",12,7598,Windows-11-10.0.26200-SP0,N/A (prebuilt Python extension wheel),N/A,N/A (prebuilt wheel),pqcrypto,0.4.0,ML-KEM-1024,encapsulation,88,202300,30666752,True,
9688e997-27dc-4649-88e9-6643b3730135,07084835-0852-4baa-a0cc-3119cc6c24d1,2026-08-12T17:25:28.061515+00:00,controlled_windows_x86_64_two_cpu,NATIVE_SOFTWARE,x86_64,"AMD64 Family 23 Model 96 Stepping 1, AuthenticAMD",12,7598,Windows-11-10.0.26200-SP0,N/A (prebuilt Python extension wheel),N/A,N/A (prebuilt wheel),pqcrypto,0.4.0,ML-KEM-1024,decapsulation,88,99900,30666752,True,
9688e997-27dc-4649-88e9-6643b3730135,07084835-0852-4baa-a0cc-3119cc6c24d1,2026-08-12T17:25:28.061699+00:00,controlled_windows_x86_64_two_cpu,NATIVE_SOFTWARE,x86_64,"AMD64 Family 23 Model 96 Stepping 1, AuthenticAMD",12,7598,Windows-11-10.0.26200-SP0,N/A (prebuilt Python extension wheel),N/A,N/A (prebuilt wheel),pqcrypto,0.4.0,ML-KEM-1024,keygen,89,205800,30666752,True,
9688e997-27dc-4649-88e9-6643b3730135,07084835-0852-4baa-a0cc-3119cc6c24d1,2026-08-12T17:25:28.062732+00:00,controlled_windows_x86_64_two_cpu,NATIVE_SOFTWARE,x86_64,"AMD64 Family 23 Model 96 Stepping 1, AuthenticAMD",12,7598,Windows-11-10.0.26200-SP0,N/A (prebuilt Python extension wheel),N/A,N/A (prebuilt wheel),pqcrypto,0.4.0,ML-KEM-1024,encapsulation,89,203400,30666752,True,
9688e997-27dc-4649-88e9-6643b3730135,07084835-0852-4baa-a0cc-3119cc6c24d1,2026-08-12T17:25:28.063134+00:00,controlled_windows_x86_64_two_cpu,NATIVE_SOFTWARE,x86_64,"AMD64 Family 23 Model 96 Stepping 1, AuthenticAMD",12,7598,Windows-11-10.0.26200-SP0,N/A (prebuilt Python extension wheel),N/A,N/A (prebuilt wheel),pqcrypto,0.4.0,ML-KEM-1024,decapsulation,89,105700,30666752,True,
9688e997-27dc-4649-88e9-6643b3730135,07084835-0852-4baa-a0cc-3119cc6c24d1,2026-08-12T17:25:28.063324+00:00,controlled_windows_x86_64_two_cpu,NATIVE_SOFTWARE,x86_64,"AMD64 Family 23 Model 96 Stepping 1, AuthenticAMD",12,7598,Windows-11-10.0.26200-SP0,N/A (prebuilt Python extension wheel),N/A,N/A (prebuilt wheel),pqcrypto,0.4.0,ML-KEM-1024,keygen,90,366100,30666752,True,
9688e997-27dc-4649-88e9-6643b3730135,07084835-0852-4baa-a0cc-3119cc6c24d1,2026-08-12T17:25:28.063999+00:00,controlled_windows_x86_64_two_cpu,NATIVE_SOFTWARE,x86_64,"AMD64 Family 23 Model 96 Stepping 1, AuthenticAMD",12,7598,Windows-11-10.0.26200-SP0,N/A (prebuilt Python extension wheel),N/A,N/A (prebuilt wheel),pqcrypto,0.4.0,ML-KEM-1024,encapsulation,90,215900,30666752,True,
9688e997-27dc-4649-88e9-6643b3730135,07084835-0852-4baa-a0cc-3119cc6c24d1,2026-08-12T17:25:28.064312+00:00,controlled_windows_x86_64_two_cpu,NATIVE_SOFTWARE,x86_64,"AMD64 Family 23 Model 96 Stepping 1, AuthenticAMD",12,7598,Windows-11-10.0.26200-SP0,N/A (prebuilt Python extension wheel),N/A,N/A (prebuilt wheel),pqcrypto,0.4.0,ML-KEM-1024,decapsulation,90,183900,30666752,True,
9688e997-27dc-4649-88e9-6643b3730135,07084835-0852-4baa-a0cc-3119cc6c24d1,2026-08-12T17:25:28.064585+00:00,controlled_windows_x86_64_two_cpu,NATIVE_SOFTWARE,x86_64,"AMD64 Family 23 Model 96 Stepping 1, AuthenticAMD",12,7598,Windows-11-10.0.26200-SP0,N/A (prebuilt Python extension wheel),N/A,N/A (prebuilt wheel),pqcrypto,0.4.0,ML-KEM-1024,keygen,91,242000,30666752,True,
9688e997-27dc-4649-88e9-6643b3730135,07084835-0852-4baa-a0cc-3119cc6c24d1,2026-08-12T17:25:28.065134+00:00,controlled_windows_x86_64_two_cpu,NATIVE_SOFTWARE,x86_64,"AMD64 Family 23 Model 96 Stepping 1, AuthenticAMD",12,7598,Windows-11-10.0.26200-SP0,N/A (prebuilt Python extension wheel),N/A,N/A (prebuilt wheel),pqcrypto,0.4.0,ML-KEM-1024,encapsulation,91,219500,30666752,True,
9688e997-27dc-4649-88e9-6643b3730135,07084835-0852-4baa-a0cc-3119cc6c24d1,2026-08-12T17:25:28.065503+00:00,controlled_windows_x86_64_two_cpu,NATIVE_SOFTWARE,x86_64,"AMD64 Family 23 Model 96 Stepping 1, AuthenticAMD",12,7598,Windows-11-10.0.26200-SP0,N/A (prebuilt Python extension wheel),N/A,N/A (prebuilt wheel),pqcrypto,0.4.0,ML-KEM-1024,decapsulation,91,102600,30666752,True,
9688e997-27dc-4649-88e9-6643b3730135,07084835-0852-4baa-a0cc-3119cc6c24d1,2026-08-12T17:25:28.065701+00:00,controlled_windows_x86_64_two_cpu,NATIVE_SOFTWARE,x86_64,"AMD64 Family 23 Model 96 Stepping 1, AuthenticAMD",12,7598,Windows-11-10.0.26200-SP0,N/A (prebuilt Python extension wheel),N/A,N/A (prebuilt wheel),pqcrypto,0.4.0,ML-KEM-1024,keygen,92,249000,30666752,True,
9688e997-27dc-4649-88e9-6643b3730135,07084835-0852-4baa-a0cc-3119cc6c24d1,2026-08-12T17:25:28.066283+00:00,controlled_windows_x86_64_two_cpu,NATIVE_SOFTWARE,x86_64,"AMD64 Family 23 Model 96 Stepping 1, AuthenticAMD",12,7598,Windows-11-10.0.26200-SP0,N/A (prebuilt Python extension wheel),N/A,N/A (prebuilt wheel),pqcrypto,0.4.0,ML-KEM-1024,encapsulation,92,237200,30666752,True,
9688e997-27dc-4649-88e9-6643b3730135,07084835-0852-4baa-a0cc-3119cc6c24d1,2026-08-12T17:25:28.066639+00:00,controlled_windows_x86_64_two_cpu,NATIVE_SOFTWARE,x86_64,"AMD64 Family 23 Model 96 Stepping 1, AuthenticAMD",12,7598,Windows-11-10.0.26200-SP0,N/A (prebuilt Python extension wheel),N/A,N/A (prebuilt wheel),pqcrypto,0.4.0,ML-KEM-1024,decapsulation,92,101000,30666752,True,
9688e997-27dc-4649-88e9-6643b3730135,07084835-0852-4baa-a0cc-3119cc6c24d1,2026-08-12T17:25:28.066826+00:00,controlled_windows_x86_64_two_cpu,NATIVE_SOFTWARE,x86_64,"AMD64 Family 23 Model 96 Stepping 1, AuthenticAMD",12,7598,Windows-11-10.0.26200-SP0,N/A (prebuilt Python extension wheel),N/A,N/A (prebuilt wheel),pqcrypto,0.4.0,ML-KEM-1024,keygen,93,218100,30666752,True,
9688e997-27dc-4649-88e9-6643b3730135,07084835-0852-4baa-a0cc-3119cc6c24d1,2026-08-12T17:25:28.067343+00:00,controlled_windows_x86_64_two_cpu,NATIVE_SOFTWARE,x86_64,"AMD64 Family 23 Model 96 Stepping 1, AuthenticAMD",12,7598,Windows-11-10.0.26200-SP0,N/A (prebuilt Python extension wheel),N/A,N/A (prebuilt wheel),pqcrypto,0.4.0,ML-KEM-1024,encapsulation,93,233700,30666752,True,
9688e997-27dc-4649-88e9-6643b3730135,07084835-0852-4baa-a0cc-3119cc6c24d1,2026-08-12T17:25:28.067675+00:00,controlled_windows_x86_64_two_cpu,NATIVE_SOFTWARE,x86_64,"AMD64 Family 23 Model 96 Stepping 1, AuthenticAMD",12,7598,Windows-11-10.0.26200-SP0,N/A (prebuilt Python extension wheel),N/A,N/A (prebuilt wheel),pqcrypto,0.4.0,ML-KEM-1024,decapsulation,93,100600,30666752,True,
9688e997-27dc-4649-88e9-6643b3730135,07084835-0852-4baa-a0cc-3119cc6c24d1,2026-08-12T17:25:28.067861+00:00,controlled_windows_x86_64_two_cpu,NATIVE_SOFTWARE,x86_64,"AMD64 Family 23 Model 96 Stepping 1, AuthenticAMD",12,7598,Windows-11-10.0.26200-SP0,N/A (prebuilt Python extension wheel),N/A,N/A (prebuilt wheel),pqcrypto,0.4.0,ML-KEM-1024,keygen,94,221900,30666752,True,
9688e997-27dc-4649-88e9-6643b3730135,07084835-0852-4baa-a0cc-3119cc6c24d1,2026-08-12T17:25:28.068375+00:00,controlled_windows_x86_64_two_cpu,NATIVE_SOFTWARE,x86_64,"AMD64 Family 23 Model 96 Stepping 1, AuthenticAMD",12,7598,Windows-11-10.0.26200-SP0,N/A (prebuilt Python extension wheel),N/A,N/A (prebuilt wheel),pqcrypto,0.4.0,ML-KEM-1024,encapsulation,94,228600,30666752,True,
9688e997-27dc-4649-88e9-6643b3730135,07084835-0852-4baa-a0cc-3119cc6c24d1,2026-08-12T17:25:28.068702+00:00,controlled_windows_x86_64_two_cpu,NATIVE_SOFTWARE,x86_64,"AMD64 Family 23 Model 96 Stepping 1, AuthenticAMD",12,7598,Windows-11-10.0.26200-SP0,N/A (prebuilt Python extension wheel),N/A,N/A (prebuilt wheel),pqcrypto,0.4.0,ML-KEM-1024,decapsulation,94,99500,30666752,True,
9688e997-27dc-4649-88e9-6643b3730135,07084835-0852-4baa-a0cc-3119cc6c24d1,2026-08-12T17:25:28.068881+00:00,controlled_windows_x86_64_two_cpu,NATIVE_SOFTWARE,x86_64,"AMD64 Family 23 Model 96 Stepping 1, AuthenticAMD",12,7598,Windows-11-10.0.26200-SP0,N/A (prebuilt Python extension wheel),N/A,N/A (prebuilt wheel),pqcrypto,0.4.0,ML-KEM-1024,keygen,95,297500,30666752,True,
9688e997-27dc-4649-88e9-6643b3730135,07084835-0852-4baa-a0cc-3119cc6c24d1,2026-08-12T17:25:28.069736+00:00,controlled_windows_x86_64_two_cpu,NATIVE_SOFTWARE,x86_64,"AMD64 Family 23 Model 96 Stepping 1, AuthenticAMD",12,7598,Windows-11-10.0.26200-SP0,N/A (prebuilt Python extension wheel),N/A,N/A (prebuilt wheel),pqcrypto,0.4.0,ML-KEM-1024,encapsulation,95,237900,30666752,True,
9688e997-27dc-4649-88e9-6643b3730135,07084835-0852-4baa-a0cc-3119cc6c24d1,2026-08-12T17:25:28.070113+00:00,controlled_windows_x86_64_two_cpu,NATIVE_SOFTWARE,x86_64,"AMD64 Family 23 Model 96 Stepping 1, AuthenticAMD",12,7598,Windows-11-10.0.26200-SP0,N/A (prebuilt Python extension wheel),N/A,N/A (prebuilt wheel),pqcrypto,0.4.0,ML-KEM-1024,decapsulation,95,103000,30666752,True,
9688e997-27dc-4649-88e9-6643b3730135,07084835-0852-4baa-a0cc-3119cc6c24d1,2026-08-12T17:25:28.070302+00:00,controlled_windows_x86_64_two_cpu,NATIVE_SOFTWARE,x86_64,"AMD64 Family 23 Model 96 Stepping 1, AuthenticAMD",12,7598,Windows-11-10.0.26200-SP0,N/A (prebuilt Python extension wheel),N/A,N/A (prebuilt wheel),pqcrypto,0.4.0,ML-KEM-1024,keygen,96,224700,30666752,True,
9688e997-27dc-4649-88e9-6643b3730135,07084835-0852-4baa-a0cc-3119cc6c24d1,2026-08-12T17:25:28.070820+00:00,controlled_windows_x86_64_two_cpu,NATIVE_SOFTWARE,x86_64,"AMD64 Family 23 Model 96 Stepping 1, AuthenticAMD",12,7598,Windows-11-10.0.26200-SP0,N/A (prebuilt Python extension wheel),N/A,N/A (prebuilt wheel),pqcrypto,0.4.0,ML-KEM-1024,encapsulation,96,198700,30666752,True,
9688e997-27dc-4649-88e9-6643b3730135,07084835-0852-4baa-a0cc-3119cc6c24d1,2026-08-12T17:25:28.071114+00:00,controlled_windows_x86_64_two_cpu,NATIVE_SOFTWARE,x86_64,"AMD64 Family 23 Model 96 Stepping 1, AuthenticAMD",12,7598,Windows-11-10.0.26200-SP0,N/A (prebuilt Python extension wheel),N/A,N/A (prebuilt wheel),pqcrypto,0.4.0,ML-KEM-1024,decapsulation,96,102500,30666752,True,
9688e997-27dc-4649-88e9-6643b3730135,07084835-0852-4baa-a0cc-3119cc6c24d1,2026-08-12T17:25:28.071365+00:00,controlled_windows_x86_64_two_cpu,NATIVE_SOFTWARE,x86_64,"AMD64 Family 23 Model 96 Stepping 1, AuthenticAMD",12,7598,Windows-11-10.0.26200-SP0,N/A (prebuilt Python extension wheel),N/A,N/A (prebuilt wheel),pqcrypto,0.4.0,ML-KEM-1024,keygen,97,235600,30666752,True,
9688e997-27dc-4649-88e9-6643b3730135,07084835-0852-4baa-a0cc-3119cc6c24d1,2026-08-12T17:25:28.071915+00:00,controlled_windows_x86_64_two_cpu,NATIVE_SOFTWARE,x86_64,"AMD64 Family 23 Model 96 Stepping 1, AuthenticAMD",12,7598,Windows-11-10.0.26200-SP0,N/A (prebuilt Python extension wheel),N/A,N/A (prebuilt wheel),pqcrypto,0.4.0,ML-KEM-1024,encapsulation,97,203500,30666752,True,
9688e997-27dc-4649-88e9-6643b3730135,07084835-0852-4baa-a0cc-3119cc6c24d1,2026-08-12T17:25:28.072229+00:00,controlled_windows_x86_64_two_cpu,NATIVE_SOFTWARE,x86_64,"AMD64 Family 23 Model 96 Stepping 1, AuthenticAMD",12,7598,Windows-11-10.0.26200-SP0,N/A (prebuilt Python extension wheel),N/A,N/A (prebuilt wheel),pqcrypto,0.4.0,ML-KEM-1024,decapsulation,97,100700,30666752,True,
9688e997-27dc-4649-88e9-6643b3730135,07084835-0852-4baa-a0cc-3119cc6c24d1,2026-08-12T17:25:28.072417+00:00,controlled_windows_x86_64_two_cpu,NATIVE_SOFTWARE,x86_64,"AMD64 Family 23 Model 96 Stepping 1, AuthenticAMD",12,7598,Windows-11-10.0.26200-SP0,N/A (prebuilt Python extension wheel),N/A,N/A (prebuilt wheel),pqcrypto,0.4.0,ML-KEM-1024,keygen,98,279800,30666752,True,
9688e997-27dc-4649-88e9-6643b3730135,07084835-0852-4baa-a0cc-3119cc6c24d1,2026-08-12T17:25:28.073034+00:00,controlled_windows_x86_64_two_cpu,NATIVE_SOFTWARE,x86_64,"AMD64 Family 23 Model 96 Stepping 1, AuthenticAMD",12,7598,Windows-11-10.0.26200-SP0,N/A (prebuilt Python extension wheel),N/A,N/A (prebuilt wheel),pqcrypto,0.4.0,ML-KEM-1024,encapsulation,98,242200,30666752,True,
9688e997-27dc-4649-88e9-6643b3730135,07084835-0852-4baa-a0cc-3119cc6c24d1,2026-08-12T17:25:28.073482+00:00,controlled_windows_x86_64_two_cpu,NATIVE_SOFTWARE,x86_64,"AMD64 Family 23 Model 96 Stepping 1, AuthenticAMD",12,7598,Windows-11-10.0.26200-SP0,N/A (prebuilt Python extension wheel),N/A,N/A (prebuilt wheel),pqcrypto,0.4.0,ML-KEM-1024,decapsulation,98,106300,30666752,True,
9688e997-27dc-4649-88e9-6643b3730135,07084835-0852-4baa-a0cc-3119cc6c24d1,2026-08-12T17:25:28.073685+00:00,controlled_windows_x86_64_two_cpu,NATIVE_SOFTWARE,x86_64,"AMD64 Family 23 Model 96 Stepping 1, AuthenticAMD",12,7598,Windows-11-10.0.26200-SP0,N/A (prebuilt Python extension wheel),N/A,N/A (prebuilt wheel),pqcrypto,0.4.0,ML-KEM-1024,keygen,99,253300,30666752,True,
9688e997-27dc-4649-88e9-6643b3730135,07084835-0852-4baa-a0cc-3119cc6c24d1,2026-08-12T17:25:28.074291+00:00,controlled_windows_x86_64_two_cpu,NATIVE_SOFTWARE,x86_64,"AMD64 Family 23 Model 96 Stepping 1, AuthenticAMD",12,7598,Windows-11-10.0.26200-SP0,N/A (prebuilt Python extension wheel),N/A,N/A (prebuilt wheel),pqcrypto,0.4.0,ML-KEM-1024,encapsulation,99,228000,30666752,True,
9688e997-27dc-4649-88e9-6643b3730135,07084835-0852-4baa-a0cc-3119cc6c24d1,2026-08-12T17:25:28.074630+00:00,controlled_windows_x86_64_two_cpu,NATIVE_SOFTWARE,x86_64,"AMD64 Family 23 Model 96 Stepping 1, AuthenticAMD",12,7598,Windows-11-10.0.26200-SP0,N/A (prebuilt Python extension wheel),N/A,N/A (prebuilt wheel),pqcrypto,0.4.0,ML-KEM-1024,decapsulation,99,102000,30666752,True,
9688e997-27dc-4649-88e9-6643b3730135,07084835-0852-4baa-a0cc-3119cc6c24d1,2026-08-12T17:25:28.074815+00:00,controlled_windows_x86_64_two_cpu,NATIVE_SOFTWARE,x86_64,"AMD64 Family 23 Model 96 Stepping 1, AuthenticAMD",12,7598,Windows-11-10.0.26200-SP0,N/A (prebuilt Python extension wheel),N/A,N/A (prebuilt wheel),pqcrypto,0.4.0,ML-KEM-1024,keygen,100,208500,30666752,True,
9688e997-27dc-4649-88e9-6643b3730135,07084835-0852-4baa-a0cc-3119cc6c24d1,2026-08-12T17:25:28.075334+00:00,controlled_windows_x86_64_two_cpu,NATIVE_SOFTWARE,x86_64,"AMD64 Family 23 Model 96 Stepping 1, AuthenticAMD",12,7598,Windows-11-10.0.26200-SP0,N/A (prebuilt Python extension wheel),N/A,N/A (prebuilt wheel),pqcrypto,0.4.0,ML-KEM-1024,encapsulation,100,231900,30666752,True,
9688e997-27dc-4649-88e9-6643b3730135,07084835-0852-4baa-a0cc-3119cc6c24d1,2026-08-12T17:25:28.075669+00:00,controlled_windows_x86_64_two_cpu,NATIVE_SOFTWARE,x86_64,"AMD64 Family 23 Model 96 Stepping 1, AuthenticAMD",12,7598,Windows-11-10.0.26200-SP0,N/A (prebuilt Python extension wheel),N/A,N/A (prebuilt wheel),pqcrypto,0.4.0,ML-KEM-1024,decapsulation,100,101100,30666752,True,
