experiment_id,run_id,timestamp,environment,measurement_type,architecture,processor,cpu_cores,ram_mb,os,compiler,compiler_version,optimization_flags,implementation,implementation_version,mlkem_variant,operation,iteration,execution_time_ns,memory_bytes,success,error_message
99947311-0ca6-4c66-85fc-a55f99fed6e6,01acefc3-f3b3-4fb7-9ae4-3ed4a78bd0b8,2026-08-12T17:25:06.247085+00:00,controlled_windows_x86_64_two_cpu,NATIVE_SOFTWARE,x86_64,"AMD64 Family 23 Model 96 Stepping 1, AuthenticAMD",12,7598,Windows-11-10.0.26200-SP0,N/A (prebuilt Python extension wheel),N/A,N/A (prebuilt wheel),pqcrypto,0.4.0,ML-KEM-512,keygen,1,2293200,28971008,True,
99947311-0ca6-4c66-85fc-a55f99fed6e6,01acefc3-f3b3-4fb7-9ae4-3ed4a78bd0b8,2026-08-12T17:25:06.249816+00:00,controlled_windows_x86_64_two_cpu,NATIVE_SOFTWARE,x86_64,"AMD64 Family 23 Model 96 Stepping 1, AuthenticAMD",12,7598,Windows-11-10.0.26200-SP0,N/A (prebuilt Python extension wheel),N/A,N/A (prebuilt wheel),pqcrypto,0.4.0,ML-KEM-512,encapsulation,1,174500,28979200,True,
99947311-0ca6-4c66-85fc-a55f99fed6e6,01acefc3-f3b3-4fb7-9ae4-3ed4a78bd0b8,2026-08-12T17:25:06.250117+00:00,controlled_windows_x86_64_two_cpu,NATIVE_SOFTWARE,x86_64,"AMD64 Family 23 Model 96 Stepping 1, AuthenticAMD",12,7598,Windows-11-10.0.26200-SP0,N/A (prebuilt Python extension wheel),N/A,N/A (prebuilt wheel),pqcrypto,0.4.0,ML-KEM-512,decapsulation,1,51700,28991488,True,
99947311-0ca6-4c66-85fc-a55f99fed6e6,01acefc3-f3b3-4fb7-9ae4-3ed4a78bd0b8,2026-08-12T17:25:06.250300+00:00,controlled_windows_x86_64_two_cpu,NATIVE_SOFTWARE,x86_64,"AMD64 Family 23 Model 96 Stepping 1, AuthenticAMD",12,7598,Windows-11-10.0.26200-SP0,N/A (prebuilt Python extension wheel),N/A,N/A (prebuilt wheel),pqcrypto,0.4.0,ML-KEM-512,keygen,2,165700,29003776,True,
99947311-0ca6-4c66-85fc-a55f99fed6e6,01acefc3-f3b3-4fb7-9ae4-3ed4a78bd0b8,2026-08-12T17:25:06.250732+00:00,controlled_windows_x86_64_two_cpu,NATIVE_SOFTWARE,x86_64,"AMD64 Family 23 Model 96 Stepping 1, AuthenticAMD",12,7598,Windows-11-10.0.26200-SP0,N/A (prebuilt Python extension wheel),N/A,N/A (prebuilt wheel),pqcrypto,0.4.0,ML-KEM-512,encapsulation,2,155700,29011968,True,
99947311-0ca6-4c66-85fc-a55f99fed6e6,01acefc3-f3b3-4fb7-9ae4-3ed4a78bd0b8,2026-08-12T17:25:06.250996+00:00,controlled_windows_x86_64_two_cpu,NATIVE_SOFTWARE,x86_64,"AMD64 Family 23 Model 96 Stepping 1, AuthenticAMD",12,7598,Windows-11-10.0.26200-SP0,N/A (prebuilt Python extension wheel),N/A,N/A (prebuilt wheel),pqcrypto,0.4.0,ML-KEM-512,decapsulation,2,48300,29020160,True,
99947311-0ca6-4c66-85fc-a55f99fed6e6,01acefc3-f3b3-4fb7-9ae4-3ed4a78bd0b8,2026-08-12T17:25:06.251133+00:00,controlled_windows_x86_64_two_cpu,NATIVE_SOFTWARE,x86_64,"AMD64 Family 23 Model 96 Stepping 1, AuthenticAMD",12,7598,Windows-11-10.0.26200-SP0,N/A (prebuilt Python extension wheel),N/A,N/A (prebuilt wheel),pqcrypto,0.4.0,ML-KEM-512,keygen,3,194900,29024256,True,
99947311-0ca6-4c66-85fc-a55f99fed6e6,01acefc3-f3b3-4fb7-9ae4-3ed4a78bd0b8,2026-08-12T17:25:06.251580+00:00,controlled_windows_x86_64_two_cpu,NATIVE_SOFTWARE,x86_64,"AMD64 Family 23 Model 96 Stepping 1, AuthenticAMD",12,7598,Windows-11-10.0.26200-SP0,N/A (prebuilt Python extension wheel),N/A,N/A (prebuilt wheel),pqcrypto,0.4.0,ML-KEM-512,encapsulation,3,152200,29036544,True,
99947311-0ca6-4c66-85fc-a55f99fed6e6,01acefc3-f3b3-4fb7-9ae4-3ed4a78bd0b8,2026-08-12T17:25:06.251834+00:00,controlled_windows_x86_64_two_cpu,NATIVE_SOFTWARE,x86_64,"AMD64 Family 23 Model 96 Stepping 1, AuthenticAMD",12,7598,Windows-11-10.0.26200-SP0,N/A (prebuilt Python extension wheel),N/A,N/A (prebuilt wheel),pqcrypto,0.4.0,ML-KEM-512,decapsulation,3,47100,29061120,True,
99947311-0ca6-4c66-85fc-a55f99fed6e6,01acefc3-f3b3-4fb7-9ae4-3ed4a78bd0b8,2026-08-12T17:25:06.251978+00:00,controlled_windows_x86_64_two_cpu,NATIVE_SOFTWARE,x86_64,"AMD64 Family 23 Model 96 Stepping 1, AuthenticAMD",12,7598,Windows-11-10.0.26200-SP0,N/A (prebuilt Python extension wheel),N/A,N/A (prebuilt wheel),pqcrypto,0.4.0,ML-KEM-512,keygen,4,158000,29073408,True,
99947311-0ca6-4c66-85fc-a55f99fed6e6,01acefc3-f3b3-4fb7-9ae4-3ed4a78bd0b8,2026-08-12T17:25:06.252402+00:00,controlled_windows_x86_64_two_cpu,NATIVE_SOFTWARE,x86_64,"AMD64 Family 23 Model 96 Stepping 1, AuthenticAMD",12,7598,Windows-11-10.0.26200-SP0,N/A (prebuilt Python extension wheel),N/A,N/A (prebuilt wheel),pqcrypto,0.4.0,ML-KEM-512,encapsulation,4,197700,29081600,True,
99947311-0ca6-4c66-85fc-a55f99fed6e6,01acefc3-f3b3-4fb7-9ae4-3ed4a78bd0b8,2026-08-12T17:25:06.252729+00:00,controlled_windows_x86_64_two_cpu,NATIVE_SOFTWARE,x86_64,"AMD64 Family 23 Model 96 Stepping 1, AuthenticAMD",12,7598,Windows-11-10.0.26200-SP0,N/A (prebuilt Python extension wheel),N/A,N/A (prebuilt wheel),pqcrypto,0.4.0,ML-KEM-512,decapsulation,4,48400,29093888,True,
99947311-0ca6-4c66-85fc-a55f99fed6e6,01acefc3-f3b3-4fb7-9ae4-3ed4a78bd0b8,2026-08-12T17:25:06.252866+00:00,controlled_windows_x86_64_two_cpu,NATIVE_SOFTWARE,x86_64,"AMD64 Family 23 Model 96 Stepping 1, AuthenticAMD",12,7598,Windows-11-10.0.26200-SP0,N/A (prebuilt Python extension wheel),N/A,N/A (prebuilt wheel),pqcrypto,0.4.0,ML-KEM-512,keygen,5,171400,29102080,True,
99947311-0ca6-4c66-85fc-a55f99fed6e6,01acefc3-f3b3-4fb7-9ae4-3ed4a78bd0b8,2026-08-12T17:25:06.253312+00:00,controlled_windows_x86_64_two_cpu,NATIVE_SOFTWARE,x86_64,"AMD64 Family 23 Model 96 Stepping 1, AuthenticAMD",12,7598,Windows-11-10.0.26200-SP0,N/A (prebuilt Python extension wheel),N/A,N/A (prebuilt wheel),pqcrypto,0.4.0,ML-KEM-512,encapsulation,5,153300,29110272,True,
99947311-0ca6-4c66-85fc-a55f99fed6e6,01acefc3-f3b3-4fb7-9ae4-3ed4a78bd0b8,2026-08-12T17:25:06.253566+00:00,controlled_windows_x86_64_two_cpu,NATIVE_SOFTWARE,x86_64,"AMD64 Family 23 Model 96 Stepping 1, AuthenticAMD",12,7598,Windows-11-10.0.26200-SP0,N/A (prebuilt Python extension wheel),N/A,N/A (prebuilt wheel),pqcrypto,0.4.0,ML-KEM-512,decapsulation,5,48400,29147136,True,
99947311-0ca6-4c66-85fc-a55f99fed6e6,01acefc3-f3b3-4fb7-9ae4-3ed4a78bd0b8,2026-08-12T17:25:06.253718+00:00,controlled_windows_x86_64_two_cpu,NATIVE_SOFTWARE,x86_64,"AMD64 Family 23 Model 96 Stepping 1, AuthenticAMD",12,7598,Windows-11-10.0.26200-SP0,N/A (prebuilt Python extension wheel),N/A,N/A (prebuilt wheel),pqcrypto,0.4.0,ML-KEM-512,keygen,6,156700,29167616,True,
99947311-0ca6-4c66-85fc-a55f99fed6e6,01acefc3-f3b3-4fb7-9ae4-3ed4a78bd0b8,2026-08-12T17:25:06.254137+00:00,controlled_windows_x86_64_two_cpu,NATIVE_SOFTWARE,x86_64,"AMD64 Family 23 Model 96 Stepping 1, AuthenticAMD",12,7598,Windows-11-10.0.26200-SP0,N/A (prebuilt Python extension wheel),N/A,N/A (prebuilt wheel),pqcrypto,0.4.0,ML-KEM-512,encapsulation,6,182100,29175808,True,
99947311-0ca6-4c66-85fc-a55f99fed6e6,01acefc3-f3b3-4fb7-9ae4-3ed4a78bd0b8,2026-08-12T17:25:06.254674+00:00,controlled_windows_x86_64_two_cpu,NATIVE_SOFTWARE,x86_64,"AMD64 Family 23 Model 96 Stepping 1, AuthenticAMD",12,7598,Windows-11-10.0.26200-SP0,N/A (prebuilt Python extension wheel),N/A,N/A (prebuilt wheel),pqcrypto,0.4.0,ML-KEM-512,decapsulation,6,53300,29175808,True,
99947311-0ca6-4c66-85fc-a55f99fed6e6,01acefc3-f3b3-4fb7-9ae4-3ed4a78bd0b8,2026-08-12T17:25:06.254820+00:00,controlled_windows_x86_64_two_cpu,NATIVE_SOFTWARE,x86_64,"AMD64 Family 23 Model 96 Stepping 1, AuthenticAMD",12,7598,Windows-11-10.0.26200-SP0,N/A (prebuilt Python extension wheel),N/A,N/A (prebuilt wheel),pqcrypto,0.4.0,ML-KEM-512,keygen,7,252100,29175808,True,
99947311-0ca6-4c66-85fc-a55f99fed6e6,01acefc3-f3b3-4fb7-9ae4-3ed4a78bd0b8,2026-08-12T17:25:06.255438+00:00,controlled_windows_x86_64_two_cpu,NATIVE_SOFTWARE,x86_64,"AMD64 Family 23 Model 96 Stepping 1, AuthenticAMD",12,7598,Windows-11-10.0.26200-SP0,N/A (prebuilt Python extension wheel),N/A,N/A (prebuilt wheel),pqcrypto,0.4.0,ML-KEM-512,encapsulation,7,231700,29179904,True,
99947311-0ca6-4c66-85fc-a55f99fed6e6,01acefc3-f3b3-4fb7-9ae4-3ed4a78bd0b8,2026-08-12T17:25:06.255834+00:00,controlled_windows_x86_64_two_cpu,NATIVE_SOFTWARE,x86_64,"AMD64 Family 23 Model 96 Stepping 1, AuthenticAMD",12,7598,Windows-11-10.0.26200-SP0,N/A (prebuilt Python extension wheel),N/A,N/A (prebuilt wheel),pqcrypto,0.4.0,ML-KEM-512,decapsulation,7,48800,29179904,True,
99947311-0ca6-4c66-85fc-a55f99fed6e6,01acefc3-f3b3-4fb7-9ae4-3ed4a78bd0b8,2026-08-12T17:25:06.255970+00:00,controlled_windows_x86_64_two_cpu,NATIVE_SOFTWARE,x86_64,"AMD64 Family 23 Model 96 Stepping 1, AuthenticAMD",12,7598,Windows-11-10.0.26200-SP0,N/A (prebuilt Python extension wheel),N/A,N/A (prebuilt wheel),pqcrypto,0.4.0,ML-KEM-512,keygen,8,167200,29179904,True,
99947311-0ca6-4c66-85fc-a55f99fed6e6,01acefc3-f3b3-4fb7-9ae4-3ed4a78bd0b8,2026-08-12T17:25:06.256483+00:00,controlled_windows_x86_64_two_cpu,NATIVE_SOFTWARE,x86_64,"AMD64 Family 23 Model 96 Stepping 1, AuthenticAMD",12,7598,Windows-11-10.0.26200-SP0,N/A (prebuilt Python extension wheel),N/A,N/A (prebuilt wheel),pqcrypto,0.4.0,ML-KEM-512,encapsulation,8,160300,29179904,True,
99947311-0ca6-4c66-85fc-a55f99fed6e6,01acefc3-f3b3-4fb7-9ae4-3ed4a78bd0b8,2026-08-12T17:25:06.256745+00:00,controlled_windows_x86_64_two_cpu,NATIVE_SOFTWARE,x86_64,"AMD64 Family 23 Model 96 Stepping 1, AuthenticAMD",12,7598,Windows-11-10.0.26200-SP0,N/A (prebuilt Python extension wheel),N/A,N/A (prebuilt wheel),pqcrypto,0.4.0,ML-KEM-512,decapsulation,8,46800,29179904,True,
99947311-0ca6-4c66-85fc-a55f99fed6e6,01acefc3-f3b3-4fb7-9ae4-3ed4a78bd0b8,2026-08-12T17:25:06.256874+00:00,controlled_windows_x86_64_two_cpu,NATIVE_SOFTWARE,x86_64,"AMD64 Family 23 Model 96 Stepping 1, AuthenticAMD",12,7598,Windows-11-10.0.26200-SP0,N/A (prebuilt Python extension wheel),N/A,N/A (prebuilt wheel),pqcrypto,0.4.0,ML-KEM-512,keygen,9,161600,29179904,True,
99947311-0ca6-4c66-85fc-a55f99fed6e6,01acefc3-f3b3-4fb7-9ae4-3ed4a78bd0b8,2026-08-12T17:25:06.257310+00:00,controlled_windows_x86_64_two_cpu,NATIVE_SOFTWARE,x86_64,"AMD64 Family 23 Model 96 Stepping 1, AuthenticAMD",12,7598,Windows-11-10.0.26200-SP0,N/A (prebuilt Python extension wheel),N/A,N/A (prebuilt wheel),pqcrypto,0.4.0,ML-KEM-512,encapsulation,9,154000,29184000,True,
99947311-0ca6-4c66-85fc-a55f99fed6e6,01acefc3-f3b3-4fb7-9ae4-3ed4a78bd0b8,2026-08-12T17:25:06.257566+00:00,controlled_windows_x86_64_two_cpu,NATIVE_SOFTWARE,x86_64,"AMD64 Family 23 Model 96 Stepping 1, AuthenticAMD",12,7598,Windows-11-10.0.26200-SP0,N/A (prebuilt Python extension wheel),N/A,N/A (prebuilt wheel),pqcrypto,0.4.0,ML-KEM-512,decapsulation,9,48700,29184000,True,
99947311-0ca6-4c66-85fc-a55f99fed6e6,01acefc3-f3b3-4fb7-9ae4-3ed4a78bd0b8,2026-08-12T17:25:06.257698+00:00,controlled_windows_x86_64_two_cpu,NATIVE_SOFTWARE,x86_64,"AMD64 Family 23 Model 96 Stepping 1, AuthenticAMD",12,7598,Windows-11-10.0.26200-SP0,N/A (prebuilt Python extension wheel),N/A,N/A (prebuilt wheel),pqcrypto,0.4.0,ML-KEM-512,keygen,10,174100,29188096,True,
99947311-0ca6-4c66-85fc-a55f99fed6e6,01acefc3-f3b3-4fb7-9ae4-3ed4a78bd0b8,2026-08-12T17:25:06.258115+00:00,controlled_windows_x86_64_two_cpu,NATIVE_SOFTWARE,x86_64,"AMD64 Family 23 Model 96 Stepping 1, AuthenticAMD",12,7598,Windows-11-10.0.26200-SP0,N/A (prebuilt Python extension wheel),N/A,N/A (prebuilt wheel),pqcrypto,0.4.0,ML-KEM-512,encapsulation,10,165400,29188096,True,
99947311-0ca6-4c66-85fc-a55f99fed6e6,01acefc3-f3b3-4fb7-9ae4-3ed4a78bd0b8,2026-08-12T17:25:06.258374+00:00,controlled_windows_x86_64_two_cpu,NATIVE_SOFTWARE,x86_64,"AMD64 Family 23 Model 96 Stepping 1, AuthenticAMD",12,7598,Windows-11-10.0.26200-SP0,N/A (prebuilt Python extension wheel),N/A,N/A (prebuilt wheel),pqcrypto,0.4.0,ML-KEM-512,decapsulation,10,46600,29188096,True,
99947311-0ca6-4c66-85fc-a55f99fed6e6,01acefc3-f3b3-4fb7-9ae4-3ed4a78bd0b8,2026-08-12T17:25:06.258501+00:00,controlled_windows_x86_64_two_cpu,NATIVE_SOFTWARE,x86_64,"AMD64 Family 23 Model 96 Stepping 1, AuthenticAMD",12,7598,Windows-11-10.0.26200-SP0,N/A (prebuilt Python extension wheel),N/A,N/A (prebuilt wheel),pqcrypto,0.4.0,ML-KEM-512,keygen,11,159500,29188096,True,
99947311-0ca6-4c66-85fc-a55f99fed6e6,01acefc3-f3b3-4fb7-9ae4-3ed4a78bd0b8,2026-08-12T17:25:06.258903+00:00,controlled_windows_x86_64_two_cpu,NATIVE_SOFTWARE,x86_64,"AMD64 Family 23 Model 96 Stepping 1, AuthenticAMD",12,7598,Windows-11-10.0.26200-SP0,N/A (prebuilt Python extension wheel),N/A,N/A (prebuilt wheel),pqcrypto,0.4.0,ML-KEM-512,encapsulation,11,168800,29188096,True,
99947311-0ca6-4c66-85fc-a55f99fed6e6,01acefc3-f3b3-4fb7-9ae4-3ed4a78bd0b8,2026-08-12T17:25:06.259166+00:00,controlled_windows_x86_64_two_cpu,NATIVE_SOFTWARE,x86_64,"AMD64 Family 23 Model 96 Stepping 1, AuthenticAMD",12,7598,Windows-11-10.0.26200-SP0,N/A (prebuilt Python extension wheel),N/A,N/A (prebuilt wheel),pqcrypto,0.4.0,ML-KEM-512,decapsulation,11,46500,29188096,True,
99947311-0ca6-4c66-85fc-a55f99fed6e6,01acefc3-f3b3-4fb7-9ae4-3ed4a78bd0b8,2026-08-12T17:25:06.259308+00:00,controlled_windows_x86_64_two_cpu,NATIVE_SOFTWARE,x86_64,"AMD64 Family 23 Model 96 Stepping 1, AuthenticAMD",12,7598,Windows-11-10.0.26200-SP0,N/A (prebuilt Python extension wheel),N/A,N/A (prebuilt wheel),pqcrypto,0.4.0,ML-KEM-512,keygen,12,165200,29208576,True,
99947311-0ca6-4c66-85fc-a55f99fed6e6,01acefc3-f3b3-4fb7-9ae4-3ed4a78bd0b8,2026-08-12T17:25:06.259767+00:00,controlled_windows_x86_64_two_cpu,NATIVE_SOFTWARE,x86_64,"AMD64 Family 23 Model 96 Stepping 1, AuthenticAMD",12,7598,Windows-11-10.0.26200-SP0,N/A (prebuilt Python extension wheel),N/A,N/A (prebuilt wheel),pqcrypto,0.4.0,ML-KEM-512,encapsulation,12,170700,29278208,True,
99947311-0ca6-4c66-85fc-a55f99fed6e6,01acefc3-f3b3-4fb7-9ae4-3ed4a78bd0b8,2026-08-12T17:25:06.260081+00:00,controlled_windows_x86_64_two_cpu,NATIVE_SOFTWARE,x86_64,"AMD64 Family 23 Model 96 Stepping 1, AuthenticAMD",12,7598,Windows-11-10.0.26200-SP0,N/A (prebuilt Python extension wheel),N/A,N/A (prebuilt wheel),pqcrypto,0.4.0,ML-KEM-512,decapsulation,12,47400,29286400,True,
99947311-0ca6-4c66-85fc-a55f99fed6e6,01acefc3-f3b3-4fb7-9ae4-3ed4a78bd0b8,2026-08-12T17:25:06.260212+00:00,controlled_windows_x86_64_two_cpu,NATIVE_SOFTWARE,x86_64,"AMD64 Family 23 Model 96 Stepping 1, AuthenticAMD",12,7598,Windows-11-10.0.26200-SP0,N/A (prebuilt Python extension wheel),N/A,N/A (prebuilt wheel),pqcrypto,0.4.0,ML-KEM-512,keygen,13,201300,29294592,True,
99947311-0ca6-4c66-85fc-a55f99fed6e6,01acefc3-f3b3-4fb7-9ae4-3ed4a78bd0b8,2026-08-12T17:25:06.260669+00:00,controlled_windows_x86_64_two_cpu,NATIVE_SOFTWARE,x86_64,"AMD64 Family 23 Model 96 Stepping 1, AuthenticAMD",12,7598,Windows-11-10.0.26200-SP0,N/A (prebuilt Python extension wheel),N/A,N/A (prebuilt wheel),pqcrypto,0.4.0,ML-KEM-512,encapsulation,13,153200,29302784,True,
99947311-0ca6-4c66-85fc-a55f99fed6e6,01acefc3-f3b3-4fb7-9ae4-3ed4a78bd0b8,2026-08-12T17:25:06.260919+00:00,controlled_windows_x86_64_two_cpu,NATIVE_SOFTWARE,x86_64,"AMD64 Family 23 Model 96 Stepping 1, AuthenticAMD",12,7598,Windows-11-10.0.26200-SP0,N/A (prebuilt Python extension wheel),N/A,N/A (prebuilt wheel),pqcrypto,0.4.0,ML-KEM-512,decapsulation,13,53500,29343744,True,
99947311-0ca6-4c66-85fc-a55f99fed6e6,01acefc3-f3b3-4fb7-9ae4-3ed4a78bd0b8,2026-08-12T17:25:06.261069+00:00,controlled_windows_x86_64_two_cpu,NATIVE_SOFTWARE,x86_64,"AMD64 Family 23 Model 96 Stepping 1, AuthenticAMD",12,7598,Windows-11-10.0.26200-SP0,N/A (prebuilt Python extension wheel),N/A,N/A (prebuilt wheel),pqcrypto,0.4.0,ML-KEM-512,keygen,14,158500,29351936,True,
99947311-0ca6-4c66-85fc-a55f99fed6e6,01acefc3-f3b3-4fb7-9ae4-3ed4a78bd0b8,2026-08-12T17:25:06.261499+00:00,controlled_windows_x86_64_two_cpu,NATIVE_SOFTWARE,x86_64,"AMD64 Family 23 Model 96 Stepping 1, AuthenticAMD",12,7598,Windows-11-10.0.26200-SP0,N/A (prebuilt Python extension wheel),N/A,N/A (prebuilt wheel),pqcrypto,0.4.0,ML-KEM-512,encapsulation,14,152600,29360128,True,
99947311-0ca6-4c66-85fc-a55f99fed6e6,01acefc3-f3b3-4fb7-9ae4-3ed4a78bd0b8,2026-08-12T17:25:06.261751+00:00,controlled_windows_x86_64_two_cpu,NATIVE_SOFTWARE,x86_64,"AMD64 Family 23 Model 96 Stepping 1, AuthenticAMD",12,7598,Windows-11-10.0.26200-SP0,N/A (prebuilt Python extension wheel),N/A,N/A (prebuilt wheel),pqcrypto,0.4.0,ML-KEM-512,decapsulation,14,48700,29376512,True,
99947311-0ca6-4c66-85fc-a55f99fed6e6,01acefc3-f3b3-4fb7-9ae4-3ed4a78bd0b8,2026-08-12T17:25:06.261886+00:00,controlled_windows_x86_64_two_cpu,NATIVE_SOFTWARE,x86_64,"AMD64 Family 23 Model 96 Stepping 1, AuthenticAMD",12,7598,Windows-11-10.0.26200-SP0,N/A (prebuilt Python extension wheel),N/A,N/A (prebuilt wheel),pqcrypto,0.4.0,ML-KEM-512,keygen,15,166900,29392896,True,
99947311-0ca6-4c66-85fc-a55f99fed6e6,01acefc3-f3b3-4fb7-9ae4-3ed4a78bd0b8,2026-08-12T17:25:06.262354+00:00,controlled_windows_x86_64_two_cpu,NATIVE_SOFTWARE,x86_64,"AMD64 Family 23 Model 96 Stepping 1, AuthenticAMD",12,7598,Windows-11-10.0.26200-SP0,N/A (prebuilt Python extension wheel),N/A,N/A (prebuilt wheel),pqcrypto,0.4.0,ML-KEM-512,encapsulation,15,253900,29396992,True,
99947311-0ca6-4c66-85fc-a55f99fed6e6,01acefc3-f3b3-4fb7-9ae4-3ed4a78bd0b8,2026-08-12T17:25:06.262827+00:00,controlled_windows_x86_64_two_cpu,NATIVE_SOFTWARE,x86_64,"AMD64 Family 23 Model 96 Stepping 1, AuthenticAMD",12,7598,Windows-11-10.0.26200-SP0,N/A (prebuilt Python extension wheel),N/A,N/A (prebuilt wheel),pqcrypto,0.4.0,ML-KEM-512,decapsulation,15,67200,29442048,True,
99947311-0ca6-4c66-85fc-a55f99fed6e6,01acefc3-f3b3-4fb7-9ae4-3ed4a78bd0b8,2026-08-12T17:25:06.263048+00:00,controlled_windows_x86_64_two_cpu,NATIVE_SOFTWARE,x86_64,"AMD64 Family 23 Model 96 Stepping 1, AuthenticAMD",12,7598,Windows-11-10.0.26200-SP0,N/A (prebuilt Python extension wheel),N/A,N/A (prebuilt wheel),pqcrypto,0.4.0,ML-KEM-512,keygen,16,272900,29446144,True,
99947311-0ca6-4c66-85fc-a55f99fed6e6,01acefc3-f3b3-4fb7-9ae4-3ed4a78bd0b8,2026-08-12T17:25:06.263591+00:00,controlled_windows_x86_64_two_cpu,NATIVE_SOFTWARE,x86_64,"AMD64 Family 23 Model 96 Stepping 1, AuthenticAMD",12,7598,Windows-11-10.0.26200-SP0,N/A (prebuilt Python extension wheel),N/A,N/A (prebuilt wheel),pqcrypto,0.4.0,ML-KEM-512,encapsulation,16,161700,29458432,True,
99947311-0ca6-4c66-85fc-a55f99fed6e6,01acefc3-f3b3-4fb7-9ae4-3ed4a78bd0b8,2026-08-12T17:25:06.263854+00:00,controlled_windows_x86_64_two_cpu,NATIVE_SOFTWARE,x86_64,"AMD64 Family 23 Model 96 Stepping 1, AuthenticAMD",12,7598,Windows-11-10.0.26200-SP0,N/A (prebuilt Python extension wheel),N/A,N/A (prebuilt wheel),pqcrypto,0.4.0,ML-KEM-512,decapsulation,16,46900,29462528,True,
99947311-0ca6-4c66-85fc-a55f99fed6e6,01acefc3-f3b3-4fb7-9ae4-3ed4a78bd0b8,2026-08-12T17:25:06.264272+00:00,controlled_windows_x86_64_two_cpu,NATIVE_SOFTWARE,x86_64,"AMD64 Family 23 Model 96 Stepping 1, AuthenticAMD",12,7598,Windows-11-10.0.26200-SP0,N/A (prebuilt Python extension wheel),N/A,N/A (prebuilt wheel),pqcrypto,0.4.0,ML-KEM-512,keygen,17,164200,29462528,True,
99947311-0ca6-4c66-85fc-a55f99fed6e6,01acefc3-f3b3-4fb7-9ae4-3ed4a78bd0b8,2026-08-12T17:25:06.264689+00:00,controlled_windows_x86_64_two_cpu,NATIVE_SOFTWARE,x86_64,"AMD64 Family 23 Model 96 Stepping 1, AuthenticAMD",12,7598,Windows-11-10.0.26200-SP0,N/A (prebuilt Python extension wheel),N/A,N/A (prebuilt wheel),pqcrypto,0.4.0,ML-KEM-512,encapsulation,17,153300,29462528,True,
99947311-0ca6-4c66-85fc-a55f99fed6e6,01acefc3-f3b3-4fb7-9ae4-3ed4a78bd0b8,2026-08-12T17:25:06.264935+00:00,controlled_windows_x86_64_two_cpu,NATIVE_SOFTWARE,x86_64,"AMD64 Family 23 Model 96 Stepping 1, AuthenticAMD",12,7598,Windows-11-10.0.26200-SP0,N/A (prebuilt Python extension wheel),N/A,N/A (prebuilt wheel),pqcrypto,0.4.0,ML-KEM-512,decapsulation,17,50200,29462528,True,
99947311-0ca6-4c66-85fc-a55f99fed6e6,01acefc3-f3b3-4fb7-9ae4-3ed4a78bd0b8,2026-08-12T17:25:06.265063+00:00,controlled_windows_x86_64_two_cpu,NATIVE_SOFTWARE,x86_64,"AMD64 Family 23 Model 96 Stepping 1, AuthenticAMD",12,7598,Windows-11-10.0.26200-SP0,N/A (prebuilt Python extension wheel),N/A,N/A (prebuilt wheel),pqcrypto,0.4.0,ML-KEM-512,keygen,18,156200,29462528,True,
99947311-0ca6-4c66-85fc-a55f99fed6e6,01acefc3-f3b3-4fb7-9ae4-3ed4a78bd0b8,2026-08-12T17:25:06.265476+00:00,controlled_windows_x86_64_two_cpu,NATIVE_SOFTWARE,x86_64,"AMD64 Family 23 Model 96 Stepping 1, AuthenticAMD",12,7598,Windows-11-10.0.26200-SP0,N/A (prebuilt Python extension wheel),N/A,N/A (prebuilt wheel),pqcrypto,0.4.0,ML-KEM-512,encapsulation,18,156300,29462528,True,
99947311-0ca6-4c66-85fc-a55f99fed6e6,01acefc3-f3b3-4fb7-9ae4-3ed4a78bd0b8,2026-08-12T17:25:06.265729+00:00,controlled_windows_x86_64_two_cpu,NATIVE_SOFTWARE,x86_64,"AMD64 Family 23 Model 96 Stepping 1, AuthenticAMD",12,7598,Windows-11-10.0.26200-SP0,N/A (prebuilt Python extension wheel),N/A,N/A (prebuilt wheel),pqcrypto,0.4.0,ML-KEM-512,decapsulation,18,46200,29462528,True,
99947311-0ca6-4c66-85fc-a55f99fed6e6,01acefc3-f3b3-4fb7-9ae4-3ed4a78bd0b8,2026-08-12T17:25:06.265854+00:00,controlled_windows_x86_64_two_cpu,NATIVE_SOFTWARE,x86_64,"AMD64 Family 23 Model 96 Stepping 1, AuthenticAMD",12,7598,Windows-11-10.0.26200-SP0,N/A (prebuilt Python extension wheel),N/A,N/A (prebuilt wheel),pqcrypto,0.4.0,ML-KEM-512,keygen,19,155300,29462528,True,
99947311-0ca6-4c66-85fc-a55f99fed6e6,01acefc3-f3b3-4fb7-9ae4-3ed4a78bd0b8,2026-08-12T17:25:06.266262+00:00,controlled_windows_x86_64_two_cpu,NATIVE_SOFTWARE,x86_64,"AMD64 Family 23 Model 96 Stepping 1, AuthenticAMD",12,7598,Windows-11-10.0.26200-SP0,N/A (prebuilt Python extension wheel),N/A,N/A (prebuilt wheel),pqcrypto,0.4.0,ML-KEM-512,encapsulation,19,195700,29462528,True,
99947311-0ca6-4c66-85fc-a55f99fed6e6,01acefc3-f3b3-4fb7-9ae4-3ed4a78bd0b8,2026-08-12T17:25:06.266562+00:00,controlled_windows_x86_64_two_cpu,NATIVE_SOFTWARE,x86_64,"AMD64 Family 23 Model 96 Stepping 1, AuthenticAMD",12,7598,Windows-11-10.0.26200-SP0,N/A (prebuilt Python extension wheel),N/A,N/A (prebuilt wheel),pqcrypto,0.4.0,ML-KEM-512,decapsulation,19,50000,29462528,True,
99947311-0ca6-4c66-85fc-a55f99fed6e6,01acefc3-f3b3-4fb7-9ae4-3ed4a78bd0b8,2026-08-12T17:25:06.266693+00:00,controlled_windows_x86_64_two_cpu,NATIVE_SOFTWARE,x86_64,"AMD64 Family 23 Model 96 Stepping 1, AuthenticAMD",12,7598,Windows-11-10.0.26200-SP0,N/A (prebuilt Python extension wheel),N/A,N/A (prebuilt wheel),pqcrypto,0.4.0,ML-KEM-512,keygen,20,173900,29462528,True,
99947311-0ca6-4c66-85fc-a55f99fed6e6,01acefc3-f3b3-4fb7-9ae4-3ed4a78bd0b8,2026-08-12T17:25:06.267120+00:00,controlled_windows_x86_64_two_cpu,NATIVE_SOFTWARE,x86_64,"AMD64 Family 23 Model 96 Stepping 1, AuthenticAMD",12,7598,Windows-11-10.0.26200-SP0,N/A (prebuilt Python extension wheel),N/A,N/A (prebuilt wheel),pqcrypto,0.4.0,ML-KEM-512,encapsulation,20,185200,29487104,True,
99947311-0ca6-4c66-85fc-a55f99fed6e6,01acefc3-f3b3-4fb7-9ae4-3ed4a78bd0b8,2026-08-12T17:25:06.267408+00:00,controlled_windows_x86_64_two_cpu,NATIVE_SOFTWARE,x86_64,"AMD64 Family 23 Model 96 Stepping 1, AuthenticAMD",12,7598,Windows-11-10.0.26200-SP0,N/A (prebuilt Python extension wheel),N/A,N/A (prebuilt wheel),pqcrypto,0.4.0,ML-KEM-512,decapsulation,20,47300,29487104,True,
99947311-0ca6-4c66-85fc-a55f99fed6e6,01acefc3-f3b3-4fb7-9ae4-3ed4a78bd0b8,2026-08-12T17:25:06.267533+00:00,controlled_windows_x86_64_two_cpu,NATIVE_SOFTWARE,x86_64,"AMD64 Family 23 Model 96 Stepping 1, AuthenticAMD",12,7598,Windows-11-10.0.26200-SP0,N/A (prebuilt Python extension wheel),N/A,N/A (prebuilt wheel),pqcrypto,0.4.0,ML-KEM-512,keygen,21,157900,29487104,True,
99947311-0ca6-4c66-85fc-a55f99fed6e6,01acefc3-f3b3-4fb7-9ae4-3ed4a78bd0b8,2026-08-12T17:25:06.267956+00:00,controlled_windows_x86_64_two_cpu,NATIVE_SOFTWARE,x86_64,"AMD64 Family 23 Model 96 Stepping 1, AuthenticAMD",12,7598,Windows-11-10.0.26200-SP0,N/A (prebuilt Python extension wheel),N/A,N/A (prebuilt wheel),pqcrypto,0.4.0,ML-KEM-512,encapsulation,21,169000,29487104,True,
99947311-0ca6-4c66-85fc-a55f99fed6e6,01acefc3-f3b3-4fb7-9ae4-3ed4a78bd0b8,2026-08-12T17:25:06.268220+00:00,controlled_windows_x86_64_two_cpu,NATIVE_SOFTWARE,x86_64,"AMD64 Family 23 Model 96 Stepping 1, AuthenticAMD",12,7598,Windows-11-10.0.26200-SP0,N/A (prebuilt Python extension wheel),N/A,N/A (prebuilt wheel),pqcrypto,0.4.0,ML-KEM-512,decapsulation,21,60200,29487104,True,
99947311-0ca6-4c66-85fc-a55f99fed6e6,01acefc3-f3b3-4fb7-9ae4-3ed4a78bd0b8,2026-08-12T17:25:06.268362+00:00,controlled_windows_x86_64_two_cpu,NATIVE_SOFTWARE,x86_64,"AMD64 Family 23 Model 96 Stepping 1, AuthenticAMD",12,7598,Windows-11-10.0.26200-SP0,N/A (prebuilt Python extension wheel),N/A,N/A (prebuilt wheel),pqcrypto,0.4.0,ML-KEM-512,keygen,22,157300,29491200,True,
99947311-0ca6-4c66-85fc-a55f99fed6e6,01acefc3-f3b3-4fb7-9ae4-3ed4a78bd0b8,2026-08-12T17:25:06.268777+00:00,controlled_windows_x86_64_two_cpu,NATIVE_SOFTWARE,x86_64,"AMD64 Family 23 Model 96 Stepping 1, AuthenticAMD",12,7598,Windows-11-10.0.26200-SP0,N/A (prebuilt Python extension wheel),N/A,N/A (prebuilt wheel),pqcrypto,0.4.0,ML-KEM-512,encapsulation,22,154000,29491200,True,
99947311-0ca6-4c66-85fc-a55f99fed6e6,01acefc3-f3b3-4fb7-9ae4-3ed4a78bd0b8,2026-08-12T17:25:06.269041+00:00,controlled_windows_x86_64_two_cpu,NATIVE_SOFTWARE,x86_64,"AMD64 Family 23 Model 96 Stepping 1, AuthenticAMD",12,7598,Windows-11-10.0.26200-SP0,N/A (prebuilt Python extension wheel),N/A,N/A (prebuilt wheel),pqcrypto,0.4.0,ML-KEM-512,decapsulation,22,46600,29495296,True,
99947311-0ca6-4c66-85fc-a55f99fed6e6,01acefc3-f3b3-4fb7-9ae4-3ed4a78bd0b8,2026-08-12T17:25:06.269171+00:00,controlled_windows_x86_64_two_cpu,NATIVE_SOFTWARE,x86_64,"AMD64 Family 23 Model 96 Stepping 1, AuthenticAMD",12,7598,Windows-11-10.0.26200-SP0,N/A (prebuilt Python extension wheel),N/A,N/A (prebuilt wheel),pqcrypto,0.4.0,ML-KEM-512,keygen,23,238400,29495296,True,
99947311-0ca6-4c66-85fc-a55f99fed6e6,01acefc3-f3b3-4fb7-9ae4-3ed4a78bd0b8,2026-08-12T17:25:06.269764+00:00,controlled_windows_x86_64_two_cpu,NATIVE_SOFTWARE,x86_64,"AMD64 Family 23 Model 96 Stepping 1, AuthenticAMD",12,7598,Windows-11-10.0.26200-SP0,N/A (prebuilt Python extension wheel),N/A,N/A (prebuilt wheel),pqcrypto,0.4.0,ML-KEM-512,encapsulation,23,202100,29495296,True,
99947311-0ca6-4c66-85fc-a55f99fed6e6,01acefc3-f3b3-4fb7-9ae4-3ed4a78bd0b8,2026-08-12T17:25:06.270088+00:00,controlled_windows_x86_64_two_cpu,NATIVE_SOFTWARE,x86_64,"AMD64 Family 23 Model 96 Stepping 1, AuthenticAMD",12,7598,Windows-11-10.0.26200-SP0,N/A (prebuilt Python extension wheel),N/A,N/A (prebuilt wheel),pqcrypto,0.4.0,ML-KEM-512,decapsulation,23,73100,29495296,True,
99947311-0ca6-4c66-85fc-a55f99fed6e6,01acefc3-f3b3-4fb7-9ae4-3ed4a78bd0b8,2026-08-12T17:25:06.270283+00:00,controlled_windows_x86_64_two_cpu,NATIVE_SOFTWARE,x86_64,"AMD64 Family 23 Model 96 Stepping 1, AuthenticAMD",12,7598,Windows-11-10.0.26200-SP0,N/A (prebuilt Python extension wheel),N/A,N/A (prebuilt wheel),pqcrypto,0.4.0,ML-KEM-512,keygen,24,169600,29495296,True,
99947311-0ca6-4c66-85fc-a55f99fed6e6,01acefc3-f3b3-4fb7-9ae4-3ed4a78bd0b8,2026-08-12T17:25:06.270708+00:00,controlled_windows_x86_64_two_cpu,NATIVE_SOFTWARE,x86_64,"AMD64 Family 23 Model 96 Stepping 1, AuthenticAMD",12,7598,Windows-11-10.0.26200-SP0,N/A (prebuilt Python extension wheel),N/A,N/A (prebuilt wheel),pqcrypto,0.4.0,ML-KEM-512,encapsulation,24,150400,29495296,True,
99947311-0ca6-4c66-85fc-a55f99fed6e6,01acefc3-f3b3-4fb7-9ae4-3ed4a78bd0b8,2026-08-12T17:25:06.270950+00:00,controlled_windows_x86_64_two_cpu,NATIVE_SOFTWARE,x86_64,"AMD64 Family 23 Model 96 Stepping 1, AuthenticAMD",12,7598,Windows-11-10.0.26200-SP0,N/A (prebuilt Python extension wheel),N/A,N/A (prebuilt wheel),pqcrypto,0.4.0,ML-KEM-512,decapsulation,24,50300,29499392,True,
99947311-0ca6-4c66-85fc-a55f99fed6e6,01acefc3-f3b3-4fb7-9ae4-3ed4a78bd0b8,2026-08-12T17:25:06.271088+00:00,controlled_windows_x86_64_two_cpu,NATIVE_SOFTWARE,x86_64,"AMD64 Family 23 Model 96 Stepping 1, AuthenticAMD",12,7598,Windows-11-10.0.26200-SP0,N/A (prebuilt Python extension wheel),N/A,N/A (prebuilt wheel),pqcrypto,0.4.0,ML-KEM-512,keygen,25,175600,29503488,True,
99947311-0ca6-4c66-85fc-a55f99fed6e6,01acefc3-f3b3-4fb7-9ae4-3ed4a78bd0b8,2026-08-12T17:25:06.271518+00:00,controlled_windows_x86_64_two_cpu,NATIVE_SOFTWARE,x86_64,"AMD64 Family 23 Model 96 Stepping 1, AuthenticAMD",12,7598,Windows-11-10.0.26200-SP0,N/A (prebuilt Python extension wheel),N/A,N/A (prebuilt wheel),pqcrypto,0.4.0,ML-KEM-512,encapsulation,25,174400,29503488,True,
99947311-0ca6-4c66-85fc-a55f99fed6e6,01acefc3-f3b3-4fb7-9ae4-3ed4a78bd0b8,2026-08-12T17:25:06.271785+00:00,controlled_windows_x86_64_two_cpu,NATIVE_SOFTWARE,x86_64,"AMD64 Family 23 Model 96 Stepping 1, AuthenticAMD",12,7598,Windows-11-10.0.26200-SP0,N/A (prebuilt Python extension wheel),N/A,N/A (prebuilt wheel),pqcrypto,0.4.0,ML-KEM-512,decapsulation,25,46800,29503488,True,
99947311-0ca6-4c66-85fc-a55f99fed6e6,01acefc3-f3b3-4fb7-9ae4-3ed4a78bd0b8,2026-08-12T17:25:06.271910+00:00,controlled_windows_x86_64_two_cpu,NATIVE_SOFTWARE,x86_64,"AMD64 Family 23 Model 96 Stepping 1, AuthenticAMD",12,7598,Windows-11-10.0.26200-SP0,N/A (prebuilt Python extension wheel),N/A,N/A (prebuilt wheel),pqcrypto,0.4.0,ML-KEM-512,keygen,26,156400,29634560,True,
99947311-0ca6-4c66-85fc-a55f99fed6e6,01acefc3-f3b3-4fb7-9ae4-3ed4a78bd0b8,2026-08-12T17:25:06.272401+00:00,controlled_windows_x86_64_two_cpu,NATIVE_SOFTWARE,x86_64,"AMD64 Family 23 Model 96 Stepping 1, AuthenticAMD",12,7598,Windows-11-10.0.26200-SP0,N/A (prebuilt Python extension wheel),N/A,N/A (prebuilt wheel),pqcrypto,0.4.0,ML-KEM-512,encapsulation,26,150900,29646848,True,
99947311-0ca6-4c66-85fc-a55f99fed6e6,01acefc3-f3b3-4fb7-9ae4-3ed4a78bd0b8,2026-08-12T17:25:06.272653+00:00,controlled_windows_x86_64_two_cpu,NATIVE_SOFTWARE,x86_64,"AMD64 Family 23 Model 96 Stepping 1, AuthenticAMD",12,7598,Windows-11-10.0.26200-SP0,N/A (prebuilt Python extension wheel),N/A,N/A (prebuilt wheel),pqcrypto,0.4.0,ML-KEM-512,decapsulation,26,46500,29655040,True,
99947311-0ca6-4c66-85fc-a55f99fed6e6,01acefc3-f3b3-4fb7-9ae4-3ed4a78bd0b8,2026-08-12T17:25:06.272783+00:00,controlled_windows_x86_64_two_cpu,NATIVE_SOFTWARE,x86_64,"AMD64 Family 23 Model 96 Stepping 1, AuthenticAMD",12,7598,Windows-11-10.0.26200-SP0,N/A (prebuilt Python extension wheel),N/A,N/A (prebuilt wheel),pqcrypto,0.4.0,ML-KEM-512,keygen,27,156500,29663232,True,
99947311-0ca6-4c66-85fc-a55f99fed6e6,01acefc3-f3b3-4fb7-9ae4-3ed4a78bd0b8,2026-08-12T17:25:06.273188+00:00,controlled_windows_x86_64_two_cpu,NATIVE_SOFTWARE,x86_64,"AMD64 Family 23 Model 96 Stepping 1, AuthenticAMD",12,7598,Windows-11-10.0.26200-SP0,N/A (prebuilt Python extension wheel),N/A,N/A (prebuilt wheel),pqcrypto,0.4.0,ML-KEM-512,encapsulation,27,216500,29667328,True,
99947311-0ca6-4c66-85fc-a55f99fed6e6,01acefc3-f3b3-4fb7-9ae4-3ed4a78bd0b8,2026-08-12T17:25:06.273571+00:00,controlled_windows_x86_64_two_cpu,NATIVE_SOFTWARE,x86_64,"AMD64 Family 23 Model 96 Stepping 1, AuthenticAMD",12,7598,Windows-11-10.0.26200-SP0,N/A (prebuilt Python extension wheel),N/A,N/A (prebuilt wheel),pqcrypto,0.4.0,ML-KEM-512,decapsulation,27,63300,29675520,True,
99947311-0ca6-4c66-85fc-a55f99fed6e6,01acefc3-f3b3-4fb7-9ae4-3ed4a78bd0b8,2026-08-12T17:25:06.273755+00:00,controlled_windows_x86_64_two_cpu,NATIVE_SOFTWARE,x86_64,"AMD64 Family 23 Model 96 Stepping 1, AuthenticAMD",12,7598,Windows-11-10.0.26200-SP0,N/A (prebuilt Python extension wheel),N/A,N/A (prebuilt wheel),pqcrypto,0.4.0,ML-KEM-512,keygen,28,203700,29716480,True,
99947311-0ca6-4c66-85fc-a55f99fed6e6,01acefc3-f3b3-4fb7-9ae4-3ed4a78bd0b8,2026-08-12T17:25:06.274234+00:00,controlled_windows_x86_64_two_cpu,NATIVE_SOFTWARE,x86_64,"AMD64 Family 23 Model 96 Stepping 1, AuthenticAMD",12,7598,Windows-11-10.0.26200-SP0,N/A (prebuilt Python extension wheel),N/A,N/A (prebuilt wheel),pqcrypto,0.4.0,ML-KEM-512,encapsulation,28,156600,29724672,True,
99947311-0ca6-4c66-85fc-a55f99fed6e6,01acefc3-f3b3-4fb7-9ae4-3ed4a78bd0b8,2026-08-12T17:25:06.274512+00:00,controlled_windows_x86_64_two_cpu,NATIVE_SOFTWARE,x86_64,"AMD64 Family 23 Model 96 Stepping 1, AuthenticAMD",12,7598,Windows-11-10.0.26200-SP0,N/A (prebuilt Python extension wheel),N/A,N/A (prebuilt wheel),pqcrypto,0.4.0,ML-KEM-512,decapsulation,28,46400,29728768,True,
99947311-0ca6-4c66-85fc-a55f99fed6e6,01acefc3-f3b3-4fb7-9ae4-3ed4a78bd0b8,2026-08-12T17:25:06.274985+00:00,controlled_windows_x86_64_two_cpu,NATIVE_SOFTWARE,x86_64,"AMD64 Family 23 Model 96 Stepping 1, AuthenticAMD",12,7598,Windows-11-10.0.26200-SP0,N/A (prebuilt Python extension wheel),N/A,N/A (prebuilt wheel),pqcrypto,0.4.0,ML-KEM-512,keygen,29,173000,29728768,True,
99947311-0ca6-4c66-85fc-a55f99fed6e6,01acefc3-f3b3-4fb7-9ae4-3ed4a78bd0b8,2026-08-12T17:25:06.275458+00:00,controlled_windows_x86_64_two_cpu,NATIVE_SOFTWARE,x86_64,"AMD64 Family 23 Model 96 Stepping 1, AuthenticAMD",12,7598,Windows-11-10.0.26200-SP0,N/A (prebuilt Python extension wheel),N/A,N/A (prebuilt wheel),pqcrypto,0.4.0,ML-KEM-512,encapsulation,29,166200,29728768,True,
99947311-0ca6-4c66-85fc-a55f99fed6e6,01acefc3-f3b3-4fb7-9ae4-3ed4a78bd0b8,2026-08-12T17:25:06.275773+00:00,controlled_windows_x86_64_two_cpu,NATIVE_SOFTWARE,x86_64,"AMD64 Family 23 Model 96 Stepping 1, AuthenticAMD",12,7598,Windows-11-10.0.26200-SP0,N/A (prebuilt Python extension wheel),N/A,N/A (prebuilt wheel),pqcrypto,0.4.0,ML-KEM-512,decapsulation,29,49100,29728768,True,
99947311-0ca6-4c66-85fc-a55f99fed6e6,01acefc3-f3b3-4fb7-9ae4-3ed4a78bd0b8,2026-08-12T17:25:06.275923+00:00,controlled_windows_x86_64_two_cpu,NATIVE_SOFTWARE,x86_64,"AMD64 Family 23 Model 96 Stepping 1, AuthenticAMD",12,7598,Windows-11-10.0.26200-SP0,N/A (prebuilt Python extension wheel),N/A,N/A (prebuilt wheel),pqcrypto,0.4.0,ML-KEM-512,keygen,30,228100,29728768,True,
99947311-0ca6-4c66-85fc-a55f99fed6e6,01acefc3-f3b3-4fb7-9ae4-3ed4a78bd0b8,2026-08-12T17:25:06.276472+00:00,controlled_windows_x86_64_two_cpu,NATIVE_SOFTWARE,x86_64,"AMD64 Family 23 Model 96 Stepping 1, AuthenticAMD",12,7598,Windows-11-10.0.26200-SP0,N/A (prebuilt Python extension wheel),N/A,N/A (prebuilt wheel),pqcrypto,0.4.0,ML-KEM-512,encapsulation,30,193100,29728768,True,
99947311-0ca6-4c66-85fc-a55f99fed6e6,01acefc3-f3b3-4fb7-9ae4-3ed4a78bd0b8,2026-08-12T17:25:06.276772+00:00,controlled_windows_x86_64_two_cpu,NATIVE_SOFTWARE,x86_64,"AMD64 Family 23 Model 96 Stepping 1, AuthenticAMD",12,7598,Windows-11-10.0.26200-SP0,N/A (prebuilt Python extension wheel),N/A,N/A (prebuilt wheel),pqcrypto,0.4.0,ML-KEM-512,decapsulation,30,47000,29728768,True,
99947311-0ca6-4c66-85fc-a55f99fed6e6,01acefc3-f3b3-4fb7-9ae4-3ed4a78bd0b8,2026-08-12T17:25:06.276901+00:00,controlled_windows_x86_64_two_cpu,NATIVE_SOFTWARE,x86_64,"AMD64 Family 23 Model 96 Stepping 1, AuthenticAMD",12,7598,Windows-11-10.0.26200-SP0,N/A (prebuilt Python extension wheel),N/A,N/A (prebuilt wheel),pqcrypto,0.4.0,ML-KEM-512,keygen,31,167800,29728768,True,
99947311-0ca6-4c66-85fc-a55f99fed6e6,01acefc3-f3b3-4fb7-9ae4-3ed4a78bd0b8,2026-08-12T17:25:06.277373+00:00,controlled_windows_x86_64_two_cpu,NATIVE_SOFTWARE,x86_64,"AMD64 Family 23 Model 96 Stepping 1, AuthenticAMD",12,7598,Windows-11-10.0.26200-SP0,N/A (prebuilt Python extension wheel),N/A,N/A (prebuilt wheel),pqcrypto,0.4.0,ML-KEM-512,encapsulation,31,152800,29728768,True,
99947311-0ca6-4c66-85fc-a55f99fed6e6,01acefc3-f3b3-4fb7-9ae4-3ed4a78bd0b8,2026-08-12T17:25:06.277639+00:00,controlled_windows_x86_64_two_cpu,NATIVE_SOFTWARE,x86_64,"AMD64 Family 23 Model 96 Stepping 1, AuthenticAMD",12,7598,Windows-11-10.0.26200-SP0,N/A (prebuilt Python extension wheel),N/A,N/A (prebuilt wheel),pqcrypto,0.4.0,ML-KEM-512,decapsulation,31,64300,29728768,True,
99947311-0ca6-4c66-85fc-a55f99fed6e6,01acefc3-f3b3-4fb7-9ae4-3ed4a78bd0b8,2026-08-12T17:25:06.278028+00:00,controlled_windows_x86_64_two_cpu,NATIVE_SOFTWARE,x86_64,"AMD64 Family 23 Model 96 Stepping 1, AuthenticAMD",12,7598,Windows-11-10.0.26200-SP0,N/A (prebuilt Python extension wheel),N/A,N/A (prebuilt wheel),pqcrypto,0.4.0,ML-KEM-512,keygen,32,274000,29732864,True,
99947311-0ca6-4c66-85fc-a55f99fed6e6,01acefc3-f3b3-4fb7-9ae4-3ed4a78bd0b8,2026-08-12T17:25:06.278655+00:00,controlled_windows_x86_64_two_cpu,NATIVE_SOFTWARE,x86_64,"AMD64 Family 23 Model 96 Stepping 1, AuthenticAMD",12,7598,Windows-11-10.0.26200-SP0,N/A (prebuilt Python extension wheel),N/A,N/A (prebuilt wheel),pqcrypto,0.4.0,ML-KEM-512,encapsulation,32,195500,29732864,True,
99947311-0ca6-4c66-85fc-a55f99fed6e6,01acefc3-f3b3-4fb7-9ae4-3ed4a78bd0b8,2026-08-12T17:25:06.278971+00:00,controlled_windows_x86_64_two_cpu,NATIVE_SOFTWARE,x86_64,"AMD64 Family 23 Model 96 Stepping 1, AuthenticAMD",12,7598,Windows-11-10.0.26200-SP0,N/A (prebuilt Python extension wheel),N/A,N/A (prebuilt wheel),pqcrypto,0.4.0,ML-KEM-512,decapsulation,32,63100,29732864,True,
99947311-0ca6-4c66-85fc-a55f99fed6e6,01acefc3-f3b3-4fb7-9ae4-3ed4a78bd0b8,2026-08-12T17:25:06.279140+00:00,controlled_windows_x86_64_two_cpu,NATIVE_SOFTWARE,x86_64,"AMD64 Family 23 Model 96 Stepping 1, AuthenticAMD",12,7598,Windows-11-10.0.26200-SP0,N/A (prebuilt Python extension wheel),N/A,N/A (prebuilt wheel),pqcrypto,0.4.0,ML-KEM-512,keygen,33,237800,29732864,True,
99947311-0ca6-4c66-85fc-a55f99fed6e6,01acefc3-f3b3-4fb7-9ae4-3ed4a78bd0b8,2026-08-12T17:25:06.279697+00:00,controlled_windows_x86_64_two_cpu,NATIVE_SOFTWARE,x86_64,"AMD64 Family 23 Model 96 Stepping 1, AuthenticAMD",12,7598,Windows-11-10.0.26200-SP0,N/A (prebuilt Python extension wheel),N/A,N/A (prebuilt wheel),pqcrypto,0.4.0,ML-KEM-512,encapsulation,33,193600,29732864,True,
99947311-0ca6-4c66-85fc-a55f99fed6e6,01acefc3-f3b3-4fb7-9ae4-3ed4a78bd0b8,2026-08-12T17:25:06.280010+00:00,controlled_windows_x86_64_two_cpu,NATIVE_SOFTWARE,x86_64,"AMD64 Family 23 Model 96 Stepping 1, AuthenticAMD",12,7598,Windows-11-10.0.26200-SP0,N/A (prebuilt Python extension wheel),N/A,N/A (prebuilt wheel),pqcrypto,0.4.0,ML-KEM-512,decapsulation,33,58500,29732864,True,
99947311-0ca6-4c66-85fc-a55f99fed6e6,01acefc3-f3b3-4fb7-9ae4-3ed4a78bd0b8,2026-08-12T17:25:06.280173+00:00,controlled_windows_x86_64_two_cpu,NATIVE_SOFTWARE,x86_64,"AMD64 Family 23 Model 96 Stepping 1, AuthenticAMD",12,7598,Windows-11-10.0.26200-SP0,N/A (prebuilt Python extension wheel),N/A,N/A (prebuilt wheel),pqcrypto,0.4.0,ML-KEM-512,keygen,34,235300,29732864,True,
99947311-0ca6-4c66-85fc-a55f99fed6e6,01acefc3-f3b3-4fb7-9ae4-3ed4a78bd0b8,2026-08-12T17:25:06.280688+00:00,controlled_windows_x86_64_two_cpu,NATIVE_SOFTWARE,x86_64,"AMD64 Family 23 Model 96 Stepping 1, AuthenticAMD",12,7598,Windows-11-10.0.26200-SP0,N/A (prebuilt Python extension wheel),N/A,N/A (prebuilt wheel),pqcrypto,0.4.0,ML-KEM-512,encapsulation,34,156400,29732864,True,
99947311-0ca6-4c66-85fc-a55f99fed6e6,01acefc3-f3b3-4fb7-9ae4-3ed4a78bd0b8,2026-08-12T17:25:06.280943+00:00,controlled_windows_x86_64_two_cpu,NATIVE_SOFTWARE,x86_64,"AMD64 Family 23 Model 96 Stepping 1, AuthenticAMD",12,7598,Windows-11-10.0.26200-SP0,N/A (prebuilt Python extension wheel),N/A,N/A (prebuilt wheel),pqcrypto,0.4.0,ML-KEM-512,decapsulation,34,46500,29732864,True,
99947311-0ca6-4c66-85fc-a55f99fed6e6,01acefc3-f3b3-4fb7-9ae4-3ed4a78bd0b8,2026-08-12T17:25:06.281075+00:00,controlled_windows_x86_64_two_cpu,NATIVE_SOFTWARE,x86_64,"AMD64 Family 23 Model 96 Stepping 1, AuthenticAMD",12,7598,Windows-11-10.0.26200-SP0,N/A (prebuilt Python extension wheel),N/A,N/A (prebuilt wheel),pqcrypto,0.4.0,ML-KEM-512,keygen,35,177500,29732864,True,
99947311-0ca6-4c66-85fc-a55f99fed6e6,01acefc3-f3b3-4fb7-9ae4-3ed4a78bd0b8,2026-08-12T17:25:06.281497+00:00,controlled_windows_x86_64_two_cpu,NATIVE_SOFTWARE,x86_64,"AMD64 Family 23 Model 96 Stepping 1, AuthenticAMD",12,7598,Windows-11-10.0.26200-SP0,N/A (prebuilt Python extension wheel),N/A,N/A (prebuilt wheel),pqcrypto,0.4.0,ML-KEM-512,encapsulation,35,153200,29732864,True,
99947311-0ca6-4c66-85fc-a55f99fed6e6,01acefc3-f3b3-4fb7-9ae4-3ed4a78bd0b8,2026-08-12T17:25:06.281745+00:00,controlled_windows_x86_64_two_cpu,NATIVE_SOFTWARE,x86_64,"AMD64 Family 23 Model 96 Stepping 1, AuthenticAMD",12,7598,Windows-11-10.0.26200-SP0,N/A (prebuilt Python extension wheel),N/A,N/A (prebuilt wheel),pqcrypto,0.4.0,ML-KEM-512,decapsulation,35,46500,29736960,True,
99947311-0ca6-4c66-85fc-a55f99fed6e6,01acefc3-f3b3-4fb7-9ae4-3ed4a78bd0b8,2026-08-12T17:25:06.281885+00:00,controlled_windows_x86_64_two_cpu,NATIVE_SOFTWARE,x86_64,"AMD64 Family 23 Model 96 Stepping 1, AuthenticAMD",12,7598,Windows-11-10.0.26200-SP0,N/A (prebuilt Python extension wheel),N/A,N/A (prebuilt wheel),pqcrypto,0.4.0,ML-KEM-512,keygen,36,167500,29736960,True,
99947311-0ca6-4c66-85fc-a55f99fed6e6,01acefc3-f3b3-4fb7-9ae4-3ed4a78bd0b8,2026-08-12T17:25:06.282360+00:00,controlled_windows_x86_64_two_cpu,NATIVE_SOFTWARE,x86_64,"AMD64 Family 23 Model 96 Stepping 1, AuthenticAMD",12,7598,Windows-11-10.0.26200-SP0,N/A (prebuilt Python extension wheel),N/A,N/A (prebuilt wheel),pqcrypto,0.4.0,ML-KEM-512,encapsulation,36,156700,29741056,True,
99947311-0ca6-4c66-85fc-a55f99fed6e6,01acefc3-f3b3-4fb7-9ae4-3ed4a78bd0b8,2026-08-12T17:25:06.282642+00:00,controlled_windows_x86_64_two_cpu,NATIVE_SOFTWARE,x86_64,"AMD64 Family 23 Model 96 Stepping 1, AuthenticAMD",12,7598,Windows-11-10.0.26200-SP0,N/A (prebuilt Python extension wheel),N/A,N/A (prebuilt wheel),pqcrypto,0.4.0,ML-KEM-512,decapsulation,36,47600,29745152,True,
99947311-0ca6-4c66-85fc-a55f99fed6e6,01acefc3-f3b3-4fb7-9ae4-3ed4a78bd0b8,2026-08-12T17:25:06.282777+00:00,controlled_windows_x86_64_two_cpu,NATIVE_SOFTWARE,x86_64,"AMD64 Family 23 Model 96 Stepping 1, AuthenticAMD",12,7598,Windows-11-10.0.26200-SP0,N/A (prebuilt Python extension wheel),N/A,N/A (prebuilt wheel),pqcrypto,0.4.0,ML-KEM-512,keygen,37,196000,29745152,True,
99947311-0ca6-4c66-85fc-a55f99fed6e6,01acefc3-f3b3-4fb7-9ae4-3ed4a78bd0b8,2026-08-12T17:25:06.283298+00:00,controlled_windows_x86_64_two_cpu,NATIVE_SOFTWARE,x86_64,"AMD64 Family 23 Model 96 Stepping 1, AuthenticAMD",12,7598,Windows-11-10.0.26200-SP0,N/A (prebuilt Python extension wheel),N/A,N/A (prebuilt wheel),pqcrypto,0.4.0,ML-KEM-512,encapsulation,37,220100,29745152,True,
99947311-0ca6-4c66-85fc-a55f99fed6e6,01acefc3-f3b3-4fb7-9ae4-3ed4a78bd0b8,2026-08-12T17:25:06.283650+00:00,controlled_windows_x86_64_two_cpu,NATIVE_SOFTWARE,x86_64,"AMD64 Family 23 Model 96 Stepping 1, AuthenticAMD",12,7598,Windows-11-10.0.26200-SP0,N/A (prebuilt Python extension wheel),N/A,N/A (prebuilt wheel),pqcrypto,0.4.0,ML-KEM-512,decapsulation,37,47700,29745152,True,
99947311-0ca6-4c66-85fc-a55f99fed6e6,01acefc3-f3b3-4fb7-9ae4-3ed4a78bd0b8,2026-08-12T17:25:06.283780+00:00,controlled_windows_x86_64_two_cpu,NATIVE_SOFTWARE,x86_64,"AMD64 Family 23 Model 96 Stepping 1, AuthenticAMD",12,7598,Windows-11-10.0.26200-SP0,N/A (prebuilt Python extension wheel),N/A,N/A (prebuilt wheel),pqcrypto,0.4.0,ML-KEM-512,keygen,38,161700,29749248,True,
99947311-0ca6-4c66-85fc-a55f99fed6e6,01acefc3-f3b3-4fb7-9ae4-3ed4a78bd0b8,2026-08-12T17:25:06.284229+00:00,controlled_windows_x86_64_two_cpu,NATIVE_SOFTWARE,x86_64,"AMD64 Family 23 Model 96 Stepping 1, AuthenticAMD",12,7598,Windows-11-10.0.26200-SP0,N/A (prebuilt Python extension wheel),N/A,N/A (prebuilt wheel),pqcrypto,0.4.0,ML-KEM-512,encapsulation,38,158200,29749248,True,
99947311-0ca6-4c66-85fc-a55f99fed6e6,01acefc3-f3b3-4fb7-9ae4-3ed4a78bd0b8,2026-08-12T17:25:06.284500+00:00,controlled_windows_x86_64_two_cpu,NATIVE_SOFTWARE,x86_64,"AMD64 Family 23 Model 96 Stepping 1, AuthenticAMD",12,7598,Windows-11-10.0.26200-SP0,N/A (prebuilt Python extension wheel),N/A,N/A (prebuilt wheel),pqcrypto,0.4.0,ML-KEM-512,decapsulation,38,46400,29753344,True,
99947311-0ca6-4c66-85fc-a55f99fed6e6,01acefc3-f3b3-4fb7-9ae4-3ed4a78bd0b8,2026-08-12T17:25:06.284628+00:00,controlled_windows_x86_64_two_cpu,NATIVE_SOFTWARE,x86_64,"AMD64 Family 23 Model 96 Stepping 1, AuthenticAMD",12,7598,Windows-11-10.0.26200-SP0,N/A (prebuilt Python extension wheel),N/A,N/A (prebuilt wheel),pqcrypto,0.4.0,ML-KEM-512,keygen,39,156600,29753344,True,
99947311-0ca6-4c66-85fc-a55f99fed6e6,01acefc3-f3b3-4fb7-9ae4-3ed4a78bd0b8,2026-08-12T17:25:06.285033+00:00,controlled_windows_x86_64_two_cpu,NATIVE_SOFTWARE,x86_64,"AMD64 Family 23 Model 96 Stepping 1, AuthenticAMD",12,7598,Windows-11-10.0.26200-SP0,N/A (prebuilt Python extension wheel),N/A,N/A (prebuilt wheel),pqcrypto,0.4.0,ML-KEM-512,encapsulation,39,161100,29757440,True,
99947311-0ca6-4c66-85fc-a55f99fed6e6,01acefc3-f3b3-4fb7-9ae4-3ed4a78bd0b8,2026-08-12T17:25:06.285314+00:00,controlled_windows_x86_64_two_cpu,NATIVE_SOFTWARE,x86_64,"AMD64 Family 23 Model 96 Stepping 1, AuthenticAMD",12,7598,Windows-11-10.0.26200-SP0,N/A (prebuilt Python extension wheel),N/A,N/A (prebuilt wheel),pqcrypto,0.4.0,ML-KEM-512,decapsulation,39,46900,29761536,True,
99947311-0ca6-4c66-85fc-a55f99fed6e6,01acefc3-f3b3-4fb7-9ae4-3ed4a78bd0b8,2026-08-12T17:25:06.285443+00:00,controlled_windows_x86_64_two_cpu,NATIVE_SOFTWARE,x86_64,"AMD64 Family 23 Model 96 Stepping 1, AuthenticAMD",12,7598,Windows-11-10.0.26200-SP0,N/A (prebuilt Python extension wheel),N/A,N/A (prebuilt wheel),pqcrypto,0.4.0,ML-KEM-512,keygen,40,158300,29765632,True,
99947311-0ca6-4c66-85fc-a55f99fed6e6,01acefc3-f3b3-4fb7-9ae4-3ed4a78bd0b8,2026-08-12T17:25:06.285852+00:00,controlled_windows_x86_64_two_cpu,NATIVE_SOFTWARE,x86_64,"AMD64 Family 23 Model 96 Stepping 1, AuthenticAMD",12,7598,Windows-11-10.0.26200-SP0,N/A (prebuilt Python extension wheel),N/A,N/A (prebuilt wheel),pqcrypto,0.4.0,ML-KEM-512,encapsulation,40,152100,29765632,True,
99947311-0ca6-4c66-85fc-a55f99fed6e6,01acefc3-f3b3-4fb7-9ae4-3ed4a78bd0b8,2026-08-12T17:25:06.286096+00:00,controlled_windows_x86_64_two_cpu,NATIVE_SOFTWARE,x86_64,"AMD64 Family 23 Model 96 Stepping 1, AuthenticAMD",12,7598,Windows-11-10.0.26200-SP0,N/A (prebuilt Python extension wheel),N/A,N/A (prebuilt wheel),pqcrypto,0.4.0,ML-KEM-512,decapsulation,40,46000,29769728,True,
99947311-0ca6-4c66-85fc-a55f99fed6e6,01acefc3-f3b3-4fb7-9ae4-3ed4a78bd0b8,2026-08-12T17:25:06.286224+00:00,controlled_windows_x86_64_two_cpu,NATIVE_SOFTWARE,x86_64,"AMD64 Family 23 Model 96 Stepping 1, AuthenticAMD",12,7598,Windows-11-10.0.26200-SP0,N/A (prebuilt Python extension wheel),N/A,N/A (prebuilt wheel),pqcrypto,0.4.0,ML-KEM-512,keygen,41,188900,29777920,True,
99947311-0ca6-4c66-85fc-a55f99fed6e6,01acefc3-f3b3-4fb7-9ae4-3ed4a78bd0b8,2026-08-12T17:25:06.286660+00:00,controlled_windows_x86_64_two_cpu,NATIVE_SOFTWARE,x86_64,"AMD64 Family 23 Model 96 Stepping 1, AuthenticAMD",12,7598,Windows-11-10.0.26200-SP0,N/A (prebuilt Python extension wheel),N/A,N/A (prebuilt wheel),pqcrypto,0.4.0,ML-KEM-512,encapsulation,41,150700,29786112,True,
99947311-0ca6-4c66-85fc-a55f99fed6e6,01acefc3-f3b3-4fb7-9ae4-3ed4a78bd0b8,2026-08-12T17:25:06.287343+00:00,controlled_windows_x86_64_two_cpu,NATIVE_SOFTWARE,x86_64,"AMD64 Family 23 Model 96 Stepping 1, AuthenticAMD",12,7598,Windows-11-10.0.26200-SP0,N/A (prebuilt Python extension wheel),N/A,N/A (prebuilt wheel),pqcrypto,0.4.0,ML-KEM-512,decapsulation,41,54100,29786112,True,
99947311-0ca6-4c66-85fc-a55f99fed6e6,01acefc3-f3b3-4fb7-9ae4-3ed4a78bd0b8,2026-08-12T17:25:06.287485+00:00,controlled_windows_x86_64_two_cpu,NATIVE_SOFTWARE,x86_64,"AMD64 Family 23 Model 96 Stepping 1, AuthenticAMD",12,7598,Windows-11-10.0.26200-SP0,N/A (prebuilt Python extension wheel),N/A,N/A (prebuilt wheel),pqcrypto,0.4.0,ML-KEM-512,keygen,42,204200,29786112,True,
99947311-0ca6-4c66-85fc-a55f99fed6e6,01acefc3-f3b3-4fb7-9ae4-3ed4a78bd0b8,2026-08-12T17:25:06.287943+00:00,controlled_windows_x86_64_two_cpu,NATIVE_SOFTWARE,x86_64,"AMD64 Family 23 Model 96 Stepping 1, AuthenticAMD",12,7598,Windows-11-10.0.26200-SP0,N/A (prebuilt Python extension wheel),N/A,N/A (prebuilt wheel),pqcrypto,0.4.0,ML-KEM-512,encapsulation,42,152200,29786112,True,
99947311-0ca6-4c66-85fc-a55f99fed6e6,01acefc3-f3b3-4fb7-9ae4-3ed4a78bd0b8,2026-08-12T17:25:06.288187+00:00,controlled_windows_x86_64_two_cpu,NATIVE_SOFTWARE,x86_64,"AMD64 Family 23 Model 96 Stepping 1, AuthenticAMD",12,7598,Windows-11-10.0.26200-SP0,N/A (prebuilt Python extension wheel),N/A,N/A (prebuilt wheel),pqcrypto,0.4.0,ML-KEM-512,decapsulation,42,46300,29786112,True,
99947311-0ca6-4c66-85fc-a55f99fed6e6,01acefc3-f3b3-4fb7-9ae4-3ed4a78bd0b8,2026-08-12T17:25:06.288329+00:00,controlled_windows_x86_64_two_cpu,NATIVE_SOFTWARE,x86_64,"AMD64 Family 23 Model 96 Stepping 1, AuthenticAMD",12,7598,Windows-11-10.0.26200-SP0,N/A (prebuilt Python extension wheel),N/A,N/A (prebuilt wheel),pqcrypto,0.4.0,ML-KEM-512,keygen,43,157100,29786112,True,
99947311-0ca6-4c66-85fc-a55f99fed6e6,01acefc3-f3b3-4fb7-9ae4-3ed4a78bd0b8,2026-08-12T17:25:06.288727+00:00,controlled_windows_x86_64_two_cpu,NATIVE_SOFTWARE,x86_64,"AMD64 Family 23 Model 96 Stepping 1, AuthenticAMD",12,7598,Windows-11-10.0.26200-SP0,N/A (prebuilt Python extension wheel),N/A,N/A (prebuilt wheel),pqcrypto,0.4.0,ML-KEM-512,encapsulation,43,157000,29786112,True,
99947311-0ca6-4c66-85fc-a55f99fed6e6,01acefc3-f3b3-4fb7-9ae4-3ed4a78bd0b8,2026-08-12T17:25:06.288978+00:00,controlled_windows_x86_64_two_cpu,NATIVE_SOFTWARE,x86_64,"AMD64 Family 23 Model 96 Stepping 1, AuthenticAMD",12,7598,Windows-11-10.0.26200-SP0,N/A (prebuilt Python extension wheel),N/A,N/A (prebuilt wheel),pqcrypto,0.4.0,ML-KEM-512,decapsulation,43,50000,29786112,True,
99947311-0ca6-4c66-85fc-a55f99fed6e6,01acefc3-f3b3-4fb7-9ae4-3ed4a78bd0b8,2026-08-12T17:25:06.289109+00:00,controlled_windows_x86_64_two_cpu,NATIVE_SOFTWARE,x86_64,"AMD64 Family 23 Model 96 Stepping 1, AuthenticAMD",12,7598,Windows-11-10.0.26200-SP0,N/A (prebuilt Python extension wheel),N/A,N/A (prebuilt wheel),pqcrypto,0.4.0,ML-KEM-512,keygen,44,187200,29786112,True,
99947311-0ca6-4c66-85fc-a55f99fed6e6,01acefc3-f3b3-4fb7-9ae4-3ed4a78bd0b8,2026-08-12T17:25:06.289569+00:00,controlled_windows_x86_64_two_cpu,NATIVE_SOFTWARE,x86_64,"AMD64 Family 23 Model 96 Stepping 1, AuthenticAMD",12,7598,Windows-11-10.0.26200-SP0,N/A (prebuilt Python extension wheel),N/A,N/A (prebuilt wheel),pqcrypto,0.4.0,ML-KEM-512,encapsulation,44,187100,29786112,True,
99947311-0ca6-4c66-85fc-a55f99fed6e6,01acefc3-f3b3-4fb7-9ae4-3ed4a78bd0b8,2026-08-12T17:25:06.289898+00:00,controlled_windows_x86_64_two_cpu,NATIVE_SOFTWARE,x86_64,"AMD64 Family 23 Model 96 Stepping 1, AuthenticAMD",12,7598,Windows-11-10.0.26200-SP0,N/A (prebuilt Python extension wheel),N/A,N/A (prebuilt wheel),pqcrypto,0.4.0,ML-KEM-512,decapsulation,44,48100,29786112,True,
99947311-0ca6-4c66-85fc-a55f99fed6e6,01acefc3-f3b3-4fb7-9ae4-3ed4a78bd0b8,2026-08-12T17:25:06.290036+00:00,controlled_windows_x86_64_two_cpu,NATIVE_SOFTWARE,x86_64,"AMD64 Family 23 Model 96 Stepping 1, AuthenticAMD",12,7598,Windows-11-10.0.26200-SP0,N/A (prebuilt Python extension wheel),N/A,N/A (prebuilt wheel),pqcrypto,0.4.0,ML-KEM-512,keygen,45,243700,29786112,True,
99947311-0ca6-4c66-85fc-a55f99fed6e6,01acefc3-f3b3-4fb7-9ae4-3ed4a78bd0b8,2026-08-12T17:25:06.290553+00:00,controlled_windows_x86_64_two_cpu,NATIVE_SOFTWARE,x86_64,"AMD64 Family 23 Model 96 Stepping 1, AuthenticAMD",12,7598,Windows-11-10.0.26200-SP0,N/A (prebuilt Python extension wheel),N/A,N/A (prebuilt wheel),pqcrypto,0.4.0,ML-KEM-512,encapsulation,45,156500,29786112,True,
99947311-0ca6-4c66-85fc-a55f99fed6e6,01acefc3-f3b3-4fb7-9ae4-3ed4a78bd0b8,2026-08-12T17:25:06.290809+00:00,controlled_windows_x86_64_two_cpu,NATIVE_SOFTWARE,x86_64,"AMD64 Family 23 Model 96 Stepping 1, AuthenticAMD",12,7598,Windows-11-10.0.26200-SP0,N/A (prebuilt Python extension wheel),N/A,N/A (prebuilt wheel),pqcrypto,0.4.0,ML-KEM-512,decapsulation,45,46600,29786112,True,
99947311-0ca6-4c66-85fc-a55f99fed6e6,01acefc3-f3b3-4fb7-9ae4-3ed4a78bd0b8,2026-08-12T17:25:06.290935+00:00,controlled_windows_x86_64_two_cpu,NATIVE_SOFTWARE,x86_64,"AMD64 Family 23 Model 96 Stepping 1, AuthenticAMD",12,7598,Windows-11-10.0.26200-SP0,N/A (prebuilt Python extension wheel),N/A,N/A (prebuilt wheel),pqcrypto,0.4.0,ML-KEM-512,keygen,46,161000,29786112,True,
99947311-0ca6-4c66-85fc-a55f99fed6e6,01acefc3-f3b3-4fb7-9ae4-3ed4a78bd0b8,2026-08-12T17:25:06.291357+00:00,controlled_windows_x86_64_two_cpu,NATIVE_SOFTWARE,x86_64,"AMD64 Family 23 Model 96 Stepping 1, AuthenticAMD",12,7598,Windows-11-10.0.26200-SP0,N/A (prebuilt Python extension wheel),N/A,N/A (prebuilt wheel),pqcrypto,0.4.0,ML-KEM-512,encapsulation,46,151400,29786112,True,
99947311-0ca6-4c66-85fc-a55f99fed6e6,01acefc3-f3b3-4fb7-9ae4-3ed4a78bd0b8,2026-08-12T17:25:06.291604+00:00,controlled_windows_x86_64_two_cpu,NATIVE_SOFTWARE,x86_64,"AMD64 Family 23 Model 96 Stepping 1, AuthenticAMD",12,7598,Windows-11-10.0.26200-SP0,N/A (prebuilt Python extension wheel),N/A,N/A (prebuilt wheel),pqcrypto,0.4.0,ML-KEM-512,decapsulation,46,46900,29786112,True,
99947311-0ca6-4c66-85fc-a55f99fed6e6,01acefc3-f3b3-4fb7-9ae4-3ed4a78bd0b8,2026-08-12T17:25:06.291731+00:00,controlled_windows_x86_64_two_cpu,NATIVE_SOFTWARE,x86_64,"AMD64 Family 23 Model 96 Stepping 1, AuthenticAMD",12,7598,Windows-11-10.0.26200-SP0,N/A (prebuilt Python extension wheel),N/A,N/A (prebuilt wheel),pqcrypto,0.4.0,ML-KEM-512,keygen,47,155500,29786112,True,
99947311-0ca6-4c66-85fc-a55f99fed6e6,01acefc3-f3b3-4fb7-9ae4-3ed4a78bd0b8,2026-08-12T17:25:06.292127+00:00,controlled_windows_x86_64_two_cpu,NATIVE_SOFTWARE,x86_64,"AMD64 Family 23 Model 96 Stepping 1, AuthenticAMD",12,7598,Windows-11-10.0.26200-SP0,N/A (prebuilt Python extension wheel),N/A,N/A (prebuilt wheel),pqcrypto,0.4.0,ML-KEM-512,encapsulation,47,179600,29786112,True,
99947311-0ca6-4c66-85fc-a55f99fed6e6,01acefc3-f3b3-4fb7-9ae4-3ed4a78bd0b8,2026-08-12T17:25:06.292401+00:00,controlled_windows_x86_64_two_cpu,NATIVE_SOFTWARE,x86_64,"AMD64 Family 23 Model 96 Stepping 1, AuthenticAMD",12,7598,Windows-11-10.0.26200-SP0,N/A (prebuilt Python extension wheel),N/A,N/A (prebuilt wheel),pqcrypto,0.4.0,ML-KEM-512,decapsulation,47,46100,29786112,True,
99947311-0ca6-4c66-85fc-a55f99fed6e6,01acefc3-f3b3-4fb7-9ae4-3ed4a78bd0b8,2026-08-12T17:25:06.292524+00:00,controlled_windows_x86_64_two_cpu,NATIVE_SOFTWARE,x86_64,"AMD64 Family 23 Model 96 Stepping 1, AuthenticAMD",12,7598,Windows-11-10.0.26200-SP0,N/A (prebuilt Python extension wheel),N/A,N/A (prebuilt wheel),pqcrypto,0.4.0,ML-KEM-512,keygen,48,155600,29786112,True,
99947311-0ca6-4c66-85fc-a55f99fed6e6,01acefc3-f3b3-4fb7-9ae4-3ed4a78bd0b8,2026-08-12T17:25:06.292925+00:00,controlled_windows_x86_64_two_cpu,NATIVE_SOFTWARE,x86_64,"AMD64 Family 23 Model 96 Stepping 1, AuthenticAMD",12,7598,Windows-11-10.0.26200-SP0,N/A (prebuilt Python extension wheel),N/A,N/A (prebuilt wheel),pqcrypto,0.4.0,ML-KEM-512,encapsulation,48,153600,29786112,True,
99947311-0ca6-4c66-85fc-a55f99fed6e6,01acefc3-f3b3-4fb7-9ae4-3ed4a78bd0b8,2026-08-12T17:25:06.293171+00:00,controlled_windows_x86_64_two_cpu,NATIVE_SOFTWARE,x86_64,"AMD64 Family 23 Model 96 Stepping 1, AuthenticAMD",12,7598,Windows-11-10.0.26200-SP0,N/A (prebuilt Python extension wheel),N/A,N/A (prebuilt wheel),pqcrypto,0.4.0,ML-KEM-512,decapsulation,48,46300,29786112,True,
99947311-0ca6-4c66-85fc-a55f99fed6e6,01acefc3-f3b3-4fb7-9ae4-3ed4a78bd0b8,2026-08-12T17:25:06.293314+00:00,controlled_windows_x86_64_two_cpu,NATIVE_SOFTWARE,x86_64,"AMD64 Family 23 Model 96 Stepping 1, AuthenticAMD",12,7598,Windows-11-10.0.26200-SP0,N/A (prebuilt Python extension wheel),N/A,N/A (prebuilt wheel),pqcrypto,0.4.0,ML-KEM-512,keygen,49,155700,29786112,True,
99947311-0ca6-4c66-85fc-a55f99fed6e6,01acefc3-f3b3-4fb7-9ae4-3ed4a78bd0b8,2026-08-12T17:25:06.293737+00:00,controlled_windows_x86_64_two_cpu,NATIVE_SOFTWARE,x86_64,"AMD64 Family 23 Model 96 Stepping 1, AuthenticAMD",12,7598,Windows-11-10.0.26200-SP0,N/A (prebuilt Python extension wheel),N/A,N/A (prebuilt wheel),pqcrypto,0.4.0,ML-KEM-512,encapsulation,49,182000,29786112,True,
99947311-0ca6-4c66-85fc-a55f99fed6e6,01acefc3-f3b3-4fb7-9ae4-3ed4a78bd0b8,2026-08-12T17:25:06.294027+00:00,controlled_windows_x86_64_two_cpu,NATIVE_SOFTWARE,x86_64,"AMD64 Family 23 Model 96 Stepping 1, AuthenticAMD",12,7598,Windows-11-10.0.26200-SP0,N/A (prebuilt Python extension wheel),N/A,N/A (prebuilt wheel),pqcrypto,0.4.0,ML-KEM-512,decapsulation,49,46800,29786112,True,
99947311-0ca6-4c66-85fc-a55f99fed6e6,01acefc3-f3b3-4fb7-9ae4-3ed4a78bd0b8,2026-08-12T17:25:06.294182+00:00,controlled_windows_x86_64_two_cpu,NATIVE_SOFTWARE,x86_64,"AMD64 Family 23 Model 96 Stepping 1, AuthenticAMD",12,7598,Windows-11-10.0.26200-SP0,N/A (prebuilt Python extension wheel),N/A,N/A (prebuilt wheel),pqcrypto,0.4.0,ML-KEM-512,keygen,50,237700,29786112,True,
99947311-0ca6-4c66-85fc-a55f99fed6e6,01acefc3-f3b3-4fb7-9ae4-3ed4a78bd0b8,2026-08-12T17:25:06.294687+00:00,controlled_windows_x86_64_two_cpu,NATIVE_SOFTWARE,x86_64,"AMD64 Family 23 Model 96 Stepping 1, AuthenticAMD",12,7598,Windows-11-10.0.26200-SP0,N/A (prebuilt Python extension wheel),N/A,N/A (prebuilt wheel),pqcrypto,0.4.0,ML-KEM-512,encapsulation,50,160800,29786112,True,
99947311-0ca6-4c66-85fc-a55f99fed6e6,01acefc3-f3b3-4fb7-9ae4-3ed4a78bd0b8,2026-08-12T17:25:06.294947+00:00,controlled_windows_x86_64_two_cpu,NATIVE_SOFTWARE,x86_64,"AMD64 Family 23 Model 96 Stepping 1, AuthenticAMD",12,7598,Windows-11-10.0.26200-SP0,N/A (prebuilt Python extension wheel),N/A,N/A (prebuilt wheel),pqcrypto,0.4.0,ML-KEM-512,decapsulation,50,47000,29786112,True,
99947311-0ca6-4c66-85fc-a55f99fed6e6,01acefc3-f3b3-4fb7-9ae4-3ed4a78bd0b8,2026-08-12T17:25:06.295080+00:00,controlled_windows_x86_64_two_cpu,NATIVE_SOFTWARE,x86_64,"AMD64 Family 23 Model 96 Stepping 1, AuthenticAMD",12,7598,Windows-11-10.0.26200-SP0,N/A (prebuilt Python extension wheel),N/A,N/A (prebuilt wheel),pqcrypto,0.4.0,ML-KEM-512,keygen,51,172800,29786112,True,
99947311-0ca6-4c66-85fc-a55f99fed6e6,01acefc3-f3b3-4fb7-9ae4-3ed4a78bd0b8,2026-08-12T17:25:06.295503+00:00,controlled_windows_x86_64_two_cpu,NATIVE_SOFTWARE,x86_64,"AMD64 Family 23 Model 96 Stepping 1, AuthenticAMD",12,7598,Windows-11-10.0.26200-SP0,N/A (prebuilt Python extension wheel),N/A,N/A (prebuilt wheel),pqcrypto,0.4.0,ML-KEM-512,encapsulation,51,151400,29786112,True,
99947311-0ca6-4c66-85fc-a55f99fed6e6,01acefc3-f3b3-4fb7-9ae4-3ed4a78bd0b8,2026-08-12T17:25:06.295752+00:00,controlled_windows_x86_64_two_cpu,NATIVE_SOFTWARE,x86_64,"AMD64 Family 23 Model 96 Stepping 1, AuthenticAMD",12,7598,Windows-11-10.0.26200-SP0,N/A (prebuilt Python extension wheel),N/A,N/A (prebuilt wheel),pqcrypto,0.4.0,ML-KEM-512,decapsulation,51,46300,29790208,True,
99947311-0ca6-4c66-85fc-a55f99fed6e6,01acefc3-f3b3-4fb7-9ae4-3ed4a78bd0b8,2026-08-12T17:25:06.295887+00:00,controlled_windows_x86_64_two_cpu,NATIVE_SOFTWARE,x86_64,"AMD64 Family 23 Model 96 Stepping 1, AuthenticAMD",12,7598,Windows-11-10.0.26200-SP0,N/A (prebuilt Python extension wheel),N/A,N/A (prebuilt wheel),pqcrypto,0.4.0,ML-KEM-512,keygen,52,188500,29790208,True,
99947311-0ca6-4c66-85fc-a55f99fed6e6,01acefc3-f3b3-4fb7-9ae4-3ed4a78bd0b8,2026-08-12T17:25:06.296359+00:00,controlled_windows_x86_64_two_cpu,NATIVE_SOFTWARE,x86_64,"AMD64 Family 23 Model 96 Stepping 1, AuthenticAMD",12,7598,Windows-11-10.0.26200-SP0,N/A (prebuilt Python extension wheel),N/A,N/A (prebuilt wheel),pqcrypto,0.4.0,ML-KEM-512,encapsulation,52,175700,29790208,True,
99947311-0ca6-4c66-85fc-a55f99fed6e6,01acefc3-f3b3-4fb7-9ae4-3ed4a78bd0b8,2026-08-12T17:25:06.296662+00:00,controlled_windows_x86_64_two_cpu,NATIVE_SOFTWARE,x86_64,"AMD64 Family 23 Model 96 Stepping 1, AuthenticAMD",12,7598,Windows-11-10.0.26200-SP0,N/A (prebuilt Python extension wheel),N/A,N/A (prebuilt wheel),pqcrypto,0.4.0,ML-KEM-512,decapsulation,52,54200,29790208,True,
99947311-0ca6-4c66-85fc-a55f99fed6e6,01acefc3-f3b3-4fb7-9ae4-3ed4a78bd0b8,2026-08-12T17:25:06.296802+00:00,controlled_windows_x86_64_two_cpu,NATIVE_SOFTWARE,x86_64,"AMD64 Family 23 Model 96 Stepping 1, AuthenticAMD",12,7598,Windows-11-10.0.26200-SP0,N/A (prebuilt Python extension wheel),N/A,N/A (prebuilt wheel),pqcrypto,0.4.0,ML-KEM-512,keygen,53,241500,29790208,True,
99947311-0ca6-4c66-85fc-a55f99fed6e6,01acefc3-f3b3-4fb7-9ae4-3ed4a78bd0b8,2026-08-12T17:25:06.297401+00:00,controlled_windows_x86_64_two_cpu,NATIVE_SOFTWARE,x86_64,"AMD64 Family 23 Model 96 Stepping 1, AuthenticAMD",12,7598,Windows-11-10.0.26200-SP0,N/A (prebuilt Python extension wheel),N/A,N/A (prebuilt wheel),pqcrypto,0.4.0,ML-KEM-512,encapsulation,53,160100,29790208,True,
99947311-0ca6-4c66-85fc-a55f99fed6e6,01acefc3-f3b3-4fb7-9ae4-3ed4a78bd0b8,2026-08-12T17:25:06.297668+00:00,controlled_windows_x86_64_two_cpu,NATIVE_SOFTWARE,x86_64,"AMD64 Family 23 Model 96 Stepping 1, AuthenticAMD",12,7598,Windows-11-10.0.26200-SP0,N/A (prebuilt Python extension wheel),N/A,N/A (prebuilt wheel),pqcrypto,0.4.0,ML-KEM-512,decapsulation,53,46900,29790208,True,
99947311-0ca6-4c66-85fc-a55f99fed6e6,01acefc3-f3b3-4fb7-9ae4-3ed4a78bd0b8,2026-08-12T17:25:06.297796+00:00,controlled_windows_x86_64_two_cpu,NATIVE_SOFTWARE,x86_64,"AMD64 Family 23 Model 96 Stepping 1, AuthenticAMD",12,7598,Windows-11-10.0.26200-SP0,N/A (prebuilt Python extension wheel),N/A,N/A (prebuilt wheel),pqcrypto,0.4.0,ML-KEM-512,keygen,54,159800,29802496,True,
99947311-0ca6-4c66-85fc-a55f99fed6e6,01acefc3-f3b3-4fb7-9ae4-3ed4a78bd0b8,2026-08-12T17:25:06.298220+00:00,controlled_windows_x86_64_two_cpu,NATIVE_SOFTWARE,x86_64,"AMD64 Family 23 Model 96 Stepping 1, AuthenticAMD",12,7598,Windows-11-10.0.26200-SP0,N/A (prebuilt Python extension wheel),N/A,N/A (prebuilt wheel),pqcrypto,0.4.0,ML-KEM-512,encapsulation,54,175100,29814784,True,
99947311-0ca6-4c66-85fc-a55f99fed6e6,01acefc3-f3b3-4fb7-9ae4-3ed4a78bd0b8,2026-08-12T17:25:06.298884+00:00,controlled_windows_x86_64_two_cpu,NATIVE_SOFTWARE,x86_64,"AMD64 Family 23 Model 96 Stepping 1, AuthenticAMD",12,7598,Windows-11-10.0.26200-SP0,N/A (prebuilt Python extension wheel),N/A,N/A (prebuilt wheel),pqcrypto,0.4.0,ML-KEM-512,decapsulation,54,50200,29814784,True,
99947311-0ca6-4c66-85fc-a55f99fed6e6,01acefc3-f3b3-4fb7-9ae4-3ed4a78bd0b8,2026-08-12T17:25:06.299013+00:00,controlled_windows_x86_64_two_cpu,NATIVE_SOFTWARE,x86_64,"AMD64 Family 23 Model 96 Stepping 1, AuthenticAMD",12,7598,Windows-11-10.0.26200-SP0,N/A (prebuilt Python extension wheel),N/A,N/A (prebuilt wheel),pqcrypto,0.4.0,ML-KEM-512,keygen,55,168600,29814784,True,
99947311-0ca6-4c66-85fc-a55f99fed6e6,01acefc3-f3b3-4fb7-9ae4-3ed4a78bd0b8,2026-08-12T17:25:06.299485+00:00,controlled_windows_x86_64_two_cpu,NATIVE_SOFTWARE,x86_64,"AMD64 Family 23 Model 96 Stepping 1, AuthenticAMD",12,7598,Windows-11-10.0.26200-SP0,N/A (prebuilt Python extension wheel),N/A,N/A (prebuilt wheel),pqcrypto,0.4.0,ML-KEM-512,encapsulation,55,154900,29814784,True,
99947311-0ca6-4c66-85fc-a55f99fed6e6,01acefc3-f3b3-4fb7-9ae4-3ed4a78bd0b8,2026-08-12T17:25:06.299732+00:00,controlled_windows_x86_64_two_cpu,NATIVE_SOFTWARE,x86_64,"AMD64 Family 23 Model 96 Stepping 1, AuthenticAMD",12,7598,Windows-11-10.0.26200-SP0,N/A (prebuilt Python extension wheel),N/A,N/A (prebuilt wheel),pqcrypto,0.4.0,ML-KEM-512,decapsulation,55,48100,29814784,True,
99947311-0ca6-4c66-85fc-a55f99fed6e6,01acefc3-f3b3-4fb7-9ae4-3ed4a78bd0b8,2026-08-12T17:25:06.299857+00:00,controlled_windows_x86_64_two_cpu,NATIVE_SOFTWARE,x86_64,"AMD64 Family 23 Model 96 Stepping 1, AuthenticAMD",12,7598,Windows-11-10.0.26200-SP0,N/A (prebuilt Python extension wheel),N/A,N/A (prebuilt wheel),pqcrypto,0.4.0,ML-KEM-512,keygen,56,174900,29814784,True,
99947311-0ca6-4c66-85fc-a55f99fed6e6,01acefc3-f3b3-4fb7-9ae4-3ed4a78bd0b8,2026-08-12T17:25:06.300285+00:00,controlled_windows_x86_64_two_cpu,NATIVE_SOFTWARE,x86_64,"AMD64 Family 23 Model 96 Stepping 1, AuthenticAMD",12,7598,Windows-11-10.0.26200-SP0,N/A (prebuilt Python extension wheel),N/A,N/A (prebuilt wheel),pqcrypto,0.4.0,ML-KEM-512,encapsulation,56,152300,29814784,True,
99947311-0ca6-4c66-85fc-a55f99fed6e6,01acefc3-f3b3-4fb7-9ae4-3ed4a78bd0b8,2026-08-12T17:25:06.300537+00:00,controlled_windows_x86_64_two_cpu,NATIVE_SOFTWARE,x86_64,"AMD64 Family 23 Model 96 Stepping 1, AuthenticAMD",12,7598,Windows-11-10.0.26200-SP0,N/A (prebuilt Python extension wheel),N/A,N/A (prebuilt wheel),pqcrypto,0.4.0,ML-KEM-512,decapsulation,56,48100,29814784,True,
99947311-0ca6-4c66-85fc-a55f99fed6e6,01acefc3-f3b3-4fb7-9ae4-3ed4a78bd0b8,2026-08-12T17:25:06.300664+00:00,controlled_windows_x86_64_two_cpu,NATIVE_SOFTWARE,x86_64,"AMD64 Family 23 Model 96 Stepping 1, AuthenticAMD",12,7598,Windows-11-10.0.26200-SP0,N/A (prebuilt Python extension wheel),N/A,N/A (prebuilt wheel),pqcrypto,0.4.0,ML-KEM-512,keygen,57,159000,29814784,True,
99947311-0ca6-4c66-85fc-a55f99fed6e6,01acefc3-f3b3-4fb7-9ae4-3ed4a78bd0b8,2026-08-12T17:25:06.301079+00:00,controlled_windows_x86_64_two_cpu,NATIVE_SOFTWARE,x86_64,"AMD64 Family 23 Model 96 Stepping 1, AuthenticAMD",12,7598,Windows-11-10.0.26200-SP0,N/A (prebuilt Python extension wheel),N/A,N/A (prebuilt wheel),pqcrypto,0.4.0,ML-KEM-512,encapsulation,57,232800,29814784,True,
99947311-0ca6-4c66-85fc-a55f99fed6e6,01acefc3-f3b3-4fb7-9ae4-3ed4a78bd0b8,2026-08-12T17:25:06.301433+00:00,controlled_windows_x86_64_two_cpu,NATIVE_SOFTWARE,x86_64,"AMD64 Family 23 Model 96 Stepping 1, AuthenticAMD",12,7598,Windows-11-10.0.26200-SP0,N/A (prebuilt Python extension wheel),N/A,N/A (prebuilt wheel),pqcrypto,0.4.0,ML-KEM-512,decapsulation,57,47600,29814784,True,
99947311-0ca6-4c66-85fc-a55f99fed6e6,01acefc3-f3b3-4fb7-9ae4-3ed4a78bd0b8,2026-08-12T17:25:06.301582+00:00,controlled_windows_x86_64_two_cpu,NATIVE_SOFTWARE,x86_64,"AMD64 Family 23 Model 96 Stepping 1, AuthenticAMD",12,7598,Windows-11-10.0.26200-SP0,N/A (prebuilt Python extension wheel),N/A,N/A (prebuilt wheel),pqcrypto,0.4.0,ML-KEM-512,keygen,58,179500,29814784,True,
99947311-0ca6-4c66-85fc-a55f99fed6e6,01acefc3-f3b3-4fb7-9ae4-3ed4a78bd0b8,2026-08-12T17:25:06.302050+00:00,controlled_windows_x86_64_two_cpu,NATIVE_SOFTWARE,x86_64,"AMD64 Family 23 Model 96 Stepping 1, AuthenticAMD",12,7598,Windows-11-10.0.26200-SP0,N/A (prebuilt Python extension wheel),N/A,N/A (prebuilt wheel),pqcrypto,0.4.0,ML-KEM-512,encapsulation,58,162700,29814784,True,
99947311-0ca6-4c66-85fc-a55f99fed6e6,01acefc3-f3b3-4fb7-9ae4-3ed4a78bd0b8,2026-08-12T17:25:06.302353+00:00,controlled_windows_x86_64_two_cpu,NATIVE_SOFTWARE,x86_64,"AMD64 Family 23 Model 96 Stepping 1, AuthenticAMD",12,7598,Windows-11-10.0.26200-SP0,N/A (prebuilt Python extension wheel),N/A,N/A (prebuilt wheel),pqcrypto,0.4.0,ML-KEM-512,decapsulation,58,48900,29814784,True,
99947311-0ca6-4c66-85fc-a55f99fed6e6,01acefc3-f3b3-4fb7-9ae4-3ed4a78bd0b8,2026-08-12T17:25:06.302487+00:00,controlled_windows_x86_64_two_cpu,NATIVE_SOFTWARE,x86_64,"AMD64 Family 23 Model 96 Stepping 1, AuthenticAMD",12,7598,Windows-11-10.0.26200-SP0,N/A (prebuilt Python extension wheel),N/A,N/A (prebuilt wheel),pqcrypto,0.4.0,ML-KEM-512,keygen,59,194400,29814784,True,
99947311-0ca6-4c66-85fc-a55f99fed6e6,01acefc3-f3b3-4fb7-9ae4-3ed4a78bd0b8,2026-08-12T17:25:06.303039+00:00,controlled_windows_x86_64_two_cpu,NATIVE_SOFTWARE,x86_64,"AMD64 Family 23 Model 96 Stepping 1, AuthenticAMD",12,7598,Windows-11-10.0.26200-SP0,N/A (prebuilt Python extension wheel),N/A,N/A (prebuilt wheel),pqcrypto,0.4.0,ML-KEM-512,encapsulation,59,166000,29814784,True,
99947311-0ca6-4c66-85fc-a55f99fed6e6,01acefc3-f3b3-4fb7-9ae4-3ed4a78bd0b8,2026-08-12T17:25:06.303362+00:00,controlled_windows_x86_64_two_cpu,NATIVE_SOFTWARE,x86_64,"AMD64 Family 23 Model 96 Stepping 1, AuthenticAMD",12,7598,Windows-11-10.0.26200-SP0,N/A (prebuilt Python extension wheel),N/A,N/A (prebuilt wheel),pqcrypto,0.4.0,ML-KEM-512,decapsulation,59,47300,29814784,True,
99947311-0ca6-4c66-85fc-a55f99fed6e6,01acefc3-f3b3-4fb7-9ae4-3ed4a78bd0b8,2026-08-12T17:25:06.303503+00:00,controlled_windows_x86_64_two_cpu,NATIVE_SOFTWARE,x86_64,"AMD64 Family 23 Model 96 Stepping 1, AuthenticAMD",12,7598,Windows-11-10.0.26200-SP0,N/A (prebuilt Python extension wheel),N/A,N/A (prebuilt wheel),pqcrypto,0.4.0,ML-KEM-512,keygen,60,221200,29814784,True,
99947311-0ca6-4c66-85fc-a55f99fed6e6,01acefc3-f3b3-4fb7-9ae4-3ed4a78bd0b8,2026-08-12T17:25:06.304045+00:00,controlled_windows_x86_64_two_cpu,NATIVE_SOFTWARE,x86_64,"AMD64 Family 23 Model 96 Stepping 1, AuthenticAMD",12,7598,Windows-11-10.0.26200-SP0,N/A (prebuilt Python extension wheel),N/A,N/A (prebuilt wheel),pqcrypto,0.4.0,ML-KEM-512,encapsulation,60,154400,29814784,True,
99947311-0ca6-4c66-85fc-a55f99fed6e6,01acefc3-f3b3-4fb7-9ae4-3ed4a78bd0b8,2026-08-12T17:25:06.304324+00:00,controlled_windows_x86_64_two_cpu,NATIVE_SOFTWARE,x86_64,"AMD64 Family 23 Model 96 Stepping 1, AuthenticAMD",12,7598,Windows-11-10.0.26200-SP0,N/A (prebuilt Python extension wheel),N/A,N/A (prebuilt wheel),pqcrypto,0.4.0,ML-KEM-512,decapsulation,60,47300,29814784,True,
99947311-0ca6-4c66-85fc-a55f99fed6e6,01acefc3-f3b3-4fb7-9ae4-3ed4a78bd0b8,2026-08-12T17:25:06.304453+00:00,controlled_windows_x86_64_two_cpu,NATIVE_SOFTWARE,x86_64,"AMD64 Family 23 Model 96 Stepping 1, AuthenticAMD",12,7598,Windows-11-10.0.26200-SP0,N/A (prebuilt Python extension wheel),N/A,N/A (prebuilt wheel),pqcrypto,0.4.0,ML-KEM-512,keygen,61,157000,29814784,True,
99947311-0ca6-4c66-85fc-a55f99fed6e6,01acefc3-f3b3-4fb7-9ae4-3ed4a78bd0b8,2026-08-12T17:25:06.304851+00:00,controlled_windows_x86_64_two_cpu,NATIVE_SOFTWARE,x86_64,"AMD64 Family 23 Model 96 Stepping 1, AuthenticAMD",12,7598,Windows-11-10.0.26200-SP0,N/A (prebuilt Python extension wheel),N/A,N/A (prebuilt wheel),pqcrypto,0.4.0,ML-KEM-512,encapsulation,61,150300,29814784,True,
99947311-0ca6-4c66-85fc-a55f99fed6e6,01acefc3-f3b3-4fb7-9ae4-3ed4a78bd0b8,2026-08-12T17:25:06.305099+00:00,controlled_windows_x86_64_two_cpu,NATIVE_SOFTWARE,x86_64,"AMD64 Family 23 Model 96 Stepping 1, AuthenticAMD",12,7598,Windows-11-10.0.26200-SP0,N/A (prebuilt Python extension wheel),N/A,N/A (prebuilt wheel),pqcrypto,0.4.0,ML-KEM-512,decapsulation,61,45600,29814784,True,
99947311-0ca6-4c66-85fc-a55f99fed6e6,01acefc3-f3b3-4fb7-9ae4-3ed4a78bd0b8,2026-08-12T17:25:06.305223+00:00,controlled_windows_x86_64_two_cpu,NATIVE_SOFTWARE,x86_64,"AMD64 Family 23 Model 96 Stepping 1, AuthenticAMD",12,7598,Windows-11-10.0.26200-SP0,N/A (prebuilt Python extension wheel),N/A,N/A (prebuilt wheel),pqcrypto,0.4.0,ML-KEM-512,keygen,62,190600,29814784,True,
99947311-0ca6-4c66-85fc-a55f99fed6e6,01acefc3-f3b3-4fb7-9ae4-3ed4a78bd0b8,2026-08-12T17:25:06.305654+00:00,controlled_windows_x86_64_two_cpu,NATIVE_SOFTWARE,x86_64,"AMD64 Family 23 Model 96 Stepping 1, AuthenticAMD",12,7598,Windows-11-10.0.26200-SP0,N/A (prebuilt Python extension wheel),N/A,N/A (prebuilt wheel),pqcrypto,0.4.0,ML-KEM-512,encapsulation,62,154700,29814784,True,
99947311-0ca6-4c66-85fc-a55f99fed6e6,01acefc3-f3b3-4fb7-9ae4-3ed4a78bd0b8,2026-08-12T17:25:06.305903+00:00,controlled_windows_x86_64_two_cpu,NATIVE_SOFTWARE,x86_64,"AMD64 Family 23 Model 96 Stepping 1, AuthenticAMD",12,7598,Windows-11-10.0.26200-SP0,N/A (prebuilt Python extension wheel),N/A,N/A (prebuilt wheel),pqcrypto,0.4.0,ML-KEM-512,decapsulation,62,45900,29814784,True,
99947311-0ca6-4c66-85fc-a55f99fed6e6,01acefc3-f3b3-4fb7-9ae4-3ed4a78bd0b8,2026-08-12T17:25:06.306027+00:00,controlled_windows_x86_64_two_cpu,NATIVE_SOFTWARE,x86_64,"AMD64 Family 23 Model 96 Stepping 1, AuthenticAMD",12,7598,Windows-11-10.0.26200-SP0,N/A (prebuilt Python extension wheel),N/A,N/A (prebuilt wheel),pqcrypto,0.4.0,ML-KEM-512,keygen,63,157500,29814784,True,
99947311-0ca6-4c66-85fc-a55f99fed6e6,01acefc3-f3b3-4fb7-9ae4-3ed4a78bd0b8,2026-08-12T17:25:06.306446+00:00,controlled_windows_x86_64_two_cpu,NATIVE_SOFTWARE,x86_64,"AMD64 Family 23 Model 96 Stepping 1, AuthenticAMD",12,7598,Windows-11-10.0.26200-SP0,N/A (prebuilt Python extension wheel),N/A,N/A (prebuilt wheel),pqcrypto,0.4.0,ML-KEM-512,encapsulation,63,148800,29814784,True,
99947311-0ca6-4c66-85fc-a55f99fed6e6,01acefc3-f3b3-4fb7-9ae4-3ed4a78bd0b8,2026-08-12T17:25:06.306687+00:00,controlled_windows_x86_64_two_cpu,NATIVE_SOFTWARE,x86_64,"AMD64 Family 23 Model 96 Stepping 1, AuthenticAMD",12,7598,Windows-11-10.0.26200-SP0,N/A (prebuilt Python extension wheel),N/A,N/A (prebuilt wheel),pqcrypto,0.4.0,ML-KEM-512,decapsulation,63,48700,29814784,True,
99947311-0ca6-4c66-85fc-a55f99fed6e6,01acefc3-f3b3-4fb7-9ae4-3ed4a78bd0b8,2026-08-12T17:25:06.306814+00:00,controlled_windows_x86_64_two_cpu,NATIVE_SOFTWARE,x86_64,"AMD64 Family 23 Model 96 Stepping 1, AuthenticAMD",12,7598,Windows-11-10.0.26200-SP0,N/A (prebuilt Python extension wheel),N/A,N/A (prebuilt wheel),pqcrypto,0.4.0,ML-KEM-512,keygen,64,153600,29814784,True,
99947311-0ca6-4c66-85fc-a55f99fed6e6,01acefc3-f3b3-4fb7-9ae4-3ed4a78bd0b8,2026-08-12T17:25:06.307212+00:00,controlled_windows_x86_64_two_cpu,NATIVE_SOFTWARE,x86_64,"AMD64 Family 23 Model 96 Stepping 1, AuthenticAMD",12,7598,Windows-11-10.0.26200-SP0,N/A (prebuilt Python extension wheel),N/A,N/A (prebuilt wheel),pqcrypto,0.4.0,ML-KEM-512,encapsulation,64,173700,29814784,True,
99947311-0ca6-4c66-85fc-a55f99fed6e6,01acefc3-f3b3-4fb7-9ae4-3ed4a78bd0b8,2026-08-12T17:25:06.307479+00:00,controlled_windows_x86_64_two_cpu,NATIVE_SOFTWARE,x86_64,"AMD64 Family 23 Model 96 Stepping 1, AuthenticAMD",12,7598,Windows-11-10.0.26200-SP0,N/A (prebuilt Python extension wheel),N/A,N/A (prebuilt wheel),pqcrypto,0.4.0,ML-KEM-512,decapsulation,64,45800,29814784,True,
99947311-0ca6-4c66-85fc-a55f99fed6e6,01acefc3-f3b3-4fb7-9ae4-3ed4a78bd0b8,2026-08-12T17:25:06.307605+00:00,controlled_windows_x86_64_two_cpu,NATIVE_SOFTWARE,x86_64,"AMD64 Family 23 Model 96 Stepping 1, AuthenticAMD",12,7598,Windows-11-10.0.26200-SP0,N/A (prebuilt Python extension wheel),N/A,N/A (prebuilt wheel),pqcrypto,0.4.0,ML-KEM-512,keygen,65,154100,29814784,True,
99947311-0ca6-4c66-85fc-a55f99fed6e6,01acefc3-f3b3-4fb7-9ae4-3ed4a78bd0b8,2026-08-12T17:25:06.308005+00:00,controlled_windows_x86_64_two_cpu,NATIVE_SOFTWARE,x86_64,"AMD64 Family 23 Model 96 Stepping 1, AuthenticAMD",12,7598,Windows-11-10.0.26200-SP0,N/A (prebuilt Python extension wheel),N/A,N/A (prebuilt wheel),pqcrypto,0.4.0,ML-KEM-512,encapsulation,65,190500,29818880,True,
99947311-0ca6-4c66-85fc-a55f99fed6e6,01acefc3-f3b3-4fb7-9ae4-3ed4a78bd0b8,2026-08-12T17:25:06.308330+00:00,controlled_windows_x86_64_two_cpu,NATIVE_SOFTWARE,x86_64,"AMD64 Family 23 Model 96 Stepping 1, AuthenticAMD",12,7598,Windows-11-10.0.26200-SP0,N/A (prebuilt Python extension wheel),N/A,N/A (prebuilt wheel),pqcrypto,0.4.0,ML-KEM-512,decapsulation,65,46700,29818880,True,
99947311-0ca6-4c66-85fc-a55f99fed6e6,01acefc3-f3b3-4fb7-9ae4-3ed4a78bd0b8,2026-08-12T17:25:06.308470+00:00,controlled_windows_x86_64_two_cpu,NATIVE_SOFTWARE,x86_64,"AMD64 Family 23 Model 96 Stepping 1, AuthenticAMD",12,7598,Windows-11-10.0.26200-SP0,N/A (prebuilt Python extension wheel),N/A,N/A (prebuilt wheel),pqcrypto,0.4.0,ML-KEM-512,keygen,66,164400,29818880,True,
99947311-0ca6-4c66-85fc-a55f99fed6e6,01acefc3-f3b3-4fb7-9ae4-3ed4a78bd0b8,2026-08-12T17:25:06.308883+00:00,controlled_windows_x86_64_two_cpu,NATIVE_SOFTWARE,x86_64,"AMD64 Family 23 Model 96 Stepping 1, AuthenticAMD",12,7598,Windows-11-10.0.26200-SP0,N/A (prebuilt Python extension wheel),N/A,N/A (prebuilt wheel),pqcrypto,0.4.0,ML-KEM-512,encapsulation,66,151600,29818880,True,
99947311-0ca6-4c66-85fc-a55f99fed6e6,01acefc3-f3b3-4fb7-9ae4-3ed4a78bd0b8,2026-08-12T17:25:06.309134+00:00,controlled_windows_x86_64_two_cpu,NATIVE_SOFTWARE,x86_64,"AMD64 Family 23 Model 96 Stepping 1, AuthenticAMD",12,7598,Windows-11-10.0.26200-SP0,N/A (prebuilt Python extension wheel),N/A,N/A (prebuilt wheel),pqcrypto,0.4.0,ML-KEM-512,decapsulation,66,45700,29954048,True,
99947311-0ca6-4c66-85fc-a55f99fed6e6,01acefc3-f3b3-4fb7-9ae4-3ed4a78bd0b8,2026-08-12T17:25:06.309340+00:00,controlled_windows_x86_64_two_cpu,NATIVE_SOFTWARE,x86_64,"AMD64 Family 23 Model 96 Stepping 1, AuthenticAMD",12,7598,Windows-11-10.0.26200-SP0,N/A (prebuilt Python extension wheel),N/A,N/A (prebuilt wheel),pqcrypto,0.4.0,ML-KEM-512,keygen,67,208800,29962240,True,
99947311-0ca6-4c66-85fc-a55f99fed6e6,01acefc3-f3b3-4fb7-9ae4-3ed4a78bd0b8,2026-08-12T17:25:06.309852+00:00,controlled_windows_x86_64_two_cpu,NATIVE_SOFTWARE,x86_64,"AMD64 Family 23 Model 96 Stepping 1, AuthenticAMD",12,7598,Windows-11-10.0.26200-SP0,N/A (prebuilt Python extension wheel),N/A,N/A (prebuilt wheel),pqcrypto,0.4.0,ML-KEM-512,encapsulation,67,186500,29962240,True,
99947311-0ca6-4c66-85fc-a55f99fed6e6,01acefc3-f3b3-4fb7-9ae4-3ed4a78bd0b8,2026-08-12T17:25:06.310697+00:00,controlled_windows_x86_64_two_cpu,NATIVE_SOFTWARE,x86_64,"AMD64 Family 23 Model 96 Stepping 1, AuthenticAMD",12,7598,Windows-11-10.0.26200-SP0,N/A (prebuilt Python extension wheel),N/A,N/A (prebuilt wheel),pqcrypto,0.4.0,ML-KEM-512,decapsulation,67,60200,29962240,True,
99947311-0ca6-4c66-85fc-a55f99fed6e6,01acefc3-f3b3-4fb7-9ae4-3ed4a78bd0b8,2026-08-12T17:25:06.310862+00:00,controlled_windows_x86_64_two_cpu,NATIVE_SOFTWARE,x86_64,"AMD64 Family 23 Model 96 Stepping 1, AuthenticAMD",12,7598,Windows-11-10.0.26200-SP0,N/A (prebuilt Python extension wheel),N/A,N/A (prebuilt wheel),pqcrypto,0.4.0,ML-KEM-512,keygen,68,317100,29962240,True,
99947311-0ca6-4c66-85fc-a55f99fed6e6,01acefc3-f3b3-4fb7-9ae4-3ed4a78bd0b8,2026-08-12T17:25:06.311606+00:00,controlled_windows_x86_64_two_cpu,NATIVE_SOFTWARE,x86_64,"AMD64 Family 23 Model 96 Stepping 1, AuthenticAMD",12,7598,Windows-11-10.0.26200-SP0,N/A (prebuilt Python extension wheel),N/A,N/A (prebuilt wheel),pqcrypto,0.4.0,ML-KEM-512,encapsulation,68,232700,29962240,True,
99947311-0ca6-4c66-85fc-a55f99fed6e6,01acefc3-f3b3-4fb7-9ae4-3ed4a78bd0b8,2026-08-12T17:25:06.312033+00:00,controlled_windows_x86_64_two_cpu,NATIVE_SOFTWARE,x86_64,"AMD64 Family 23 Model 96 Stepping 1, AuthenticAMD",12,7598,Windows-11-10.0.26200-SP0,N/A (prebuilt Python extension wheel),N/A,N/A (prebuilt wheel),pqcrypto,0.4.0,ML-KEM-512,decapsulation,68,52500,29962240,True,
99947311-0ca6-4c66-85fc-a55f99fed6e6,01acefc3-f3b3-4fb7-9ae4-3ed4a78bd0b8,2026-08-12T17:25:06.312180+00:00,controlled_windows_x86_64_two_cpu,NATIVE_SOFTWARE,x86_64,"AMD64 Family 23 Model 96 Stepping 1, AuthenticAMD",12,7598,Windows-11-10.0.26200-SP0,N/A (prebuilt Python extension wheel),N/A,N/A (prebuilt wheel),pqcrypto,0.4.0,ML-KEM-512,keygen,69,252400,29962240,True,
99947311-0ca6-4c66-85fc-a55f99fed6e6,01acefc3-f3b3-4fb7-9ae4-3ed4a78bd0b8,2026-08-12T17:25:06.312716+00:00,controlled_windows_x86_64_two_cpu,NATIVE_SOFTWARE,x86_64,"AMD64 Family 23 Model 96 Stepping 1, AuthenticAMD",12,7598,Windows-11-10.0.26200-SP0,N/A (prebuilt Python extension wheel),N/A,N/A (prebuilt wheel),pqcrypto,0.4.0,ML-KEM-512,encapsulation,69,156800,29962240,True,
99947311-0ca6-4c66-85fc-a55f99fed6e6,01acefc3-f3b3-4fb7-9ae4-3ed4a78bd0b8,2026-08-12T17:25:06.313008+00:00,controlled_windows_x86_64_two_cpu,NATIVE_SOFTWARE,x86_64,"AMD64 Family 23 Model 96 Stepping 1, AuthenticAMD",12,7598,Windows-11-10.0.26200-SP0,N/A (prebuilt Python extension wheel),N/A,N/A (prebuilt wheel),pqcrypto,0.4.0,ML-KEM-512,decapsulation,69,53100,29962240,True,
99947311-0ca6-4c66-85fc-a55f99fed6e6,01acefc3-f3b3-4fb7-9ae4-3ed4a78bd0b8,2026-08-12T17:25:06.313147+00:00,controlled_windows_x86_64_two_cpu,NATIVE_SOFTWARE,x86_64,"AMD64 Family 23 Model 96 Stepping 1, AuthenticAMD",12,7598,Windows-11-10.0.26200-SP0,N/A (prebuilt Python extension wheel),N/A,N/A (prebuilt wheel),pqcrypto,0.4.0,ML-KEM-512,keygen,70,229600,29962240,True,
99947311-0ca6-4c66-85fc-a55f99fed6e6,01acefc3-f3b3-4fb7-9ae4-3ed4a78bd0b8,2026-08-12T17:25:06.313656+00:00,controlled_windows_x86_64_two_cpu,NATIVE_SOFTWARE,x86_64,"AMD64 Family 23 Model 96 Stepping 1, AuthenticAMD",12,7598,Windows-11-10.0.26200-SP0,N/A (prebuilt Python extension wheel),N/A,N/A (prebuilt wheel),pqcrypto,0.4.0,ML-KEM-512,encapsulation,70,168300,29962240,True,
99947311-0ca6-4c66-85fc-a55f99fed6e6,01acefc3-f3b3-4fb7-9ae4-3ed4a78bd0b8,2026-08-12T17:25:06.313934+00:00,controlled_windows_x86_64_two_cpu,NATIVE_SOFTWARE,x86_64,"AMD64 Family 23 Model 96 Stepping 1, AuthenticAMD",12,7598,Windows-11-10.0.26200-SP0,N/A (prebuilt Python extension wheel),N/A,N/A (prebuilt wheel),pqcrypto,0.4.0,ML-KEM-512,decapsulation,70,46500,29962240,True,
99947311-0ca6-4c66-85fc-a55f99fed6e6,01acefc3-f3b3-4fb7-9ae4-3ed4a78bd0b8,2026-08-12T17:25:06.314064+00:00,controlled_windows_x86_64_two_cpu,NATIVE_SOFTWARE,x86_64,"AMD64 Family 23 Model 96 Stepping 1, AuthenticAMD",12,7598,Windows-11-10.0.26200-SP0,N/A (prebuilt Python extension wheel),N/A,N/A (prebuilt wheel),pqcrypto,0.4.0,ML-KEM-512,keygen,71,162800,29962240,True,
99947311-0ca6-4c66-85fc-a55f99fed6e6,01acefc3-f3b3-4fb7-9ae4-3ed4a78bd0b8,2026-08-12T17:25:06.314503+00:00,controlled_windows_x86_64_two_cpu,NATIVE_SOFTWARE,x86_64,"AMD64 Family 23 Model 96 Stepping 1, AuthenticAMD",12,7598,Windows-11-10.0.26200-SP0,N/A (prebuilt Python extension wheel),N/A,N/A (prebuilt wheel),pqcrypto,0.4.0,ML-KEM-512,encapsulation,71,155500,29962240,True,
99947311-0ca6-4c66-85fc-a55f99fed6e6,01acefc3-f3b3-4fb7-9ae4-3ed4a78bd0b8,2026-08-12T17:25:06.314773+00:00,controlled_windows_x86_64_two_cpu,NATIVE_SOFTWARE,x86_64,"AMD64 Family 23 Model 96 Stepping 1, AuthenticAMD",12,7598,Windows-11-10.0.26200-SP0,N/A (prebuilt Python extension wheel),N/A,N/A (prebuilt wheel),pqcrypto,0.4.0,ML-KEM-512,decapsulation,71,46800,29962240,True,
99947311-0ca6-4c66-85fc-a55f99fed6e6,01acefc3-f3b3-4fb7-9ae4-3ed4a78bd0b8,2026-08-12T17:25:06.314901+00:00,controlled_windows_x86_64_two_cpu,NATIVE_SOFTWARE,x86_64,"AMD64 Family 23 Model 96 Stepping 1, AuthenticAMD",12,7598,Windows-11-10.0.26200-SP0,N/A (prebuilt Python extension wheel),N/A,N/A (prebuilt wheel),pqcrypto,0.4.0,ML-KEM-512,keygen,72,248000,29962240,True,
99947311-0ca6-4c66-85fc-a55f99fed6e6,01acefc3-f3b3-4fb7-9ae4-3ed4a78bd0b8,2026-08-12T17:25:06.315612+00:00,controlled_windows_x86_64_two_cpu,NATIVE_SOFTWARE,x86_64,"AMD64 Family 23 Model 96 Stepping 1, AuthenticAMD",12,7598,Windows-11-10.0.26200-SP0,N/A (prebuilt Python extension wheel),N/A,N/A (prebuilt wheel),pqcrypto,0.4.0,ML-KEM-512,encapsulation,72,168800,29962240,True,
99947311-0ca6-4c66-85fc-a55f99fed6e6,01acefc3-f3b3-4fb7-9ae4-3ed4a78bd0b8,2026-08-12T17:25:06.315965+00:00,controlled_windows_x86_64_two_cpu,NATIVE_SOFTWARE,x86_64,"AMD64 Family 23 Model 96 Stepping 1, AuthenticAMD",12,7598,Windows-11-10.0.26200-SP0,N/A (prebuilt Python extension wheel),N/A,N/A (prebuilt wheel),pqcrypto,0.4.0,ML-KEM-512,decapsulation,72,55300,29962240,True,
99947311-0ca6-4c66-85fc-a55f99fed6e6,01acefc3-f3b3-4fb7-9ae4-3ed4a78bd0b8,2026-08-12T17:25:06.316123+00:00,controlled_windows_x86_64_two_cpu,NATIVE_SOFTWARE,x86_64,"AMD64 Family 23 Model 96 Stepping 1, AuthenticAMD",12,7598,Windows-11-10.0.26200-SP0,N/A (prebuilt Python extension wheel),N/A,N/A (prebuilt wheel),pqcrypto,0.4.0,ML-KEM-512,keygen,73,233100,29962240,True,
99947311-0ca6-4c66-85fc-a55f99fed6e6,01acefc3-f3b3-4fb7-9ae4-3ed4a78bd0b8,2026-08-12T17:25:06.316626+00:00,controlled_windows_x86_64_two_cpu,NATIVE_SOFTWARE,x86_64,"AMD64 Family 23 Model 96 Stepping 1, AuthenticAMD",12,7598,Windows-11-10.0.26200-SP0,N/A (prebuilt Python extension wheel),N/A,N/A (prebuilt wheel),pqcrypto,0.4.0,ML-KEM-512,encapsulation,73,162800,29962240,True,
99947311-0ca6-4c66-85fc-a55f99fed6e6,01acefc3-f3b3-4fb7-9ae4-3ed4a78bd0b8,2026-08-12T17:25:06.316892+00:00,controlled_windows_x86_64_two_cpu,NATIVE_SOFTWARE,x86_64,"AMD64 Family 23 Model 96 Stepping 1, AuthenticAMD",12,7598,Windows-11-10.0.26200-SP0,N/A (prebuilt Python extension wheel),N/A,N/A (prebuilt wheel),pqcrypto,0.4.0,ML-KEM-512,decapsulation,73,45800,29962240,True,
99947311-0ca6-4c66-85fc-a55f99fed6e6,01acefc3-f3b3-4fb7-9ae4-3ed4a78bd0b8,2026-08-12T17:25:06.317021+00:00,controlled_windows_x86_64_two_cpu,NATIVE_SOFTWARE,x86_64,"AMD64 Family 23 Model 96 Stepping 1, AuthenticAMD",12,7598,Windows-11-10.0.26200-SP0,N/A (prebuilt Python extension wheel),N/A,N/A (prebuilt wheel),pqcrypto,0.4.0,ML-KEM-512,keygen,74,167500,29962240,True,
99947311-0ca6-4c66-85fc-a55f99fed6e6,01acefc3-f3b3-4fb7-9ae4-3ed4a78bd0b8,2026-08-12T17:25:06.317484+00:00,controlled_windows_x86_64_two_cpu,NATIVE_SOFTWARE,x86_64,"AMD64 Family 23 Model 96 Stepping 1, AuthenticAMD",12,7598,Windows-11-10.0.26200-SP0,N/A (prebuilt Python extension wheel),N/A,N/A (prebuilt wheel),pqcrypto,0.4.0,ML-KEM-512,encapsulation,74,199600,29962240,True,
99947311-0ca6-4c66-85fc-a55f99fed6e6,01acefc3-f3b3-4fb7-9ae4-3ed4a78bd0b8,2026-08-12T17:25:06.317879+00:00,controlled_windows_x86_64_two_cpu,NATIVE_SOFTWARE,x86_64,"AMD64 Family 23 Model 96 Stepping 1, AuthenticAMD",12,7598,Windows-11-10.0.26200-SP0,N/A (prebuilt Python extension wheel),N/A,N/A (prebuilt wheel),pqcrypto,0.4.0,ML-KEM-512,decapsulation,74,65200,29962240,True,
99947311-0ca6-4c66-85fc-a55f99fed6e6,01acefc3-f3b3-4fb7-9ae4-3ed4a78bd0b8,2026-08-12T17:25:06.318082+00:00,controlled_windows_x86_64_two_cpu,NATIVE_SOFTWARE,x86_64,"AMD64 Family 23 Model 96 Stepping 1, AuthenticAMD",12,7598,Windows-11-10.0.26200-SP0,N/A (prebuilt Python extension wheel),N/A,N/A (prebuilt wheel),pqcrypto,0.4.0,ML-KEM-512,keygen,75,293600,29962240,True,
99947311-0ca6-4c66-85fc-a55f99fed6e6,01acefc3-f3b3-4fb7-9ae4-3ed4a78bd0b8,2026-08-12T17:25:06.318705+00:00,controlled_windows_x86_64_two_cpu,NATIVE_SOFTWARE,x86_64,"AMD64 Family 23 Model 96 Stepping 1, AuthenticAMD",12,7598,Windows-11-10.0.26200-SP0,N/A (prebuilt Python extension wheel),N/A,N/A (prebuilt wheel),pqcrypto,0.4.0,ML-KEM-512,encapsulation,75,170100,29962240,True,
99947311-0ca6-4c66-85fc-a55f99fed6e6,01acefc3-f3b3-4fb7-9ae4-3ed4a78bd0b8,2026-08-12T17:25:06.319033+00:00,controlled_windows_x86_64_two_cpu,NATIVE_SOFTWARE,x86_64,"AMD64 Family 23 Model 96 Stepping 1, AuthenticAMD",12,7598,Windows-11-10.0.26200-SP0,N/A (prebuilt Python extension wheel),N/A,N/A (prebuilt wheel),pqcrypto,0.4.0,ML-KEM-512,decapsulation,75,53200,29962240,True,
99947311-0ca6-4c66-85fc-a55f99fed6e6,01acefc3-f3b3-4fb7-9ae4-3ed4a78bd0b8,2026-08-12T17:25:06.319175+00:00,controlled_windows_x86_64_two_cpu,NATIVE_SOFTWARE,x86_64,"AMD64 Family 23 Model 96 Stepping 1, AuthenticAMD",12,7598,Windows-11-10.0.26200-SP0,N/A (prebuilt Python extension wheel),N/A,N/A (prebuilt wheel),pqcrypto,0.4.0,ML-KEM-512,keygen,76,236700,29962240,True,
99947311-0ca6-4c66-85fc-a55f99fed6e6,01acefc3-f3b3-4fb7-9ae4-3ed4a78bd0b8,2026-08-12T17:25:06.319733+00:00,controlled_windows_x86_64_two_cpu,NATIVE_SOFTWARE,x86_64,"AMD64 Family 23 Model 96 Stepping 1, AuthenticAMD",12,7598,Windows-11-10.0.26200-SP0,N/A (prebuilt Python extension wheel),N/A,N/A (prebuilt wheel),pqcrypto,0.4.0,ML-KEM-512,encapsulation,76,160000,29962240,True,
99947311-0ca6-4c66-85fc-a55f99fed6e6,01acefc3-f3b3-4fb7-9ae4-3ed4a78bd0b8,2026-08-12T17:25:06.320038+00:00,controlled_windows_x86_64_two_cpu,NATIVE_SOFTWARE,x86_64,"AMD64 Family 23 Model 96 Stepping 1, AuthenticAMD",12,7598,Windows-11-10.0.26200-SP0,N/A (prebuilt Python extension wheel),N/A,N/A (prebuilt wheel),pqcrypto,0.4.0,ML-KEM-512,decapsulation,76,50400,29962240,True,
99947311-0ca6-4c66-85fc-a55f99fed6e6,01acefc3-f3b3-4fb7-9ae4-3ed4a78bd0b8,2026-08-12T17:25:06.320177+00:00,controlled_windows_x86_64_two_cpu,NATIVE_SOFTWARE,x86_64,"AMD64 Family 23 Model 96 Stepping 1, AuthenticAMD",12,7598,Windows-11-10.0.26200-SP0,N/A (prebuilt Python extension wheel),N/A,N/A (prebuilt wheel),pqcrypto,0.4.0,ML-KEM-512,keygen,77,247000,29962240,True,
99947311-0ca6-4c66-85fc-a55f99fed6e6,01acefc3-f3b3-4fb7-9ae4-3ed4a78bd0b8,2026-08-12T17:25:06.320763+00:00,controlled_windows_x86_64_two_cpu,NATIVE_SOFTWARE,x86_64,"AMD64 Family 23 Model 96 Stepping 1, AuthenticAMD",12,7598,Windows-11-10.0.26200-SP0,N/A (prebuilt Python extension wheel),N/A,N/A (prebuilt wheel),pqcrypto,0.4.0,ML-KEM-512,encapsulation,77,167400,29962240,True,
99947311-0ca6-4c66-85fc-a55f99fed6e6,01acefc3-f3b3-4fb7-9ae4-3ed4a78bd0b8,2026-08-12T17:25:06.321080+00:00,controlled_windows_x86_64_two_cpu,NATIVE_SOFTWARE,x86_64,"AMD64 Family 23 Model 96 Stepping 1, AuthenticAMD",12,7598,Windows-11-10.0.26200-SP0,N/A (prebuilt Python extension wheel),N/A,N/A (prebuilt wheel),pqcrypto,0.4.0,ML-KEM-512,decapsulation,77,47300,29962240,True,
99947311-0ca6-4c66-85fc-a55f99fed6e6,01acefc3-f3b3-4fb7-9ae4-3ed4a78bd0b8,2026-08-12T17:25:06.321217+00:00,controlled_windows_x86_64_two_cpu,NATIVE_SOFTWARE,x86_64,"AMD64 Family 23 Model 96 Stepping 1, AuthenticAMD",12,7598,Windows-11-10.0.26200-SP0,N/A (prebuilt Python extension wheel),N/A,N/A (prebuilt wheel),pqcrypto,0.4.0,ML-KEM-512,keygen,78,221900,29962240,True,
99947311-0ca6-4c66-85fc-a55f99fed6e6,01acefc3-f3b3-4fb7-9ae4-3ed4a78bd0b8,2026-08-12T17:25:06.321726+00:00,controlled_windows_x86_64_two_cpu,NATIVE_SOFTWARE,x86_64,"AMD64 Family 23 Model 96 Stepping 1, AuthenticAMD",12,7598,Windows-11-10.0.26200-SP0,N/A (prebuilt Python extension wheel),N/A,N/A (prebuilt wheel),pqcrypto,0.4.0,ML-KEM-512,encapsulation,78,191000,29962240,True,
99947311-0ca6-4c66-85fc-a55f99fed6e6,01acefc3-f3b3-4fb7-9ae4-3ed4a78bd0b8,2026-08-12T17:25:06.322146+00:00,controlled_windows_x86_64_two_cpu,NATIVE_SOFTWARE,x86_64,"AMD64 Family 23 Model 96 Stepping 1, AuthenticAMD",12,7598,Windows-11-10.0.26200-SP0,N/A (prebuilt Python extension wheel),N/A,N/A (prebuilt wheel),pqcrypto,0.4.0,ML-KEM-512,decapsulation,78,61000,29962240,True,
99947311-0ca6-4c66-85fc-a55f99fed6e6,01acefc3-f3b3-4fb7-9ae4-3ed4a78bd0b8,2026-08-12T17:25:06.322346+00:00,controlled_windows_x86_64_two_cpu,NATIVE_SOFTWARE,x86_64,"AMD64 Family 23 Model 96 Stepping 1, AuthenticAMD",12,7598,Windows-11-10.0.26200-SP0,N/A (prebuilt Python extension wheel),N/A,N/A (prebuilt wheel),pqcrypto,0.4.0,ML-KEM-512,keygen,79,299500,29962240,True,
99947311-0ca6-4c66-85fc-a55f99fed6e6,01acefc3-f3b3-4fb7-9ae4-3ed4a78bd0b8,2026-08-12T17:25:06.322995+00:00,controlled_windows_x86_64_two_cpu,NATIVE_SOFTWARE,x86_64,"AMD64 Family 23 Model 96 Stepping 1, AuthenticAMD",12,7598,Windows-11-10.0.26200-SP0,N/A (prebuilt Python extension wheel),N/A,N/A (prebuilt wheel),pqcrypto,0.4.0,ML-KEM-512,encapsulation,79,177100,29962240,True,
99947311-0ca6-4c66-85fc-a55f99fed6e6,01acefc3-f3b3-4fb7-9ae4-3ed4a78bd0b8,2026-08-12T17:25:06.323369+00:00,controlled_windows_x86_64_two_cpu,NATIVE_SOFTWARE,x86_64,"AMD64 Family 23 Model 96 Stepping 1, AuthenticAMD",12,7598,Windows-11-10.0.26200-SP0,N/A (prebuilt Python extension wheel),N/A,N/A (prebuilt wheel),pqcrypto,0.4.0,ML-KEM-512,decapsulation,79,48500,29966336,True,
99947311-0ca6-4c66-85fc-a55f99fed6e6,01acefc3-f3b3-4fb7-9ae4-3ed4a78bd0b8,2026-08-12T17:25:06.323513+00:00,controlled_windows_x86_64_two_cpu,NATIVE_SOFTWARE,x86_64,"AMD64 Family 23 Model 96 Stepping 1, AuthenticAMD",12,7598,Windows-11-10.0.26200-SP0,N/A (prebuilt Python extension wheel),N/A,N/A (prebuilt wheel),pqcrypto,0.4.0,ML-KEM-512,keygen,80,163300,29966336,True,
99947311-0ca6-4c66-85fc-a55f99fed6e6,01acefc3-f3b3-4fb7-9ae4-3ed4a78bd0b8,2026-08-12T17:25:06.323953+00:00,controlled_windows_x86_64_two_cpu,NATIVE_SOFTWARE,x86_64,"AMD64 Family 23 Model 96 Stepping 1, AuthenticAMD",12,7598,Windows-11-10.0.26200-SP0,N/A (prebuilt Python extension wheel),N/A,N/A (prebuilt wheel),pqcrypto,0.4.0,ML-KEM-512,encapsulation,80,154700,29982720,True,
99947311-0ca6-4c66-85fc-a55f99fed6e6,01acefc3-f3b3-4fb7-9ae4-3ed4a78bd0b8,2026-08-12T17:25:06.324859+00:00,controlled_windows_x86_64_two_cpu,NATIVE_SOFTWARE,x86_64,"AMD64 Family 23 Model 96 Stepping 1, AuthenticAMD",12,7598,Windows-11-10.0.26200-SP0,N/A (prebuilt Python extension wheel),N/A,N/A (prebuilt wheel),pqcrypto,0.4.0,ML-KEM-512,decapsulation,80,57300,29982720,True,
99947311-0ca6-4c66-85fc-a55f99fed6e6,01acefc3-f3b3-4fb7-9ae4-3ed4a78bd0b8,2026-08-12T17:25:06.325008+00:00,controlled_windows_x86_64_two_cpu,NATIVE_SOFTWARE,x86_64,"AMD64 Family 23 Model 96 Stepping 1, AuthenticAMD",12,7598,Windows-11-10.0.26200-SP0,N/A (prebuilt Python extension wheel),N/A,N/A (prebuilt wheel),pqcrypto,0.4.0,ML-KEM-512,keygen,81,1200000,29982720,True,
99947311-0ca6-4c66-85fc-a55f99fed6e6,01acefc3-f3b3-4fb7-9ae4-3ed4a78bd0b8,2026-08-12T17:25:06.327096+00:00,controlled_windows_x86_64_two_cpu,NATIVE_SOFTWARE,x86_64,"AMD64 Family 23 Model 96 Stepping 1, AuthenticAMD",12,7598,Windows-11-10.0.26200-SP0,N/A (prebuilt Python extension wheel),N/A,N/A (prebuilt wheel),pqcrypto,0.4.0,ML-KEM-512,encapsulation,81,175000,29982720,True,
99947311-0ca6-4c66-85fc-a55f99fed6e6,01acefc3-f3b3-4fb7-9ae4-3ed4a78bd0b8,2026-08-12T17:25:06.327428+00:00,controlled_windows_x86_64_two_cpu,NATIVE_SOFTWARE,x86_64,"AMD64 Family 23 Model 96 Stepping 1, AuthenticAMD",12,7598,Windows-11-10.0.26200-SP0,N/A (prebuilt Python extension wheel),N/A,N/A (prebuilt wheel),pqcrypto,0.4.0,ML-KEM-512,decapsulation,81,50000,29982720,True,
99947311-0ca6-4c66-85fc-a55f99fed6e6,01acefc3-f3b3-4fb7-9ae4-3ed4a78bd0b8,2026-08-12T17:25:06.327567+00:00,controlled_windows_x86_64_two_cpu,NATIVE_SOFTWARE,x86_64,"AMD64 Family 23 Model 96 Stepping 1, AuthenticAMD",12,7598,Windows-11-10.0.26200-SP0,N/A (prebuilt Python extension wheel),N/A,N/A (prebuilt wheel),pqcrypto,0.4.0,ML-KEM-512,keygen,82,165700,29982720,True,
99947311-0ca6-4c66-85fc-a55f99fed6e6,01acefc3-f3b3-4fb7-9ae4-3ed4a78bd0b8,2026-08-12T17:25:06.328021+00:00,controlled_windows_x86_64_two_cpu,NATIVE_SOFTWARE,x86_64,"AMD64 Family 23 Model 96 Stepping 1, AuthenticAMD",12,7598,Windows-11-10.0.26200-SP0,N/A (prebuilt Python extension wheel),N/A,N/A (prebuilt wheel),pqcrypto,0.4.0,ML-KEM-512,encapsulation,82,162000,29982720,True,
99947311-0ca6-4c66-85fc-a55f99fed6e6,01acefc3-f3b3-4fb7-9ae4-3ed4a78bd0b8,2026-08-12T17:25:06.328389+00:00,controlled_windows_x86_64_two_cpu,NATIVE_SOFTWARE,x86_64,"AMD64 Family 23 Model 96 Stepping 1, AuthenticAMD",12,7598,Windows-11-10.0.26200-SP0,N/A (prebuilt Python extension wheel),N/A,N/A (prebuilt wheel),pqcrypto,0.4.0,ML-KEM-512,decapsulation,82,52400,29982720,True,
99947311-0ca6-4c66-85fc-a55f99fed6e6,01acefc3-f3b3-4fb7-9ae4-3ed4a78bd0b8,2026-08-12T17:25:06.328565+00:00,controlled_windows_x86_64_two_cpu,NATIVE_SOFTWARE,x86_64,"AMD64 Family 23 Model 96 Stepping 1, AuthenticAMD",12,7598,Windows-11-10.0.26200-SP0,N/A (prebuilt Python extension wheel),N/A,N/A (prebuilt wheel),pqcrypto,0.4.0,ML-KEM-512,keygen,83,432700,29982720,True,
99947311-0ca6-4c66-85fc-a55f99fed6e6,01acefc3-f3b3-4fb7-9ae4-3ed4a78bd0b8,2026-08-12T17:25:06.329374+00:00,controlled_windows_x86_64_two_cpu,NATIVE_SOFTWARE,x86_64,"AMD64 Family 23 Model 96 Stepping 1, AuthenticAMD",12,7598,Windows-11-10.0.26200-SP0,N/A (prebuilt Python extension wheel),N/A,N/A (prebuilt wheel),pqcrypto,0.4.0,ML-KEM-512,encapsulation,83,175100,29982720,True,
99947311-0ca6-4c66-85fc-a55f99fed6e6,01acefc3-f3b3-4fb7-9ae4-3ed4a78bd0b8,2026-08-12T17:25:06.329665+00:00,controlled_windows_x86_64_two_cpu,NATIVE_SOFTWARE,x86_64,"AMD64 Family 23 Model 96 Stepping 1, AuthenticAMD",12,7598,Windows-11-10.0.26200-SP0,N/A (prebuilt Python extension wheel),N/A,N/A (prebuilt wheel),pqcrypto,0.4.0,ML-KEM-512,decapsulation,83,52700,29982720,True,
99947311-0ca6-4c66-85fc-a55f99fed6e6,01acefc3-f3b3-4fb7-9ae4-3ed4a78bd0b8,2026-08-12T17:25:06.329842+00:00,controlled_windows_x86_64_two_cpu,NATIVE_SOFTWARE,x86_64,"AMD64 Family 23 Model 96 Stepping 1, AuthenticAMD",12,7598,Windows-11-10.0.26200-SP0,N/A (prebuilt Python extension wheel),N/A,N/A (prebuilt wheel),pqcrypto,0.4.0,ML-KEM-512,keygen,84,269800,29982720,True,
99947311-0ca6-4c66-85fc-a55f99fed6e6,01acefc3-f3b3-4fb7-9ae4-3ed4a78bd0b8,2026-08-12T17:25:06.330408+00:00,controlled_windows_x86_64_two_cpu,NATIVE_SOFTWARE,x86_64,"AMD64 Family 23 Model 96 Stepping 1, AuthenticAMD",12,7598,Windows-11-10.0.26200-SP0,N/A (prebuilt Python extension wheel),N/A,N/A (prebuilt wheel),pqcrypto,0.4.0,ML-KEM-512,encapsulation,84,156900,29982720,True,
99947311-0ca6-4c66-85fc-a55f99fed6e6,01acefc3-f3b3-4fb7-9ae4-3ed4a78bd0b8,2026-08-12T17:25:06.330678+00:00,controlled_windows_x86_64_two_cpu,NATIVE_SOFTWARE,x86_64,"AMD64 Family 23 Model 96 Stepping 1, AuthenticAMD",12,7598,Windows-11-10.0.26200-SP0,N/A (prebuilt Python extension wheel),N/A,N/A (prebuilt wheel),pqcrypto,0.4.0,ML-KEM-512,decapsulation,84,50000,29982720,True,
99947311-0ca6-4c66-85fc-a55f99fed6e6,01acefc3-f3b3-4fb7-9ae4-3ed4a78bd0b8,2026-08-12T17:25:06.330843+00:00,controlled_windows_x86_64_two_cpu,NATIVE_SOFTWARE,x86_64,"AMD64 Family 23 Model 96 Stepping 1, AuthenticAMD",12,7598,Windows-11-10.0.26200-SP0,N/A (prebuilt Python extension wheel),N/A,N/A (prebuilt wheel),pqcrypto,0.4.0,ML-KEM-512,keygen,85,189300,29982720,True,
99947311-0ca6-4c66-85fc-a55f99fed6e6,01acefc3-f3b3-4fb7-9ae4-3ed4a78bd0b8,2026-08-12T17:25:06.331337+00:00,controlled_windows_x86_64_two_cpu,NATIVE_SOFTWARE,x86_64,"AMD64 Family 23 Model 96 Stepping 1, AuthenticAMD",12,7598,Windows-11-10.0.26200-SP0,N/A (prebuilt Python extension wheel),N/A,N/A (prebuilt wheel),pqcrypto,0.4.0,ML-KEM-512,encapsulation,85,347500,29982720,True,
99947311-0ca6-4c66-85fc-a55f99fed6e6,01acefc3-f3b3-4fb7-9ae4-3ed4a78bd0b8,2026-08-12T17:25:06.331861+00:00,controlled_windows_x86_64_two_cpu,NATIVE_SOFTWARE,x86_64,"AMD64 Family 23 Model 96 Stepping 1, AuthenticAMD",12,7598,Windows-11-10.0.26200-SP0,N/A (prebuilt Python extension wheel),N/A,N/A (prebuilt wheel),pqcrypto,0.4.0,ML-KEM-512,decapsulation,85,48300,29982720,True,
99947311-0ca6-4c66-85fc-a55f99fed6e6,01acefc3-f3b3-4fb7-9ae4-3ed4a78bd0b8,2026-08-12T17:25:06.331995+00:00,controlled_windows_x86_64_two_cpu,NATIVE_SOFTWARE,x86_64,"AMD64 Family 23 Model 96 Stepping 1, AuthenticAMD",12,7598,Windows-11-10.0.26200-SP0,N/A (prebuilt Python extension wheel),N/A,N/A (prebuilt wheel),pqcrypto,0.4.0,ML-KEM-512,keygen,86,169400,29982720,True,
99947311-0ca6-4c66-85fc-a55f99fed6e6,01acefc3-f3b3-4fb7-9ae4-3ed4a78bd0b8,2026-08-12T17:25:06.332409+00:00,controlled_windows_x86_64_two_cpu,NATIVE_SOFTWARE,x86_64,"AMD64 Family 23 Model 96 Stepping 1, AuthenticAMD",12,7598,Windows-11-10.0.26200-SP0,N/A (prebuilt Python extension wheel),N/A,N/A (prebuilt wheel),pqcrypto,0.4.0,ML-KEM-512,encapsulation,86,151000,29982720,True,
99947311-0ca6-4c66-85fc-a55f99fed6e6,01acefc3-f3b3-4fb7-9ae4-3ed4a78bd0b8,2026-08-12T17:25:06.332654+00:00,controlled_windows_x86_64_two_cpu,NATIVE_SOFTWARE,x86_64,"AMD64 Family 23 Model 96 Stepping 1, AuthenticAMD",12,7598,Windows-11-10.0.26200-SP0,N/A (prebuilt Python extension wheel),N/A,N/A (prebuilt wheel),pqcrypto,0.4.0,ML-KEM-512,decapsulation,86,46100,29982720,True,
99947311-0ca6-4c66-85fc-a55f99fed6e6,01acefc3-f3b3-4fb7-9ae4-3ed4a78bd0b8,2026-08-12T17:25:06.332796+00:00,controlled_windows_x86_64_two_cpu,NATIVE_SOFTWARE,x86_64,"AMD64 Family 23 Model 96 Stepping 1, AuthenticAMD",12,7598,Windows-11-10.0.26200-SP0,N/A (prebuilt Python extension wheel),N/A,N/A (prebuilt wheel),pqcrypto,0.4.0,ML-KEM-512,keygen,87,158800,29982720,True,
99947311-0ca6-4c66-85fc-a55f99fed6e6,01acefc3-f3b3-4fb7-9ae4-3ed4a78bd0b8,2026-08-12T17:25:06.333203+00:00,controlled_windows_x86_64_two_cpu,NATIVE_SOFTWARE,x86_64,"AMD64 Family 23 Model 96 Stepping 1, AuthenticAMD",12,7598,Windows-11-10.0.26200-SP0,N/A (prebuilt Python extension wheel),N/A,N/A (prebuilt wheel),pqcrypto,0.4.0,ML-KEM-512,encapsulation,87,150300,29982720,True,
99947311-0ca6-4c66-85fc-a55f99fed6e6,01acefc3-f3b3-4fb7-9ae4-3ed4a78bd0b8,2026-08-12T17:25:06.333448+00:00,controlled_windows_x86_64_two_cpu,NATIVE_SOFTWARE,x86_64,"AMD64 Family 23 Model 96 Stepping 1, AuthenticAMD",12,7598,Windows-11-10.0.26200-SP0,N/A (prebuilt Python extension wheel),N/A,N/A (prebuilt wheel),pqcrypto,0.4.0,ML-KEM-512,decapsulation,87,46500,29982720,True,
99947311-0ca6-4c66-85fc-a55f99fed6e6,01acefc3-f3b3-4fb7-9ae4-3ed4a78bd0b8,2026-08-12T17:25:06.333575+00:00,controlled_windows_x86_64_two_cpu,NATIVE_SOFTWARE,x86_64,"AMD64 Family 23 Model 96 Stepping 1, AuthenticAMD",12,7598,Windows-11-10.0.26200-SP0,N/A (prebuilt Python extension wheel),N/A,N/A (prebuilt wheel),pqcrypto,0.4.0,ML-KEM-512,keygen,88,168800,29982720,True,
99947311-0ca6-4c66-85fc-a55f99fed6e6,01acefc3-f3b3-4fb7-9ae4-3ed4a78bd0b8,2026-08-12T17:25:06.334004+00:00,controlled_windows_x86_64_two_cpu,NATIVE_SOFTWARE,x86_64,"AMD64 Family 23 Model 96 Stepping 1, AuthenticAMD",12,7598,Windows-11-10.0.26200-SP0,N/A (prebuilt Python extension wheel),N/A,N/A (prebuilt wheel),pqcrypto,0.4.0,ML-KEM-512,encapsulation,88,155000,29982720,True,
99947311-0ca6-4c66-85fc-a55f99fed6e6,01acefc3-f3b3-4fb7-9ae4-3ed4a78bd0b8,2026-08-12T17:25:06.334255+00:00,controlled_windows_x86_64_two_cpu,NATIVE_SOFTWARE,x86_64,"AMD64 Family 23 Model 96 Stepping 1, AuthenticAMD",12,7598,Windows-11-10.0.26200-SP0,N/A (prebuilt Python extension wheel),N/A,N/A (prebuilt wheel),pqcrypto,0.4.0,ML-KEM-512,decapsulation,88,46100,29982720,True,
99947311-0ca6-4c66-85fc-a55f99fed6e6,01acefc3-f3b3-4fb7-9ae4-3ed4a78bd0b8,2026-08-12T17:25:06.334382+00:00,controlled_windows_x86_64_two_cpu,NATIVE_SOFTWARE,x86_64,"AMD64 Family 23 Model 96 Stepping 1, AuthenticAMD",12,7598,Windows-11-10.0.26200-SP0,N/A (prebuilt Python extension wheel),N/A,N/A (prebuilt wheel),pqcrypto,0.4.0,ML-KEM-512,keygen,89,159300,29982720,True,
99947311-0ca6-4c66-85fc-a55f99fed6e6,01acefc3-f3b3-4fb7-9ae4-3ed4a78bd0b8,2026-08-12T17:25:06.334813+00:00,controlled_windows_x86_64_two_cpu,NATIVE_SOFTWARE,x86_64,"AMD64 Family 23 Model 96 Stepping 1, AuthenticAMD",12,7598,Windows-11-10.0.26200-SP0,N/A (prebuilt Python extension wheel),N/A,N/A (prebuilt wheel),pqcrypto,0.4.0,ML-KEM-512,encapsulation,89,157000,29982720,True,
99947311-0ca6-4c66-85fc-a55f99fed6e6,01acefc3-f3b3-4fb7-9ae4-3ed4a78bd0b8,2026-08-12T17:25:06.335088+00:00,controlled_windows_x86_64_two_cpu,NATIVE_SOFTWARE,x86_64,"AMD64 Family 23 Model 96 Stepping 1, AuthenticAMD",12,7598,Windows-11-10.0.26200-SP0,N/A (prebuilt Python extension wheel),N/A,N/A (prebuilt wheel),pqcrypto,0.4.0,ML-KEM-512,decapsulation,89,47100,29982720,True,
99947311-0ca6-4c66-85fc-a55f99fed6e6,01acefc3-f3b3-4fb7-9ae4-3ed4a78bd0b8,2026-08-12T17:25:06.335217+00:00,controlled_windows_x86_64_two_cpu,NATIVE_SOFTWARE,x86_64,"AMD64 Family 23 Model 96 Stepping 1, AuthenticAMD",12,7598,Windows-11-10.0.26200-SP0,N/A (prebuilt Python extension wheel),N/A,N/A (prebuilt wheel),pqcrypto,0.4.0,ML-KEM-512,keygen,90,158700,29982720,True,
99947311-0ca6-4c66-85fc-a55f99fed6e6,01acefc3-f3b3-4fb7-9ae4-3ed4a78bd0b8,2026-08-12T17:25:06.335621+00:00,controlled_windows_x86_64_two_cpu,NATIVE_SOFTWARE,x86_64,"AMD64 Family 23 Model 96 Stepping 1, AuthenticAMD",12,7598,Windows-11-10.0.26200-SP0,N/A (prebuilt Python extension wheel),N/A,N/A (prebuilt wheel),pqcrypto,0.4.0,ML-KEM-512,encapsulation,90,260800,29982720,True,
99947311-0ca6-4c66-85fc-a55f99fed6e6,01acefc3-f3b3-4fb7-9ae4-3ed4a78bd0b8,2026-08-12T17:25:06.335996+00:00,controlled_windows_x86_64_two_cpu,NATIVE_SOFTWARE,x86_64,"AMD64 Family 23 Model 96 Stepping 1, AuthenticAMD",12,7598,Windows-11-10.0.26200-SP0,N/A (prebuilt Python extension wheel),N/A,N/A (prebuilt wheel),pqcrypto,0.4.0,ML-KEM-512,decapsulation,90,48300,29982720,True,
99947311-0ca6-4c66-85fc-a55f99fed6e6,01acefc3-f3b3-4fb7-9ae4-3ed4a78bd0b8,2026-08-12T17:25:06.336128+00:00,controlled_windows_x86_64_two_cpu,NATIVE_SOFTWARE,x86_64,"AMD64 Family 23 Model 96 Stepping 1, AuthenticAMD",12,7598,Windows-11-10.0.26200-SP0,N/A (prebuilt Python extension wheel),N/A,N/A (prebuilt wheel),pqcrypto,0.4.0,ML-KEM-512,keygen,91,187000,29982720,True,
99947311-0ca6-4c66-85fc-a55f99fed6e6,01acefc3-f3b3-4fb7-9ae4-3ed4a78bd0b8,2026-08-12T17:25:06.336567+00:00,controlled_windows_x86_64_two_cpu,NATIVE_SOFTWARE,x86_64,"AMD64 Family 23 Model 96 Stepping 1, AuthenticAMD",12,7598,Windows-11-10.0.26200-SP0,N/A (prebuilt Python extension wheel),N/A,N/A (prebuilt wheel),pqcrypto,0.4.0,ML-KEM-512,encapsulation,91,156600,29982720,True,
99947311-0ca6-4c66-85fc-a55f99fed6e6,01acefc3-f3b3-4fb7-9ae4-3ed4a78bd0b8,2026-08-12T17:25:06.336855+00:00,controlled_windows_x86_64_two_cpu,NATIVE_SOFTWARE,x86_64,"AMD64 Family 23 Model 96 Stepping 1, AuthenticAMD",12,7598,Windows-11-10.0.26200-SP0,N/A (prebuilt Python extension wheel),N/A,N/A (prebuilt wheel),pqcrypto,0.4.0,ML-KEM-512,decapsulation,91,47000,29982720,True,
99947311-0ca6-4c66-85fc-a55f99fed6e6,01acefc3-f3b3-4fb7-9ae4-3ed4a78bd0b8,2026-08-12T17:25:06.336982+00:00,controlled_windows_x86_64_two_cpu,NATIVE_SOFTWARE,x86_64,"AMD64 Family 23 Model 96 Stepping 1, AuthenticAMD",12,7598,Windows-11-10.0.26200-SP0,N/A (prebuilt Python extension wheel),N/A,N/A (prebuilt wheel),pqcrypto,0.4.0,ML-KEM-512,keygen,92,173200,29982720,True,
99947311-0ca6-4c66-85fc-a55f99fed6e6,01acefc3-f3b3-4fb7-9ae4-3ed4a78bd0b8,2026-08-12T17:25:06.337404+00:00,controlled_windows_x86_64_two_cpu,NATIVE_SOFTWARE,x86_64,"AMD64 Family 23 Model 96 Stepping 1, AuthenticAMD",12,7598,Windows-11-10.0.26200-SP0,N/A (prebuilt Python extension wheel),N/A,N/A (prebuilt wheel),pqcrypto,0.4.0,ML-KEM-512,encapsulation,92,153100,29982720,True,
99947311-0ca6-4c66-85fc-a55f99fed6e6,01acefc3-f3b3-4fb7-9ae4-3ed4a78bd0b8,2026-08-12T17:25:06.337665+00:00,controlled_windows_x86_64_two_cpu,NATIVE_SOFTWARE,x86_64,"AMD64 Family 23 Model 96 Stepping 1, AuthenticAMD",12,7598,Windows-11-10.0.26200-SP0,N/A (prebuilt Python extension wheel),N/A,N/A (prebuilt wheel),pqcrypto,0.4.0,ML-KEM-512,decapsulation,92,47500,29982720,True,
99947311-0ca6-4c66-85fc-a55f99fed6e6,01acefc3-f3b3-4fb7-9ae4-3ed4a78bd0b8,2026-08-12T17:25:06.337826+00:00,controlled_windows_x86_64_two_cpu,NATIVE_SOFTWARE,x86_64,"AMD64 Family 23 Model 96 Stepping 1, AuthenticAMD",12,7598,Windows-11-10.0.26200-SP0,N/A (prebuilt Python extension wheel),N/A,N/A (prebuilt wheel),pqcrypto,0.4.0,ML-KEM-512,keygen,93,234100,29982720,True,
99947311-0ca6-4c66-85fc-a55f99fed6e6,01acefc3-f3b3-4fb7-9ae4-3ed4a78bd0b8,2026-08-12T17:25:06.338399+00:00,controlled_windows_x86_64_two_cpu,NATIVE_SOFTWARE,x86_64,"AMD64 Family 23 Model 96 Stepping 1, AuthenticAMD",12,7598,Windows-11-10.0.26200-SP0,N/A (prebuilt Python extension wheel),N/A,N/A (prebuilt wheel),pqcrypto,0.4.0,ML-KEM-512,encapsulation,93,184400,30052352,True,
99947311-0ca6-4c66-85fc-a55f99fed6e6,01acefc3-f3b3-4fb7-9ae4-3ed4a78bd0b8,2026-08-12T17:25:06.339390+00:00,controlled_windows_x86_64_two_cpu,NATIVE_SOFTWARE,x86_64,"AMD64 Family 23 Model 96 Stepping 1, AuthenticAMD",12,7598,Windows-11-10.0.26200-SP0,N/A (prebuilt Python extension wheel),N/A,N/A (prebuilt wheel),pqcrypto,0.4.0,ML-KEM-512,decapsulation,93,58500,30052352,True,
99947311-0ca6-4c66-85fc-a55f99fed6e6,01acefc3-f3b3-4fb7-9ae4-3ed4a78bd0b8,2026-08-12T17:25:06.339542+00:00,controlled_windows_x86_64_two_cpu,NATIVE_SOFTWARE,x86_64,"AMD64 Family 23 Model 96 Stepping 1, AuthenticAMD",12,7598,Windows-11-10.0.26200-SP0,N/A (prebuilt Python extension wheel),N/A,N/A (prebuilt wheel),pqcrypto,0.4.0,ML-KEM-512,keygen,94,258600,30052352,True,
99947311-0ca6-4c66-85fc-a55f99fed6e6,01acefc3-f3b3-4fb7-9ae4-3ed4a78bd0b8,2026-08-12T17:25:06.340079+00:00,controlled_windows_x86_64_two_cpu,NATIVE_SOFTWARE,x86_64,"AMD64 Family 23 Model 96 Stepping 1, AuthenticAMD",12,7598,Windows-11-10.0.26200-SP0,N/A (prebuilt Python extension wheel),N/A,N/A (prebuilt wheel),pqcrypto,0.4.0,ML-KEM-512,encapsulation,94,155100,30052352,True,
99947311-0ca6-4c66-85fc-a55f99fed6e6,01acefc3-f3b3-4fb7-9ae4-3ed4a78bd0b8,2026-08-12T17:25:06.340333+00:00,controlled_windows_x86_64_two_cpu,NATIVE_SOFTWARE,x86_64,"AMD64 Family 23 Model 96 Stepping 1, AuthenticAMD",12,7598,Windows-11-10.0.26200-SP0,N/A (prebuilt Python extension wheel),N/A,N/A (prebuilt wheel),pqcrypto,0.4.0,ML-KEM-512,decapsulation,94,47000,30052352,True,
99947311-0ca6-4c66-85fc-a55f99fed6e6,01acefc3-f3b3-4fb7-9ae4-3ed4a78bd0b8,2026-08-12T17:25:06.340460+00:00,controlled_windows_x86_64_two_cpu,NATIVE_SOFTWARE,x86_64,"AMD64 Family 23 Model 96 Stepping 1, AuthenticAMD",12,7598,Windows-11-10.0.26200-SP0,N/A (prebuilt Python extension wheel),N/A,N/A (prebuilt wheel),pqcrypto,0.4.0,ML-KEM-512,keygen,95,159200,30052352,True,
99947311-0ca6-4c66-85fc-a55f99fed6e6,01acefc3-f3b3-4fb7-9ae4-3ed4a78bd0b8,2026-08-12T17:25:06.340894+00:00,controlled_windows_x86_64_two_cpu,NATIVE_SOFTWARE,x86_64,"AMD64 Family 23 Model 96 Stepping 1, AuthenticAMD",12,7598,Windows-11-10.0.26200-SP0,N/A (prebuilt Python extension wheel),N/A,N/A (prebuilt wheel),pqcrypto,0.4.0,ML-KEM-512,encapsulation,95,206100,30052352,True,
99947311-0ca6-4c66-85fc-a55f99fed6e6,01acefc3-f3b3-4fb7-9ae4-3ed4a78bd0b8,2026-08-12T17:25:06.341255+00:00,controlled_windows_x86_64_two_cpu,NATIVE_SOFTWARE,x86_64,"AMD64 Family 23 Model 96 Stepping 1, AuthenticAMD",12,7598,Windows-11-10.0.26200-SP0,N/A (prebuilt Python extension wheel),N/A,N/A (prebuilt wheel),pqcrypto,0.4.0,ML-KEM-512,decapsulation,95,52300,30052352,True,
99947311-0ca6-4c66-85fc-a55f99fed6e6,01acefc3-f3b3-4fb7-9ae4-3ed4a78bd0b8,2026-08-12T17:25:06.341400+00:00,controlled_windows_x86_64_two_cpu,NATIVE_SOFTWARE,x86_64,"AMD64 Family 23 Model 96 Stepping 1, AuthenticAMD",12,7598,Windows-11-10.0.26200-SP0,N/A (prebuilt Python extension wheel),N/A,N/A (prebuilt wheel),pqcrypto,0.4.0,ML-KEM-512,keygen,96,203700,30052352,True,
99947311-0ca6-4c66-85fc-a55f99fed6e6,01acefc3-f3b3-4fb7-9ae4-3ed4a78bd0b8,2026-08-12T17:25:06.341960+00:00,controlled_windows_x86_64_two_cpu,NATIVE_SOFTWARE,x86_64,"AMD64 Family 23 Model 96 Stepping 1, AuthenticAMD",12,7598,Windows-11-10.0.26200-SP0,N/A (prebuilt Python extension wheel),N/A,N/A (prebuilt wheel),pqcrypto,0.4.0,ML-KEM-512,encapsulation,96,157800,30052352,True,
99947311-0ca6-4c66-85fc-a55f99fed6e6,01acefc3-f3b3-4fb7-9ae4-3ed4a78bd0b8,2026-08-12T17:25:06.342240+00:00,controlled_windows_x86_64_two_cpu,NATIVE_SOFTWARE,x86_64,"AMD64 Family 23 Model 96 Stepping 1, AuthenticAMD",12,7598,Windows-11-10.0.26200-SP0,N/A (prebuilt Python extension wheel),N/A,N/A (prebuilt wheel),pqcrypto,0.4.0,ML-KEM-512,decapsulation,96,47500,30052352,True,
99947311-0ca6-4c66-85fc-a55f99fed6e6,01acefc3-f3b3-4fb7-9ae4-3ed4a78bd0b8,2026-08-12T17:25:06.342371+00:00,controlled_windows_x86_64_two_cpu,NATIVE_SOFTWARE,x86_64,"AMD64 Family 23 Model 96 Stepping 1, AuthenticAMD",12,7598,Windows-11-10.0.26200-SP0,N/A (prebuilt Python extension wheel),N/A,N/A (prebuilt wheel),pqcrypto,0.4.0,ML-KEM-512,keygen,97,177600,30052352,True,
99947311-0ca6-4c66-85fc-a55f99fed6e6,01acefc3-f3b3-4fb7-9ae4-3ed4a78bd0b8,2026-08-12T17:25:06.343018+00:00,controlled_windows_x86_64_two_cpu,NATIVE_SOFTWARE,x86_64,"AMD64 Family 23 Model 96 Stepping 1, AuthenticAMD",12,7598,Windows-11-10.0.26200-SP0,N/A (prebuilt Python extension wheel),N/A,N/A (prebuilt wheel),pqcrypto,0.4.0,ML-KEM-512,encapsulation,97,176100,30052352,True,
99947311-0ca6-4c66-85fc-a55f99fed6e6,01acefc3-f3b3-4fb7-9ae4-3ed4a78bd0b8,2026-08-12T17:25:06.343385+00:00,controlled_windows_x86_64_two_cpu,NATIVE_SOFTWARE,x86_64,"AMD64 Family 23 Model 96 Stepping 1, AuthenticAMD",12,7598,Windows-11-10.0.26200-SP0,N/A (prebuilt Python extension wheel),N/A,N/A (prebuilt wheel),pqcrypto,0.4.0,ML-KEM-512,decapsulation,97,49600,30052352,True,
99947311-0ca6-4c66-85fc-a55f99fed6e6,01acefc3-f3b3-4fb7-9ae4-3ed4a78bd0b8,2026-08-12T17:25:06.343522+00:00,controlled_windows_x86_64_two_cpu,NATIVE_SOFTWARE,x86_64,"AMD64 Family 23 Model 96 Stepping 1, AuthenticAMD",12,7598,Windows-11-10.0.26200-SP0,N/A (prebuilt Python extension wheel),N/A,N/A (prebuilt wheel),pqcrypto,0.4.0,ML-KEM-512,keygen,98,180800,30052352,True,
99947311-0ca6-4c66-85fc-a55f99fed6e6,01acefc3-f3b3-4fb7-9ae4-3ed4a78bd0b8,2026-08-12T17:25:06.344010+00:00,controlled_windows_x86_64_two_cpu,NATIVE_SOFTWARE,x86_64,"AMD64 Family 23 Model 96 Stepping 1, AuthenticAMD",12,7598,Windows-11-10.0.26200-SP0,N/A (prebuilt Python extension wheel),N/A,N/A (prebuilt wheel),pqcrypto,0.4.0,ML-KEM-512,encapsulation,98,164700,30052352,True,
99947311-0ca6-4c66-85fc-a55f99fed6e6,01acefc3-f3b3-4fb7-9ae4-3ed4a78bd0b8,2026-08-12T17:25:06.344375+00:00,controlled_windows_x86_64_two_cpu,NATIVE_SOFTWARE,x86_64,"AMD64 Family 23 Model 96 Stepping 1, AuthenticAMD",12,7598,Windows-11-10.0.26200-SP0,N/A (prebuilt Python extension wheel),N/A,N/A (prebuilt wheel),pqcrypto,0.4.0,ML-KEM-512,decapsulation,98,52000,30052352,True,
99947311-0ca6-4c66-85fc-a55f99fed6e6,01acefc3-f3b3-4fb7-9ae4-3ed4a78bd0b8,2026-08-12T17:25:06.344529+00:00,controlled_windows_x86_64_two_cpu,NATIVE_SOFTWARE,x86_64,"AMD64 Family 23 Model 96 Stepping 1, AuthenticAMD",12,7598,Windows-11-10.0.26200-SP0,N/A (prebuilt Python extension wheel),N/A,N/A (prebuilt wheel),pqcrypto,0.4.0,ML-KEM-512,keygen,99,212600,30052352,True,
99947311-0ca6-4c66-85fc-a55f99fed6e6,01acefc3-f3b3-4fb7-9ae4-3ed4a78bd0b8,2026-08-12T17:25:06.345230+00:00,controlled_windows_x86_64_two_cpu,NATIVE_SOFTWARE,x86_64,"AMD64 Family 23 Model 96 Stepping 1, AuthenticAMD",12,7598,Windows-11-10.0.26200-SP0,N/A (prebuilt Python extension wheel),N/A,N/A (prebuilt wheel),pqcrypto,0.4.0,ML-KEM-512,encapsulation,99,179100,30052352,True,
99947311-0ca6-4c66-85fc-a55f99fed6e6,01acefc3-f3b3-4fb7-9ae4-3ed4a78bd0b8,2026-08-12T17:25:06.345768+00:00,controlled_windows_x86_64_two_cpu,NATIVE_SOFTWARE,x86_64,"AMD64 Family 23 Model 96 Stepping 1, AuthenticAMD",12,7598,Windows-11-10.0.26200-SP0,N/A (prebuilt Python extension wheel),N/A,N/A (prebuilt wheel),pqcrypto,0.4.0,ML-KEM-512,decapsulation,99,68600,30056448,True,
99947311-0ca6-4c66-85fc-a55f99fed6e6,01acefc3-f3b3-4fb7-9ae4-3ed4a78bd0b8,2026-08-12T17:25:06.346062+00:00,controlled_windows_x86_64_two_cpu,NATIVE_SOFTWARE,x86_64,"AMD64 Family 23 Model 96 Stepping 1, AuthenticAMD",12,7598,Windows-11-10.0.26200-SP0,N/A (prebuilt Python extension wheel),N/A,N/A (prebuilt wheel),pqcrypto,0.4.0,ML-KEM-512,keygen,100,400900,30056448,True,
99947311-0ca6-4c66-85fc-a55f99fed6e6,01acefc3-f3b3-4fb7-9ae4-3ed4a78bd0b8,2026-08-12T17:25:06.347515+00:00,controlled_windows_x86_64_two_cpu,NATIVE_SOFTWARE,x86_64,"AMD64 Family 23 Model 96 Stepping 1, AuthenticAMD",12,7598,Windows-11-10.0.26200-SP0,N/A (prebuilt Python extension wheel),N/A,N/A (prebuilt wheel),pqcrypto,0.4.0,ML-KEM-512,encapsulation,100,193800,30056448,True,
99947311-0ca6-4c66-85fc-a55f99fed6e6,01acefc3-f3b3-4fb7-9ae4-3ed4a78bd0b8,2026-08-12T17:25:06.348011+00:00,controlled_windows_x86_64_two_cpu,NATIVE_SOFTWARE,x86_64,"AMD64 Family 23 Model 96 Stepping 1, AuthenticAMD",12,7598,Windows-11-10.0.26200-SP0,N/A (prebuilt Python extension wheel),N/A,N/A (prebuilt wheel),pqcrypto,0.4.0,ML-KEM-512,decapsulation,100,54400,30056448,True,
99947311-0ca6-4c66-85fc-a55f99fed6e6,01acefc3-f3b3-4fb7-9ae4-3ed4a78bd0b8,2026-08-12T17:25:06.348183+00:00,controlled_windows_x86_64_two_cpu,NATIVE_SOFTWARE,x86_64,"AMD64 Family 23 Model 96 Stepping 1, AuthenticAMD",12,7598,Windows-11-10.0.26200-SP0,N/A (prebuilt Python extension wheel),N/A,N/A (prebuilt wheel),pqcrypto,0.4.0,ML-KEM-768,keygen,1,318700,30076928,True,
99947311-0ca6-4c66-85fc-a55f99fed6e6,01acefc3-f3b3-4fb7-9ae4-3ed4a78bd0b8,2026-08-12T17:25:06.348904+00:00,controlled_windows_x86_64_two_cpu,NATIVE_SOFTWARE,x86_64,"AMD64 Family 23 Model 96 Stepping 1, AuthenticAMD",12,7598,Windows-11-10.0.26200-SP0,N/A (prebuilt Python extension wheel),N/A,N/A (prebuilt wheel),pqcrypto,0.4.0,ML-KEM-768,encapsulation,1,255600,30076928,True,
99947311-0ca6-4c66-85fc-a55f99fed6e6,01acefc3-f3b3-4fb7-9ae4-3ed4a78bd0b8,2026-08-12T17:25:06.349315+00:00,controlled_windows_x86_64_two_cpu,NATIVE_SOFTWARE,x86_64,"AMD64 Family 23 Model 96 Stepping 1, AuthenticAMD",12,7598,Windows-11-10.0.26200-SP0,N/A (prebuilt Python extension wheel),N/A,N/A (prebuilt wheel),pqcrypto,0.4.0,ML-KEM-768,decapsulation,1,79200,30076928,True,
99947311-0ca6-4c66-85fc-a55f99fed6e6,01acefc3-f3b3-4fb7-9ae4-3ed4a78bd0b8,2026-08-12T17:25:06.349484+00:00,controlled_windows_x86_64_two_cpu,NATIVE_SOFTWARE,x86_64,"AMD64 Family 23 Model 96 Stepping 1, AuthenticAMD",12,7598,Windows-11-10.0.26200-SP0,N/A (prebuilt Python extension wheel),N/A,N/A (prebuilt wheel),pqcrypto,0.4.0,ML-KEM-768,keygen,2,636200,30085120,True,
99947311-0ca6-4c66-85fc-a55f99fed6e6,01acefc3-f3b3-4fb7-9ae4-3ed4a78bd0b8,2026-08-12T17:25:06.350837+00:00,controlled_windows_x86_64_two_cpu,NATIVE_SOFTWARE,x86_64,"AMD64 Family 23 Model 96 Stepping 1, AuthenticAMD",12,7598,Windows-11-10.0.26200-SP0,N/A (prebuilt Python extension wheel),N/A,N/A (prebuilt wheel),pqcrypto,0.4.0,ML-KEM-768,encapsulation,2,217500,30089216,True,
99947311-0ca6-4c66-85fc-a55f99fed6e6,01acefc3-f3b3-4fb7-9ae4-3ed4a78bd0b8,2026-08-12T17:25:06.351200+00:00,controlled_windows_x86_64_two_cpu,NATIVE_SOFTWARE,x86_64,"AMD64 Family 23 Model 96 Stepping 1, AuthenticAMD",12,7598,Windows-11-10.0.26200-SP0,N/A (prebuilt Python extension wheel),N/A,N/A (prebuilt wheel),pqcrypto,0.4.0,ML-KEM-768,decapsulation,2,75400,30089216,True,
99947311-0ca6-4c66-85fc-a55f99fed6e6,01acefc3-f3b3-4fb7-9ae4-3ed4a78bd0b8,2026-08-12T17:25:06.351397+00:00,controlled_windows_x86_64_two_cpu,NATIVE_SOFTWARE,x86_64,"AMD64 Family 23 Model 96 Stepping 1, AuthenticAMD",12,7598,Windows-11-10.0.26200-SP0,N/A (prebuilt Python extension wheel),N/A,N/A (prebuilt wheel),pqcrypto,0.4.0,ML-KEM-768,keygen,3,182600,30089216,True,
99947311-0ca6-4c66-85fc-a55f99fed6e6,01acefc3-f3b3-4fb7-9ae4-3ed4a78bd0b8,2026-08-12T17:25:06.351901+00:00,controlled_windows_x86_64_two_cpu,NATIVE_SOFTWARE,x86_64,"AMD64 Family 23 Model 96 Stepping 1, AuthenticAMD",12,7598,Windows-11-10.0.26200-SP0,N/A (prebuilt Python extension wheel),N/A,N/A (prebuilt wheel),pqcrypto,0.4.0,ML-KEM-768,encapsulation,3,180500,30089216,True,
99947311-0ca6-4c66-85fc-a55f99fed6e6,01acefc3-f3b3-4fb7-9ae4-3ed4a78bd0b8,2026-08-12T17:25:06.352204+00:00,controlled_windows_x86_64_two_cpu,NATIVE_SOFTWARE,x86_64,"AMD64 Family 23 Model 96 Stepping 1, AuthenticAMD",12,7598,Windows-11-10.0.26200-SP0,N/A (prebuilt Python extension wheel),N/A,N/A (prebuilt wheel),pqcrypto,0.4.0,ML-KEM-768,decapsulation,3,73400,30089216,True,
99947311-0ca6-4c66-85fc-a55f99fed6e6,01acefc3-f3b3-4fb7-9ae4-3ed4a78bd0b8,2026-08-12T17:25:06.352372+00:00,controlled_windows_x86_64_two_cpu,NATIVE_SOFTWARE,x86_64,"AMD64 Family 23 Model 96 Stepping 1, AuthenticAMD",12,7598,Windows-11-10.0.26200-SP0,N/A (prebuilt Python extension wheel),N/A,N/A (prebuilt wheel),pqcrypto,0.4.0,ML-KEM-768,keygen,4,234100,30089216,True,
99947311-0ca6-4c66-85fc-a55f99fed6e6,01acefc3-f3b3-4fb7-9ae4-3ed4a78bd0b8,2026-08-12T17:25:06.353138+00:00,controlled_windows_x86_64_two_cpu,NATIVE_SOFTWARE,x86_64,"AMD64 Family 23 Model 96 Stepping 1, AuthenticAMD",12,7598,Windows-11-10.0.26200-SP0,N/A (prebuilt Python extension wheel),N/A,N/A (prebuilt wheel),pqcrypto,0.4.0,ML-KEM-768,encapsulation,4,195700,30089216,True,
99947311-0ca6-4c66-85fc-a55f99fed6e6,01acefc3-f3b3-4fb7-9ae4-3ed4a78bd0b8,2026-08-12T17:25:06.353454+00:00,controlled_windows_x86_64_two_cpu,NATIVE_SOFTWARE,x86_64,"AMD64 Family 23 Model 96 Stepping 1, AuthenticAMD",12,7598,Windows-11-10.0.26200-SP0,N/A (prebuilt Python extension wheel),N/A,N/A (prebuilt wheel),pqcrypto,0.4.0,ML-KEM-768,decapsulation,4,70700,30089216,True,
99947311-0ca6-4c66-85fc-a55f99fed6e6,01acefc3-f3b3-4fb7-9ae4-3ed4a78bd0b8,2026-08-12T17:25:06.353606+00:00,controlled_windows_x86_64_two_cpu,NATIVE_SOFTWARE,x86_64,"AMD64 Family 23 Model 96 Stepping 1, AuthenticAMD",12,7598,Windows-11-10.0.26200-SP0,N/A (prebuilt Python extension wheel),N/A,N/A (prebuilt wheel),pqcrypto,0.4.0,ML-KEM-768,keygen,5,205700,30097408,True,
99947311-0ca6-4c66-85fc-a55f99fed6e6,01acefc3-f3b3-4fb7-9ae4-3ed4a78bd0b8,2026-08-12T17:25:06.354093+00:00,controlled_windows_x86_64_two_cpu,NATIVE_SOFTWARE,x86_64,"AMD64 Family 23 Model 96 Stepping 1, AuthenticAMD",12,7598,Windows-11-10.0.26200-SP0,N/A (prebuilt Python extension wheel),N/A,N/A (prebuilt wheel),pqcrypto,0.4.0,ML-KEM-768,encapsulation,5,174100,30097408,True,
99947311-0ca6-4c66-85fc-a55f99fed6e6,01acefc3-f3b3-4fb7-9ae4-3ed4a78bd0b8,2026-08-12T17:25:06.354364+00:00,controlled_windows_x86_64_two_cpu,NATIVE_SOFTWARE,x86_64,"AMD64 Family 23 Model 96 Stepping 1, AuthenticAMD",12,7598,Windows-11-10.0.26200-SP0,N/A (prebuilt Python extension wheel),N/A,N/A (prebuilt wheel),pqcrypto,0.4.0,ML-KEM-768,decapsulation,5,70200,30097408,True,
99947311-0ca6-4c66-85fc-a55f99fed6e6,01acefc3-f3b3-4fb7-9ae4-3ed4a78bd0b8,2026-08-12T17:25:06.354514+00:00,controlled_windows_x86_64_two_cpu,NATIVE_SOFTWARE,x86_64,"AMD64 Family 23 Model 96 Stepping 1, AuthenticAMD",12,7598,Windows-11-10.0.26200-SP0,N/A (prebuilt Python extension wheel),N/A,N/A (prebuilt wheel),pqcrypto,0.4.0,ML-KEM-768,keygen,6,175400,30097408,True,
99947311-0ca6-4c66-85fc-a55f99fed6e6,01acefc3-f3b3-4fb7-9ae4-3ed4a78bd0b8,2026-08-12T17:25:06.354974+00:00,controlled_windows_x86_64_two_cpu,NATIVE_SOFTWARE,x86_64,"AMD64 Family 23 Model 96 Stepping 1, AuthenticAMD",12,7598,Windows-11-10.0.26200-SP0,N/A (prebuilt Python extension wheel),N/A,N/A (prebuilt wheel),pqcrypto,0.4.0,ML-KEM-768,encapsulation,6,211600,30101504,True,
99947311-0ca6-4c66-85fc-a55f99fed6e6,01acefc3-f3b3-4fb7-9ae4-3ed4a78bd0b8,2026-08-12T17:25:06.355677+00:00,controlled_windows_x86_64_two_cpu,NATIVE_SOFTWARE,x86_64,"AMD64 Family 23 Model 96 Stepping 1, AuthenticAMD",12,7598,Windows-11-10.0.26200-SP0,N/A (prebuilt Python extension wheel),N/A,N/A (prebuilt wheel),pqcrypto,0.4.0,ML-KEM-768,decapsulation,6,71000,30101504,True,
99947311-0ca6-4c66-85fc-a55f99fed6e6,01acefc3-f3b3-4fb7-9ae4-3ed4a78bd0b8,2026-08-12T17:25:06.355848+00:00,controlled_windows_x86_64_two_cpu,NATIVE_SOFTWARE,x86_64,"AMD64 Family 23 Model 96 Stepping 1, AuthenticAMD",12,7598,Windows-11-10.0.26200-SP0,N/A (prebuilt Python extension wheel),N/A,N/A (prebuilt wheel),pqcrypto,0.4.0,ML-KEM-768,keygen,7,190400,30101504,True,
99947311-0ca6-4c66-85fc-a55f99fed6e6,01acefc3-f3b3-4fb7-9ae4-3ed4a78bd0b8,2026-08-12T17:25:06.356303+00:00,controlled_windows_x86_64_two_cpu,NATIVE_SOFTWARE,x86_64,"AMD64 Family 23 Model 96 Stepping 1, AuthenticAMD",12,7598,Windows-11-10.0.26200-SP0,N/A (prebuilt Python extension wheel),N/A,N/A (prebuilt wheel),pqcrypto,0.4.0,ML-KEM-768,encapsulation,7,172300,30101504,True,
99947311-0ca6-4c66-85fc-a55f99fed6e6,01acefc3-f3b3-4fb7-9ae4-3ed4a78bd0b8,2026-08-12T17:25:06.356718+00:00,controlled_windows_x86_64_two_cpu,NATIVE_SOFTWARE,x86_64,"AMD64 Family 23 Model 96 Stepping 1, AuthenticAMD",12,7598,Windows-11-10.0.26200-SP0,N/A (prebuilt Python extension wheel),N/A,N/A (prebuilt wheel),pqcrypto,0.4.0,ML-KEM-768,decapsulation,7,106400,30101504,True,
99947311-0ca6-4c66-85fc-a55f99fed6e6,01acefc3-f3b3-4fb7-9ae4-3ed4a78bd0b8,2026-08-12T17:25:06.356918+00:00,controlled_windows_x86_64_two_cpu,NATIVE_SOFTWARE,x86_64,"AMD64 Family 23 Model 96 Stepping 1, AuthenticAMD",12,7598,Windows-11-10.0.26200-SP0,N/A (prebuilt Python extension wheel),N/A,N/A (prebuilt wheel),pqcrypto,0.4.0,ML-KEM-768,keygen,8,248400,30101504,True,
99947311-0ca6-4c66-85fc-a55f99fed6e6,01acefc3-f3b3-4fb7-9ae4-3ed4a78bd0b8,2026-08-12T17:25:06.357443+00:00,controlled_windows_x86_64_two_cpu,NATIVE_SOFTWARE,x86_64,"AMD64 Family 23 Model 96 Stepping 1, AuthenticAMD",12,7598,Windows-11-10.0.26200-SP0,N/A (prebuilt Python extension wheel),N/A,N/A (prebuilt wheel),pqcrypto,0.4.0,ML-KEM-768,encapsulation,8,175400,30101504,True,
99947311-0ca6-4c66-85fc-a55f99fed6e6,01acefc3-f3b3-4fb7-9ae4-3ed4a78bd0b8,2026-08-12T17:25:06.357717+00:00,controlled_windows_x86_64_two_cpu,NATIVE_SOFTWARE,x86_64,"AMD64 Family 23 Model 96 Stepping 1, AuthenticAMD",12,7598,Windows-11-10.0.26200-SP0,N/A (prebuilt Python extension wheel),N/A,N/A (prebuilt wheel),pqcrypto,0.4.0,ML-KEM-768,decapsulation,8,86600,30101504,True,
99947311-0ca6-4c66-85fc-a55f99fed6e6,01acefc3-f3b3-4fb7-9ae4-3ed4a78bd0b8,2026-08-12T17:25:06.357890+00:00,controlled_windows_x86_64_two_cpu,NATIVE_SOFTWARE,x86_64,"AMD64 Family 23 Model 96 Stepping 1, AuthenticAMD",12,7598,Windows-11-10.0.26200-SP0,N/A (prebuilt Python extension wheel),N/A,N/A (prebuilt wheel),pqcrypto,0.4.0,ML-KEM-768,keygen,9,177900,30101504,True,
99947311-0ca6-4c66-85fc-a55f99fed6e6,01acefc3-f3b3-4fb7-9ae4-3ed4a78bd0b8,2026-08-12T17:25:06.358338+00:00,controlled_windows_x86_64_two_cpu,NATIVE_SOFTWARE,x86_64,"AMD64 Family 23 Model 96 Stepping 1, AuthenticAMD",12,7598,Windows-11-10.0.26200-SP0,N/A (prebuilt Python extension wheel),N/A,N/A (prebuilt wheel),pqcrypto,0.4.0,ML-KEM-768,encapsulation,9,178000,30101504,True,
99947311-0ca6-4c66-85fc-a55f99fed6e6,01acefc3-f3b3-4fb7-9ae4-3ed4a78bd0b8,2026-08-12T17:25:06.358636+00:00,controlled_windows_x86_64_two_cpu,NATIVE_SOFTWARE,x86_64,"AMD64 Family 23 Model 96 Stepping 1, AuthenticAMD",12,7598,Windows-11-10.0.26200-SP0,N/A (prebuilt Python extension wheel),N/A,N/A (prebuilt wheel),pqcrypto,0.4.0,ML-KEM-768,decapsulation,9,71600,30101504,True,
99947311-0ca6-4c66-85fc-a55f99fed6e6,01acefc3-f3b3-4fb7-9ae4-3ed4a78bd0b8,2026-08-12T17:25:06.358824+00:00,controlled_windows_x86_64_two_cpu,NATIVE_SOFTWARE,x86_64,"AMD64 Family 23 Model 96 Stepping 1, AuthenticAMD",12,7598,Windows-11-10.0.26200-SP0,N/A (prebuilt Python extension wheel),N/A,N/A (prebuilt wheel),pqcrypto,0.4.0,ML-KEM-768,keygen,10,251900,30101504,True,
99947311-0ca6-4c66-85fc-a55f99fed6e6,01acefc3-f3b3-4fb7-9ae4-3ed4a78bd0b8,2026-08-12T17:25:06.359569+00:00,controlled_windows_x86_64_two_cpu,NATIVE_SOFTWARE,x86_64,"AMD64 Family 23 Model 96 Stepping 1, AuthenticAMD",12,7598,Windows-11-10.0.26200-SP0,N/A (prebuilt Python extension wheel),N/A,N/A (prebuilt wheel),pqcrypto,0.4.0,ML-KEM-768,encapsulation,10,179400,30101504,True,
99947311-0ca6-4c66-85fc-a55f99fed6e6,01acefc3-f3b3-4fb7-9ae4-3ed4a78bd0b8,2026-08-12T17:25:06.359881+00:00,controlled_windows_x86_64_two_cpu,NATIVE_SOFTWARE,x86_64,"AMD64 Family 23 Model 96 Stepping 1, AuthenticAMD",12,7598,Windows-11-10.0.26200-SP0,N/A (prebuilt Python extension wheel),N/A,N/A (prebuilt wheel),pqcrypto,0.4.0,ML-KEM-768,decapsulation,10,71800,30101504,True,
99947311-0ca6-4c66-85fc-a55f99fed6e6,01acefc3-f3b3-4fb7-9ae4-3ed4a78bd0b8,2026-08-12T17:25:06.360035+00:00,controlled_windows_x86_64_two_cpu,NATIVE_SOFTWARE,x86_64,"AMD64 Family 23 Model 96 Stepping 1, AuthenticAMD",12,7598,Windows-11-10.0.26200-SP0,N/A (prebuilt Python extension wheel),N/A,N/A (prebuilt wheel),pqcrypto,0.4.0,ML-KEM-768,keygen,11,179800,30101504,True,
99947311-0ca6-4c66-85fc-a55f99fed6e6,01acefc3-f3b3-4fb7-9ae4-3ed4a78bd0b8,2026-08-12T17:25:06.360481+00:00,controlled_windows_x86_64_two_cpu,NATIVE_SOFTWARE,x86_64,"AMD64 Family 23 Model 96 Stepping 1, AuthenticAMD",12,7598,Windows-11-10.0.26200-SP0,N/A (prebuilt Python extension wheel),N/A,N/A (prebuilt wheel),pqcrypto,0.4.0,ML-KEM-768,encapsulation,11,172400,30101504,True,
99947311-0ca6-4c66-85fc-a55f99fed6e6,01acefc3-f3b3-4fb7-9ae4-3ed4a78bd0b8,2026-08-12T17:25:06.360747+00:00,controlled_windows_x86_64_two_cpu,NATIVE_SOFTWARE,x86_64,"AMD64 Family 23 Model 96 Stepping 1, AuthenticAMD",12,7598,Windows-11-10.0.26200-SP0,N/A (prebuilt Python extension wheel),N/A,N/A (prebuilt wheel),pqcrypto,0.4.0,ML-KEM-768,decapsulation,11,83700,30101504,True,
99947311-0ca6-4c66-85fc-a55f99fed6e6,01acefc3-f3b3-4fb7-9ae4-3ed4a78bd0b8,2026-08-12T17:25:06.360911+00:00,controlled_windows_x86_64_two_cpu,NATIVE_SOFTWARE,x86_64,"AMD64 Family 23 Model 96 Stepping 1, AuthenticAMD",12,7598,Windows-11-10.0.26200-SP0,N/A (prebuilt Python extension wheel),N/A,N/A (prebuilt wheel),pqcrypto,0.4.0,ML-KEM-768,keygen,12,182500,30101504,True,
99947311-0ca6-4c66-85fc-a55f99fed6e6,01acefc3-f3b3-4fb7-9ae4-3ed4a78bd0b8,2026-08-12T17:25:06.361397+00:00,controlled_windows_x86_64_two_cpu,NATIVE_SOFTWARE,x86_64,"AMD64 Family 23 Model 96 Stepping 1, AuthenticAMD",12,7598,Windows-11-10.0.26200-SP0,N/A (prebuilt Python extension wheel),N/A,N/A (prebuilt wheel),pqcrypto,0.4.0,ML-KEM-768,encapsulation,12,186700,30101504,True,
99947311-0ca6-4c66-85fc-a55f99fed6e6,01acefc3-f3b3-4fb7-9ae4-3ed4a78bd0b8,2026-08-12T17:25:06.361680+00:00,controlled_windows_x86_64_two_cpu,NATIVE_SOFTWARE,x86_64,"AMD64 Family 23 Model 96 Stepping 1, AuthenticAMD",12,7598,Windows-11-10.0.26200-SP0,N/A (prebuilt Python extension wheel),N/A,N/A (prebuilt wheel),pqcrypto,0.4.0,ML-KEM-768,decapsulation,12,69900,30101504,True,
99947311-0ca6-4c66-85fc-a55f99fed6e6,01acefc3-f3b3-4fb7-9ae4-3ed4a78bd0b8,2026-08-12T17:25:06.361849+00:00,controlled_windows_x86_64_two_cpu,NATIVE_SOFTWARE,x86_64,"AMD64 Family 23 Model 96 Stepping 1, AuthenticAMD",12,7598,Windows-11-10.0.26200-SP0,N/A (prebuilt Python extension wheel),N/A,N/A (prebuilt wheel),pqcrypto,0.4.0,ML-KEM-768,keygen,13,177600,30101504,True,
99947311-0ca6-4c66-85fc-a55f99fed6e6,01acefc3-f3b3-4fb7-9ae4-3ed4a78bd0b8,2026-08-12T17:25:06.362304+00:00,controlled_windows_x86_64_two_cpu,NATIVE_SOFTWARE,x86_64,"AMD64 Family 23 Model 96 Stepping 1, AuthenticAMD",12,7598,Windows-11-10.0.26200-SP0,N/A (prebuilt Python extension wheel),N/A,N/A (prebuilt wheel),pqcrypto,0.4.0,ML-KEM-768,encapsulation,13,174400,30101504,True,
99947311-0ca6-4c66-85fc-a55f99fed6e6,01acefc3-f3b3-4fb7-9ae4-3ed4a78bd0b8,2026-08-12T17:25:06.362575+00:00,controlled_windows_x86_64_two_cpu,NATIVE_SOFTWARE,x86_64,"AMD64 Family 23 Model 96 Stepping 1, AuthenticAMD",12,7598,Windows-11-10.0.26200-SP0,N/A (prebuilt Python extension wheel),N/A,N/A (prebuilt wheel),pqcrypto,0.4.0,ML-KEM-768,decapsulation,13,69900,30101504,True,
99947311-0ca6-4c66-85fc-a55f99fed6e6,01acefc3-f3b3-4fb7-9ae4-3ed4a78bd0b8,2026-08-12T17:25:06.362725+00:00,controlled_windows_x86_64_two_cpu,NATIVE_SOFTWARE,x86_64,"AMD64 Family 23 Model 96 Stepping 1, AuthenticAMD",12,7598,Windows-11-10.0.26200-SP0,N/A (prebuilt Python extension wheel),N/A,N/A (prebuilt wheel),pqcrypto,0.4.0,ML-KEM-768,keygen,14,211700,30101504,True,
99947311-0ca6-4c66-85fc-a55f99fed6e6,01acefc3-f3b3-4fb7-9ae4-3ed4a78bd0b8,2026-08-12T17:25:06.363225+00:00,controlled_windows_x86_64_two_cpu,NATIVE_SOFTWARE,x86_64,"AMD64 Family 23 Model 96 Stepping 1, AuthenticAMD",12,7598,Windows-11-10.0.26200-SP0,N/A (prebuilt Python extension wheel),N/A,N/A (prebuilt wheel),pqcrypto,0.4.0,ML-KEM-768,encapsulation,14,172400,30101504,True,
99947311-0ca6-4c66-85fc-a55f99fed6e6,01acefc3-f3b3-4fb7-9ae4-3ed4a78bd0b8,2026-08-12T17:25:06.363495+00:00,controlled_windows_x86_64_two_cpu,NATIVE_SOFTWARE,x86_64,"AMD64 Family 23 Model 96 Stepping 1, AuthenticAMD",12,7598,Windows-11-10.0.26200-SP0,N/A (prebuilt Python extension wheel),N/A,N/A (prebuilt wheel),pqcrypto,0.4.0,ML-KEM-768,decapsulation,14,70000,30101504,True,
99947311-0ca6-4c66-85fc-a55f99fed6e6,01acefc3-f3b3-4fb7-9ae4-3ed4a78bd0b8,2026-08-12T17:25:06.363649+00:00,controlled_windows_x86_64_two_cpu,NATIVE_SOFTWARE,x86_64,"AMD64 Family 23 Model 96 Stepping 1, AuthenticAMD",12,7598,Windows-11-10.0.26200-SP0,N/A (prebuilt Python extension wheel),N/A,N/A (prebuilt wheel),pqcrypto,0.4.0,ML-KEM-768,keygen,15,307900,30109696,True,
99947311-0ca6-4c66-85fc-a55f99fed6e6,01acefc3-f3b3-4fb7-9ae4-3ed4a78bd0b8,2026-08-12T17:25:06.364254+00:00,controlled_windows_x86_64_two_cpu,NATIVE_SOFTWARE,x86_64,"AMD64 Family 23 Model 96 Stepping 1, AuthenticAMD",12,7598,Windows-11-10.0.26200-SP0,N/A (prebuilt Python extension wheel),N/A,N/A (prebuilt wheel),pqcrypto,0.4.0,ML-KEM-768,encapsulation,15,173600,30109696,True,
99947311-0ca6-4c66-85fc-a55f99fed6e6,01acefc3-f3b3-4fb7-9ae4-3ed4a78bd0b8,2026-08-12T17:25:06.364524+00:00,controlled_windows_x86_64_two_cpu,NATIVE_SOFTWARE,x86_64,"AMD64 Family 23 Model 96 Stepping 1, AuthenticAMD",12,7598,Windows-11-10.0.26200-SP0,N/A (prebuilt Python extension wheel),N/A,N/A (prebuilt wheel),pqcrypto,0.4.0,ML-KEM-768,decapsulation,15,70200,30109696,True,
99947311-0ca6-4c66-85fc-a55f99fed6e6,01acefc3-f3b3-4fb7-9ae4-3ed4a78bd0b8,2026-08-12T17:25:06.364674+00:00,controlled_windows_x86_64_two_cpu,NATIVE_SOFTWARE,x86_64,"AMD64 Family 23 Model 96 Stepping 1, AuthenticAMD",12,7598,Windows-11-10.0.26200-SP0,N/A (prebuilt Python extension wheel),N/A,N/A (prebuilt wheel),pqcrypto,0.4.0,ML-KEM-768,keygen,16,206600,30109696,True,
99947311-0ca6-4c66-85fc-a55f99fed6e6,01acefc3-f3b3-4fb7-9ae4-3ed4a78bd0b8,2026-08-12T17:25:06.365149+00:00,controlled_windows_x86_64_two_cpu,NATIVE_SOFTWARE,x86_64,"AMD64 Family 23 Model 96 Stepping 1, AuthenticAMD",12,7598,Windows-11-10.0.26200-SP0,N/A (prebuilt Python extension wheel),N/A,N/A (prebuilt wheel),pqcrypto,0.4.0,ML-KEM-768,encapsulation,16,173800,30109696,True,
99947311-0ca6-4c66-85fc-a55f99fed6e6,01acefc3-f3b3-4fb7-9ae4-3ed4a78bd0b8,2026-08-12T17:25:06.365418+00:00,controlled_windows_x86_64_two_cpu,NATIVE_SOFTWARE,x86_64,"AMD64 Family 23 Model 96 Stepping 1, AuthenticAMD",12,7598,Windows-11-10.0.26200-SP0,N/A (prebuilt Python extension wheel),N/A,N/A (prebuilt wheel),pqcrypto,0.4.0,ML-KEM-768,decapsulation,16,69500,30109696,True,
99947311-0ca6-4c66-85fc-a55f99fed6e6,01acefc3-f3b3-4fb7-9ae4-3ed4a78bd0b8,2026-08-12T17:25:06.365567+00:00,controlled_windows_x86_64_two_cpu,NATIVE_SOFTWARE,x86_64,"AMD64 Family 23 Model 96 Stepping 1, AuthenticAMD",12,7598,Windows-11-10.0.26200-SP0,N/A (prebuilt Python extension wheel),N/A,N/A (prebuilt wheel),pqcrypto,0.4.0,ML-KEM-768,keygen,17,178700,30109696,True,
99947311-0ca6-4c66-85fc-a55f99fed6e6,01acefc3-f3b3-4fb7-9ae4-3ed4a78bd0b8,2026-08-12T17:25:06.366041+00:00,controlled_windows_x86_64_two_cpu,NATIVE_SOFTWARE,x86_64,"AMD64 Family 23 Model 96 Stepping 1, AuthenticAMD",12,7598,Windows-11-10.0.26200-SP0,N/A (prebuilt Python extension wheel),N/A,N/A (prebuilt wheel),pqcrypto,0.4.0,ML-KEM-768,encapsulation,17,182600,30109696,True,
99947311-0ca6-4c66-85fc-a55f99fed6e6,01acefc3-f3b3-4fb7-9ae4-3ed4a78bd0b8,2026-08-12T17:25:06.366350+00:00,controlled_windows_x86_64_two_cpu,NATIVE_SOFTWARE,x86_64,"AMD64 Family 23 Model 96 Stepping 1, AuthenticAMD",12,7598,Windows-11-10.0.26200-SP0,N/A (prebuilt Python extension wheel),N/A,N/A (prebuilt wheel),pqcrypto,0.4.0,ML-KEM-768,decapsulation,17,72100,30109696,True,
99947311-0ca6-4c66-85fc-a55f99fed6e6,01acefc3-f3b3-4fb7-9ae4-3ed4a78bd0b8,2026-08-12T17:25:06.366510+00:00,controlled_windows_x86_64_two_cpu,NATIVE_SOFTWARE,x86_64,"AMD64 Family 23 Model 96 Stepping 1, AuthenticAMD",12,7598,Windows-11-10.0.26200-SP0,N/A (prebuilt Python extension wheel),N/A,N/A (prebuilt wheel),pqcrypto,0.4.0,ML-KEM-768,keygen,18,386000,30113792,True,
99947311-0ca6-4c66-85fc-a55f99fed6e6,01acefc3-f3b3-4fb7-9ae4-3ed4a78bd0b8,2026-08-12T17:25:06.367200+00:00,controlled_windows_x86_64_two_cpu,NATIVE_SOFTWARE,x86_64,"AMD64 Family 23 Model 96 Stepping 1, AuthenticAMD",12,7598,Windows-11-10.0.26200-SP0,N/A (prebuilt Python extension wheel),N/A,N/A (prebuilt wheel),pqcrypto,0.4.0,ML-KEM-768,encapsulation,18,177300,30113792,True,
99947311-0ca6-4c66-85fc-a55f99fed6e6,01acefc3-f3b3-4fb7-9ae4-3ed4a78bd0b8,2026-08-12T17:25:06.367478+00:00,controlled_windows_x86_64_two_cpu,NATIVE_SOFTWARE,x86_64,"AMD64 Family 23 Model 96 Stepping 1, AuthenticAMD",12,7598,Windows-11-10.0.26200-SP0,N/A (prebuilt Python extension wheel),N/A,N/A (prebuilt wheel),pqcrypto,0.4.0,ML-KEM-768,decapsulation,18,70700,30113792,True,
99947311-0ca6-4c66-85fc-a55f99fed6e6,01acefc3-f3b3-4fb7-9ae4-3ed4a78bd0b8,2026-08-12T17:25:06.367629+00:00,controlled_windows_x86_64_two_cpu,NATIVE_SOFTWARE,x86_64,"AMD64 Family 23 Model 96 Stepping 1, AuthenticAMD",12,7598,Windows-11-10.0.26200-SP0,N/A (prebuilt Python extension wheel),N/A,N/A (prebuilt wheel),pqcrypto,0.4.0,ML-KEM-768,keygen,19,202800,30253056,True,
99947311-0ca6-4c66-85fc-a55f99fed6e6,01acefc3-f3b3-4fb7-9ae4-3ed4a78bd0b8,2026-08-12T17:25:06.368143+00:00,controlled_windows_x86_64_two_cpu,NATIVE_SOFTWARE,x86_64,"AMD64 Family 23 Model 96 Stepping 1, AuthenticAMD",12,7598,Windows-11-10.0.26200-SP0,N/A (prebuilt Python extension wheel),N/A,N/A (prebuilt wheel),pqcrypto,0.4.0,ML-KEM-768,encapsulation,19,174800,30257152,True,
99947311-0ca6-4c66-85fc-a55f99fed6e6,01acefc3-f3b3-4fb7-9ae4-3ed4a78bd0b8,2026-08-12T17:25:06.369363+00:00,controlled_windows_x86_64_two_cpu,NATIVE_SOFTWARE,x86_64,"AMD64 Family 23 Model 96 Stepping 1, AuthenticAMD",12,7598,Windows-11-10.0.26200-SP0,N/A (prebuilt Python extension wheel),N/A,N/A (prebuilt wheel),pqcrypto,0.4.0,ML-KEM-768,decapsulation,19,77700,30257152,True,
99947311-0ca6-4c66-85fc-a55f99fed6e6,01acefc3-f3b3-4fb7-9ae4-3ed4a78bd0b8,2026-08-12T17:25:06.369532+00:00,controlled_windows_x86_64_two_cpu,NATIVE_SOFTWARE,x86_64,"AMD64 Family 23 Model 96 Stepping 1, AuthenticAMD",12,7598,Windows-11-10.0.26200-SP0,N/A (prebuilt Python extension wheel),N/A,N/A (prebuilt wheel),pqcrypto,0.4.0,ML-KEM-768,keygen,20,235000,30257152,True,
99947311-0ca6-4c66-85fc-a55f99fed6e6,01acefc3-f3b3-4fb7-9ae4-3ed4a78bd0b8,2026-08-12T17:25:06.370066+00:00,controlled_windows_x86_64_two_cpu,NATIVE_SOFTWARE,x86_64,"AMD64 Family 23 Model 96 Stepping 1, AuthenticAMD",12,7598,Windows-11-10.0.26200-SP0,N/A (prebuilt Python extension wheel),N/A,N/A (prebuilt wheel),pqcrypto,0.4.0,ML-KEM-768,encapsulation,20,175200,30257152,True,
99947311-0ca6-4c66-85fc-a55f99fed6e6,01acefc3-f3b3-4fb7-9ae4-3ed4a78bd0b8,2026-08-12T17:25:06.370336+00:00,controlled_windows_x86_64_two_cpu,NATIVE_SOFTWARE,x86_64,"AMD64 Family 23 Model 96 Stepping 1, AuthenticAMD",12,7598,Windows-11-10.0.26200-SP0,N/A (prebuilt Python extension wheel),N/A,N/A (prebuilt wheel),pqcrypto,0.4.0,ML-KEM-768,decapsulation,20,69800,30257152,True,
99947311-0ca6-4c66-85fc-a55f99fed6e6,01acefc3-f3b3-4fb7-9ae4-3ed4a78bd0b8,2026-08-12T17:25:06.370592+00:00,controlled_windows_x86_64_two_cpu,NATIVE_SOFTWARE,x86_64,"AMD64 Family 23 Model 96 Stepping 1, AuthenticAMD",12,7598,Windows-11-10.0.26200-SP0,N/A (prebuilt Python extension wheel),N/A,N/A (prebuilt wheel),pqcrypto,0.4.0,ML-KEM-768,keygen,21,237400,30257152,True,
99947311-0ca6-4c66-85fc-a55f99fed6e6,01acefc3-f3b3-4fb7-9ae4-3ed4a78bd0b8,2026-08-12T17:25:06.371114+00:00,controlled_windows_x86_64_two_cpu,NATIVE_SOFTWARE,x86_64,"AMD64 Family 23 Model 96 Stepping 1, AuthenticAMD",12,7598,Windows-11-10.0.26200-SP0,N/A (prebuilt Python extension wheel),N/A,N/A (prebuilt wheel),pqcrypto,0.4.0,ML-KEM-768,encapsulation,21,175400,30257152,True,
99947311-0ca6-4c66-85fc-a55f99fed6e6,01acefc3-f3b3-4fb7-9ae4-3ed4a78bd0b8,2026-08-12T17:25:06.371386+00:00,controlled_windows_x86_64_two_cpu,NATIVE_SOFTWARE,x86_64,"AMD64 Family 23 Model 96 Stepping 1, AuthenticAMD",12,7598,Windows-11-10.0.26200-SP0,N/A (prebuilt Python extension wheel),N/A,N/A (prebuilt wheel),pqcrypto,0.4.0,ML-KEM-768,decapsulation,21,70600,30257152,True,
99947311-0ca6-4c66-85fc-a55f99fed6e6,01acefc3-f3b3-4fb7-9ae4-3ed4a78bd0b8,2026-08-12T17:25:06.371537+00:00,controlled_windows_x86_64_two_cpu,NATIVE_SOFTWARE,x86_64,"AMD64 Family 23 Model 96 Stepping 1, AuthenticAMD",12,7598,Windows-11-10.0.26200-SP0,N/A (prebuilt Python extension wheel),N/A,N/A (prebuilt wheel),pqcrypto,0.4.0,ML-KEM-768,keygen,22,178600,30257152,True,
99947311-0ca6-4c66-85fc-a55f99fed6e6,01acefc3-f3b3-4fb7-9ae4-3ed4a78bd0b8,2026-08-12T17:25:06.372004+00:00,controlled_windows_x86_64_two_cpu,NATIVE_SOFTWARE,x86_64,"AMD64 Family 23 Model 96 Stepping 1, AuthenticAMD",12,7598,Windows-11-10.0.26200-SP0,N/A (prebuilt Python extension wheel),N/A,N/A (prebuilt wheel),pqcrypto,0.4.0,ML-KEM-768,encapsulation,22,173600,30261248,True,
99947311-0ca6-4c66-85fc-a55f99fed6e6,01acefc3-f3b3-4fb7-9ae4-3ed4a78bd0b8,2026-08-12T17:25:06.372286+00:00,controlled_windows_x86_64_two_cpu,NATIVE_SOFTWARE,x86_64,"AMD64 Family 23 Model 96 Stepping 1, AuthenticAMD",12,7598,Windows-11-10.0.26200-SP0,N/A (prebuilt Python extension wheel),N/A,N/A (prebuilt wheel),pqcrypto,0.4.0,ML-KEM-768,decapsulation,22,71000,30261248,True,
99947311-0ca6-4c66-85fc-a55f99fed6e6,01acefc3-f3b3-4fb7-9ae4-3ed4a78bd0b8,2026-08-12T17:25:06.372441+00:00,controlled_windows_x86_64_two_cpu,NATIVE_SOFTWARE,x86_64,"AMD64 Family 23 Model 96 Stepping 1, AuthenticAMD",12,7598,Windows-11-10.0.26200-SP0,N/A (prebuilt Python extension wheel),N/A,N/A (prebuilt wheel),pqcrypto,0.4.0,ML-KEM-768,keygen,23,209600,30265344,True,
99947311-0ca6-4c66-85fc-a55f99fed6e6,01acefc3-f3b3-4fb7-9ae4-3ed4a78bd0b8,2026-08-12T17:25:06.373142+00:00,controlled_windows_x86_64_two_cpu,NATIVE_SOFTWARE,x86_64,"AMD64 Family 23 Model 96 Stepping 1, AuthenticAMD",12,7598,Windows-11-10.0.26200-SP0,N/A (prebuilt Python extension wheel),N/A,N/A (prebuilt wheel),pqcrypto,0.4.0,ML-KEM-768,encapsulation,23,350200,30265344,True,
99947311-0ca6-4c66-85fc-a55f99fed6e6,01acefc3-f3b3-4fb7-9ae4-3ed4a78bd0b8,2026-08-12T17:25:06.373637+00:00,controlled_windows_x86_64_two_cpu,NATIVE_SOFTWARE,x86_64,"AMD64 Family 23 Model 96 Stepping 1, AuthenticAMD",12,7598,Windows-11-10.0.26200-SP0,N/A (prebuilt Python extension wheel),N/A,N/A (prebuilt wheel),pqcrypto,0.4.0,ML-KEM-768,decapsulation,23,72500,30265344,True,
99947311-0ca6-4c66-85fc-a55f99fed6e6,01acefc3-f3b3-4fb7-9ae4-3ed4a78bd0b8,2026-08-12T17:25:06.373823+00:00,controlled_windows_x86_64_two_cpu,NATIVE_SOFTWARE,x86_64,"AMD64 Family 23 Model 96 Stepping 1, AuthenticAMD",12,7598,Windows-11-10.0.26200-SP0,N/A (prebuilt Python extension wheel),N/A,N/A (prebuilt wheel),pqcrypto,0.4.0,ML-KEM-768,keygen,24,199000,30265344,True,
99947311-0ca6-4c66-85fc-a55f99fed6e6,01acefc3-f3b3-4fb7-9ae4-3ed4a78bd0b8,2026-08-12T17:25:06.374290+00:00,controlled_windows_x86_64_two_cpu,NATIVE_SOFTWARE,x86_64,"AMD64 Family 23 Model 96 Stepping 1, AuthenticAMD",12,7598,Windows-11-10.0.26200-SP0,N/A (prebuilt Python extension wheel),N/A,N/A (prebuilt wheel),pqcrypto,0.4.0,ML-KEM-768,encapsulation,24,174400,30265344,True,
99947311-0ca6-4c66-85fc-a55f99fed6e6,01acefc3-f3b3-4fb7-9ae4-3ed4a78bd0b8,2026-08-12T17:25:06.374560+00:00,controlled_windows_x86_64_two_cpu,NATIVE_SOFTWARE,x86_64,"AMD64 Family 23 Model 96 Stepping 1, AuthenticAMD",12,7598,Windows-11-10.0.26200-SP0,N/A (prebuilt Python extension wheel),N/A,N/A (prebuilt wheel),pqcrypto,0.4.0,ML-KEM-768,decapsulation,24,69800,30265344,True,
99947311-0ca6-4c66-85fc-a55f99fed6e6,01acefc3-f3b3-4fb7-9ae4-3ed4a78bd0b8,2026-08-12T17:25:06.374709+00:00,controlled_windows_x86_64_two_cpu,NATIVE_SOFTWARE,x86_64,"AMD64 Family 23 Model 96 Stepping 1, AuthenticAMD",12,7598,Windows-11-10.0.26200-SP0,N/A (prebuilt Python extension wheel),N/A,N/A (prebuilt wheel),pqcrypto,0.4.0,ML-KEM-768,keygen,25,195200,30265344,True,
99947311-0ca6-4c66-85fc-a55f99fed6e6,01acefc3-f3b3-4fb7-9ae4-3ed4a78bd0b8,2026-08-12T17:25:06.375177+00:00,controlled_windows_x86_64_two_cpu,NATIVE_SOFTWARE,x86_64,"AMD64 Family 23 Model 96 Stepping 1, AuthenticAMD",12,7598,Windows-11-10.0.26200-SP0,N/A (prebuilt Python extension wheel),N/A,N/A (prebuilt wheel),pqcrypto,0.4.0,ML-KEM-768,encapsulation,25,174500,30265344,True,
99947311-0ca6-4c66-85fc-a55f99fed6e6,01acefc3-f3b3-4fb7-9ae4-3ed4a78bd0b8,2026-08-12T17:25:06.375445+00:00,controlled_windows_x86_64_two_cpu,NATIVE_SOFTWARE,x86_64,"AMD64 Family 23 Model 96 Stepping 1, AuthenticAMD",12,7598,Windows-11-10.0.26200-SP0,N/A (prebuilt Python extension wheel),N/A,N/A (prebuilt wheel),pqcrypto,0.4.0,ML-KEM-768,decapsulation,25,69900,30265344,True,
99947311-0ca6-4c66-85fc-a55f99fed6e6,01acefc3-f3b3-4fb7-9ae4-3ed4a78bd0b8,2026-08-12T17:25:06.375595+00:00,controlled_windows_x86_64_two_cpu,NATIVE_SOFTWARE,x86_64,"AMD64 Family 23 Model 96 Stepping 1, AuthenticAMD",12,7598,Windows-11-10.0.26200-SP0,N/A (prebuilt Python extension wheel),N/A,N/A (prebuilt wheel),pqcrypto,0.4.0,ML-KEM-768,keygen,26,175300,30265344,True,
99947311-0ca6-4c66-85fc-a55f99fed6e6,01acefc3-f3b3-4fb7-9ae4-3ed4a78bd0b8,2026-08-12T17:25:06.376055+00:00,controlled_windows_x86_64_two_cpu,NATIVE_SOFTWARE,x86_64,"AMD64 Family 23 Model 96 Stepping 1, AuthenticAMD",12,7598,Windows-11-10.0.26200-SP0,N/A (prebuilt Python extension wheel),N/A,N/A (prebuilt wheel),pqcrypto,0.4.0,ML-KEM-768,encapsulation,26,173500,30265344,True,
99947311-0ca6-4c66-85fc-a55f99fed6e6,01acefc3-f3b3-4fb7-9ae4-3ed4a78bd0b8,2026-08-12T17:25:06.376323+00:00,controlled_windows_x86_64_two_cpu,NATIVE_SOFTWARE,x86_64,"AMD64 Family 23 Model 96 Stepping 1, AuthenticAMD",12,7598,Windows-11-10.0.26200-SP0,N/A (prebuilt Python extension wheel),N/A,N/A (prebuilt wheel),pqcrypto,0.4.0,ML-KEM-768,decapsulation,26,70000,30265344,True,
99947311-0ca6-4c66-85fc-a55f99fed6e6,01acefc3-f3b3-4fb7-9ae4-3ed4a78bd0b8,2026-08-12T17:25:06.376474+00:00,controlled_windows_x86_64_two_cpu,NATIVE_SOFTWARE,x86_64,"AMD64 Family 23 Model 96 Stepping 1, AuthenticAMD",12,7598,Windows-11-10.0.26200-SP0,N/A (prebuilt Python extension wheel),N/A,N/A (prebuilt wheel),pqcrypto,0.4.0,ML-KEM-768,keygen,27,177100,30265344,True,
99947311-0ca6-4c66-85fc-a55f99fed6e6,01acefc3-f3b3-4fb7-9ae4-3ed4a78bd0b8,2026-08-12T17:25:06.376952+00:00,controlled_windows_x86_64_two_cpu,NATIVE_SOFTWARE,x86_64,"AMD64 Family 23 Model 96 Stepping 1, AuthenticAMD",12,7598,Windows-11-10.0.26200-SP0,N/A (prebuilt Python extension wheel),N/A,N/A (prebuilt wheel),pqcrypto,0.4.0,ML-KEM-768,encapsulation,27,221700,30265344,True,
99947311-0ca6-4c66-85fc-a55f99fed6e6,01acefc3-f3b3-4fb7-9ae4-3ed4a78bd0b8,2026-08-12T17:25:06.377273+00:00,controlled_windows_x86_64_two_cpu,NATIVE_SOFTWARE,x86_64,"AMD64 Family 23 Model 96 Stepping 1, AuthenticAMD",12,7598,Windows-11-10.0.26200-SP0,N/A (prebuilt Python extension wheel),N/A,N/A (prebuilt wheel),pqcrypto,0.4.0,ML-KEM-768,decapsulation,27,70400,30265344,True,
99947311-0ca6-4c66-85fc-a55f99fed6e6,01acefc3-f3b3-4fb7-9ae4-3ed4a78bd0b8,2026-08-12T17:25:06.377507+00:00,controlled_windows_x86_64_two_cpu,NATIVE_SOFTWARE,x86_64,"AMD64 Family 23 Model 96 Stepping 1, AuthenticAMD",12,7598,Windows-11-10.0.26200-SP0,N/A (prebuilt Python extension wheel),N/A,N/A (prebuilt wheel),pqcrypto,0.4.0,ML-KEM-768,keygen,28,194100,30265344,True,
99947311-0ca6-4c66-85fc-a55f99fed6e6,01acefc3-f3b3-4fb7-9ae4-3ed4a78bd0b8,2026-08-12T17:25:06.378004+00:00,controlled_windows_x86_64_two_cpu,NATIVE_SOFTWARE,x86_64,"AMD64 Family 23 Model 96 Stepping 1, AuthenticAMD",12,7598,Windows-11-10.0.26200-SP0,N/A (prebuilt Python extension wheel),N/A,N/A (prebuilt wheel),pqcrypto,0.4.0,ML-KEM-768,encapsulation,28,187100,30265344,True,
99947311-0ca6-4c66-85fc-a55f99fed6e6,01acefc3-f3b3-4fb7-9ae4-3ed4a78bd0b8,2026-08-12T17:25:06.378288+00:00,controlled_windows_x86_64_two_cpu,NATIVE_SOFTWARE,x86_64,"AMD64 Family 23 Model 96 Stepping 1, AuthenticAMD",12,7598,Windows-11-10.0.26200-SP0,N/A (prebuilt Python extension wheel),N/A,N/A (prebuilt wheel),pqcrypto,0.4.0,ML-KEM-768,decapsulation,28,70000,30265344,True,
99947311-0ca6-4c66-85fc-a55f99fed6e6,01acefc3-f3b3-4fb7-9ae4-3ed4a78bd0b8,2026-08-12T17:25:06.378438+00:00,controlled_windows_x86_64_two_cpu,NATIVE_SOFTWARE,x86_64,"AMD64 Family 23 Model 96 Stepping 1, AuthenticAMD",12,7598,Windows-11-10.0.26200-SP0,N/A (prebuilt Python extension wheel),N/A,N/A (prebuilt wheel),pqcrypto,0.4.0,ML-KEM-768,keygen,29,175500,30265344,True,
99947311-0ca6-4c66-85fc-a55f99fed6e6,01acefc3-f3b3-4fb7-9ae4-3ed4a78bd0b8,2026-08-12T17:25:06.378912+00:00,controlled_windows_x86_64_two_cpu,NATIVE_SOFTWARE,x86_64,"AMD64 Family 23 Model 96 Stepping 1, AuthenticAMD",12,7598,Windows-11-10.0.26200-SP0,N/A (prebuilt Python extension wheel),N/A,N/A (prebuilt wheel),pqcrypto,0.4.0,ML-KEM-768,encapsulation,29,183800,30265344,True,
99947311-0ca6-4c66-85fc-a55f99fed6e6,01acefc3-f3b3-4fb7-9ae4-3ed4a78bd0b8,2026-08-12T17:25:06.379190+00:00,controlled_windows_x86_64_two_cpu,NATIVE_SOFTWARE,x86_64,"AMD64 Family 23 Model 96 Stepping 1, AuthenticAMD",12,7598,Windows-11-10.0.26200-SP0,N/A (prebuilt Python extension wheel),N/A,N/A (prebuilt wheel),pqcrypto,0.4.0,ML-KEM-768,decapsulation,29,74100,30265344,True,
99947311-0ca6-4c66-85fc-a55f99fed6e6,01acefc3-f3b3-4fb7-9ae4-3ed4a78bd0b8,2026-08-12T17:25:06.379344+00:00,controlled_windows_x86_64_two_cpu,NATIVE_SOFTWARE,x86_64,"AMD64 Family 23 Model 96 Stepping 1, AuthenticAMD",12,7598,Windows-11-10.0.26200-SP0,N/A (prebuilt Python extension wheel),N/A,N/A (prebuilt wheel),pqcrypto,0.4.0,ML-KEM-768,keygen,30,177500,30269440,True,
99947311-0ca6-4c66-85fc-a55f99fed6e6,01acefc3-f3b3-4fb7-9ae4-3ed4a78bd0b8,2026-08-12T17:25:06.379813+00:00,controlled_windows_x86_64_two_cpu,NATIVE_SOFTWARE,x86_64,"AMD64 Family 23 Model 96 Stepping 1, AuthenticAMD",12,7598,Windows-11-10.0.26200-SP0,N/A (prebuilt Python extension wheel),N/A,N/A (prebuilt wheel),pqcrypto,0.4.0,ML-KEM-768,encapsulation,30,180900,30269440,True,
99947311-0ca6-4c66-85fc-a55f99fed6e6,01acefc3-f3b3-4fb7-9ae4-3ed4a78bd0b8,2026-08-12T17:25:06.380124+00:00,controlled_windows_x86_64_two_cpu,NATIVE_SOFTWARE,x86_64,"AMD64 Family 23 Model 96 Stepping 1, AuthenticAMD",12,7598,Windows-11-10.0.26200-SP0,N/A (prebuilt Python extension wheel),N/A,N/A (prebuilt wheel),pqcrypto,0.4.0,ML-KEM-768,decapsulation,30,73000,30269440,True,
99947311-0ca6-4c66-85fc-a55f99fed6e6,01acefc3-f3b3-4fb7-9ae4-3ed4a78bd0b8,2026-08-12T17:25:06.380283+00:00,controlled_windows_x86_64_two_cpu,NATIVE_SOFTWARE,x86_64,"AMD64 Family 23 Model 96 Stepping 1, AuthenticAMD",12,7598,Windows-11-10.0.26200-SP0,N/A (prebuilt Python extension wheel),N/A,N/A (prebuilt wheel),pqcrypto,0.4.0,ML-KEM-768,keygen,31,380100,30269440,True,
99947311-0ca6-4c66-85fc-a55f99fed6e6,01acefc3-f3b3-4fb7-9ae4-3ed4a78bd0b8,2026-08-12T17:25:06.380998+00:00,controlled_windows_x86_64_two_cpu,NATIVE_SOFTWARE,x86_64,"AMD64 Family 23 Model 96 Stepping 1, AuthenticAMD",12,7598,Windows-11-10.0.26200-SP0,N/A (prebuilt Python extension wheel),N/A,N/A (prebuilt wheel),pqcrypto,0.4.0,ML-KEM-768,encapsulation,31,180900,30269440,True,
99947311-0ca6-4c66-85fc-a55f99fed6e6,01acefc3-f3b3-4fb7-9ae4-3ed4a78bd0b8,2026-08-12T17:25:06.381280+00:00,controlled_windows_x86_64_two_cpu,NATIVE_SOFTWARE,x86_64,"AMD64 Family 23 Model 96 Stepping 1, AuthenticAMD",12,7598,Windows-11-10.0.26200-SP0,N/A (prebuilt Python extension wheel),N/A,N/A (prebuilt wheel),pqcrypto,0.4.0,ML-KEM-768,decapsulation,31,70700,30273536,True,
99947311-0ca6-4c66-85fc-a55f99fed6e6,01acefc3-f3b3-4fb7-9ae4-3ed4a78bd0b8,2026-08-12T17:25:06.381439+00:00,controlled_windows_x86_64_two_cpu,NATIVE_SOFTWARE,x86_64,"AMD64 Family 23 Model 96 Stepping 1, AuthenticAMD",12,7598,Windows-11-10.0.26200-SP0,N/A (prebuilt Python extension wheel),N/A,N/A (prebuilt wheel),pqcrypto,0.4.0,ML-KEM-768,keygen,32,178400,30273536,True,
99947311-0ca6-4c66-85fc-a55f99fed6e6,01acefc3-f3b3-4fb7-9ae4-3ed4a78bd0b8,2026-08-12T17:25:06.381898+00:00,controlled_windows_x86_64_two_cpu,NATIVE_SOFTWARE,x86_64,"AMD64 Family 23 Model 96 Stepping 1, AuthenticAMD",12,7598,Windows-11-10.0.26200-SP0,N/A (prebuilt Python extension wheel),N/A,N/A (prebuilt wheel),pqcrypto,0.4.0,ML-KEM-768,encapsulation,32,173900,30273536,True,
99947311-0ca6-4c66-85fc-a55f99fed6e6,01acefc3-f3b3-4fb7-9ae4-3ed4a78bd0b8,2026-08-12T17:25:06.382571+00:00,controlled_windows_x86_64_two_cpu,NATIVE_SOFTWARE,x86_64,"AMD64 Family 23 Model 96 Stepping 1, AuthenticAMD",12,7598,Windows-11-10.0.26200-SP0,N/A (prebuilt Python extension wheel),N/A,N/A (prebuilt wheel),pqcrypto,0.4.0,ML-KEM-768,decapsulation,32,71500,30273536,True,
99947311-0ca6-4c66-85fc-a55f99fed6e6,01acefc3-f3b3-4fb7-9ae4-3ed4a78bd0b8,2026-08-12T17:25:06.382723+00:00,controlled_windows_x86_64_two_cpu,NATIVE_SOFTWARE,x86_64,"AMD64 Family 23 Model 96 Stepping 1, AuthenticAMD",12,7598,Windows-11-10.0.26200-SP0,N/A (prebuilt Python extension wheel),N/A,N/A (prebuilt wheel),pqcrypto,0.4.0,ML-KEM-768,keygen,33,223100,30273536,True,
99947311-0ca6-4c66-85fc-a55f99fed6e6,01acefc3-f3b3-4fb7-9ae4-3ed4a78bd0b8,2026-08-12T17:25:06.383216+00:00,controlled_windows_x86_64_two_cpu,NATIVE_SOFTWARE,x86_64,"AMD64 Family 23 Model 96 Stepping 1, AuthenticAMD",12,7598,Windows-11-10.0.26200-SP0,N/A (prebuilt Python extension wheel),N/A,N/A (prebuilt wheel),pqcrypto,0.4.0,ML-KEM-768,encapsulation,33,176000,30273536,True,
99947311-0ca6-4c66-85fc-a55f99fed6e6,01acefc3-f3b3-4fb7-9ae4-3ed4a78bd0b8,2026-08-12T17:25:06.383485+00:00,controlled_windows_x86_64_two_cpu,NATIVE_SOFTWARE,x86_64,"AMD64 Family 23 Model 96 Stepping 1, AuthenticAMD",12,7598,Windows-11-10.0.26200-SP0,N/A (prebuilt Python extension wheel),N/A,N/A (prebuilt wheel),pqcrypto,0.4.0,ML-KEM-768,decapsulation,33,69700,30273536,True,
99947311-0ca6-4c66-85fc-a55f99fed6e6,01acefc3-f3b3-4fb7-9ae4-3ed4a78bd0b8,2026-08-12T17:25:06.383633+00:00,controlled_windows_x86_64_two_cpu,NATIVE_SOFTWARE,x86_64,"AMD64 Family 23 Model 96 Stepping 1, AuthenticAMD",12,7598,Windows-11-10.0.26200-SP0,N/A (prebuilt Python extension wheel),N/A,N/A (prebuilt wheel),pqcrypto,0.4.0,ML-KEM-768,keygen,34,190700,30273536,True,
99947311-0ca6-4c66-85fc-a55f99fed6e6,01acefc3-f3b3-4fb7-9ae4-3ed4a78bd0b8,2026-08-12T17:25:06.384087+00:00,controlled_windows_x86_64_two_cpu,NATIVE_SOFTWARE,x86_64,"AMD64 Family 23 Model 96 Stepping 1, AuthenticAMD",12,7598,Windows-11-10.0.26200-SP0,N/A (prebuilt Python extension wheel),N/A,N/A (prebuilt wheel),pqcrypto,0.4.0,ML-KEM-768,encapsulation,34,173800,30273536,True,
99947311-0ca6-4c66-85fc-a55f99fed6e6,01acefc3-f3b3-4fb7-9ae4-3ed4a78bd0b8,2026-08-12T17:25:06.384356+00:00,controlled_windows_x86_64_two_cpu,NATIVE_SOFTWARE,x86_64,"AMD64 Family 23 Model 96 Stepping 1, AuthenticAMD",12,7598,Windows-11-10.0.26200-SP0,N/A (prebuilt Python extension wheel),N/A,N/A (prebuilt wheel),pqcrypto,0.4.0,ML-KEM-768,decapsulation,34,153900,30273536,True,
99947311-0ca6-4c66-85fc-a55f99fed6e6,01acefc3-f3b3-4fb7-9ae4-3ed4a78bd0b8,2026-08-12T17:25:06.384597+00:00,controlled_windows_x86_64_two_cpu,NATIVE_SOFTWARE,x86_64,"AMD64 Family 23 Model 96 Stepping 1, AuthenticAMD",12,7598,Windows-11-10.0.26200-SP0,N/A (prebuilt Python extension wheel),N/A,N/A (prebuilt wheel),pqcrypto,0.4.0,ML-KEM-768,keygen,35,215500,30273536,True,
99947311-0ca6-4c66-85fc-a55f99fed6e6,01acefc3-f3b3-4fb7-9ae4-3ed4a78bd0b8,2026-08-12T17:25:06.385083+00:00,controlled_windows_x86_64_two_cpu,NATIVE_SOFTWARE,x86_64,"AMD64 Family 23 Model 96 Stepping 1, AuthenticAMD",12,7598,Windows-11-10.0.26200-SP0,N/A (prebuilt Python extension wheel),N/A,N/A (prebuilt wheel),pqcrypto,0.4.0,ML-KEM-768,encapsulation,35,182800,30273536,True,
99947311-0ca6-4c66-85fc-a55f99fed6e6,01acefc3-f3b3-4fb7-9ae4-3ed4a78bd0b8,2026-08-12T17:25:06.385360+00:00,controlled_windows_x86_64_two_cpu,NATIVE_SOFTWARE,x86_64,"AMD64 Family 23 Model 96 Stepping 1, AuthenticAMD",12,7598,Windows-11-10.0.26200-SP0,N/A (prebuilt Python extension wheel),N/A,N/A (prebuilt wheel),pqcrypto,0.4.0,ML-KEM-768,decapsulation,35,70000,30273536,True,
99947311-0ca6-4c66-85fc-a55f99fed6e6,01acefc3-f3b3-4fb7-9ae4-3ed4a78bd0b8,2026-08-12T17:25:06.385510+00:00,controlled_windows_x86_64_two_cpu,NATIVE_SOFTWARE,x86_64,"AMD64 Family 23 Model 96 Stepping 1, AuthenticAMD",12,7598,Windows-11-10.0.26200-SP0,N/A (prebuilt Python extension wheel),N/A,N/A (prebuilt wheel),pqcrypto,0.4.0,ML-KEM-768,keygen,36,176100,30273536,True,
99947311-0ca6-4c66-85fc-a55f99fed6e6,01acefc3-f3b3-4fb7-9ae4-3ed4a78bd0b8,2026-08-12T17:25:06.385972+00:00,controlled_windows_x86_64_two_cpu,NATIVE_SOFTWARE,x86_64,"AMD64 Family 23 Model 96 Stepping 1, AuthenticAMD",12,7598,Windows-11-10.0.26200-SP0,N/A (prebuilt Python extension wheel),N/A,N/A (prebuilt wheel),pqcrypto,0.4.0,ML-KEM-768,encapsulation,36,173400,30273536,True,
99947311-0ca6-4c66-85fc-a55f99fed6e6,01acefc3-f3b3-4fb7-9ae4-3ed4a78bd0b8,2026-08-12T17:25:06.386242+00:00,controlled_windows_x86_64_two_cpu,NATIVE_SOFTWARE,x86_64,"AMD64 Family 23 Model 96 Stepping 1, AuthenticAMD",12,7598,Windows-11-10.0.26200-SP0,N/A (prebuilt Python extension wheel),N/A,N/A (prebuilt wheel),pqcrypto,0.4.0,ML-KEM-768,decapsulation,36,70200,30273536,True,
99947311-0ca6-4c66-85fc-a55f99fed6e6,01acefc3-f3b3-4fb7-9ae4-3ed4a78bd0b8,2026-08-12T17:25:06.386394+00:00,controlled_windows_x86_64_two_cpu,NATIVE_SOFTWARE,x86_64,"AMD64 Family 23 Model 96 Stepping 1, AuthenticAMD",12,7598,Windows-11-10.0.26200-SP0,N/A (prebuilt Python extension wheel),N/A,N/A (prebuilt wheel),pqcrypto,0.4.0,ML-KEM-768,keygen,37,192500,30273536,True,
99947311-0ca6-4c66-85fc-a55f99fed6e6,01acefc3-f3b3-4fb7-9ae4-3ed4a78bd0b8,2026-08-12T17:25:06.386940+00:00,controlled_windows_x86_64_two_cpu,NATIVE_SOFTWARE,x86_64,"AMD64 Family 23 Model 96 Stepping 1, AuthenticAMD",12,7598,Windows-11-10.0.26200-SP0,N/A (prebuilt Python extension wheel),N/A,N/A (prebuilt wheel),pqcrypto,0.4.0,ML-KEM-768,encapsulation,37,368500,30273536,True,
99947311-0ca6-4c66-85fc-a55f99fed6e6,01acefc3-f3b3-4fb7-9ae4-3ed4a78bd0b8,2026-08-12T17:25:06.387456+00:00,controlled_windows_x86_64_two_cpu,NATIVE_SOFTWARE,x86_64,"AMD64 Family 23 Model 96 Stepping 1, AuthenticAMD",12,7598,Windows-11-10.0.26200-SP0,N/A (prebuilt Python extension wheel),N/A,N/A (prebuilt wheel),pqcrypto,0.4.0,ML-KEM-768,decapsulation,37,72500,30273536,True,
99947311-0ca6-4c66-85fc-a55f99fed6e6,01acefc3-f3b3-4fb7-9ae4-3ed4a78bd0b8,2026-08-12T17:25:06.387614+00:00,controlled_windows_x86_64_two_cpu,NATIVE_SOFTWARE,x86_64,"AMD64 Family 23 Model 96 Stepping 1, AuthenticAMD",12,7598,Windows-11-10.0.26200-SP0,N/A (prebuilt Python extension wheel),N/A,N/A (prebuilt wheel),pqcrypto,0.4.0,ML-KEM-768,keygen,38,310700,30273536,True,
99947311-0ca6-4c66-85fc-a55f99fed6e6,01acefc3-f3b3-4fb7-9ae4-3ed4a78bd0b8,2026-08-12T17:25:06.388250+00:00,controlled_windows_x86_64_two_cpu,NATIVE_SOFTWARE,x86_64,"AMD64 Family 23 Model 96 Stepping 1, AuthenticAMD",12,7598,Windows-11-10.0.26200-SP0,N/A (prebuilt Python extension wheel),N/A,N/A (prebuilt wheel),pqcrypto,0.4.0,ML-KEM-768,encapsulation,38,187900,30273536,True,
99947311-0ca6-4c66-85fc-a55f99fed6e6,01acefc3-f3b3-4fb7-9ae4-3ed4a78bd0b8,2026-08-12T17:25:06.388539+00:00,controlled_windows_x86_64_two_cpu,NATIVE_SOFTWARE,x86_64,"AMD64 Family 23 Model 96 Stepping 1, AuthenticAMD",12,7598,Windows-11-10.0.26200-SP0,N/A (prebuilt Python extension wheel),N/A,N/A (prebuilt wheel),pqcrypto,0.4.0,ML-KEM-768,decapsulation,38,70400,30273536,True,
99947311-0ca6-4c66-85fc-a55f99fed6e6,01acefc3-f3b3-4fb7-9ae4-3ed4a78bd0b8,2026-08-12T17:25:06.388691+00:00,controlled_windows_x86_64_two_cpu,NATIVE_SOFTWARE,x86_64,"AMD64 Family 23 Model 96 Stepping 1, AuthenticAMD",12,7598,Windows-11-10.0.26200-SP0,N/A (prebuilt Python extension wheel),N/A,N/A (prebuilt wheel),pqcrypto,0.4.0,ML-KEM-768,keygen,39,222000,30273536,True,
99947311-0ca6-4c66-85fc-a55f99fed6e6,01acefc3-f3b3-4fb7-9ae4-3ed4a78bd0b8,2026-08-12T17:25:06.389182+00:00,controlled_windows_x86_64_two_cpu,NATIVE_SOFTWARE,x86_64,"AMD64 Family 23 Model 96 Stepping 1, AuthenticAMD",12,7598,Windows-11-10.0.26200-SP0,N/A (prebuilt Python extension wheel),N/A,N/A (prebuilt wheel),pqcrypto,0.4.0,ML-KEM-768,encapsulation,39,174800,30273536,True,
99947311-0ca6-4c66-85fc-a55f99fed6e6,01acefc3-f3b3-4fb7-9ae4-3ed4a78bd0b8,2026-08-12T17:25:06.389455+00:00,controlled_windows_x86_64_two_cpu,NATIVE_SOFTWARE,x86_64,"AMD64 Family 23 Model 96 Stepping 1, AuthenticAMD",12,7598,Windows-11-10.0.26200-SP0,N/A (prebuilt Python extension wheel),N/A,N/A (prebuilt wheel),pqcrypto,0.4.0,ML-KEM-768,decapsulation,39,74700,30273536,True,
99947311-0ca6-4c66-85fc-a55f99fed6e6,01acefc3-f3b3-4fb7-9ae4-3ed4a78bd0b8,2026-08-12T17:25:06.389611+00:00,controlled_windows_x86_64_two_cpu,NATIVE_SOFTWARE,x86_64,"AMD64 Family 23 Model 96 Stepping 1, AuthenticAMD",12,7598,Windows-11-10.0.26200-SP0,N/A (prebuilt Python extension wheel),N/A,N/A (prebuilt wheel),pqcrypto,0.4.0,ML-KEM-768,keygen,40,189100,30273536,True,
99947311-0ca6-4c66-85fc-a55f99fed6e6,01acefc3-f3b3-4fb7-9ae4-3ed4a78bd0b8,2026-08-12T17:25:06.390068+00:00,controlled_windows_x86_64_two_cpu,NATIVE_SOFTWARE,x86_64,"AMD64 Family 23 Model 96 Stepping 1, AuthenticAMD",12,7598,Windows-11-10.0.26200-SP0,N/A (prebuilt Python extension wheel),N/A,N/A (prebuilt wheel),pqcrypto,0.4.0,ML-KEM-768,encapsulation,40,174300,30273536,True,
99947311-0ca6-4c66-85fc-a55f99fed6e6,01acefc3-f3b3-4fb7-9ae4-3ed4a78bd0b8,2026-08-12T17:25:06.390337+00:00,controlled_windows_x86_64_two_cpu,NATIVE_SOFTWARE,x86_64,"AMD64 Family 23 Model 96 Stepping 1, AuthenticAMD",12,7598,Windows-11-10.0.26200-SP0,N/A (prebuilt Python extension wheel),N/A,N/A (prebuilt wheel),pqcrypto,0.4.0,ML-KEM-768,decapsulation,40,70100,30273536,True,
99947311-0ca6-4c66-85fc-a55f99fed6e6,01acefc3-f3b3-4fb7-9ae4-3ed4a78bd0b8,2026-08-12T17:25:06.390488+00:00,controlled_windows_x86_64_two_cpu,NATIVE_SOFTWARE,x86_64,"AMD64 Family 23 Model 96 Stepping 1, AuthenticAMD",12,7598,Windows-11-10.0.26200-SP0,N/A (prebuilt Python extension wheel),N/A,N/A (prebuilt wheel),pqcrypto,0.4.0,ML-KEM-768,keygen,41,175600,30273536,True,
99947311-0ca6-4c66-85fc-a55f99fed6e6,01acefc3-f3b3-4fb7-9ae4-3ed4a78bd0b8,2026-08-12T17:25:06.390945+00:00,controlled_windows_x86_64_two_cpu,NATIVE_SOFTWARE,x86_64,"AMD64 Family 23 Model 96 Stepping 1, AuthenticAMD",12,7598,Windows-11-10.0.26200-SP0,N/A (prebuilt Python extension wheel),N/A,N/A (prebuilt wheel),pqcrypto,0.4.0,ML-KEM-768,encapsulation,41,172600,30273536,True,
99947311-0ca6-4c66-85fc-a55f99fed6e6,01acefc3-f3b3-4fb7-9ae4-3ed4a78bd0b8,2026-08-12T17:25:06.391215+00:00,controlled_windows_x86_64_two_cpu,NATIVE_SOFTWARE,x86_64,"AMD64 Family 23 Model 96 Stepping 1, AuthenticAMD",12,7598,Windows-11-10.0.26200-SP0,N/A (prebuilt Python extension wheel),N/A,N/A (prebuilt wheel),pqcrypto,0.4.0,ML-KEM-768,decapsulation,41,70100,30273536,True,
99947311-0ca6-4c66-85fc-a55f99fed6e6,01acefc3-f3b3-4fb7-9ae4-3ed4a78bd0b8,2026-08-12T17:25:06.391395+00:00,controlled_windows_x86_64_two_cpu,NATIVE_SOFTWARE,x86_64,"AMD64 Family 23 Model 96 Stepping 1, AuthenticAMD",12,7598,Windows-11-10.0.26200-SP0,N/A (prebuilt Python extension wheel),N/A,N/A (prebuilt wheel),pqcrypto,0.4.0,ML-KEM-768,keygen,42,219600,30273536,True,
99947311-0ca6-4c66-85fc-a55f99fed6e6,01acefc3-f3b3-4fb7-9ae4-3ed4a78bd0b8,2026-08-12T17:25:06.391936+00:00,controlled_windows_x86_64_two_cpu,NATIVE_SOFTWARE,x86_64,"AMD64 Family 23 Model 96 Stepping 1, AuthenticAMD",12,7598,Windows-11-10.0.26200-SP0,N/A (prebuilt Python extension wheel),N/A,N/A (prebuilt wheel),pqcrypto,0.4.0,ML-KEM-768,encapsulation,42,178000,30273536,True,
99947311-0ca6-4c66-85fc-a55f99fed6e6,01acefc3-f3b3-4fb7-9ae4-3ed4a78bd0b8,2026-08-12T17:25:06.392214+00:00,controlled_windows_x86_64_two_cpu,NATIVE_SOFTWARE,x86_64,"AMD64 Family 23 Model 96 Stepping 1, AuthenticAMD",12,7598,Windows-11-10.0.26200-SP0,N/A (prebuilt Python extension wheel),N/A,N/A (prebuilt wheel),pqcrypto,0.4.0,ML-KEM-768,decapsulation,42,70200,30273536,True,
99947311-0ca6-4c66-85fc-a55f99fed6e6,01acefc3-f3b3-4fb7-9ae4-3ed4a78bd0b8,2026-08-12T17:25:06.392364+00:00,controlled_windows_x86_64_two_cpu,NATIVE_SOFTWARE,x86_64,"AMD64 Family 23 Model 96 Stepping 1, AuthenticAMD",12,7598,Windows-11-10.0.26200-SP0,N/A (prebuilt Python extension wheel),N/A,N/A (prebuilt wheel),pqcrypto,0.4.0,ML-KEM-768,keygen,43,176100,30273536,True,
99947311-0ca6-4c66-85fc-a55f99fed6e6,01acefc3-f3b3-4fb7-9ae4-3ed4a78bd0b8,2026-08-12T17:25:06.392817+00:00,controlled_windows_x86_64_two_cpu,NATIVE_SOFTWARE,x86_64,"AMD64 Family 23 Model 96 Stepping 1, AuthenticAMD",12,7598,Windows-11-10.0.26200-SP0,N/A (prebuilt Python extension wheel),N/A,N/A (prebuilt wheel),pqcrypto,0.4.0,ML-KEM-768,encapsulation,43,175000,30273536,True,
99947311-0ca6-4c66-85fc-a55f99fed6e6,01acefc3-f3b3-4fb7-9ae4-3ed4a78bd0b8,2026-08-12T17:25:06.393088+00:00,controlled_windows_x86_64_two_cpu,NATIVE_SOFTWARE,x86_64,"AMD64 Family 23 Model 96 Stepping 1, AuthenticAMD",12,7598,Windows-11-10.0.26200-SP0,N/A (prebuilt Python extension wheel),N/A,N/A (prebuilt wheel),pqcrypto,0.4.0,ML-KEM-768,decapsulation,43,70400,30273536,True,
99947311-0ca6-4c66-85fc-a55f99fed6e6,01acefc3-f3b3-4fb7-9ae4-3ed4a78bd0b8,2026-08-12T17:25:06.393239+00:00,controlled_windows_x86_64_two_cpu,NATIVE_SOFTWARE,x86_64,"AMD64 Family 23 Model 96 Stepping 1, AuthenticAMD",12,7598,Windows-11-10.0.26200-SP0,N/A (prebuilt Python extension wheel),N/A,N/A (prebuilt wheel),pqcrypto,0.4.0,ML-KEM-768,keygen,44,178300,30277632,True,
99947311-0ca6-4c66-85fc-a55f99fed6e6,01acefc3-f3b3-4fb7-9ae4-3ed4a78bd0b8,2026-08-12T17:25:06.393704+00:00,controlled_windows_x86_64_two_cpu,NATIVE_SOFTWARE,x86_64,"AMD64 Family 23 Model 96 Stepping 1, AuthenticAMD",12,7598,Windows-11-10.0.26200-SP0,N/A (prebuilt Python extension wheel),N/A,N/A (prebuilt wheel),pqcrypto,0.4.0,ML-KEM-768,encapsulation,44,201700,30277632,True,
99947311-0ca6-4c66-85fc-a55f99fed6e6,01acefc3-f3b3-4fb7-9ae4-3ed4a78bd0b8,2026-08-12T17:25:06.394051+00:00,controlled_windows_x86_64_two_cpu,NATIVE_SOFTWARE,x86_64,"AMD64 Family 23 Model 96 Stepping 1, AuthenticAMD",12,7598,Windows-11-10.0.26200-SP0,N/A (prebuilt Python extension wheel),N/A,N/A (prebuilt wheel),pqcrypto,0.4.0,ML-KEM-768,decapsulation,44,73100,30277632,True,
99947311-0ca6-4c66-85fc-a55f99fed6e6,01acefc3-f3b3-4fb7-9ae4-3ed4a78bd0b8,2026-08-12T17:25:06.394221+00:00,controlled_windows_x86_64_two_cpu,NATIVE_SOFTWARE,x86_64,"AMD64 Family 23 Model 96 Stepping 1, AuthenticAMD",12,7598,Windows-11-10.0.26200-SP0,N/A (prebuilt Python extension wheel),N/A,N/A (prebuilt wheel),pqcrypto,0.4.0,ML-KEM-768,keygen,45,270700,30281728,True,
99947311-0ca6-4c66-85fc-a55f99fed6e6,01acefc3-f3b3-4fb7-9ae4-3ed4a78bd0b8,2026-08-12T17:25:06.394820+00:00,controlled_windows_x86_64_two_cpu,NATIVE_SOFTWARE,x86_64,"AMD64 Family 23 Model 96 Stepping 1, AuthenticAMD",12,7598,Windows-11-10.0.26200-SP0,N/A (prebuilt Python extension wheel),N/A,N/A (prebuilt wheel),pqcrypto,0.4.0,ML-KEM-768,encapsulation,45,181600,30281728,True,
99947311-0ca6-4c66-85fc-a55f99fed6e6,01acefc3-f3b3-4fb7-9ae4-3ed4a78bd0b8,2026-08-12T17:25:06.395101+00:00,controlled_windows_x86_64_two_cpu,NATIVE_SOFTWARE,x86_64,"AMD64 Family 23 Model 96 Stepping 1, AuthenticAMD",12,7598,Windows-11-10.0.26200-SP0,N/A (prebuilt Python extension wheel),N/A,N/A (prebuilt wheel),pqcrypto,0.4.0,ML-KEM-768,decapsulation,45,71300,30281728,True,
99947311-0ca6-4c66-85fc-a55f99fed6e6,01acefc3-f3b3-4fb7-9ae4-3ed4a78bd0b8,2026-08-12T17:25:06.395693+00:00,controlled_windows_x86_64_two_cpu,NATIVE_SOFTWARE,x86_64,"AMD64 Family 23 Model 96 Stepping 1, AuthenticAMD",12,7598,Windows-11-10.0.26200-SP0,N/A (prebuilt Python extension wheel),N/A,N/A (prebuilt wheel),pqcrypto,0.4.0,ML-KEM-768,keygen,46,216100,30281728,True,
99947311-0ca6-4c66-85fc-a55f99fed6e6,01acefc3-f3b3-4fb7-9ae4-3ed4a78bd0b8,2026-08-12T17:25:06.396180+00:00,controlled_windows_x86_64_two_cpu,NATIVE_SOFTWARE,x86_64,"AMD64 Family 23 Model 96 Stepping 1, AuthenticAMD",12,7598,Windows-11-10.0.26200-SP0,N/A (prebuilt Python extension wheel),N/A,N/A (prebuilt wheel),pqcrypto,0.4.0,ML-KEM-768,encapsulation,46,180400,30281728,True,
99947311-0ca6-4c66-85fc-a55f99fed6e6,01acefc3-f3b3-4fb7-9ae4-3ed4a78bd0b8,2026-08-12T17:25:06.396455+00:00,controlled_windows_x86_64_two_cpu,NATIVE_SOFTWARE,x86_64,"AMD64 Family 23 Model 96 Stepping 1, AuthenticAMD",12,7598,Windows-11-10.0.26200-SP0,N/A (prebuilt Python extension wheel),N/A,N/A (prebuilt wheel),pqcrypto,0.4.0,ML-KEM-768,decapsulation,46,70800,30281728,True,
99947311-0ca6-4c66-85fc-a55f99fed6e6,01acefc3-f3b3-4fb7-9ae4-3ed4a78bd0b8,2026-08-12T17:25:06.396605+00:00,controlled_windows_x86_64_two_cpu,NATIVE_SOFTWARE,x86_64,"AMD64 Family 23 Model 96 Stepping 1, AuthenticAMD",12,7598,Windows-11-10.0.26200-SP0,N/A (prebuilt Python extension wheel),N/A,N/A (prebuilt wheel),pqcrypto,0.4.0,ML-KEM-768,keygen,47,189700,30281728,True,
99947311-0ca6-4c66-85fc-a55f99fed6e6,01acefc3-f3b3-4fb7-9ae4-3ed4a78bd0b8,2026-08-12T17:25:06.397084+00:00,controlled_windows_x86_64_two_cpu,NATIVE_SOFTWARE,x86_64,"AMD64 Family 23 Model 96 Stepping 1, AuthenticAMD",12,7598,Windows-11-10.0.26200-SP0,N/A (prebuilt Python extension wheel),N/A,N/A (prebuilt wheel),pqcrypto,0.4.0,ML-KEM-768,encapsulation,47,195100,30281728,True,
99947311-0ca6-4c66-85fc-a55f99fed6e6,01acefc3-f3b3-4fb7-9ae4-3ed4a78bd0b8,2026-08-12T17:25:06.397373+00:00,controlled_windows_x86_64_two_cpu,NATIVE_SOFTWARE,x86_64,"AMD64 Family 23 Model 96 Stepping 1, AuthenticAMD",12,7598,Windows-11-10.0.26200-SP0,N/A (prebuilt Python extension wheel),N/A,N/A (prebuilt wheel),pqcrypto,0.4.0,ML-KEM-768,decapsulation,47,69900,30281728,True,
99947311-0ca6-4c66-85fc-a55f99fed6e6,01acefc3-f3b3-4fb7-9ae4-3ed4a78bd0b8,2026-08-12T17:25:06.397526+00:00,controlled_windows_x86_64_two_cpu,NATIVE_SOFTWARE,x86_64,"AMD64 Family 23 Model 96 Stepping 1, AuthenticAMD",12,7598,Windows-11-10.0.26200-SP0,N/A (prebuilt Python extension wheel),N/A,N/A (prebuilt wheel),pqcrypto,0.4.0,ML-KEM-768,keygen,48,176100,30281728,True,
99947311-0ca6-4c66-85fc-a55f99fed6e6,01acefc3-f3b3-4fb7-9ae4-3ed4a78bd0b8,2026-08-12T17:25:06.397982+00:00,controlled_windows_x86_64_two_cpu,NATIVE_SOFTWARE,x86_64,"AMD64 Family 23 Model 96 Stepping 1, AuthenticAMD",12,7598,Windows-11-10.0.26200-SP0,N/A (prebuilt Python extension wheel),N/A,N/A (prebuilt wheel),pqcrypto,0.4.0,ML-KEM-768,encapsulation,48,174200,30281728,True,
99947311-0ca6-4c66-85fc-a55f99fed6e6,01acefc3-f3b3-4fb7-9ae4-3ed4a78bd0b8,2026-08-12T17:25:06.398253+00:00,controlled_windows_x86_64_two_cpu,NATIVE_SOFTWARE,x86_64,"AMD64 Family 23 Model 96 Stepping 1, AuthenticAMD",12,7598,Windows-11-10.0.26200-SP0,N/A (prebuilt Python extension wheel),N/A,N/A (prebuilt wheel),pqcrypto,0.4.0,ML-KEM-768,decapsulation,48,71900,30281728,True,
99947311-0ca6-4c66-85fc-a55f99fed6e6,01acefc3-f3b3-4fb7-9ae4-3ed4a78bd0b8,2026-08-12T17:25:06.398406+00:00,controlled_windows_x86_64_two_cpu,NATIVE_SOFTWARE,x86_64,"AMD64 Family 23 Model 96 Stepping 1, AuthenticAMD",12,7598,Windows-11-10.0.26200-SP0,N/A (prebuilt Python extension wheel),N/A,N/A (prebuilt wheel),pqcrypto,0.4.0,ML-KEM-768,keygen,49,216500,30281728,True,
99947311-0ca6-4c66-85fc-a55f99fed6e6,01acefc3-f3b3-4fb7-9ae4-3ed4a78bd0b8,2026-08-12T17:25:06.398963+00:00,controlled_windows_x86_64_two_cpu,NATIVE_SOFTWARE,x86_64,"AMD64 Family 23 Model 96 Stepping 1, AuthenticAMD",12,7598,Windows-11-10.0.26200-SP0,N/A (prebuilt Python extension wheel),N/A,N/A (prebuilt wheel),pqcrypto,0.4.0,ML-KEM-768,encapsulation,49,174200,30281728,True,
99947311-0ca6-4c66-85fc-a55f99fed6e6,01acefc3-f3b3-4fb7-9ae4-3ed4a78bd0b8,2026-08-12T17:25:06.399236+00:00,controlled_windows_x86_64_two_cpu,NATIVE_SOFTWARE,x86_64,"AMD64 Family 23 Model 96 Stepping 1, AuthenticAMD",12,7598,Windows-11-10.0.26200-SP0,N/A (prebuilt Python extension wheel),N/A,N/A (prebuilt wheel),pqcrypto,0.4.0,ML-KEM-768,decapsulation,49,69600,30281728,True,
99947311-0ca6-4c66-85fc-a55f99fed6e6,01acefc3-f3b3-4fb7-9ae4-3ed4a78bd0b8,2026-08-12T17:25:06.399388+00:00,controlled_windows_x86_64_two_cpu,NATIVE_SOFTWARE,x86_64,"AMD64 Family 23 Model 96 Stepping 1, AuthenticAMD",12,7598,Windows-11-10.0.26200-SP0,N/A (prebuilt Python extension wheel),N/A,N/A (prebuilt wheel),pqcrypto,0.4.0,ML-KEM-768,keygen,50,180900,30281728,True,
99947311-0ca6-4c66-85fc-a55f99fed6e6,01acefc3-f3b3-4fb7-9ae4-3ed4a78bd0b8,2026-08-12T17:25:06.399851+00:00,controlled_windows_x86_64_two_cpu,NATIVE_SOFTWARE,x86_64,"AMD64 Family 23 Model 96 Stepping 1, AuthenticAMD",12,7598,Windows-11-10.0.26200-SP0,N/A (prebuilt Python extension wheel),N/A,N/A (prebuilt wheel),pqcrypto,0.4.0,ML-KEM-768,encapsulation,50,197400,30281728,True,
99947311-0ca6-4c66-85fc-a55f99fed6e6,01acefc3-f3b3-4fb7-9ae4-3ed4a78bd0b8,2026-08-12T17:25:06.400143+00:00,controlled_windows_x86_64_two_cpu,NATIVE_SOFTWARE,x86_64,"AMD64 Family 23 Model 96 Stepping 1, AuthenticAMD",12,7598,Windows-11-10.0.26200-SP0,N/A (prebuilt Python extension wheel),N/A,N/A (prebuilt wheel),pqcrypto,0.4.0,ML-KEM-768,decapsulation,50,73200,30281728,True,
99947311-0ca6-4c66-85fc-a55f99fed6e6,01acefc3-f3b3-4fb7-9ae4-3ed4a78bd0b8,2026-08-12T17:25:06.400297+00:00,controlled_windows_x86_64_two_cpu,NATIVE_SOFTWARE,x86_64,"AMD64 Family 23 Model 96 Stepping 1, AuthenticAMD",12,7598,Windows-11-10.0.26200-SP0,N/A (prebuilt Python extension wheel),N/A,N/A (prebuilt wheel),pqcrypto,0.4.0,ML-KEM-768,keygen,51,180500,30281728,True,
99947311-0ca6-4c66-85fc-a55f99fed6e6,01acefc3-f3b3-4fb7-9ae4-3ed4a78bd0b8,2026-08-12T17:25:06.400742+00:00,controlled_windows_x86_64_two_cpu,NATIVE_SOFTWARE,x86_64,"AMD64 Family 23 Model 96 Stepping 1, AuthenticAMD",12,7598,Windows-11-10.0.26200-SP0,N/A (prebuilt Python extension wheel),N/A,N/A (prebuilt wheel),pqcrypto,0.4.0,ML-KEM-768,encapsulation,51,216800,30281728,True,
99947311-0ca6-4c66-85fc-a55f99fed6e6,01acefc3-f3b3-4fb7-9ae4-3ed4a78bd0b8,2026-08-12T17:25:06.401091+00:00,controlled_windows_x86_64_two_cpu,NATIVE_SOFTWARE,x86_64,"AMD64 Family 23 Model 96 Stepping 1, AuthenticAMD",12,7598,Windows-11-10.0.26200-SP0,N/A (prebuilt Python extension wheel),N/A,N/A (prebuilt wheel),pqcrypto,0.4.0,ML-KEM-768,decapsulation,51,74400,30281728,True,
99947311-0ca6-4c66-85fc-a55f99fed6e6,01acefc3-f3b3-4fb7-9ae4-3ed4a78bd0b8,2026-08-12T17:25:06.401259+00:00,controlled_windows_x86_64_two_cpu,NATIVE_SOFTWARE,x86_64,"AMD64 Family 23 Model 96 Stepping 1, AuthenticAMD",12,7598,Windows-11-10.0.26200-SP0,N/A (prebuilt Python extension wheel),N/A,N/A (prebuilt wheel),pqcrypto,0.4.0,ML-KEM-768,keygen,52,240800,30281728,True,
99947311-0ca6-4c66-85fc-a55f99fed6e6,01acefc3-f3b3-4fb7-9ae4-3ed4a78bd0b8,2026-08-12T17:25:06.401853+00:00,controlled_windows_x86_64_two_cpu,NATIVE_SOFTWARE,x86_64,"AMD64 Family 23 Model 96 Stepping 1, AuthenticAMD",12,7598,Windows-11-10.0.26200-SP0,N/A (prebuilt Python extension wheel),N/A,N/A (prebuilt wheel),pqcrypto,0.4.0,ML-KEM-768,encapsulation,52,179100,30281728,True,
99947311-0ca6-4c66-85fc-a55f99fed6e6,01acefc3-f3b3-4fb7-9ae4-3ed4a78bd0b8,2026-08-12T17:25:06.402134+00:00,controlled_windows_x86_64_two_cpu,NATIVE_SOFTWARE,x86_64,"AMD64 Family 23 Model 96 Stepping 1, AuthenticAMD",12,7598,Windows-11-10.0.26200-SP0,N/A (prebuilt Python extension wheel),N/A,N/A (prebuilt wheel),pqcrypto,0.4.0,ML-KEM-768,decapsulation,52,70900,30281728,True,
99947311-0ca6-4c66-85fc-a55f99fed6e6,01acefc3-f3b3-4fb7-9ae4-3ed4a78bd0b8,2026-08-12T17:25:06.402286+00:00,controlled_windows_x86_64_two_cpu,NATIVE_SOFTWARE,x86_64,"AMD64 Family 23 Model 96 Stepping 1, AuthenticAMD",12,7598,Windows-11-10.0.26200-SP0,N/A (prebuilt Python extension wheel),N/A,N/A (prebuilt wheel),pqcrypto,0.4.0,ML-KEM-768,keygen,53,178100,30281728,True,
99947311-0ca6-4c66-85fc-a55f99fed6e6,01acefc3-f3b3-4fb7-9ae4-3ed4a78bd0b8,2026-08-12T17:25:06.402732+00:00,controlled_windows_x86_64_two_cpu,NATIVE_SOFTWARE,x86_64,"AMD64 Family 23 Model 96 Stepping 1, AuthenticAMD",12,7598,Windows-11-10.0.26200-SP0,N/A (prebuilt Python extension wheel),N/A,N/A (prebuilt wheel),pqcrypto,0.4.0,ML-KEM-768,encapsulation,53,211500,30281728,True,
99947311-0ca6-4c66-85fc-a55f99fed6e6,01acefc3-f3b3-4fb7-9ae4-3ed4a78bd0b8,2026-08-12T17:25:06.403040+00:00,controlled_windows_x86_64_two_cpu,NATIVE_SOFTWARE,x86_64,"AMD64 Family 23 Model 96 Stepping 1, AuthenticAMD",12,7598,Windows-11-10.0.26200-SP0,N/A (prebuilt Python extension wheel),N/A,N/A (prebuilt wheel),pqcrypto,0.4.0,ML-KEM-768,decapsulation,53,70000,30281728,True,
99947311-0ca6-4c66-85fc-a55f99fed6e6,01acefc3-f3b3-4fb7-9ae4-3ed4a78bd0b8,2026-08-12T17:25:06.403191+00:00,controlled_windows_x86_64_two_cpu,NATIVE_SOFTWARE,x86_64,"AMD64 Family 23 Model 96 Stepping 1, AuthenticAMD",12,7598,Windows-11-10.0.26200-SP0,N/A (prebuilt Python extension wheel),N/A,N/A (prebuilt wheel),pqcrypto,0.4.0,ML-KEM-768,keygen,54,175900,30281728,True,
99947311-0ca6-4c66-85fc-a55f99fed6e6,01acefc3-f3b3-4fb7-9ae4-3ed4a78bd0b8,2026-08-12T17:25:06.403713+00:00,controlled_windows_x86_64_two_cpu,NATIVE_SOFTWARE,x86_64,"AMD64 Family 23 Model 96 Stepping 1, AuthenticAMD",12,7598,Windows-11-10.0.26200-SP0,N/A (prebuilt Python extension wheel),N/A,N/A (prebuilt wheel),pqcrypto,0.4.0,ML-KEM-768,encapsulation,54,200800,30281728,True,
99947311-0ca6-4c66-85fc-a55f99fed6e6,01acefc3-f3b3-4fb7-9ae4-3ed4a78bd0b8,2026-08-12T17:25:06.404025+00:00,controlled_windows_x86_64_two_cpu,NATIVE_SOFTWARE,x86_64,"AMD64 Family 23 Model 96 Stepping 1, AuthenticAMD",12,7598,Windows-11-10.0.26200-SP0,N/A (prebuilt Python extension wheel),N/A,N/A (prebuilt wheel),pqcrypto,0.4.0,ML-KEM-768,decapsulation,54,70800,30281728,True,
99947311-0ca6-4c66-85fc-a55f99fed6e6,01acefc3-f3b3-4fb7-9ae4-3ed4a78bd0b8,2026-08-12T17:25:06.404181+00:00,controlled_windows_x86_64_two_cpu,NATIVE_SOFTWARE,x86_64,"AMD64 Family 23 Model 96 Stepping 1, AuthenticAMD",12,7598,Windows-11-10.0.26200-SP0,N/A (prebuilt Python extension wheel),N/A,N/A (prebuilt wheel),pqcrypto,0.4.0,ML-KEM-768,keygen,55,208500,30281728,True,
99947311-0ca6-4c66-85fc-a55f99fed6e6,01acefc3-f3b3-4fb7-9ae4-3ed4a78bd0b8,2026-08-12T17:25:06.404685+00:00,controlled_windows_x86_64_two_cpu,NATIVE_SOFTWARE,x86_64,"AMD64 Family 23 Model 96 Stepping 1, AuthenticAMD",12,7598,Windows-11-10.0.26200-SP0,N/A (prebuilt Python extension wheel),N/A,N/A (prebuilt wheel),pqcrypto,0.4.0,ML-KEM-768,encapsulation,55,214800,30281728,True,
99947311-0ca6-4c66-85fc-a55f99fed6e6,01acefc3-f3b3-4fb7-9ae4-3ed4a78bd0b8,2026-08-12T17:25:06.405002+00:00,controlled_windows_x86_64_two_cpu,NATIVE_SOFTWARE,x86_64,"AMD64 Family 23 Model 96 Stepping 1, AuthenticAMD",12,7598,Windows-11-10.0.26200-SP0,N/A (prebuilt Python extension wheel),N/A,N/A (prebuilt wheel),pqcrypto,0.4.0,ML-KEM-768,decapsulation,55,70000,30281728,True,
99947311-0ca6-4c66-85fc-a55f99fed6e6,01acefc3-f3b3-4fb7-9ae4-3ed4a78bd0b8,2026-08-12T17:25:06.405153+00:00,controlled_windows_x86_64_two_cpu,NATIVE_SOFTWARE,x86_64,"AMD64 Family 23 Model 96 Stepping 1, AuthenticAMD",12,7598,Windows-11-10.0.26200-SP0,N/A (prebuilt Python extension wheel),N/A,N/A (prebuilt wheel),pqcrypto,0.4.0,ML-KEM-768,keygen,56,212700,30281728,True,
99947311-0ca6-4c66-85fc-a55f99fed6e6,01acefc3-f3b3-4fb7-9ae4-3ed4a78bd0b8,2026-08-12T17:25:06.405657+00:00,controlled_windows_x86_64_two_cpu,NATIVE_SOFTWARE,x86_64,"AMD64 Family 23 Model 96 Stepping 1, AuthenticAMD",12,7598,Windows-11-10.0.26200-SP0,N/A (prebuilt Python extension wheel),N/A,N/A (prebuilt wheel),pqcrypto,0.4.0,ML-KEM-768,encapsulation,56,189600,30281728,True,
99947311-0ca6-4c66-85fc-a55f99fed6e6,01acefc3-f3b3-4fb7-9ae4-3ed4a78bd0b8,2026-08-12T17:25:06.405945+00:00,controlled_windows_x86_64_two_cpu,NATIVE_SOFTWARE,x86_64,"AMD64 Family 23 Model 96 Stepping 1, AuthenticAMD",12,7598,Windows-11-10.0.26200-SP0,N/A (prebuilt Python extension wheel),N/A,N/A (prebuilt wheel),pqcrypto,0.4.0,ML-KEM-768,decapsulation,56,70000,30281728,True,
99947311-0ca6-4c66-85fc-a55f99fed6e6,01acefc3-f3b3-4fb7-9ae4-3ed4a78bd0b8,2026-08-12T17:25:06.406095+00:00,controlled_windows_x86_64_two_cpu,NATIVE_SOFTWARE,x86_64,"AMD64 Family 23 Model 96 Stepping 1, AuthenticAMD",12,7598,Windows-11-10.0.26200-SP0,N/A (prebuilt Python extension wheel),N/A,N/A (prebuilt wheel),pqcrypto,0.4.0,ML-KEM-768,keygen,57,179000,30281728,True,
99947311-0ca6-4c66-85fc-a55f99fed6e6,01acefc3-f3b3-4fb7-9ae4-3ed4a78bd0b8,2026-08-12T17:25:06.406548+00:00,controlled_windows_x86_64_two_cpu,NATIVE_SOFTWARE,x86_64,"AMD64 Family 23 Model 96 Stepping 1, AuthenticAMD",12,7598,Windows-11-10.0.26200-SP0,N/A (prebuilt Python extension wheel),N/A,N/A (prebuilt wheel),pqcrypto,0.4.0,ML-KEM-768,encapsulation,57,186400,30285824,True,
99947311-0ca6-4c66-85fc-a55f99fed6e6,01acefc3-f3b3-4fb7-9ae4-3ed4a78bd0b8,2026-08-12T17:25:06.406885+00:00,controlled_windows_x86_64_two_cpu,NATIVE_SOFTWARE,x86_64,"AMD64 Family 23 Model 96 Stepping 1, AuthenticAMD",12,7598,Windows-11-10.0.26200-SP0,N/A (prebuilt Python extension wheel),N/A,N/A (prebuilt wheel),pqcrypto,0.4.0,ML-KEM-768,decapsulation,57,74900,30285824,True,
99947311-0ca6-4c66-85fc-a55f99fed6e6,01acefc3-f3b3-4fb7-9ae4-3ed4a78bd0b8,2026-08-12T17:25:06.407042+00:00,controlled_windows_x86_64_two_cpu,NATIVE_SOFTWARE,x86_64,"AMD64 Family 23 Model 96 Stepping 1, AuthenticAMD",12,7598,Windows-11-10.0.26200-SP0,N/A (prebuilt Python extension wheel),N/A,N/A (prebuilt wheel),pqcrypto,0.4.0,ML-KEM-768,keygen,58,204900,30351360,True,
99947311-0ca6-4c66-85fc-a55f99fed6e6,01acefc3-f3b3-4fb7-9ae4-3ed4a78bd0b8,2026-08-12T17:25:06.407588+00:00,controlled_windows_x86_64_two_cpu,NATIVE_SOFTWARE,x86_64,"AMD64 Family 23 Model 96 Stepping 1, AuthenticAMD",12,7598,Windows-11-10.0.26200-SP0,N/A (prebuilt Python extension wheel),N/A,N/A (prebuilt wheel),pqcrypto,0.4.0,ML-KEM-768,encapsulation,58,254600,30351360,True,
99947311-0ca6-4c66-85fc-a55f99fed6e6,01acefc3-f3b3-4fb7-9ae4-3ed4a78bd0b8,2026-08-12T17:25:06.407987+00:00,controlled_windows_x86_64_two_cpu,NATIVE_SOFTWARE,x86_64,"AMD64 Family 23 Model 96 Stepping 1, AuthenticAMD",12,7598,Windows-11-10.0.26200-SP0,N/A (prebuilt Python extension wheel),N/A,N/A (prebuilt wheel),pqcrypto,0.4.0,ML-KEM-768,decapsulation,58,73200,30351360,True,
99947311-0ca6-4c66-85fc-a55f99fed6e6,01acefc3-f3b3-4fb7-9ae4-3ed4a78bd0b8,2026-08-12T17:25:06.408568+00:00,controlled_windows_x86_64_two_cpu,NATIVE_SOFTWARE,x86_64,"AMD64 Family 23 Model 96 Stepping 1, AuthenticAMD",12,7598,Windows-11-10.0.26200-SP0,N/A (prebuilt Python extension wheel),N/A,N/A (prebuilt wheel),pqcrypto,0.4.0,ML-KEM-768,keygen,59,209000,30351360,True,
99947311-0ca6-4c66-85fc-a55f99fed6e6,01acefc3-f3b3-4fb7-9ae4-3ed4a78bd0b8,2026-08-12T17:25:06.409069+00:00,controlled_windows_x86_64_two_cpu,NATIVE_SOFTWARE,x86_64,"AMD64 Family 23 Model 96 Stepping 1, AuthenticAMD",12,7598,Windows-11-10.0.26200-SP0,N/A (prebuilt Python extension wheel),N/A,N/A (prebuilt wheel),pqcrypto,0.4.0,ML-KEM-768,encapsulation,59,220400,30351360,True,
99947311-0ca6-4c66-85fc-a55f99fed6e6,01acefc3-f3b3-4fb7-9ae4-3ed4a78bd0b8,2026-08-12T17:25:06.409384+00:00,controlled_windows_x86_64_two_cpu,NATIVE_SOFTWARE,x86_64,"AMD64 Family 23 Model 96 Stepping 1, AuthenticAMD",12,7598,Windows-11-10.0.26200-SP0,N/A (prebuilt Python extension wheel),N/A,N/A (prebuilt wheel),pqcrypto,0.4.0,ML-KEM-768,decapsulation,59,70000,30351360,True,
99947311-0ca6-4c66-85fc-a55f99fed6e6,01acefc3-f3b3-4fb7-9ae4-3ed4a78bd0b8,2026-08-12T17:25:06.409533+00:00,controlled_windows_x86_64_two_cpu,NATIVE_SOFTWARE,x86_64,"AMD64 Family 23 Model 96 Stepping 1, AuthenticAMD",12,7598,Windows-11-10.0.26200-SP0,N/A (prebuilt Python extension wheel),N/A,N/A (prebuilt wheel),pqcrypto,0.4.0,ML-KEM-768,keygen,60,184800,30351360,True,
99947311-0ca6-4c66-85fc-a55f99fed6e6,01acefc3-f3b3-4fb7-9ae4-3ed4a78bd0b8,2026-08-12T17:25:06.410004+00:00,controlled_windows_x86_64_two_cpu,NATIVE_SOFTWARE,x86_64,"AMD64 Family 23 Model 96 Stepping 1, AuthenticAMD",12,7598,Windows-11-10.0.26200-SP0,N/A (prebuilt Python extension wheel),N/A,N/A (prebuilt wheel),pqcrypto,0.4.0,ML-KEM-768,encapsulation,60,171100,30351360,True,
99947311-0ca6-4c66-85fc-a55f99fed6e6,01acefc3-f3b3-4fb7-9ae4-3ed4a78bd0b8,2026-08-12T17:25:06.410271+00:00,controlled_windows_x86_64_two_cpu,NATIVE_SOFTWARE,x86_64,"AMD64 Family 23 Model 96 Stepping 1, AuthenticAMD",12,7598,Windows-11-10.0.26200-SP0,N/A (prebuilt Python extension wheel),N/A,N/A (prebuilt wheel),pqcrypto,0.4.0,ML-KEM-768,decapsulation,60,69800,30351360,True,
99947311-0ca6-4c66-85fc-a55f99fed6e6,01acefc3-f3b3-4fb7-9ae4-3ed4a78bd0b8,2026-08-12T17:25:06.410422+00:00,controlled_windows_x86_64_two_cpu,NATIVE_SOFTWARE,x86_64,"AMD64 Family 23 Model 96 Stepping 1, AuthenticAMD",12,7598,Windows-11-10.0.26200-SP0,N/A (prebuilt Python extension wheel),N/A,N/A (prebuilt wheel),pqcrypto,0.4.0,ML-KEM-768,keygen,61,175200,30351360,True,
99947311-0ca6-4c66-85fc-a55f99fed6e6,01acefc3-f3b3-4fb7-9ae4-3ed4a78bd0b8,2026-08-12T17:25:06.410883+00:00,controlled_windows_x86_64_two_cpu,NATIVE_SOFTWARE,x86_64,"AMD64 Family 23 Model 96 Stepping 1, AuthenticAMD",12,7598,Windows-11-10.0.26200-SP0,N/A (prebuilt Python extension wheel),N/A,N/A (prebuilt wheel),pqcrypto,0.4.0,ML-KEM-768,encapsulation,61,176700,30351360,True,
99947311-0ca6-4c66-85fc-a55f99fed6e6,01acefc3-f3b3-4fb7-9ae4-3ed4a78bd0b8,2026-08-12T17:25:06.411154+00:00,controlled_windows_x86_64_two_cpu,NATIVE_SOFTWARE,x86_64,"AMD64 Family 23 Model 96 Stepping 1, AuthenticAMD",12,7598,Windows-11-10.0.26200-SP0,N/A (prebuilt Python extension wheel),N/A,N/A (prebuilt wheel),pqcrypto,0.4.0,ML-KEM-768,decapsulation,61,70100,30351360,True,
99947311-0ca6-4c66-85fc-a55f99fed6e6,01acefc3-f3b3-4fb7-9ae4-3ed4a78bd0b8,2026-08-12T17:25:06.411305+00:00,controlled_windows_x86_64_two_cpu,NATIVE_SOFTWARE,x86_64,"AMD64 Family 23 Model 96 Stepping 1, AuthenticAMD",12,7598,Windows-11-10.0.26200-SP0,N/A (prebuilt Python extension wheel),N/A,N/A (prebuilt wheel),pqcrypto,0.4.0,ML-KEM-768,keygen,62,176100,30351360,True,
99947311-0ca6-4c66-85fc-a55f99fed6e6,01acefc3-f3b3-4fb7-9ae4-3ed4a78bd0b8,2026-08-12T17:25:06.411752+00:00,controlled_windows_x86_64_two_cpu,NATIVE_SOFTWARE,x86_64,"AMD64 Family 23 Model 96 Stepping 1, AuthenticAMD",12,7598,Windows-11-10.0.26200-SP0,N/A (prebuilt Python extension wheel),N/A,N/A (prebuilt wheel),pqcrypto,0.4.0,ML-KEM-768,encapsulation,62,192900,30351360,True,
99947311-0ca6-4c66-85fc-a55f99fed6e6,01acefc3-f3b3-4fb7-9ae4-3ed4a78bd0b8,2026-08-12T17:25:06.412039+00:00,controlled_windows_x86_64_two_cpu,NATIVE_SOFTWARE,x86_64,"AMD64 Family 23 Model 96 Stepping 1, AuthenticAMD",12,7598,Windows-11-10.0.26200-SP0,N/A (prebuilt Python extension wheel),N/A,N/A (prebuilt wheel),pqcrypto,0.4.0,ML-KEM-768,decapsulation,62,70100,30351360,True,
99947311-0ca6-4c66-85fc-a55f99fed6e6,01acefc3-f3b3-4fb7-9ae4-3ed4a78bd0b8,2026-08-12T17:25:06.412205+00:00,controlled_windows_x86_64_two_cpu,NATIVE_SOFTWARE,x86_64,"AMD64 Family 23 Model 96 Stepping 1, AuthenticAMD",12,7598,Windows-11-10.0.26200-SP0,N/A (prebuilt Python extension wheel),N/A,N/A (prebuilt wheel),pqcrypto,0.4.0,ML-KEM-768,keygen,63,207200,30351360,True,
99947311-0ca6-4c66-85fc-a55f99fed6e6,01acefc3-f3b3-4fb7-9ae4-3ed4a78bd0b8,2026-08-12T17:25:06.412704+00:00,controlled_windows_x86_64_two_cpu,NATIVE_SOFTWARE,x86_64,"AMD64 Family 23 Model 96 Stepping 1, AuthenticAMD",12,7598,Windows-11-10.0.26200-SP0,N/A (prebuilt Python extension wheel),N/A,N/A (prebuilt wheel),pqcrypto,0.4.0,ML-KEM-768,encapsulation,63,211100,30351360,True,
99947311-0ca6-4c66-85fc-a55f99fed6e6,01acefc3-f3b3-4fb7-9ae4-3ed4a78bd0b8,2026-08-12T17:25:06.413027+00:00,controlled_windows_x86_64_two_cpu,NATIVE_SOFTWARE,x86_64,"AMD64 Family 23 Model 96 Stepping 1, AuthenticAMD",12,7598,Windows-11-10.0.26200-SP0,N/A (prebuilt Python extension wheel),N/A,N/A (prebuilt wheel),pqcrypto,0.4.0,ML-KEM-768,decapsulation,63,69800,30351360,True,
99947311-0ca6-4c66-85fc-a55f99fed6e6,01acefc3-f3b3-4fb7-9ae4-3ed4a78bd0b8,2026-08-12T17:25:06.413179+00:00,controlled_windows_x86_64_two_cpu,NATIVE_SOFTWARE,x86_64,"AMD64 Family 23 Model 96 Stepping 1, AuthenticAMD",12,7598,Windows-11-10.0.26200-SP0,N/A (prebuilt Python extension wheel),N/A,N/A (prebuilt wheel),pqcrypto,0.4.0,ML-KEM-768,keygen,64,177400,30351360,True,
99947311-0ca6-4c66-85fc-a55f99fed6e6,01acefc3-f3b3-4fb7-9ae4-3ed4a78bd0b8,2026-08-12T17:25:06.413628+00:00,controlled_windows_x86_64_two_cpu,NATIVE_SOFTWARE,x86_64,"AMD64 Family 23 Model 96 Stepping 1, AuthenticAMD",12,7598,Windows-11-10.0.26200-SP0,N/A (prebuilt Python extension wheel),N/A,N/A (prebuilt wheel),pqcrypto,0.4.0,ML-KEM-768,encapsulation,64,190400,30351360,True,
99947311-0ca6-4c66-85fc-a55f99fed6e6,01acefc3-f3b3-4fb7-9ae4-3ed4a78bd0b8,2026-08-12T17:25:06.413916+00:00,controlled_windows_x86_64_two_cpu,NATIVE_SOFTWARE,x86_64,"AMD64 Family 23 Model 96 Stepping 1, AuthenticAMD",12,7598,Windows-11-10.0.26200-SP0,N/A (prebuilt Python extension wheel),N/A,N/A (prebuilt wheel),pqcrypto,0.4.0,ML-KEM-768,decapsulation,64,73300,30351360,True,
99947311-0ca6-4c66-85fc-a55f99fed6e6,01acefc3-f3b3-4fb7-9ae4-3ed4a78bd0b8,2026-08-12T17:25:06.414071+00:00,controlled_windows_x86_64_two_cpu,NATIVE_SOFTWARE,x86_64,"AMD64 Family 23 Model 96 Stepping 1, AuthenticAMD",12,7598,Windows-11-10.0.26200-SP0,N/A (prebuilt Python extension wheel),N/A,N/A (prebuilt wheel),pqcrypto,0.4.0,ML-KEM-768,keygen,65,178600,30351360,True,
99947311-0ca6-4c66-85fc-a55f99fed6e6,01acefc3-f3b3-4fb7-9ae4-3ed4a78bd0b8,2026-08-12T17:25:06.414516+00:00,controlled_windows_x86_64_two_cpu,NATIVE_SOFTWARE,x86_64,"AMD64 Family 23 Model 96 Stepping 1, AuthenticAMD",12,7598,Windows-11-10.0.26200-SP0,N/A (prebuilt Python extension wheel),N/A,N/A (prebuilt wheel),pqcrypto,0.4.0,ML-KEM-768,encapsulation,65,200100,30351360,True,
99947311-0ca6-4c66-85fc-a55f99fed6e6,01acefc3-f3b3-4fb7-9ae4-3ed4a78bd0b8,2026-08-12T17:25:06.414879+00:00,controlled_windows_x86_64_two_cpu,NATIVE_SOFTWARE,x86_64,"AMD64 Family 23 Model 96 Stepping 1, AuthenticAMD",12,7598,Windows-11-10.0.26200-SP0,N/A (prebuilt Python extension wheel),N/A,N/A (prebuilt wheel),pqcrypto,0.4.0,ML-KEM-768,decapsulation,65,73200,30351360,True,
99947311-0ca6-4c66-85fc-a55f99fed6e6,01acefc3-f3b3-4fb7-9ae4-3ed4a78bd0b8,2026-08-12T17:25:06.415040+00:00,controlled_windows_x86_64_two_cpu,NATIVE_SOFTWARE,x86_64,"AMD64 Family 23 Model 96 Stepping 1, AuthenticAMD",12,7598,Windows-11-10.0.26200-SP0,N/A (prebuilt Python extension wheel),N/A,N/A (prebuilt wheel),pqcrypto,0.4.0,ML-KEM-768,keygen,66,277400,30351360,True,
99947311-0ca6-4c66-85fc-a55f99fed6e6,01acefc3-f3b3-4fb7-9ae4-3ed4a78bd0b8,2026-08-12T17:25:06.415640+00:00,controlled_windows_x86_64_two_cpu,NATIVE_SOFTWARE,x86_64,"AMD64 Family 23 Model 96 Stepping 1, AuthenticAMD",12,7598,Windows-11-10.0.26200-SP0,N/A (prebuilt Python extension wheel),N/A,N/A (prebuilt wheel),pqcrypto,0.4.0,ML-KEM-768,encapsulation,66,199800,30351360,True,
99947311-0ca6-4c66-85fc-a55f99fed6e6,01acefc3-f3b3-4fb7-9ae4-3ed4a78bd0b8,2026-08-12T17:25:06.415945+00:00,controlled_windows_x86_64_two_cpu,NATIVE_SOFTWARE,x86_64,"AMD64 Family 23 Model 96 Stepping 1, AuthenticAMD",12,7598,Windows-11-10.0.26200-SP0,N/A (prebuilt Python extension wheel),N/A,N/A (prebuilt wheel),pqcrypto,0.4.0,ML-KEM-768,decapsulation,66,70500,30351360,True,
99947311-0ca6-4c66-85fc-a55f99fed6e6,01acefc3-f3b3-4fb7-9ae4-3ed4a78bd0b8,2026-08-12T17:25:06.416098+00:00,controlled_windows_x86_64_two_cpu,NATIVE_SOFTWARE,x86_64,"AMD64 Family 23 Model 96 Stepping 1, AuthenticAMD",12,7598,Windows-11-10.0.26200-SP0,N/A (prebuilt Python extension wheel),N/A,N/A (prebuilt wheel),pqcrypto,0.4.0,ML-KEM-768,keygen,67,178300,30351360,True,
99947311-0ca6-4c66-85fc-a55f99fed6e6,01acefc3-f3b3-4fb7-9ae4-3ed4a78bd0b8,2026-08-12T17:25:06.416541+00:00,controlled_windows_x86_64_two_cpu,NATIVE_SOFTWARE,x86_64,"AMD64 Family 23 Model 96 Stepping 1, AuthenticAMD",12,7598,Windows-11-10.0.26200-SP0,N/A (prebuilt Python extension wheel),N/A,N/A (prebuilt wheel),pqcrypto,0.4.0,ML-KEM-768,encapsulation,67,172200,30351360,True,
99947311-0ca6-4c66-85fc-a55f99fed6e6,01acefc3-f3b3-4fb7-9ae4-3ed4a78bd0b8,2026-08-12T17:25:06.416824+00:00,controlled_windows_x86_64_two_cpu,NATIVE_SOFTWARE,x86_64,"AMD64 Family 23 Model 96 Stepping 1, AuthenticAMD",12,7598,Windows-11-10.0.26200-SP0,N/A (prebuilt Python extension wheel),N/A,N/A (prebuilt wheel),pqcrypto,0.4.0,ML-KEM-768,decapsulation,67,69800,30351360,True,
99947311-0ca6-4c66-85fc-a55f99fed6e6,01acefc3-f3b3-4fb7-9ae4-3ed4a78bd0b8,2026-08-12T17:25:06.416975+00:00,controlled_windows_x86_64_two_cpu,NATIVE_SOFTWARE,x86_64,"AMD64 Family 23 Model 96 Stepping 1, AuthenticAMD",12,7598,Windows-11-10.0.26200-SP0,N/A (prebuilt Python extension wheel),N/A,N/A (prebuilt wheel),pqcrypto,0.4.0,ML-KEM-768,keygen,68,176700,30351360,True,
99947311-0ca6-4c66-85fc-a55f99fed6e6,01acefc3-f3b3-4fb7-9ae4-3ed4a78bd0b8,2026-08-12T17:25:06.417417+00:00,controlled_windows_x86_64_two_cpu,NATIVE_SOFTWARE,x86_64,"AMD64 Family 23 Model 96 Stepping 1, AuthenticAMD",12,7598,Windows-11-10.0.26200-SP0,N/A (prebuilt Python extension wheel),N/A,N/A (prebuilt wheel),pqcrypto,0.4.0,ML-KEM-768,encapsulation,68,175700,30351360,True,
99947311-0ca6-4c66-85fc-a55f99fed6e6,01acefc3-f3b3-4fb7-9ae4-3ed4a78bd0b8,2026-08-12T17:25:06.417688+00:00,controlled_windows_x86_64_two_cpu,NATIVE_SOFTWARE,x86_64,"AMD64 Family 23 Model 96 Stepping 1, AuthenticAMD",12,7598,Windows-11-10.0.26200-SP0,N/A (prebuilt Python extension wheel),N/A,N/A (prebuilt wheel),pqcrypto,0.4.0,ML-KEM-768,decapsulation,68,69600,30351360,True,
99947311-0ca6-4c66-85fc-a55f99fed6e6,01acefc3-f3b3-4fb7-9ae4-3ed4a78bd0b8,2026-08-12T17:25:06.417855+00:00,controlled_windows_x86_64_two_cpu,NATIVE_SOFTWARE,x86_64,"AMD64 Family 23 Model 96 Stepping 1, AuthenticAMD",12,7598,Windows-11-10.0.26200-SP0,N/A (prebuilt Python extension wheel),N/A,N/A (prebuilt wheel),pqcrypto,0.4.0,ML-KEM-768,keygen,69,182000,30351360,True,
99947311-0ca6-4c66-85fc-a55f99fed6e6,01acefc3-f3b3-4fb7-9ae4-3ed4a78bd0b8,2026-08-12T17:25:06.418300+00:00,controlled_windows_x86_64_two_cpu,NATIVE_SOFTWARE,x86_64,"AMD64 Family 23 Model 96 Stepping 1, AuthenticAMD",12,7598,Windows-11-10.0.26200-SP0,N/A (prebuilt Python extension wheel),N/A,N/A (prebuilt wheel),pqcrypto,0.4.0,ML-KEM-768,encapsulation,69,173100,30351360,True,
99947311-0ca6-4c66-85fc-a55f99fed6e6,01acefc3-f3b3-4fb7-9ae4-3ed4a78bd0b8,2026-08-12T17:25:06.418568+00:00,controlled_windows_x86_64_two_cpu,NATIVE_SOFTWARE,x86_64,"AMD64 Family 23 Model 96 Stepping 1, AuthenticAMD",12,7598,Windows-11-10.0.26200-SP0,N/A (prebuilt Python extension wheel),N/A,N/A (prebuilt wheel),pqcrypto,0.4.0,ML-KEM-768,decapsulation,69,69900,30351360,True,
99947311-0ca6-4c66-85fc-a55f99fed6e6,01acefc3-f3b3-4fb7-9ae4-3ed4a78bd0b8,2026-08-12T17:25:06.418718+00:00,controlled_windows_x86_64_two_cpu,NATIVE_SOFTWARE,x86_64,"AMD64 Family 23 Model 96 Stepping 1, AuthenticAMD",12,7598,Windows-11-10.0.26200-SP0,N/A (prebuilt Python extension wheel),N/A,N/A (prebuilt wheel),pqcrypto,0.4.0,ML-KEM-768,keygen,70,261800,30351360,True,
99947311-0ca6-4c66-85fc-a55f99fed6e6,01acefc3-f3b3-4fb7-9ae4-3ed4a78bd0b8,2026-08-12T17:25:06.419299+00:00,controlled_windows_x86_64_two_cpu,NATIVE_SOFTWARE,x86_64,"AMD64 Family 23 Model 96 Stepping 1, AuthenticAMD",12,7598,Windows-11-10.0.26200-SP0,N/A (prebuilt Python extension wheel),N/A,N/A (prebuilt wheel),pqcrypto,0.4.0,ML-KEM-768,encapsulation,70,226600,30351360,True,
99947311-0ca6-4c66-85fc-a55f99fed6e6,01acefc3-f3b3-4fb7-9ae4-3ed4a78bd0b8,2026-08-12T17:25:06.419659+00:00,controlled_windows_x86_64_two_cpu,NATIVE_SOFTWARE,x86_64,"AMD64 Family 23 Model 96 Stepping 1, AuthenticAMD",12,7598,Windows-11-10.0.26200-SP0,N/A (prebuilt Python extension wheel),N/A,N/A (prebuilt wheel),pqcrypto,0.4.0,ML-KEM-768,decapsulation,70,71500,30351360,True,
99947311-0ca6-4c66-85fc-a55f99fed6e6,01acefc3-f3b3-4fb7-9ae4-3ed4a78bd0b8,2026-08-12T17:25:06.419838+00:00,controlled_windows_x86_64_two_cpu,NATIVE_SOFTWARE,x86_64,"AMD64 Family 23 Model 96 Stepping 1, AuthenticAMD",12,7598,Windows-11-10.0.26200-SP0,N/A (prebuilt Python extension wheel),N/A,N/A (prebuilt wheel),pqcrypto,0.4.0,ML-KEM-768,keygen,71,183600,30351360,True,
99947311-0ca6-4c66-85fc-a55f99fed6e6,01acefc3-f3b3-4fb7-9ae4-3ed4a78bd0b8,2026-08-12T17:25:06.420290+00:00,controlled_windows_x86_64_two_cpu,NATIVE_SOFTWARE,x86_64,"AMD64 Family 23 Model 96 Stepping 1, AuthenticAMD",12,7598,Windows-11-10.0.26200-SP0,N/A (prebuilt Python extension wheel),N/A,N/A (prebuilt wheel),pqcrypto,0.4.0,ML-KEM-768,encapsulation,71,173600,30351360,True,
99947311-0ca6-4c66-85fc-a55f99fed6e6,01acefc3-f3b3-4fb7-9ae4-3ed4a78bd0b8,2026-08-12T17:25:06.420558+00:00,controlled_windows_x86_64_two_cpu,NATIVE_SOFTWARE,x86_64,"AMD64 Family 23 Model 96 Stepping 1, AuthenticAMD",12,7598,Windows-11-10.0.26200-SP0,N/A (prebuilt Python extension wheel),N/A,N/A (prebuilt wheel),pqcrypto,0.4.0,ML-KEM-768,decapsulation,71,69700,30355456,True,
99947311-0ca6-4c66-85fc-a55f99fed6e6,01acefc3-f3b3-4fb7-9ae4-3ed4a78bd0b8,2026-08-12T17:25:06.421173+00:00,controlled_windows_x86_64_two_cpu,NATIVE_SOFTWARE,x86_64,"AMD64 Family 23 Model 96 Stepping 1, AuthenticAMD",12,7598,Windows-11-10.0.26200-SP0,N/A (prebuilt Python extension wheel),N/A,N/A (prebuilt wheel),pqcrypto,0.4.0,ML-KEM-768,keygen,72,279700,30355456,True,
99947311-0ca6-4c66-85fc-a55f99fed6e6,01acefc3-f3b3-4fb7-9ae4-3ed4a78bd0b8,2026-08-12T17:25:06.421782+00:00,controlled_windows_x86_64_two_cpu,NATIVE_SOFTWARE,x86_64,"AMD64 Family 23 Model 96 Stepping 1, AuthenticAMD",12,7598,Windows-11-10.0.26200-SP0,N/A (prebuilt Python extension wheel),N/A,N/A (prebuilt wheel),pqcrypto,0.4.0,ML-KEM-768,encapsulation,72,198900,30355456,True,
99947311-0ca6-4c66-85fc-a55f99fed6e6,01acefc3-f3b3-4fb7-9ae4-3ed4a78bd0b8,2026-08-12T17:25:06.422183+00:00,controlled_windows_x86_64_two_cpu,NATIVE_SOFTWARE,x86_64,"AMD64 Family 23 Model 96 Stepping 1, AuthenticAMD",12,7598,Windows-11-10.0.26200-SP0,N/A (prebuilt Python extension wheel),N/A,N/A (prebuilt wheel),pqcrypto,0.4.0,ML-KEM-768,decapsulation,72,95600,30355456,True,
99947311-0ca6-4c66-85fc-a55f99fed6e6,01acefc3-f3b3-4fb7-9ae4-3ed4a78bd0b8,2026-08-12T17:25:06.422387+00:00,controlled_windows_x86_64_two_cpu,NATIVE_SOFTWARE,x86_64,"AMD64 Family 23 Model 96 Stepping 1, AuthenticAMD",12,7598,Windows-11-10.0.26200-SP0,N/A (prebuilt Python extension wheel),N/A,N/A (prebuilt wheel),pqcrypto,0.4.0,ML-KEM-768,keygen,73,208900,30355456,True,
99947311-0ca6-4c66-85fc-a55f99fed6e6,01acefc3-f3b3-4fb7-9ae4-3ed4a78bd0b8,2026-08-12T17:25:06.422903+00:00,controlled_windows_x86_64_two_cpu,NATIVE_SOFTWARE,x86_64,"AMD64 Family 23 Model 96 Stepping 1, AuthenticAMD",12,7598,Windows-11-10.0.26200-SP0,N/A (prebuilt Python extension wheel),N/A,N/A (prebuilt wheel),pqcrypto,0.4.0,ML-KEM-768,encapsulation,73,179600,30355456,True,
99947311-0ca6-4c66-85fc-a55f99fed6e6,01acefc3-f3b3-4fb7-9ae4-3ed4a78bd0b8,2026-08-12T17:25:06.423179+00:00,controlled_windows_x86_64_two_cpu,NATIVE_SOFTWARE,x86_64,"AMD64 Family 23 Model 96 Stepping 1, AuthenticAMD",12,7598,Windows-11-10.0.26200-SP0,N/A (prebuilt Python extension wheel),N/A,N/A (prebuilt wheel),pqcrypto,0.4.0,ML-KEM-768,decapsulation,73,69900,30355456,True,
99947311-0ca6-4c66-85fc-a55f99fed6e6,01acefc3-f3b3-4fb7-9ae4-3ed4a78bd0b8,2026-08-12T17:25:06.423329+00:00,controlled_windows_x86_64_two_cpu,NATIVE_SOFTWARE,x86_64,"AMD64 Family 23 Model 96 Stepping 1, AuthenticAMD",12,7598,Windows-11-10.0.26200-SP0,N/A (prebuilt Python extension wheel),N/A,N/A (prebuilt wheel),pqcrypto,0.4.0,ML-KEM-768,keygen,74,180800,30355456,True,
99947311-0ca6-4c66-85fc-a55f99fed6e6,01acefc3-f3b3-4fb7-9ae4-3ed4a78bd0b8,2026-08-12T17:25:06.423783+00:00,controlled_windows_x86_64_two_cpu,NATIVE_SOFTWARE,x86_64,"AMD64 Family 23 Model 96 Stepping 1, AuthenticAMD",12,7598,Windows-11-10.0.26200-SP0,N/A (prebuilt Python extension wheel),N/A,N/A (prebuilt wheel),pqcrypto,0.4.0,ML-KEM-768,encapsulation,74,177200,30355456,True,
99947311-0ca6-4c66-85fc-a55f99fed6e6,01acefc3-f3b3-4fb7-9ae4-3ed4a78bd0b8,2026-08-12T17:25:06.424073+00:00,controlled_windows_x86_64_two_cpu,NATIVE_SOFTWARE,x86_64,"AMD64 Family 23 Model 96 Stepping 1, AuthenticAMD",12,7598,Windows-11-10.0.26200-SP0,N/A (prebuilt Python extension wheel),N/A,N/A (prebuilt wheel),pqcrypto,0.4.0,ML-KEM-768,decapsulation,74,69700,30355456,True,
99947311-0ca6-4c66-85fc-a55f99fed6e6,01acefc3-f3b3-4fb7-9ae4-3ed4a78bd0b8,2026-08-12T17:25:06.424227+00:00,controlled_windows_x86_64_two_cpu,NATIVE_SOFTWARE,x86_64,"AMD64 Family 23 Model 96 Stepping 1, AuthenticAMD",12,7598,Windows-11-10.0.26200-SP0,N/A (prebuilt Python extension wheel),N/A,N/A (prebuilt wheel),pqcrypto,0.4.0,ML-KEM-768,keygen,75,176100,30355456,True,
99947311-0ca6-4c66-85fc-a55f99fed6e6,01acefc3-f3b3-4fb7-9ae4-3ed4a78bd0b8,2026-08-12T17:25:06.424665+00:00,controlled_windows_x86_64_two_cpu,NATIVE_SOFTWARE,x86_64,"AMD64 Family 23 Model 96 Stepping 1, AuthenticAMD",12,7598,Windows-11-10.0.26200-SP0,N/A (prebuilt Python extension wheel),N/A,N/A (prebuilt wheel),pqcrypto,0.4.0,ML-KEM-768,encapsulation,75,213900,30355456,True,
99947311-0ca6-4c66-85fc-a55f99fed6e6,01acefc3-f3b3-4fb7-9ae4-3ed4a78bd0b8,2026-08-12T17:25:06.424975+00:00,controlled_windows_x86_64_two_cpu,NATIVE_SOFTWARE,x86_64,"AMD64 Family 23 Model 96 Stepping 1, AuthenticAMD",12,7598,Windows-11-10.0.26200-SP0,N/A (prebuilt Python extension wheel),N/A,N/A (prebuilt wheel),pqcrypto,0.4.0,ML-KEM-768,decapsulation,75,69300,30355456,True,
99947311-0ca6-4c66-85fc-a55f99fed6e6,01acefc3-f3b3-4fb7-9ae4-3ed4a78bd0b8,2026-08-12T17:25:06.425126+00:00,controlled_windows_x86_64_two_cpu,NATIVE_SOFTWARE,x86_64,"AMD64 Family 23 Model 96 Stepping 1, AuthenticAMD",12,7598,Windows-11-10.0.26200-SP0,N/A (prebuilt Python extension wheel),N/A,N/A (prebuilt wheel),pqcrypto,0.4.0,ML-KEM-768,keygen,76,177000,30355456,True,
99947311-0ca6-4c66-85fc-a55f99fed6e6,01acefc3-f3b3-4fb7-9ae4-3ed4a78bd0b8,2026-08-12T17:25:06.425570+00:00,controlled_windows_x86_64_two_cpu,NATIVE_SOFTWARE,x86_64,"AMD64 Family 23 Model 96 Stepping 1, AuthenticAMD",12,7598,Windows-11-10.0.26200-SP0,N/A (prebuilt Python extension wheel),N/A,N/A (prebuilt wheel),pqcrypto,0.4.0,ML-KEM-768,encapsulation,76,174200,30355456,True,
99947311-0ca6-4c66-85fc-a55f99fed6e6,01acefc3-f3b3-4fb7-9ae4-3ed4a78bd0b8,2026-08-12T17:25:06.425855+00:00,controlled_windows_x86_64_two_cpu,NATIVE_SOFTWARE,x86_64,"AMD64 Family 23 Model 96 Stepping 1, AuthenticAMD",12,7598,Windows-11-10.0.26200-SP0,N/A (prebuilt Python extension wheel),N/A,N/A (prebuilt wheel),pqcrypto,0.4.0,ML-KEM-768,decapsulation,76,69900,30355456,True,
99947311-0ca6-4c66-85fc-a55f99fed6e6,01acefc3-f3b3-4fb7-9ae4-3ed4a78bd0b8,2026-08-12T17:25:06.426005+00:00,controlled_windows_x86_64_two_cpu,NATIVE_SOFTWARE,x86_64,"AMD64 Family 23 Model 96 Stepping 1, AuthenticAMD",12,7598,Windows-11-10.0.26200-SP0,N/A (prebuilt Python extension wheel),N/A,N/A (prebuilt wheel),pqcrypto,0.4.0,ML-KEM-768,keygen,77,217300,30355456,True,
99947311-0ca6-4c66-85fc-a55f99fed6e6,01acefc3-f3b3-4fb7-9ae4-3ed4a78bd0b8,2026-08-12T17:25:06.426518+00:00,controlled_windows_x86_64_two_cpu,NATIVE_SOFTWARE,x86_64,"AMD64 Family 23 Model 96 Stepping 1, AuthenticAMD",12,7598,Windows-11-10.0.26200-SP0,N/A (prebuilt Python extension wheel),N/A,N/A (prebuilt wheel),pqcrypto,0.4.0,ML-KEM-768,encapsulation,77,182000,30355456,True,
99947311-0ca6-4c66-85fc-a55f99fed6e6,01acefc3-f3b3-4fb7-9ae4-3ed4a78bd0b8,2026-08-12T17:25:06.426821+00:00,controlled_windows_x86_64_two_cpu,NATIVE_SOFTWARE,x86_64,"AMD64 Family 23 Model 96 Stepping 1, AuthenticAMD",12,7598,Windows-11-10.0.26200-SP0,N/A (prebuilt Python extension wheel),N/A,N/A (prebuilt wheel),pqcrypto,0.4.0,ML-KEM-768,decapsulation,77,70200,30355456,True,
99947311-0ca6-4c66-85fc-a55f99fed6e6,01acefc3-f3b3-4fb7-9ae4-3ed4a78bd0b8,2026-08-12T17:25:06.426974+00:00,controlled_windows_x86_64_two_cpu,NATIVE_SOFTWARE,x86_64,"AMD64 Family 23 Model 96 Stepping 1, AuthenticAMD",12,7598,Windows-11-10.0.26200-SP0,N/A (prebuilt Python extension wheel),N/A,N/A (prebuilt wheel),pqcrypto,0.4.0,ML-KEM-768,keygen,78,179200,30355456,True,
99947311-0ca6-4c66-85fc-a55f99fed6e6,01acefc3-f3b3-4fb7-9ae4-3ed4a78bd0b8,2026-08-12T17:25:06.427417+00:00,controlled_windows_x86_64_two_cpu,NATIVE_SOFTWARE,x86_64,"AMD64 Family 23 Model 96 Stepping 1, AuthenticAMD",12,7598,Windows-11-10.0.26200-SP0,N/A (prebuilt Python extension wheel),N/A,N/A (prebuilt wheel),pqcrypto,0.4.0,ML-KEM-768,encapsulation,78,176300,30355456,True,
99947311-0ca6-4c66-85fc-a55f99fed6e6,01acefc3-f3b3-4fb7-9ae4-3ed4a78bd0b8,2026-08-12T17:25:06.427688+00:00,controlled_windows_x86_64_two_cpu,NATIVE_SOFTWARE,x86_64,"AMD64 Family 23 Model 96 Stepping 1, AuthenticAMD",12,7598,Windows-11-10.0.26200-SP0,N/A (prebuilt Python extension wheel),N/A,N/A (prebuilt wheel),pqcrypto,0.4.0,ML-KEM-768,decapsulation,78,69700,30355456,True,
99947311-0ca6-4c66-85fc-a55f99fed6e6,01acefc3-f3b3-4fb7-9ae4-3ed4a78bd0b8,2026-08-12T17:25:06.427859+00:00,controlled_windows_x86_64_two_cpu,NATIVE_SOFTWARE,x86_64,"AMD64 Family 23 Model 96 Stepping 1, AuthenticAMD",12,7598,Windows-11-10.0.26200-SP0,N/A (prebuilt Python extension wheel),N/A,N/A (prebuilt wheel),pqcrypto,0.4.0,ML-KEM-768,keygen,79,177700,30355456,True,
99947311-0ca6-4c66-85fc-a55f99fed6e6,01acefc3-f3b3-4fb7-9ae4-3ed4a78bd0b8,2026-08-12T17:25:06.428300+00:00,controlled_windows_x86_64_two_cpu,NATIVE_SOFTWARE,x86_64,"AMD64 Family 23 Model 96 Stepping 1, AuthenticAMD",12,7598,Windows-11-10.0.26200-SP0,N/A (prebuilt Python extension wheel),N/A,N/A (prebuilt wheel),pqcrypto,0.4.0,ML-KEM-768,encapsulation,79,173300,30355456,True,
99947311-0ca6-4c66-85fc-a55f99fed6e6,01acefc3-f3b3-4fb7-9ae4-3ed4a78bd0b8,2026-08-12T17:25:06.428582+00:00,controlled_windows_x86_64_two_cpu,NATIVE_SOFTWARE,x86_64,"AMD64 Family 23 Model 96 Stepping 1, AuthenticAMD",12,7598,Windows-11-10.0.26200-SP0,N/A (prebuilt Python extension wheel),N/A,N/A (prebuilt wheel),pqcrypto,0.4.0,ML-KEM-768,decapsulation,79,70400,30355456,True,
99947311-0ca6-4c66-85fc-a55f99fed6e6,01acefc3-f3b3-4fb7-9ae4-3ed4a78bd0b8,2026-08-12T17:25:06.428734+00:00,controlled_windows_x86_64_two_cpu,NATIVE_SOFTWARE,x86_64,"AMD64 Family 23 Model 96 Stepping 1, AuthenticAMD",12,7598,Windows-11-10.0.26200-SP0,N/A (prebuilt Python extension wheel),N/A,N/A (prebuilt wheel),pqcrypto,0.4.0,ML-KEM-768,keygen,80,247700,30355456,True,
99947311-0ca6-4c66-85fc-a55f99fed6e6,01acefc3-f3b3-4fb7-9ae4-3ed4a78bd0b8,2026-08-12T17:25:06.429359+00:00,controlled_windows_x86_64_two_cpu,NATIVE_SOFTWARE,x86_64,"AMD64 Family 23 Model 96 Stepping 1, AuthenticAMD",12,7598,Windows-11-10.0.26200-SP0,N/A (prebuilt Python extension wheel),N/A,N/A (prebuilt wheel),pqcrypto,0.4.0,ML-KEM-768,encapsulation,80,209800,30355456,True,
99947311-0ca6-4c66-85fc-a55f99fed6e6,01acefc3-f3b3-4fb7-9ae4-3ed4a78bd0b8,2026-08-12T17:25:06.429685+00:00,controlled_windows_x86_64_two_cpu,NATIVE_SOFTWARE,x86_64,"AMD64 Family 23 Model 96 Stepping 1, AuthenticAMD",12,7598,Windows-11-10.0.26200-SP0,N/A (prebuilt Python extension wheel),N/A,N/A (prebuilt wheel),pqcrypto,0.4.0,ML-KEM-768,decapsulation,80,70600,30355456,True,
99947311-0ca6-4c66-85fc-a55f99fed6e6,01acefc3-f3b3-4fb7-9ae4-3ed4a78bd0b8,2026-08-12T17:25:06.429861+00:00,controlled_windows_x86_64_two_cpu,NATIVE_SOFTWARE,x86_64,"AMD64 Family 23 Model 96 Stepping 1, AuthenticAMD",12,7598,Windows-11-10.0.26200-SP0,N/A (prebuilt Python extension wheel),N/A,N/A (prebuilt wheel),pqcrypto,0.4.0,ML-KEM-768,keygen,81,182500,30355456,True,
99947311-0ca6-4c66-85fc-a55f99fed6e6,01acefc3-f3b3-4fb7-9ae4-3ed4a78bd0b8,2026-08-12T17:25:06.430311+00:00,controlled_windows_x86_64_two_cpu,NATIVE_SOFTWARE,x86_64,"AMD64 Family 23 Model 96 Stepping 1, AuthenticAMD",12,7598,Windows-11-10.0.26200-SP0,N/A (prebuilt Python extension wheel),N/A,N/A (prebuilt wheel),pqcrypto,0.4.0,ML-KEM-768,encapsulation,81,178900,30355456,True,
99947311-0ca6-4c66-85fc-a55f99fed6e6,01acefc3-f3b3-4fb7-9ae4-3ed4a78bd0b8,2026-08-12T17:25:06.430583+00:00,controlled_windows_x86_64_two_cpu,NATIVE_SOFTWARE,x86_64,"AMD64 Family 23 Model 96 Stepping 1, AuthenticAMD",12,7598,Windows-11-10.0.26200-SP0,N/A (prebuilt Python extension wheel),N/A,N/A (prebuilt wheel),pqcrypto,0.4.0,ML-KEM-768,decapsulation,81,70500,30355456,True,
99947311-0ca6-4c66-85fc-a55f99fed6e6,01acefc3-f3b3-4fb7-9ae4-3ed4a78bd0b8,2026-08-12T17:25:06.430733+00:00,controlled_windows_x86_64_two_cpu,NATIVE_SOFTWARE,x86_64,"AMD64 Family 23 Model 96 Stepping 1, AuthenticAMD",12,7598,Windows-11-10.0.26200-SP0,N/A (prebuilt Python extension wheel),N/A,N/A (prebuilt wheel),pqcrypto,0.4.0,ML-KEM-768,keygen,82,208200,30355456,True,
99947311-0ca6-4c66-85fc-a55f99fed6e6,01acefc3-f3b3-4fb7-9ae4-3ed4a78bd0b8,2026-08-12T17:25:06.431212+00:00,controlled_windows_x86_64_two_cpu,NATIVE_SOFTWARE,x86_64,"AMD64 Family 23 Model 96 Stepping 1, AuthenticAMD",12,7598,Windows-11-10.0.26200-SP0,N/A (prebuilt Python extension wheel),N/A,N/A (prebuilt wheel),pqcrypto,0.4.0,ML-KEM-768,encapsulation,82,171500,30355456,True,
99947311-0ca6-4c66-85fc-a55f99fed6e6,01acefc3-f3b3-4fb7-9ae4-3ed4a78bd0b8,2026-08-12T17:25:06.431480+00:00,controlled_windows_x86_64_two_cpu,NATIVE_SOFTWARE,x86_64,"AMD64 Family 23 Model 96 Stepping 1, AuthenticAMD",12,7598,Windows-11-10.0.26200-SP0,N/A (prebuilt Python extension wheel),N/A,N/A (prebuilt wheel),pqcrypto,0.4.0,ML-KEM-768,decapsulation,82,73300,30355456,True,
99947311-0ca6-4c66-85fc-a55f99fed6e6,01acefc3-f3b3-4fb7-9ae4-3ed4a78bd0b8,2026-08-12T17:25:06.431639+00:00,controlled_windows_x86_64_two_cpu,NATIVE_SOFTWARE,x86_64,"AMD64 Family 23 Model 96 Stepping 1, AuthenticAMD",12,7598,Windows-11-10.0.26200-SP0,N/A (prebuilt Python extension wheel),N/A,N/A (prebuilt wheel),pqcrypto,0.4.0,ML-KEM-768,keygen,83,187900,30490624,True,
99947311-0ca6-4c66-85fc-a55f99fed6e6,01acefc3-f3b3-4fb7-9ae4-3ed4a78bd0b8,2026-08-12T17:25:06.432140+00:00,controlled_windows_x86_64_two_cpu,NATIVE_SOFTWARE,x86_64,"AMD64 Family 23 Model 96 Stepping 1, AuthenticAMD",12,7598,Windows-11-10.0.26200-SP0,N/A (prebuilt Python extension wheel),N/A,N/A (prebuilt wheel),pqcrypto,0.4.0,ML-KEM-768,encapsulation,83,173400,30490624,True,
99947311-0ca6-4c66-85fc-a55f99fed6e6,01acefc3-f3b3-4fb7-9ae4-3ed4a78bd0b8,2026-08-12T17:25:06.432409+00:00,controlled_windows_x86_64_two_cpu,NATIVE_SOFTWARE,x86_64,"AMD64 Family 23 Model 96 Stepping 1, AuthenticAMD",12,7598,Windows-11-10.0.26200-SP0,N/A (prebuilt Python extension wheel),N/A,N/A (prebuilt wheel),pqcrypto,0.4.0,ML-KEM-768,decapsulation,83,70200,30490624,True,
99947311-0ca6-4c66-85fc-a55f99fed6e6,01acefc3-f3b3-4fb7-9ae4-3ed4a78bd0b8,2026-08-12T17:25:06.432556+00:00,controlled_windows_x86_64_two_cpu,NATIVE_SOFTWARE,x86_64,"AMD64 Family 23 Model 96 Stepping 1, AuthenticAMD",12,7598,Windows-11-10.0.26200-SP0,N/A (prebuilt Python extension wheel),N/A,N/A (prebuilt wheel),pqcrypto,0.4.0,ML-KEM-768,keygen,84,174600,30490624,True,
99947311-0ca6-4c66-85fc-a55f99fed6e6,01acefc3-f3b3-4fb7-9ae4-3ed4a78bd0b8,2026-08-12T17:25:06.433055+00:00,controlled_windows_x86_64_two_cpu,NATIVE_SOFTWARE,x86_64,"AMD64 Family 23 Model 96 Stepping 1, AuthenticAMD",12,7598,Windows-11-10.0.26200-SP0,N/A (prebuilt Python extension wheel),N/A,N/A (prebuilt wheel),pqcrypto,0.4.0,ML-KEM-768,encapsulation,84,273000,30490624,True,
99947311-0ca6-4c66-85fc-a55f99fed6e6,01acefc3-f3b3-4fb7-9ae4-3ed4a78bd0b8,2026-08-12T17:25:06.433452+00:00,controlled_windows_x86_64_two_cpu,NATIVE_SOFTWARE,x86_64,"AMD64 Family 23 Model 96 Stepping 1, AuthenticAMD",12,7598,Windows-11-10.0.26200-SP0,N/A (prebuilt Python extension wheel),N/A,N/A (prebuilt wheel),pqcrypto,0.4.0,ML-KEM-768,decapsulation,84,70900,30490624,True,
99947311-0ca6-4c66-85fc-a55f99fed6e6,01acefc3-f3b3-4fb7-9ae4-3ed4a78bd0b8,2026-08-12T17:25:06.433610+00:00,controlled_windows_x86_64_two_cpu,NATIVE_SOFTWARE,x86_64,"AMD64 Family 23 Model 96 Stepping 1, AuthenticAMD",12,7598,Windows-11-10.0.26200-SP0,N/A (prebuilt Python extension wheel),N/A,N/A (prebuilt wheel),pqcrypto,0.4.0,ML-KEM-768,keygen,85,195300,30490624,True,
99947311-0ca6-4c66-85fc-a55f99fed6e6,01acefc3-f3b3-4fb7-9ae4-3ed4a78bd0b8,2026-08-12T17:25:06.434758+00:00,controlled_windows_x86_64_two_cpu,NATIVE_SOFTWARE,x86_64,"AMD64 Family 23 Model 96 Stepping 1, AuthenticAMD",12,7598,Windows-11-10.0.26200-SP0,N/A (prebuilt Python extension wheel),N/A,N/A (prebuilt wheel),pqcrypto,0.4.0,ML-KEM-768,encapsulation,85,226300,30490624,True,
99947311-0ca6-4c66-85fc-a55f99fed6e6,01acefc3-f3b3-4fb7-9ae4-3ed4a78bd0b8,2026-08-12T17:25:06.435095+00:00,controlled_windows_x86_64_two_cpu,NATIVE_SOFTWARE,x86_64,"AMD64 Family 23 Model 96 Stepping 1, AuthenticAMD",12,7598,Windows-11-10.0.26200-SP0,N/A (prebuilt Python extension wheel),N/A,N/A (prebuilt wheel),pqcrypto,0.4.0,ML-KEM-768,decapsulation,85,70600,30490624,True,
99947311-0ca6-4c66-85fc-a55f99fed6e6,01acefc3-f3b3-4fb7-9ae4-3ed4a78bd0b8,2026-08-12T17:25:06.435247+00:00,controlled_windows_x86_64_two_cpu,NATIVE_SOFTWARE,x86_64,"AMD64 Family 23 Model 96 Stepping 1, AuthenticAMD",12,7598,Windows-11-10.0.26200-SP0,N/A (prebuilt Python extension wheel),N/A,N/A (prebuilt wheel),pqcrypto,0.4.0,ML-KEM-768,keygen,86,188400,30490624,True,
99947311-0ca6-4c66-85fc-a55f99fed6e6,01acefc3-f3b3-4fb7-9ae4-3ed4a78bd0b8,2026-08-12T17:25:06.435747+00:00,controlled_windows_x86_64_two_cpu,NATIVE_SOFTWARE,x86_64,"AMD64 Family 23 Model 96 Stepping 1, AuthenticAMD",12,7598,Windows-11-10.0.26200-SP0,N/A (prebuilt Python extension wheel),N/A,N/A (prebuilt wheel),pqcrypto,0.4.0,ML-KEM-768,encapsulation,86,235200,30490624,True,
99947311-0ca6-4c66-85fc-a55f99fed6e6,01acefc3-f3b3-4fb7-9ae4-3ed4a78bd0b8,2026-08-12T17:25:06.436181+00:00,controlled_windows_x86_64_two_cpu,NATIVE_SOFTWARE,x86_64,"AMD64 Family 23 Model 96 Stepping 1, AuthenticAMD",12,7598,Windows-11-10.0.26200-SP0,N/A (prebuilt Python extension wheel),N/A,N/A (prebuilt wheel),pqcrypto,0.4.0,ML-KEM-768,decapsulation,86,80600,30490624,True,
99947311-0ca6-4c66-85fc-a55f99fed6e6,01acefc3-f3b3-4fb7-9ae4-3ed4a78bd0b8,2026-08-12T17:25:06.436360+00:00,controlled_windows_x86_64_two_cpu,NATIVE_SOFTWARE,x86_64,"AMD64 Family 23 Model 96 Stepping 1, AuthenticAMD",12,7598,Windows-11-10.0.26200-SP0,N/A (prebuilt Python extension wheel),N/A,N/A (prebuilt wheel),pqcrypto,0.4.0,ML-KEM-768,keygen,87,204100,30490624,True,
99947311-0ca6-4c66-85fc-a55f99fed6e6,01acefc3-f3b3-4fb7-9ae4-3ed4a78bd0b8,2026-08-12T17:25:06.436856+00:00,controlled_windows_x86_64_two_cpu,NATIVE_SOFTWARE,x86_64,"AMD64 Family 23 Model 96 Stepping 1, AuthenticAMD",12,7598,Windows-11-10.0.26200-SP0,N/A (prebuilt Python extension wheel),N/A,N/A (prebuilt wheel),pqcrypto,0.4.0,ML-KEM-768,encapsulation,87,182700,30490624,True,
99947311-0ca6-4c66-85fc-a55f99fed6e6,01acefc3-f3b3-4fb7-9ae4-3ed4a78bd0b8,2026-08-12T17:25:06.437136+00:00,controlled_windows_x86_64_two_cpu,NATIVE_SOFTWARE,x86_64,"AMD64 Family 23 Model 96 Stepping 1, AuthenticAMD",12,7598,Windows-11-10.0.26200-SP0,N/A (prebuilt Python extension wheel),N/A,N/A (prebuilt wheel),pqcrypto,0.4.0,ML-KEM-768,decapsulation,87,70700,30490624,True,
99947311-0ca6-4c66-85fc-a55f99fed6e6,01acefc3-f3b3-4fb7-9ae4-3ed4a78bd0b8,2026-08-12T17:25:06.437289+00:00,controlled_windows_x86_64_two_cpu,NATIVE_SOFTWARE,x86_64,"AMD64 Family 23 Model 96 Stepping 1, AuthenticAMD",12,7598,Windows-11-10.0.26200-SP0,N/A (prebuilt Python extension wheel),N/A,N/A (prebuilt wheel),pqcrypto,0.4.0,ML-KEM-768,keygen,88,176600,30490624,True,
99947311-0ca6-4c66-85fc-a55f99fed6e6,01acefc3-f3b3-4fb7-9ae4-3ed4a78bd0b8,2026-08-12T17:25:06.437730+00:00,controlled_windows_x86_64_two_cpu,NATIVE_SOFTWARE,x86_64,"AMD64 Family 23 Model 96 Stepping 1, AuthenticAMD",12,7598,Windows-11-10.0.26200-SP0,N/A (prebuilt Python extension wheel),N/A,N/A (prebuilt wheel),pqcrypto,0.4.0,ML-KEM-768,encapsulation,88,198000,30490624,True,
99947311-0ca6-4c66-85fc-a55f99fed6e6,01acefc3-f3b3-4fb7-9ae4-3ed4a78bd0b8,2026-08-12T17:25:06.438027+00:00,controlled_windows_x86_64_two_cpu,NATIVE_SOFTWARE,x86_64,"AMD64 Family 23 Model 96 Stepping 1, AuthenticAMD",12,7598,Windows-11-10.0.26200-SP0,N/A (prebuilt Python extension wheel),N/A,N/A (prebuilt wheel),pqcrypto,0.4.0,ML-KEM-768,decapsulation,88,69600,30490624,True,
99947311-0ca6-4c66-85fc-a55f99fed6e6,01acefc3-f3b3-4fb7-9ae4-3ed4a78bd0b8,2026-08-12T17:25:06.438177+00:00,controlled_windows_x86_64_two_cpu,NATIVE_SOFTWARE,x86_64,"AMD64 Family 23 Model 96 Stepping 1, AuthenticAMD",12,7598,Windows-11-10.0.26200-SP0,N/A (prebuilt Python extension wheel),N/A,N/A (prebuilt wheel),pqcrypto,0.4.0,ML-KEM-768,keygen,89,178900,30490624,True,
99947311-0ca6-4c66-85fc-a55f99fed6e6,01acefc3-f3b3-4fb7-9ae4-3ed4a78bd0b8,2026-08-12T17:25:06.438623+00:00,controlled_windows_x86_64_two_cpu,NATIVE_SOFTWARE,x86_64,"AMD64 Family 23 Model 96 Stepping 1, AuthenticAMD",12,7598,Windows-11-10.0.26200-SP0,N/A (prebuilt Python extension wheel),N/A,N/A (prebuilt wheel),pqcrypto,0.4.0,ML-KEM-768,encapsulation,89,186000,30490624,True,
99947311-0ca6-4c66-85fc-a55f99fed6e6,01acefc3-f3b3-4fb7-9ae4-3ed4a78bd0b8,2026-08-12T17:25:06.438905+00:00,controlled_windows_x86_64_two_cpu,NATIVE_SOFTWARE,x86_64,"AMD64 Family 23 Model 96 Stepping 1, AuthenticAMD",12,7598,Windows-11-10.0.26200-SP0,N/A (prebuilt Python extension wheel),N/A,N/A (prebuilt wheel),pqcrypto,0.4.0,ML-KEM-768,decapsulation,89,70000,30490624,True,
99947311-0ca6-4c66-85fc-a55f99fed6e6,01acefc3-f3b3-4fb7-9ae4-3ed4a78bd0b8,2026-08-12T17:25:06.439057+00:00,controlled_windows_x86_64_two_cpu,NATIVE_SOFTWARE,x86_64,"AMD64 Family 23 Model 96 Stepping 1, AuthenticAMD",12,7598,Windows-11-10.0.26200-SP0,N/A (prebuilt Python extension wheel),N/A,N/A (prebuilt wheel),pqcrypto,0.4.0,ML-KEM-768,keygen,90,176800,30490624,True,
99947311-0ca6-4c66-85fc-a55f99fed6e6,01acefc3-f3b3-4fb7-9ae4-3ed4a78bd0b8,2026-08-12T17:25:06.439496+00:00,controlled_windows_x86_64_two_cpu,NATIVE_SOFTWARE,x86_64,"AMD64 Family 23 Model 96 Stepping 1, AuthenticAMD",12,7598,Windows-11-10.0.26200-SP0,N/A (prebuilt Python extension wheel),N/A,N/A (prebuilt wheel),pqcrypto,0.4.0,ML-KEM-768,encapsulation,90,176300,30490624,True,
99947311-0ca6-4c66-85fc-a55f99fed6e6,01acefc3-f3b3-4fb7-9ae4-3ed4a78bd0b8,2026-08-12T17:25:06.439767+00:00,controlled_windows_x86_64_two_cpu,NATIVE_SOFTWARE,x86_64,"AMD64 Family 23 Model 96 Stepping 1, AuthenticAMD",12,7598,Windows-11-10.0.26200-SP0,N/A (prebuilt Python extension wheel),N/A,N/A (prebuilt wheel),pqcrypto,0.4.0,ML-KEM-768,decapsulation,90,83400,30490624,True,
99947311-0ca6-4c66-85fc-a55f99fed6e6,01acefc3-f3b3-4fb7-9ae4-3ed4a78bd0b8,2026-08-12T17:25:06.439937+00:00,controlled_windows_x86_64_two_cpu,NATIVE_SOFTWARE,x86_64,"AMD64 Family 23 Model 96 Stepping 1, AuthenticAMD",12,7598,Windows-11-10.0.26200-SP0,N/A (prebuilt Python extension wheel),N/A,N/A (prebuilt wheel),pqcrypto,0.4.0,ML-KEM-768,keygen,91,215900,30490624,True,
99947311-0ca6-4c66-85fc-a55f99fed6e6,01acefc3-f3b3-4fb7-9ae4-3ed4a78bd0b8,2026-08-12T17:25:06.440447+00:00,controlled_windows_x86_64_two_cpu,NATIVE_SOFTWARE,x86_64,"AMD64 Family 23 Model 96 Stepping 1, AuthenticAMD",12,7598,Windows-11-10.0.26200-SP0,N/A (prebuilt Python extension wheel),N/A,N/A (prebuilt wheel),pqcrypto,0.4.0,ML-KEM-768,encapsulation,91,190000,30490624,True,
99947311-0ca6-4c66-85fc-a55f99fed6e6,01acefc3-f3b3-4fb7-9ae4-3ed4a78bd0b8,2026-08-12T17:25:06.440735+00:00,controlled_windows_x86_64_two_cpu,NATIVE_SOFTWARE,x86_64,"AMD64 Family 23 Model 96 Stepping 1, AuthenticAMD",12,7598,Windows-11-10.0.26200-SP0,N/A (prebuilt Python extension wheel),N/A,N/A (prebuilt wheel),pqcrypto,0.4.0,ML-KEM-768,decapsulation,91,89000,30490624,True,
99947311-0ca6-4c66-85fc-a55f99fed6e6,01acefc3-f3b3-4fb7-9ae4-3ed4a78bd0b8,2026-08-12T17:25:06.440908+00:00,controlled_windows_x86_64_two_cpu,NATIVE_SOFTWARE,x86_64,"AMD64 Family 23 Model 96 Stepping 1, AuthenticAMD",12,7598,Windows-11-10.0.26200-SP0,N/A (prebuilt Python extension wheel),N/A,N/A (prebuilt wheel),pqcrypto,0.4.0,ML-KEM-768,keygen,92,180800,30490624,True,
99947311-0ca6-4c66-85fc-a55f99fed6e6,01acefc3-f3b3-4fb7-9ae4-3ed4a78bd0b8,2026-08-12T17:25:06.441350+00:00,controlled_windows_x86_64_two_cpu,NATIVE_SOFTWARE,x86_64,"AMD64 Family 23 Model 96 Stepping 1, AuthenticAMD",12,7598,Windows-11-10.0.26200-SP0,N/A (prebuilt Python extension wheel),N/A,N/A (prebuilt wheel),pqcrypto,0.4.0,ML-KEM-768,encapsulation,92,171200,30490624,True,
99947311-0ca6-4c66-85fc-a55f99fed6e6,01acefc3-f3b3-4fb7-9ae4-3ed4a78bd0b8,2026-08-12T17:25:06.441622+00:00,controlled_windows_x86_64_two_cpu,NATIVE_SOFTWARE,x86_64,"AMD64 Family 23 Model 96 Stepping 1, AuthenticAMD",12,7598,Windows-11-10.0.26200-SP0,N/A (prebuilt Python extension wheel),N/A,N/A (prebuilt wheel),pqcrypto,0.4.0,ML-KEM-768,decapsulation,92,69200,30490624,True,
99947311-0ca6-4c66-85fc-a55f99fed6e6,01acefc3-f3b3-4fb7-9ae4-3ed4a78bd0b8,2026-08-12T17:25:06.441770+00:00,controlled_windows_x86_64_two_cpu,NATIVE_SOFTWARE,x86_64,"AMD64 Family 23 Model 96 Stepping 1, AuthenticAMD",12,7598,Windows-11-10.0.26200-SP0,N/A (prebuilt Python extension wheel),N/A,N/A (prebuilt wheel),pqcrypto,0.4.0,ML-KEM-768,keygen,93,214600,30490624,True,
99947311-0ca6-4c66-85fc-a55f99fed6e6,01acefc3-f3b3-4fb7-9ae4-3ed4a78bd0b8,2026-08-12T17:25:06.442264+00:00,controlled_windows_x86_64_two_cpu,NATIVE_SOFTWARE,x86_64,"AMD64 Family 23 Model 96 Stepping 1, AuthenticAMD",12,7598,Windows-11-10.0.26200-SP0,N/A (prebuilt Python extension wheel),N/A,N/A (prebuilt wheel),pqcrypto,0.4.0,ML-KEM-768,encapsulation,93,177300,30490624,True,
99947311-0ca6-4c66-85fc-a55f99fed6e6,01acefc3-f3b3-4fb7-9ae4-3ed4a78bd0b8,2026-08-12T17:25:06.442570+00:00,controlled_windows_x86_64_two_cpu,NATIVE_SOFTWARE,x86_64,"AMD64 Family 23 Model 96 Stepping 1, AuthenticAMD",12,7598,Windows-11-10.0.26200-SP0,N/A (prebuilt Python extension wheel),N/A,N/A (prebuilt wheel),pqcrypto,0.4.0,ML-KEM-768,decapsulation,93,74700,30490624,True,
99947311-0ca6-4c66-85fc-a55f99fed6e6,01acefc3-f3b3-4fb7-9ae4-3ed4a78bd0b8,2026-08-12T17:25:06.442734+00:00,controlled_windows_x86_64_two_cpu,NATIVE_SOFTWARE,x86_64,"AMD64 Family 23 Model 96 Stepping 1, AuthenticAMD",12,7598,Windows-11-10.0.26200-SP0,N/A (prebuilt Python extension wheel),N/A,N/A (prebuilt wheel),pqcrypto,0.4.0,ML-KEM-768,keygen,94,313000,30490624,True,
99947311-0ca6-4c66-85fc-a55f99fed6e6,01acefc3-f3b3-4fb7-9ae4-3ed4a78bd0b8,2026-08-12T17:25:06.443337+00:00,controlled_windows_x86_64_two_cpu,NATIVE_SOFTWARE,x86_64,"AMD64 Family 23 Model 96 Stepping 1, AuthenticAMD",12,7598,Windows-11-10.0.26200-SP0,N/A (prebuilt Python extension wheel),N/A,N/A (prebuilt wheel),pqcrypto,0.4.0,ML-KEM-768,encapsulation,94,174600,30490624,True,
99947311-0ca6-4c66-85fc-a55f99fed6e6,01acefc3-f3b3-4fb7-9ae4-3ed4a78bd0b8,2026-08-12T17:25:06.443615+00:00,controlled_windows_x86_64_two_cpu,NATIVE_SOFTWARE,x86_64,"AMD64 Family 23 Model 96 Stepping 1, AuthenticAMD",12,7598,Windows-11-10.0.26200-SP0,N/A (prebuilt Python extension wheel),N/A,N/A (prebuilt wheel),pqcrypto,0.4.0,ML-KEM-768,decapsulation,94,69700,30490624,True,
99947311-0ca6-4c66-85fc-a55f99fed6e6,01acefc3-f3b3-4fb7-9ae4-3ed4a78bd0b8,2026-08-12T17:25:06.443767+00:00,controlled_windows_x86_64_two_cpu,NATIVE_SOFTWARE,x86_64,"AMD64 Family 23 Model 96 Stepping 1, AuthenticAMD",12,7598,Windows-11-10.0.26200-SP0,N/A (prebuilt Python extension wheel),N/A,N/A (prebuilt wheel),pqcrypto,0.4.0,ML-KEM-768,keygen,95,208100,30490624,True,
99947311-0ca6-4c66-85fc-a55f99fed6e6,01acefc3-f3b3-4fb7-9ae4-3ed4a78bd0b8,2026-08-12T17:25:06.444242+00:00,controlled_windows_x86_64_two_cpu,NATIVE_SOFTWARE,x86_64,"AMD64 Family 23 Model 96 Stepping 1, AuthenticAMD",12,7598,Windows-11-10.0.26200-SP0,N/A (prebuilt Python extension wheel),N/A,N/A (prebuilt wheel),pqcrypto,0.4.0,ML-KEM-768,encapsulation,95,175700,30490624,True,
99947311-0ca6-4c66-85fc-a55f99fed6e6,01acefc3-f3b3-4fb7-9ae4-3ed4a78bd0b8,2026-08-12T17:25:06.444516+00:00,controlled_windows_x86_64_two_cpu,NATIVE_SOFTWARE,x86_64,"AMD64 Family 23 Model 96 Stepping 1, AuthenticAMD",12,7598,Windows-11-10.0.26200-SP0,N/A (prebuilt Python extension wheel),N/A,N/A (prebuilt wheel),pqcrypto,0.4.0,ML-KEM-768,decapsulation,95,69600,30490624,True,
99947311-0ca6-4c66-85fc-a55f99fed6e6,01acefc3-f3b3-4fb7-9ae4-3ed4a78bd0b8,2026-08-12T17:25:06.444665+00:00,controlled_windows_x86_64_two_cpu,NATIVE_SOFTWARE,x86_64,"AMD64 Family 23 Model 96 Stepping 1, AuthenticAMD",12,7598,Windows-11-10.0.26200-SP0,N/A (prebuilt Python extension wheel),N/A,N/A (prebuilt wheel),pqcrypto,0.4.0,ML-KEM-768,keygen,96,197900,30490624,True,
99947311-0ca6-4c66-85fc-a55f99fed6e6,01acefc3-f3b3-4fb7-9ae4-3ed4a78bd0b8,2026-08-12T17:25:06.445129+00:00,controlled_windows_x86_64_two_cpu,NATIVE_SOFTWARE,x86_64,"AMD64 Family 23 Model 96 Stepping 1, AuthenticAMD",12,7598,Windows-11-10.0.26200-SP0,N/A (prebuilt Python extension wheel),N/A,N/A (prebuilt wheel),pqcrypto,0.4.0,ML-KEM-768,encapsulation,96,195100,30490624,True,
99947311-0ca6-4c66-85fc-a55f99fed6e6,01acefc3-f3b3-4fb7-9ae4-3ed4a78bd0b8,2026-08-12T17:25:06.445418+00:00,controlled_windows_x86_64_two_cpu,NATIVE_SOFTWARE,x86_64,"AMD64 Family 23 Model 96 Stepping 1, AuthenticAMD",12,7598,Windows-11-10.0.26200-SP0,N/A (prebuilt Python extension wheel),N/A,N/A (prebuilt wheel),pqcrypto,0.4.0,ML-KEM-768,decapsulation,96,69000,30490624,True,
99947311-0ca6-4c66-85fc-a55f99fed6e6,01acefc3-f3b3-4fb7-9ae4-3ed4a78bd0b8,2026-08-12T17:25:06.445567+00:00,controlled_windows_x86_64_two_cpu,NATIVE_SOFTWARE,x86_64,"AMD64 Family 23 Model 96 Stepping 1, AuthenticAMD",12,7598,Windows-11-10.0.26200-SP0,N/A (prebuilt Python extension wheel),N/A,N/A (prebuilt wheel),pqcrypto,0.4.0,ML-KEM-768,keygen,97,177500,30490624,True,
99947311-0ca6-4c66-85fc-a55f99fed6e6,01acefc3-f3b3-4fb7-9ae4-3ed4a78bd0b8,2026-08-12T17:25:06.446029+00:00,controlled_windows_x86_64_two_cpu,NATIVE_SOFTWARE,x86_64,"AMD64 Family 23 Model 96 Stepping 1, AuthenticAMD",12,7598,Windows-11-10.0.26200-SP0,N/A (prebuilt Python extension wheel),N/A,N/A (prebuilt wheel),pqcrypto,0.4.0,ML-KEM-768,encapsulation,97,171000,30490624,True,
99947311-0ca6-4c66-85fc-a55f99fed6e6,01acefc3-f3b3-4fb7-9ae4-3ed4a78bd0b8,2026-08-12T17:25:06.446296+00:00,controlled_windows_x86_64_two_cpu,NATIVE_SOFTWARE,x86_64,"AMD64 Family 23 Model 96 Stepping 1, AuthenticAMD",12,7598,Windows-11-10.0.26200-SP0,N/A (prebuilt Python extension wheel),N/A,N/A (prebuilt wheel),pqcrypto,0.4.0,ML-KEM-768,decapsulation,97,69600,30490624,True,
99947311-0ca6-4c66-85fc-a55f99fed6e6,01acefc3-f3b3-4fb7-9ae4-3ed4a78bd0b8,2026-08-12T17:25:06.446444+00:00,controlled_windows_x86_64_two_cpu,NATIVE_SOFTWARE,x86_64,"AMD64 Family 23 Model 96 Stepping 1, AuthenticAMD",12,7598,Windows-11-10.0.26200-SP0,N/A (prebuilt Python extension wheel),N/A,N/A (prebuilt wheel),pqcrypto,0.4.0,ML-KEM-768,keygen,98,174500,30490624,True,
99947311-0ca6-4c66-85fc-a55f99fed6e6,01acefc3-f3b3-4fb7-9ae4-3ed4a78bd0b8,2026-08-12T17:25:06.447418+00:00,controlled_windows_x86_64_two_cpu,NATIVE_SOFTWARE,x86_64,"AMD64 Family 23 Model 96 Stepping 1, AuthenticAMD",12,7598,Windows-11-10.0.26200-SP0,N/A (prebuilt Python extension wheel),N/A,N/A (prebuilt wheel),pqcrypto,0.4.0,ML-KEM-768,encapsulation,98,197200,30490624,True,
99947311-0ca6-4c66-85fc-a55f99fed6e6,01acefc3-f3b3-4fb7-9ae4-3ed4a78bd0b8,2026-08-12T17:25:06.447725+00:00,controlled_windows_x86_64_two_cpu,NATIVE_SOFTWARE,x86_64,"AMD64 Family 23 Model 96 Stepping 1, AuthenticAMD",12,7598,Windows-11-10.0.26200-SP0,N/A (prebuilt Python extension wheel),N/A,N/A (prebuilt wheel),pqcrypto,0.4.0,ML-KEM-768,decapsulation,98,86000,30490624,True,
99947311-0ca6-4c66-85fc-a55f99fed6e6,01acefc3-f3b3-4fb7-9ae4-3ed4a78bd0b8,2026-08-12T17:25:06.447892+00:00,controlled_windows_x86_64_two_cpu,NATIVE_SOFTWARE,x86_64,"AMD64 Family 23 Model 96 Stepping 1, AuthenticAMD",12,7598,Windows-11-10.0.26200-SP0,N/A (prebuilt Python extension wheel),N/A,N/A (prebuilt wheel),pqcrypto,0.4.0,ML-KEM-768,keygen,99,180900,30490624,True,
99947311-0ca6-4c66-85fc-a55f99fed6e6,01acefc3-f3b3-4fb7-9ae4-3ed4a78bd0b8,2026-08-12T17:25:06.448334+00:00,controlled_windows_x86_64_two_cpu,NATIVE_SOFTWARE,x86_64,"AMD64 Family 23 Model 96 Stepping 1, AuthenticAMD",12,7598,Windows-11-10.0.26200-SP0,N/A (prebuilt Python extension wheel),N/A,N/A (prebuilt wheel),pqcrypto,0.4.0,ML-KEM-768,encapsulation,99,172300,30490624,True,
99947311-0ca6-4c66-85fc-a55f99fed6e6,01acefc3-f3b3-4fb7-9ae4-3ed4a78bd0b8,2026-08-12T17:25:06.448599+00:00,controlled_windows_x86_64_two_cpu,NATIVE_SOFTWARE,x86_64,"AMD64 Family 23 Model 96 Stepping 1, AuthenticAMD",12,7598,Windows-11-10.0.26200-SP0,N/A (prebuilt Python extension wheel),N/A,N/A (prebuilt wheel),pqcrypto,0.4.0,ML-KEM-768,decapsulation,99,68800,30490624,True,
99947311-0ca6-4c66-85fc-a55f99fed6e6,01acefc3-f3b3-4fb7-9ae4-3ed4a78bd0b8,2026-08-12T17:25:06.448747+00:00,controlled_windows_x86_64_two_cpu,NATIVE_SOFTWARE,x86_64,"AMD64 Family 23 Model 96 Stepping 1, AuthenticAMD",12,7598,Windows-11-10.0.26200-SP0,N/A (prebuilt Python extension wheel),N/A,N/A (prebuilt wheel),pqcrypto,0.4.0,ML-KEM-768,keygen,100,192100,30490624,True,
99947311-0ca6-4c66-85fc-a55f99fed6e6,01acefc3-f3b3-4fb7-9ae4-3ed4a78bd0b8,2026-08-12T17:25:06.449203+00:00,controlled_windows_x86_64_two_cpu,NATIVE_SOFTWARE,x86_64,"AMD64 Family 23 Model 96 Stepping 1, AuthenticAMD",12,7598,Windows-11-10.0.26200-SP0,N/A (prebuilt Python extension wheel),N/A,N/A (prebuilt wheel),pqcrypto,0.4.0,ML-KEM-768,encapsulation,100,173400,30490624,True,
99947311-0ca6-4c66-85fc-a55f99fed6e6,01acefc3-f3b3-4fb7-9ae4-3ed4a78bd0b8,2026-08-12T17:25:06.449481+00:00,controlled_windows_x86_64_two_cpu,NATIVE_SOFTWARE,x86_64,"AMD64 Family 23 Model 96 Stepping 1, AuthenticAMD",12,7598,Windows-11-10.0.26200-SP0,N/A (prebuilt Python extension wheel),N/A,N/A (prebuilt wheel),pqcrypto,0.4.0,ML-KEM-768,decapsulation,100,69800,30490624,True,
99947311-0ca6-4c66-85fc-a55f99fed6e6,01acefc3-f3b3-4fb7-9ae4-3ed4a78bd0b8,2026-08-12T17:25:06.449653+00:00,controlled_windows_x86_64_two_cpu,NATIVE_SOFTWARE,x86_64,"AMD64 Family 23 Model 96 Stepping 1, AuthenticAMD",12,7598,Windows-11-10.0.26200-SP0,N/A (prebuilt Python extension wheel),N/A,N/A (prebuilt wheel),pqcrypto,0.4.0,ML-KEM-1024,keygen,1,366800,30511104,True,
99947311-0ca6-4c66-85fc-a55f99fed6e6,01acefc3-f3b3-4fb7-9ae4-3ed4a78bd0b8,2026-08-12T17:25:06.450379+00:00,controlled_windows_x86_64_two_cpu,NATIVE_SOFTWARE,x86_64,"AMD64 Family 23 Model 96 Stepping 1, AuthenticAMD",12,7598,Windows-11-10.0.26200-SP0,N/A (prebuilt Python extension wheel),N/A,N/A (prebuilt wheel),pqcrypto,0.4.0,ML-KEM-1024,encapsulation,1,281700,30511104,True,
99947311-0ca6-4c66-85fc-a55f99fed6e6,01acefc3-f3b3-4fb7-9ae4-3ed4a78bd0b8,2026-08-12T17:25:06.450873+00:00,controlled_windows_x86_64_two_cpu,NATIVE_SOFTWARE,x86_64,"AMD64 Family 23 Model 96 Stepping 1, AuthenticAMD",12,7598,Windows-11-10.0.26200-SP0,N/A (prebuilt Python extension wheel),N/A,N/A (prebuilt wheel),pqcrypto,0.4.0,ML-KEM-1024,decapsulation,1,128500,30511104,True,
99947311-0ca6-4c66-85fc-a55f99fed6e6,01acefc3-f3b3-4fb7-9ae4-3ed4a78bd0b8,2026-08-12T17:25:06.451139+00:00,controlled_windows_x86_64_two_cpu,NATIVE_SOFTWARE,x86_64,"AMD64 Family 23 Model 96 Stepping 1, AuthenticAMD",12,7598,Windows-11-10.0.26200-SP0,N/A (prebuilt Python extension wheel),N/A,N/A (prebuilt wheel),pqcrypto,0.4.0,ML-KEM-1024,keygen,2,302900,30511104,True,
99947311-0ca6-4c66-85fc-a55f99fed6e6,01acefc3-f3b3-4fb7-9ae4-3ed4a78bd0b8,2026-08-12T17:25:06.451827+00:00,controlled_windows_x86_64_two_cpu,NATIVE_SOFTWARE,x86_64,"AMD64 Family 23 Model 96 Stepping 1, AuthenticAMD",12,7598,Windows-11-10.0.26200-SP0,N/A (prebuilt Python extension wheel),N/A,N/A (prebuilt wheel),pqcrypto,0.4.0,ML-KEM-1024,encapsulation,2,223200,30511104,True,
99947311-0ca6-4c66-85fc-a55f99fed6e6,01acefc3-f3b3-4fb7-9ae4-3ed4a78bd0b8,2026-08-12T17:25:06.452220+00:00,controlled_windows_x86_64_two_cpu,NATIVE_SOFTWARE,x86_64,"AMD64 Family 23 Model 96 Stepping 1, AuthenticAMD",12,7598,Windows-11-10.0.26200-SP0,N/A (prebuilt Python extension wheel),N/A,N/A (prebuilt wheel),pqcrypto,0.4.0,ML-KEM-1024,decapsulation,2,106800,30511104,True,
99947311-0ca6-4c66-85fc-a55f99fed6e6,01acefc3-f3b3-4fb7-9ae4-3ed4a78bd0b8,2026-08-12T17:25:06.452422+00:00,controlled_windows_x86_64_two_cpu,NATIVE_SOFTWARE,x86_64,"AMD64 Family 23 Model 96 Stepping 1, AuthenticAMD",12,7598,Windows-11-10.0.26200-SP0,N/A (prebuilt Python extension wheel),N/A,N/A (prebuilt wheel),pqcrypto,0.4.0,ML-KEM-1024,keygen,3,246800,30511104,True,
99947311-0ca6-4c66-85fc-a55f99fed6e6,01acefc3-f3b3-4fb7-9ae4-3ed4a78bd0b8,2026-08-12T17:25:06.453043+00:00,controlled_windows_x86_64_two_cpu,NATIVE_SOFTWARE,x86_64,"AMD64 Family 23 Model 96 Stepping 1, AuthenticAMD",12,7598,Windows-11-10.0.26200-SP0,N/A (prebuilt Python extension wheel),N/A,N/A (prebuilt wheel),pqcrypto,0.4.0,ML-KEM-1024,encapsulation,3,203800,30511104,True,
99947311-0ca6-4c66-85fc-a55f99fed6e6,01acefc3-f3b3-4fb7-9ae4-3ed4a78bd0b8,2026-08-12T17:25:06.453357+00:00,controlled_windows_x86_64_two_cpu,NATIVE_SOFTWARE,x86_64,"AMD64 Family 23 Model 96 Stepping 1, AuthenticAMD",12,7598,Windows-11-10.0.26200-SP0,N/A (prebuilt Python extension wheel),N/A,N/A (prebuilt wheel),pqcrypto,0.4.0,ML-KEM-1024,decapsulation,3,100400,30511104,True,
99947311-0ca6-4c66-85fc-a55f99fed6e6,01acefc3-f3b3-4fb7-9ae4-3ed4a78bd0b8,2026-08-12T17:25:06.453540+00:00,controlled_windows_x86_64_two_cpu,NATIVE_SOFTWARE,x86_64,"AMD64 Family 23 Model 96 Stepping 1, AuthenticAMD",12,7598,Windows-11-10.0.26200-SP0,N/A (prebuilt Python extension wheel),N/A,N/A (prebuilt wheel),pqcrypto,0.4.0,ML-KEM-1024,keygen,4,208800,30511104,True,
99947311-0ca6-4c66-85fc-a55f99fed6e6,01acefc3-f3b3-4fb7-9ae4-3ed4a78bd0b8,2026-08-12T17:25:06.454147+00:00,controlled_windows_x86_64_two_cpu,NATIVE_SOFTWARE,x86_64,"AMD64 Family 23 Model 96 Stepping 1, AuthenticAMD",12,7598,Windows-11-10.0.26200-SP0,N/A (prebuilt Python extension wheel),N/A,N/A (prebuilt wheel),pqcrypto,0.4.0,ML-KEM-1024,encapsulation,4,203800,30511104,True,
99947311-0ca6-4c66-85fc-a55f99fed6e6,01acefc3-f3b3-4fb7-9ae4-3ed4a78bd0b8,2026-08-12T17:25:06.454466+00:00,controlled_windows_x86_64_two_cpu,NATIVE_SOFTWARE,x86_64,"AMD64 Family 23 Model 96 Stepping 1, AuthenticAMD",12,7598,Windows-11-10.0.26200-SP0,N/A (prebuilt Python extension wheel),N/A,N/A (prebuilt wheel),pqcrypto,0.4.0,ML-KEM-1024,decapsulation,4,100500,30511104,True,
99947311-0ca6-4c66-85fc-a55f99fed6e6,01acefc3-f3b3-4fb7-9ae4-3ed4a78bd0b8,2026-08-12T17:25:06.454649+00:00,controlled_windows_x86_64_two_cpu,NATIVE_SOFTWARE,x86_64,"AMD64 Family 23 Model 96 Stepping 1, AuthenticAMD",12,7598,Windows-11-10.0.26200-SP0,N/A (prebuilt Python extension wheel),N/A,N/A (prebuilt wheel),pqcrypto,0.4.0,ML-KEM-1024,keygen,5,228400,30511104,True,
99947311-0ca6-4c66-85fc-a55f99fed6e6,01acefc3-f3b3-4fb7-9ae4-3ed4a78bd0b8,2026-08-12T17:25:06.455170+00:00,controlled_windows_x86_64_two_cpu,NATIVE_SOFTWARE,x86_64,"AMD64 Family 23 Model 96 Stepping 1, AuthenticAMD",12,7598,Windows-11-10.0.26200-SP0,N/A (prebuilt Python extension wheel),N/A,N/A (prebuilt wheel),pqcrypto,0.4.0,ML-KEM-1024,encapsulation,5,200600,30511104,True,
99947311-0ca6-4c66-85fc-a55f99fed6e6,01acefc3-f3b3-4fb7-9ae4-3ed4a78bd0b8,2026-08-12T17:25:06.455465+00:00,controlled_windows_x86_64_two_cpu,NATIVE_SOFTWARE,x86_64,"AMD64 Family 23 Model 96 Stepping 1, AuthenticAMD",12,7598,Windows-11-10.0.26200-SP0,N/A (prebuilt Python extension wheel),N/A,N/A (prebuilt wheel),pqcrypto,0.4.0,ML-KEM-1024,decapsulation,5,102800,30511104,True,
99947311-0ca6-4c66-85fc-a55f99fed6e6,01acefc3-f3b3-4fb7-9ae4-3ed4a78bd0b8,2026-08-12T17:25:06.455654+00:00,controlled_windows_x86_64_two_cpu,NATIVE_SOFTWARE,x86_64,"AMD64 Family 23 Model 96 Stepping 1, AuthenticAMD",12,7598,Windows-11-10.0.26200-SP0,N/A (prebuilt Python extension wheel),N/A,N/A (prebuilt wheel),pqcrypto,0.4.0,ML-KEM-1024,keygen,6,216300,30511104,True,
99947311-0ca6-4c66-85fc-a55f99fed6e6,01acefc3-f3b3-4fb7-9ae4-3ed4a78bd0b8,2026-08-12T17:25:06.456180+00:00,controlled_windows_x86_64_two_cpu,NATIVE_SOFTWARE,x86_64,"AMD64 Family 23 Model 96 Stepping 1, AuthenticAMD",12,7598,Windows-11-10.0.26200-SP0,N/A (prebuilt Python extension wheel),N/A,N/A (prebuilt wheel),pqcrypto,0.4.0,ML-KEM-1024,encapsulation,6,202200,30511104,True,
99947311-0ca6-4c66-85fc-a55f99fed6e6,01acefc3-f3b3-4fb7-9ae4-3ed4a78bd0b8,2026-08-12T17:25:06.456528+00:00,controlled_windows_x86_64_two_cpu,NATIVE_SOFTWARE,x86_64,"AMD64 Family 23 Model 96 Stepping 1, AuthenticAMD",12,7598,Windows-11-10.0.26200-SP0,N/A (prebuilt Python extension wheel),N/A,N/A (prebuilt wheel),pqcrypto,0.4.0,ML-KEM-1024,decapsulation,6,101300,30511104,True,
99947311-0ca6-4c66-85fc-a55f99fed6e6,01acefc3-f3b3-4fb7-9ae4-3ed4a78bd0b8,2026-08-12T17:25:06.456729+00:00,controlled_windows_x86_64_two_cpu,NATIVE_SOFTWARE,x86_64,"AMD64 Family 23 Model 96 Stepping 1, AuthenticAMD",12,7598,Windows-11-10.0.26200-SP0,N/A (prebuilt Python extension wheel),N/A,N/A (prebuilt wheel),pqcrypto,0.4.0,ML-KEM-1024,keygen,7,322800,30511104,True,
99947311-0ca6-4c66-85fc-a55f99fed6e6,01acefc3-f3b3-4fb7-9ae4-3ed4a78bd0b8,2026-08-12T17:25:06.457373+00:00,controlled_windows_x86_64_two_cpu,NATIVE_SOFTWARE,x86_64,"AMD64 Family 23 Model 96 Stepping 1, AuthenticAMD",12,7598,Windows-11-10.0.26200-SP0,N/A (prebuilt Python extension wheel),N/A,N/A (prebuilt wheel),pqcrypto,0.4.0,ML-KEM-1024,encapsulation,7,202600,30511104,True,
99947311-0ca6-4c66-85fc-a55f99fed6e6,01acefc3-f3b3-4fb7-9ae4-3ed4a78bd0b8,2026-08-12T17:25:06.457679+00:00,controlled_windows_x86_64_two_cpu,NATIVE_SOFTWARE,x86_64,"AMD64 Family 23 Model 96 Stepping 1, AuthenticAMD",12,7598,Windows-11-10.0.26200-SP0,N/A (prebuilt Python extension wheel),N/A,N/A (prebuilt wheel),pqcrypto,0.4.0,ML-KEM-1024,decapsulation,7,117000,30511104,True,
99947311-0ca6-4c66-85fc-a55f99fed6e6,01acefc3-f3b3-4fb7-9ae4-3ed4a78bd0b8,2026-08-12T17:25:06.457878+00:00,controlled_windows_x86_64_two_cpu,NATIVE_SOFTWARE,x86_64,"AMD64 Family 23 Model 96 Stepping 1, AuthenticAMD",12,7598,Windows-11-10.0.26200-SP0,N/A (prebuilt Python extension wheel),N/A,N/A (prebuilt wheel),pqcrypto,0.4.0,ML-KEM-1024,keygen,8,205300,30511104,True,
99947311-0ca6-4c66-85fc-a55f99fed6e6,01acefc3-f3b3-4fb7-9ae4-3ed4a78bd0b8,2026-08-12T17:25:06.458371+00:00,controlled_windows_x86_64_two_cpu,NATIVE_SOFTWARE,x86_64,"AMD64 Family 23 Model 96 Stepping 1, AuthenticAMD",12,7598,Windows-11-10.0.26200-SP0,N/A (prebuilt Python extension wheel),N/A,N/A (prebuilt wheel),pqcrypto,0.4.0,ML-KEM-1024,encapsulation,8,201700,30511104,True,
99947311-0ca6-4c66-85fc-a55f99fed6e6,01acefc3-f3b3-4fb7-9ae4-3ed4a78bd0b8,2026-08-12T17:25:06.458666+00:00,controlled_windows_x86_64_two_cpu,NATIVE_SOFTWARE,x86_64,"AMD64 Family 23 Model 96 Stepping 1, AuthenticAMD",12,7598,Windows-11-10.0.26200-SP0,N/A (prebuilt Python extension wheel),N/A,N/A (prebuilt wheel),pqcrypto,0.4.0,ML-KEM-1024,decapsulation,8,99600,30511104,True,
99947311-0ca6-4c66-85fc-a55f99fed6e6,01acefc3-f3b3-4fb7-9ae4-3ed4a78bd0b8,2026-08-12T17:25:06.458863+00:00,controlled_windows_x86_64_two_cpu,NATIVE_SOFTWARE,x86_64,"AMD64 Family 23 Model 96 Stepping 1, AuthenticAMD",12,7598,Windows-11-10.0.26200-SP0,N/A (prebuilt Python extension wheel),N/A,N/A (prebuilt wheel),pqcrypto,0.4.0,ML-KEM-1024,keygen,9,235100,30511104,True,
99947311-0ca6-4c66-85fc-a55f99fed6e6,01acefc3-f3b3-4fb7-9ae4-3ed4a78bd0b8,2026-08-12T17:25:06.459384+00:00,controlled_windows_x86_64_two_cpu,NATIVE_SOFTWARE,x86_64,"AMD64 Family 23 Model 96 Stepping 1, AuthenticAMD",12,7598,Windows-11-10.0.26200-SP0,N/A (prebuilt Python extension wheel),N/A,N/A (prebuilt wheel),pqcrypto,0.4.0,ML-KEM-1024,encapsulation,9,199800,30511104,True,
99947311-0ca6-4c66-85fc-a55f99fed6e6,01acefc3-f3b3-4fb7-9ae4-3ed4a78bd0b8,2026-08-12T17:25:06.459680+00:00,controlled_windows_x86_64_two_cpu,NATIVE_SOFTWARE,x86_64,"AMD64 Family 23 Model 96 Stepping 1, AuthenticAMD",12,7598,Windows-11-10.0.26200-SP0,N/A (prebuilt Python extension wheel),N/A,N/A (prebuilt wheel),pqcrypto,0.4.0,ML-KEM-1024,decapsulation,9,99500,30511104,True,
99947311-0ca6-4c66-85fc-a55f99fed6e6,01acefc3-f3b3-4fb7-9ae4-3ed4a78bd0b8,2026-08-12T17:25:06.459874+00:00,controlled_windows_x86_64_two_cpu,NATIVE_SOFTWARE,x86_64,"AMD64 Family 23 Model 96 Stepping 1, AuthenticAMD",12,7598,Windows-11-10.0.26200-SP0,N/A (prebuilt Python extension wheel),N/A,N/A (prebuilt wheel),pqcrypto,0.4.0,ML-KEM-1024,keygen,10,206700,30511104,True,
99947311-0ca6-4c66-85fc-a55f99fed6e6,01acefc3-f3b3-4fb7-9ae4-3ed4a78bd0b8,2026-08-12T17:25:06.460370+00:00,controlled_windows_x86_64_two_cpu,NATIVE_SOFTWARE,x86_64,"AMD64 Family 23 Model 96 Stepping 1, AuthenticAMD",12,7598,Windows-11-10.0.26200-SP0,N/A (prebuilt Python extension wheel),N/A,N/A (prebuilt wheel),pqcrypto,0.4.0,ML-KEM-1024,encapsulation,10,228200,30511104,True,
99947311-0ca6-4c66-85fc-a55f99fed6e6,01acefc3-f3b3-4fb7-9ae4-3ed4a78bd0b8,2026-08-12T17:25:06.460695+00:00,controlled_windows_x86_64_two_cpu,NATIVE_SOFTWARE,x86_64,"AMD64 Family 23 Model 96 Stepping 1, AuthenticAMD",12,7598,Windows-11-10.0.26200-SP0,N/A (prebuilt Python extension wheel),N/A,N/A (prebuilt wheel),pqcrypto,0.4.0,ML-KEM-1024,decapsulation,10,132600,30511104,True,
99947311-0ca6-4c66-85fc-a55f99fed6e6,01acefc3-f3b3-4fb7-9ae4-3ed4a78bd0b8,2026-08-12T17:25:06.460934+00:00,controlled_windows_x86_64_two_cpu,NATIVE_SOFTWARE,x86_64,"AMD64 Family 23 Model 96 Stepping 1, AuthenticAMD",12,7598,Windows-11-10.0.26200-SP0,N/A (prebuilt Python extension wheel),N/A,N/A (prebuilt wheel),pqcrypto,0.4.0,ML-KEM-1024,keygen,11,227000,30515200,True,
99947311-0ca6-4c66-85fc-a55f99fed6e6,01acefc3-f3b3-4fb7-9ae4-3ed4a78bd0b8,2026-08-12T17:25:06.461957+00:00,controlled_windows_x86_64_two_cpu,NATIVE_SOFTWARE,x86_64,"AMD64 Family 23 Model 96 Stepping 1, AuthenticAMD",12,7598,Windows-11-10.0.26200-SP0,N/A (prebuilt Python extension wheel),N/A,N/A (prebuilt wheel),pqcrypto,0.4.0,ML-KEM-1024,encapsulation,11,208000,30515200,True,
99947311-0ca6-4c66-85fc-a55f99fed6e6,01acefc3-f3b3-4fb7-9ae4-3ed4a78bd0b8,2026-08-12T17:25:06.462267+00:00,controlled_windows_x86_64_two_cpu,NATIVE_SOFTWARE,x86_64,"AMD64 Family 23 Model 96 Stepping 1, AuthenticAMD",12,7598,Windows-11-10.0.26200-SP0,N/A (prebuilt Python extension wheel),N/A,N/A (prebuilt wheel),pqcrypto,0.4.0,ML-KEM-1024,decapsulation,11,100400,30515200,True,
99947311-0ca6-4c66-85fc-a55f99fed6e6,01acefc3-f3b3-4fb7-9ae4-3ed4a78bd0b8,2026-08-12T17:25:06.462448+00:00,controlled_windows_x86_64_two_cpu,NATIVE_SOFTWARE,x86_64,"AMD64 Family 23 Model 96 Stepping 1, AuthenticAMD",12,7598,Windows-11-10.0.26200-SP0,N/A (prebuilt Python extension wheel),N/A,N/A (prebuilt wheel),pqcrypto,0.4.0,ML-KEM-1024,keygen,12,209200,30515200,True,
99947311-0ca6-4c66-85fc-a55f99fed6e6,01acefc3-f3b3-4fb7-9ae4-3ed4a78bd0b8,2026-08-12T17:25:06.462983+00:00,controlled_windows_x86_64_two_cpu,NATIVE_SOFTWARE,x86_64,"AMD64 Family 23 Model 96 Stepping 1, AuthenticAMD",12,7598,Windows-11-10.0.26200-SP0,N/A (prebuilt Python extension wheel),N/A,N/A (prebuilt wheel),pqcrypto,0.4.0,ML-KEM-1024,encapsulation,12,210700,30515200,True,
99947311-0ca6-4c66-85fc-a55f99fed6e6,01acefc3-f3b3-4fb7-9ae4-3ed4a78bd0b8,2026-08-12T17:25:06.463327+00:00,controlled_windows_x86_64_two_cpu,NATIVE_SOFTWARE,x86_64,"AMD64 Family 23 Model 96 Stepping 1, AuthenticAMD",12,7598,Windows-11-10.0.26200-SP0,N/A (prebuilt Python extension wheel),N/A,N/A (prebuilt wheel),pqcrypto,0.4.0,ML-KEM-1024,decapsulation,12,101100,30515200,True,
99947311-0ca6-4c66-85fc-a55f99fed6e6,01acefc3-f3b3-4fb7-9ae4-3ed4a78bd0b8,2026-08-12T17:25:06.463518+00:00,controlled_windows_x86_64_two_cpu,NATIVE_SOFTWARE,x86_64,"AMD64 Family 23 Model 96 Stepping 1, AuthenticAMD",12,7598,Windows-11-10.0.26200-SP0,N/A (prebuilt Python extension wheel),N/A,N/A (prebuilt wheel),pqcrypto,0.4.0,ML-KEM-1024,keygen,13,243200,30515200,True,
99947311-0ca6-4c66-85fc-a55f99fed6e6,01acefc3-f3b3-4fb7-9ae4-3ed4a78bd0b8,2026-08-12T17:25:06.464191+00:00,controlled_windows_x86_64_two_cpu,NATIVE_SOFTWARE,x86_64,"AMD64 Family 23 Model 96 Stepping 1, AuthenticAMD",12,7598,Windows-11-10.0.26200-SP0,N/A (prebuilt Python extension wheel),N/A,N/A (prebuilt wheel),pqcrypto,0.4.0,ML-KEM-1024,encapsulation,13,214200,30515200,True,
99947311-0ca6-4c66-85fc-a55f99fed6e6,01acefc3-f3b3-4fb7-9ae4-3ed4a78bd0b8,2026-08-12T17:25:06.464523+00:00,controlled_windows_x86_64_two_cpu,NATIVE_SOFTWARE,x86_64,"AMD64 Family 23 Model 96 Stepping 1, AuthenticAMD",12,7598,Windows-11-10.0.26200-SP0,N/A (prebuilt Python extension wheel),N/A,N/A (prebuilt wheel),pqcrypto,0.4.0,ML-KEM-1024,decapsulation,13,100700,30515200,True,
99947311-0ca6-4c66-85fc-a55f99fed6e6,01acefc3-f3b3-4fb7-9ae4-3ed4a78bd0b8,2026-08-12T17:25:06.464755+00:00,controlled_windows_x86_64_two_cpu,NATIVE_SOFTWARE,x86_64,"AMD64 Family 23 Model 96 Stepping 1, AuthenticAMD",12,7598,Windows-11-10.0.26200-SP0,N/A (prebuilt Python extension wheel),N/A,N/A (prebuilt wheel),pqcrypto,0.4.0,ML-KEM-1024,keygen,14,312000,30515200,True,
99947311-0ca6-4c66-85fc-a55f99fed6e6,01acefc3-f3b3-4fb7-9ae4-3ed4a78bd0b8,2026-08-12T17:25:06.465381+00:00,controlled_windows_x86_64_two_cpu,NATIVE_SOFTWARE,x86_64,"AMD64 Family 23 Model 96 Stepping 1, AuthenticAMD",12,7598,Windows-11-10.0.26200-SP0,N/A (prebuilt Python extension wheel),N/A,N/A (prebuilt wheel),pqcrypto,0.4.0,ML-KEM-1024,encapsulation,14,200400,30515200,True,
99947311-0ca6-4c66-85fc-a55f99fed6e6,01acefc3-f3b3-4fb7-9ae4-3ed4a78bd0b8,2026-08-12T17:25:06.465685+00:00,controlled_windows_x86_64_two_cpu,NATIVE_SOFTWARE,x86_64,"AMD64 Family 23 Model 96 Stepping 1, AuthenticAMD",12,7598,Windows-11-10.0.26200-SP0,N/A (prebuilt Python extension wheel),N/A,N/A (prebuilt wheel),pqcrypto,0.4.0,ML-KEM-1024,decapsulation,14,115300,30515200,True,
99947311-0ca6-4c66-85fc-a55f99fed6e6,01acefc3-f3b3-4fb7-9ae4-3ed4a78bd0b8,2026-08-12T17:25:06.465884+00:00,controlled_windows_x86_64_two_cpu,NATIVE_SOFTWARE,x86_64,"AMD64 Family 23 Model 96 Stepping 1, AuthenticAMD",12,7598,Windows-11-10.0.26200-SP0,N/A (prebuilt Python extension wheel),N/A,N/A (prebuilt wheel),pqcrypto,0.4.0,ML-KEM-1024,keygen,15,204100,30515200,True,
99947311-0ca6-4c66-85fc-a55f99fed6e6,01acefc3-f3b3-4fb7-9ae4-3ed4a78bd0b8,2026-08-12T17:25:06.466377+00:00,controlled_windows_x86_64_two_cpu,NATIVE_SOFTWARE,x86_64,"AMD64 Family 23 Model 96 Stepping 1, AuthenticAMD",12,7598,Windows-11-10.0.26200-SP0,N/A (prebuilt Python extension wheel),N/A,N/A (prebuilt wheel),pqcrypto,0.4.0,ML-KEM-1024,encapsulation,15,200900,30515200,True,
99947311-0ca6-4c66-85fc-a55f99fed6e6,01acefc3-f3b3-4fb7-9ae4-3ed4a78bd0b8,2026-08-12T17:25:06.466672+00:00,controlled_windows_x86_64_two_cpu,NATIVE_SOFTWARE,x86_64,"AMD64 Family 23 Model 96 Stepping 1, AuthenticAMD",12,7598,Windows-11-10.0.26200-SP0,N/A (prebuilt Python extension wheel),N/A,N/A (prebuilt wheel),pqcrypto,0.4.0,ML-KEM-1024,decapsulation,15,164200,30515200,True,
99947311-0ca6-4c66-85fc-a55f99fed6e6,01acefc3-f3b3-4fb7-9ae4-3ed4a78bd0b8,2026-08-12T17:25:06.466921+00:00,controlled_windows_x86_64_two_cpu,NATIVE_SOFTWARE,x86_64,"AMD64 Family 23 Model 96 Stepping 1, AuthenticAMD",12,7598,Windows-11-10.0.26200-SP0,N/A (prebuilt Python extension wheel),N/A,N/A (prebuilt wheel),pqcrypto,0.4.0,ML-KEM-1024,keygen,16,208600,30515200,True,
99947311-0ca6-4c66-85fc-a55f99fed6e6,01acefc3-f3b3-4fb7-9ae4-3ed4a78bd0b8,2026-08-12T17:25:06.467421+00:00,controlled_windows_x86_64_two_cpu,NATIVE_SOFTWARE,x86_64,"AMD64 Family 23 Model 96 Stepping 1, AuthenticAMD",12,7598,Windows-11-10.0.26200-SP0,N/A (prebuilt Python extension wheel),N/A,N/A (prebuilt wheel),pqcrypto,0.4.0,ML-KEM-1024,encapsulation,16,201200,30515200,True,
99947311-0ca6-4c66-85fc-a55f99fed6e6,01acefc3-f3b3-4fb7-9ae4-3ed4a78bd0b8,2026-08-12T17:25:06.467728+00:00,controlled_windows_x86_64_two_cpu,NATIVE_SOFTWARE,x86_64,"AMD64 Family 23 Model 96 Stepping 1, AuthenticAMD",12,7598,Windows-11-10.0.26200-SP0,N/A (prebuilt Python extension wheel),N/A,N/A (prebuilt wheel),pqcrypto,0.4.0,ML-KEM-1024,decapsulation,16,133700,30515200,True,
99947311-0ca6-4c66-85fc-a55f99fed6e6,01acefc3-f3b3-4fb7-9ae4-3ed4a78bd0b8,2026-08-12T17:25:06.467961+00:00,controlled_windows_x86_64_two_cpu,NATIVE_SOFTWARE,x86_64,"AMD64 Family 23 Model 96 Stepping 1, AuthenticAMD",12,7598,Windows-11-10.0.26200-SP0,N/A (prebuilt Python extension wheel),N/A,N/A (prebuilt wheel),pqcrypto,0.4.0,ML-KEM-1024,keygen,17,228500,30515200,True,
99947311-0ca6-4c66-85fc-a55f99fed6e6,01acefc3-f3b3-4fb7-9ae4-3ed4a78bd0b8,2026-08-12T17:25:06.468488+00:00,controlled_windows_x86_64_two_cpu,NATIVE_SOFTWARE,x86_64,"AMD64 Family 23 Model 96 Stepping 1, AuthenticAMD",12,7598,Windows-11-10.0.26200-SP0,N/A (prebuilt Python extension wheel),N/A,N/A (prebuilt wheel),pqcrypto,0.4.0,ML-KEM-1024,encapsulation,17,200200,30515200,True,
99947311-0ca6-4c66-85fc-a55f99fed6e6,01acefc3-f3b3-4fb7-9ae4-3ed4a78bd0b8,2026-08-12T17:25:06.468784+00:00,controlled_windows_x86_64_two_cpu,NATIVE_SOFTWARE,x86_64,"AMD64 Family 23 Model 96 Stepping 1, AuthenticAMD",12,7598,Windows-11-10.0.26200-SP0,N/A (prebuilt Python extension wheel),N/A,N/A (prebuilt wheel),pqcrypto,0.4.0,ML-KEM-1024,decapsulation,17,106700,30519296,True,
99947311-0ca6-4c66-85fc-a55f99fed6e6,01acefc3-f3b3-4fb7-9ae4-3ed4a78bd0b8,2026-08-12T17:25:06.469003+00:00,controlled_windows_x86_64_two_cpu,NATIVE_SOFTWARE,x86_64,"AMD64 Family 23 Model 96 Stepping 1, AuthenticAMD",12,7598,Windows-11-10.0.26200-SP0,N/A (prebuilt Python extension wheel),N/A,N/A (prebuilt wheel),pqcrypto,0.4.0,ML-KEM-1024,keygen,18,216900,30519296,True,
99947311-0ca6-4c66-85fc-a55f99fed6e6,01acefc3-f3b3-4fb7-9ae4-3ed4a78bd0b8,2026-08-12T17:25:06.469527+00:00,controlled_windows_x86_64_two_cpu,NATIVE_SOFTWARE,x86_64,"AMD64 Family 23 Model 96 Stepping 1, AuthenticAMD",12,7598,Windows-11-10.0.26200-SP0,N/A (prebuilt Python extension wheel),N/A,N/A (prebuilt wheel),pqcrypto,0.4.0,ML-KEM-1024,encapsulation,18,210900,30519296,True,
99947311-0ca6-4c66-85fc-a55f99fed6e6,01acefc3-f3b3-4fb7-9ae4-3ed4a78bd0b8,2026-08-12T17:25:06.469910+00:00,controlled_windows_x86_64_two_cpu,NATIVE_SOFTWARE,x86_64,"AMD64 Family 23 Model 96 Stepping 1, AuthenticAMD",12,7598,Windows-11-10.0.26200-SP0,N/A (prebuilt Python extension wheel),N/A,N/A (prebuilt wheel),pqcrypto,0.4.0,ML-KEM-1024,decapsulation,18,106000,30519296,True,
99947311-0ca6-4c66-85fc-a55f99fed6e6,01acefc3-f3b3-4fb7-9ae4-3ed4a78bd0b8,2026-08-12T17:25:06.470134+00:00,controlled_windows_x86_64_two_cpu,NATIVE_SOFTWARE,x86_64,"AMD64 Family 23 Model 96 Stepping 1, AuthenticAMD",12,7598,Windows-11-10.0.26200-SP0,N/A (prebuilt Python extension wheel),N/A,N/A (prebuilt wheel),pqcrypto,0.4.0,ML-KEM-1024,keygen,19,295000,30519296,True,
99947311-0ca6-4c66-85fc-a55f99fed6e6,01acefc3-f3b3-4fb7-9ae4-3ed4a78bd0b8,2026-08-12T17:25:06.470747+00:00,controlled_windows_x86_64_two_cpu,NATIVE_SOFTWARE,x86_64,"AMD64 Family 23 Model 96 Stepping 1, AuthenticAMD",12,7598,Windows-11-10.0.26200-SP0,N/A (prebuilt Python extension wheel),N/A,N/A (prebuilt wheel),pqcrypto,0.4.0,ML-KEM-1024,encapsulation,19,239200,30519296,True,
99947311-0ca6-4c66-85fc-a55f99fed6e6,01acefc3-f3b3-4fb7-9ae4-3ed4a78bd0b8,2026-08-12T17:25:06.471088+00:00,controlled_windows_x86_64_two_cpu,NATIVE_SOFTWARE,x86_64,"AMD64 Family 23 Model 96 Stepping 1, AuthenticAMD",12,7598,Windows-11-10.0.26200-SP0,N/A (prebuilt Python extension wheel),N/A,N/A (prebuilt wheel),pqcrypto,0.4.0,ML-KEM-1024,decapsulation,19,100100,30519296,True,
99947311-0ca6-4c66-85fc-a55f99fed6e6,01acefc3-f3b3-4fb7-9ae4-3ed4a78bd0b8,2026-08-12T17:25:06.471270+00:00,controlled_windows_x86_64_two_cpu,NATIVE_SOFTWARE,x86_64,"AMD64 Family 23 Model 96 Stepping 1, AuthenticAMD",12,7598,Windows-11-10.0.26200-SP0,N/A (prebuilt Python extension wheel),N/A,N/A (prebuilt wheel),pqcrypto,0.4.0,ML-KEM-1024,keygen,20,203600,30519296,True,
99947311-0ca6-4c66-85fc-a55f99fed6e6,01acefc3-f3b3-4fb7-9ae4-3ed4a78bd0b8,2026-08-12T17:25:06.471768+00:00,controlled_windows_x86_64_two_cpu,NATIVE_SOFTWARE,x86_64,"AMD64 Family 23 Model 96 Stepping 1, AuthenticAMD",12,7598,Windows-11-10.0.26200-SP0,N/A (prebuilt Python extension wheel),N/A,N/A (prebuilt wheel),pqcrypto,0.4.0,ML-KEM-1024,encapsulation,20,234800,30519296,True,
99947311-0ca6-4c66-85fc-a55f99fed6e6,01acefc3-f3b3-4fb7-9ae4-3ed4a78bd0b8,2026-08-12T17:25:06.472102+00:00,controlled_windows_x86_64_two_cpu,NATIVE_SOFTWARE,x86_64,"AMD64 Family 23 Model 96 Stepping 1, AuthenticAMD",12,7598,Windows-11-10.0.26200-SP0,N/A (prebuilt Python extension wheel),N/A,N/A (prebuilt wheel),pqcrypto,0.4.0,ML-KEM-1024,decapsulation,20,99400,30519296,True,
99947311-0ca6-4c66-85fc-a55f99fed6e6,01acefc3-f3b3-4fb7-9ae4-3ed4a78bd0b8,2026-08-12T17:25:06.472284+00:00,controlled_windows_x86_64_two_cpu,NATIVE_SOFTWARE,x86_64,"AMD64 Family 23 Model 96 Stepping 1, AuthenticAMD",12,7598,Windows-11-10.0.26200-SP0,N/A (prebuilt Python extension wheel),N/A,N/A (prebuilt wheel),pqcrypto,0.4.0,ML-KEM-1024,keygen,21,200800,30519296,True,
99947311-0ca6-4c66-85fc-a55f99fed6e6,01acefc3-f3b3-4fb7-9ae4-3ed4a78bd0b8,2026-08-12T17:25:06.472829+00:00,controlled_windows_x86_64_two_cpu,NATIVE_SOFTWARE,x86_64,"AMD64 Family 23 Model 96 Stepping 1, AuthenticAMD",12,7598,Windows-11-10.0.26200-SP0,N/A (prebuilt Python extension wheel),N/A,N/A (prebuilt wheel),pqcrypto,0.4.0,ML-KEM-1024,encapsulation,21,213000,30519296,True,
99947311-0ca6-4c66-85fc-a55f99fed6e6,01acefc3-f3b3-4fb7-9ae4-3ed4a78bd0b8,2026-08-12T17:25:06.473136+00:00,controlled_windows_x86_64_two_cpu,NATIVE_SOFTWARE,x86_64,"AMD64 Family 23 Model 96 Stepping 1, AuthenticAMD",12,7598,Windows-11-10.0.26200-SP0,N/A (prebuilt Python extension wheel),N/A,N/A (prebuilt wheel),pqcrypto,0.4.0,ML-KEM-1024,decapsulation,21,99200,30519296,True,
99947311-0ca6-4c66-85fc-a55f99fed6e6,01acefc3-f3b3-4fb7-9ae4-3ed4a78bd0b8,2026-08-12T17:25:06.473317+00:00,controlled_windows_x86_64_two_cpu,NATIVE_SOFTWARE,x86_64,"AMD64 Family 23 Model 96 Stepping 1, AuthenticAMD",12,7598,Windows-11-10.0.26200-SP0,N/A (prebuilt Python extension wheel),N/A,N/A (prebuilt wheel),pqcrypto,0.4.0,ML-KEM-1024,keygen,22,206300,30519296,True,
99947311-0ca6-4c66-85fc-a55f99fed6e6,01acefc3-f3b3-4fb7-9ae4-3ed4a78bd0b8,2026-08-12T17:25:06.473833+00:00,controlled_windows_x86_64_two_cpu,NATIVE_SOFTWARE,x86_64,"AMD64 Family 23 Model 96 Stepping 1, AuthenticAMD",12,7598,Windows-11-10.0.26200-SP0,N/A (prebuilt Python extension wheel),N/A,N/A (prebuilt wheel),pqcrypto,0.4.0,ML-KEM-1024,encapsulation,22,201200,30519296,True,
99947311-0ca6-4c66-85fc-a55f99fed6e6,01acefc3-f3b3-4fb7-9ae4-3ed4a78bd0b8,2026-08-12T17:25:06.474130+00:00,controlled_windows_x86_64_two_cpu,NATIVE_SOFTWARE,x86_64,"AMD64 Family 23 Model 96 Stepping 1, AuthenticAMD",12,7598,Windows-11-10.0.26200-SP0,N/A (prebuilt Python extension wheel),N/A,N/A (prebuilt wheel),pqcrypto,0.4.0,ML-KEM-1024,decapsulation,22,99200,30519296,True,
99947311-0ca6-4c66-85fc-a55f99fed6e6,01acefc3-f3b3-4fb7-9ae4-3ed4a78bd0b8,2026-08-12T17:25:06.474308+00:00,controlled_windows_x86_64_two_cpu,NATIVE_SOFTWARE,x86_64,"AMD64 Family 23 Model 96 Stepping 1, AuthenticAMD",12,7598,Windows-11-10.0.26200-SP0,N/A (prebuilt Python extension wheel),N/A,N/A (prebuilt wheel),pqcrypto,0.4.0,ML-KEM-1024,keygen,23,202300,30519296,True,
99947311-0ca6-4c66-85fc-a55f99fed6e6,01acefc3-f3b3-4fb7-9ae4-3ed4a78bd0b8,2026-08-12T17:25:06.474849+00:00,controlled_windows_x86_64_two_cpu,NATIVE_SOFTWARE,x86_64,"AMD64 Family 23 Model 96 Stepping 1, AuthenticAMD",12,7598,Windows-11-10.0.26200-SP0,N/A (prebuilt Python extension wheel),N/A,N/A (prebuilt wheel),pqcrypto,0.4.0,ML-KEM-1024,encapsulation,23,221800,30519296,True,
99947311-0ca6-4c66-85fc-a55f99fed6e6,01acefc3-f3b3-4fb7-9ae4-3ed4a78bd0b8,2026-08-12T17:25:06.475192+00:00,controlled_windows_x86_64_two_cpu,NATIVE_SOFTWARE,x86_64,"AMD64 Family 23 Model 96 Stepping 1, AuthenticAMD",12,7598,Windows-11-10.0.26200-SP0,N/A (prebuilt Python extension wheel),N/A,N/A (prebuilt wheel),pqcrypto,0.4.0,ML-KEM-1024,decapsulation,23,101900,30523392,True,
99947311-0ca6-4c66-85fc-a55f99fed6e6,01acefc3-f3b3-4fb7-9ae4-3ed4a78bd0b8,2026-08-12T17:25:06.475390+00:00,controlled_windows_x86_64_two_cpu,NATIVE_SOFTWARE,x86_64,"AMD64 Family 23 Model 96 Stepping 1, AuthenticAMD",12,7598,Windows-11-10.0.26200-SP0,N/A (prebuilt Python extension wheel),N/A,N/A (prebuilt wheel),pqcrypto,0.4.0,ML-KEM-1024,keygen,24,214700,30527488,True,
99947311-0ca6-4c66-85fc-a55f99fed6e6,01acefc3-f3b3-4fb7-9ae4-3ed4a78bd0b8,2026-08-12T17:25:06.476383+00:00,controlled_windows_x86_64_two_cpu,NATIVE_SOFTWARE,x86_64,"AMD64 Family 23 Model 96 Stepping 1, AuthenticAMD",12,7598,Windows-11-10.0.26200-SP0,N/A (prebuilt Python extension wheel),N/A,N/A (prebuilt wheel),pqcrypto,0.4.0,ML-KEM-1024,encapsulation,24,205700,30527488,True,
99947311-0ca6-4c66-85fc-a55f99fed6e6,01acefc3-f3b3-4fb7-9ae4-3ed4a78bd0b8,2026-08-12T17:25:06.476691+00:00,controlled_windows_x86_64_two_cpu,NATIVE_SOFTWARE,x86_64,"AMD64 Family 23 Model 96 Stepping 1, AuthenticAMD",12,7598,Windows-11-10.0.26200-SP0,N/A (prebuilt Python extension wheel),N/A,N/A (prebuilt wheel),pqcrypto,0.4.0,ML-KEM-1024,decapsulation,24,116400,30527488,True,
99947311-0ca6-4c66-85fc-a55f99fed6e6,01acefc3-f3b3-4fb7-9ae4-3ed4a78bd0b8,2026-08-12T17:25:06.476888+00:00,controlled_windows_x86_64_two_cpu,NATIVE_SOFTWARE,x86_64,"AMD64 Family 23 Model 96 Stepping 1, AuthenticAMD",12,7598,Windows-11-10.0.26200-SP0,N/A (prebuilt Python extension wheel),N/A,N/A (prebuilt wheel),pqcrypto,0.4.0,ML-KEM-1024,keygen,25,208500,30527488,True,
99947311-0ca6-4c66-85fc-a55f99fed6e6,01acefc3-f3b3-4fb7-9ae4-3ed4a78bd0b8,2026-08-12T17:25:06.477410+00:00,controlled_windows_x86_64_two_cpu,NATIVE_SOFTWARE,x86_64,"AMD64 Family 23 Model 96 Stepping 1, AuthenticAMD",12,7598,Windows-11-10.0.26200-SP0,N/A (prebuilt Python extension wheel),N/A,N/A (prebuilt wheel),pqcrypto,0.4.0,ML-KEM-1024,encapsulation,25,203600,30527488,True,
99947311-0ca6-4c66-85fc-a55f99fed6e6,01acefc3-f3b3-4fb7-9ae4-3ed4a78bd0b8,2026-08-12T17:25:06.477775+00:00,controlled_windows_x86_64_two_cpu,NATIVE_SOFTWARE,x86_64,"AMD64 Family 23 Model 96 Stepping 1, AuthenticAMD",12,7598,Windows-11-10.0.26200-SP0,N/A (prebuilt Python extension wheel),N/A,N/A (prebuilt wheel),pqcrypto,0.4.0,ML-KEM-1024,decapsulation,25,127800,30527488,True,
99947311-0ca6-4c66-85fc-a55f99fed6e6,01acefc3-f3b3-4fb7-9ae4-3ed4a78bd0b8,2026-08-12T17:25:06.478054+00:00,controlled_windows_x86_64_two_cpu,NATIVE_SOFTWARE,x86_64,"AMD64 Family 23 Model 96 Stepping 1, AuthenticAMD",12,7598,Windows-11-10.0.26200-SP0,N/A (prebuilt Python extension wheel),N/A,N/A (prebuilt wheel),pqcrypto,0.4.0,ML-KEM-1024,keygen,26,245900,30527488,True,
99947311-0ca6-4c66-85fc-a55f99fed6e6,01acefc3-f3b3-4fb7-9ae4-3ed4a78bd0b8,2026-08-12T17:25:06.478595+00:00,controlled_windows_x86_64_two_cpu,NATIVE_SOFTWARE,x86_64,"AMD64 Family 23 Model 96 Stepping 1, AuthenticAMD",12,7598,Windows-11-10.0.26200-SP0,N/A (prebuilt Python extension wheel),N/A,N/A (prebuilt wheel),pqcrypto,0.4.0,ML-KEM-1024,encapsulation,26,220700,30527488,True,
99947311-0ca6-4c66-85fc-a55f99fed6e6,01acefc3-f3b3-4fb7-9ae4-3ed4a78bd0b8,2026-08-12T17:25:06.478912+00:00,controlled_windows_x86_64_two_cpu,NATIVE_SOFTWARE,x86_64,"AMD64 Family 23 Model 96 Stepping 1, AuthenticAMD",12,7598,Windows-11-10.0.26200-SP0,N/A (prebuilt Python extension wheel),N/A,N/A (prebuilt wheel),pqcrypto,0.4.0,ML-KEM-1024,decapsulation,26,100400,30527488,True,
99947311-0ca6-4c66-85fc-a55f99fed6e6,01acefc3-f3b3-4fb7-9ae4-3ed4a78bd0b8,2026-08-12T17:25:06.479094+00:00,controlled_windows_x86_64_two_cpu,NATIVE_SOFTWARE,x86_64,"AMD64 Family 23 Model 96 Stepping 1, AuthenticAMD",12,7598,Windows-11-10.0.26200-SP0,N/A (prebuilt Python extension wheel),N/A,N/A (prebuilt wheel),pqcrypto,0.4.0,ML-KEM-1024,keygen,27,211300,30527488,True,
99947311-0ca6-4c66-85fc-a55f99fed6e6,01acefc3-f3b3-4fb7-9ae4-3ed4a78bd0b8,2026-08-12T17:25:06.479594+00:00,controlled_windows_x86_64_two_cpu,NATIVE_SOFTWARE,x86_64,"AMD64 Family 23 Model 96 Stepping 1, AuthenticAMD",12,7598,Windows-11-10.0.26200-SP0,N/A (prebuilt Python extension wheel),N/A,N/A (prebuilt wheel),pqcrypto,0.4.0,ML-KEM-1024,encapsulation,27,215700,30527488,True,
99947311-0ca6-4c66-85fc-a55f99fed6e6,01acefc3-f3b3-4fb7-9ae4-3ed4a78bd0b8,2026-08-12T17:25:06.479905+00:00,controlled_windows_x86_64_two_cpu,NATIVE_SOFTWARE,x86_64,"AMD64 Family 23 Model 96 Stepping 1, AuthenticAMD",12,7598,Windows-11-10.0.26200-SP0,N/A (prebuilt Python extension wheel),N/A,N/A (prebuilt wheel),pqcrypto,0.4.0,ML-KEM-1024,decapsulation,27,99300,30527488,True,
99947311-0ca6-4c66-85fc-a55f99fed6e6,01acefc3-f3b3-4fb7-9ae4-3ed4a78bd0b8,2026-08-12T17:25:06.480087+00:00,controlled_windows_x86_64_two_cpu,NATIVE_SOFTWARE,x86_64,"AMD64 Family 23 Model 96 Stepping 1, AuthenticAMD",12,7598,Windows-11-10.0.26200-SP0,N/A (prebuilt Python extension wheel),N/A,N/A (prebuilt wheel),pqcrypto,0.4.0,ML-KEM-1024,keygen,28,203000,30527488,True,
99947311-0ca6-4c66-85fc-a55f99fed6e6,01acefc3-f3b3-4fb7-9ae4-3ed4a78bd0b8,2026-08-12T17:25:06.480633+00:00,controlled_windows_x86_64_two_cpu,NATIVE_SOFTWARE,x86_64,"AMD64 Family 23 Model 96 Stepping 1, AuthenticAMD",12,7598,Windows-11-10.0.26200-SP0,N/A (prebuilt Python extension wheel),N/A,N/A (prebuilt wheel),pqcrypto,0.4.0,ML-KEM-1024,encapsulation,28,230100,30527488,True,
99947311-0ca6-4c66-85fc-a55f99fed6e6,01acefc3-f3b3-4fb7-9ae4-3ed4a78bd0b8,2026-08-12T17:25:06.481002+00:00,controlled_windows_x86_64_two_cpu,NATIVE_SOFTWARE,x86_64,"AMD64 Family 23 Model 96 Stepping 1, AuthenticAMD",12,7598,Windows-11-10.0.26200-SP0,N/A (prebuilt Python extension wheel),N/A,N/A (prebuilt wheel),pqcrypto,0.4.0,ML-KEM-1024,decapsulation,28,104600,30527488,True,
99947311-0ca6-4c66-85fc-a55f99fed6e6,01acefc3-f3b3-4fb7-9ae4-3ed4a78bd0b8,2026-08-12T17:25:06.481190+00:00,controlled_windows_x86_64_two_cpu,NATIVE_SOFTWARE,x86_64,"AMD64 Family 23 Model 96 Stepping 1, AuthenticAMD",12,7598,Windows-11-10.0.26200-SP0,N/A (prebuilt Python extension wheel),N/A,N/A (prebuilt wheel),pqcrypto,0.4.0,ML-KEM-1024,keygen,29,223300,30527488,True,
99947311-0ca6-4c66-85fc-a55f99fed6e6,01acefc3-f3b3-4fb7-9ae4-3ed4a78bd0b8,2026-08-12T17:25:06.481786+00:00,controlled_windows_x86_64_two_cpu,NATIVE_SOFTWARE,x86_64,"AMD64 Family 23 Model 96 Stepping 1, AuthenticAMD",12,7598,Windows-11-10.0.26200-SP0,N/A (prebuilt Python extension wheel),N/A,N/A (prebuilt wheel),pqcrypto,0.4.0,ML-KEM-1024,encapsulation,29,215900,30527488,True,
99947311-0ca6-4c66-85fc-a55f99fed6e6,01acefc3-f3b3-4fb7-9ae4-3ed4a78bd0b8,2026-08-12T17:25:06.482145+00:00,controlled_windows_x86_64_two_cpu,NATIVE_SOFTWARE,x86_64,"AMD64 Family 23 Model 96 Stepping 1, AuthenticAMD",12,7598,Windows-11-10.0.26200-SP0,N/A (prebuilt Python extension wheel),N/A,N/A (prebuilt wheel),pqcrypto,0.4.0,ML-KEM-1024,decapsulation,29,101100,30527488,True,
99947311-0ca6-4c66-85fc-a55f99fed6e6,01acefc3-f3b3-4fb7-9ae4-3ed4a78bd0b8,2026-08-12T17:25:06.482328+00:00,controlled_windows_x86_64_two_cpu,NATIVE_SOFTWARE,x86_64,"AMD64 Family 23 Model 96 Stepping 1, AuthenticAMD",12,7598,Windows-11-10.0.26200-SP0,N/A (prebuilt Python extension wheel),N/A,N/A (prebuilt wheel),pqcrypto,0.4.0,ML-KEM-1024,keygen,30,203100,30527488,True,
99947311-0ca6-4c66-85fc-a55f99fed6e6,01acefc3-f3b3-4fb7-9ae4-3ed4a78bd0b8,2026-08-12T17:25:06.482844+00:00,controlled_windows_x86_64_two_cpu,NATIVE_SOFTWARE,x86_64,"AMD64 Family 23 Model 96 Stepping 1, AuthenticAMD",12,7598,Windows-11-10.0.26200-SP0,N/A (prebuilt Python extension wheel),N/A,N/A (prebuilt wheel),pqcrypto,0.4.0,ML-KEM-1024,encapsulation,30,199900,30527488,True,
99947311-0ca6-4c66-85fc-a55f99fed6e6,01acefc3-f3b3-4fb7-9ae4-3ed4a78bd0b8,2026-08-12T17:25:06.483144+00:00,controlled_windows_x86_64_two_cpu,NATIVE_SOFTWARE,x86_64,"AMD64 Family 23 Model 96 Stepping 1, AuthenticAMD",12,7598,Windows-11-10.0.26200-SP0,N/A (prebuilt Python extension wheel),N/A,N/A (prebuilt wheel),pqcrypto,0.4.0,ML-KEM-1024,decapsulation,30,98600,30527488,True,
99947311-0ca6-4c66-85fc-a55f99fed6e6,01acefc3-f3b3-4fb7-9ae4-3ed4a78bd0b8,2026-08-12T17:25:06.483325+00:00,controlled_windows_x86_64_two_cpu,NATIVE_SOFTWARE,x86_64,"AMD64 Family 23 Model 96 Stepping 1, AuthenticAMD",12,7598,Windows-11-10.0.26200-SP0,N/A (prebuilt Python extension wheel),N/A,N/A (prebuilt wheel),pqcrypto,0.4.0,ML-KEM-1024,keygen,31,201700,30527488,True,
99947311-0ca6-4c66-85fc-a55f99fed6e6,01acefc3-f3b3-4fb7-9ae4-3ed4a78bd0b8,2026-08-12T17:25:06.483841+00:00,controlled_windows_x86_64_two_cpu,NATIVE_SOFTWARE,x86_64,"AMD64 Family 23 Model 96 Stepping 1, AuthenticAMD",12,7598,Windows-11-10.0.26200-SP0,N/A (prebuilt Python extension wheel),N/A,N/A (prebuilt wheel),pqcrypto,0.4.0,ML-KEM-1024,encapsulation,31,209100,30527488,True,
99947311-0ca6-4c66-85fc-a55f99fed6e6,01acefc3-f3b3-4fb7-9ae4-3ed4a78bd0b8,2026-08-12T17:25:06.484203+00:00,controlled_windows_x86_64_two_cpu,NATIVE_SOFTWARE,x86_64,"AMD64 Family 23 Model 96 Stepping 1, AuthenticAMD",12,7598,Windows-11-10.0.26200-SP0,N/A (prebuilt Python extension wheel),N/A,N/A (prebuilt wheel),pqcrypto,0.4.0,ML-KEM-1024,decapsulation,31,102700,30527488,True,
99947311-0ca6-4c66-85fc-a55f99fed6e6,01acefc3-f3b3-4fb7-9ae4-3ed4a78bd0b8,2026-08-12T17:25:06.484417+00:00,controlled_windows_x86_64_two_cpu,NATIVE_SOFTWARE,x86_64,"AMD64 Family 23 Model 96 Stepping 1, AuthenticAMD",12,7598,Windows-11-10.0.26200-SP0,N/A (prebuilt Python extension wheel),N/A,N/A (prebuilt wheel),pqcrypto,0.4.0,ML-KEM-1024,keygen,32,269200,30527488,True,
99947311-0ca6-4c66-85fc-a55f99fed6e6,01acefc3-f3b3-4fb7-9ae4-3ed4a78bd0b8,2026-08-12T17:25:06.485025+00:00,controlled_windows_x86_64_two_cpu,NATIVE_SOFTWARE,x86_64,"AMD64 Family 23 Model 96 Stepping 1, AuthenticAMD",12,7598,Windows-11-10.0.26200-SP0,N/A (prebuilt Python extension wheel),N/A,N/A (prebuilt wheel),pqcrypto,0.4.0,ML-KEM-1024,encapsulation,32,220600,30527488,True,
99947311-0ca6-4c66-85fc-a55f99fed6e6,01acefc3-f3b3-4fb7-9ae4-3ed4a78bd0b8,2026-08-12T17:25:06.485343+00:00,controlled_windows_x86_64_two_cpu,NATIVE_SOFTWARE,x86_64,"AMD64 Family 23 Model 96 Stepping 1, AuthenticAMD",12,7598,Windows-11-10.0.26200-SP0,N/A (prebuilt Python extension wheel),N/A,N/A (prebuilt wheel),pqcrypto,0.4.0,ML-KEM-1024,decapsulation,32,99700,30527488,True,
99947311-0ca6-4c66-85fc-a55f99fed6e6,01acefc3-f3b3-4fb7-9ae4-3ed4a78bd0b8,2026-08-12T17:25:06.485523+00:00,controlled_windows_x86_64_two_cpu,NATIVE_SOFTWARE,x86_64,"AMD64 Family 23 Model 96 Stepping 1, AuthenticAMD",12,7598,Windows-11-10.0.26200-SP0,N/A (prebuilt Python extension wheel),N/A,N/A (prebuilt wheel),pqcrypto,0.4.0,ML-KEM-1024,keygen,33,206500,30527488,True,
99947311-0ca6-4c66-85fc-a55f99fed6e6,01acefc3-f3b3-4fb7-9ae4-3ed4a78bd0b8,2026-08-12T17:25:06.486039+00:00,controlled_windows_x86_64_two_cpu,NATIVE_SOFTWARE,x86_64,"AMD64 Family 23 Model 96 Stepping 1, AuthenticAMD",12,7598,Windows-11-10.0.26200-SP0,N/A (prebuilt Python extension wheel),N/A,N/A (prebuilt wheel),pqcrypto,0.4.0,ML-KEM-1024,encapsulation,33,223600,30527488,True,
99947311-0ca6-4c66-85fc-a55f99fed6e6,01acefc3-f3b3-4fb7-9ae4-3ed4a78bd0b8,2026-08-12T17:25:06.486358+00:00,controlled_windows_x86_64_two_cpu,NATIVE_SOFTWARE,x86_64,"AMD64 Family 23 Model 96 Stepping 1, AuthenticAMD",12,7598,Windows-11-10.0.26200-SP0,N/A (prebuilt Python extension wheel),N/A,N/A (prebuilt wheel),pqcrypto,0.4.0,ML-KEM-1024,decapsulation,33,99400,30527488,True,
99947311-0ca6-4c66-85fc-a55f99fed6e6,01acefc3-f3b3-4fb7-9ae4-3ed4a78bd0b8,2026-08-12T17:25:06.486537+00:00,controlled_windows_x86_64_two_cpu,NATIVE_SOFTWARE,x86_64,"AMD64 Family 23 Model 96 Stepping 1, AuthenticAMD",12,7598,Windows-11-10.0.26200-SP0,N/A (prebuilt Python extension wheel),N/A,N/A (prebuilt wheel),pqcrypto,0.4.0,ML-KEM-1024,keygen,34,201100,30527488,True,
99947311-0ca6-4c66-85fc-a55f99fed6e6,01acefc3-f3b3-4fb7-9ae4-3ed4a78bd0b8,2026-08-12T17:25:06.487046+00:00,controlled_windows_x86_64_two_cpu,NATIVE_SOFTWARE,x86_64,"AMD64 Family 23 Model 96 Stepping 1, AuthenticAMD",12,7598,Windows-11-10.0.26200-SP0,N/A (prebuilt Python extension wheel),N/A,N/A (prebuilt wheel),pqcrypto,0.4.0,ML-KEM-1024,encapsulation,34,198000,30527488,True,
99947311-0ca6-4c66-85fc-a55f99fed6e6,01acefc3-f3b3-4fb7-9ae4-3ed4a78bd0b8,2026-08-12T17:25:06.487339+00:00,controlled_windows_x86_64_two_cpu,NATIVE_SOFTWARE,x86_64,"AMD64 Family 23 Model 96 Stepping 1, AuthenticAMD",12,7598,Windows-11-10.0.26200-SP0,N/A (prebuilt Python extension wheel),N/A,N/A (prebuilt wheel),pqcrypto,0.4.0,ML-KEM-1024,decapsulation,34,98700,30527488,True,
99947311-0ca6-4c66-85fc-a55f99fed6e6,01acefc3-f3b3-4fb7-9ae4-3ed4a78bd0b8,2026-08-12T17:25:06.487518+00:00,controlled_windows_x86_64_two_cpu,NATIVE_SOFTWARE,x86_64,"AMD64 Family 23 Model 96 Stepping 1, AuthenticAMD",12,7598,Windows-11-10.0.26200-SP0,N/A (prebuilt Python extension wheel),N/A,N/A (prebuilt wheel),pqcrypto,0.4.0,ML-KEM-1024,keygen,35,204000,30527488,True,
99947311-0ca6-4c66-85fc-a55f99fed6e6,01acefc3-f3b3-4fb7-9ae4-3ed4a78bd0b8,2026-08-12T17:25:06.488025+00:00,controlled_windows_x86_64_two_cpu,NATIVE_SOFTWARE,x86_64,"AMD64 Family 23 Model 96 Stepping 1, AuthenticAMD",12,7598,Windows-11-10.0.26200-SP0,N/A (prebuilt Python extension wheel),N/A,N/A (prebuilt wheel),pqcrypto,0.4.0,ML-KEM-1024,encapsulation,35,205800,30793728,True,
99947311-0ca6-4c66-85fc-a55f99fed6e6,01acefc3-f3b3-4fb7-9ae4-3ed4a78bd0b8,2026-08-12T17:25:06.488386+00:00,controlled_windows_x86_64_two_cpu,NATIVE_SOFTWARE,x86_64,"AMD64 Family 23 Model 96 Stepping 1, AuthenticAMD",12,7598,Windows-11-10.0.26200-SP0,N/A (prebuilt Python extension wheel),N/A,N/A (prebuilt wheel),pqcrypto,0.4.0,ML-KEM-1024,decapsulation,35,99600,30793728,True,
99947311-0ca6-4c66-85fc-a55f99fed6e6,01acefc3-f3b3-4fb7-9ae4-3ed4a78bd0b8,2026-08-12T17:25:06.488578+00:00,controlled_windows_x86_64_two_cpu,NATIVE_SOFTWARE,x86_64,"AMD64 Family 23 Model 96 Stepping 1, AuthenticAMD",12,7598,Windows-11-10.0.26200-SP0,N/A (prebuilt Python extension wheel),N/A,N/A (prebuilt wheel),pqcrypto,0.4.0,ML-KEM-1024,keygen,36,337700,30793728,True,
99947311-0ca6-4c66-85fc-a55f99fed6e6,01acefc3-f3b3-4fb7-9ae4-3ed4a78bd0b8,2026-08-12T17:25:06.489248+00:00,controlled_windows_x86_64_two_cpu,NATIVE_SOFTWARE,x86_64,"AMD64 Family 23 Model 96 Stepping 1, AuthenticAMD",12,7598,Windows-11-10.0.26200-SP0,N/A (prebuilt Python extension wheel),N/A,N/A (prebuilt wheel),pqcrypto,0.4.0,ML-KEM-1024,encapsulation,36,201100,30793728,True,
99947311-0ca6-4c66-85fc-a55f99fed6e6,01acefc3-f3b3-4fb7-9ae4-3ed4a78bd0b8,2026-08-12T17:25:06.489548+00:00,controlled_windows_x86_64_two_cpu,NATIVE_SOFTWARE,x86_64,"AMD64 Family 23 Model 96 Stepping 1, AuthenticAMD",12,7598,Windows-11-10.0.26200-SP0,N/A (prebuilt Python extension wheel),N/A,N/A (prebuilt wheel),pqcrypto,0.4.0,ML-KEM-1024,decapsulation,36,99800,30793728,True,
99947311-0ca6-4c66-85fc-a55f99fed6e6,01acefc3-f3b3-4fb7-9ae4-3ed4a78bd0b8,2026-08-12T17:25:06.489732+00:00,controlled_windows_x86_64_two_cpu,NATIVE_SOFTWARE,x86_64,"AMD64 Family 23 Model 96 Stepping 1, AuthenticAMD",12,7598,Windows-11-10.0.26200-SP0,N/A (prebuilt Python extension wheel),N/A,N/A (prebuilt wheel),pqcrypto,0.4.0,ML-KEM-1024,keygen,37,242300,30806016,True,
99947311-0ca6-4c66-85fc-a55f99fed6e6,01acefc3-f3b3-4fb7-9ae4-3ed4a78bd0b8,2026-08-12T17:25:06.490735+00:00,controlled_windows_x86_64_two_cpu,NATIVE_SOFTWARE,x86_64,"AMD64 Family 23 Model 96 Stepping 1, AuthenticAMD",12,7598,Windows-11-10.0.26200-SP0,N/A (prebuilt Python extension wheel),N/A,N/A (prebuilt wheel),pqcrypto,0.4.0,ML-KEM-1024,encapsulation,37,246300,30806016,True,
99947311-0ca6-4c66-85fc-a55f99fed6e6,01acefc3-f3b3-4fb7-9ae4-3ed4a78bd0b8,2026-08-12T17:25:06.491140+00:00,controlled_windows_x86_64_two_cpu,NATIVE_SOFTWARE,x86_64,"AMD64 Family 23 Model 96 Stepping 1, AuthenticAMD",12,7598,Windows-11-10.0.26200-SP0,N/A (prebuilt Python extension wheel),N/A,N/A (prebuilt wheel),pqcrypto,0.4.0,ML-KEM-1024,decapsulation,37,102500,30806016,True,
99947311-0ca6-4c66-85fc-a55f99fed6e6,01acefc3-f3b3-4fb7-9ae4-3ed4a78bd0b8,2026-08-12T17:25:06.491336+00:00,controlled_windows_x86_64_two_cpu,NATIVE_SOFTWARE,x86_64,"AMD64 Family 23 Model 96 Stepping 1, AuthenticAMD",12,7598,Windows-11-10.0.26200-SP0,N/A (prebuilt Python extension wheel),N/A,N/A (prebuilt wheel),pqcrypto,0.4.0,ML-KEM-1024,keygen,38,267000,30806016,True,
99947311-0ca6-4c66-85fc-a55f99fed6e6,01acefc3-f3b3-4fb7-9ae4-3ed4a78bd0b8,2026-08-12T17:25:06.492052+00:00,controlled_windows_x86_64_two_cpu,NATIVE_SOFTWARE,x86_64,"AMD64 Family 23 Model 96 Stepping 1, AuthenticAMD",12,7598,Windows-11-10.0.26200-SP0,N/A (prebuilt Python extension wheel),N/A,N/A (prebuilt wheel),pqcrypto,0.4.0,ML-KEM-1024,encapsulation,38,212100,30806016,True,
99947311-0ca6-4c66-85fc-a55f99fed6e6,01acefc3-f3b3-4fb7-9ae4-3ed4a78bd0b8,2026-08-12T17:25:06.492398+00:00,controlled_windows_x86_64_two_cpu,NATIVE_SOFTWARE,x86_64,"AMD64 Family 23 Model 96 Stepping 1, AuthenticAMD",12,7598,Windows-11-10.0.26200-SP0,N/A (prebuilt Python extension wheel),N/A,N/A (prebuilt wheel),pqcrypto,0.4.0,ML-KEM-1024,decapsulation,38,101700,30806016,True,
99947311-0ca6-4c66-85fc-a55f99fed6e6,01acefc3-f3b3-4fb7-9ae4-3ed4a78bd0b8,2026-08-12T17:25:06.492586+00:00,controlled_windows_x86_64_two_cpu,NATIVE_SOFTWARE,x86_64,"AMD64 Family 23 Model 96 Stepping 1, AuthenticAMD",12,7598,Windows-11-10.0.26200-SP0,N/A (prebuilt Python extension wheel),N/A,N/A (prebuilt wheel),pqcrypto,0.4.0,ML-KEM-1024,keygen,39,234000,30806016,True,
99947311-0ca6-4c66-85fc-a55f99fed6e6,01acefc3-f3b3-4fb7-9ae4-3ed4a78bd0b8,2026-08-12T17:25:06.493134+00:00,controlled_windows_x86_64_two_cpu,NATIVE_SOFTWARE,x86_64,"AMD64 Family 23 Model 96 Stepping 1, AuthenticAMD",12,7598,Windows-11-10.0.26200-SP0,N/A (prebuilt Python extension wheel),N/A,N/A (prebuilt wheel),pqcrypto,0.4.0,ML-KEM-1024,encapsulation,39,203700,30806016,True,
99947311-0ca6-4c66-85fc-a55f99fed6e6,01acefc3-f3b3-4fb7-9ae4-3ed4a78bd0b8,2026-08-12T17:25:06.493440+00:00,controlled_windows_x86_64_two_cpu,NATIVE_SOFTWARE,x86_64,"AMD64 Family 23 Model 96 Stepping 1, AuthenticAMD",12,7598,Windows-11-10.0.26200-SP0,N/A (prebuilt Python extension wheel),N/A,N/A (prebuilt wheel),pqcrypto,0.4.0,ML-KEM-1024,decapsulation,39,100400,30806016,True,
99947311-0ca6-4c66-85fc-a55f99fed6e6,01acefc3-f3b3-4fb7-9ae4-3ed4a78bd0b8,2026-08-12T17:25:06.493621+00:00,controlled_windows_x86_64_two_cpu,NATIVE_SOFTWARE,x86_64,"AMD64 Family 23 Model 96 Stepping 1, AuthenticAMD",12,7598,Windows-11-10.0.26200-SP0,N/A (prebuilt Python extension wheel),N/A,N/A (prebuilt wheel),pqcrypto,0.4.0,ML-KEM-1024,keygen,40,231100,30806016,True,
99947311-0ca6-4c66-85fc-a55f99fed6e6,01acefc3-f3b3-4fb7-9ae4-3ed4a78bd0b8,2026-08-12T17:25:06.494148+00:00,controlled_windows_x86_64_two_cpu,NATIVE_SOFTWARE,x86_64,"AMD64 Family 23 Model 96 Stepping 1, AuthenticAMD",12,7598,Windows-11-10.0.26200-SP0,N/A (prebuilt Python extension wheel),N/A,N/A (prebuilt wheel),pqcrypto,0.4.0,ML-KEM-1024,encapsulation,40,197600,30806016,True,
99947311-0ca6-4c66-85fc-a55f99fed6e6,01acefc3-f3b3-4fb7-9ae4-3ed4a78bd0b8,2026-08-12T17:25:06.494441+00:00,controlled_windows_x86_64_two_cpu,NATIVE_SOFTWARE,x86_64,"AMD64 Family 23 Model 96 Stepping 1, AuthenticAMD",12,7598,Windows-11-10.0.26200-SP0,N/A (prebuilt Python extension wheel),N/A,N/A (prebuilt wheel),pqcrypto,0.4.0,ML-KEM-1024,decapsulation,40,98900,30806016,True,
99947311-0ca6-4c66-85fc-a55f99fed6e6,01acefc3-f3b3-4fb7-9ae4-3ed4a78bd0b8,2026-08-12T17:25:06.494618+00:00,controlled_windows_x86_64_two_cpu,NATIVE_SOFTWARE,x86_64,"AMD64 Family 23 Model 96 Stepping 1, AuthenticAMD",12,7598,Windows-11-10.0.26200-SP0,N/A (prebuilt Python extension wheel),N/A,N/A (prebuilt wheel),pqcrypto,0.4.0,ML-KEM-1024,keygen,41,216200,30806016,True,
99947311-0ca6-4c66-85fc-a55f99fed6e6,01acefc3-f3b3-4fb7-9ae4-3ed4a78bd0b8,2026-08-12T17:25:06.495124+00:00,controlled_windows_x86_64_two_cpu,NATIVE_SOFTWARE,x86_64,"AMD64 Family 23 Model 96 Stepping 1, AuthenticAMD",12,7598,Windows-11-10.0.26200-SP0,N/A (prebuilt Python extension wheel),N/A,N/A (prebuilt wheel),pqcrypto,0.4.0,ML-KEM-1024,encapsulation,41,205200,30806016,True,
99947311-0ca6-4c66-85fc-a55f99fed6e6,01acefc3-f3b3-4fb7-9ae4-3ed4a78bd0b8,2026-08-12T17:25:06.495492+00:00,controlled_windows_x86_64_two_cpu,NATIVE_SOFTWARE,x86_64,"AMD64 Family 23 Model 96 Stepping 1, AuthenticAMD",12,7598,Windows-11-10.0.26200-SP0,N/A (prebuilt Python extension wheel),N/A,N/A (prebuilt wheel),pqcrypto,0.4.0,ML-KEM-1024,decapsulation,41,157500,30806016,True,
99947311-0ca6-4c66-85fc-a55f99fed6e6,01acefc3-f3b3-4fb7-9ae4-3ed4a78bd0b8,2026-08-12T17:25:06.495836+00:00,controlled_windows_x86_64_two_cpu,NATIVE_SOFTWARE,x86_64,"AMD64 Family 23 Model 96 Stepping 1, AuthenticAMD",12,7598,Windows-11-10.0.26200-SP0,N/A (prebuilt Python extension wheel),N/A,N/A (prebuilt wheel),pqcrypto,0.4.0,ML-KEM-1024,keygen,42,305200,30806016,True,
99947311-0ca6-4c66-85fc-a55f99fed6e6,01acefc3-f3b3-4fb7-9ae4-3ed4a78bd0b8,2026-08-12T17:25:06.496497+00:00,controlled_windows_x86_64_two_cpu,NATIVE_SOFTWARE,x86_64,"AMD64 Family 23 Model 96 Stepping 1, AuthenticAMD",12,7598,Windows-11-10.0.26200-SP0,N/A (prebuilt Python extension wheel),N/A,N/A (prebuilt wheel),pqcrypto,0.4.0,ML-KEM-1024,encapsulation,42,201800,30806016,True,
99947311-0ca6-4c66-85fc-a55f99fed6e6,01acefc3-f3b3-4fb7-9ae4-3ed4a78bd0b8,2026-08-12T17:25:06.496830+00:00,controlled_windows_x86_64_two_cpu,NATIVE_SOFTWARE,x86_64,"AMD64 Family 23 Model 96 Stepping 1, AuthenticAMD",12,7598,Windows-11-10.0.26200-SP0,N/A (prebuilt Python extension wheel),N/A,N/A (prebuilt wheel),pqcrypto,0.4.0,ML-KEM-1024,decapsulation,42,100800,30806016,True,
99947311-0ca6-4c66-85fc-a55f99fed6e6,01acefc3-f3b3-4fb7-9ae4-3ed4a78bd0b8,2026-08-12T17:25:06.497014+00:00,controlled_windows_x86_64_two_cpu,NATIVE_SOFTWARE,x86_64,"AMD64 Family 23 Model 96 Stepping 1, AuthenticAMD",12,7598,Windows-11-10.0.26200-SP0,N/A (prebuilt Python extension wheel),N/A,N/A (prebuilt wheel),pqcrypto,0.4.0,ML-KEM-1024,keygen,43,207500,30806016,True,
99947311-0ca6-4c66-85fc-a55f99fed6e6,01acefc3-f3b3-4fb7-9ae4-3ed4a78bd0b8,2026-08-12T17:25:06.497512+00:00,controlled_windows_x86_64_two_cpu,NATIVE_SOFTWARE,x86_64,"AMD64 Family 23 Model 96 Stepping 1, AuthenticAMD",12,7598,Windows-11-10.0.26200-SP0,N/A (prebuilt Python extension wheel),N/A,N/A (prebuilt wheel),pqcrypto,0.4.0,ML-KEM-1024,encapsulation,43,205900,30806016,True,
99947311-0ca6-4c66-85fc-a55f99fed6e6,01acefc3-f3b3-4fb7-9ae4-3ed4a78bd0b8,2026-08-12T17:25:06.497864+00:00,controlled_windows_x86_64_two_cpu,NATIVE_SOFTWARE,x86_64,"AMD64 Family 23 Model 96 Stepping 1, AuthenticAMD",12,7598,Windows-11-10.0.26200-SP0,N/A (prebuilt Python extension wheel),N/A,N/A (prebuilt wheel),pqcrypto,0.4.0,ML-KEM-1024,decapsulation,43,107300,30806016,True,
99947311-0ca6-4c66-85fc-a55f99fed6e6,01acefc3-f3b3-4fb7-9ae4-3ed4a78bd0b8,2026-08-12T17:25:06.498065+00:00,controlled_windows_x86_64_two_cpu,NATIVE_SOFTWARE,x86_64,"AMD64 Family 23 Model 96 Stepping 1, AuthenticAMD",12,7598,Windows-11-10.0.26200-SP0,N/A (prebuilt Python extension wheel),N/A,N/A (prebuilt wheel),pqcrypto,0.4.0,ML-KEM-1024,keygen,44,302800,30806016,True,
99947311-0ca6-4c66-85fc-a55f99fed6e6,01acefc3-f3b3-4fb7-9ae4-3ed4a78bd0b8,2026-08-12T17:25:06.498707+00:00,controlled_windows_x86_64_two_cpu,NATIVE_SOFTWARE,x86_64,"AMD64 Family 23 Model 96 Stepping 1, AuthenticAMD",12,7598,Windows-11-10.0.26200-SP0,N/A (prebuilt Python extension wheel),N/A,N/A (prebuilt wheel),pqcrypto,0.4.0,ML-KEM-1024,encapsulation,44,229000,30806016,True,
99947311-0ca6-4c66-85fc-a55f99fed6e6,01acefc3-f3b3-4fb7-9ae4-3ed4a78bd0b8,2026-08-12T17:25:06.499037+00:00,controlled_windows_x86_64_two_cpu,NATIVE_SOFTWARE,x86_64,"AMD64 Family 23 Model 96 Stepping 1, AuthenticAMD",12,7598,Windows-11-10.0.26200-SP0,N/A (prebuilt Python extension wheel),N/A,N/A (prebuilt wheel),pqcrypto,0.4.0,ML-KEM-1024,decapsulation,44,100100,30806016,True,
99947311-0ca6-4c66-85fc-a55f99fed6e6,01acefc3-f3b3-4fb7-9ae4-3ed4a78bd0b8,2026-08-12T17:25:06.499219+00:00,controlled_windows_x86_64_two_cpu,NATIVE_SOFTWARE,x86_64,"AMD64 Family 23 Model 96 Stepping 1, AuthenticAMD",12,7598,Windows-11-10.0.26200-SP0,N/A (prebuilt Python extension wheel),N/A,N/A (prebuilt wheel),pqcrypto,0.4.0,ML-KEM-1024,keygen,45,204000,30806016,True,
99947311-0ca6-4c66-85fc-a55f99fed6e6,01acefc3-f3b3-4fb7-9ae4-3ed4a78bd0b8,2026-08-12T17:25:06.499715+00:00,controlled_windows_x86_64_two_cpu,NATIVE_SOFTWARE,x86_64,"AMD64 Family 23 Model 96 Stepping 1, AuthenticAMD",12,7598,Windows-11-10.0.26200-SP0,N/A (prebuilt Python extension wheel),N/A,N/A (prebuilt wheel),pqcrypto,0.4.0,ML-KEM-1024,encapsulation,45,218400,30806016,True,
99947311-0ca6-4c66-85fc-a55f99fed6e6,01acefc3-f3b3-4fb7-9ae4-3ed4a78bd0b8,2026-08-12T17:25:06.500029+00:00,controlled_windows_x86_64_two_cpu,NATIVE_SOFTWARE,x86_64,"AMD64 Family 23 Model 96 Stepping 1, AuthenticAMD",12,7598,Windows-11-10.0.26200-SP0,N/A (prebuilt Python extension wheel),N/A,N/A (prebuilt wheel),pqcrypto,0.4.0,ML-KEM-1024,decapsulation,45,99500,30806016,True,
99947311-0ca6-4c66-85fc-a55f99fed6e6,01acefc3-f3b3-4fb7-9ae4-3ed4a78bd0b8,2026-08-12T17:25:06.500208+00:00,controlled_windows_x86_64_two_cpu,NATIVE_SOFTWARE,x86_64,"AMD64 Family 23 Model 96 Stepping 1, AuthenticAMD",12,7598,Windows-11-10.0.26200-SP0,N/A (prebuilt Python extension wheel),N/A,N/A (prebuilt wheel),pqcrypto,0.4.0,ML-KEM-1024,keygen,46,223700,30806016,True,
99947311-0ca6-4c66-85fc-a55f99fed6e6,01acefc3-f3b3-4fb7-9ae4-3ed4a78bd0b8,2026-08-12T17:25:06.500718+00:00,controlled_windows_x86_64_two_cpu,NATIVE_SOFTWARE,x86_64,"AMD64 Family 23 Model 96 Stepping 1, AuthenticAMD",12,7598,Windows-11-10.0.26200-SP0,N/A (prebuilt Python extension wheel),N/A,N/A (prebuilt wheel),pqcrypto,0.4.0,ML-KEM-1024,encapsulation,46,216500,30806016,True,
99947311-0ca6-4c66-85fc-a55f99fed6e6,01acefc3-f3b3-4fb7-9ae4-3ed4a78bd0b8,2026-08-12T17:25:06.501028+00:00,controlled_windows_x86_64_two_cpu,NATIVE_SOFTWARE,x86_64,"AMD64 Family 23 Model 96 Stepping 1, AuthenticAMD",12,7598,Windows-11-10.0.26200-SP0,N/A (prebuilt Python extension wheel),N/A,N/A (prebuilt wheel),pqcrypto,0.4.0,ML-KEM-1024,decapsulation,46,102700,30806016,True,
99947311-0ca6-4c66-85fc-a55f99fed6e6,01acefc3-f3b3-4fb7-9ae4-3ed4a78bd0b8,2026-08-12T17:25:06.501211+00:00,controlled_windows_x86_64_two_cpu,NATIVE_SOFTWARE,x86_64,"AMD64 Family 23 Model 96 Stepping 1, AuthenticAMD",12,7598,Windows-11-10.0.26200-SP0,N/A (prebuilt Python extension wheel),N/A,N/A (prebuilt wheel),pqcrypto,0.4.0,ML-KEM-1024,keygen,47,202100,30806016,True,
99947311-0ca6-4c66-85fc-a55f99fed6e6,01acefc3-f3b3-4fb7-9ae4-3ed4a78bd0b8,2026-08-12T17:25:06.501722+00:00,controlled_windows_x86_64_two_cpu,NATIVE_SOFTWARE,x86_64,"AMD64 Family 23 Model 96 Stepping 1, AuthenticAMD",12,7598,Windows-11-10.0.26200-SP0,N/A (prebuilt Python extension wheel),N/A,N/A (prebuilt wheel),pqcrypto,0.4.0,ML-KEM-1024,encapsulation,47,215300,30806016,True,
99947311-0ca6-4c66-85fc-a55f99fed6e6,01acefc3-f3b3-4fb7-9ae4-3ed4a78bd0b8,2026-08-12T17:25:06.502033+00:00,controlled_windows_x86_64_two_cpu,NATIVE_SOFTWARE,x86_64,"AMD64 Family 23 Model 96 Stepping 1, AuthenticAMD",12,7598,Windows-11-10.0.26200-SP0,N/A (prebuilt Python extension wheel),N/A,N/A (prebuilt wheel),pqcrypto,0.4.0,ML-KEM-1024,decapsulation,47,102700,30806016,True,
99947311-0ca6-4c66-85fc-a55f99fed6e6,01acefc3-f3b3-4fb7-9ae4-3ed4a78bd0b8,2026-08-12T17:25:06.502216+00:00,controlled_windows_x86_64_two_cpu,NATIVE_SOFTWARE,x86_64,"AMD64 Family 23 Model 96 Stepping 1, AuthenticAMD",12,7598,Windows-11-10.0.26200-SP0,N/A (prebuilt Python extension wheel),N/A,N/A (prebuilt wheel),pqcrypto,0.4.0,ML-KEM-1024,keygen,48,203100,30806016,True,
99947311-0ca6-4c66-85fc-a55f99fed6e6,01acefc3-f3b3-4fb7-9ae4-3ed4a78bd0b8,2026-08-12T17:25:06.502760+00:00,controlled_windows_x86_64_two_cpu,NATIVE_SOFTWARE,x86_64,"AMD64 Family 23 Model 96 Stepping 1, AuthenticAMD",12,7598,Windows-11-10.0.26200-SP0,N/A (prebuilt Python extension wheel),N/A,N/A (prebuilt wheel),pqcrypto,0.4.0,ML-KEM-1024,encapsulation,48,226000,30806016,True,
99947311-0ca6-4c66-85fc-a55f99fed6e6,01acefc3-f3b3-4fb7-9ae4-3ed4a78bd0b8,2026-08-12T17:25:06.503089+00:00,controlled_windows_x86_64_two_cpu,NATIVE_SOFTWARE,x86_64,"AMD64 Family 23 Model 96 Stepping 1, AuthenticAMD",12,7598,Windows-11-10.0.26200-SP0,N/A (prebuilt Python extension wheel),N/A,N/A (prebuilt wheel),pqcrypto,0.4.0,ML-KEM-1024,decapsulation,48,99500,30806016,True,
99947311-0ca6-4c66-85fc-a55f99fed6e6,01acefc3-f3b3-4fb7-9ae4-3ed4a78bd0b8,2026-08-12T17:25:06.503268+00:00,controlled_windows_x86_64_two_cpu,NATIVE_SOFTWARE,x86_64,"AMD64 Family 23 Model 96 Stepping 1, AuthenticAMD",12,7598,Windows-11-10.0.26200-SP0,N/A (prebuilt Python extension wheel),N/A,N/A (prebuilt wheel),pqcrypto,0.4.0,ML-KEM-1024,keygen,49,206200,30806016,True,
99947311-0ca6-4c66-85fc-a55f99fed6e6,01acefc3-f3b3-4fb7-9ae4-3ed4a78bd0b8,2026-08-12T17:25:06.503768+00:00,controlled_windows_x86_64_two_cpu,NATIVE_SOFTWARE,x86_64,"AMD64 Family 23 Model 96 Stepping 1, AuthenticAMD",12,7598,Windows-11-10.0.26200-SP0,N/A (prebuilt Python extension wheel),N/A,N/A (prebuilt wheel),pqcrypto,0.4.0,ML-KEM-1024,encapsulation,49,237600,30806016,True,
99947311-0ca6-4c66-85fc-a55f99fed6e6,01acefc3-f3b3-4fb7-9ae4-3ed4a78bd0b8,2026-08-12T17:25:06.504101+00:00,controlled_windows_x86_64_two_cpu,NATIVE_SOFTWARE,x86_64,"AMD64 Family 23 Model 96 Stepping 1, AuthenticAMD",12,7598,Windows-11-10.0.26200-SP0,N/A (prebuilt Python extension wheel),N/A,N/A (prebuilt wheel),pqcrypto,0.4.0,ML-KEM-1024,decapsulation,49,101700,30806016,True,
99947311-0ca6-4c66-85fc-a55f99fed6e6,01acefc3-f3b3-4fb7-9ae4-3ed4a78bd0b8,2026-08-12T17:25:06.504284+00:00,controlled_windows_x86_64_two_cpu,NATIVE_SOFTWARE,x86_64,"AMD64 Family 23 Model 96 Stepping 1, AuthenticAMD",12,7598,Windows-11-10.0.26200-SP0,N/A (prebuilt Python extension wheel),N/A,N/A (prebuilt wheel),pqcrypto,0.4.0,ML-KEM-1024,keygen,50,203500,30818304,True,
99947311-0ca6-4c66-85fc-a55f99fed6e6,01acefc3-f3b3-4fb7-9ae4-3ed4a78bd0b8,2026-08-12T17:25:06.505362+00:00,controlled_windows_x86_64_two_cpu,NATIVE_SOFTWARE,x86_64,"AMD64 Family 23 Model 96 Stepping 1, AuthenticAMD",12,7598,Windows-11-10.0.26200-SP0,N/A (prebuilt Python extension wheel),N/A,N/A (prebuilt wheel),pqcrypto,0.4.0,ML-KEM-1024,encapsulation,50,215300,30818304,True,
99947311-0ca6-4c66-85fc-a55f99fed6e6,01acefc3-f3b3-4fb7-9ae4-3ed4a78bd0b8,2026-08-12T17:25:06.505756+00:00,controlled_windows_x86_64_two_cpu,NATIVE_SOFTWARE,x86_64,"AMD64 Family 23 Model 96 Stepping 1, AuthenticAMD",12,7598,Windows-11-10.0.26200-SP0,N/A (prebuilt Python extension wheel),N/A,N/A (prebuilt wheel),pqcrypto,0.4.0,ML-KEM-1024,decapsulation,50,134600,30818304,True,
99947311-0ca6-4c66-85fc-a55f99fed6e6,01acefc3-f3b3-4fb7-9ae4-3ed4a78bd0b8,2026-08-12T17:25:06.506003+00:00,controlled_windows_x86_64_two_cpu,NATIVE_SOFTWARE,x86_64,"AMD64 Family 23 Model 96 Stepping 1, AuthenticAMD",12,7598,Windows-11-10.0.26200-SP0,N/A (prebuilt Python extension wheel),N/A,N/A (prebuilt wheel),pqcrypto,0.4.0,ML-KEM-1024,keygen,51,272300,30818304,True,
99947311-0ca6-4c66-85fc-a55f99fed6e6,01acefc3-f3b3-4fb7-9ae4-3ed4a78bd0b8,2026-08-12T17:25:06.506581+00:00,controlled_windows_x86_64_two_cpu,NATIVE_SOFTWARE,x86_64,"AMD64 Family 23 Model 96 Stepping 1, AuthenticAMD",12,7598,Windows-11-10.0.26200-SP0,N/A (prebuilt Python extension wheel),N/A,N/A (prebuilt wheel),pqcrypto,0.4.0,ML-KEM-1024,encapsulation,51,224300,30818304,True,
99947311-0ca6-4c66-85fc-a55f99fed6e6,01acefc3-f3b3-4fb7-9ae4-3ed4a78bd0b8,2026-08-12T17:25:06.506905+00:00,controlled_windows_x86_64_two_cpu,NATIVE_SOFTWARE,x86_64,"AMD64 Family 23 Model 96 Stepping 1, AuthenticAMD",12,7598,Windows-11-10.0.26200-SP0,N/A (prebuilt Python extension wheel),N/A,N/A (prebuilt wheel),pqcrypto,0.4.0,ML-KEM-1024,decapsulation,51,100300,30818304,True,
99947311-0ca6-4c66-85fc-a55f99fed6e6,01acefc3-f3b3-4fb7-9ae4-3ed4a78bd0b8,2026-08-12T17:25:06.507088+00:00,controlled_windows_x86_64_two_cpu,NATIVE_SOFTWARE,x86_64,"AMD64 Family 23 Model 96 Stepping 1, AuthenticAMD",12,7598,Windows-11-10.0.26200-SP0,N/A (prebuilt Python extension wheel),N/A,N/A (prebuilt wheel),pqcrypto,0.4.0,ML-KEM-1024,keygen,52,204100,30818304,True,
99947311-0ca6-4c66-85fc-a55f99fed6e6,01acefc3-f3b3-4fb7-9ae4-3ed4a78bd0b8,2026-08-12T17:25:06.507589+00:00,controlled_windows_x86_64_two_cpu,NATIVE_SOFTWARE,x86_64,"AMD64 Family 23 Model 96 Stepping 1, AuthenticAMD",12,7598,Windows-11-10.0.26200-SP0,N/A (prebuilt Python extension wheel),N/A,N/A (prebuilt wheel),pqcrypto,0.4.0,ML-KEM-1024,encapsulation,52,212000,30818304,True,
99947311-0ca6-4c66-85fc-a55f99fed6e6,01acefc3-f3b3-4fb7-9ae4-3ed4a78bd0b8,2026-08-12T17:25:06.507897+00:00,controlled_windows_x86_64_two_cpu,NATIVE_SOFTWARE,x86_64,"AMD64 Family 23 Model 96 Stepping 1, AuthenticAMD",12,7598,Windows-11-10.0.26200-SP0,N/A (prebuilt Python extension wheel),N/A,N/A (prebuilt wheel),pqcrypto,0.4.0,ML-KEM-1024,decapsulation,52,99200,30818304,True,
99947311-0ca6-4c66-85fc-a55f99fed6e6,01acefc3-f3b3-4fb7-9ae4-3ed4a78bd0b8,2026-08-12T17:25:06.508078+00:00,controlled_windows_x86_64_two_cpu,NATIVE_SOFTWARE,x86_64,"AMD64 Family 23 Model 96 Stepping 1, AuthenticAMD",12,7598,Windows-11-10.0.26200-SP0,N/A (prebuilt Python extension wheel),N/A,N/A (prebuilt wheel),pqcrypto,0.4.0,ML-KEM-1024,keygen,53,201100,30818304,True,
99947311-0ca6-4c66-85fc-a55f99fed6e6,01acefc3-f3b3-4fb7-9ae4-3ed4a78bd0b8,2026-08-12T17:25:06.508565+00:00,controlled_windows_x86_64_two_cpu,NATIVE_SOFTWARE,x86_64,"AMD64 Family 23 Model 96 Stepping 1, AuthenticAMD",12,7598,Windows-11-10.0.26200-SP0,N/A (prebuilt Python extension wheel),N/A,N/A (prebuilt wheel),pqcrypto,0.4.0,ML-KEM-1024,encapsulation,53,199800,30818304,True,
99947311-0ca6-4c66-85fc-a55f99fed6e6,01acefc3-f3b3-4fb7-9ae4-3ed4a78bd0b8,2026-08-12T17:25:06.508876+00:00,controlled_windows_x86_64_two_cpu,NATIVE_SOFTWARE,x86_64,"AMD64 Family 23 Model 96 Stepping 1, AuthenticAMD",12,7598,Windows-11-10.0.26200-SP0,N/A (prebuilt Python extension wheel),N/A,N/A (prebuilt wheel),pqcrypto,0.4.0,ML-KEM-1024,decapsulation,53,99100,30818304,True,
99947311-0ca6-4c66-85fc-a55f99fed6e6,01acefc3-f3b3-4fb7-9ae4-3ed4a78bd0b8,2026-08-12T17:25:06.509055+00:00,controlled_windows_x86_64_two_cpu,NATIVE_SOFTWARE,x86_64,"AMD64 Family 23 Model 96 Stepping 1, AuthenticAMD",12,7598,Windows-11-10.0.26200-SP0,N/A (prebuilt Python extension wheel),N/A,N/A (prebuilt wheel),pqcrypto,0.4.0,ML-KEM-1024,keygen,54,201200,30818304,True,
99947311-0ca6-4c66-85fc-a55f99fed6e6,01acefc3-f3b3-4fb7-9ae4-3ed4a78bd0b8,2026-08-12T17:25:06.509587+00:00,controlled_windows_x86_64_two_cpu,NATIVE_SOFTWARE,x86_64,"AMD64 Family 23 Model 96 Stepping 1, AuthenticAMD",12,7598,Windows-11-10.0.26200-SP0,N/A (prebuilt Python extension wheel),N/A,N/A (prebuilt wheel),pqcrypto,0.4.0,ML-KEM-1024,encapsulation,54,235700,30818304,True,
99947311-0ca6-4c66-85fc-a55f99fed6e6,01acefc3-f3b3-4fb7-9ae4-3ed4a78bd0b8,2026-08-12T17:25:06.509943+00:00,controlled_windows_x86_64_two_cpu,NATIVE_SOFTWARE,x86_64,"AMD64 Family 23 Model 96 Stepping 1, AuthenticAMD",12,7598,Windows-11-10.0.26200-SP0,N/A (prebuilt Python extension wheel),N/A,N/A (prebuilt wheel),pqcrypto,0.4.0,ML-KEM-1024,decapsulation,54,99500,30818304,True,
99947311-0ca6-4c66-85fc-a55f99fed6e6,01acefc3-f3b3-4fb7-9ae4-3ed4a78bd0b8,2026-08-12T17:25:06.510128+00:00,controlled_windows_x86_64_two_cpu,NATIVE_SOFTWARE,x86_64,"AMD64 Family 23 Model 96 Stepping 1, AuthenticAMD",12,7598,Windows-11-10.0.26200-SP0,N/A (prebuilt Python extension wheel),N/A,N/A (prebuilt wheel),pqcrypto,0.4.0,ML-KEM-1024,keygen,55,206800,30818304,True,
99947311-0ca6-4c66-85fc-a55f99fed6e6,01acefc3-f3b3-4fb7-9ae4-3ed4a78bd0b8,2026-08-12T17:25:06.510628+00:00,controlled_windows_x86_64_two_cpu,NATIVE_SOFTWARE,x86_64,"AMD64 Family 23 Model 96 Stepping 1, AuthenticAMD",12,7598,Windows-11-10.0.26200-SP0,N/A (prebuilt Python extension wheel),N/A,N/A (prebuilt wheel),pqcrypto,0.4.0,ML-KEM-1024,encapsulation,55,303300,30818304,True,
99947311-0ca6-4c66-85fc-a55f99fed6e6,01acefc3-f3b3-4fb7-9ae4-3ed4a78bd0b8,2026-08-12T17:25:06.511080+00:00,controlled_windows_x86_64_two_cpu,NATIVE_SOFTWARE,x86_64,"AMD64 Family 23 Model 96 Stepping 1, AuthenticAMD",12,7598,Windows-11-10.0.26200-SP0,N/A (prebuilt Python extension wheel),N/A,N/A (prebuilt wheel),pqcrypto,0.4.0,ML-KEM-1024,decapsulation,55,106700,30818304,True,
99947311-0ca6-4c66-85fc-a55f99fed6e6,01acefc3-f3b3-4fb7-9ae4-3ed4a78bd0b8,2026-08-12T17:25:06.511289+00:00,controlled_windows_x86_64_two_cpu,NATIVE_SOFTWARE,x86_64,"AMD64 Family 23 Model 96 Stepping 1, AuthenticAMD",12,7598,Windows-11-10.0.26200-SP0,N/A (prebuilt Python extension wheel),N/A,N/A (prebuilt wheel),pqcrypto,0.4.0,ML-KEM-1024,keygen,56,277600,30818304,True,
99947311-0ca6-4c66-85fc-a55f99fed6e6,01acefc3-f3b3-4fb7-9ae4-3ed4a78bd0b8,2026-08-12T17:25:06.511996+00:00,controlled_windows_x86_64_two_cpu,NATIVE_SOFTWARE,x86_64,"AMD64 Family 23 Model 96 Stepping 1, AuthenticAMD",12,7598,Windows-11-10.0.26200-SP0,N/A (prebuilt Python extension wheel),N/A,N/A (prebuilt wheel),pqcrypto,0.4.0,ML-KEM-1024,encapsulation,56,268500,30818304,True,
99947311-0ca6-4c66-85fc-a55f99fed6e6,01acefc3-f3b3-4fb7-9ae4-3ed4a78bd0b8,2026-08-12T17:25:06.512415+00:00,controlled_windows_x86_64_two_cpu,NATIVE_SOFTWARE,x86_64,"AMD64 Family 23 Model 96 Stepping 1, AuthenticAMD",12,7598,Windows-11-10.0.26200-SP0,N/A (prebuilt Python extension wheel),N/A,N/A (prebuilt wheel),pqcrypto,0.4.0,ML-KEM-1024,decapsulation,56,102300,30818304,True,
99947311-0ca6-4c66-85fc-a55f99fed6e6,01acefc3-f3b3-4fb7-9ae4-3ed4a78bd0b8,2026-08-12T17:25:06.512606+00:00,controlled_windows_x86_64_two_cpu,NATIVE_SOFTWARE,x86_64,"AMD64 Family 23 Model 96 Stepping 1, AuthenticAMD",12,7598,Windows-11-10.0.26200-SP0,N/A (prebuilt Python extension wheel),N/A,N/A (prebuilt wheel),pqcrypto,0.4.0,ML-KEM-1024,keygen,57,275500,30818304,True,
99947311-0ca6-4c66-85fc-a55f99fed6e6,01acefc3-f3b3-4fb7-9ae4-3ed4a78bd0b8,2026-08-12T17:25:06.513237+00:00,controlled_windows_x86_64_two_cpu,NATIVE_SOFTWARE,x86_64,"AMD64 Family 23 Model 96 Stepping 1, AuthenticAMD",12,7598,Windows-11-10.0.26200-SP0,N/A (prebuilt Python extension wheel),N/A,N/A (prebuilt wheel),pqcrypto,0.4.0,ML-KEM-1024,encapsulation,57,208200,30818304,True,
99947311-0ca6-4c66-85fc-a55f99fed6e6,01acefc3-f3b3-4fb7-9ae4-3ed4a78bd0b8,2026-08-12T17:25:06.513549+00:00,controlled_windows_x86_64_two_cpu,NATIVE_SOFTWARE,x86_64,"AMD64 Family 23 Model 96 Stepping 1, AuthenticAMD",12,7598,Windows-11-10.0.26200-SP0,N/A (prebuilt Python extension wheel),N/A,N/A (prebuilt wheel),pqcrypto,0.4.0,ML-KEM-1024,decapsulation,57,100700,30818304,True,
99947311-0ca6-4c66-85fc-a55f99fed6e6,01acefc3-f3b3-4fb7-9ae4-3ed4a78bd0b8,2026-08-12T17:25:06.513735+00:00,controlled_windows_x86_64_two_cpu,NATIVE_SOFTWARE,x86_64,"AMD64 Family 23 Model 96 Stepping 1, AuthenticAMD",12,7598,Windows-11-10.0.26200-SP0,N/A (prebuilt Python extension wheel),N/A,N/A (prebuilt wheel),pqcrypto,0.4.0,ML-KEM-1024,keygen,58,243000,30818304,True,
99947311-0ca6-4c66-85fc-a55f99fed6e6,01acefc3-f3b3-4fb7-9ae4-3ed4a78bd0b8,2026-08-12T17:25:06.514295+00:00,controlled_windows_x86_64_two_cpu,NATIVE_SOFTWARE,x86_64,"AMD64 Family 23 Model 96 Stepping 1, AuthenticAMD",12,7598,Windows-11-10.0.26200-SP0,N/A (prebuilt Python extension wheel),N/A,N/A (prebuilt wheel),pqcrypto,0.4.0,ML-KEM-1024,encapsulation,58,215900,30818304,True,
99947311-0ca6-4c66-85fc-a55f99fed6e6,01acefc3-f3b3-4fb7-9ae4-3ed4a78bd0b8,2026-08-12T17:25:06.514609+00:00,controlled_windows_x86_64_two_cpu,NATIVE_SOFTWARE,x86_64,"AMD64 Family 23 Model 96 Stepping 1, AuthenticAMD",12,7598,Windows-11-10.0.26200-SP0,N/A (prebuilt Python extension wheel),N/A,N/A (prebuilt wheel),pqcrypto,0.4.0,ML-KEM-1024,decapsulation,58,99300,30818304,True,
99947311-0ca6-4c66-85fc-a55f99fed6e6,01acefc3-f3b3-4fb7-9ae4-3ed4a78bd0b8,2026-08-12T17:25:06.514807+00:00,controlled_windows_x86_64_two_cpu,NATIVE_SOFTWARE,x86_64,"AMD64 Family 23 Model 96 Stepping 1, AuthenticAMD",12,7598,Windows-11-10.0.26200-SP0,N/A (prebuilt Python extension wheel),N/A,N/A (prebuilt wheel),pqcrypto,0.4.0,ML-KEM-1024,keygen,59,245000,30818304,True,
99947311-0ca6-4c66-85fc-a55f99fed6e6,01acefc3-f3b3-4fb7-9ae4-3ed4a78bd0b8,2026-08-12T17:25:06.515355+00:00,controlled_windows_x86_64_two_cpu,NATIVE_SOFTWARE,x86_64,"AMD64 Family 23 Model 96 Stepping 1, AuthenticAMD",12,7598,Windows-11-10.0.26200-SP0,N/A (prebuilt Python extension wheel),N/A,N/A (prebuilt wheel),pqcrypto,0.4.0,ML-KEM-1024,encapsulation,59,200100,30818304,True,
99947311-0ca6-4c66-85fc-a55f99fed6e6,01acefc3-f3b3-4fb7-9ae4-3ed4a78bd0b8,2026-08-12T17:25:06.515648+00:00,controlled_windows_x86_64_two_cpu,NATIVE_SOFTWARE,x86_64,"AMD64 Family 23 Model 96 Stepping 1, AuthenticAMD",12,7598,Windows-11-10.0.26200-SP0,N/A (prebuilt Python extension wheel),N/A,N/A (prebuilt wheel),pqcrypto,0.4.0,ML-KEM-1024,decapsulation,59,102400,30818304,True,
99947311-0ca6-4c66-85fc-a55f99fed6e6,01acefc3-f3b3-4fb7-9ae4-3ed4a78bd0b8,2026-08-12T17:25:06.515853+00:00,controlled_windows_x86_64_two_cpu,NATIVE_SOFTWARE,x86_64,"AMD64 Family 23 Model 96 Stepping 1, AuthenticAMD",12,7598,Windows-11-10.0.26200-SP0,N/A (prebuilt Python extension wheel),N/A,N/A (prebuilt wheel),pqcrypto,0.4.0,ML-KEM-1024,keygen,60,211800,30818304,True,
99947311-0ca6-4c66-85fc-a55f99fed6e6,01acefc3-f3b3-4fb7-9ae4-3ed4a78bd0b8,2026-08-12T17:25:06.516397+00:00,controlled_windows_x86_64_two_cpu,NATIVE_SOFTWARE,x86_64,"AMD64 Family 23 Model 96 Stepping 1, AuthenticAMD",12,7598,Windows-11-10.0.26200-SP0,N/A (prebuilt Python extension wheel),N/A,N/A (prebuilt wheel),pqcrypto,0.4.0,ML-KEM-1024,encapsulation,60,245900,30818304,True,
99947311-0ca6-4c66-85fc-a55f99fed6e6,01acefc3-f3b3-4fb7-9ae4-3ed4a78bd0b8,2026-08-12T17:25:06.516814+00:00,controlled_windows_x86_64_two_cpu,NATIVE_SOFTWARE,x86_64,"AMD64 Family 23 Model 96 Stepping 1, AuthenticAMD",12,7598,Windows-11-10.0.26200-SP0,N/A (prebuilt Python extension wheel),N/A,N/A (prebuilt wheel),pqcrypto,0.4.0,ML-KEM-1024,decapsulation,60,105000,30818304,True,
99947311-0ca6-4c66-85fc-a55f99fed6e6,01acefc3-f3b3-4fb7-9ae4-3ed4a78bd0b8,2026-08-12T17:25:06.517015+00:00,controlled_windows_x86_64_two_cpu,NATIVE_SOFTWARE,x86_64,"AMD64 Family 23 Model 96 Stepping 1, AuthenticAMD",12,7598,Windows-11-10.0.26200-SP0,N/A (prebuilt Python extension wheel),N/A,N/A (prebuilt wheel),pqcrypto,0.4.0,ML-KEM-1024,keygen,61,235600,30818304,True,
99947311-0ca6-4c66-85fc-a55f99fed6e6,01acefc3-f3b3-4fb7-9ae4-3ed4a78bd0b8,2026-08-12T17:25:06.517580+00:00,controlled_windows_x86_64_two_cpu,NATIVE_SOFTWARE,x86_64,"AMD64 Family 23 Model 96 Stepping 1, AuthenticAMD",12,7598,Windows-11-10.0.26200-SP0,N/A (prebuilt Python extension wheel),N/A,N/A (prebuilt wheel),pqcrypto,0.4.0,ML-KEM-1024,encapsulation,61,272000,30818304,True,
99947311-0ca6-4c66-85fc-a55f99fed6e6,01acefc3-f3b3-4fb7-9ae4-3ed4a78bd0b8,2026-08-12T17:25:06.517987+00:00,controlled_windows_x86_64_two_cpu,NATIVE_SOFTWARE,x86_64,"AMD64 Family 23 Model 96 Stepping 1, AuthenticAMD",12,7598,Windows-11-10.0.26200-SP0,N/A (prebuilt Python extension wheel),N/A,N/A (prebuilt wheel),pqcrypto,0.4.0,ML-KEM-1024,decapsulation,61,100900,30818304,True,
99947311-0ca6-4c66-85fc-a55f99fed6e6,01acefc3-f3b3-4fb7-9ae4-3ed4a78bd0b8,2026-08-12T17:25:06.518171+00:00,controlled_windows_x86_64_two_cpu,NATIVE_SOFTWARE,x86_64,"AMD64 Family 23 Model 96 Stepping 1, AuthenticAMD",12,7598,Windows-11-10.0.26200-SP0,N/A (prebuilt Python extension wheel),N/A,N/A (prebuilt wheel),pqcrypto,0.4.0,ML-KEM-1024,keygen,62,214800,30818304,True,
99947311-0ca6-4c66-85fc-a55f99fed6e6,01acefc3-f3b3-4fb7-9ae4-3ed4a78bd0b8,2026-08-12T17:25:06.518732+00:00,controlled_windows_x86_64_two_cpu,NATIVE_SOFTWARE,x86_64,"AMD64 Family 23 Model 96 Stepping 1, AuthenticAMD",12,7598,Windows-11-10.0.26200-SP0,N/A (prebuilt Python extension wheel),N/A,N/A (prebuilt wheel),pqcrypto,0.4.0,ML-KEM-1024,encapsulation,62,270700,30818304,True,
99947311-0ca6-4c66-85fc-a55f99fed6e6,01acefc3-f3b3-4fb7-9ae4-3ed4a78bd0b8,2026-08-12T17:25:06.519210+00:00,controlled_windows_x86_64_two_cpu,NATIVE_SOFTWARE,x86_64,"AMD64 Family 23 Model 96 Stepping 1, AuthenticAMD",12,7598,Windows-11-10.0.26200-SP0,N/A (prebuilt Python extension wheel),N/A,N/A (prebuilt wheel),pqcrypto,0.4.0,ML-KEM-1024,decapsulation,62,128100,30818304,True,
99947311-0ca6-4c66-85fc-a55f99fed6e6,01acefc3-f3b3-4fb7-9ae4-3ed4a78bd0b8,2026-08-12T17:25:06.519447+00:00,controlled_windows_x86_64_two_cpu,NATIVE_SOFTWARE,x86_64,"AMD64 Family 23 Model 96 Stepping 1, AuthenticAMD",12,7598,Windows-11-10.0.26200-SP0,N/A (prebuilt Python extension wheel),N/A,N/A (prebuilt wheel),pqcrypto,0.4.0,ML-KEM-1024,keygen,63,247700,30830592,True,
99947311-0ca6-4c66-85fc-a55f99fed6e6,01acefc3-f3b3-4fb7-9ae4-3ed4a78bd0b8,2026-08-12T17:25:06.520557+00:00,controlled_windows_x86_64_two_cpu,NATIVE_SOFTWARE,x86_64,"AMD64 Family 23 Model 96 Stepping 1, AuthenticAMD",12,7598,Windows-11-10.0.26200-SP0,N/A (prebuilt Python extension wheel),N/A,N/A (prebuilt wheel),pqcrypto,0.4.0,ML-KEM-1024,encapsulation,63,207800,30830592,True,
99947311-0ca6-4c66-85fc-a55f99fed6e6,01acefc3-f3b3-4fb7-9ae4-3ed4a78bd0b8,2026-08-12T17:25:06.520918+00:00,controlled_windows_x86_64_two_cpu,NATIVE_SOFTWARE,x86_64,"AMD64 Family 23 Model 96 Stepping 1, AuthenticAMD",12,7598,Windows-11-10.0.26200-SP0,N/A (prebuilt Python extension wheel),N/A,N/A (prebuilt wheel),pqcrypto,0.4.0,ML-KEM-1024,decapsulation,63,101600,30830592,True,
99947311-0ca6-4c66-85fc-a55f99fed6e6,01acefc3-f3b3-4fb7-9ae4-3ed4a78bd0b8,2026-08-12T17:25:06.521105+00:00,controlled_windows_x86_64_two_cpu,NATIVE_SOFTWARE,x86_64,"AMD64 Family 23 Model 96 Stepping 1, AuthenticAMD",12,7598,Windows-11-10.0.26200-SP0,N/A (prebuilt Python extension wheel),N/A,N/A (prebuilt wheel),pqcrypto,0.4.0,ML-KEM-1024,keygen,64,217700,30830592,True,
99947311-0ca6-4c66-85fc-a55f99fed6e6,01acefc3-f3b3-4fb7-9ae4-3ed4a78bd0b8,2026-08-12T17:25:06.521621+00:00,controlled_windows_x86_64_two_cpu,NATIVE_SOFTWARE,x86_64,"AMD64 Family 23 Model 96 Stepping 1, AuthenticAMD",12,7598,Windows-11-10.0.26200-SP0,N/A (prebuilt Python extension wheel),N/A,N/A (prebuilt wheel),pqcrypto,0.4.0,ML-KEM-1024,encapsulation,64,230400,30830592,True,
99947311-0ca6-4c66-85fc-a55f99fed6e6,01acefc3-f3b3-4fb7-9ae4-3ed4a78bd0b8,2026-08-12T17:25:06.521985+00:00,controlled_windows_x86_64_two_cpu,NATIVE_SOFTWARE,x86_64,"AMD64 Family 23 Model 96 Stepping 1, AuthenticAMD",12,7598,Windows-11-10.0.26200-SP0,N/A (prebuilt Python extension wheel),N/A,N/A (prebuilt wheel),pqcrypto,0.4.0,ML-KEM-1024,decapsulation,64,104300,30830592,True,
99947311-0ca6-4c66-85fc-a55f99fed6e6,01acefc3-f3b3-4fb7-9ae4-3ed4a78bd0b8,2026-08-12T17:25:06.522181+00:00,controlled_windows_x86_64_two_cpu,NATIVE_SOFTWARE,x86_64,"AMD64 Family 23 Model 96 Stepping 1, AuthenticAMD",12,7598,Windows-11-10.0.26200-SP0,N/A (prebuilt Python extension wheel),N/A,N/A (prebuilt wheel),pqcrypto,0.4.0,ML-KEM-1024,keygen,65,236300,30830592,True,
99947311-0ca6-4c66-85fc-a55f99fed6e6,01acefc3-f3b3-4fb7-9ae4-3ed4a78bd0b8,2026-08-12T17:25:06.522726+00:00,controlled_windows_x86_64_two_cpu,NATIVE_SOFTWARE,x86_64,"AMD64 Family 23 Model 96 Stepping 1, AuthenticAMD",12,7598,Windows-11-10.0.26200-SP0,N/A (prebuilt Python extension wheel),N/A,N/A (prebuilt wheel),pqcrypto,0.4.0,ML-KEM-1024,encapsulation,65,237500,30830592,True,
99947311-0ca6-4c66-85fc-a55f99fed6e6,01acefc3-f3b3-4fb7-9ae4-3ed4a78bd0b8,2026-08-12T17:25:06.523074+00:00,controlled_windows_x86_64_two_cpu,NATIVE_SOFTWARE,x86_64,"AMD64 Family 23 Model 96 Stepping 1, AuthenticAMD",12,7598,Windows-11-10.0.26200-SP0,N/A (prebuilt Python extension wheel),N/A,N/A (prebuilt wheel),pqcrypto,0.4.0,ML-KEM-1024,decapsulation,65,104800,30830592,True,
99947311-0ca6-4c66-85fc-a55f99fed6e6,01acefc3-f3b3-4fb7-9ae4-3ed4a78bd0b8,2026-08-12T17:25:06.523277+00:00,controlled_windows_x86_64_two_cpu,NATIVE_SOFTWARE,x86_64,"AMD64 Family 23 Model 96 Stepping 1, AuthenticAMD",12,7598,Windows-11-10.0.26200-SP0,N/A (prebuilt Python extension wheel),N/A,N/A (prebuilt wheel),pqcrypto,0.4.0,ML-KEM-1024,keygen,66,234300,30830592,True,
99947311-0ca6-4c66-85fc-a55f99fed6e6,01acefc3-f3b3-4fb7-9ae4-3ed4a78bd0b8,2026-08-12T17:25:06.523836+00:00,controlled_windows_x86_64_two_cpu,NATIVE_SOFTWARE,x86_64,"AMD64 Family 23 Model 96 Stepping 1, AuthenticAMD",12,7598,Windows-11-10.0.26200-SP0,N/A (prebuilt Python extension wheel),N/A,N/A (prebuilt wheel),pqcrypto,0.4.0,ML-KEM-1024,encapsulation,66,216400,30830592,True,
99947311-0ca6-4c66-85fc-a55f99fed6e6,01acefc3-f3b3-4fb7-9ae4-3ed4a78bd0b8,2026-08-12T17:25:06.524155+00:00,controlled_windows_x86_64_two_cpu,NATIVE_SOFTWARE,x86_64,"AMD64 Family 23 Model 96 Stepping 1, AuthenticAMD",12,7598,Windows-11-10.0.26200-SP0,N/A (prebuilt Python extension wheel),N/A,N/A (prebuilt wheel),pqcrypto,0.4.0,ML-KEM-1024,decapsulation,66,101100,30830592,True,
99947311-0ca6-4c66-85fc-a55f99fed6e6,01acefc3-f3b3-4fb7-9ae4-3ed4a78bd0b8,2026-08-12T17:25:06.524338+00:00,controlled_windows_x86_64_two_cpu,NATIVE_SOFTWARE,x86_64,"AMD64 Family 23 Model 96 Stepping 1, AuthenticAMD",12,7598,Windows-11-10.0.26200-SP0,N/A (prebuilt Python extension wheel),N/A,N/A (prebuilt wheel),pqcrypto,0.4.0,ML-KEM-1024,keygen,67,208000,30830592,True,
99947311-0ca6-4c66-85fc-a55f99fed6e6,01acefc3-f3b3-4fb7-9ae4-3ed4a78bd0b8,2026-08-12T17:25:06.524854+00:00,controlled_windows_x86_64_two_cpu,NATIVE_SOFTWARE,x86_64,"AMD64 Family 23 Model 96 Stepping 1, AuthenticAMD",12,7598,Windows-11-10.0.26200-SP0,N/A (prebuilt Python extension wheel),N/A,N/A (prebuilt wheel),pqcrypto,0.4.0,ML-KEM-1024,encapsulation,67,211300,30830592,True,
99947311-0ca6-4c66-85fc-a55f99fed6e6,01acefc3-f3b3-4fb7-9ae4-3ed4a78bd0b8,2026-08-12T17:25:06.525167+00:00,controlled_windows_x86_64_two_cpu,NATIVE_SOFTWARE,x86_64,"AMD64 Family 23 Model 96 Stepping 1, AuthenticAMD",12,7598,Windows-11-10.0.26200-SP0,N/A (prebuilt Python extension wheel),N/A,N/A (prebuilt wheel),pqcrypto,0.4.0,ML-KEM-1024,decapsulation,67,100400,30830592,True,
99947311-0ca6-4c66-85fc-a55f99fed6e6,01acefc3-f3b3-4fb7-9ae4-3ed4a78bd0b8,2026-08-12T17:25:06.525353+00:00,controlled_windows_x86_64_two_cpu,NATIVE_SOFTWARE,x86_64,"AMD64 Family 23 Model 96 Stepping 1, AuthenticAMD",12,7598,Windows-11-10.0.26200-SP0,N/A (prebuilt Python extension wheel),N/A,N/A (prebuilt wheel),pqcrypto,0.4.0,ML-KEM-1024,keygen,68,243500,30830592,True,
99947311-0ca6-4c66-85fc-a55f99fed6e6,01acefc3-f3b3-4fb7-9ae4-3ed4a78bd0b8,2026-08-12T17:25:06.526008+00:00,controlled_windows_x86_64_two_cpu,NATIVE_SOFTWARE,x86_64,"AMD64 Family 23 Model 96 Stepping 1, AuthenticAMD",12,7598,Windows-11-10.0.26200-SP0,N/A (prebuilt Python extension wheel),N/A,N/A (prebuilt wheel),pqcrypto,0.4.0,ML-KEM-1024,encapsulation,68,238400,30830592,True,
99947311-0ca6-4c66-85fc-a55f99fed6e6,01acefc3-f3b3-4fb7-9ae4-3ed4a78bd0b8,2026-08-12T17:25:06.526375+00:00,controlled_windows_x86_64_two_cpu,NATIVE_SOFTWARE,x86_64,"AMD64 Family 23 Model 96 Stepping 1, AuthenticAMD",12,7598,Windows-11-10.0.26200-SP0,N/A (prebuilt Python extension wheel),N/A,N/A (prebuilt wheel),pqcrypto,0.4.0,ML-KEM-1024,decapsulation,68,123500,30830592,True,
99947311-0ca6-4c66-85fc-a55f99fed6e6,01acefc3-f3b3-4fb7-9ae4-3ed4a78bd0b8,2026-08-12T17:25:06.526605+00:00,controlled_windows_x86_64_two_cpu,NATIVE_SOFTWARE,x86_64,"AMD64 Family 23 Model 96 Stepping 1, AuthenticAMD",12,7598,Windows-11-10.0.26200-SP0,N/A (prebuilt Python extension wheel),N/A,N/A (prebuilt wheel),pqcrypto,0.4.0,ML-KEM-1024,keygen,69,259800,30830592,True,
99947311-0ca6-4c66-85fc-a55f99fed6e6,01acefc3-f3b3-4fb7-9ae4-3ed4a78bd0b8,2026-08-12T17:25:06.527170+00:00,controlled_windows_x86_64_two_cpu,NATIVE_SOFTWARE,x86_64,"AMD64 Family 23 Model 96 Stepping 1, AuthenticAMD",12,7598,Windows-11-10.0.26200-SP0,N/A (prebuilt Python extension wheel),N/A,N/A (prebuilt wheel),pqcrypto,0.4.0,ML-KEM-1024,encapsulation,69,206000,30830592,True,
99947311-0ca6-4c66-85fc-a55f99fed6e6,01acefc3-f3b3-4fb7-9ae4-3ed4a78bd0b8,2026-08-12T17:25:06.527472+00:00,controlled_windows_x86_64_two_cpu,NATIVE_SOFTWARE,x86_64,"AMD64 Family 23 Model 96 Stepping 1, AuthenticAMD",12,7598,Windows-11-10.0.26200-SP0,N/A (prebuilt Python extension wheel),N/A,N/A (prebuilt wheel),pqcrypto,0.4.0,ML-KEM-1024,decapsulation,69,98800,30830592,True,
99947311-0ca6-4c66-85fc-a55f99fed6e6,01acefc3-f3b3-4fb7-9ae4-3ed4a78bd0b8,2026-08-12T17:25:06.527650+00:00,controlled_windows_x86_64_two_cpu,NATIVE_SOFTWARE,x86_64,"AMD64 Family 23 Model 96 Stepping 1, AuthenticAMD",12,7598,Windows-11-10.0.26200-SP0,N/A (prebuilt Python extension wheel),N/A,N/A (prebuilt wheel),pqcrypto,0.4.0,ML-KEM-1024,keygen,70,218600,30830592,True,
99947311-0ca6-4c66-85fc-a55f99fed6e6,01acefc3-f3b3-4fb7-9ae4-3ed4a78bd0b8,2026-08-12T17:25:06.528166+00:00,controlled_windows_x86_64_two_cpu,NATIVE_SOFTWARE,x86_64,"AMD64 Family 23 Model 96 Stepping 1, AuthenticAMD",12,7598,Windows-11-10.0.26200-SP0,N/A (prebuilt Python extension wheel),N/A,N/A (prebuilt wheel),pqcrypto,0.4.0,ML-KEM-1024,encapsulation,70,222600,30830592,True,
99947311-0ca6-4c66-85fc-a55f99fed6e6,01acefc3-f3b3-4fb7-9ae4-3ed4a78bd0b8,2026-08-12T17:25:06.528501+00:00,controlled_windows_x86_64_two_cpu,NATIVE_SOFTWARE,x86_64,"AMD64 Family 23 Model 96 Stepping 1, AuthenticAMD",12,7598,Windows-11-10.0.26200-SP0,N/A (prebuilt Python extension wheel),N/A,N/A (prebuilt wheel),pqcrypto,0.4.0,ML-KEM-1024,decapsulation,70,100500,30830592,True,
99947311-0ca6-4c66-85fc-a55f99fed6e6,01acefc3-f3b3-4fb7-9ae4-3ed4a78bd0b8,2026-08-12T17:25:06.528689+00:00,controlled_windows_x86_64_two_cpu,NATIVE_SOFTWARE,x86_64,"AMD64 Family 23 Model 96 Stepping 1, AuthenticAMD",12,7598,Windows-11-10.0.26200-SP0,N/A (prebuilt Python extension wheel),N/A,N/A (prebuilt wheel),pqcrypto,0.4.0,ML-KEM-1024,keygen,71,269700,30830592,True,
99947311-0ca6-4c66-85fc-a55f99fed6e6,01acefc3-f3b3-4fb7-9ae4-3ed4a78bd0b8,2026-08-12T17:25:06.529300+00:00,controlled_windows_x86_64_two_cpu,NATIVE_SOFTWARE,x86_64,"AMD64 Family 23 Model 96 Stepping 1, AuthenticAMD",12,7598,Windows-11-10.0.26200-SP0,N/A (prebuilt Python extension wheel),N/A,N/A (prebuilt wheel),pqcrypto,0.4.0,ML-KEM-1024,encapsulation,71,204200,30830592,True,
99947311-0ca6-4c66-85fc-a55f99fed6e6,01acefc3-f3b3-4fb7-9ae4-3ed4a78bd0b8,2026-08-12T17:25:06.529609+00:00,controlled_windows_x86_64_two_cpu,NATIVE_SOFTWARE,x86_64,"AMD64 Family 23 Model 96 Stepping 1, AuthenticAMD",12,7598,Windows-11-10.0.26200-SP0,N/A (prebuilt Python extension wheel),N/A,N/A (prebuilt wheel),pqcrypto,0.4.0,ML-KEM-1024,decapsulation,71,101600,30830592,True,
99947311-0ca6-4c66-85fc-a55f99fed6e6,01acefc3-f3b3-4fb7-9ae4-3ed4a78bd0b8,2026-08-12T17:25:06.529819+00:00,controlled_windows_x86_64_two_cpu,NATIVE_SOFTWARE,x86_64,"AMD64 Family 23 Model 96 Stepping 1, AuthenticAMD",12,7598,Windows-11-10.0.26200-SP0,N/A (prebuilt Python extension wheel),N/A,N/A (prebuilt wheel),pqcrypto,0.4.0,ML-KEM-1024,keygen,72,210800,30830592,True,
99947311-0ca6-4c66-85fc-a55f99fed6e6,01acefc3-f3b3-4fb7-9ae4-3ed4a78bd0b8,2026-08-12T17:25:06.530390+00:00,controlled_windows_x86_64_two_cpu,NATIVE_SOFTWARE,x86_64,"AMD64 Family 23 Model 96 Stepping 1, AuthenticAMD",12,7598,Windows-11-10.0.26200-SP0,N/A (prebuilt Python extension wheel),N/A,N/A (prebuilt wheel),pqcrypto,0.4.0,ML-KEM-1024,encapsulation,72,321600,30830592,True,
99947311-0ca6-4c66-85fc-a55f99fed6e6,01acefc3-f3b3-4fb7-9ae4-3ed4a78bd0b8,2026-08-12T17:25:06.530993+00:00,controlled_windows_x86_64_two_cpu,NATIVE_SOFTWARE,x86_64,"AMD64 Family 23 Model 96 Stepping 1, AuthenticAMD",12,7598,Windows-11-10.0.26200-SP0,N/A (prebuilt Python extension wheel),N/A,N/A (prebuilt wheel),pqcrypto,0.4.0,ML-KEM-1024,decapsulation,72,118600,30830592,True,
99947311-0ca6-4c66-85fc-a55f99fed6e6,01acefc3-f3b3-4fb7-9ae4-3ed4a78bd0b8,2026-08-12T17:25:06.531228+00:00,controlled_windows_x86_64_two_cpu,NATIVE_SOFTWARE,x86_64,"AMD64 Family 23 Model 96 Stepping 1, AuthenticAMD",12,7598,Windows-11-10.0.26200-SP0,N/A (prebuilt Python extension wheel),N/A,N/A (prebuilt wheel),pqcrypto,0.4.0,ML-KEM-1024,keygen,73,290900,30830592,True,
99947311-0ca6-4c66-85fc-a55f99fed6e6,01acefc3-f3b3-4fb7-9ae4-3ed4a78bd0b8,2026-08-12T17:25:06.531878+00:00,controlled_windows_x86_64_two_cpu,NATIVE_SOFTWARE,x86_64,"AMD64 Family 23 Model 96 Stepping 1, AuthenticAMD",12,7598,Windows-11-10.0.26200-SP0,N/A (prebuilt Python extension wheel),N/A,N/A (prebuilt wheel),pqcrypto,0.4.0,ML-KEM-1024,encapsulation,73,233200,30830592,True,
99947311-0ca6-4c66-85fc-a55f99fed6e6,01acefc3-f3b3-4fb7-9ae4-3ed4a78bd0b8,2026-08-12T17:25:06.532259+00:00,controlled_windows_x86_64_two_cpu,NATIVE_SOFTWARE,x86_64,"AMD64 Family 23 Model 96 Stepping 1, AuthenticAMD",12,7598,Windows-11-10.0.26200-SP0,N/A (prebuilt Python extension wheel),N/A,N/A (prebuilt wheel),pqcrypto,0.4.0,ML-KEM-1024,decapsulation,73,103600,30830592,True,
99947311-0ca6-4c66-85fc-a55f99fed6e6,01acefc3-f3b3-4fb7-9ae4-3ed4a78bd0b8,2026-08-12T17:25:06.532458+00:00,controlled_windows_x86_64_two_cpu,NATIVE_SOFTWARE,x86_64,"AMD64 Family 23 Model 96 Stepping 1, AuthenticAMD",12,7598,Windows-11-10.0.26200-SP0,N/A (prebuilt Python extension wheel),N/A,N/A (prebuilt wheel),pqcrypto,0.4.0,ML-KEM-1024,keygen,74,284300,30830592,True,
99947311-0ca6-4c66-85fc-a55f99fed6e6,01acefc3-f3b3-4fb7-9ae4-3ed4a78bd0b8,2026-08-12T17:25:06.533237+00:00,controlled_windows_x86_64_two_cpu,NATIVE_SOFTWARE,x86_64,"AMD64 Family 23 Model 96 Stepping 1, AuthenticAMD",12,7598,Windows-11-10.0.26200-SP0,N/A (prebuilt Python extension wheel),N/A,N/A (prebuilt wheel),pqcrypto,0.4.0,ML-KEM-1024,encapsulation,74,210300,30830592,True,
99947311-0ca6-4c66-85fc-a55f99fed6e6,01acefc3-f3b3-4fb7-9ae4-3ed4a78bd0b8,2026-08-12T17:25:06.533587+00:00,controlled_windows_x86_64_two_cpu,NATIVE_SOFTWARE,x86_64,"AMD64 Family 23 Model 96 Stepping 1, AuthenticAMD",12,7598,Windows-11-10.0.26200-SP0,N/A (prebuilt Python extension wheel),N/A,N/A (prebuilt wheel),pqcrypto,0.4.0,ML-KEM-1024,decapsulation,74,101200,30830592,True,
99947311-0ca6-4c66-85fc-a55f99fed6e6,01acefc3-f3b3-4fb7-9ae4-3ed4a78bd0b8,2026-08-12T17:25:06.533778+00:00,controlled_windows_x86_64_two_cpu,NATIVE_SOFTWARE,x86_64,"AMD64 Family 23 Model 96 Stepping 1, AuthenticAMD",12,7598,Windows-11-10.0.26200-SP0,N/A (prebuilt Python extension wheel),N/A,N/A (prebuilt wheel),pqcrypto,0.4.0,ML-KEM-1024,keygen,75,247700,30830592,True,
99947311-0ca6-4c66-85fc-a55f99fed6e6,01acefc3-f3b3-4fb7-9ae4-3ed4a78bd0b8,2026-08-12T17:25:06.534332+00:00,controlled_windows_x86_64_two_cpu,NATIVE_SOFTWARE,x86_64,"AMD64 Family 23 Model 96 Stepping 1, AuthenticAMD",12,7598,Windows-11-10.0.26200-SP0,N/A (prebuilt Python extension wheel),N/A,N/A (prebuilt wheel),pqcrypto,0.4.0,ML-KEM-1024,encapsulation,75,211500,30830592,True,
99947311-0ca6-4c66-85fc-a55f99fed6e6,01acefc3-f3b3-4fb7-9ae4-3ed4a78bd0b8,2026-08-12T17:25:06.534683+00:00,controlled_windows_x86_64_two_cpu,NATIVE_SOFTWARE,x86_64,"AMD64 Family 23 Model 96 Stepping 1, AuthenticAMD",12,7598,Windows-11-10.0.26200-SP0,N/A (prebuilt Python extension wheel),N/A,N/A (prebuilt wheel),pqcrypto,0.4.0,ML-KEM-1024,decapsulation,75,125700,30834688,True,
99947311-0ca6-4c66-85fc-a55f99fed6e6,01acefc3-f3b3-4fb7-9ae4-3ed4a78bd0b8,2026-08-12T17:25:06.534919+00:00,controlled_windows_x86_64_two_cpu,NATIVE_SOFTWARE,x86_64,"AMD64 Family 23 Model 96 Stepping 1, AuthenticAMD",12,7598,Windows-11-10.0.26200-SP0,N/A (prebuilt Python extension wheel),N/A,N/A (prebuilt wheel),pqcrypto,0.4.0,ML-KEM-1024,keygen,76,251500,30834688,True,
99947311-0ca6-4c66-85fc-a55f99fed6e6,01acefc3-f3b3-4fb7-9ae4-3ed4a78bd0b8,2026-08-12T17:25:06.536115+00:00,controlled_windows_x86_64_two_cpu,NATIVE_SOFTWARE,x86_64,"AMD64 Family 23 Model 96 Stepping 1, AuthenticAMD",12,7598,Windows-11-10.0.26200-SP0,N/A (prebuilt Python extension wheel),N/A,N/A (prebuilt wheel),pqcrypto,0.4.0,ML-KEM-1024,encapsulation,76,219400,30834688,True,
99947311-0ca6-4c66-85fc-a55f99fed6e6,01acefc3-f3b3-4fb7-9ae4-3ed4a78bd0b8,2026-08-12T17:25:06.536440+00:00,controlled_windows_x86_64_two_cpu,NATIVE_SOFTWARE,x86_64,"AMD64 Family 23 Model 96 Stepping 1, AuthenticAMD",12,7598,Windows-11-10.0.26200-SP0,N/A (prebuilt Python extension wheel),N/A,N/A (prebuilt wheel),pqcrypto,0.4.0,ML-KEM-1024,decapsulation,76,100700,30834688,True,
99947311-0ca6-4c66-85fc-a55f99fed6e6,01acefc3-f3b3-4fb7-9ae4-3ed4a78bd0b8,2026-08-12T17:25:06.536621+00:00,controlled_windows_x86_64_two_cpu,NATIVE_SOFTWARE,x86_64,"AMD64 Family 23 Model 96 Stepping 1, AuthenticAMD",12,7598,Windows-11-10.0.26200-SP0,N/A (prebuilt Python extension wheel),N/A,N/A (prebuilt wheel),pqcrypto,0.4.0,ML-KEM-1024,keygen,77,267600,30834688,True,
99947311-0ca6-4c66-85fc-a55f99fed6e6,01acefc3-f3b3-4fb7-9ae4-3ed4a78bd0b8,2026-08-12T17:25:06.537225+00:00,controlled_windows_x86_64_two_cpu,NATIVE_SOFTWARE,x86_64,"AMD64 Family 23 Model 96 Stepping 1, AuthenticAMD",12,7598,Windows-11-10.0.26200-SP0,N/A (prebuilt Python extension wheel),N/A,N/A (prebuilt wheel),pqcrypto,0.4.0,ML-KEM-1024,encapsulation,77,228100,30834688,True,
99947311-0ca6-4c66-85fc-a55f99fed6e6,01acefc3-f3b3-4fb7-9ae4-3ed4a78bd0b8,2026-08-12T17:25:06.537582+00:00,controlled_windows_x86_64_two_cpu,NATIVE_SOFTWARE,x86_64,"AMD64 Family 23 Model 96 Stepping 1, AuthenticAMD",12,7598,Windows-11-10.0.26200-SP0,N/A (prebuilt Python extension wheel),N/A,N/A (prebuilt wheel),pqcrypto,0.4.0,ML-KEM-1024,decapsulation,77,101800,30834688,True,
99947311-0ca6-4c66-85fc-a55f99fed6e6,01acefc3-f3b3-4fb7-9ae4-3ed4a78bd0b8,2026-08-12T17:25:06.537776+00:00,controlled_windows_x86_64_two_cpu,NATIVE_SOFTWARE,x86_64,"AMD64 Family 23 Model 96 Stepping 1, AuthenticAMD",12,7598,Windows-11-10.0.26200-SP0,N/A (prebuilt Python extension wheel),N/A,N/A (prebuilt wheel),pqcrypto,0.4.0,ML-KEM-1024,keygen,78,263900,30834688,True,
99947311-0ca6-4c66-85fc-a55f99fed6e6,01acefc3-f3b3-4fb7-9ae4-3ed4a78bd0b8,2026-08-12T17:25:06.538354+00:00,controlled_windows_x86_64_two_cpu,NATIVE_SOFTWARE,x86_64,"AMD64 Family 23 Model 96 Stepping 1, AuthenticAMD",12,7598,Windows-11-10.0.26200-SP0,N/A (prebuilt Python extension wheel),N/A,N/A (prebuilt wheel),pqcrypto,0.4.0,ML-KEM-1024,encapsulation,78,234900,30834688,True,
99947311-0ca6-4c66-85fc-a55f99fed6e6,01acefc3-f3b3-4fb7-9ae4-3ed4a78bd0b8,2026-08-12T17:25:06.538740+00:00,controlled_windows_x86_64_two_cpu,NATIVE_SOFTWARE,x86_64,"AMD64 Family 23 Model 96 Stepping 1, AuthenticAMD",12,7598,Windows-11-10.0.26200-SP0,N/A (prebuilt Python extension wheel),N/A,N/A (prebuilt wheel),pqcrypto,0.4.0,ML-KEM-1024,decapsulation,78,125900,30834688,True,
99947311-0ca6-4c66-85fc-a55f99fed6e6,01acefc3-f3b3-4fb7-9ae4-3ed4a78bd0b8,2026-08-12T17:25:06.538965+00:00,controlled_windows_x86_64_two_cpu,NATIVE_SOFTWARE,x86_64,"AMD64 Family 23 Model 96 Stepping 1, AuthenticAMD",12,7598,Windows-11-10.0.26200-SP0,N/A (prebuilt Python extension wheel),N/A,N/A (prebuilt wheel),pqcrypto,0.4.0,ML-KEM-1024,keygen,79,256000,30834688,True,
99947311-0ca6-4c66-85fc-a55f99fed6e6,01acefc3-f3b3-4fb7-9ae4-3ed4a78bd0b8,2026-08-12T17:25:06.539705+00:00,controlled_windows_x86_64_two_cpu,NATIVE_SOFTWARE,x86_64,"AMD64 Family 23 Model 96 Stepping 1, AuthenticAMD",12,7598,Windows-11-10.0.26200-SP0,N/A (prebuilt Python extension wheel),N/A,N/A (prebuilt wheel),pqcrypto,0.4.0,ML-KEM-1024,encapsulation,79,341000,30834688,True,
99947311-0ca6-4c66-85fc-a55f99fed6e6,01acefc3-f3b3-4fb7-9ae4-3ed4a78bd0b8,2026-08-12T17:25:06.540219+00:00,controlled_windows_x86_64_two_cpu,NATIVE_SOFTWARE,x86_64,"AMD64 Family 23 Model 96 Stepping 1, AuthenticAMD",12,7598,Windows-11-10.0.26200-SP0,N/A (prebuilt Python extension wheel),N/A,N/A (prebuilt wheel),pqcrypto,0.4.0,ML-KEM-1024,decapsulation,79,103000,30834688,True,
99947311-0ca6-4c66-85fc-a55f99fed6e6,01acefc3-f3b3-4fb7-9ae4-3ed4a78bd0b8,2026-08-12T17:25:06.540408+00:00,controlled_windows_x86_64_two_cpu,NATIVE_SOFTWARE,x86_64,"AMD64 Family 23 Model 96 Stepping 1, AuthenticAMD",12,7598,Windows-11-10.0.26200-SP0,N/A (prebuilt Python extension wheel),N/A,N/A (prebuilt wheel),pqcrypto,0.4.0,ML-KEM-1024,keygen,80,276600,30834688,True,
99947311-0ca6-4c66-85fc-a55f99fed6e6,01acefc3-f3b3-4fb7-9ae4-3ed4a78bd0b8,2026-08-12T17:25:06.541045+00:00,controlled_windows_x86_64_two_cpu,NATIVE_SOFTWARE,x86_64,"AMD64 Family 23 Model 96 Stepping 1, AuthenticAMD",12,7598,Windows-11-10.0.26200-SP0,N/A (prebuilt Python extension wheel),N/A,N/A (prebuilt wheel),pqcrypto,0.4.0,ML-KEM-1024,encapsulation,80,219200,30834688,True,
99947311-0ca6-4c66-85fc-a55f99fed6e6,01acefc3-f3b3-4fb7-9ae4-3ed4a78bd0b8,2026-08-12T17:25:06.541361+00:00,controlled_windows_x86_64_two_cpu,NATIVE_SOFTWARE,x86_64,"AMD64 Family 23 Model 96 Stepping 1, AuthenticAMD",12,7598,Windows-11-10.0.26200-SP0,N/A (prebuilt Python extension wheel),N/A,N/A (prebuilt wheel),pqcrypto,0.4.0,ML-KEM-1024,decapsulation,80,99100,30834688,True,
99947311-0ca6-4c66-85fc-a55f99fed6e6,01acefc3-f3b3-4fb7-9ae4-3ed4a78bd0b8,2026-08-12T17:25:06.541541+00:00,controlled_windows_x86_64_two_cpu,NATIVE_SOFTWARE,x86_64,"AMD64 Family 23 Model 96 Stepping 1, AuthenticAMD",12,7598,Windows-11-10.0.26200-SP0,N/A (prebuilt Python extension wheel),N/A,N/A (prebuilt wheel),pqcrypto,0.4.0,ML-KEM-1024,keygen,81,275300,30834688,True,
99947311-0ca6-4c66-85fc-a55f99fed6e6,01acefc3-f3b3-4fb7-9ae4-3ed4a78bd0b8,2026-08-12T17:25:06.542272+00:00,controlled_windows_x86_64_two_cpu,NATIVE_SOFTWARE,x86_64,"AMD64 Family 23 Model 96 Stepping 1, AuthenticAMD",12,7598,Windows-11-10.0.26200-SP0,N/A (prebuilt Python extension wheel),N/A,N/A (prebuilt wheel),pqcrypto,0.4.0,ML-KEM-1024,encapsulation,81,233600,30834688,True,
99947311-0ca6-4c66-85fc-a55f99fed6e6,01acefc3-f3b3-4fb7-9ae4-3ed4a78bd0b8,2026-08-12T17:25:06.542626+00:00,controlled_windows_x86_64_two_cpu,NATIVE_SOFTWARE,x86_64,"AMD64 Family 23 Model 96 Stepping 1, AuthenticAMD",12,7598,Windows-11-10.0.26200-SP0,N/A (prebuilt Python extension wheel),N/A,N/A (prebuilt wheel),pqcrypto,0.4.0,ML-KEM-1024,decapsulation,81,101400,30834688,True,
99947311-0ca6-4c66-85fc-a55f99fed6e6,01acefc3-f3b3-4fb7-9ae4-3ed4a78bd0b8,2026-08-12T17:25:06.542838+00:00,controlled_windows_x86_64_two_cpu,NATIVE_SOFTWARE,x86_64,"AMD64 Family 23 Model 96 Stepping 1, AuthenticAMD",12,7598,Windows-11-10.0.26200-SP0,N/A (prebuilt Python extension wheel),N/A,N/A (prebuilt wheel),pqcrypto,0.4.0,ML-KEM-1024,keygen,82,242100,30834688,True,
99947311-0ca6-4c66-85fc-a55f99fed6e6,01acefc3-f3b3-4fb7-9ae4-3ed4a78bd0b8,2026-08-12T17:25:06.543387+00:00,controlled_windows_x86_64_two_cpu,NATIVE_SOFTWARE,x86_64,"AMD64 Family 23 Model 96 Stepping 1, AuthenticAMD",12,7598,Windows-11-10.0.26200-SP0,N/A (prebuilt Python extension wheel),N/A,N/A (prebuilt wheel),pqcrypto,0.4.0,ML-KEM-1024,encapsulation,82,201400,30834688,True,
99947311-0ca6-4c66-85fc-a55f99fed6e6,01acefc3-f3b3-4fb7-9ae4-3ed4a78bd0b8,2026-08-12T17:25:06.543693+00:00,controlled_windows_x86_64_two_cpu,NATIVE_SOFTWARE,x86_64,"AMD64 Family 23 Model 96 Stepping 1, AuthenticAMD",12,7598,Windows-11-10.0.26200-SP0,N/A (prebuilt Python extension wheel),N/A,N/A (prebuilt wheel),pqcrypto,0.4.0,ML-KEM-1024,decapsulation,82,123900,30834688,True,
99947311-0ca6-4c66-85fc-a55f99fed6e6,01acefc3-f3b3-4fb7-9ae4-3ed4a78bd0b8,2026-08-12T17:25:06.543903+00:00,controlled_windows_x86_64_two_cpu,NATIVE_SOFTWARE,x86_64,"AMD64 Family 23 Model 96 Stepping 1, AuthenticAMD",12,7598,Windows-11-10.0.26200-SP0,N/A (prebuilt Python extension wheel),N/A,N/A (prebuilt wheel),pqcrypto,0.4.0,ML-KEM-1024,keygen,83,288400,30834688,True,
99947311-0ca6-4c66-85fc-a55f99fed6e6,01acefc3-f3b3-4fb7-9ae4-3ed4a78bd0b8,2026-08-12T17:25:06.544605+00:00,controlled_windows_x86_64_two_cpu,NATIVE_SOFTWARE,x86_64,"AMD64 Family 23 Model 96 Stepping 1, AuthenticAMD",12,7598,Windows-11-10.0.26200-SP0,N/A (prebuilt Python extension wheel),N/A,N/A (prebuilt wheel),pqcrypto,0.4.0,ML-KEM-1024,encapsulation,83,254900,30834688,True,
99947311-0ca6-4c66-85fc-a55f99fed6e6,01acefc3-f3b3-4fb7-9ae4-3ed4a78bd0b8,2026-08-12T17:25:06.544990+00:00,controlled_windows_x86_64_two_cpu,NATIVE_SOFTWARE,x86_64,"AMD64 Family 23 Model 96 Stepping 1, AuthenticAMD",12,7598,Windows-11-10.0.26200-SP0,N/A (prebuilt Python extension wheel),N/A,N/A (prebuilt wheel),pqcrypto,0.4.0,ML-KEM-1024,decapsulation,83,100800,30834688,True,
99947311-0ca6-4c66-85fc-a55f99fed6e6,01acefc3-f3b3-4fb7-9ae4-3ed4a78bd0b8,2026-08-12T17:25:06.545178+00:00,controlled_windows_x86_64_two_cpu,NATIVE_SOFTWARE,x86_64,"AMD64 Family 23 Model 96 Stepping 1, AuthenticAMD",12,7598,Windows-11-10.0.26200-SP0,N/A (prebuilt Python extension wheel),N/A,N/A (prebuilt wheel),pqcrypto,0.4.0,ML-KEM-1024,keygen,84,205700,30834688,True,
99947311-0ca6-4c66-85fc-a55f99fed6e6,01acefc3-f3b3-4fb7-9ae4-3ed4a78bd0b8,2026-08-12T17:25:06.545686+00:00,controlled_windows_x86_64_two_cpu,NATIVE_SOFTWARE,x86_64,"AMD64 Family 23 Model 96 Stepping 1, AuthenticAMD",12,7598,Windows-11-10.0.26200-SP0,N/A (prebuilt Python extension wheel),N/A,N/A (prebuilt wheel),pqcrypto,0.4.0,ML-KEM-1024,encapsulation,84,263000,30834688,True,
99947311-0ca6-4c66-85fc-a55f99fed6e6,01acefc3-f3b3-4fb7-9ae4-3ed4a78bd0b8,2026-08-12T17:25:06.546094+00:00,controlled_windows_x86_64_two_cpu,NATIVE_SOFTWARE,x86_64,"AMD64 Family 23 Model 96 Stepping 1, AuthenticAMD",12,7598,Windows-11-10.0.26200-SP0,N/A (prebuilt Python extension wheel),N/A,N/A (prebuilt wheel),pqcrypto,0.4.0,ML-KEM-1024,decapsulation,84,104500,30834688,True,
99947311-0ca6-4c66-85fc-a55f99fed6e6,01acefc3-f3b3-4fb7-9ae4-3ed4a78bd0b8,2026-08-12T17:25:06.546292+00:00,controlled_windows_x86_64_two_cpu,NATIVE_SOFTWARE,x86_64,"AMD64 Family 23 Model 96 Stepping 1, AuthenticAMD",12,7598,Windows-11-10.0.26200-SP0,N/A (prebuilt Python extension wheel),N/A,N/A (prebuilt wheel),pqcrypto,0.4.0,ML-KEM-1024,keygen,85,291100,30834688,True,
99947311-0ca6-4c66-85fc-a55f99fed6e6,01acefc3-f3b3-4fb7-9ae4-3ed4a78bd0b8,2026-08-12T17:25:06.546980+00:00,controlled_windows_x86_64_two_cpu,NATIVE_SOFTWARE,x86_64,"AMD64 Family 23 Model 96 Stepping 1, AuthenticAMD",12,7598,Windows-11-10.0.26200-SP0,N/A (prebuilt Python extension wheel),N/A,N/A (prebuilt wheel),pqcrypto,0.4.0,ML-KEM-1024,encapsulation,85,206500,30834688,True,
99947311-0ca6-4c66-85fc-a55f99fed6e6,01acefc3-f3b3-4fb7-9ae4-3ed4a78bd0b8,2026-08-12T17:25:06.547291+00:00,controlled_windows_x86_64_two_cpu,NATIVE_SOFTWARE,x86_64,"AMD64 Family 23 Model 96 Stepping 1, AuthenticAMD",12,7598,Windows-11-10.0.26200-SP0,N/A (prebuilt Python extension wheel),N/A,N/A (prebuilt wheel),pqcrypto,0.4.0,ML-KEM-1024,decapsulation,85,99800,30834688,True,
99947311-0ca6-4c66-85fc-a55f99fed6e6,01acefc3-f3b3-4fb7-9ae4-3ed4a78bd0b8,2026-08-12T17:25:06.547473+00:00,controlled_windows_x86_64_two_cpu,NATIVE_SOFTWARE,x86_64,"AMD64 Family 23 Model 96 Stepping 1, AuthenticAMD",12,7598,Windows-11-10.0.26200-SP0,N/A (prebuilt Python extension wheel),N/A,N/A (prebuilt wheel),pqcrypto,0.4.0,ML-KEM-1024,keygen,86,213200,30834688,True,
99947311-0ca6-4c66-85fc-a55f99fed6e6,01acefc3-f3b3-4fb7-9ae4-3ed4a78bd0b8,2026-08-12T17:25:06.548026+00:00,controlled_windows_x86_64_two_cpu,NATIVE_SOFTWARE,x86_64,"AMD64 Family 23 Model 96 Stepping 1, AuthenticAMD",12,7598,Windows-11-10.0.26200-SP0,N/A (prebuilt Python extension wheel),N/A,N/A (prebuilt wheel),pqcrypto,0.4.0,ML-KEM-1024,encapsulation,86,206200,30838784,True,
99947311-0ca6-4c66-85fc-a55f99fed6e6,01acefc3-f3b3-4fb7-9ae4-3ed4a78bd0b8,2026-08-12T17:25:06.548338+00:00,controlled_windows_x86_64_two_cpu,NATIVE_SOFTWARE,x86_64,"AMD64 Family 23 Model 96 Stepping 1, AuthenticAMD",12,7598,Windows-11-10.0.26200-SP0,N/A (prebuilt Python extension wheel),N/A,N/A (prebuilt wheel),pqcrypto,0.4.0,ML-KEM-1024,decapsulation,86,99300,30838784,True,
99947311-0ca6-4c66-85fc-a55f99fed6e6,01acefc3-f3b3-4fb7-9ae4-3ed4a78bd0b8,2026-08-12T17:25:06.548516+00:00,controlled_windows_x86_64_two_cpu,NATIVE_SOFTWARE,x86_64,"AMD64 Family 23 Model 96 Stepping 1, AuthenticAMD",12,7598,Windows-11-10.0.26200-SP0,N/A (prebuilt Python extension wheel),N/A,N/A (prebuilt wheel),pqcrypto,0.4.0,ML-KEM-1024,keygen,87,258600,30838784,True,
99947311-0ca6-4c66-85fc-a55f99fed6e6,01acefc3-f3b3-4fb7-9ae4-3ed4a78bd0b8,2026-08-12T17:25:06.549198+00:00,controlled_windows_x86_64_two_cpu,NATIVE_SOFTWARE,x86_64,"AMD64 Family 23 Model 96 Stepping 1, AuthenticAMD",12,7598,Windows-11-10.0.26200-SP0,N/A (prebuilt Python extension wheel),N/A,N/A (prebuilt wheel),pqcrypto,0.4.0,ML-KEM-1024,encapsulation,87,236800,30838784,True,
99947311-0ca6-4c66-85fc-a55f99fed6e6,01acefc3-f3b3-4fb7-9ae4-3ed4a78bd0b8,2026-08-12T17:25:06.549580+00:00,controlled_windows_x86_64_two_cpu,NATIVE_SOFTWARE,x86_64,"AMD64 Family 23 Model 96 Stepping 1, AuthenticAMD",12,7598,Windows-11-10.0.26200-SP0,N/A (prebuilt Python extension wheel),N/A,N/A (prebuilt wheel),pqcrypto,0.4.0,ML-KEM-1024,decapsulation,87,102400,30838784,True,
99947311-0ca6-4c66-85fc-a55f99fed6e6,01acefc3-f3b3-4fb7-9ae4-3ed4a78bd0b8,2026-08-12T17:25:06.549779+00:00,controlled_windows_x86_64_two_cpu,NATIVE_SOFTWARE,x86_64,"AMD64 Family 23 Model 96 Stepping 1, AuthenticAMD",12,7598,Windows-11-10.0.26200-SP0,N/A (prebuilt Python extension wheel),N/A,N/A (prebuilt wheel),pqcrypto,0.4.0,ML-KEM-1024,keygen,88,247000,30842880,True,
99947311-0ca6-4c66-85fc-a55f99fed6e6,01acefc3-f3b3-4fb7-9ae4-3ed4a78bd0b8,2026-08-12T17:25:06.550392+00:00,controlled_windows_x86_64_two_cpu,NATIVE_SOFTWARE,x86_64,"AMD64 Family 23 Model 96 Stepping 1, AuthenticAMD",12,7598,Windows-11-10.0.26200-SP0,N/A (prebuilt Python extension wheel),N/A,N/A (prebuilt wheel),pqcrypto,0.4.0,ML-KEM-1024,encapsulation,88,211100,30842880,True,
99947311-0ca6-4c66-85fc-a55f99fed6e6,01acefc3-f3b3-4fb7-9ae4-3ed4a78bd0b8,2026-08-12T17:25:06.550721+00:00,controlled_windows_x86_64_two_cpu,NATIVE_SOFTWARE,x86_64,"AMD64 Family 23 Model 96 Stepping 1, AuthenticAMD",12,7598,Windows-11-10.0.26200-SP0,N/A (prebuilt Python extension wheel),N/A,N/A (prebuilt wheel),pqcrypto,0.4.0,ML-KEM-1024,decapsulation,88,123500,30842880,True,
99947311-0ca6-4c66-85fc-a55f99fed6e6,01acefc3-f3b3-4fb7-9ae4-3ed4a78bd0b8,2026-08-12T17:25:06.550930+00:00,controlled_windows_x86_64_two_cpu,NATIVE_SOFTWARE,x86_64,"AMD64 Family 23 Model 96 Stepping 1, AuthenticAMD",12,7598,Windows-11-10.0.26200-SP0,N/A (prebuilt Python extension wheel),N/A,N/A (prebuilt wheel),pqcrypto,0.4.0,ML-KEM-1024,keygen,89,266500,30842880,True,
99947311-0ca6-4c66-85fc-a55f99fed6e6,01acefc3-f3b3-4fb7-9ae4-3ed4a78bd0b8,2026-08-12T17:25:06.552153+00:00,controlled_windows_x86_64_two_cpu,NATIVE_SOFTWARE,x86_64,"AMD64 Family 23 Model 96 Stepping 1, AuthenticAMD",12,7598,Windows-11-10.0.26200-SP0,N/A (prebuilt Python extension wheel),N/A,N/A (prebuilt wheel),pqcrypto,0.4.0,ML-KEM-1024,encapsulation,89,218200,30842880,True,
99947311-0ca6-4c66-85fc-a55f99fed6e6,01acefc3-f3b3-4fb7-9ae4-3ed4a78bd0b8,2026-08-12T17:25:06.552499+00:00,controlled_windows_x86_64_two_cpu,NATIVE_SOFTWARE,x86_64,"AMD64 Family 23 Model 96 Stepping 1, AuthenticAMD",12,7598,Windows-11-10.0.26200-SP0,N/A (prebuilt Python extension wheel),N/A,N/A (prebuilt wheel),pqcrypto,0.4.0,ML-KEM-1024,decapsulation,89,102300,30842880,True,
99947311-0ca6-4c66-85fc-a55f99fed6e6,01acefc3-f3b3-4fb7-9ae4-3ed4a78bd0b8,2026-08-12T17:25:06.552690+00:00,controlled_windows_x86_64_two_cpu,NATIVE_SOFTWARE,x86_64,"AMD64 Family 23 Model 96 Stepping 1, AuthenticAMD",12,7598,Windows-11-10.0.26200-SP0,N/A (prebuilt Python extension wheel),N/A,N/A (prebuilt wheel),pqcrypto,0.4.0,ML-KEM-1024,keygen,90,283100,30842880,True,
99947311-0ca6-4c66-85fc-a55f99fed6e6,01acefc3-f3b3-4fb7-9ae4-3ed4a78bd0b8,2026-08-12T17:25:06.553333+00:00,controlled_windows_x86_64_two_cpu,NATIVE_SOFTWARE,x86_64,"AMD64 Family 23 Model 96 Stepping 1, AuthenticAMD",12,7598,Windows-11-10.0.26200-SP0,N/A (prebuilt Python extension wheel),N/A,N/A (prebuilt wheel),pqcrypto,0.4.0,ML-KEM-1024,encapsulation,90,245800,30842880,True,
99947311-0ca6-4c66-85fc-a55f99fed6e6,01acefc3-f3b3-4fb7-9ae4-3ed4a78bd0b8,2026-08-12T17:25:06.553735+00:00,controlled_windows_x86_64_two_cpu,NATIVE_SOFTWARE,x86_64,"AMD64 Family 23 Model 96 Stepping 1, AuthenticAMD",12,7598,Windows-11-10.0.26200-SP0,N/A (prebuilt Python extension wheel),N/A,N/A (prebuilt wheel),pqcrypto,0.4.0,ML-KEM-1024,decapsulation,90,132800,30842880,True,
99947311-0ca6-4c66-85fc-a55f99fed6e6,01acefc3-f3b3-4fb7-9ae4-3ed4a78bd0b8,2026-08-12T17:25:06.553957+00:00,controlled_windows_x86_64_two_cpu,NATIVE_SOFTWARE,x86_64,"AMD64 Family 23 Model 96 Stepping 1, AuthenticAMD",12,7598,Windows-11-10.0.26200-SP0,N/A (prebuilt Python extension wheel),N/A,N/A (prebuilt wheel),pqcrypto,0.4.0,ML-KEM-1024,keygen,91,223600,30842880,True,
99947311-0ca6-4c66-85fc-a55f99fed6e6,01acefc3-f3b3-4fb7-9ae4-3ed4a78bd0b8,2026-08-12T17:25:06.554475+00:00,controlled_windows_x86_64_two_cpu,NATIVE_SOFTWARE,x86_64,"AMD64 Family 23 Model 96 Stepping 1, AuthenticAMD",12,7598,Windows-11-10.0.26200-SP0,N/A (prebuilt Python extension wheel),N/A,N/A (prebuilt wheel),pqcrypto,0.4.0,ML-KEM-1024,encapsulation,91,201200,30842880,True,
99947311-0ca6-4c66-85fc-a55f99fed6e6,01acefc3-f3b3-4fb7-9ae4-3ed4a78bd0b8,2026-08-12T17:25:06.554773+00:00,controlled_windows_x86_64_two_cpu,NATIVE_SOFTWARE,x86_64,"AMD64 Family 23 Model 96 Stepping 1, AuthenticAMD",12,7598,Windows-11-10.0.26200-SP0,N/A (prebuilt Python extension wheel),N/A,N/A (prebuilt wheel),pqcrypto,0.4.0,ML-KEM-1024,decapsulation,91,117100,30842880,True,
99947311-0ca6-4c66-85fc-a55f99fed6e6,01acefc3-f3b3-4fb7-9ae4-3ed4a78bd0b8,2026-08-12T17:25:06.554974+00:00,controlled_windows_x86_64_two_cpu,NATIVE_SOFTWARE,x86_64,"AMD64 Family 23 Model 96 Stepping 1, AuthenticAMD",12,7598,Windows-11-10.0.26200-SP0,N/A (prebuilt Python extension wheel),N/A,N/A (prebuilt wheel),pqcrypto,0.4.0,ML-KEM-1024,keygen,92,204700,30842880,True,
99947311-0ca6-4c66-85fc-a55f99fed6e6,01acefc3-f3b3-4fb7-9ae4-3ed4a78bd0b8,2026-08-12T17:25:06.555467+00:00,controlled_windows_x86_64_two_cpu,NATIVE_SOFTWARE,x86_64,"AMD64 Family 23 Model 96 Stepping 1, AuthenticAMD",12,7598,Windows-11-10.0.26200-SP0,N/A (prebuilt Python extension wheel),N/A,N/A (prebuilt wheel),pqcrypto,0.4.0,ML-KEM-1024,encapsulation,92,202300,30842880,True,
99947311-0ca6-4c66-85fc-a55f99fed6e6,01acefc3-f3b3-4fb7-9ae4-3ed4a78bd0b8,2026-08-12T17:25:06.555764+00:00,controlled_windows_x86_64_two_cpu,NATIVE_SOFTWARE,x86_64,"AMD64 Family 23 Model 96 Stepping 1, AuthenticAMD",12,7598,Windows-11-10.0.26200-SP0,N/A (prebuilt Python extension wheel),N/A,N/A (prebuilt wheel),pqcrypto,0.4.0,ML-KEM-1024,decapsulation,92,117000,30842880,True,
99947311-0ca6-4c66-85fc-a55f99fed6e6,01acefc3-f3b3-4fb7-9ae4-3ed4a78bd0b8,2026-08-12T17:25:06.555964+00:00,controlled_windows_x86_64_two_cpu,NATIVE_SOFTWARE,x86_64,"AMD64 Family 23 Model 96 Stepping 1, AuthenticAMD",12,7598,Windows-11-10.0.26200-SP0,N/A (prebuilt Python extension wheel),N/A,N/A (prebuilt wheel),pqcrypto,0.4.0,ML-KEM-1024,keygen,93,225200,30842880,True,
99947311-0ca6-4c66-85fc-a55f99fed6e6,01acefc3-f3b3-4fb7-9ae4-3ed4a78bd0b8,2026-08-12T17:25:06.556489+00:00,controlled_windows_x86_64_two_cpu,NATIVE_SOFTWARE,x86_64,"AMD64 Family 23 Model 96 Stepping 1, AuthenticAMD",12,7598,Windows-11-10.0.26200-SP0,N/A (prebuilt Python extension wheel),N/A,N/A (prebuilt wheel),pqcrypto,0.4.0,ML-KEM-1024,encapsulation,93,204400,30842880,True,
99947311-0ca6-4c66-85fc-a55f99fed6e6,01acefc3-f3b3-4fb7-9ae4-3ed4a78bd0b8,2026-08-12T17:25:06.556834+00:00,controlled_windows_x86_64_two_cpu,NATIVE_SOFTWARE,x86_64,"AMD64 Family 23 Model 96 Stepping 1, AuthenticAMD",12,7598,Windows-11-10.0.26200-SP0,N/A (prebuilt Python extension wheel),N/A,N/A (prebuilt wheel),pqcrypto,0.4.0,ML-KEM-1024,decapsulation,93,101900,30842880,True,
99947311-0ca6-4c66-85fc-a55f99fed6e6,01acefc3-f3b3-4fb7-9ae4-3ed4a78bd0b8,2026-08-12T17:25:06.557025+00:00,controlled_windows_x86_64_two_cpu,NATIVE_SOFTWARE,x86_64,"AMD64 Family 23 Model 96 Stepping 1, AuthenticAMD",12,7598,Windows-11-10.0.26200-SP0,N/A (prebuilt Python extension wheel),N/A,N/A (prebuilt wheel),pqcrypto,0.4.0,ML-KEM-1024,keygen,94,225100,30842880,True,
99947311-0ca6-4c66-85fc-a55f99fed6e6,01acefc3-f3b3-4fb7-9ae4-3ed4a78bd0b8,2026-08-12T17:25:06.557589+00:00,controlled_windows_x86_64_two_cpu,NATIVE_SOFTWARE,x86_64,"AMD64 Family 23 Model 96 Stepping 1, AuthenticAMD",12,7598,Windows-11-10.0.26200-SP0,N/A (prebuilt Python extension wheel),N/A,N/A (prebuilt wheel),pqcrypto,0.4.0,ML-KEM-1024,encapsulation,94,239900,30842880,True,
99947311-0ca6-4c66-85fc-a55f99fed6e6,01acefc3-f3b3-4fb7-9ae4-3ed4a78bd0b8,2026-08-12T17:25:06.557960+00:00,controlled_windows_x86_64_two_cpu,NATIVE_SOFTWARE,x86_64,"AMD64 Family 23 Model 96 Stepping 1, AuthenticAMD",12,7598,Windows-11-10.0.26200-SP0,N/A (prebuilt Python extension wheel),N/A,N/A (prebuilt wheel),pqcrypto,0.4.0,ML-KEM-1024,decapsulation,94,136200,30842880,True,
99947311-0ca6-4c66-85fc-a55f99fed6e6,01acefc3-f3b3-4fb7-9ae4-3ed4a78bd0b8,2026-08-12T17:25:06.558247+00:00,controlled_windows_x86_64_two_cpu,NATIVE_SOFTWARE,x86_64,"AMD64 Family 23 Model 96 Stepping 1, AuthenticAMD",12,7598,Windows-11-10.0.26200-SP0,N/A (prebuilt Python extension wheel),N/A,N/A (prebuilt wheel),pqcrypto,0.4.0,ML-KEM-1024,keygen,95,358100,30842880,True,
99947311-0ca6-4c66-85fc-a55f99fed6e6,01acefc3-f3b3-4fb7-9ae4-3ed4a78bd0b8,2026-08-12T17:25:06.559167+00:00,controlled_windows_x86_64_two_cpu,NATIVE_SOFTWARE,x86_64,"AMD64 Family 23 Model 96 Stepping 1, AuthenticAMD",12,7598,Windows-11-10.0.26200-SP0,N/A (prebuilt Python extension wheel),N/A,N/A (prebuilt wheel),pqcrypto,0.4.0,ML-KEM-1024,encapsulation,95,260100,30842880,True,
99947311-0ca6-4c66-85fc-a55f99fed6e6,01acefc3-f3b3-4fb7-9ae4-3ed4a78bd0b8,2026-08-12T17:25:06.559618+00:00,controlled_windows_x86_64_two_cpu,NATIVE_SOFTWARE,x86_64,"AMD64 Family 23 Model 96 Stepping 1, AuthenticAMD",12,7598,Windows-11-10.0.26200-SP0,N/A (prebuilt Python extension wheel),N/A,N/A (prebuilt wheel),pqcrypto,0.4.0,ML-KEM-1024,decapsulation,95,102500,30842880,True,
99947311-0ca6-4c66-85fc-a55f99fed6e6,01acefc3-f3b3-4fb7-9ae4-3ed4a78bd0b8,2026-08-12T17:25:06.559850+00:00,controlled_windows_x86_64_two_cpu,NATIVE_SOFTWARE,x86_64,"AMD64 Family 23 Model 96 Stepping 1, AuthenticAMD",12,7598,Windows-11-10.0.26200-SP0,N/A (prebuilt Python extension wheel),N/A,N/A (prebuilt wheel),pqcrypto,0.4.0,ML-KEM-1024,keygen,96,257600,30842880,True,
99947311-0ca6-4c66-85fc-a55f99fed6e6,01acefc3-f3b3-4fb7-9ae4-3ed4a78bd0b8,2026-08-12T17:25:06.560464+00:00,controlled_windows_x86_64_two_cpu,NATIVE_SOFTWARE,x86_64,"AMD64 Family 23 Model 96 Stepping 1, AuthenticAMD",12,7598,Windows-11-10.0.26200-SP0,N/A (prebuilt Python extension wheel),N/A,N/A (prebuilt wheel),pqcrypto,0.4.0,ML-KEM-1024,encapsulation,96,227300,30842880,True,
99947311-0ca6-4c66-85fc-a55f99fed6e6,01acefc3-f3b3-4fb7-9ae4-3ed4a78bd0b8,2026-08-12T17:25:06.560883+00:00,controlled_windows_x86_64_two_cpu,NATIVE_SOFTWARE,x86_64,"AMD64 Family 23 Model 96 Stepping 1, AuthenticAMD",12,7598,Windows-11-10.0.26200-SP0,N/A (prebuilt Python extension wheel),N/A,N/A (prebuilt wheel),pqcrypto,0.4.0,ML-KEM-1024,decapsulation,96,111500,30842880,True,
99947311-0ca6-4c66-85fc-a55f99fed6e6,01acefc3-f3b3-4fb7-9ae4-3ed4a78bd0b8,2026-08-12T17:25:06.561109+00:00,controlled_windows_x86_64_two_cpu,NATIVE_SOFTWARE,x86_64,"AMD64 Family 23 Model 96 Stepping 1, AuthenticAMD",12,7598,Windows-11-10.0.26200-SP0,N/A (prebuilt Python extension wheel),N/A,N/A (prebuilt wheel),pqcrypto,0.4.0,ML-KEM-1024,keygen,97,301400,30842880,True,
99947311-0ca6-4c66-85fc-a55f99fed6e6,01acefc3-f3b3-4fb7-9ae4-3ed4a78bd0b8,2026-08-12T17:25:06.561759+00:00,controlled_windows_x86_64_two_cpu,NATIVE_SOFTWARE,x86_64,"AMD64 Family 23 Model 96 Stepping 1, AuthenticAMD",12,7598,Windows-11-10.0.26200-SP0,N/A (prebuilt Python extension wheel),N/A,N/A (prebuilt wheel),pqcrypto,0.4.0,ML-KEM-1024,encapsulation,97,254600,30842880,True,
99947311-0ca6-4c66-85fc-a55f99fed6e6,01acefc3-f3b3-4fb7-9ae4-3ed4a78bd0b8,2026-08-12T17:25:06.562142+00:00,controlled_windows_x86_64_two_cpu,NATIVE_SOFTWARE,x86_64,"AMD64 Family 23 Model 96 Stepping 1, AuthenticAMD",12,7598,Windows-11-10.0.26200-SP0,N/A (prebuilt Python extension wheel),N/A,N/A (prebuilt wheel),pqcrypto,0.4.0,ML-KEM-1024,decapsulation,97,101400,30842880,True,
99947311-0ca6-4c66-85fc-a55f99fed6e6,01acefc3-f3b3-4fb7-9ae4-3ed4a78bd0b8,2026-08-12T17:25:06.562328+00:00,controlled_windows_x86_64_two_cpu,NATIVE_SOFTWARE,x86_64,"AMD64 Family 23 Model 96 Stepping 1, AuthenticAMD",12,7598,Windows-11-10.0.26200-SP0,N/A (prebuilt Python extension wheel),N/A,N/A (prebuilt wheel),pqcrypto,0.4.0,ML-KEM-1024,keygen,98,226300,30842880,True,
99947311-0ca6-4c66-85fc-a55f99fed6e6,01acefc3-f3b3-4fb7-9ae4-3ed4a78bd0b8,2026-08-12T17:25:06.562901+00:00,controlled_windows_x86_64_two_cpu,NATIVE_SOFTWARE,x86_64,"AMD64 Family 23 Model 96 Stepping 1, AuthenticAMD",12,7598,Windows-11-10.0.26200-SP0,N/A (prebuilt Python extension wheel),N/A,N/A (prebuilt wheel),pqcrypto,0.4.0,ML-KEM-1024,encapsulation,98,214200,30842880,True,
99947311-0ca6-4c66-85fc-a55f99fed6e6,01acefc3-f3b3-4fb7-9ae4-3ed4a78bd0b8,2026-08-12T17:25:06.563221+00:00,controlled_windows_x86_64_two_cpu,NATIVE_SOFTWARE,x86_64,"AMD64 Family 23 Model 96 Stepping 1, AuthenticAMD",12,7598,Windows-11-10.0.26200-SP0,N/A (prebuilt Python extension wheel),N/A,N/A (prebuilt wheel),pqcrypto,0.4.0,ML-KEM-1024,decapsulation,98,100100,30842880,True,
99947311-0ca6-4c66-85fc-a55f99fed6e6,01acefc3-f3b3-4fb7-9ae4-3ed4a78bd0b8,2026-08-12T17:25:06.563404+00:00,controlled_windows_x86_64_two_cpu,NATIVE_SOFTWARE,x86_64,"AMD64 Family 23 Model 96 Stepping 1, AuthenticAMD",12,7598,Windows-11-10.0.26200-SP0,N/A (prebuilt Python extension wheel),N/A,N/A (prebuilt wheel),pqcrypto,0.4.0,ML-KEM-1024,keygen,99,223600,30842880,True,
99947311-0ca6-4c66-85fc-a55f99fed6e6,01acefc3-f3b3-4fb7-9ae4-3ed4a78bd0b8,2026-08-12T17:25:06.563957+00:00,controlled_windows_x86_64_two_cpu,NATIVE_SOFTWARE,x86_64,"AMD64 Family 23 Model 96 Stepping 1, AuthenticAMD",12,7598,Windows-11-10.0.26200-SP0,N/A (prebuilt Python extension wheel),N/A,N/A (prebuilt wheel),pqcrypto,0.4.0,ML-KEM-1024,encapsulation,99,207700,30842880,True,
99947311-0ca6-4c66-85fc-a55f99fed6e6,01acefc3-f3b3-4fb7-9ae4-3ed4a78bd0b8,2026-08-12T17:25:06.564267+00:00,controlled_windows_x86_64_two_cpu,NATIVE_SOFTWARE,x86_64,"AMD64 Family 23 Model 96 Stepping 1, AuthenticAMD",12,7598,Windows-11-10.0.26200-SP0,N/A (prebuilt Python extension wheel),N/A,N/A (prebuilt wheel),pqcrypto,0.4.0,ML-KEM-1024,decapsulation,99,99600,30842880,True,
99947311-0ca6-4c66-85fc-a55f99fed6e6,01acefc3-f3b3-4fb7-9ae4-3ed4a78bd0b8,2026-08-12T17:25:06.564450+00:00,controlled_windows_x86_64_two_cpu,NATIVE_SOFTWARE,x86_64,"AMD64 Family 23 Model 96 Stepping 1, AuthenticAMD",12,7598,Windows-11-10.0.26200-SP0,N/A (prebuilt Python extension wheel),N/A,N/A (prebuilt wheel),pqcrypto,0.4.0,ML-KEM-1024,keygen,100,215700,30842880,True,
99947311-0ca6-4c66-85fc-a55f99fed6e6,01acefc3-f3b3-4fb7-9ae4-3ed4a78bd0b8,2026-08-12T17:25:06.564995+00:00,controlled_windows_x86_64_two_cpu,NATIVE_SOFTWARE,x86_64,"AMD64 Family 23 Model 96 Stepping 1, AuthenticAMD",12,7598,Windows-11-10.0.26200-SP0,N/A (prebuilt Python extension wheel),N/A,N/A (prebuilt wheel),pqcrypto,0.4.0,ML-KEM-1024,encapsulation,100,233500,30842880,True,
99947311-0ca6-4c66-85fc-a55f99fed6e6,01acefc3-f3b3-4fb7-9ae4-3ed4a78bd0b8,2026-08-12T17:25:06.565392+00:00,controlled_windows_x86_64_two_cpu,NATIVE_SOFTWARE,x86_64,"AMD64 Family 23 Model 96 Stepping 1, AuthenticAMD",12,7598,Windows-11-10.0.26200-SP0,N/A (prebuilt Python extension wheel),N/A,N/A (prebuilt wheel),pqcrypto,0.4.0,ML-KEM-1024,decapsulation,100,120500,30842880,True,
