experiment_id,run_id,timestamp,environment,measurement_type,architecture,processor,cpu_cores,ram_mb,os,compiler,compiler_version,optimization_flags,implementation,implementation_version,mlkem_variant,operation,iteration,execution_time_ns,memory_bytes,success,error_message
86230baa-0c3e-43a8-8879-a0e633ce9dec,56e5dbbb-b79e-4bbd-82ac-528998b82b14,2026-08-12T16:54:12.883891+00:00,native_windows_x86_64,NATIVE_SOFTWARE,x86_64,"AMD64 Family 23 Model 96 Stepping 1, AuthenticAMD",12,7598,Windows-11-10.0.26200-SP0,N/A (prebuilt Python extension wheel),N/A,N/A (prebuilt wheel),pqcrypto,0.4.0,ML-KEM-512,keygen,1,1586400,27795456,True,
86230baa-0c3e-43a8-8879-a0e633ce9dec,56e5dbbb-b79e-4bbd-82ac-528998b82b14,2026-08-12T16:54:12.885901+00:00,native_windows_x86_64,NATIVE_SOFTWARE,x86_64,"AMD64 Family 23 Model 96 Stepping 1, AuthenticAMD",12,7598,Windows-11-10.0.26200-SP0,N/A (prebuilt Python extension wheel),N/A,N/A (prebuilt wheel),pqcrypto,0.4.0,ML-KEM-512,encapsulation,1,208900,27799552,True,
86230baa-0c3e-43a8-8879-a0e633ce9dec,56e5dbbb-b79e-4bbd-82ac-528998b82b14,2026-08-12T16:54:12.886263+00:00,native_windows_x86_64,NATIVE_SOFTWARE,x86_64,"AMD64 Family 23 Model 96 Stepping 1, AuthenticAMD",12,7598,Windows-11-10.0.26200-SP0,N/A (prebuilt Python extension wheel),N/A,N/A (prebuilt wheel),pqcrypto,0.4.0,ML-KEM-512,decapsulation,1,52700,27820032,True,
86230baa-0c3e-43a8-8879-a0e633ce9dec,56e5dbbb-b79e-4bbd-82ac-528998b82b14,2026-08-12T16:54:12.886422+00:00,native_windows_x86_64,NATIVE_SOFTWARE,x86_64,"AMD64 Family 23 Model 96 Stepping 1, AuthenticAMD",12,7598,Windows-11-10.0.26200-SP0,N/A (prebuilt Python extension wheel),N/A,N/A (prebuilt wheel),pqcrypto,0.4.0,ML-KEM-512,keygen,2,198400,27832320,True,
86230baa-0c3e-43a8-8879-a0e633ce9dec,56e5dbbb-b79e-4bbd-82ac-528998b82b14,2026-08-12T16:54:12.886937+00:00,native_windows_x86_64,NATIVE_SOFTWARE,x86_64,"AMD64 Family 23 Model 96 Stepping 1, AuthenticAMD",12,7598,Windows-11-10.0.26200-SP0,N/A (prebuilt Python extension wheel),N/A,N/A (prebuilt wheel),pqcrypto,0.4.0,ML-KEM-512,encapsulation,2,158400,27836416,True,
86230baa-0c3e-43a8-8879-a0e633ce9dec,56e5dbbb-b79e-4bbd-82ac-528998b82b14,2026-08-12T16:54:12.887217+00:00,native_windows_x86_64,NATIVE_SOFTWARE,x86_64,"AMD64 Family 23 Model 96 Stepping 1, AuthenticAMD",12,7598,Windows-11-10.0.26200-SP0,N/A (prebuilt Python extension wheel),N/A,N/A (prebuilt wheel),pqcrypto,0.4.0,ML-KEM-512,decapsulation,2,48500,27877376,True,
86230baa-0c3e-43a8-8879-a0e633ce9dec,56e5dbbb-b79e-4bbd-82ac-528998b82b14,2026-08-12T16:54:12.887381+00:00,native_windows_x86_64,NATIVE_SOFTWARE,x86_64,"AMD64 Family 23 Model 96 Stepping 1, AuthenticAMD",12,7598,Windows-11-10.0.26200-SP0,N/A (prebuilt Python extension wheel),N/A,N/A (prebuilt wheel),pqcrypto,0.4.0,ML-KEM-512,keygen,3,177800,27881472,True,
86230baa-0c3e-43a8-8879-a0e633ce9dec,56e5dbbb-b79e-4bbd-82ac-528998b82b14,2026-08-12T16:54:12.887824+00:00,native_windows_x86_64,NATIVE_SOFTWARE,x86_64,"AMD64 Family 23 Model 96 Stepping 1, AuthenticAMD",12,7598,Windows-11-10.0.26200-SP0,N/A (prebuilt Python extension wheel),N/A,N/A (prebuilt wheel),pqcrypto,0.4.0,ML-KEM-512,encapsulation,3,154200,27889664,True,
86230baa-0c3e-43a8-8879-a0e633ce9dec,56e5dbbb-b79e-4bbd-82ac-528998b82b14,2026-08-12T16:54:12.888093+00:00,native_windows_x86_64,NATIVE_SOFTWARE,x86_64,"AMD64 Family 23 Model 96 Stepping 1, AuthenticAMD",12,7598,Windows-11-10.0.26200-SP0,N/A (prebuilt Python extension wheel),N/A,N/A (prebuilt wheel),pqcrypto,0.4.0,ML-KEM-512,decapsulation,3,46900,27893760,True,
86230baa-0c3e-43a8-8879-a0e633ce9dec,56e5dbbb-b79e-4bbd-82ac-528998b82b14,2026-08-12T16:54:12.888227+00:00,native_windows_x86_64,NATIVE_SOFTWARE,x86_64,"AMD64 Family 23 Model 96 Stepping 1, AuthenticAMD",12,7598,Windows-11-10.0.26200-SP0,N/A (prebuilt Python extension wheel),N/A,N/A (prebuilt wheel),pqcrypto,0.4.0,ML-KEM-512,keygen,4,173700,27906048,True,
86230baa-0c3e-43a8-8879-a0e633ce9dec,56e5dbbb-b79e-4bbd-82ac-528998b82b14,2026-08-12T16:54:12.888670+00:00,native_windows_x86_64,NATIVE_SOFTWARE,x86_64,"AMD64 Family 23 Model 96 Stepping 1, AuthenticAMD",12,7598,Windows-11-10.0.26200-SP0,N/A (prebuilt Python extension wheel),N/A,N/A (prebuilt wheel),pqcrypto,0.4.0,ML-KEM-512,encapsulation,4,159700,27914240,True,
86230baa-0c3e-43a8-8879-a0e633ce9dec,56e5dbbb-b79e-4bbd-82ac-528998b82b14,2026-08-12T16:54:12.888945+00:00,native_windows_x86_64,NATIVE_SOFTWARE,x86_64,"AMD64 Family 23 Model 96 Stepping 1, AuthenticAMD",12,7598,Windows-11-10.0.26200-SP0,N/A (prebuilt Python extension wheel),N/A,N/A (prebuilt wheel),pqcrypto,0.4.0,ML-KEM-512,decapsulation,4,47300,27955200,True,
86230baa-0c3e-43a8-8879-a0e633ce9dec,56e5dbbb-b79e-4bbd-82ac-528998b82b14,2026-08-12T16:54:12.889102+00:00,native_windows_x86_64,NATIVE_SOFTWARE,x86_64,"AMD64 Family 23 Model 96 Stepping 1, AuthenticAMD",12,7598,Windows-11-10.0.26200-SP0,N/A (prebuilt Python extension wheel),N/A,N/A (prebuilt wheel),pqcrypto,0.4.0,ML-KEM-512,keygen,5,171100,27967488,True,
86230baa-0c3e-43a8-8879-a0e633ce9dec,56e5dbbb-b79e-4bbd-82ac-528998b82b14,2026-08-12T16:54:12.889555+00:00,native_windows_x86_64,NATIVE_SOFTWARE,x86_64,"AMD64 Family 23 Model 96 Stepping 1, AuthenticAMD",12,7598,Windows-11-10.0.26200-SP0,N/A (prebuilt Python extension wheel),N/A,N/A (prebuilt wheel),pqcrypto,0.4.0,ML-KEM-512,encapsulation,5,159200,27971584,True,
86230baa-0c3e-43a8-8879-a0e633ce9dec,56e5dbbb-b79e-4bbd-82ac-528998b82b14,2026-08-12T16:54:12.889825+00:00,native_windows_x86_64,NATIVE_SOFTWARE,x86_64,"AMD64 Family 23 Model 96 Stepping 1, AuthenticAMD",12,7598,Windows-11-10.0.26200-SP0,N/A (prebuilt Python extension wheel),N/A,N/A (prebuilt wheel),pqcrypto,0.4.0,ML-KEM-512,decapsulation,5,49100,27983872,True,
86230baa-0c3e-43a8-8879-a0e633ce9dec,56e5dbbb-b79e-4bbd-82ac-528998b82b14,2026-08-12T16:54:12.889961+00:00,native_windows_x86_64,NATIVE_SOFTWARE,x86_64,"AMD64 Family 23 Model 96 Stepping 1, AuthenticAMD",12,7598,Windows-11-10.0.26200-SP0,N/A (prebuilt Python extension wheel),N/A,N/A (prebuilt wheel),pqcrypto,0.4.0,ML-KEM-512,keygen,6,166800,27996160,True,
86230baa-0c3e-43a8-8879-a0e633ce9dec,56e5dbbb-b79e-4bbd-82ac-528998b82b14,2026-08-12T16:54:12.890392+00:00,native_windows_x86_64,NATIVE_SOFTWARE,x86_64,"AMD64 Family 23 Model 96 Stepping 1, AuthenticAMD",12,7598,Windows-11-10.0.26200-SP0,N/A (prebuilt Python extension wheel),N/A,N/A (prebuilt wheel),pqcrypto,0.4.0,ML-KEM-512,encapsulation,6,160400,28000256,True,
86230baa-0c3e-43a8-8879-a0e633ce9dec,56e5dbbb-b79e-4bbd-82ac-528998b82b14,2026-08-12T16:54:12.890894+00:00,native_windows_x86_64,NATIVE_SOFTWARE,x86_64,"AMD64 Family 23 Model 96 Stepping 1, AuthenticAMD",12,7598,Windows-11-10.0.26200-SP0,N/A (prebuilt Python extension wheel),N/A,N/A (prebuilt wheel),pqcrypto,0.4.0,ML-KEM-512,decapsulation,6,50400,28000256,True,
86230baa-0c3e-43a8-8879-a0e633ce9dec,56e5dbbb-b79e-4bbd-82ac-528998b82b14,2026-08-12T16:54:12.891033+00:00,native_windows_x86_64,NATIVE_SOFTWARE,x86_64,"AMD64 Family 23 Model 96 Stepping 1, AuthenticAMD",12,7598,Windows-11-10.0.26200-SP0,N/A (prebuilt Python extension wheel),N/A,N/A (prebuilt wheel),pqcrypto,0.4.0,ML-KEM-512,keygen,7,190200,28000256,True,
86230baa-0c3e-43a8-8879-a0e633ce9dec,56e5dbbb-b79e-4bbd-82ac-528998b82b14,2026-08-12T16:54:12.891476+00:00,native_windows_x86_64,NATIVE_SOFTWARE,x86_64,"AMD64 Family 23 Model 96 Stepping 1, AuthenticAMD",12,7598,Windows-11-10.0.26200-SP0,N/A (prebuilt Python extension wheel),N/A,N/A (prebuilt wheel),pqcrypto,0.4.0,ML-KEM-512,encapsulation,7,158100,28000256,True,
86230baa-0c3e-43a8-8879-a0e633ce9dec,56e5dbbb-b79e-4bbd-82ac-528998b82b14,2026-08-12T16:54:12.891736+00:00,native_windows_x86_64,NATIVE_SOFTWARE,x86_64,"AMD64 Family 23 Model 96 Stepping 1, AuthenticAMD",12,7598,Windows-11-10.0.26200-SP0,N/A (prebuilt Python extension wheel),N/A,N/A (prebuilt wheel),pqcrypto,0.4.0,ML-KEM-512,decapsulation,7,46700,28000256,True,
86230baa-0c3e-43a8-8879-a0e633ce9dec,56e5dbbb-b79e-4bbd-82ac-528998b82b14,2026-08-12T16:54:12.891864+00:00,native_windows_x86_64,NATIVE_SOFTWARE,x86_64,"AMD64 Family 23 Model 96 Stepping 1, AuthenticAMD",12,7598,Windows-11-10.0.26200-SP0,N/A (prebuilt Python extension wheel),N/A,N/A (prebuilt wheel),pqcrypto,0.4.0,ML-KEM-512,keygen,8,161400,28000256,True,
86230baa-0c3e-43a8-8879-a0e633ce9dec,56e5dbbb-b79e-4bbd-82ac-528998b82b14,2026-08-12T16:54:12.892288+00:00,native_windows_x86_64,NATIVE_SOFTWARE,x86_64,"AMD64 Family 23 Model 96 Stepping 1, AuthenticAMD",12,7598,Windows-11-10.0.26200-SP0,N/A (prebuilt Python extension wheel),N/A,N/A (prebuilt wheel),pqcrypto,0.4.0,ML-KEM-512,encapsulation,8,153100,28000256,True,
86230baa-0c3e-43a8-8879-a0e633ce9dec,56e5dbbb-b79e-4bbd-82ac-528998b82b14,2026-08-12T16:54:12.892551+00:00,native_windows_x86_64,NATIVE_SOFTWARE,x86_64,"AMD64 Family 23 Model 96 Stepping 1, AuthenticAMD",12,7598,Windows-11-10.0.26200-SP0,N/A (prebuilt Python extension wheel),N/A,N/A (prebuilt wheel),pqcrypto,0.4.0,ML-KEM-512,decapsulation,8,47100,28000256,True,
86230baa-0c3e-43a8-8879-a0e633ce9dec,56e5dbbb-b79e-4bbd-82ac-528998b82b14,2026-08-12T16:54:12.892681+00:00,native_windows_x86_64,NATIVE_SOFTWARE,x86_64,"AMD64 Family 23 Model 96 Stepping 1, AuthenticAMD",12,7598,Windows-11-10.0.26200-SP0,N/A (prebuilt Python extension wheel),N/A,N/A (prebuilt wheel),pqcrypto,0.4.0,ML-KEM-512,keygen,9,163100,28000256,True,
86230baa-0c3e-43a8-8879-a0e633ce9dec,56e5dbbb-b79e-4bbd-82ac-528998b82b14,2026-08-12T16:54:12.893095+00:00,native_windows_x86_64,NATIVE_SOFTWARE,x86_64,"AMD64 Family 23 Model 96 Stepping 1, AuthenticAMD",12,7598,Windows-11-10.0.26200-SP0,N/A (prebuilt Python extension wheel),N/A,N/A (prebuilt wheel),pqcrypto,0.4.0,ML-KEM-512,encapsulation,9,153600,28004352,True,
86230baa-0c3e-43a8-8879-a0e633ce9dec,56e5dbbb-b79e-4bbd-82ac-528998b82b14,2026-08-12T16:54:12.893363+00:00,native_windows_x86_64,NATIVE_SOFTWARE,x86_64,"AMD64 Family 23 Model 96 Stepping 1, AuthenticAMD",12,7598,Windows-11-10.0.26200-SP0,N/A (prebuilt Python extension wheel),N/A,N/A (prebuilt wheel),pqcrypto,0.4.0,ML-KEM-512,decapsulation,9,46900,28008448,True,
86230baa-0c3e-43a8-8879-a0e633ce9dec,56e5dbbb-b79e-4bbd-82ac-528998b82b14,2026-08-12T16:54:12.893498+00:00,native_windows_x86_64,NATIVE_SOFTWARE,x86_64,"AMD64 Family 23 Model 96 Stepping 1, AuthenticAMD",12,7598,Windows-11-10.0.26200-SP0,N/A (prebuilt Python extension wheel),N/A,N/A (prebuilt wheel),pqcrypto,0.4.0,ML-KEM-512,keygen,10,189800,28012544,True,
86230baa-0c3e-43a8-8879-a0e633ce9dec,56e5dbbb-b79e-4bbd-82ac-528998b82b14,2026-08-12T16:54:12.893956+00:00,native_windows_x86_64,NATIVE_SOFTWARE,x86_64,"AMD64 Family 23 Model 96 Stepping 1, AuthenticAMD",12,7598,Windows-11-10.0.26200-SP0,N/A (prebuilt Python extension wheel),N/A,N/A (prebuilt wheel),pqcrypto,0.4.0,ML-KEM-512,encapsulation,10,157200,28012544,True,
86230baa-0c3e-43a8-8879-a0e633ce9dec,56e5dbbb-b79e-4bbd-82ac-528998b82b14,2026-08-12T16:54:12.894221+00:00,native_windows_x86_64,NATIVE_SOFTWARE,x86_64,"AMD64 Family 23 Model 96 Stepping 1, AuthenticAMD",12,7598,Windows-11-10.0.26200-SP0,N/A (prebuilt Python extension wheel),N/A,N/A (prebuilt wheel),pqcrypto,0.4.0,ML-KEM-512,decapsulation,10,47700,28016640,True,
86230baa-0c3e-43a8-8879-a0e633ce9dec,56e5dbbb-b79e-4bbd-82ac-528998b82b14,2026-08-12T16:54:12.894359+00:00,native_windows_x86_64,NATIVE_SOFTWARE,x86_64,"AMD64 Family 23 Model 96 Stepping 1, AuthenticAMD",12,7598,Windows-11-10.0.26200-SP0,N/A (prebuilt Python extension wheel),N/A,N/A (prebuilt wheel),pqcrypto,0.4.0,ML-KEM-512,keygen,11,183900,28020736,True,
86230baa-0c3e-43a8-8879-a0e633ce9dec,56e5dbbb-b79e-4bbd-82ac-528998b82b14,2026-08-12T16:54:12.894835+00:00,native_windows_x86_64,NATIVE_SOFTWARE,x86_64,"AMD64 Family 23 Model 96 Stepping 1, AuthenticAMD",12,7598,Windows-11-10.0.26200-SP0,N/A (prebuilt Python extension wheel),N/A,N/A (prebuilt wheel),pqcrypto,0.4.0,ML-KEM-512,encapsulation,11,160400,28024832,True,
86230baa-0c3e-43a8-8879-a0e633ce9dec,56e5dbbb-b79e-4bbd-82ac-528998b82b14,2026-08-12T16:54:12.895105+00:00,native_windows_x86_64,NATIVE_SOFTWARE,x86_64,"AMD64 Family 23 Model 96 Stepping 1, AuthenticAMD",12,7598,Windows-11-10.0.26200-SP0,N/A (prebuilt Python extension wheel),N/A,N/A (prebuilt wheel),pqcrypto,0.4.0,ML-KEM-512,decapsulation,11,47800,28028928,True,
86230baa-0c3e-43a8-8879-a0e633ce9dec,56e5dbbb-b79e-4bbd-82ac-528998b82b14,2026-08-12T16:54:12.895237+00:00,native_windows_x86_64,NATIVE_SOFTWARE,x86_64,"AMD64 Family 23 Model 96 Stepping 1, AuthenticAMD",12,7598,Windows-11-10.0.26200-SP0,N/A (prebuilt Python extension wheel),N/A,N/A (prebuilt wheel),pqcrypto,0.4.0,ML-KEM-512,keygen,12,158700,28037120,True,
86230baa-0c3e-43a8-8879-a0e633ce9dec,56e5dbbb-b79e-4bbd-82ac-528998b82b14,2026-08-12T16:54:12.895696+00:00,native_windows_x86_64,NATIVE_SOFTWARE,x86_64,"AMD64 Family 23 Model 96 Stepping 1, AuthenticAMD",12,7598,Windows-11-10.0.26200-SP0,N/A (prebuilt Python extension wheel),N/A,N/A (prebuilt wheel),pqcrypto,0.4.0,ML-KEM-512,encapsulation,12,160500,28151808,True,
86230baa-0c3e-43a8-8879-a0e633ce9dec,56e5dbbb-b79e-4bbd-82ac-528998b82b14,2026-08-12T16:54:12.896060+00:00,native_windows_x86_64,NATIVE_SOFTWARE,x86_64,"AMD64 Family 23 Model 96 Stepping 1, AuthenticAMD",12,7598,Windows-11-10.0.26200-SP0,N/A (prebuilt Python extension wheel),N/A,N/A (prebuilt wheel),pqcrypto,0.4.0,ML-KEM-512,decapsulation,12,49900,28160000,True,
86230baa-0c3e-43a8-8879-a0e633ce9dec,56e5dbbb-b79e-4bbd-82ac-528998b82b14,2026-08-12T16:54:12.896204+00:00,native_windows_x86_64,NATIVE_SOFTWARE,x86_64,"AMD64 Family 23 Model 96 Stepping 1, AuthenticAMD",12,7598,Windows-11-10.0.26200-SP0,N/A (prebuilt Python extension wheel),N/A,N/A (prebuilt wheel),pqcrypto,0.4.0,ML-KEM-512,keygen,13,189200,28160000,True,
86230baa-0c3e-43a8-8879-a0e633ce9dec,56e5dbbb-b79e-4bbd-82ac-528998b82b14,2026-08-12T16:54:12.896654+00:00,native_windows_x86_64,NATIVE_SOFTWARE,x86_64,"AMD64 Family 23 Model 96 Stepping 1, AuthenticAMD",12,7598,Windows-11-10.0.26200-SP0,N/A (prebuilt Python extension wheel),N/A,N/A (prebuilt wheel),pqcrypto,0.4.0,ML-KEM-512,encapsulation,13,187800,28168192,True,
86230baa-0c3e-43a8-8879-a0e633ce9dec,56e5dbbb-b79e-4bbd-82ac-528998b82b14,2026-08-12T16:54:12.896972+00:00,native_windows_x86_64,NATIVE_SOFTWARE,x86_64,"AMD64 Family 23 Model 96 Stepping 1, AuthenticAMD",12,7598,Windows-11-10.0.26200-SP0,N/A (prebuilt Python extension wheel),N/A,N/A (prebuilt wheel),pqcrypto,0.4.0,ML-KEM-512,decapsulation,13,48000,28180480,True,
86230baa-0c3e-43a8-8879-a0e633ce9dec,56e5dbbb-b79e-4bbd-82ac-528998b82b14,2026-08-12T16:54:12.897108+00:00,native_windows_x86_64,NATIVE_SOFTWARE,x86_64,"AMD64 Family 23 Model 96 Stepping 1, AuthenticAMD",12,7598,Windows-11-10.0.26200-SP0,N/A (prebuilt Python extension wheel),N/A,N/A (prebuilt wheel),pqcrypto,0.4.0,ML-KEM-512,keygen,14,168000,28184576,True,
86230baa-0c3e-43a8-8879-a0e633ce9dec,56e5dbbb-b79e-4bbd-82ac-528998b82b14,2026-08-12T16:54:12.897535+00:00,native_windows_x86_64,NATIVE_SOFTWARE,x86_64,"AMD64 Family 23 Model 96 Stepping 1, AuthenticAMD",12,7598,Windows-11-10.0.26200-SP0,N/A (prebuilt Python extension wheel),N/A,N/A (prebuilt wheel),pqcrypto,0.4.0,ML-KEM-512,encapsulation,14,156700,28196864,True,
86230baa-0c3e-43a8-8879-a0e633ce9dec,56e5dbbb-b79e-4bbd-82ac-528998b82b14,2026-08-12T16:54:12.897791+00:00,native_windows_x86_64,NATIVE_SOFTWARE,x86_64,"AMD64 Family 23 Model 96 Stepping 1, AuthenticAMD",12,7598,Windows-11-10.0.26200-SP0,N/A (prebuilt Python extension wheel),N/A,N/A (prebuilt wheel),pqcrypto,0.4.0,ML-KEM-512,decapsulation,14,46000,28246016,True,
86230baa-0c3e-43a8-8879-a0e633ce9dec,56e5dbbb-b79e-4bbd-82ac-528998b82b14,2026-08-12T16:54:12.897937+00:00,native_windows_x86_64,NATIVE_SOFTWARE,x86_64,"AMD64 Family 23 Model 96 Stepping 1, AuthenticAMD",12,7598,Windows-11-10.0.26200-SP0,N/A (prebuilt Python extension wheel),N/A,N/A (prebuilt wheel),pqcrypto,0.4.0,ML-KEM-512,keygen,15,158400,28254208,True,
86230baa-0c3e-43a8-8879-a0e633ce9dec,56e5dbbb-b79e-4bbd-82ac-528998b82b14,2026-08-12T16:54:12.898345+00:00,native_windows_x86_64,NATIVE_SOFTWARE,x86_64,"AMD64 Family 23 Model 96 Stepping 1, AuthenticAMD",12,7598,Windows-11-10.0.26200-SP0,N/A (prebuilt Python extension wheel),N/A,N/A (prebuilt wheel),pqcrypto,0.4.0,ML-KEM-512,encapsulation,15,151500,28266496,True,
86230baa-0c3e-43a8-8879-a0e633ce9dec,56e5dbbb-b79e-4bbd-82ac-528998b82b14,2026-08-12T16:54:12.898601+00:00,native_windows_x86_64,NATIVE_SOFTWARE,x86_64,"AMD64 Family 23 Model 96 Stepping 1, AuthenticAMD",12,7598,Windows-11-10.0.26200-SP0,N/A (prebuilt Python extension wheel),N/A,N/A (prebuilt wheel),pqcrypto,0.4.0,ML-KEM-512,decapsulation,15,48200,28266496,True,
86230baa-0c3e-43a8-8879-a0e633ce9dec,56e5dbbb-b79e-4bbd-82ac-528998b82b14,2026-08-12T16:54:12.898730+00:00,native_windows_x86_64,NATIVE_SOFTWARE,x86_64,"AMD64 Family 23 Model 96 Stepping 1, AuthenticAMD",12,7598,Windows-11-10.0.26200-SP0,N/A (prebuilt Python extension wheel),N/A,N/A (prebuilt wheel),pqcrypto,0.4.0,ML-KEM-512,keygen,16,343100,28278784,True,
86230baa-0c3e-43a8-8879-a0e633ce9dec,56e5dbbb-b79e-4bbd-82ac-528998b82b14,2026-08-12T16:54:12.899644+00:00,native_windows_x86_64,NATIVE_SOFTWARE,x86_64,"AMD64 Family 23 Model 96 Stepping 1, AuthenticAMD",12,7598,Windows-11-10.0.26200-SP0,N/A (prebuilt Python extension wheel),N/A,N/A (prebuilt wheel),pqcrypto,0.4.0,ML-KEM-512,encapsulation,16,155600,28286976,True,
86230baa-0c3e-43a8-8879-a0e633ce9dec,56e5dbbb-b79e-4bbd-82ac-528998b82b14,2026-08-12T16:54:12.899911+00:00,native_windows_x86_64,NATIVE_SOFTWARE,x86_64,"AMD64 Family 23 Model 96 Stepping 1, AuthenticAMD",12,7598,Windows-11-10.0.26200-SP0,N/A (prebuilt Python extension wheel),N/A,N/A (prebuilt wheel),pqcrypto,0.4.0,ML-KEM-512,decapsulation,16,47700,28291072,True,
86230baa-0c3e-43a8-8879-a0e633ce9dec,56e5dbbb-b79e-4bbd-82ac-528998b82b14,2026-08-12T16:54:12.900305+00:00,native_windows_x86_64,NATIVE_SOFTWARE,x86_64,"AMD64 Family 23 Model 96 Stepping 1, AuthenticAMD",12,7598,Windows-11-10.0.26200-SP0,N/A (prebuilt Python extension wheel),N/A,N/A (prebuilt wheel),pqcrypto,0.4.0,ML-KEM-512,keygen,17,162700,28291072,True,
86230baa-0c3e-43a8-8879-a0e633ce9dec,56e5dbbb-b79e-4bbd-82ac-528998b82b14,2026-08-12T16:54:12.900721+00:00,native_windows_x86_64,NATIVE_SOFTWARE,x86_64,"AMD64 Family 23 Model 96 Stepping 1, AuthenticAMD",12,7598,Windows-11-10.0.26200-SP0,N/A (prebuilt Python extension wheel),N/A,N/A (prebuilt wheel),pqcrypto,0.4.0,ML-KEM-512,encapsulation,17,153200,28291072,True,
86230baa-0c3e-43a8-8879-a0e633ce9dec,56e5dbbb-b79e-4bbd-82ac-528998b82b14,2026-08-12T16:54:12.900968+00:00,native_windows_x86_64,NATIVE_SOFTWARE,x86_64,"AMD64 Family 23 Model 96 Stepping 1, AuthenticAMD",12,7598,Windows-11-10.0.26200-SP0,N/A (prebuilt Python extension wheel),N/A,N/A (prebuilt wheel),pqcrypto,0.4.0,ML-KEM-512,decapsulation,17,52200,28291072,True,
86230baa-0c3e-43a8-8879-a0e633ce9dec,56e5dbbb-b79e-4bbd-82ac-528998b82b14,2026-08-12T16:54:12.901100+00:00,native_windows_x86_64,NATIVE_SOFTWARE,x86_64,"AMD64 Family 23 Model 96 Stepping 1, AuthenticAMD",12,7598,Windows-11-10.0.26200-SP0,N/A (prebuilt Python extension wheel),N/A,N/A (prebuilt wheel),pqcrypto,0.4.0,ML-KEM-512,keygen,18,157900,28291072,True,
86230baa-0c3e-43a8-8879-a0e633ce9dec,56e5dbbb-b79e-4bbd-82ac-528998b82b14,2026-08-12T16:54:12.901499+00:00,native_windows_x86_64,NATIVE_SOFTWARE,x86_64,"AMD64 Family 23 Model 96 Stepping 1, AuthenticAMD",12,7598,Windows-11-10.0.26200-SP0,N/A (prebuilt Python extension wheel),N/A,N/A (prebuilt wheel),pqcrypto,0.4.0,ML-KEM-512,encapsulation,18,151900,28291072,True,
86230baa-0c3e-43a8-8879-a0e633ce9dec,56e5dbbb-b79e-4bbd-82ac-528998b82b14,2026-08-12T16:54:12.901744+00:00,native_windows_x86_64,NATIVE_SOFTWARE,x86_64,"AMD64 Family 23 Model 96 Stepping 1, AuthenticAMD",12,7598,Windows-11-10.0.26200-SP0,N/A (prebuilt Python extension wheel),N/A,N/A (prebuilt wheel),pqcrypto,0.4.0,ML-KEM-512,decapsulation,18,45500,28291072,True,
86230baa-0c3e-43a8-8879-a0e633ce9dec,56e5dbbb-b79e-4bbd-82ac-528998b82b14,2026-08-12T16:54:12.901867+00:00,native_windows_x86_64,NATIVE_SOFTWARE,x86_64,"AMD64 Family 23 Model 96 Stepping 1, AuthenticAMD",12,7598,Windows-11-10.0.26200-SP0,N/A (prebuilt Python extension wheel),N/A,N/A (prebuilt wheel),pqcrypto,0.4.0,ML-KEM-512,keygen,19,159400,28291072,True,
86230baa-0c3e-43a8-8879-a0e633ce9dec,56e5dbbb-b79e-4bbd-82ac-528998b82b14,2026-08-12T16:54:12.902315+00:00,native_windows_x86_64,NATIVE_SOFTWARE,x86_64,"AMD64 Family 23 Model 96 Stepping 1, AuthenticAMD",12,7598,Windows-11-10.0.26200-SP0,N/A (prebuilt Python extension wheel),N/A,N/A (prebuilt wheel),pqcrypto,0.4.0,ML-KEM-512,encapsulation,19,149800,28291072,True,
86230baa-0c3e-43a8-8879-a0e633ce9dec,56e5dbbb-b79e-4bbd-82ac-528998b82b14,2026-08-12T16:54:12.902560+00:00,native_windows_x86_64,NATIVE_SOFTWARE,x86_64,"AMD64 Family 23 Model 96 Stepping 1, AuthenticAMD",12,7598,Windows-11-10.0.26200-SP0,N/A (prebuilt Python extension wheel),N/A,N/A (prebuilt wheel),pqcrypto,0.4.0,ML-KEM-512,decapsulation,19,51100,28291072,True,
86230baa-0c3e-43a8-8879-a0e633ce9dec,56e5dbbb-b79e-4bbd-82ac-528998b82b14,2026-08-12T16:54:12.902692+00:00,native_windows_x86_64,NATIVE_SOFTWARE,x86_64,"AMD64 Family 23 Model 96 Stepping 1, AuthenticAMD",12,7598,Windows-11-10.0.26200-SP0,N/A (prebuilt Python extension wheel),N/A,N/A (prebuilt wheel),pqcrypto,0.4.0,ML-KEM-512,keygen,20,156700,28291072,True,
86230baa-0c3e-43a8-8879-a0e633ce9dec,56e5dbbb-b79e-4bbd-82ac-528998b82b14,2026-08-12T16:54:12.903089+00:00,native_windows_x86_64,NATIVE_SOFTWARE,x86_64,"AMD64 Family 23 Model 96 Stepping 1, AuthenticAMD",12,7598,Windows-11-10.0.26200-SP0,N/A (prebuilt Python extension wheel),N/A,N/A (prebuilt wheel),pqcrypto,0.4.0,ML-KEM-512,encapsulation,20,151700,28291072,True,
86230baa-0c3e-43a8-8879-a0e633ce9dec,56e5dbbb-b79e-4bbd-82ac-528998b82b14,2026-08-12T16:54:12.903335+00:00,native_windows_x86_64,NATIVE_SOFTWARE,x86_64,"AMD64 Family 23 Model 96 Stepping 1, AuthenticAMD",12,7598,Windows-11-10.0.26200-SP0,N/A (prebuilt Python extension wheel),N/A,N/A (prebuilt wheel),pqcrypto,0.4.0,ML-KEM-512,decapsulation,20,46000,28291072,True,
86230baa-0c3e-43a8-8879-a0e633ce9dec,56e5dbbb-b79e-4bbd-82ac-528998b82b14,2026-08-12T16:54:12.903459+00:00,native_windows_x86_64,NATIVE_SOFTWARE,x86_64,"AMD64 Family 23 Model 96 Stepping 1, AuthenticAMD",12,7598,Windows-11-10.0.26200-SP0,N/A (prebuilt Python extension wheel),N/A,N/A (prebuilt wheel),pqcrypto,0.4.0,ML-KEM-512,keygen,21,157100,28291072,True,
86230baa-0c3e-43a8-8879-a0e633ce9dec,56e5dbbb-b79e-4bbd-82ac-528998b82b14,2026-08-12T16:54:12.903861+00:00,native_windows_x86_64,NATIVE_SOFTWARE,x86_64,"AMD64 Family 23 Model 96 Stepping 1, AuthenticAMD",12,7598,Windows-11-10.0.26200-SP0,N/A (prebuilt Python extension wheel),N/A,N/A (prebuilt wheel),pqcrypto,0.4.0,ML-KEM-512,encapsulation,21,161600,28291072,True,
86230baa-0c3e-43a8-8879-a0e633ce9dec,56e5dbbb-b79e-4bbd-82ac-528998b82b14,2026-08-12T16:54:12.904115+00:00,native_windows_x86_64,NATIVE_SOFTWARE,x86_64,"AMD64 Family 23 Model 96 Stepping 1, AuthenticAMD",12,7598,Windows-11-10.0.26200-SP0,N/A (prebuilt Python extension wheel),N/A,N/A (prebuilt wheel),pqcrypto,0.4.0,ML-KEM-512,decapsulation,21,45400,28291072,True,
86230baa-0c3e-43a8-8879-a0e633ce9dec,56e5dbbb-b79e-4bbd-82ac-528998b82b14,2026-08-12T16:54:12.904237+00:00,native_windows_x86_64,NATIVE_SOFTWARE,x86_64,"AMD64 Family 23 Model 96 Stepping 1, AuthenticAMD",12,7598,Windows-11-10.0.26200-SP0,N/A (prebuilt Python extension wheel),N/A,N/A (prebuilt wheel),pqcrypto,0.4.0,ML-KEM-512,keygen,22,155100,28295168,True,
86230baa-0c3e-43a8-8879-a0e633ce9dec,56e5dbbb-b79e-4bbd-82ac-528998b82b14,2026-08-12T16:54:12.904642+00:00,native_windows_x86_64,NATIVE_SOFTWARE,x86_64,"AMD64 Family 23 Model 96 Stepping 1, AuthenticAMD",12,7598,Windows-11-10.0.26200-SP0,N/A (prebuilt Python extension wheel),N/A,N/A (prebuilt wheel),pqcrypto,0.4.0,ML-KEM-512,encapsulation,22,152300,28295168,True,
86230baa-0c3e-43a8-8879-a0e633ce9dec,56e5dbbb-b79e-4bbd-82ac-528998b82b14,2026-08-12T16:54:12.904887+00:00,native_windows_x86_64,NATIVE_SOFTWARE,x86_64,"AMD64 Family 23 Model 96 Stepping 1, AuthenticAMD",12,7598,Windows-11-10.0.26200-SP0,N/A (prebuilt Python extension wheel),N/A,N/A (prebuilt wheel),pqcrypto,0.4.0,ML-KEM-512,decapsulation,22,45500,28299264,True,
86230baa-0c3e-43a8-8879-a0e633ce9dec,56e5dbbb-b79e-4bbd-82ac-528998b82b14,2026-08-12T16:54:12.905013+00:00,native_windows_x86_64,NATIVE_SOFTWARE,x86_64,"AMD64 Family 23 Model 96 Stepping 1, AuthenticAMD",12,7598,Windows-11-10.0.26200-SP0,N/A (prebuilt Python extension wheel),N/A,N/A (prebuilt wheel),pqcrypto,0.4.0,ML-KEM-512,keygen,23,160800,28299264,True,
86230baa-0c3e-43a8-8879-a0e633ce9dec,56e5dbbb-b79e-4bbd-82ac-528998b82b14,2026-08-12T16:54:12.905413+00:00,native_windows_x86_64,NATIVE_SOFTWARE,x86_64,"AMD64 Family 23 Model 96 Stepping 1, AuthenticAMD",12,7598,Windows-11-10.0.26200-SP0,N/A (prebuilt Python extension wheel),N/A,N/A (prebuilt wheel),pqcrypto,0.4.0,ML-KEM-512,encapsulation,23,156200,28299264,True,
86230baa-0c3e-43a8-8879-a0e633ce9dec,56e5dbbb-b79e-4bbd-82ac-528998b82b14,2026-08-12T16:54:12.905665+00:00,native_windows_x86_64,NATIVE_SOFTWARE,x86_64,"AMD64 Family 23 Model 96 Stepping 1, AuthenticAMD",12,7598,Windows-11-10.0.26200-SP0,N/A (prebuilt Python extension wheel),N/A,N/A (prebuilt wheel),pqcrypto,0.4.0,ML-KEM-512,decapsulation,23,45700,28299264,True,
86230baa-0c3e-43a8-8879-a0e633ce9dec,56e5dbbb-b79e-4bbd-82ac-528998b82b14,2026-08-12T16:54:12.905789+00:00,native_windows_x86_64,NATIVE_SOFTWARE,x86_64,"AMD64 Family 23 Model 96 Stepping 1, AuthenticAMD",12,7598,Windows-11-10.0.26200-SP0,N/A (prebuilt Python extension wheel),N/A,N/A (prebuilt wheel),pqcrypto,0.4.0,ML-KEM-512,keygen,24,155900,28299264,True,
86230baa-0c3e-43a8-8879-a0e633ce9dec,56e5dbbb-b79e-4bbd-82ac-528998b82b14,2026-08-12T16:54:12.906184+00:00,native_windows_x86_64,NATIVE_SOFTWARE,x86_64,"AMD64 Family 23 Model 96 Stepping 1, AuthenticAMD",12,7598,Windows-11-10.0.26200-SP0,N/A (prebuilt Python extension wheel),N/A,N/A (prebuilt wheel),pqcrypto,0.4.0,ML-KEM-512,encapsulation,24,151700,28303360,True,
86230baa-0c3e-43a8-8879-a0e633ce9dec,56e5dbbb-b79e-4bbd-82ac-528998b82b14,2026-08-12T16:54:12.906431+00:00,native_windows_x86_64,NATIVE_SOFTWARE,x86_64,"AMD64 Family 23 Model 96 Stepping 1, AuthenticAMD",12,7598,Windows-11-10.0.26200-SP0,N/A (prebuilt Python extension wheel),N/A,N/A (prebuilt wheel),pqcrypto,0.4.0,ML-KEM-512,decapsulation,24,45700,28303360,True,
86230baa-0c3e-43a8-8879-a0e633ce9dec,56e5dbbb-b79e-4bbd-82ac-528998b82b14,2026-08-12T16:54:12.906555+00:00,native_windows_x86_64,NATIVE_SOFTWARE,x86_64,"AMD64 Family 23 Model 96 Stepping 1, AuthenticAMD",12,7598,Windows-11-10.0.26200-SP0,N/A (prebuilt Python extension wheel),N/A,N/A (prebuilt wheel),pqcrypto,0.4.0,ML-KEM-512,keygen,25,159100,28303360,True,
86230baa-0c3e-43a8-8879-a0e633ce9dec,56e5dbbb-b79e-4bbd-82ac-528998b82b14,2026-08-12T16:54:12.906954+00:00,native_windows_x86_64,NATIVE_SOFTWARE,x86_64,"AMD64 Family 23 Model 96 Stepping 1, AuthenticAMD",12,7598,Windows-11-10.0.26200-SP0,N/A (prebuilt Python extension wheel),N/A,N/A (prebuilt wheel),pqcrypto,0.4.0,ML-KEM-512,encapsulation,25,150200,28303360,True,
86230baa-0c3e-43a8-8879-a0e633ce9dec,56e5dbbb-b79e-4bbd-82ac-528998b82b14,2026-08-12T16:54:12.907196+00:00,native_windows_x86_64,NATIVE_SOFTWARE,x86_64,"AMD64 Family 23 Model 96 Stepping 1, AuthenticAMD",12,7598,Windows-11-10.0.26200-SP0,N/A (prebuilt Python extension wheel),N/A,N/A (prebuilt wheel),pqcrypto,0.4.0,ML-KEM-512,decapsulation,25,45800,28303360,True,
86230baa-0c3e-43a8-8879-a0e633ce9dec,56e5dbbb-b79e-4bbd-82ac-528998b82b14,2026-08-12T16:54:12.907319+00:00,native_windows_x86_64,NATIVE_SOFTWARE,x86_64,"AMD64 Family 23 Model 96 Stepping 1, AuthenticAMD",12,7598,Windows-11-10.0.26200-SP0,N/A (prebuilt Python extension wheel),N/A,N/A (prebuilt wheel),pqcrypto,0.4.0,ML-KEM-512,keygen,26,158000,28438528,True,
86230baa-0c3e-43a8-8879-a0e633ce9dec,56e5dbbb-b79e-4bbd-82ac-528998b82b14,2026-08-12T16:54:12.907770+00:00,native_windows_x86_64,NATIVE_SOFTWARE,x86_64,"AMD64 Family 23 Model 96 Stepping 1, AuthenticAMD",12,7598,Windows-11-10.0.26200-SP0,N/A (prebuilt Python extension wheel),N/A,N/A (prebuilt wheel),pqcrypto,0.4.0,ML-KEM-512,encapsulation,26,158900,28438528,True,
86230baa-0c3e-43a8-8879-a0e633ce9dec,56e5dbbb-b79e-4bbd-82ac-528998b82b14,2026-08-12T16:54:12.908024+00:00,native_windows_x86_64,NATIVE_SOFTWARE,x86_64,"AMD64 Family 23 Model 96 Stepping 1, AuthenticAMD",12,7598,Windows-11-10.0.26200-SP0,N/A (prebuilt Python extension wheel),N/A,N/A (prebuilt wheel),pqcrypto,0.4.0,ML-KEM-512,decapsulation,26,45500,28442624,True,
86230baa-0c3e-43a8-8879-a0e633ce9dec,56e5dbbb-b79e-4bbd-82ac-528998b82b14,2026-08-12T16:54:12.908149+00:00,native_windows_x86_64,NATIVE_SOFTWARE,x86_64,"AMD64 Family 23 Model 96 Stepping 1, AuthenticAMD",12,7598,Windows-11-10.0.26200-SP0,N/A (prebuilt Python extension wheel),N/A,N/A (prebuilt wheel),pqcrypto,0.4.0,ML-KEM-512,keygen,27,157800,28495872,True,
86230baa-0c3e-43a8-8879-a0e633ce9dec,56e5dbbb-b79e-4bbd-82ac-528998b82b14,2026-08-12T16:54:12.908575+00:00,native_windows_x86_64,NATIVE_SOFTWARE,x86_64,"AMD64 Family 23 Model 96 Stepping 1, AuthenticAMD",12,7598,Windows-11-10.0.26200-SP0,N/A (prebuilt Python extension wheel),N/A,N/A (prebuilt wheel),pqcrypto,0.4.0,ML-KEM-512,encapsulation,27,157000,28495872,True,
86230baa-0c3e-43a8-8879-a0e633ce9dec,56e5dbbb-b79e-4bbd-82ac-528998b82b14,2026-08-12T16:54:12.908826+00:00,native_windows_x86_64,NATIVE_SOFTWARE,x86_64,"AMD64 Family 23 Model 96 Stepping 1, AuthenticAMD",12,7598,Windows-11-10.0.26200-SP0,N/A (prebuilt Python extension wheel),N/A,N/A (prebuilt wheel),pqcrypto,0.4.0,ML-KEM-512,decapsulation,27,48700,28499968,True,
86230baa-0c3e-43a8-8879-a0e633ce9dec,56e5dbbb-b79e-4bbd-82ac-528998b82b14,2026-08-12T16:54:12.908955+00:00,native_windows_x86_64,NATIVE_SOFTWARE,x86_64,"AMD64 Family 23 Model 96 Stepping 1, AuthenticAMD",12,7598,Windows-11-10.0.26200-SP0,N/A (prebuilt Python extension wheel),N/A,N/A (prebuilt wheel),pqcrypto,0.4.0,ML-KEM-512,keygen,28,157500,28516352,True,
86230baa-0c3e-43a8-8879-a0e633ce9dec,56e5dbbb-b79e-4bbd-82ac-528998b82b14,2026-08-12T16:54:12.909362+00:00,native_windows_x86_64,NATIVE_SOFTWARE,x86_64,"AMD64 Family 23 Model 96 Stepping 1, AuthenticAMD",12,7598,Windows-11-10.0.26200-SP0,N/A (prebuilt Python extension wheel),N/A,N/A (prebuilt wheel),pqcrypto,0.4.0,ML-KEM-512,encapsulation,28,151300,28520448,True,
86230baa-0c3e-43a8-8879-a0e633ce9dec,56e5dbbb-b79e-4bbd-82ac-528998b82b14,2026-08-12T16:54:12.909610+00:00,native_windows_x86_64,NATIVE_SOFTWARE,x86_64,"AMD64 Family 23 Model 96 Stepping 1, AuthenticAMD",12,7598,Windows-11-10.0.26200-SP0,N/A (prebuilt Python extension wheel),N/A,N/A (prebuilt wheel),pqcrypto,0.4.0,ML-KEM-512,decapsulation,28,45500,28528640,True,
86230baa-0c3e-43a8-8879-a0e633ce9dec,56e5dbbb-b79e-4bbd-82ac-528998b82b14,2026-08-12T16:54:12.910024+00:00,native_windows_x86_64,NATIVE_SOFTWARE,x86_64,"AMD64 Family 23 Model 96 Stepping 1, AuthenticAMD",12,7598,Windows-11-10.0.26200-SP0,N/A (prebuilt Python extension wheel),N/A,N/A (prebuilt wheel),pqcrypto,0.4.0,ML-KEM-512,keygen,29,161300,28528640,True,
86230baa-0c3e-43a8-8879-a0e633ce9dec,56e5dbbb-b79e-4bbd-82ac-528998b82b14,2026-08-12T16:54:12.910430+00:00,native_windows_x86_64,NATIVE_SOFTWARE,x86_64,"AMD64 Family 23 Model 96 Stepping 1, AuthenticAMD",12,7598,Windows-11-10.0.26200-SP0,N/A (prebuilt Python extension wheel),N/A,N/A (prebuilt wheel),pqcrypto,0.4.0,ML-KEM-512,encapsulation,29,154300,28528640,True,
86230baa-0c3e-43a8-8879-a0e633ce9dec,56e5dbbb-b79e-4bbd-82ac-528998b82b14,2026-08-12T16:54:12.910677+00:00,native_windows_x86_64,NATIVE_SOFTWARE,x86_64,"AMD64 Family 23 Model 96 Stepping 1, AuthenticAMD",12,7598,Windows-11-10.0.26200-SP0,N/A (prebuilt Python extension wheel),N/A,N/A (prebuilt wheel),pqcrypto,0.4.0,ML-KEM-512,decapsulation,29,46100,28528640,True,
86230baa-0c3e-43a8-8879-a0e633ce9dec,56e5dbbb-b79e-4bbd-82ac-528998b82b14,2026-08-12T16:54:12.910800+00:00,native_windows_x86_64,NATIVE_SOFTWARE,x86_64,"AMD64 Family 23 Model 96 Stepping 1, AuthenticAMD",12,7598,Windows-11-10.0.26200-SP0,N/A (prebuilt Python extension wheel),N/A,N/A (prebuilt wheel),pqcrypto,0.4.0,ML-KEM-512,keygen,30,156200,28532736,True,
86230baa-0c3e-43a8-8879-a0e633ce9dec,56e5dbbb-b79e-4bbd-82ac-528998b82b14,2026-08-12T16:54:12.911204+00:00,native_windows_x86_64,NATIVE_SOFTWARE,x86_64,"AMD64 Family 23 Model 96 Stepping 1, AuthenticAMD",12,7598,Windows-11-10.0.26200-SP0,N/A (prebuilt Python extension wheel),N/A,N/A (prebuilt wheel),pqcrypto,0.4.0,ML-KEM-512,encapsulation,30,151800,28532736,True,
86230baa-0c3e-43a8-8879-a0e633ce9dec,56e5dbbb-b79e-4bbd-82ac-528998b82b14,2026-08-12T16:54:12.911448+00:00,native_windows_x86_64,NATIVE_SOFTWARE,x86_64,"AMD64 Family 23 Model 96 Stepping 1, AuthenticAMD",12,7598,Windows-11-10.0.26200-SP0,N/A (prebuilt Python extension wheel),N/A,N/A (prebuilt wheel),pqcrypto,0.4.0,ML-KEM-512,decapsulation,30,45900,28532736,True,
86230baa-0c3e-43a8-8879-a0e633ce9dec,56e5dbbb-b79e-4bbd-82ac-528998b82b14,2026-08-12T16:54:12.911571+00:00,native_windows_x86_64,NATIVE_SOFTWARE,x86_64,"AMD64 Family 23 Model 96 Stepping 1, AuthenticAMD",12,7598,Windows-11-10.0.26200-SP0,N/A (prebuilt Python extension wheel),N/A,N/A (prebuilt wheel),pqcrypto,0.4.0,ML-KEM-512,keygen,31,154800,28532736,True,
86230baa-0c3e-43a8-8879-a0e633ce9dec,56e5dbbb-b79e-4bbd-82ac-528998b82b14,2026-08-12T16:54:12.911963+00:00,native_windows_x86_64,NATIVE_SOFTWARE,x86_64,"AMD64 Family 23 Model 96 Stepping 1, AuthenticAMD",12,7598,Windows-11-10.0.26200-SP0,N/A (prebuilt Python extension wheel),N/A,N/A (prebuilt wheel),pqcrypto,0.4.0,ML-KEM-512,encapsulation,31,149900,28532736,True,
86230baa-0c3e-43a8-8879-a0e633ce9dec,56e5dbbb-b79e-4bbd-82ac-528998b82b14,2026-08-12T16:54:12.912205+00:00,native_windows_x86_64,NATIVE_SOFTWARE,x86_64,"AMD64 Family 23 Model 96 Stepping 1, AuthenticAMD",12,7598,Windows-11-10.0.26200-SP0,N/A (prebuilt Python extension wheel),N/A,N/A (prebuilt wheel),pqcrypto,0.4.0,ML-KEM-512,decapsulation,31,45700,28532736,True,
86230baa-0c3e-43a8-8879-a0e633ce9dec,56e5dbbb-b79e-4bbd-82ac-528998b82b14,2026-08-12T16:54:12.912328+00:00,native_windows_x86_64,NATIVE_SOFTWARE,x86_64,"AMD64 Family 23 Model 96 Stepping 1, AuthenticAMD",12,7598,Windows-11-10.0.26200-SP0,N/A (prebuilt Python extension wheel),N/A,N/A (prebuilt wheel),pqcrypto,0.4.0,ML-KEM-512,keygen,32,169200,28532736,True,
86230baa-0c3e-43a8-8879-a0e633ce9dec,56e5dbbb-b79e-4bbd-82ac-528998b82b14,2026-08-12T16:54:12.912791+00:00,native_windows_x86_64,NATIVE_SOFTWARE,x86_64,"AMD64 Family 23 Model 96 Stepping 1, AuthenticAMD",12,7598,Windows-11-10.0.26200-SP0,N/A (prebuilt Python extension wheel),N/A,N/A (prebuilt wheel),pqcrypto,0.4.0,ML-KEM-512,encapsulation,32,149700,28532736,True,
86230baa-0c3e-43a8-8879-a0e633ce9dec,56e5dbbb-b79e-4bbd-82ac-528998b82b14,2026-08-12T16:54:12.913037+00:00,native_windows_x86_64,NATIVE_SOFTWARE,x86_64,"AMD64 Family 23 Model 96 Stepping 1, AuthenticAMD",12,7598,Windows-11-10.0.26200-SP0,N/A (prebuilt Python extension wheel),N/A,N/A (prebuilt wheel),pqcrypto,0.4.0,ML-KEM-512,decapsulation,32,45600,28532736,True,
86230baa-0c3e-43a8-8879-a0e633ce9dec,56e5dbbb-b79e-4bbd-82ac-528998b82b14,2026-08-12T16:54:12.913162+00:00,native_windows_x86_64,NATIVE_SOFTWARE,x86_64,"AMD64 Family 23 Model 96 Stepping 1, AuthenticAMD",12,7598,Windows-11-10.0.26200-SP0,N/A (prebuilt Python extension wheel),N/A,N/A (prebuilt wheel),pqcrypto,0.4.0,ML-KEM-512,keygen,33,158900,28532736,True,
86230baa-0c3e-43a8-8879-a0e633ce9dec,56e5dbbb-b79e-4bbd-82ac-528998b82b14,2026-08-12T16:54:12.913562+00:00,native_windows_x86_64,NATIVE_SOFTWARE,x86_64,"AMD64 Family 23 Model 96 Stepping 1, AuthenticAMD",12,7598,Windows-11-10.0.26200-SP0,N/A (prebuilt Python extension wheel),N/A,N/A (prebuilt wheel),pqcrypto,0.4.0,ML-KEM-512,encapsulation,33,159300,28532736,True,
86230baa-0c3e-43a8-8879-a0e633ce9dec,56e5dbbb-b79e-4bbd-82ac-528998b82b14,2026-08-12T16:54:12.913813+00:00,native_windows_x86_64,NATIVE_SOFTWARE,x86_64,"AMD64 Family 23 Model 96 Stepping 1, AuthenticAMD",12,7598,Windows-11-10.0.26200-SP0,N/A (prebuilt Python extension wheel),N/A,N/A (prebuilt wheel),pqcrypto,0.4.0,ML-KEM-512,decapsulation,33,45800,28532736,True,
86230baa-0c3e-43a8-8879-a0e633ce9dec,56e5dbbb-b79e-4bbd-82ac-528998b82b14,2026-08-12T16:54:12.913937+00:00,native_windows_x86_64,NATIVE_SOFTWARE,x86_64,"AMD64 Family 23 Model 96 Stepping 1, AuthenticAMD",12,7598,Windows-11-10.0.26200-SP0,N/A (prebuilt Python extension wheel),N/A,N/A (prebuilt wheel),pqcrypto,0.4.0,ML-KEM-512,keygen,34,155200,28532736,True,
86230baa-0c3e-43a8-8879-a0e633ce9dec,56e5dbbb-b79e-4bbd-82ac-528998b82b14,2026-08-12T16:54:12.914336+00:00,native_windows_x86_64,NATIVE_SOFTWARE,x86_64,"AMD64 Family 23 Model 96 Stepping 1, AuthenticAMD",12,7598,Windows-11-10.0.26200-SP0,N/A (prebuilt Python extension wheel),N/A,N/A (prebuilt wheel),pqcrypto,0.4.0,ML-KEM-512,encapsulation,34,150400,28532736,True,
86230baa-0c3e-43a8-8879-a0e633ce9dec,56e5dbbb-b79e-4bbd-82ac-528998b82b14,2026-08-12T16:54:12.914582+00:00,native_windows_x86_64,NATIVE_SOFTWARE,x86_64,"AMD64 Family 23 Model 96 Stepping 1, AuthenticAMD",12,7598,Windows-11-10.0.26200-SP0,N/A (prebuilt Python extension wheel),N/A,N/A (prebuilt wheel),pqcrypto,0.4.0,ML-KEM-512,decapsulation,34,51500,28532736,True,
86230baa-0c3e-43a8-8879-a0e633ce9dec,56e5dbbb-b79e-4bbd-82ac-528998b82b14,2026-08-12T16:54:12.914713+00:00,native_windows_x86_64,NATIVE_SOFTWARE,x86_64,"AMD64 Family 23 Model 96 Stepping 1, AuthenticAMD",12,7598,Windows-11-10.0.26200-SP0,N/A (prebuilt Python extension wheel),N/A,N/A (prebuilt wheel),pqcrypto,0.4.0,ML-KEM-512,keygen,35,158800,28532736,True,
86230baa-0c3e-43a8-8879-a0e633ce9dec,56e5dbbb-b79e-4bbd-82ac-528998b82b14,2026-08-12T16:54:12.915114+00:00,native_windows_x86_64,NATIVE_SOFTWARE,x86_64,"AMD64 Family 23 Model 96 Stepping 1, AuthenticAMD",12,7598,Windows-11-10.0.26200-SP0,N/A (prebuilt Python extension wheel),N/A,N/A (prebuilt wheel),pqcrypto,0.4.0,ML-KEM-512,encapsulation,35,164600,28532736,True,
86230baa-0c3e-43a8-8879-a0e633ce9dec,56e5dbbb-b79e-4bbd-82ac-528998b82b14,2026-08-12T16:54:12.915372+00:00,native_windows_x86_64,NATIVE_SOFTWARE,x86_64,"AMD64 Family 23 Model 96 Stepping 1, AuthenticAMD",12,7598,Windows-11-10.0.26200-SP0,N/A (prebuilt Python extension wheel),N/A,N/A (prebuilt wheel),pqcrypto,0.4.0,ML-KEM-512,decapsulation,35,45600,28536832,True,
86230baa-0c3e-43a8-8879-a0e633ce9dec,56e5dbbb-b79e-4bbd-82ac-528998b82b14,2026-08-12T16:54:12.915504+00:00,native_windows_x86_64,NATIVE_SOFTWARE,x86_64,"AMD64 Family 23 Model 96 Stepping 1, AuthenticAMD",12,7598,Windows-11-10.0.26200-SP0,N/A (prebuilt Python extension wheel),N/A,N/A (prebuilt wheel),pqcrypto,0.4.0,ML-KEM-512,keygen,36,163900,28536832,True,
86230baa-0c3e-43a8-8879-a0e633ce9dec,56e5dbbb-b79e-4bbd-82ac-528998b82b14,2026-08-12T16:54:12.915907+00:00,native_windows_x86_64,NATIVE_SOFTWARE,x86_64,"AMD64 Family 23 Model 96 Stepping 1, AuthenticAMD",12,7598,Windows-11-10.0.26200-SP0,N/A (prebuilt Python extension wheel),N/A,N/A (prebuilt wheel),pqcrypto,0.4.0,ML-KEM-512,encapsulation,36,150300,28540928,True,
86230baa-0c3e-43a8-8879-a0e633ce9dec,56e5dbbb-b79e-4bbd-82ac-528998b82b14,2026-08-12T16:54:12.916152+00:00,native_windows_x86_64,NATIVE_SOFTWARE,x86_64,"AMD64 Family 23 Model 96 Stepping 1, AuthenticAMD",12,7598,Windows-11-10.0.26200-SP0,N/A (prebuilt Python extension wheel),N/A,N/A (prebuilt wheel),pqcrypto,0.4.0,ML-KEM-512,decapsulation,36,45700,28540928,True,
86230baa-0c3e-43a8-8879-a0e633ce9dec,56e5dbbb-b79e-4bbd-82ac-528998b82b14,2026-08-12T16:54:12.916276+00:00,native_windows_x86_64,NATIVE_SOFTWARE,x86_64,"AMD64 Family 23 Model 96 Stepping 1, AuthenticAMD",12,7598,Windows-11-10.0.26200-SP0,N/A (prebuilt Python extension wheel),N/A,N/A (prebuilt wheel),pqcrypto,0.4.0,ML-KEM-512,keygen,37,154500,28545024,True,
86230baa-0c3e-43a8-8879-a0e633ce9dec,56e5dbbb-b79e-4bbd-82ac-528998b82b14,2026-08-12T16:54:12.916689+00:00,native_windows_x86_64,NATIVE_SOFTWARE,x86_64,"AMD64 Family 23 Model 96 Stepping 1, AuthenticAMD",12,7598,Windows-11-10.0.26200-SP0,N/A (prebuilt Python extension wheel),N/A,N/A (prebuilt wheel),pqcrypto,0.4.0,ML-KEM-512,encapsulation,37,152000,28545024,True,
86230baa-0c3e-43a8-8879-a0e633ce9dec,56e5dbbb-b79e-4bbd-82ac-528998b82b14,2026-08-12T16:54:12.916934+00:00,native_windows_x86_64,NATIVE_SOFTWARE,x86_64,"AMD64 Family 23 Model 96 Stepping 1, AuthenticAMD",12,7598,Windows-11-10.0.26200-SP0,N/A (prebuilt Python extension wheel),N/A,N/A (prebuilt wheel),pqcrypto,0.4.0,ML-KEM-512,decapsulation,37,45700,28545024,True,
86230baa-0c3e-43a8-8879-a0e633ce9dec,56e5dbbb-b79e-4bbd-82ac-528998b82b14,2026-08-12T16:54:12.917059+00:00,native_windows_x86_64,NATIVE_SOFTWARE,x86_64,"AMD64 Family 23 Model 96 Stepping 1, AuthenticAMD",12,7598,Windows-11-10.0.26200-SP0,N/A (prebuilt Python extension wheel),N/A,N/A (prebuilt wheel),pqcrypto,0.4.0,ML-KEM-512,keygen,38,154500,28545024,True,
86230baa-0c3e-43a8-8879-a0e633ce9dec,56e5dbbb-b79e-4bbd-82ac-528998b82b14,2026-08-12T16:54:12.917453+00:00,native_windows_x86_64,NATIVE_SOFTWARE,x86_64,"AMD64 Family 23 Model 96 Stepping 1, AuthenticAMD",12,7598,Windows-11-10.0.26200-SP0,N/A (prebuilt Python extension wheel),N/A,N/A (prebuilt wheel),pqcrypto,0.4.0,ML-KEM-512,encapsulation,38,148900,28545024,True,
86230baa-0c3e-43a8-8879-a0e633ce9dec,56e5dbbb-b79e-4bbd-82ac-528998b82b14,2026-08-12T16:54:12.917694+00:00,native_windows_x86_64,NATIVE_SOFTWARE,x86_64,"AMD64 Family 23 Model 96 Stepping 1, AuthenticAMD",12,7598,Windows-11-10.0.26200-SP0,N/A (prebuilt Python extension wheel),N/A,N/A (prebuilt wheel),pqcrypto,0.4.0,ML-KEM-512,decapsulation,38,46600,28545024,True,
86230baa-0c3e-43a8-8879-a0e633ce9dec,56e5dbbb-b79e-4bbd-82ac-528998b82b14,2026-08-12T16:54:12.917818+00:00,native_windows_x86_64,NATIVE_SOFTWARE,x86_64,"AMD64 Family 23 Model 96 Stepping 1, AuthenticAMD",12,7598,Windows-11-10.0.26200-SP0,N/A (prebuilt Python extension wheel),N/A,N/A (prebuilt wheel),pqcrypto,0.4.0,ML-KEM-512,keygen,39,157000,28545024,True,
86230baa-0c3e-43a8-8879-a0e633ce9dec,56e5dbbb-b79e-4bbd-82ac-528998b82b14,2026-08-12T16:54:12.918216+00:00,native_windows_x86_64,NATIVE_SOFTWARE,x86_64,"AMD64 Family 23 Model 96 Stepping 1, AuthenticAMD",12,7598,Windows-11-10.0.26200-SP0,N/A (prebuilt Python extension wheel),N/A,N/A (prebuilt wheel),pqcrypto,0.4.0,ML-KEM-512,encapsulation,39,149900,28549120,True,
86230baa-0c3e-43a8-8879-a0e633ce9dec,56e5dbbb-b79e-4bbd-82ac-528998b82b14,2026-08-12T16:54:12.918462+00:00,native_windows_x86_64,NATIVE_SOFTWARE,x86_64,"AMD64 Family 23 Model 96 Stepping 1, AuthenticAMD",12,7598,Windows-11-10.0.26200-SP0,N/A (prebuilt Python extension wheel),N/A,N/A (prebuilt wheel),pqcrypto,0.4.0,ML-KEM-512,decapsulation,39,45800,28549120,True,
86230baa-0c3e-43a8-8879-a0e633ce9dec,56e5dbbb-b79e-4bbd-82ac-528998b82b14,2026-08-12T16:54:12.918586+00:00,native_windows_x86_64,NATIVE_SOFTWARE,x86_64,"AMD64 Family 23 Model 96 Stepping 1, AuthenticAMD",12,7598,Windows-11-10.0.26200-SP0,N/A (prebuilt Python extension wheel),N/A,N/A (prebuilt wheel),pqcrypto,0.4.0,ML-KEM-512,keygen,40,167200,28553216,True,
86230baa-0c3e-43a8-8879-a0e633ce9dec,56e5dbbb-b79e-4bbd-82ac-528998b82b14,2026-08-12T16:54:12.918998+00:00,native_windows_x86_64,NATIVE_SOFTWARE,x86_64,"AMD64 Family 23 Model 96 Stepping 1, AuthenticAMD",12,7598,Windows-11-10.0.26200-SP0,N/A (prebuilt Python extension wheel),N/A,N/A (prebuilt wheel),pqcrypto,0.4.0,ML-KEM-512,encapsulation,40,150100,28557312,True,
86230baa-0c3e-43a8-8879-a0e633ce9dec,56e5dbbb-b79e-4bbd-82ac-528998b82b14,2026-08-12T16:54:12.919243+00:00,native_windows_x86_64,NATIVE_SOFTWARE,x86_64,"AMD64 Family 23 Model 96 Stepping 1, AuthenticAMD",12,7598,Windows-11-10.0.26200-SP0,N/A (prebuilt Python extension wheel),N/A,N/A (prebuilt wheel),pqcrypto,0.4.0,ML-KEM-512,decapsulation,40,45700,28557312,True,
86230baa-0c3e-43a8-8879-a0e633ce9dec,56e5dbbb-b79e-4bbd-82ac-528998b82b14,2026-08-12T16:54:12.919369+00:00,native_windows_x86_64,NATIVE_SOFTWARE,x86_64,"AMD64 Family 23 Model 96 Stepping 1, AuthenticAMD",12,7598,Windows-11-10.0.26200-SP0,N/A (prebuilt Python extension wheel),N/A,N/A (prebuilt wheel),pqcrypto,0.4.0,ML-KEM-512,keygen,41,156200,28598272,True,
86230baa-0c3e-43a8-8879-a0e633ce9dec,56e5dbbb-b79e-4bbd-82ac-528998b82b14,2026-08-12T16:54:12.919806+00:00,native_windows_x86_64,NATIVE_SOFTWARE,x86_64,"AMD64 Family 23 Model 96 Stepping 1, AuthenticAMD",12,7598,Windows-11-10.0.26200-SP0,N/A (prebuilt Python extension wheel),N/A,N/A (prebuilt wheel),pqcrypto,0.4.0,ML-KEM-512,encapsulation,41,181100,28602368,True,
86230baa-0c3e-43a8-8879-a0e633ce9dec,56e5dbbb-b79e-4bbd-82ac-528998b82b14,2026-08-12T16:54:12.920401+00:00,native_windows_x86_64,NATIVE_SOFTWARE,x86_64,"AMD64 Family 23 Model 96 Stepping 1, AuthenticAMD",12,7598,Windows-11-10.0.26200-SP0,N/A (prebuilt Python extension wheel),N/A,N/A (prebuilt wheel),pqcrypto,0.4.0,ML-KEM-512,decapsulation,41,46100,28602368,True,
86230baa-0c3e-43a8-8879-a0e633ce9dec,56e5dbbb-b79e-4bbd-82ac-528998b82b14,2026-08-12T16:54:12.920527+00:00,native_windows_x86_64,NATIVE_SOFTWARE,x86_64,"AMD64 Family 23 Model 96 Stepping 1, AuthenticAMD",12,7598,Windows-11-10.0.26200-SP0,N/A (prebuilt Python extension wheel),N/A,N/A (prebuilt wheel),pqcrypto,0.4.0,ML-KEM-512,keygen,42,168100,28602368,True,
86230baa-0c3e-43a8-8879-a0e633ce9dec,56e5dbbb-b79e-4bbd-82ac-528998b82b14,2026-08-12T16:54:12.920937+00:00,native_windows_x86_64,NATIVE_SOFTWARE,x86_64,"AMD64 Family 23 Model 96 Stepping 1, AuthenticAMD",12,7598,Windows-11-10.0.26200-SP0,N/A (prebuilt Python extension wheel),N/A,N/A (prebuilt wheel),pqcrypto,0.4.0,ML-KEM-512,encapsulation,42,184200,28602368,True,
86230baa-0c3e-43a8-8879-a0e633ce9dec,56e5dbbb-b79e-4bbd-82ac-528998b82b14,2026-08-12T16:54:12.921213+00:00,native_windows_x86_64,NATIVE_SOFTWARE,x86_64,"AMD64 Family 23 Model 96 Stepping 1, AuthenticAMD",12,7598,Windows-11-10.0.26200-SP0,N/A (prebuilt Python extension wheel),N/A,N/A (prebuilt wheel),pqcrypto,0.4.0,ML-KEM-512,decapsulation,42,45500,28602368,True,
86230baa-0c3e-43a8-8879-a0e633ce9dec,56e5dbbb-b79e-4bbd-82ac-528998b82b14,2026-08-12T16:54:12.921336+00:00,native_windows_x86_64,NATIVE_SOFTWARE,x86_64,"AMD64 Family 23 Model 96 Stepping 1, AuthenticAMD",12,7598,Windows-11-10.0.26200-SP0,N/A (prebuilt Python extension wheel),N/A,N/A (prebuilt wheel),pqcrypto,0.4.0,ML-KEM-512,keygen,43,154300,28602368,True,
86230baa-0c3e-43a8-8879-a0e633ce9dec,56e5dbbb-b79e-4bbd-82ac-528998b82b14,2026-08-12T16:54:12.921733+00:00,native_windows_x86_64,NATIVE_SOFTWARE,x86_64,"AMD64 Family 23 Model 96 Stepping 1, AuthenticAMD",12,7598,Windows-11-10.0.26200-SP0,N/A (prebuilt Python extension wheel),N/A,N/A (prebuilt wheel),pqcrypto,0.4.0,ML-KEM-512,encapsulation,43,163600,28602368,True,
86230baa-0c3e-43a8-8879-a0e633ce9dec,56e5dbbb-b79e-4bbd-82ac-528998b82b14,2026-08-12T16:54:12.921993+00:00,native_windows_x86_64,NATIVE_SOFTWARE,x86_64,"AMD64 Family 23 Model 96 Stepping 1, AuthenticAMD",12,7598,Windows-11-10.0.26200-SP0,N/A (prebuilt Python extension wheel),N/A,N/A (prebuilt wheel),pqcrypto,0.4.0,ML-KEM-512,decapsulation,43,45800,28602368,True,
86230baa-0c3e-43a8-8879-a0e633ce9dec,56e5dbbb-b79e-4bbd-82ac-528998b82b14,2026-08-12T16:54:12.922120+00:00,native_windows_x86_64,NATIVE_SOFTWARE,x86_64,"AMD64 Family 23 Model 96 Stepping 1, AuthenticAMD",12,7598,Windows-11-10.0.26200-SP0,N/A (prebuilt Python extension wheel),N/A,N/A (prebuilt wheel),pqcrypto,0.4.0,ML-KEM-512,keygen,44,153900,28602368,True,
86230baa-0c3e-43a8-8879-a0e633ce9dec,56e5dbbb-b79e-4bbd-82ac-528998b82b14,2026-08-12T16:54:12.922516+00:00,native_windows_x86_64,NATIVE_SOFTWARE,x86_64,"AMD64 Family 23 Model 96 Stepping 1, AuthenticAMD",12,7598,Windows-11-10.0.26200-SP0,N/A (prebuilt Python extension wheel),N/A,N/A (prebuilt wheel),pqcrypto,0.4.0,ML-KEM-512,encapsulation,44,156700,28602368,True,
86230baa-0c3e-43a8-8879-a0e633ce9dec,56e5dbbb-b79e-4bbd-82ac-528998b82b14,2026-08-12T16:54:12.922765+00:00,native_windows_x86_64,NATIVE_SOFTWARE,x86_64,"AMD64 Family 23 Model 96 Stepping 1, AuthenticAMD",12,7598,Windows-11-10.0.26200-SP0,N/A (prebuilt Python extension wheel),N/A,N/A (prebuilt wheel),pqcrypto,0.4.0,ML-KEM-512,decapsulation,44,45700,28602368,True,
86230baa-0c3e-43a8-8879-a0e633ce9dec,56e5dbbb-b79e-4bbd-82ac-528998b82b14,2026-08-12T16:54:12.922889+00:00,native_windows_x86_64,NATIVE_SOFTWARE,x86_64,"AMD64 Family 23 Model 96 Stepping 1, AuthenticAMD",12,7598,Windows-11-10.0.26200-SP0,N/A (prebuilt Python extension wheel),N/A,N/A (prebuilt wheel),pqcrypto,0.4.0,ML-KEM-512,keygen,45,162000,28602368,True,
86230baa-0c3e-43a8-8879-a0e633ce9dec,56e5dbbb-b79e-4bbd-82ac-528998b82b14,2026-08-12T16:54:12.923291+00:00,native_windows_x86_64,NATIVE_SOFTWARE,x86_64,"AMD64 Family 23 Model 96 Stepping 1, AuthenticAMD",12,7598,Windows-11-10.0.26200-SP0,N/A (prebuilt Python extension wheel),N/A,N/A (prebuilt wheel),pqcrypto,0.4.0,ML-KEM-512,encapsulation,45,149700,28602368,True,
86230baa-0c3e-43a8-8879-a0e633ce9dec,56e5dbbb-b79e-4bbd-82ac-528998b82b14,2026-08-12T16:54:12.923533+00:00,native_windows_x86_64,NATIVE_SOFTWARE,x86_64,"AMD64 Family 23 Model 96 Stepping 1, AuthenticAMD",12,7598,Windows-11-10.0.26200-SP0,N/A (prebuilt Python extension wheel),N/A,N/A (prebuilt wheel),pqcrypto,0.4.0,ML-KEM-512,decapsulation,45,45400,28602368,True,
86230baa-0c3e-43a8-8879-a0e633ce9dec,56e5dbbb-b79e-4bbd-82ac-528998b82b14,2026-08-12T16:54:12.923656+00:00,native_windows_x86_64,NATIVE_SOFTWARE,x86_64,"AMD64 Family 23 Model 96 Stepping 1, AuthenticAMD",12,7598,Windows-11-10.0.26200-SP0,N/A (prebuilt Python extension wheel),N/A,N/A (prebuilt wheel),pqcrypto,0.4.0,ML-KEM-512,keygen,46,158000,28602368,True,
86230baa-0c3e-43a8-8879-a0e633ce9dec,56e5dbbb-b79e-4bbd-82ac-528998b82b14,2026-08-12T16:54:12.924055+00:00,native_windows_x86_64,NATIVE_SOFTWARE,x86_64,"AMD64 Family 23 Model 96 Stepping 1, AuthenticAMD",12,7598,Windows-11-10.0.26200-SP0,N/A (prebuilt Python extension wheel),N/A,N/A (prebuilt wheel),pqcrypto,0.4.0,ML-KEM-512,encapsulation,46,149900,28602368,True,
86230baa-0c3e-43a8-8879-a0e633ce9dec,56e5dbbb-b79e-4bbd-82ac-528998b82b14,2026-08-12T16:54:12.924296+00:00,native_windows_x86_64,NATIVE_SOFTWARE,x86_64,"AMD64 Family 23 Model 96 Stepping 1, AuthenticAMD",12,7598,Windows-11-10.0.26200-SP0,N/A (prebuilt Python extension wheel),N/A,N/A (prebuilt wheel),pqcrypto,0.4.0,ML-KEM-512,decapsulation,46,45600,28602368,True,
86230baa-0c3e-43a8-8879-a0e633ce9dec,56e5dbbb-b79e-4bbd-82ac-528998b82b14,2026-08-12T16:54:12.924419+00:00,native_windows_x86_64,NATIVE_SOFTWARE,x86_64,"AMD64 Family 23 Model 96 Stepping 1, AuthenticAMD",12,7598,Windows-11-10.0.26200-SP0,N/A (prebuilt Python extension wheel),N/A,N/A (prebuilt wheel),pqcrypto,0.4.0,ML-KEM-512,keygen,47,158300,28602368,True,
86230baa-0c3e-43a8-8879-a0e633ce9dec,56e5dbbb-b79e-4bbd-82ac-528998b82b14,2026-08-12T16:54:12.924841+00:00,native_windows_x86_64,NATIVE_SOFTWARE,x86_64,"AMD64 Family 23 Model 96 Stepping 1, AuthenticAMD",12,7598,Windows-11-10.0.26200-SP0,N/A (prebuilt Python extension wheel),N/A,N/A (prebuilt wheel),pqcrypto,0.4.0,ML-KEM-512,encapsulation,47,161100,28602368,True,
86230baa-0c3e-43a8-8879-a0e633ce9dec,56e5dbbb-b79e-4bbd-82ac-528998b82b14,2026-08-12T16:54:12.925097+00:00,native_windows_x86_64,NATIVE_SOFTWARE,x86_64,"AMD64 Family 23 Model 96 Stepping 1, AuthenticAMD",12,7598,Windows-11-10.0.26200-SP0,N/A (prebuilt Python extension wheel),N/A,N/A (prebuilt wheel),pqcrypto,0.4.0,ML-KEM-512,decapsulation,47,46100,28602368,True,
86230baa-0c3e-43a8-8879-a0e633ce9dec,56e5dbbb-b79e-4bbd-82ac-528998b82b14,2026-08-12T16:54:12.925222+00:00,native_windows_x86_64,NATIVE_SOFTWARE,x86_64,"AMD64 Family 23 Model 96 Stepping 1, AuthenticAMD",12,7598,Windows-11-10.0.26200-SP0,N/A (prebuilt Python extension wheel),N/A,N/A (prebuilt wheel),pqcrypto,0.4.0,ML-KEM-512,keygen,48,156000,28602368,True,
86230baa-0c3e-43a8-8879-a0e633ce9dec,56e5dbbb-b79e-4bbd-82ac-528998b82b14,2026-08-12T16:54:12.925618+00:00,native_windows_x86_64,NATIVE_SOFTWARE,x86_64,"AMD64 Family 23 Model 96 Stepping 1, AuthenticAMD",12,7598,Windows-11-10.0.26200-SP0,N/A (prebuilt Python extension wheel),N/A,N/A (prebuilt wheel),pqcrypto,0.4.0,ML-KEM-512,encapsulation,48,152300,28602368,True,
86230baa-0c3e-43a8-8879-a0e633ce9dec,56e5dbbb-b79e-4bbd-82ac-528998b82b14,2026-08-12T16:54:12.925863+00:00,native_windows_x86_64,NATIVE_SOFTWARE,x86_64,"AMD64 Family 23 Model 96 Stepping 1, AuthenticAMD",12,7598,Windows-11-10.0.26200-SP0,N/A (prebuilt Python extension wheel),N/A,N/A (prebuilt wheel),pqcrypto,0.4.0,ML-KEM-512,decapsulation,48,45200,28602368,True,
86230baa-0c3e-43a8-8879-a0e633ce9dec,56e5dbbb-b79e-4bbd-82ac-528998b82b14,2026-08-12T16:54:12.925985+00:00,native_windows_x86_64,NATIVE_SOFTWARE,x86_64,"AMD64 Family 23 Model 96 Stepping 1, AuthenticAMD",12,7598,Windows-11-10.0.26200-SP0,N/A (prebuilt Python extension wheel),N/A,N/A (prebuilt wheel),pqcrypto,0.4.0,ML-KEM-512,keygen,49,156200,28602368,True,
86230baa-0c3e-43a8-8879-a0e633ce9dec,56e5dbbb-b79e-4bbd-82ac-528998b82b14,2026-08-12T16:54:12.926385+00:00,native_windows_x86_64,NATIVE_SOFTWARE,x86_64,"AMD64 Family 23 Model 96 Stepping 1, AuthenticAMD",12,7598,Windows-11-10.0.26200-SP0,N/A (prebuilt Python extension wheel),N/A,N/A (prebuilt wheel),pqcrypto,0.4.0,ML-KEM-512,encapsulation,49,149200,28602368,True,
86230baa-0c3e-43a8-8879-a0e633ce9dec,56e5dbbb-b79e-4bbd-82ac-528998b82b14,2026-08-12T16:54:12.926632+00:00,native_windows_x86_64,NATIVE_SOFTWARE,x86_64,"AMD64 Family 23 Model 96 Stepping 1, AuthenticAMD",12,7598,Windows-11-10.0.26200-SP0,N/A (prebuilt Python extension wheel),N/A,N/A (prebuilt wheel),pqcrypto,0.4.0,ML-KEM-512,decapsulation,49,49100,28602368,True,
86230baa-0c3e-43a8-8879-a0e633ce9dec,56e5dbbb-b79e-4bbd-82ac-528998b82b14,2026-08-12T16:54:12.926759+00:00,native_windows_x86_64,NATIVE_SOFTWARE,x86_64,"AMD64 Family 23 Model 96 Stepping 1, AuthenticAMD",12,7598,Windows-11-10.0.26200-SP0,N/A (prebuilt Python extension wheel),N/A,N/A (prebuilt wheel),pqcrypto,0.4.0,ML-KEM-512,keygen,50,155300,28602368,True,
86230baa-0c3e-43a8-8879-a0e633ce9dec,56e5dbbb-b79e-4bbd-82ac-528998b82b14,2026-08-12T16:54:12.927154+00:00,native_windows_x86_64,NATIVE_SOFTWARE,x86_64,"AMD64 Family 23 Model 96 Stepping 1, AuthenticAMD",12,7598,Windows-11-10.0.26200-SP0,N/A (prebuilt Python extension wheel),N/A,N/A (prebuilt wheel),pqcrypto,0.4.0,ML-KEM-512,encapsulation,50,150200,28602368,True,
86230baa-0c3e-43a8-8879-a0e633ce9dec,56e5dbbb-b79e-4bbd-82ac-528998b82b14,2026-08-12T16:54:12.927399+00:00,native_windows_x86_64,NATIVE_SOFTWARE,x86_64,"AMD64 Family 23 Model 96 Stepping 1, AuthenticAMD",12,7598,Windows-11-10.0.26200-SP0,N/A (prebuilt Python extension wheel),N/A,N/A (prebuilt wheel),pqcrypto,0.4.0,ML-KEM-512,decapsulation,50,45600,28602368,True,
86230baa-0c3e-43a8-8879-a0e633ce9dec,56e5dbbb-b79e-4bbd-82ac-528998b82b14,2026-08-12T16:54:12.927524+00:00,native_windows_x86_64,NATIVE_SOFTWARE,x86_64,"AMD64 Family 23 Model 96 Stepping 1, AuthenticAMD",12,7598,Windows-11-10.0.26200-SP0,N/A (prebuilt Python extension wheel),N/A,N/A (prebuilt wheel),pqcrypto,0.4.0,ML-KEM-512,keygen,51,161500,28606464,True,
86230baa-0c3e-43a8-8879-a0e633ce9dec,56e5dbbb-b79e-4bbd-82ac-528998b82b14,2026-08-12T16:54:12.927934+00:00,native_windows_x86_64,NATIVE_SOFTWARE,x86_64,"AMD64 Family 23 Model 96 Stepping 1, AuthenticAMD",12,7598,Windows-11-10.0.26200-SP0,N/A (prebuilt Python extension wheel),N/A,N/A (prebuilt wheel),pqcrypto,0.4.0,ML-KEM-512,encapsulation,51,154200,28606464,True,
86230baa-0c3e-43a8-8879-a0e633ce9dec,56e5dbbb-b79e-4bbd-82ac-528998b82b14,2026-08-12T16:54:12.928188+00:00,native_windows_x86_64,NATIVE_SOFTWARE,x86_64,"AMD64 Family 23 Model 96 Stepping 1, AuthenticAMD",12,7598,Windows-11-10.0.26200-SP0,N/A (prebuilt Python extension wheel),N/A,N/A (prebuilt wheel),pqcrypto,0.4.0,ML-KEM-512,decapsulation,51,45800,28606464,True,
86230baa-0c3e-43a8-8879-a0e633ce9dec,56e5dbbb-b79e-4bbd-82ac-528998b82b14,2026-08-12T16:54:12.928331+00:00,native_windows_x86_64,NATIVE_SOFTWARE,x86_64,"AMD64 Family 23 Model 96 Stepping 1, AuthenticAMD",12,7598,Windows-11-10.0.26200-SP0,N/A (prebuilt Python extension wheel),N/A,N/A (prebuilt wheel),pqcrypto,0.4.0,ML-KEM-512,keygen,52,231700,28606464,True,
86230baa-0c3e-43a8-8879-a0e633ce9dec,56e5dbbb-b79e-4bbd-82ac-528998b82b14,2026-08-12T16:54:12.928849+00:00,native_windows_x86_64,NATIVE_SOFTWARE,x86_64,"AMD64 Family 23 Model 96 Stepping 1, AuthenticAMD",12,7598,Windows-11-10.0.26200-SP0,N/A (prebuilt Python extension wheel),N/A,N/A (prebuilt wheel),pqcrypto,0.4.0,ML-KEM-512,encapsulation,52,165500,28606464,True,
86230baa-0c3e-43a8-8879-a0e633ce9dec,56e5dbbb-b79e-4bbd-82ac-528998b82b14,2026-08-12T16:54:12.929119+00:00,native_windows_x86_64,NATIVE_SOFTWARE,x86_64,"AMD64 Family 23 Model 96 Stepping 1, AuthenticAMD",12,7598,Windows-11-10.0.26200-SP0,N/A (prebuilt Python extension wheel),N/A,N/A (prebuilt wheel),pqcrypto,0.4.0,ML-KEM-512,decapsulation,52,46700,28610560,True,
86230baa-0c3e-43a8-8879-a0e633ce9dec,56e5dbbb-b79e-4bbd-82ac-528998b82b14,2026-08-12T16:54:12.929252+00:00,native_windows_x86_64,NATIVE_SOFTWARE,x86_64,"AMD64 Family 23 Model 96 Stepping 1, AuthenticAMD",12,7598,Windows-11-10.0.26200-SP0,N/A (prebuilt Python extension wheel),N/A,N/A (prebuilt wheel),pqcrypto,0.4.0,ML-KEM-512,keygen,53,157100,28610560,True,
86230baa-0c3e-43a8-8879-a0e633ce9dec,56e5dbbb-b79e-4bbd-82ac-528998b82b14,2026-08-12T16:54:12.929653+00:00,native_windows_x86_64,NATIVE_SOFTWARE,x86_64,"AMD64 Family 23 Model 96 Stepping 1, AuthenticAMD",12,7598,Windows-11-10.0.26200-SP0,N/A (prebuilt Python extension wheel),N/A,N/A (prebuilt wheel),pqcrypto,0.4.0,ML-KEM-512,encapsulation,53,161200,28610560,True,
86230baa-0c3e-43a8-8879-a0e633ce9dec,56e5dbbb-b79e-4bbd-82ac-528998b82b14,2026-08-12T16:54:12.929908+00:00,native_windows_x86_64,NATIVE_SOFTWARE,x86_64,"AMD64 Family 23 Model 96 Stepping 1, AuthenticAMD",12,7598,Windows-11-10.0.26200-SP0,N/A (prebuilt Python extension wheel),N/A,N/A (prebuilt wheel),pqcrypto,0.4.0,ML-KEM-512,decapsulation,53,45500,28618752,True,
86230baa-0c3e-43a8-8879-a0e633ce9dec,56e5dbbb-b79e-4bbd-82ac-528998b82b14,2026-08-12T16:54:12.930040+00:00,native_windows_x86_64,NATIVE_SOFTWARE,x86_64,"AMD64 Family 23 Model 96 Stepping 1, AuthenticAMD",12,7598,Windows-11-10.0.26200-SP0,N/A (prebuilt Python extension wheel),N/A,N/A (prebuilt wheel),pqcrypto,0.4.0,ML-KEM-512,keygen,54,164700,28622848,True,
86230baa-0c3e-43a8-8879-a0e633ce9dec,56e5dbbb-b79e-4bbd-82ac-528998b82b14,2026-08-12T16:54:12.930461+00:00,native_windows_x86_64,NATIVE_SOFTWARE,x86_64,"AMD64 Family 23 Model 96 Stepping 1, AuthenticAMD",12,7598,Windows-11-10.0.26200-SP0,N/A (prebuilt Python extension wheel),N/A,N/A (prebuilt wheel),pqcrypto,0.4.0,ML-KEM-512,encapsulation,54,153900,28635136,True,
86230baa-0c3e-43a8-8879-a0e633ce9dec,56e5dbbb-b79e-4bbd-82ac-528998b82b14,2026-08-12T16:54:12.931091+00:00,native_windows_x86_64,NATIVE_SOFTWARE,x86_64,"AMD64 Family 23 Model 96 Stepping 1, AuthenticAMD",12,7598,Windows-11-10.0.26200-SP0,N/A (prebuilt Python extension wheel),N/A,N/A (prebuilt wheel),pqcrypto,0.4.0,ML-KEM-512,decapsulation,54,47000,28635136,True,
86230baa-0c3e-43a8-8879-a0e633ce9dec,56e5dbbb-b79e-4bbd-82ac-528998b82b14,2026-08-12T16:54:12.931216+00:00,native_windows_x86_64,NATIVE_SOFTWARE,x86_64,"AMD64 Family 23 Model 96 Stepping 1, AuthenticAMD",12,7598,Windows-11-10.0.26200-SP0,N/A (prebuilt Python extension wheel),N/A,N/A (prebuilt wheel),pqcrypto,0.4.0,ML-KEM-512,keygen,55,163600,28635136,True,
86230baa-0c3e-43a8-8879-a0e633ce9dec,56e5dbbb-b79e-4bbd-82ac-528998b82b14,2026-08-12T16:54:12.931649+00:00,native_windows_x86_64,NATIVE_SOFTWARE,x86_64,"AMD64 Family 23 Model 96 Stepping 1, AuthenticAMD",12,7598,Windows-11-10.0.26200-SP0,N/A (prebuilt Python extension wheel),N/A,N/A (prebuilt wheel),pqcrypto,0.4.0,ML-KEM-512,encapsulation,55,165800,28635136,True,
86230baa-0c3e-43a8-8879-a0e633ce9dec,56e5dbbb-b79e-4bbd-82ac-528998b82b14,2026-08-12T16:54:12.931908+00:00,native_windows_x86_64,NATIVE_SOFTWARE,x86_64,"AMD64 Family 23 Model 96 Stepping 1, AuthenticAMD",12,7598,Windows-11-10.0.26200-SP0,N/A (prebuilt Python extension wheel),N/A,N/A (prebuilt wheel),pqcrypto,0.4.0,ML-KEM-512,decapsulation,55,45900,28635136,True,
86230baa-0c3e-43a8-8879-a0e633ce9dec,56e5dbbb-b79e-4bbd-82ac-528998b82b14,2026-08-12T16:54:12.932033+00:00,native_windows_x86_64,NATIVE_SOFTWARE,x86_64,"AMD64 Family 23 Model 96 Stepping 1, AuthenticAMD",12,7598,Windows-11-10.0.26200-SP0,N/A (prebuilt Python extension wheel),N/A,N/A (prebuilt wheel),pqcrypto,0.4.0,ML-KEM-512,keygen,56,155600,28635136,True,
86230baa-0c3e-43a8-8879-a0e633ce9dec,56e5dbbb-b79e-4bbd-82ac-528998b82b14,2026-08-12T16:54:12.932428+00:00,native_windows_x86_64,NATIVE_SOFTWARE,x86_64,"AMD64 Family 23 Model 96 Stepping 1, AuthenticAMD",12,7598,Windows-11-10.0.26200-SP0,N/A (prebuilt Python extension wheel),N/A,N/A (prebuilt wheel),pqcrypto,0.4.0,ML-KEM-512,encapsulation,56,155000,28635136,True,
86230baa-0c3e-43a8-8879-a0e633ce9dec,56e5dbbb-b79e-4bbd-82ac-528998b82b14,2026-08-12T16:54:12.932685+00:00,native_windows_x86_64,NATIVE_SOFTWARE,x86_64,"AMD64 Family 23 Model 96 Stepping 1, AuthenticAMD",12,7598,Windows-11-10.0.26200-SP0,N/A (prebuilt Python extension wheel),N/A,N/A (prebuilt wheel),pqcrypto,0.4.0,ML-KEM-512,decapsulation,56,48000,28635136,True,
86230baa-0c3e-43a8-8879-a0e633ce9dec,56e5dbbb-b79e-4bbd-82ac-528998b82b14,2026-08-12T16:54:12.932812+00:00,native_windows_x86_64,NATIVE_SOFTWARE,x86_64,"AMD64 Family 23 Model 96 Stepping 1, AuthenticAMD",12,7598,Windows-11-10.0.26200-SP0,N/A (prebuilt Python extension wheel),N/A,N/A (prebuilt wheel),pqcrypto,0.4.0,ML-KEM-512,keygen,57,158400,28635136,True,
86230baa-0c3e-43a8-8879-a0e633ce9dec,56e5dbbb-b79e-4bbd-82ac-528998b82b14,2026-08-12T16:54:12.933217+00:00,native_windows_x86_64,NATIVE_SOFTWARE,x86_64,"AMD64 Family 23 Model 96 Stepping 1, AuthenticAMD",12,7598,Windows-11-10.0.26200-SP0,N/A (prebuilt Python extension wheel),N/A,N/A (prebuilt wheel),pqcrypto,0.4.0,ML-KEM-512,encapsulation,57,149400,28635136,True,
86230baa-0c3e-43a8-8879-a0e633ce9dec,56e5dbbb-b79e-4bbd-82ac-528998b82b14,2026-08-12T16:54:12.933458+00:00,native_windows_x86_64,NATIVE_SOFTWARE,x86_64,"AMD64 Family 23 Model 96 Stepping 1, AuthenticAMD",12,7598,Windows-11-10.0.26200-SP0,N/A (prebuilt Python extension wheel),N/A,N/A (prebuilt wheel),pqcrypto,0.4.0,ML-KEM-512,decapsulation,57,45500,28635136,True,
86230baa-0c3e-43a8-8879-a0e633ce9dec,56e5dbbb-b79e-4bbd-82ac-528998b82b14,2026-08-12T16:54:12.933583+00:00,native_windows_x86_64,NATIVE_SOFTWARE,x86_64,"AMD64 Family 23 Model 96 Stepping 1, AuthenticAMD",12,7598,Windows-11-10.0.26200-SP0,N/A (prebuilt Python extension wheel),N/A,N/A (prebuilt wheel),pqcrypto,0.4.0,ML-KEM-512,keygen,58,165900,28635136,True,
86230baa-0c3e-43a8-8879-a0e633ce9dec,56e5dbbb-b79e-4bbd-82ac-528998b82b14,2026-08-12T16:54:12.933997+00:00,native_windows_x86_64,NATIVE_SOFTWARE,x86_64,"AMD64 Family 23 Model 96 Stepping 1, AuthenticAMD",12,7598,Windows-11-10.0.26200-SP0,N/A (prebuilt Python extension wheel),N/A,N/A (prebuilt wheel),pqcrypto,0.4.0,ML-KEM-512,encapsulation,58,150500,28635136,True,
86230baa-0c3e-43a8-8879-a0e633ce9dec,56e5dbbb-b79e-4bbd-82ac-528998b82b14,2026-08-12T16:54:12.934245+00:00,native_windows_x86_64,NATIVE_SOFTWARE,x86_64,"AMD64 Family 23 Model 96 Stepping 1, AuthenticAMD",12,7598,Windows-11-10.0.26200-SP0,N/A (prebuilt Python extension wheel),N/A,N/A (prebuilt wheel),pqcrypto,0.4.0,ML-KEM-512,decapsulation,58,45700,28635136,True,
86230baa-0c3e-43a8-8879-a0e633ce9dec,56e5dbbb-b79e-4bbd-82ac-528998b82b14,2026-08-12T16:54:12.934371+00:00,native_windows_x86_64,NATIVE_SOFTWARE,x86_64,"AMD64 Family 23 Model 96 Stepping 1, AuthenticAMD",12,7598,Windows-11-10.0.26200-SP0,N/A (prebuilt Python extension wheel),N/A,N/A (prebuilt wheel),pqcrypto,0.4.0,ML-KEM-512,keygen,59,164400,28635136,True,
86230baa-0c3e-43a8-8879-a0e633ce9dec,56e5dbbb-b79e-4bbd-82ac-528998b82b14,2026-08-12T16:54:12.934790+00:00,native_windows_x86_64,NATIVE_SOFTWARE,x86_64,"AMD64 Family 23 Model 96 Stepping 1, AuthenticAMD",12,7598,Windows-11-10.0.26200-SP0,N/A (prebuilt Python extension wheel),N/A,N/A (prebuilt wheel),pqcrypto,0.4.0,ML-KEM-512,encapsulation,59,150500,28635136,True,
86230baa-0c3e-43a8-8879-a0e633ce9dec,56e5dbbb-b79e-4bbd-82ac-528998b82b14,2026-08-12T16:54:12.935034+00:00,native_windows_x86_64,NATIVE_SOFTWARE,x86_64,"AMD64 Family 23 Model 96 Stepping 1, AuthenticAMD",12,7598,Windows-11-10.0.26200-SP0,N/A (prebuilt Python extension wheel),N/A,N/A (prebuilt wheel),pqcrypto,0.4.0,ML-KEM-512,decapsulation,59,45800,28635136,True,
86230baa-0c3e-43a8-8879-a0e633ce9dec,56e5dbbb-b79e-4bbd-82ac-528998b82b14,2026-08-12T16:54:12.935160+00:00,native_windows_x86_64,NATIVE_SOFTWARE,x86_64,"AMD64 Family 23 Model 96 Stepping 1, AuthenticAMD",12,7598,Windows-11-10.0.26200-SP0,N/A (prebuilt Python extension wheel),N/A,N/A (prebuilt wheel),pqcrypto,0.4.0,ML-KEM-512,keygen,60,155000,28635136,True,
86230baa-0c3e-43a8-8879-a0e633ce9dec,56e5dbbb-b79e-4bbd-82ac-528998b82b14,2026-08-12T16:54:12.935556+00:00,native_windows_x86_64,NATIVE_SOFTWARE,x86_64,"AMD64 Family 23 Model 96 Stepping 1, AuthenticAMD",12,7598,Windows-11-10.0.26200-SP0,N/A (prebuilt Python extension wheel),N/A,N/A (prebuilt wheel),pqcrypto,0.4.0,ML-KEM-512,encapsulation,60,150800,28635136,True,
86230baa-0c3e-43a8-8879-a0e633ce9dec,56e5dbbb-b79e-4bbd-82ac-528998b82b14,2026-08-12T16:54:12.935798+00:00,native_windows_x86_64,NATIVE_SOFTWARE,x86_64,"AMD64 Family 23 Model 96 Stepping 1, AuthenticAMD",12,7598,Windows-11-10.0.26200-SP0,N/A (prebuilt Python extension wheel),N/A,N/A (prebuilt wheel),pqcrypto,0.4.0,ML-KEM-512,decapsulation,60,45600,28635136,True,
86230baa-0c3e-43a8-8879-a0e633ce9dec,56e5dbbb-b79e-4bbd-82ac-528998b82b14,2026-08-12T16:54:12.935922+00:00,native_windows_x86_64,NATIVE_SOFTWARE,x86_64,"AMD64 Family 23 Model 96 Stepping 1, AuthenticAMD",12,7598,Windows-11-10.0.26200-SP0,N/A (prebuilt Python extension wheel),N/A,N/A (prebuilt wheel),pqcrypto,0.4.0,ML-KEM-512,keygen,61,158500,28635136,True,
86230baa-0c3e-43a8-8879-a0e633ce9dec,56e5dbbb-b79e-4bbd-82ac-528998b82b14,2026-08-12T16:54:12.936321+00:00,native_windows_x86_64,NATIVE_SOFTWARE,x86_64,"AMD64 Family 23 Model 96 Stepping 1, AuthenticAMD",12,7598,Windows-11-10.0.26200-SP0,N/A (prebuilt Python extension wheel),N/A,N/A (prebuilt wheel),pqcrypto,0.4.0,ML-KEM-512,encapsulation,61,163500,28635136,True,
86230baa-0c3e-43a8-8879-a0e633ce9dec,56e5dbbb-b79e-4bbd-82ac-528998b82b14,2026-08-12T16:54:12.936577+00:00,native_windows_x86_64,NATIVE_SOFTWARE,x86_64,"AMD64 Family 23 Model 96 Stepping 1, AuthenticAMD",12,7598,Windows-11-10.0.26200-SP0,N/A (prebuilt Python extension wheel),N/A,N/A (prebuilt wheel),pqcrypto,0.4.0,ML-KEM-512,decapsulation,61,49000,28635136,True,
86230baa-0c3e-43a8-8879-a0e633ce9dec,56e5dbbb-b79e-4bbd-82ac-528998b82b14,2026-08-12T16:54:12.936710+00:00,native_windows_x86_64,NATIVE_SOFTWARE,x86_64,"AMD64 Family 23 Model 96 Stepping 1, AuthenticAMD",12,7598,Windows-11-10.0.26200-SP0,N/A (prebuilt Python extension wheel),N/A,N/A (prebuilt wheel),pqcrypto,0.4.0,ML-KEM-512,keygen,62,154300,28635136,True,
86230baa-0c3e-43a8-8879-a0e633ce9dec,56e5dbbb-b79e-4bbd-82ac-528998b82b14,2026-08-12T16:54:12.937105+00:00,native_windows_x86_64,NATIVE_SOFTWARE,x86_64,"AMD64 Family 23 Model 96 Stepping 1, AuthenticAMD",12,7598,Windows-11-10.0.26200-SP0,N/A (prebuilt Python extension wheel),N/A,N/A (prebuilt wheel),pqcrypto,0.4.0,ML-KEM-512,encapsulation,62,150800,28635136,True,
86230baa-0c3e-43a8-8879-a0e633ce9dec,56e5dbbb-b79e-4bbd-82ac-528998b82b14,2026-08-12T16:54:12.937349+00:00,native_windows_x86_64,NATIVE_SOFTWARE,x86_64,"AMD64 Family 23 Model 96 Stepping 1, AuthenticAMD",12,7598,Windows-11-10.0.26200-SP0,N/A (prebuilt Python extension wheel),N/A,N/A (prebuilt wheel),pqcrypto,0.4.0,ML-KEM-512,decapsulation,62,45500,28635136,True,
86230baa-0c3e-43a8-8879-a0e633ce9dec,56e5dbbb-b79e-4bbd-82ac-528998b82b14,2026-08-12T16:54:12.937474+00:00,native_windows_x86_64,NATIVE_SOFTWARE,x86_64,"AMD64 Family 23 Model 96 Stepping 1, AuthenticAMD",12,7598,Windows-11-10.0.26200-SP0,N/A (prebuilt Python extension wheel),N/A,N/A (prebuilt wheel),pqcrypto,0.4.0,ML-KEM-512,keygen,63,153700,28635136,True,
86230baa-0c3e-43a8-8879-a0e633ce9dec,56e5dbbb-b79e-4bbd-82ac-528998b82b14,2026-08-12T16:54:12.937872+00:00,native_windows_x86_64,NATIVE_SOFTWARE,x86_64,"AMD64 Family 23 Model 96 Stepping 1, AuthenticAMD",12,7598,Windows-11-10.0.26200-SP0,N/A (prebuilt Python extension wheel),N/A,N/A (prebuilt wheel),pqcrypto,0.4.0,ML-KEM-512,encapsulation,63,156100,28635136,True,
86230baa-0c3e-43a8-8879-a0e633ce9dec,56e5dbbb-b79e-4bbd-82ac-528998b82b14,2026-08-12T16:54:12.938121+00:00,native_windows_x86_64,NATIVE_SOFTWARE,x86_64,"AMD64 Family 23 Model 96 Stepping 1, AuthenticAMD",12,7598,Windows-11-10.0.26200-SP0,N/A (prebuilt Python extension wheel),N/A,N/A (prebuilt wheel),pqcrypto,0.4.0,ML-KEM-512,decapsulation,63,45400,28635136,True,
86230baa-0c3e-43a8-8879-a0e633ce9dec,56e5dbbb-b79e-4bbd-82ac-528998b82b14,2026-08-12T16:54:12.938245+00:00,native_windows_x86_64,NATIVE_SOFTWARE,x86_64,"AMD64 Family 23 Model 96 Stepping 1, AuthenticAMD",12,7598,Windows-11-10.0.26200-SP0,N/A (prebuilt Python extension wheel),N/A,N/A (prebuilt wheel),pqcrypto,0.4.0,ML-KEM-512,keygen,64,154500,28635136,True,
86230baa-0c3e-43a8-8879-a0e633ce9dec,56e5dbbb-b79e-4bbd-82ac-528998b82b14,2026-08-12T16:54:12.938653+00:00,native_windows_x86_64,NATIVE_SOFTWARE,x86_64,"AMD64 Family 23 Model 96 Stepping 1, AuthenticAMD",12,7598,Windows-11-10.0.26200-SP0,N/A (prebuilt Python extension wheel),N/A,N/A (prebuilt wheel),pqcrypto,0.4.0,ML-KEM-512,encapsulation,64,151300,28635136,True,
86230baa-0c3e-43a8-8879-a0e633ce9dec,56e5dbbb-b79e-4bbd-82ac-528998b82b14,2026-08-12T16:54:12.938901+00:00,native_windows_x86_64,NATIVE_SOFTWARE,x86_64,"AMD64 Family 23 Model 96 Stepping 1, AuthenticAMD",12,7598,Windows-11-10.0.26200-SP0,N/A (prebuilt Python extension wheel),N/A,N/A (prebuilt wheel),pqcrypto,0.4.0,ML-KEM-512,decapsulation,64,45400,28635136,True,
86230baa-0c3e-43a8-8879-a0e633ce9dec,56e5dbbb-b79e-4bbd-82ac-528998b82b14,2026-08-12T16:54:12.939027+00:00,native_windows_x86_64,NATIVE_SOFTWARE,x86_64,"AMD64 Family 23 Model 96 Stepping 1, AuthenticAMD",12,7598,Windows-11-10.0.26200-SP0,N/A (prebuilt Python extension wheel),N/A,N/A (prebuilt wheel),pqcrypto,0.4.0,ML-KEM-512,keygen,65,158200,28635136,True,
86230baa-0c3e-43a8-8879-a0e633ce9dec,56e5dbbb-b79e-4bbd-82ac-528998b82b14,2026-08-12T16:54:12.939426+00:00,native_windows_x86_64,NATIVE_SOFTWARE,x86_64,"AMD64 Family 23 Model 96 Stepping 1, AuthenticAMD",12,7598,Windows-11-10.0.26200-SP0,N/A (prebuilt Python extension wheel),N/A,N/A (prebuilt wheel),pqcrypto,0.4.0,ML-KEM-512,encapsulation,65,183500,28639232,True,
86230baa-0c3e-43a8-8879-a0e633ce9dec,56e5dbbb-b79e-4bbd-82ac-528998b82b14,2026-08-12T16:54:12.939712+00:00,native_windows_x86_64,NATIVE_SOFTWARE,x86_64,"AMD64 Family 23 Model 96 Stepping 1, AuthenticAMD",12,7598,Windows-11-10.0.26200-SP0,N/A (prebuilt Python extension wheel),N/A,N/A (prebuilt wheel),pqcrypto,0.4.0,ML-KEM-512,decapsulation,65,45800,28639232,True,
86230baa-0c3e-43a8-8879-a0e633ce9dec,56e5dbbb-b79e-4bbd-82ac-528998b82b14,2026-08-12T16:54:12.939837+00:00,native_windows_x86_64,NATIVE_SOFTWARE,x86_64,"AMD64 Family 23 Model 96 Stepping 1, AuthenticAMD",12,7598,Windows-11-10.0.26200-SP0,N/A (prebuilt Python extension wheel),N/A,N/A (prebuilt wheel),pqcrypto,0.4.0,ML-KEM-512,keygen,66,159100,28639232,True,
86230baa-0c3e-43a8-8879-a0e633ce9dec,56e5dbbb-b79e-4bbd-82ac-528998b82b14,2026-08-12T16:54:12.940249+00:00,native_windows_x86_64,NATIVE_SOFTWARE,x86_64,"AMD64 Family 23 Model 96 Stepping 1, AuthenticAMD",12,7598,Windows-11-10.0.26200-SP0,N/A (prebuilt Python extension wheel),N/A,N/A (prebuilt wheel),pqcrypto,0.4.0,ML-KEM-512,encapsulation,66,156600,28639232,True,
86230baa-0c3e-43a8-8879-a0e633ce9dec,56e5dbbb-b79e-4bbd-82ac-528998b82b14,2026-08-12T16:54:12.940502+00:00,native_windows_x86_64,NATIVE_SOFTWARE,x86_64,"AMD64 Family 23 Model 96 Stepping 1, AuthenticAMD",12,7598,Windows-11-10.0.26200-SP0,N/A (prebuilt Python extension wheel),N/A,N/A (prebuilt wheel),pqcrypto,0.4.0,ML-KEM-512,decapsulation,66,46100,28778496,True,
86230baa-0c3e-43a8-8879-a0e633ce9dec,56e5dbbb-b79e-4bbd-82ac-528998b82b14,2026-08-12T16:54:12.940687+00:00,native_windows_x86_64,NATIVE_SOFTWARE,x86_64,"AMD64 Family 23 Model 96 Stepping 1, AuthenticAMD",12,7598,Windows-11-10.0.26200-SP0,N/A (prebuilt Python extension wheel),N/A,N/A (prebuilt wheel),pqcrypto,0.4.0,ML-KEM-512,keygen,67,167400,28786688,True,
86230baa-0c3e-43a8-8879-a0e633ce9dec,56e5dbbb-b79e-4bbd-82ac-528998b82b14,2026-08-12T16:54:12.941107+00:00,native_windows_x86_64,NATIVE_SOFTWARE,x86_64,"AMD64 Family 23 Model 96 Stepping 1, AuthenticAMD",12,7598,Windows-11-10.0.26200-SP0,N/A (prebuilt Python extension wheel),N/A,N/A (prebuilt wheel),pqcrypto,0.4.0,ML-KEM-512,encapsulation,67,152300,28786688,True,
86230baa-0c3e-43a8-8879-a0e633ce9dec,56e5dbbb-b79e-4bbd-82ac-528998b82b14,2026-08-12T16:54:12.941787+00:00,native_windows_x86_64,NATIVE_SOFTWARE,x86_64,"AMD64 Family 23 Model 96 Stepping 1, AuthenticAMD",12,7598,Windows-11-10.0.26200-SP0,N/A (prebuilt Python extension wheel),N/A,N/A (prebuilt wheel),pqcrypto,0.4.0,ML-KEM-512,decapsulation,67,54000,28786688,True,
86230baa-0c3e-43a8-8879-a0e633ce9dec,56e5dbbb-b79e-4bbd-82ac-528998b82b14,2026-08-12T16:54:12.941932+00:00,native_windows_x86_64,NATIVE_SOFTWARE,x86_64,"AMD64 Family 23 Model 96 Stepping 1, AuthenticAMD",12,7598,Windows-11-10.0.26200-SP0,N/A (prebuilt Python extension wheel),N/A,N/A (prebuilt wheel),pqcrypto,0.4.0,ML-KEM-512,keygen,68,218500,28786688,True,
86230baa-0c3e-43a8-8879-a0e633ce9dec,56e5dbbb-b79e-4bbd-82ac-528998b82b14,2026-08-12T16:54:12.942407+00:00,native_windows_x86_64,NATIVE_SOFTWARE,x86_64,"AMD64 Family 23 Model 96 Stepping 1, AuthenticAMD",12,7598,Windows-11-10.0.26200-SP0,N/A (prebuilt Python extension wheel),N/A,N/A (prebuilt wheel),pqcrypto,0.4.0,ML-KEM-512,encapsulation,68,163000,28786688,True,
86230baa-0c3e-43a8-8879-a0e633ce9dec,56e5dbbb-b79e-4bbd-82ac-528998b82b14,2026-08-12T16:54:12.942675+00:00,native_windows_x86_64,NATIVE_SOFTWARE,x86_64,"AMD64 Family 23 Model 96 Stepping 1, AuthenticAMD",12,7598,Windows-11-10.0.26200-SP0,N/A (prebuilt Python extension wheel),N/A,N/A (prebuilt wheel),pqcrypto,0.4.0,ML-KEM-512,decapsulation,68,46100,28786688,True,
86230baa-0c3e-43a8-8879-a0e633ce9dec,56e5dbbb-b79e-4bbd-82ac-528998b82b14,2026-08-12T16:54:12.942801+00:00,native_windows_x86_64,NATIVE_SOFTWARE,x86_64,"AMD64 Family 23 Model 96 Stepping 1, AuthenticAMD",12,7598,Windows-11-10.0.26200-SP0,N/A (prebuilt Python extension wheel),N/A,N/A (prebuilt wheel),pqcrypto,0.4.0,ML-KEM-512,keygen,69,159600,28786688,True,
86230baa-0c3e-43a8-8879-a0e633ce9dec,56e5dbbb-b79e-4bbd-82ac-528998b82b14,2026-08-12T16:54:12.943215+00:00,native_windows_x86_64,NATIVE_SOFTWARE,x86_64,"AMD64 Family 23 Model 96 Stepping 1, AuthenticAMD",12,7598,Windows-11-10.0.26200-SP0,N/A (prebuilt Python extension wheel),N/A,N/A (prebuilt wheel),pqcrypto,0.4.0,ML-KEM-512,encapsulation,69,175400,28786688,True,
86230baa-0c3e-43a8-8879-a0e633ce9dec,56e5dbbb-b79e-4bbd-82ac-528998b82b14,2026-08-12T16:54:12.943524+00:00,native_windows_x86_64,NATIVE_SOFTWARE,x86_64,"AMD64 Family 23 Model 96 Stepping 1, AuthenticAMD",12,7598,Windows-11-10.0.26200-SP0,N/A (prebuilt Python extension wheel),N/A,N/A (prebuilt wheel),pqcrypto,0.4.0,ML-KEM-512,decapsulation,69,47700,28786688,True,
86230baa-0c3e-43a8-8879-a0e633ce9dec,56e5dbbb-b79e-4bbd-82ac-528998b82b14,2026-08-12T16:54:12.943657+00:00,native_windows_x86_64,NATIVE_SOFTWARE,x86_64,"AMD64 Family 23 Model 96 Stepping 1, AuthenticAMD",12,7598,Windows-11-10.0.26200-SP0,N/A (prebuilt Python extension wheel),N/A,N/A (prebuilt wheel),pqcrypto,0.4.0,ML-KEM-512,keygen,70,168100,28786688,True,
86230baa-0c3e-43a8-8879-a0e633ce9dec,56e5dbbb-b79e-4bbd-82ac-528998b82b14,2026-08-12T16:54:12.944099+00:00,native_windows_x86_64,NATIVE_SOFTWARE,x86_64,"AMD64 Family 23 Model 96 Stepping 1, AuthenticAMD",12,7598,Windows-11-10.0.26200-SP0,N/A (prebuilt Python extension wheel),N/A,N/A (prebuilt wheel),pqcrypto,0.4.0,ML-KEM-512,encapsulation,70,154900,28786688,True,
86230baa-0c3e-43a8-8879-a0e633ce9dec,56e5dbbb-b79e-4bbd-82ac-528998b82b14,2026-08-12T16:54:12.944361+00:00,native_windows_x86_64,NATIVE_SOFTWARE,x86_64,"AMD64 Family 23 Model 96 Stepping 1, AuthenticAMD",12,7598,Windows-11-10.0.26200-SP0,N/A (prebuilt Python extension wheel),N/A,N/A (prebuilt wheel),pqcrypto,0.4.0,ML-KEM-512,decapsulation,70,46100,28786688,True,
86230baa-0c3e-43a8-8879-a0e633ce9dec,56e5dbbb-b79e-4bbd-82ac-528998b82b14,2026-08-12T16:54:12.944494+00:00,native_windows_x86_64,NATIVE_SOFTWARE,x86_64,"AMD64 Family 23 Model 96 Stepping 1, AuthenticAMD",12,7598,Windows-11-10.0.26200-SP0,N/A (prebuilt Python extension wheel),N/A,N/A (prebuilt wheel),pqcrypto,0.4.0,ML-KEM-512,keygen,71,172300,28786688,True,
86230baa-0c3e-43a8-8879-a0e633ce9dec,56e5dbbb-b79e-4bbd-82ac-528998b82b14,2026-08-12T16:54:12.944930+00:00,native_windows_x86_64,NATIVE_SOFTWARE,x86_64,"AMD64 Family 23 Model 96 Stepping 1, AuthenticAMD",12,7598,Windows-11-10.0.26200-SP0,N/A (prebuilt Python extension wheel),N/A,N/A (prebuilt wheel),pqcrypto,0.4.0,ML-KEM-512,encapsulation,71,157400,28786688,True,
86230baa-0c3e-43a8-8879-a0e633ce9dec,56e5dbbb-b79e-4bbd-82ac-528998b82b14,2026-08-12T16:54:12.945189+00:00,native_windows_x86_64,NATIVE_SOFTWARE,x86_64,"AMD64 Family 23 Model 96 Stepping 1, AuthenticAMD",12,7598,Windows-11-10.0.26200-SP0,N/A (prebuilt Python extension wheel),N/A,N/A (prebuilt wheel),pqcrypto,0.4.0,ML-KEM-512,decapsulation,71,46400,28786688,True,
86230baa-0c3e-43a8-8879-a0e633ce9dec,56e5dbbb-b79e-4bbd-82ac-528998b82b14,2026-08-12T16:54:12.945323+00:00,native_windows_x86_64,NATIVE_SOFTWARE,x86_64,"AMD64 Family 23 Model 96 Stepping 1, AuthenticAMD",12,7598,Windows-11-10.0.26200-SP0,N/A (prebuilt Python extension wheel),N/A,N/A (prebuilt wheel),pqcrypto,0.4.0,ML-KEM-512,keygen,72,162200,28786688,True,
86230baa-0c3e-43a8-8879-a0e633ce9dec,56e5dbbb-b79e-4bbd-82ac-528998b82b14,2026-08-12T16:54:12.945748+00:00,native_windows_x86_64,NATIVE_SOFTWARE,x86_64,"AMD64 Family 23 Model 96 Stepping 1, AuthenticAMD",12,7598,Windows-11-10.0.26200-SP0,N/A (prebuilt Python extension wheel),N/A,N/A (prebuilt wheel),pqcrypto,0.4.0,ML-KEM-512,encapsulation,72,156200,28786688,True,
86230baa-0c3e-43a8-8879-a0e633ce9dec,56e5dbbb-b79e-4bbd-82ac-528998b82b14,2026-08-12T16:54:12.946013+00:00,native_windows_x86_64,NATIVE_SOFTWARE,x86_64,"AMD64 Family 23 Model 96 Stepping 1, AuthenticAMD",12,7598,Windows-11-10.0.26200-SP0,N/A (prebuilt Python extension wheel),N/A,N/A (prebuilt wheel),pqcrypto,0.4.0,ML-KEM-512,decapsulation,72,45800,28786688,True,
86230baa-0c3e-43a8-8879-a0e633ce9dec,56e5dbbb-b79e-4bbd-82ac-528998b82b14,2026-08-12T16:54:12.946144+00:00,native_windows_x86_64,NATIVE_SOFTWARE,x86_64,"AMD64 Family 23 Model 96 Stepping 1, AuthenticAMD",12,7598,Windows-11-10.0.26200-SP0,N/A (prebuilt Python extension wheel),N/A,N/A (prebuilt wheel),pqcrypto,0.4.0,ML-KEM-512,keygen,73,163900,28786688,True,
86230baa-0c3e-43a8-8879-a0e633ce9dec,56e5dbbb-b79e-4bbd-82ac-528998b82b14,2026-08-12T16:54:12.946571+00:00,native_windows_x86_64,NATIVE_SOFTWARE,x86_64,"AMD64 Family 23 Model 96 Stepping 1, AuthenticAMD",12,7598,Windows-11-10.0.26200-SP0,N/A (prebuilt Python extension wheel),N/A,N/A (prebuilt wheel),pqcrypto,0.4.0,ML-KEM-512,encapsulation,73,167800,28786688,True,
86230baa-0c3e-43a8-8879-a0e633ce9dec,56e5dbbb-b79e-4bbd-82ac-528998b82b14,2026-08-12T16:54:12.946841+00:00,native_windows_x86_64,NATIVE_SOFTWARE,x86_64,"AMD64 Family 23 Model 96 Stepping 1, AuthenticAMD",12,7598,Windows-11-10.0.26200-SP0,N/A (prebuilt Python extension wheel),N/A,N/A (prebuilt wheel),pqcrypto,0.4.0,ML-KEM-512,decapsulation,73,75300,28786688,True,
86230baa-0c3e-43a8-8879-a0e633ce9dec,56e5dbbb-b79e-4bbd-82ac-528998b82b14,2026-08-12T16:54:12.947002+00:00,native_windows_x86_64,NATIVE_SOFTWARE,x86_64,"AMD64 Family 23 Model 96 Stepping 1, AuthenticAMD",12,7598,Windows-11-10.0.26200-SP0,N/A (prebuilt Python extension wheel),N/A,N/A (prebuilt wheel),pqcrypto,0.4.0,ML-KEM-512,keygen,74,167900,28786688,True,
86230baa-0c3e-43a8-8879-a0e633ce9dec,56e5dbbb-b79e-4bbd-82ac-528998b82b14,2026-08-12T16:54:12.947420+00:00,native_windows_x86_64,NATIVE_SOFTWARE,x86_64,"AMD64 Family 23 Model 96 Stepping 1, AuthenticAMD",12,7598,Windows-11-10.0.26200-SP0,N/A (prebuilt Python extension wheel),N/A,N/A (prebuilt wheel),pqcrypto,0.4.0,ML-KEM-512,encapsulation,74,150800,28786688,True,
86230baa-0c3e-43a8-8879-a0e633ce9dec,56e5dbbb-b79e-4bbd-82ac-528998b82b14,2026-08-12T16:54:12.947671+00:00,native_windows_x86_64,NATIVE_SOFTWARE,x86_64,"AMD64 Family 23 Model 96 Stepping 1, AuthenticAMD",12,7598,Windows-11-10.0.26200-SP0,N/A (prebuilt Python extension wheel),N/A,N/A (prebuilt wheel),pqcrypto,0.4.0,ML-KEM-512,decapsulation,74,46000,28786688,True,
86230baa-0c3e-43a8-8879-a0e633ce9dec,56e5dbbb-b79e-4bbd-82ac-528998b82b14,2026-08-12T16:54:12.947798+00:00,native_windows_x86_64,NATIVE_SOFTWARE,x86_64,"AMD64 Family 23 Model 96 Stepping 1, AuthenticAMD",12,7598,Windows-11-10.0.26200-SP0,N/A (prebuilt Python extension wheel),N/A,N/A (prebuilt wheel),pqcrypto,0.4.0,ML-KEM-512,keygen,75,162700,28786688,True,
86230baa-0c3e-43a8-8879-a0e633ce9dec,56e5dbbb-b79e-4bbd-82ac-528998b82b14,2026-08-12T16:54:12.948206+00:00,native_windows_x86_64,NATIVE_SOFTWARE,x86_64,"AMD64 Family 23 Model 96 Stepping 1, AuthenticAMD",12,7598,Windows-11-10.0.26200-SP0,N/A (prebuilt Python extension wheel),N/A,N/A (prebuilt wheel),pqcrypto,0.4.0,ML-KEM-512,encapsulation,75,155300,28786688,True,
86230baa-0c3e-43a8-8879-a0e633ce9dec,56e5dbbb-b79e-4bbd-82ac-528998b82b14,2026-08-12T16:54:12.948461+00:00,native_windows_x86_64,NATIVE_SOFTWARE,x86_64,"AMD64 Family 23 Model 96 Stepping 1, AuthenticAMD",12,7598,Windows-11-10.0.26200-SP0,N/A (prebuilt Python extension wheel),N/A,N/A (prebuilt wheel),pqcrypto,0.4.0,ML-KEM-512,decapsulation,75,45900,28786688,True,
86230baa-0c3e-43a8-8879-a0e633ce9dec,56e5dbbb-b79e-4bbd-82ac-528998b82b14,2026-08-12T16:54:12.948588+00:00,native_windows_x86_64,NATIVE_SOFTWARE,x86_64,"AMD64 Family 23 Model 96 Stepping 1, AuthenticAMD",12,7598,Windows-11-10.0.26200-SP0,N/A (prebuilt Python extension wheel),N/A,N/A (prebuilt wheel),pqcrypto,0.4.0,ML-KEM-512,keygen,76,166000,28786688,True,
86230baa-0c3e-43a8-8879-a0e633ce9dec,56e5dbbb-b79e-4bbd-82ac-528998b82b14,2026-08-12T16:54:12.949029+00:00,native_windows_x86_64,NATIVE_SOFTWARE,x86_64,"AMD64 Family 23 Model 96 Stepping 1, AuthenticAMD",12,7598,Windows-11-10.0.26200-SP0,N/A (prebuilt Python extension wheel),N/A,N/A (prebuilt wheel),pqcrypto,0.4.0,ML-KEM-512,encapsulation,76,150300,28786688,True,
86230baa-0c3e-43a8-8879-a0e633ce9dec,56e5dbbb-b79e-4bbd-82ac-528998b82b14,2026-08-12T16:54:12.949274+00:00,native_windows_x86_64,NATIVE_SOFTWARE,x86_64,"AMD64 Family 23 Model 96 Stepping 1, AuthenticAMD",12,7598,Windows-11-10.0.26200-SP0,N/A (prebuilt Python extension wheel),N/A,N/A (prebuilt wheel),pqcrypto,0.4.0,ML-KEM-512,decapsulation,76,45700,28786688,True,
86230baa-0c3e-43a8-8879-a0e633ce9dec,56e5dbbb-b79e-4bbd-82ac-528998b82b14,2026-08-12T16:54:12.949399+00:00,native_windows_x86_64,NATIVE_SOFTWARE,x86_64,"AMD64 Family 23 Model 96 Stepping 1, AuthenticAMD",12,7598,Windows-11-10.0.26200-SP0,N/A (prebuilt Python extension wheel),N/A,N/A (prebuilt wheel),pqcrypto,0.4.0,ML-KEM-512,keygen,77,159900,28786688,True,
86230baa-0c3e-43a8-8879-a0e633ce9dec,56e5dbbb-b79e-4bbd-82ac-528998b82b14,2026-08-12T16:54:12.949806+00:00,native_windows_x86_64,NATIVE_SOFTWARE,x86_64,"AMD64 Family 23 Model 96 Stepping 1, AuthenticAMD",12,7598,Windows-11-10.0.26200-SP0,N/A (prebuilt Python extension wheel),N/A,N/A (prebuilt wheel),pqcrypto,0.4.0,ML-KEM-512,encapsulation,77,152200,28786688,True,
86230baa-0c3e-43a8-8879-a0e633ce9dec,56e5dbbb-b79e-4bbd-82ac-528998b82b14,2026-08-12T16:54:12.950053+00:00,native_windows_x86_64,NATIVE_SOFTWARE,x86_64,"AMD64 Family 23 Model 96 Stepping 1, AuthenticAMD",12,7598,Windows-11-10.0.26200-SP0,N/A (prebuilt Python extension wheel),N/A,N/A (prebuilt wheel),pqcrypto,0.4.0,ML-KEM-512,decapsulation,77,45900,28786688,True,
86230baa-0c3e-43a8-8879-a0e633ce9dec,56e5dbbb-b79e-4bbd-82ac-528998b82b14,2026-08-12T16:54:12.950178+00:00,native_windows_x86_64,NATIVE_SOFTWARE,x86_64,"AMD64 Family 23 Model 96 Stepping 1, AuthenticAMD",12,7598,Windows-11-10.0.26200-SP0,N/A (prebuilt Python extension wheel),N/A,N/A (prebuilt wheel),pqcrypto,0.4.0,ML-KEM-512,keygen,78,164200,28786688,True,
86230baa-0c3e-43a8-8879-a0e633ce9dec,56e5dbbb-b79e-4bbd-82ac-528998b82b14,2026-08-12T16:54:12.950585+00:00,native_windows_x86_64,NATIVE_SOFTWARE,x86_64,"AMD64 Family 23 Model 96 Stepping 1, AuthenticAMD",12,7598,Windows-11-10.0.26200-SP0,N/A (prebuilt Python extension wheel),N/A,N/A (prebuilt wheel),pqcrypto,0.4.0,ML-KEM-512,encapsulation,78,156000,28786688,True,
86230baa-0c3e-43a8-8879-a0e633ce9dec,56e5dbbb-b79e-4bbd-82ac-528998b82b14,2026-08-12T16:54:12.950843+00:00,native_windows_x86_64,NATIVE_SOFTWARE,x86_64,"AMD64 Family 23 Model 96 Stepping 1, AuthenticAMD",12,7598,Windows-11-10.0.26200-SP0,N/A (prebuilt Python extension wheel),N/A,N/A (prebuilt wheel),pqcrypto,0.4.0,ML-KEM-512,decapsulation,78,46400,28786688,True,
86230baa-0c3e-43a8-8879-a0e633ce9dec,56e5dbbb-b79e-4bbd-82ac-528998b82b14,2026-08-12T16:54:12.950970+00:00,native_windows_x86_64,NATIVE_SOFTWARE,x86_64,"AMD64 Family 23 Model 96 Stepping 1, AuthenticAMD",12,7598,Windows-11-10.0.26200-SP0,N/A (prebuilt Python extension wheel),N/A,N/A (prebuilt wheel),pqcrypto,0.4.0,ML-KEM-512,keygen,79,168500,28790784,True,
86230baa-0c3e-43a8-8879-a0e633ce9dec,56e5dbbb-b79e-4bbd-82ac-528998b82b14,2026-08-12T16:54:12.951390+00:00,native_windows_x86_64,NATIVE_SOFTWARE,x86_64,"AMD64 Family 23 Model 96 Stepping 1, AuthenticAMD",12,7598,Windows-11-10.0.26200-SP0,N/A (prebuilt Python extension wheel),N/A,N/A (prebuilt wheel),pqcrypto,0.4.0,ML-KEM-512,encapsulation,79,151100,28790784,True,
86230baa-0c3e-43a8-8879-a0e633ce9dec,56e5dbbb-b79e-4bbd-82ac-528998b82b14,2026-08-12T16:54:12.951647+00:00,native_windows_x86_64,NATIVE_SOFTWARE,x86_64,"AMD64 Family 23 Model 96 Stepping 1, AuthenticAMD",12,7598,Windows-11-10.0.26200-SP0,N/A (prebuilt Python extension wheel),N/A,N/A (prebuilt wheel),pqcrypto,0.4.0,ML-KEM-512,decapsulation,79,46700,28794880,True,
86230baa-0c3e-43a8-8879-a0e633ce9dec,56e5dbbb-b79e-4bbd-82ac-528998b82b14,2026-08-12T16:54:12.951784+00:00,native_windows_x86_64,NATIVE_SOFTWARE,x86_64,"AMD64 Family 23 Model 96 Stepping 1, AuthenticAMD",12,7598,Windows-11-10.0.26200-SP0,N/A (prebuilt Python extension wheel),N/A,N/A (prebuilt wheel),pqcrypto,0.4.0,ML-KEM-512,keygen,80,168300,28798976,True,
86230baa-0c3e-43a8-8879-a0e633ce9dec,56e5dbbb-b79e-4bbd-82ac-528998b82b14,2026-08-12T16:54:12.952205+00:00,native_windows_x86_64,NATIVE_SOFTWARE,x86_64,"AMD64 Family 23 Model 96 Stepping 1, AuthenticAMD",12,7598,Windows-11-10.0.26200-SP0,N/A (prebuilt Python extension wheel),N/A,N/A (prebuilt wheel),pqcrypto,0.4.0,ML-KEM-512,encapsulation,80,153300,28803072,True,
86230baa-0c3e-43a8-8879-a0e633ce9dec,56e5dbbb-b79e-4bbd-82ac-528998b82b14,2026-08-12T16:54:12.952888+00:00,native_windows_x86_64,NATIVE_SOFTWARE,x86_64,"AMD64 Family 23 Model 96 Stepping 1, AuthenticAMD",12,7598,Windows-11-10.0.26200-SP0,N/A (prebuilt Python extension wheel),N/A,N/A (prebuilt wheel),pqcrypto,0.4.0,ML-KEM-512,decapsulation,80,50000,28803072,True,
86230baa-0c3e-43a8-8879-a0e633ce9dec,56e5dbbb-b79e-4bbd-82ac-528998b82b14,2026-08-12T16:54:12.953021+00:00,native_windows_x86_64,NATIVE_SOFTWARE,x86_64,"AMD64 Family 23 Model 96 Stepping 1, AuthenticAMD",12,7598,Windows-11-10.0.26200-SP0,N/A (prebuilt Python extension wheel),N/A,N/A (prebuilt wheel),pqcrypto,0.4.0,ML-KEM-512,keygen,81,189100,28803072,True,
86230baa-0c3e-43a8-8879-a0e633ce9dec,56e5dbbb-b79e-4bbd-82ac-528998b82b14,2026-08-12T16:54:12.953455+00:00,native_windows_x86_64,NATIVE_SOFTWARE,x86_64,"AMD64 Family 23 Model 96 Stepping 1, AuthenticAMD",12,7598,Windows-11-10.0.26200-SP0,N/A (prebuilt Python extension wheel),N/A,N/A (prebuilt wheel),pqcrypto,0.4.0,ML-KEM-512,encapsulation,81,152600,28803072,True,
86230baa-0c3e-43a8-8879-a0e633ce9dec,56e5dbbb-b79e-4bbd-82ac-528998b82b14,2026-08-12T16:54:12.953702+00:00,native_windows_x86_64,NATIVE_SOFTWARE,x86_64,"AMD64 Family 23 Model 96 Stepping 1, AuthenticAMD",12,7598,Windows-11-10.0.26200-SP0,N/A (prebuilt Python extension wheel),N/A,N/A (prebuilt wheel),pqcrypto,0.4.0,ML-KEM-512,decapsulation,81,47300,28803072,True,
86230baa-0c3e-43a8-8879-a0e633ce9dec,56e5dbbb-b79e-4bbd-82ac-528998b82b14,2026-08-12T16:54:12.953828+00:00,native_windows_x86_64,NATIVE_SOFTWARE,x86_64,"AMD64 Family 23 Model 96 Stepping 1, AuthenticAMD",12,7598,Windows-11-10.0.26200-SP0,N/A (prebuilt Python extension wheel),N/A,N/A (prebuilt wheel),pqcrypto,0.4.0,ML-KEM-512,keygen,82,162400,28803072,True,
86230baa-0c3e-43a8-8879-a0e633ce9dec,56e5dbbb-b79e-4bbd-82ac-528998b82b14,2026-08-12T16:54:12.954230+00:00,native_windows_x86_64,NATIVE_SOFTWARE,x86_64,"AMD64 Family 23 Model 96 Stepping 1, AuthenticAMD",12,7598,Windows-11-10.0.26200-SP0,N/A (prebuilt Python extension wheel),N/A,N/A (prebuilt wheel),pqcrypto,0.4.0,ML-KEM-512,encapsulation,82,150600,28803072,True,
86230baa-0c3e-43a8-8879-a0e633ce9dec,56e5dbbb-b79e-4bbd-82ac-528998b82b14,2026-08-12T16:54:12.954472+00:00,native_windows_x86_64,NATIVE_SOFTWARE,x86_64,"AMD64 Family 23 Model 96 Stepping 1, AuthenticAMD",12,7598,Windows-11-10.0.26200-SP0,N/A (prebuilt Python extension wheel),N/A,N/A (prebuilt wheel),pqcrypto,0.4.0,ML-KEM-512,decapsulation,82,45300,28803072,True,
86230baa-0c3e-43a8-8879-a0e633ce9dec,56e5dbbb-b79e-4bbd-82ac-528998b82b14,2026-08-12T16:54:12.954596+00:00,native_windows_x86_64,NATIVE_SOFTWARE,x86_64,"AMD64 Family 23 Model 96 Stepping 1, AuthenticAMD",12,7598,Windows-11-10.0.26200-SP0,N/A (prebuilt Python extension wheel),N/A,N/A (prebuilt wheel),pqcrypto,0.4.0,ML-KEM-512,keygen,83,164500,28803072,True,
86230baa-0c3e-43a8-8879-a0e633ce9dec,56e5dbbb-b79e-4bbd-82ac-528998b82b14,2026-08-12T16:54:12.955001+00:00,native_windows_x86_64,NATIVE_SOFTWARE,x86_64,"AMD64 Family 23 Model 96 Stepping 1, AuthenticAMD",12,7598,Windows-11-10.0.26200-SP0,N/A (prebuilt Python extension wheel),N/A,N/A (prebuilt wheel),pqcrypto,0.4.0,ML-KEM-512,encapsulation,83,155900,28803072,True,
86230baa-0c3e-43a8-8879-a0e633ce9dec,56e5dbbb-b79e-4bbd-82ac-528998b82b14,2026-08-12T16:54:12.955250+00:00,native_windows_x86_64,NATIVE_SOFTWARE,x86_64,"AMD64 Family 23 Model 96 Stepping 1, AuthenticAMD",12,7598,Windows-11-10.0.26200-SP0,N/A (prebuilt Python extension wheel),N/A,N/A (prebuilt wheel),pqcrypto,0.4.0,ML-KEM-512,decapsulation,83,45200,28803072,True,
86230baa-0c3e-43a8-8879-a0e633ce9dec,56e5dbbb-b79e-4bbd-82ac-528998b82b14,2026-08-12T16:54:12.955373+00:00,native_windows_x86_64,NATIVE_SOFTWARE,x86_64,"AMD64 Family 23 Model 96 Stepping 1, AuthenticAMD",12,7598,Windows-11-10.0.26200-SP0,N/A (prebuilt Python extension wheel),N/A,N/A (prebuilt wheel),pqcrypto,0.4.0,ML-KEM-512,keygen,84,155100,28803072,True,
86230baa-0c3e-43a8-8879-a0e633ce9dec,56e5dbbb-b79e-4bbd-82ac-528998b82b14,2026-08-12T16:54:12.955769+00:00,native_windows_x86_64,NATIVE_SOFTWARE,x86_64,"AMD64 Family 23 Model 96 Stepping 1, AuthenticAMD",12,7598,Windows-11-10.0.26200-SP0,N/A (prebuilt Python extension wheel),N/A,N/A (prebuilt wheel),pqcrypto,0.4.0,ML-KEM-512,encapsulation,84,148200,28803072,True,
86230baa-0c3e-43a8-8879-a0e633ce9dec,56e5dbbb-b79e-4bbd-82ac-528998b82b14,2026-08-12T16:54:12.956010+00:00,native_windows_x86_64,NATIVE_SOFTWARE,x86_64,"AMD64 Family 23 Model 96 Stepping 1, AuthenticAMD",12,7598,Windows-11-10.0.26200-SP0,N/A (prebuilt Python extension wheel),N/A,N/A (prebuilt wheel),pqcrypto,0.4.0,ML-KEM-512,decapsulation,84,45600,28803072,True,
86230baa-0c3e-43a8-8879-a0e633ce9dec,56e5dbbb-b79e-4bbd-82ac-528998b82b14,2026-08-12T16:54:12.956134+00:00,native_windows_x86_64,NATIVE_SOFTWARE,x86_64,"AMD64 Family 23 Model 96 Stepping 1, AuthenticAMD",12,7598,Windows-11-10.0.26200-SP0,N/A (prebuilt Python extension wheel),N/A,N/A (prebuilt wheel),pqcrypto,0.4.0,ML-KEM-512,keygen,85,165400,28803072,True,
86230baa-0c3e-43a8-8879-a0e633ce9dec,56e5dbbb-b79e-4bbd-82ac-528998b82b14,2026-08-12T16:54:12.956538+00:00,native_windows_x86_64,NATIVE_SOFTWARE,x86_64,"AMD64 Family 23 Model 96 Stepping 1, AuthenticAMD",12,7598,Windows-11-10.0.26200-SP0,N/A (prebuilt Python extension wheel),N/A,N/A (prebuilt wheel),pqcrypto,0.4.0,ML-KEM-512,encapsulation,85,151800,28803072,True,
86230baa-0c3e-43a8-8879-a0e633ce9dec,56e5dbbb-b79e-4bbd-82ac-528998b82b14,2026-08-12T16:54:12.956786+00:00,native_windows_x86_64,NATIVE_SOFTWARE,x86_64,"AMD64 Family 23 Model 96 Stepping 1, AuthenticAMD",12,7598,Windows-11-10.0.26200-SP0,N/A (prebuilt Python extension wheel),N/A,N/A (prebuilt wheel),pqcrypto,0.4.0,ML-KEM-512,decapsulation,85,45400,28803072,True,
86230baa-0c3e-43a8-8879-a0e633ce9dec,56e5dbbb-b79e-4bbd-82ac-528998b82b14,2026-08-12T16:54:12.956910+00:00,native_windows_x86_64,NATIVE_SOFTWARE,x86_64,"AMD64 Family 23 Model 96 Stepping 1, AuthenticAMD",12,7598,Windows-11-10.0.26200-SP0,N/A (prebuilt Python extension wheel),N/A,N/A (prebuilt wheel),pqcrypto,0.4.0,ML-KEM-512,keygen,86,155400,28803072,True,
86230baa-0c3e-43a8-8879-a0e633ce9dec,56e5dbbb-b79e-4bbd-82ac-528998b82b14,2026-08-12T16:54:12.957304+00:00,native_windows_x86_64,NATIVE_SOFTWARE,x86_64,"AMD64 Family 23 Model 96 Stepping 1, AuthenticAMD",12,7598,Windows-11-10.0.26200-SP0,N/A (prebuilt Python extension wheel),N/A,N/A (prebuilt wheel),pqcrypto,0.4.0,ML-KEM-512,encapsulation,86,149400,28803072,True,
86230baa-0c3e-43a8-8879-a0e633ce9dec,56e5dbbb-b79e-4bbd-82ac-528998b82b14,2026-08-12T16:54:12.957545+00:00,native_windows_x86_64,NATIVE_SOFTWARE,x86_64,"AMD64 Family 23 Model 96 Stepping 1, AuthenticAMD",12,7598,Windows-11-10.0.26200-SP0,N/A (prebuilt Python extension wheel),N/A,N/A (prebuilt wheel),pqcrypto,0.4.0,ML-KEM-512,decapsulation,86,45700,28803072,True,
86230baa-0c3e-43a8-8879-a0e633ce9dec,56e5dbbb-b79e-4bbd-82ac-528998b82b14,2026-08-12T16:54:12.957670+00:00,native_windows_x86_64,NATIVE_SOFTWARE,x86_64,"AMD64 Family 23 Model 96 Stepping 1, AuthenticAMD",12,7598,Windows-11-10.0.26200-SP0,N/A (prebuilt Python extension wheel),N/A,N/A (prebuilt wheel),pqcrypto,0.4.0,ML-KEM-512,keygen,87,153500,28803072,True,
86230baa-0c3e-43a8-8879-a0e633ce9dec,56e5dbbb-b79e-4bbd-82ac-528998b82b14,2026-08-12T16:54:12.958063+00:00,native_windows_x86_64,NATIVE_SOFTWARE,x86_64,"AMD64 Family 23 Model 96 Stepping 1, AuthenticAMD",12,7598,Windows-11-10.0.26200-SP0,N/A (prebuilt Python extension wheel),N/A,N/A (prebuilt wheel),pqcrypto,0.4.0,ML-KEM-512,encapsulation,87,165600,28803072,True,
86230baa-0c3e-43a8-8879-a0e633ce9dec,56e5dbbb-b79e-4bbd-82ac-528998b82b14,2026-08-12T16:54:12.958322+00:00,native_windows_x86_64,NATIVE_SOFTWARE,x86_64,"AMD64 Family 23 Model 96 Stepping 1, AuthenticAMD",12,7598,Windows-11-10.0.26200-SP0,N/A (prebuilt Python extension wheel),N/A,N/A (prebuilt wheel),pqcrypto,0.4.0,ML-KEM-512,decapsulation,87,46000,28803072,True,
86230baa-0c3e-43a8-8879-a0e633ce9dec,56e5dbbb-b79e-4bbd-82ac-528998b82b14,2026-08-12T16:54:12.958447+00:00,native_windows_x86_64,NATIVE_SOFTWARE,x86_64,"AMD64 Family 23 Model 96 Stepping 1, AuthenticAMD",12,7598,Windows-11-10.0.26200-SP0,N/A (prebuilt Python extension wheel),N/A,N/A (prebuilt wheel),pqcrypto,0.4.0,ML-KEM-512,keygen,88,153400,28803072,True,
86230baa-0c3e-43a8-8879-a0e633ce9dec,56e5dbbb-b79e-4bbd-82ac-528998b82b14,2026-08-12T16:54:12.958847+00:00,native_windows_x86_64,NATIVE_SOFTWARE,x86_64,"AMD64 Family 23 Model 96 Stepping 1, AuthenticAMD",12,7598,Windows-11-10.0.26200-SP0,N/A (prebuilt Python extension wheel),N/A,N/A (prebuilt wheel),pqcrypto,0.4.0,ML-KEM-512,encapsulation,88,176900,28803072,True,
86230baa-0c3e-43a8-8879-a0e633ce9dec,56e5dbbb-b79e-4bbd-82ac-528998b82b14,2026-08-12T16:54:12.959116+00:00,native_windows_x86_64,NATIVE_SOFTWARE,x86_64,"AMD64 Family 23 Model 96 Stepping 1, AuthenticAMD",12,7598,Windows-11-10.0.26200-SP0,N/A (prebuilt Python extension wheel),N/A,N/A (prebuilt wheel),pqcrypto,0.4.0,ML-KEM-512,decapsulation,88,45400,28803072,True,
86230baa-0c3e-43a8-8879-a0e633ce9dec,56e5dbbb-b79e-4bbd-82ac-528998b82b14,2026-08-12T16:54:12.959240+00:00,native_windows_x86_64,NATIVE_SOFTWARE,x86_64,"AMD64 Family 23 Model 96 Stepping 1, AuthenticAMD",12,7598,Windows-11-10.0.26200-SP0,N/A (prebuilt Python extension wheel),N/A,N/A (prebuilt wheel),pqcrypto,0.4.0,ML-KEM-512,keygen,89,164300,28803072,True,
86230baa-0c3e-43a8-8879-a0e633ce9dec,56e5dbbb-b79e-4bbd-82ac-528998b82b14,2026-08-12T16:54:12.959736+00:00,native_windows_x86_64,NATIVE_SOFTWARE,x86_64,"AMD64 Family 23 Model 96 Stepping 1, AuthenticAMD",12,7598,Windows-11-10.0.26200-SP0,N/A (prebuilt Python extension wheel),N/A,N/A (prebuilt wheel),pqcrypto,0.4.0,ML-KEM-512,encapsulation,89,159000,28803072,True,
86230baa-0c3e-43a8-8879-a0e633ce9dec,56e5dbbb-b79e-4bbd-82ac-528998b82b14,2026-08-12T16:54:12.960004+00:00,native_windows_x86_64,NATIVE_SOFTWARE,x86_64,"AMD64 Family 23 Model 96 Stepping 1, AuthenticAMD",12,7598,Windows-11-10.0.26200-SP0,N/A (prebuilt Python extension wheel),N/A,N/A (prebuilt wheel),pqcrypto,0.4.0,ML-KEM-512,decapsulation,89,46300,28803072,True,
86230baa-0c3e-43a8-8879-a0e633ce9dec,56e5dbbb-b79e-4bbd-82ac-528998b82b14,2026-08-12T16:54:12.960129+00:00,native_windows_x86_64,NATIVE_SOFTWARE,x86_64,"AMD64 Family 23 Model 96 Stepping 1, AuthenticAMD",12,7598,Windows-11-10.0.26200-SP0,N/A (prebuilt Python extension wheel),N/A,N/A (prebuilt wheel),pqcrypto,0.4.0,ML-KEM-512,keygen,90,157700,28803072,True,
86230baa-0c3e-43a8-8879-a0e633ce9dec,56e5dbbb-b79e-4bbd-82ac-528998b82b14,2026-08-12T16:54:12.960535+00:00,native_windows_x86_64,NATIVE_SOFTWARE,x86_64,"AMD64 Family 23 Model 96 Stepping 1, AuthenticAMD",12,7598,Windows-11-10.0.26200-SP0,N/A (prebuilt Python extension wheel),N/A,N/A (prebuilt wheel),pqcrypto,0.4.0,ML-KEM-512,encapsulation,90,158000,28803072,True,
86230baa-0c3e-43a8-8879-a0e633ce9dec,56e5dbbb-b79e-4bbd-82ac-528998b82b14,2026-08-12T16:54:12.960797+00:00,native_windows_x86_64,NATIVE_SOFTWARE,x86_64,"AMD64 Family 23 Model 96 Stepping 1, AuthenticAMD",12,7598,Windows-11-10.0.26200-SP0,N/A (prebuilt Python extension wheel),N/A,N/A (prebuilt wheel),pqcrypto,0.4.0,ML-KEM-512,decapsulation,90,45700,28803072,True,
86230baa-0c3e-43a8-8879-a0e633ce9dec,56e5dbbb-b79e-4bbd-82ac-528998b82b14,2026-08-12T16:54:12.960924+00:00,native_windows_x86_64,NATIVE_SOFTWARE,x86_64,"AMD64 Family 23 Model 96 Stepping 1, AuthenticAMD",12,7598,Windows-11-10.0.26200-SP0,N/A (prebuilt Python extension wheel),N/A,N/A (prebuilt wheel),pqcrypto,0.4.0,ML-KEM-512,keygen,91,165000,28803072,True,
86230baa-0c3e-43a8-8879-a0e633ce9dec,56e5dbbb-b79e-4bbd-82ac-528998b82b14,2026-08-12T16:54:12.961331+00:00,native_windows_x86_64,NATIVE_SOFTWARE,x86_64,"AMD64 Family 23 Model 96 Stepping 1, AuthenticAMD",12,7598,Windows-11-10.0.26200-SP0,N/A (prebuilt Python extension wheel),N/A,N/A (prebuilt wheel),pqcrypto,0.4.0,ML-KEM-512,encapsulation,91,148600,28803072,True,
86230baa-0c3e-43a8-8879-a0e633ce9dec,56e5dbbb-b79e-4bbd-82ac-528998b82b14,2026-08-12T16:54:12.961571+00:00,native_windows_x86_64,NATIVE_SOFTWARE,x86_64,"AMD64 Family 23 Model 96 Stepping 1, AuthenticAMD",12,7598,Windows-11-10.0.26200-SP0,N/A (prebuilt Python extension wheel),N/A,N/A (prebuilt wheel),pqcrypto,0.4.0,ML-KEM-512,decapsulation,91,45500,28803072,True,
86230baa-0c3e-43a8-8879-a0e633ce9dec,56e5dbbb-b79e-4bbd-82ac-528998b82b14,2026-08-12T16:54:12.961697+00:00,native_windows_x86_64,NATIVE_SOFTWARE,x86_64,"AMD64 Family 23 Model 96 Stepping 1, AuthenticAMD",12,7598,Windows-11-10.0.26200-SP0,N/A (prebuilt Python extension wheel),N/A,N/A (prebuilt wheel),pqcrypto,0.4.0,ML-KEM-512,keygen,92,159400,28803072,True,
86230baa-0c3e-43a8-8879-a0e633ce9dec,56e5dbbb-b79e-4bbd-82ac-528998b82b14,2026-08-12T16:54:12.962102+00:00,native_windows_x86_64,NATIVE_SOFTWARE,x86_64,"AMD64 Family 23 Model 96 Stepping 1, AuthenticAMD",12,7598,Windows-11-10.0.26200-SP0,N/A (prebuilt Python extension wheel),N/A,N/A (prebuilt wheel),pqcrypto,0.4.0,ML-KEM-512,encapsulation,92,151000,28807168,True,
86230baa-0c3e-43a8-8879-a0e633ce9dec,56e5dbbb-b79e-4bbd-82ac-528998b82b14,2026-08-12T16:54:12.962352+00:00,native_windows_x86_64,NATIVE_SOFTWARE,x86_64,"AMD64 Family 23 Model 96 Stepping 1, AuthenticAMD",12,7598,Windows-11-10.0.26200-SP0,N/A (prebuilt Python extension wheel),N/A,N/A (prebuilt wheel),pqcrypto,0.4.0,ML-KEM-512,decapsulation,92,45800,28807168,True,
86230baa-0c3e-43a8-8879-a0e633ce9dec,56e5dbbb-b79e-4bbd-82ac-528998b82b14,2026-08-12T16:54:12.962477+00:00,native_windows_x86_64,NATIVE_SOFTWARE,x86_64,"AMD64 Family 23 Model 96 Stepping 1, AuthenticAMD",12,7598,Windows-11-10.0.26200-SP0,N/A (prebuilt Python extension wheel),N/A,N/A (prebuilt wheel),pqcrypto,0.4.0,ML-KEM-512,keygen,93,155400,28811264,True,
86230baa-0c3e-43a8-8879-a0e633ce9dec,56e5dbbb-b79e-4bbd-82ac-528998b82b14,2026-08-12T16:54:12.962881+00:00,native_windows_x86_64,NATIVE_SOFTWARE,x86_64,"AMD64 Family 23 Model 96 Stepping 1, AuthenticAMD",12,7598,Windows-11-10.0.26200-SP0,N/A (prebuilt Python extension wheel),N/A,N/A (prebuilt wheel),pqcrypto,0.4.0,ML-KEM-512,encapsulation,93,156300,28815360,True,
86230baa-0c3e-43a8-8879-a0e633ce9dec,56e5dbbb-b79e-4bbd-82ac-528998b82b14,2026-08-12T16:54:12.963528+00:00,native_windows_x86_64,NATIVE_SOFTWARE,x86_64,"AMD64 Family 23 Model 96 Stepping 1, AuthenticAMD",12,7598,Windows-11-10.0.26200-SP0,N/A (prebuilt Python extension wheel),N/A,N/A (prebuilt wheel),pqcrypto,0.4.0,ML-KEM-512,decapsulation,93,48700,28815360,True,
86230baa-0c3e-43a8-8879-a0e633ce9dec,56e5dbbb-b79e-4bbd-82ac-528998b82b14,2026-08-12T16:54:12.963658+00:00,native_windows_x86_64,NATIVE_SOFTWARE,x86_64,"AMD64 Family 23 Model 96 Stepping 1, AuthenticAMD",12,7598,Windows-11-10.0.26200-SP0,N/A (prebuilt Python extension wheel),N/A,N/A (prebuilt wheel),pqcrypto,0.4.0,ML-KEM-512,keygen,94,205300,28815360,True,
86230baa-0c3e-43a8-8879-a0e633ce9dec,56e5dbbb-b79e-4bbd-82ac-528998b82b14,2026-08-12T16:54:12.964114+00:00,native_windows_x86_64,NATIVE_SOFTWARE,x86_64,"AMD64 Family 23 Model 96 Stepping 1, AuthenticAMD",12,7598,Windows-11-10.0.26200-SP0,N/A (prebuilt Python extension wheel),N/A,N/A (prebuilt wheel),pqcrypto,0.4.0,ML-KEM-512,encapsulation,94,152700,28815360,True,
86230baa-0c3e-43a8-8879-a0e633ce9dec,56e5dbbb-b79e-4bbd-82ac-528998b82b14,2026-08-12T16:54:12.964362+00:00,native_windows_x86_64,NATIVE_SOFTWARE,x86_64,"AMD64 Family 23 Model 96 Stepping 1, AuthenticAMD",12,7598,Windows-11-10.0.26200-SP0,N/A (prebuilt Python extension wheel),N/A,N/A (prebuilt wheel),pqcrypto,0.4.0,ML-KEM-512,decapsulation,94,46300,28815360,True,
86230baa-0c3e-43a8-8879-a0e633ce9dec,56e5dbbb-b79e-4bbd-82ac-528998b82b14,2026-08-12T16:54:12.964487+00:00,native_windows_x86_64,NATIVE_SOFTWARE,x86_64,"AMD64 Family 23 Model 96 Stepping 1, AuthenticAMD",12,7598,Windows-11-10.0.26200-SP0,N/A (prebuilt Python extension wheel),N/A,N/A (prebuilt wheel),pqcrypto,0.4.0,ML-KEM-512,keygen,95,160400,28815360,True,
86230baa-0c3e-43a8-8879-a0e633ce9dec,56e5dbbb-b79e-4bbd-82ac-528998b82b14,2026-08-12T16:54:12.964901+00:00,native_windows_x86_64,NATIVE_SOFTWARE,x86_64,"AMD64 Family 23 Model 96 Stepping 1, AuthenticAMD",12,7598,Windows-11-10.0.26200-SP0,N/A (prebuilt Python extension wheel),N/A,N/A (prebuilt wheel),pqcrypto,0.4.0,ML-KEM-512,encapsulation,95,155500,28815360,True,
86230baa-0c3e-43a8-8879-a0e633ce9dec,56e5dbbb-b79e-4bbd-82ac-528998b82b14,2026-08-12T16:54:12.965157+00:00,native_windows_x86_64,NATIVE_SOFTWARE,x86_64,"AMD64 Family 23 Model 96 Stepping 1, AuthenticAMD",12,7598,Windows-11-10.0.26200-SP0,N/A (prebuilt Python extension wheel),N/A,N/A (prebuilt wheel),pqcrypto,0.4.0,ML-KEM-512,decapsulation,95,46400,28815360,True,
86230baa-0c3e-43a8-8879-a0e633ce9dec,56e5dbbb-b79e-4bbd-82ac-528998b82b14,2026-08-12T16:54:12.965287+00:00,native_windows_x86_64,NATIVE_SOFTWARE,x86_64,"AMD64 Family 23 Model 96 Stepping 1, AuthenticAMD",12,7598,Windows-11-10.0.26200-SP0,N/A (prebuilt Python extension wheel),N/A,N/A (prebuilt wheel),pqcrypto,0.4.0,ML-KEM-512,keygen,96,163400,28815360,True,
86230baa-0c3e-43a8-8879-a0e633ce9dec,56e5dbbb-b79e-4bbd-82ac-528998b82b14,2026-08-12T16:54:12.965697+00:00,native_windows_x86_64,NATIVE_SOFTWARE,x86_64,"AMD64 Family 23 Model 96 Stepping 1, AuthenticAMD",12,7598,Windows-11-10.0.26200-SP0,N/A (prebuilt Python extension wheel),N/A,N/A (prebuilt wheel),pqcrypto,0.4.0,ML-KEM-512,encapsulation,96,151000,28815360,True,
86230baa-0c3e-43a8-8879-a0e633ce9dec,56e5dbbb-b79e-4bbd-82ac-528998b82b14,2026-08-12T16:54:12.965949+00:00,native_windows_x86_64,NATIVE_SOFTWARE,x86_64,"AMD64 Family 23 Model 96 Stepping 1, AuthenticAMD",12,7598,Windows-11-10.0.26200-SP0,N/A (prebuilt Python extension wheel),N/A,N/A (prebuilt wheel),pqcrypto,0.4.0,ML-KEM-512,decapsulation,96,46700,28815360,True,
86230baa-0c3e-43a8-8879-a0e633ce9dec,56e5dbbb-b79e-4bbd-82ac-528998b82b14,2026-08-12T16:54:12.966078+00:00,native_windows_x86_64,NATIVE_SOFTWARE,x86_64,"AMD64 Family 23 Model 96 Stepping 1, AuthenticAMD",12,7598,Windows-11-10.0.26200-SP0,N/A (prebuilt Python extension wheel),N/A,N/A (prebuilt wheel),pqcrypto,0.4.0,ML-KEM-512,keygen,97,161200,28815360,True,
86230baa-0c3e-43a8-8879-a0e633ce9dec,56e5dbbb-b79e-4bbd-82ac-528998b82b14,2026-08-12T16:54:12.966495+00:00,native_windows_x86_64,NATIVE_SOFTWARE,x86_64,"AMD64 Family 23 Model 96 Stepping 1, AuthenticAMD",12,7598,Windows-11-10.0.26200-SP0,N/A (prebuilt Python extension wheel),N/A,N/A (prebuilt wheel),pqcrypto,0.4.0,ML-KEM-512,encapsulation,97,151500,28815360,True,
86230baa-0c3e-43a8-8879-a0e633ce9dec,56e5dbbb-b79e-4bbd-82ac-528998b82b14,2026-08-12T16:54:12.966756+00:00,native_windows_x86_64,NATIVE_SOFTWARE,x86_64,"AMD64 Family 23 Model 96 Stepping 1, AuthenticAMD",12,7598,Windows-11-10.0.26200-SP0,N/A (prebuilt Python extension wheel),N/A,N/A (prebuilt wheel),pqcrypto,0.4.0,ML-KEM-512,decapsulation,97,46100,28815360,True,
86230baa-0c3e-43a8-8879-a0e633ce9dec,56e5dbbb-b79e-4bbd-82ac-528998b82b14,2026-08-12T16:54:12.966883+00:00,native_windows_x86_64,NATIVE_SOFTWARE,x86_64,"AMD64 Family 23 Model 96 Stepping 1, AuthenticAMD",12,7598,Windows-11-10.0.26200-SP0,N/A (prebuilt Python extension wheel),N/A,N/A (prebuilt wheel),pqcrypto,0.4.0,ML-KEM-512,keygen,98,163300,28815360,True,
86230baa-0c3e-43a8-8879-a0e633ce9dec,56e5dbbb-b79e-4bbd-82ac-528998b82b14,2026-08-12T16:54:12.967294+00:00,native_windows_x86_64,NATIVE_SOFTWARE,x86_64,"AMD64 Family 23 Model 96 Stepping 1, AuthenticAMD",12,7598,Windows-11-10.0.26200-SP0,N/A (prebuilt Python extension wheel),N/A,N/A (prebuilt wheel),pqcrypto,0.4.0,ML-KEM-512,encapsulation,98,151300,28815360,True,
86230baa-0c3e-43a8-8879-a0e633ce9dec,56e5dbbb-b79e-4bbd-82ac-528998b82b14,2026-08-12T16:54:12.967543+00:00,native_windows_x86_64,NATIVE_SOFTWARE,x86_64,"AMD64 Family 23 Model 96 Stepping 1, AuthenticAMD",12,7598,Windows-11-10.0.26200-SP0,N/A (prebuilt Python extension wheel),N/A,N/A (prebuilt wheel),pqcrypto,0.4.0,ML-KEM-512,decapsulation,98,46100,28815360,True,
86230baa-0c3e-43a8-8879-a0e633ce9dec,56e5dbbb-b79e-4bbd-82ac-528998b82b14,2026-08-12T16:54:12.967671+00:00,native_windows_x86_64,NATIVE_SOFTWARE,x86_64,"AMD64 Family 23 Model 96 Stepping 1, AuthenticAMD",12,7598,Windows-11-10.0.26200-SP0,N/A (prebuilt Python extension wheel),N/A,N/A (prebuilt wheel),pqcrypto,0.4.0,ML-KEM-512,keygen,99,158800,28815360,True,
86230baa-0c3e-43a8-8879-a0e633ce9dec,56e5dbbb-b79e-4bbd-82ac-528998b82b14,2026-08-12T16:54:12.968072+00:00,native_windows_x86_64,NATIVE_SOFTWARE,x86_64,"AMD64 Family 23 Model 96 Stepping 1, AuthenticAMD",12,7598,Windows-11-10.0.26200-SP0,N/A (prebuilt Python extension wheel),N/A,N/A (prebuilt wheel),pqcrypto,0.4.0,ML-KEM-512,encapsulation,99,166400,28815360,True,
86230baa-0c3e-43a8-8879-a0e633ce9dec,56e5dbbb-b79e-4bbd-82ac-528998b82b14,2026-08-12T16:54:12.968335+00:00,native_windows_x86_64,NATIVE_SOFTWARE,x86_64,"AMD64 Family 23 Model 96 Stepping 1, AuthenticAMD",12,7598,Windows-11-10.0.26200-SP0,N/A (prebuilt Python extension wheel),N/A,N/A (prebuilt wheel),pqcrypto,0.4.0,ML-KEM-512,decapsulation,99,45900,28815360,True,
86230baa-0c3e-43a8-8879-a0e633ce9dec,56e5dbbb-b79e-4bbd-82ac-528998b82b14,2026-08-12T16:54:12.968460+00:00,native_windows_x86_64,NATIVE_SOFTWARE,x86_64,"AMD64 Family 23 Model 96 Stepping 1, AuthenticAMD",12,7598,Windows-11-10.0.26200-SP0,N/A (prebuilt Python extension wheel),N/A,N/A (prebuilt wheel),pqcrypto,0.4.0,ML-KEM-512,keygen,100,156400,28815360,True,
86230baa-0c3e-43a8-8879-a0e633ce9dec,56e5dbbb-b79e-4bbd-82ac-528998b82b14,2026-08-12T16:54:12.968870+00:00,native_windows_x86_64,NATIVE_SOFTWARE,x86_64,"AMD64 Family 23 Model 96 Stepping 1, AuthenticAMD",12,7598,Windows-11-10.0.26200-SP0,N/A (prebuilt Python extension wheel),N/A,N/A (prebuilt wheel),pqcrypto,0.4.0,ML-KEM-512,encapsulation,100,169200,28815360,True,
86230baa-0c3e-43a8-8879-a0e633ce9dec,56e5dbbb-b79e-4bbd-82ac-528998b82b14,2026-08-12T16:54:12.969134+00:00,native_windows_x86_64,NATIVE_SOFTWARE,x86_64,"AMD64 Family 23 Model 96 Stepping 1, AuthenticAMD",12,7598,Windows-11-10.0.26200-SP0,N/A (prebuilt Python extension wheel),N/A,N/A (prebuilt wheel),pqcrypto,0.4.0,ML-KEM-512,decapsulation,100,46300,28815360,True,
86230baa-0c3e-43a8-8879-a0e633ce9dec,56e5dbbb-b79e-4bbd-82ac-528998b82b14,2026-08-12T16:54:12.969263+00:00,native_windows_x86_64,NATIVE_SOFTWARE,x86_64,"AMD64 Family 23 Model 96 Stepping 1, AuthenticAMD",12,7598,Windows-11-10.0.26200-SP0,N/A (prebuilt Python extension wheel),N/A,N/A (prebuilt wheel),pqcrypto,0.4.0,ML-KEM-768,keygen,1,213000,28835840,True,
86230baa-0c3e-43a8-8879-a0e633ce9dec,56e5dbbb-b79e-4bbd-82ac-528998b82b14,2026-08-12T16:54:12.969753+00:00,native_windows_x86_64,NATIVE_SOFTWARE,x86_64,"AMD64 Family 23 Model 96 Stepping 1, AuthenticAMD",12,7598,Windows-11-10.0.26200-SP0,N/A (prebuilt Python extension wheel),N/A,N/A (prebuilt wheel),pqcrypto,0.4.0,ML-KEM-768,encapsulation,1,189700,28835840,True,
86230baa-0c3e-43a8-8879-a0e633ce9dec,56e5dbbb-b79e-4bbd-82ac-528998b82b14,2026-08-12T16:54:12.970050+00:00,native_windows_x86_64,NATIVE_SOFTWARE,x86_64,"AMD64 Family 23 Model 96 Stepping 1, AuthenticAMD",12,7598,Windows-11-10.0.26200-SP0,N/A (prebuilt Python extension wheel),N/A,N/A (prebuilt wheel),pqcrypto,0.4.0,ML-KEM-768,decapsulation,1,77100,28835840,True,
86230baa-0c3e-43a8-8879-a0e633ce9dec,56e5dbbb-b79e-4bbd-82ac-528998b82b14,2026-08-12T16:54:12.970215+00:00,native_windows_x86_64,NATIVE_SOFTWARE,x86_64,"AMD64 Family 23 Model 96 Stepping 1, AuthenticAMD",12,7598,Windows-11-10.0.26200-SP0,N/A (prebuilt Python extension wheel),N/A,N/A (prebuilt wheel),pqcrypto,0.4.0,ML-KEM-768,keygen,2,199100,28835840,True,
86230baa-0c3e-43a8-8879-a0e633ce9dec,56e5dbbb-b79e-4bbd-82ac-528998b82b14,2026-08-12T16:54:12.970693+00:00,native_windows_x86_64,NATIVE_SOFTWARE,x86_64,"AMD64 Family 23 Model 96 Stepping 1, AuthenticAMD",12,7598,Windows-11-10.0.26200-SP0,N/A (prebuilt Python extension wheel),N/A,N/A (prebuilt wheel),pqcrypto,0.4.0,ML-KEM-768,encapsulation,2,183900,28835840,True,
86230baa-0c3e-43a8-8879-a0e633ce9dec,56e5dbbb-b79e-4bbd-82ac-528998b82b14,2026-08-12T16:54:12.970980+00:00,native_windows_x86_64,NATIVE_SOFTWARE,x86_64,"AMD64 Family 23 Model 96 Stepping 1, AuthenticAMD",12,7598,Windows-11-10.0.26200-SP0,N/A (prebuilt Python extension wheel),N/A,N/A (prebuilt wheel),pqcrypto,0.4.0,ML-KEM-768,decapsulation,2,71100,28835840,True,
86230baa-0c3e-43a8-8879-a0e633ce9dec,56e5dbbb-b79e-4bbd-82ac-528998b82b14,2026-08-12T16:54:12.971134+00:00,native_windows_x86_64,NATIVE_SOFTWARE,x86_64,"AMD64 Family 23 Model 96 Stepping 1, AuthenticAMD",12,7598,Windows-11-10.0.26200-SP0,N/A (prebuilt Python extension wheel),N/A,N/A (prebuilt wheel),pqcrypto,0.4.0,ML-KEM-768,keygen,3,187200,28835840,True,
86230baa-0c3e-43a8-8879-a0e633ce9dec,56e5dbbb-b79e-4bbd-82ac-528998b82b14,2026-08-12T16:54:12.971587+00:00,native_windows_x86_64,NATIVE_SOFTWARE,x86_64,"AMD64 Family 23 Model 96 Stepping 1, AuthenticAMD",12,7598,Windows-11-10.0.26200-SP0,N/A (prebuilt Python extension wheel),N/A,N/A (prebuilt wheel),pqcrypto,0.4.0,ML-KEM-768,encapsulation,3,186500,28835840,True,
86230baa-0c3e-43a8-8879-a0e633ce9dec,56e5dbbb-b79e-4bbd-82ac-528998b82b14,2026-08-12T16:54:12.971871+00:00,native_windows_x86_64,NATIVE_SOFTWARE,x86_64,"AMD64 Family 23 Model 96 Stepping 1, AuthenticAMD",12,7598,Windows-11-10.0.26200-SP0,N/A (prebuilt Python extension wheel),N/A,N/A (prebuilt wheel),pqcrypto,0.4.0,ML-KEM-768,decapsulation,3,70200,28835840,True,
86230baa-0c3e-43a8-8879-a0e633ce9dec,56e5dbbb-b79e-4bbd-82ac-528998b82b14,2026-08-12T16:54:12.972025+00:00,native_windows_x86_64,NATIVE_SOFTWARE,x86_64,"AMD64 Family 23 Model 96 Stepping 1, AuthenticAMD",12,7598,Windows-11-10.0.26200-SP0,N/A (prebuilt Python extension wheel),N/A,N/A (prebuilt wheel),pqcrypto,0.4.0,ML-KEM-768,keygen,4,184700,28835840,True,
86230baa-0c3e-43a8-8879-a0e633ce9dec,56e5dbbb-b79e-4bbd-82ac-528998b82b14,2026-08-12T16:54:12.972484+00:00,native_windows_x86_64,NATIVE_SOFTWARE,x86_64,"AMD64 Family 23 Model 96 Stepping 1, AuthenticAMD",12,7598,Windows-11-10.0.26200-SP0,N/A (prebuilt Python extension wheel),N/A,N/A (prebuilt wheel),pqcrypto,0.4.0,ML-KEM-768,encapsulation,4,177900,28835840,True,
86230baa-0c3e-43a8-8879-a0e633ce9dec,56e5dbbb-b79e-4bbd-82ac-528998b82b14,2026-08-12T16:54:12.972778+00:00,native_windows_x86_64,NATIVE_SOFTWARE,x86_64,"AMD64 Family 23 Model 96 Stepping 1, AuthenticAMD",12,7598,Windows-11-10.0.26200-SP0,N/A (prebuilt Python extension wheel),N/A,N/A (prebuilt wheel),pqcrypto,0.4.0,ML-KEM-768,decapsulation,4,70500,28835840,True,
86230baa-0c3e-43a8-8879-a0e633ce9dec,56e5dbbb-b79e-4bbd-82ac-528998b82b14,2026-08-12T16:54:12.972930+00:00,native_windows_x86_64,NATIVE_SOFTWARE,x86_64,"AMD64 Family 23 Model 96 Stepping 1, AuthenticAMD",12,7598,Windows-11-10.0.26200-SP0,N/A (prebuilt Python extension wheel),N/A,N/A (prebuilt wheel),pqcrypto,0.4.0,ML-KEM-768,keygen,5,186400,28839936,True,
86230baa-0c3e-43a8-8879-a0e633ce9dec,56e5dbbb-b79e-4bbd-82ac-528998b82b14,2026-08-12T16:54:12.973398+00:00,native_windows_x86_64,NATIVE_SOFTWARE,x86_64,"AMD64 Family 23 Model 96 Stepping 1, AuthenticAMD",12,7598,Windows-11-10.0.26200-SP0,N/A (prebuilt Python extension wheel),N/A,N/A (prebuilt wheel),pqcrypto,0.4.0,ML-KEM-768,encapsulation,5,177500,28839936,True,
86230baa-0c3e-43a8-8879-a0e633ce9dec,56e5dbbb-b79e-4bbd-82ac-528998b82b14,2026-08-12T16:54:12.973689+00:00,native_windows_x86_64,NATIVE_SOFTWARE,x86_64,"AMD64 Family 23 Model 96 Stepping 1, AuthenticAMD",12,7598,Windows-11-10.0.26200-SP0,N/A (prebuilt Python extension wheel),N/A,N/A (prebuilt wheel),pqcrypto,0.4.0,ML-KEM-768,decapsulation,5,71100,28848128,True,
86230baa-0c3e-43a8-8879-a0e633ce9dec,56e5dbbb-b79e-4bbd-82ac-528998b82b14,2026-08-12T16:54:12.973853+00:00,native_windows_x86_64,NATIVE_SOFTWARE,x86_64,"AMD64 Family 23 Model 96 Stepping 1, AuthenticAMD",12,7598,Windows-11-10.0.26200-SP0,N/A (prebuilt Python extension wheel),N/A,N/A (prebuilt wheel),pqcrypto,0.4.0,ML-KEM-768,keygen,6,194500,28848128,True,
86230baa-0c3e-43a8-8879-a0e633ce9dec,56e5dbbb-b79e-4bbd-82ac-528998b82b14,2026-08-12T16:54:12.974324+00:00,native_windows_x86_64,NATIVE_SOFTWARE,x86_64,"AMD64 Family 23 Model 96 Stepping 1, AuthenticAMD",12,7598,Windows-11-10.0.26200-SP0,N/A (prebuilt Python extension wheel),N/A,N/A (prebuilt wheel),pqcrypto,0.4.0,ML-KEM-768,encapsulation,6,186900,28921856,True,
86230baa-0c3e-43a8-8879-a0e633ce9dec,56e5dbbb-b79e-4bbd-82ac-528998b82b14,2026-08-12T16:54:12.975096+00:00,native_windows_x86_64,NATIVE_SOFTWARE,x86_64,"AMD64 Family 23 Model 96 Stepping 1, AuthenticAMD",12,7598,Windows-11-10.0.26200-SP0,N/A (prebuilt Python extension wheel),N/A,N/A (prebuilt wheel),pqcrypto,0.4.0,ML-KEM-768,decapsulation,6,106700,28921856,True,
86230baa-0c3e-43a8-8879-a0e633ce9dec,56e5dbbb-b79e-4bbd-82ac-528998b82b14,2026-08-12T16:54:12.975338+00:00,native_windows_x86_64,NATIVE_SOFTWARE,x86_64,"AMD64 Family 23 Model 96 Stepping 1, AuthenticAMD",12,7598,Windows-11-10.0.26200-SP0,N/A (prebuilt Python extension wheel),N/A,N/A (prebuilt wheel),pqcrypto,0.4.0,ML-KEM-768,keygen,7,253000,28921856,True,
86230baa-0c3e-43a8-8879-a0e633ce9dec,56e5dbbb-b79e-4bbd-82ac-528998b82b14,2026-08-12T16:54:12.975913+00:00,native_windows_x86_64,NATIVE_SOFTWARE,x86_64,"AMD64 Family 23 Model 96 Stepping 1, AuthenticAMD",12,7598,Windows-11-10.0.26200-SP0,N/A (prebuilt Python extension wheel),N/A,N/A (prebuilt wheel),pqcrypto,0.4.0,ML-KEM-768,encapsulation,7,185900,28921856,True,
86230baa-0c3e-43a8-8879-a0e633ce9dec,56e5dbbb-b79e-4bbd-82ac-528998b82b14,2026-08-12T16:54:12.976251+00:00,native_windows_x86_64,NATIVE_SOFTWARE,x86_64,"AMD64 Family 23 Model 96 Stepping 1, AuthenticAMD",12,7598,Windows-11-10.0.26200-SP0,N/A (prebuilt Python extension wheel),N/A,N/A (prebuilt wheel),pqcrypto,0.4.0,ML-KEM-768,decapsulation,7,80700,28921856,True,
86230baa-0c3e-43a8-8879-a0e633ce9dec,56e5dbbb-b79e-4bbd-82ac-528998b82b14,2026-08-12T16:54:12.976430+00:00,native_windows_x86_64,NATIVE_SOFTWARE,x86_64,"AMD64 Family 23 Model 96 Stepping 1, AuthenticAMD",12,7598,Windows-11-10.0.26200-SP0,N/A (prebuilt Python extension wheel),N/A,N/A (prebuilt wheel),pqcrypto,0.4.0,ML-KEM-768,keygen,8,237500,28921856,True,
86230baa-0c3e-43a8-8879-a0e633ce9dec,56e5dbbb-b79e-4bbd-82ac-528998b82b14,2026-08-12T16:54:12.977008+00:00,native_windows_x86_64,NATIVE_SOFTWARE,x86_64,"AMD64 Family 23 Model 96 Stepping 1, AuthenticAMD",12,7598,Windows-11-10.0.26200-SP0,N/A (prebuilt Python extension wheel),N/A,N/A (prebuilt wheel),pqcrypto,0.4.0,ML-KEM-768,encapsulation,8,180000,28921856,True,
86230baa-0c3e-43a8-8879-a0e633ce9dec,56e5dbbb-b79e-4bbd-82ac-528998b82b14,2026-08-12T16:54:12.977311+00:00,native_windows_x86_64,NATIVE_SOFTWARE,x86_64,"AMD64 Family 23 Model 96 Stepping 1, AuthenticAMD",12,7598,Windows-11-10.0.26200-SP0,N/A (prebuilt Python extension wheel),N/A,N/A (prebuilt wheel),pqcrypto,0.4.0,ML-KEM-768,decapsulation,8,71000,28921856,True,
86230baa-0c3e-43a8-8879-a0e633ce9dec,56e5dbbb-b79e-4bbd-82ac-528998b82b14,2026-08-12T16:54:12.977469+00:00,native_windows_x86_64,NATIVE_SOFTWARE,x86_64,"AMD64 Family 23 Model 96 Stepping 1, AuthenticAMD",12,7598,Windows-11-10.0.26200-SP0,N/A (prebuilt Python extension wheel),N/A,N/A (prebuilt wheel),pqcrypto,0.4.0,ML-KEM-768,keygen,9,213400,28921856,True,
86230baa-0c3e-43a8-8879-a0e633ce9dec,56e5dbbb-b79e-4bbd-82ac-528998b82b14,2026-08-12T16:54:12.977989+00:00,native_windows_x86_64,NATIVE_SOFTWARE,x86_64,"AMD64 Family 23 Model 96 Stepping 1, AuthenticAMD",12,7598,Windows-11-10.0.26200-SP0,N/A (prebuilt Python extension wheel),N/A,N/A (prebuilt wheel),pqcrypto,0.4.0,ML-KEM-768,encapsulation,9,178800,28921856,True,
86230baa-0c3e-43a8-8879-a0e633ce9dec,56e5dbbb-b79e-4bbd-82ac-528998b82b14,2026-08-12T16:54:12.978276+00:00,native_windows_x86_64,NATIVE_SOFTWARE,x86_64,"AMD64 Family 23 Model 96 Stepping 1, AuthenticAMD",12,7598,Windows-11-10.0.26200-SP0,N/A (prebuilt Python extension wheel),N/A,N/A (prebuilt wheel),pqcrypto,0.4.0,ML-KEM-768,decapsulation,9,71100,28921856,True,
86230baa-0c3e-43a8-8879-a0e633ce9dec,56e5dbbb-b79e-4bbd-82ac-528998b82b14,2026-08-12T16:54:12.978427+00:00,native_windows_x86_64,NATIVE_SOFTWARE,x86_64,"AMD64 Family 23 Model 96 Stepping 1, AuthenticAMD",12,7598,Windows-11-10.0.26200-SP0,N/A (prebuilt Python extension wheel),N/A,N/A (prebuilt wheel),pqcrypto,0.4.0,ML-KEM-768,keygen,10,184500,28921856,True,
86230baa-0c3e-43a8-8879-a0e633ce9dec,56e5dbbb-b79e-4bbd-82ac-528998b82b14,2026-08-12T16:54:12.978889+00:00,native_windows_x86_64,NATIVE_SOFTWARE,x86_64,"AMD64 Family 23 Model 96 Stepping 1, AuthenticAMD",12,7598,Windows-11-10.0.26200-SP0,N/A (prebuilt Python extension wheel),N/A,N/A (prebuilt wheel),pqcrypto,0.4.0,ML-KEM-768,encapsulation,10,175000,28921856,True,
86230baa-0c3e-43a8-8879-a0e633ce9dec,56e5dbbb-b79e-4bbd-82ac-528998b82b14,2026-08-12T16:54:12.979172+00:00,native_windows_x86_64,NATIVE_SOFTWARE,x86_64,"AMD64 Family 23 Model 96 Stepping 1, AuthenticAMD",12,7598,Windows-11-10.0.26200-SP0,N/A (prebuilt Python extension wheel),N/A,N/A (prebuilt wheel),pqcrypto,0.4.0,ML-KEM-768,decapsulation,10,71300,28921856,True,
86230baa-0c3e-43a8-8879-a0e633ce9dec,56e5dbbb-b79e-4bbd-82ac-528998b82b14,2026-08-12T16:54:12.979330+00:00,native_windows_x86_64,NATIVE_SOFTWARE,x86_64,"AMD64 Family 23 Model 96 Stepping 1, AuthenticAMD",12,7598,Windows-11-10.0.26200-SP0,N/A (prebuilt Python extension wheel),N/A,N/A (prebuilt wheel),pqcrypto,0.4.0,ML-KEM-768,keygen,11,268700,28921856,True,
86230baa-0c3e-43a8-8879-a0e633ce9dec,56e5dbbb-b79e-4bbd-82ac-528998b82b14,2026-08-12T16:54:12.979945+00:00,native_windows_x86_64,NATIVE_SOFTWARE,x86_64,"AMD64 Family 23 Model 96 Stepping 1, AuthenticAMD",12,7598,Windows-11-10.0.26200-SP0,N/A (prebuilt Python extension wheel),N/A,N/A (prebuilt wheel),pqcrypto,0.4.0,ML-KEM-768,encapsulation,11,179600,28921856,True,
86230baa-0c3e-43a8-8879-a0e633ce9dec,56e5dbbb-b79e-4bbd-82ac-528998b82b14,2026-08-12T16:54:12.980248+00:00,native_windows_x86_64,NATIVE_SOFTWARE,x86_64,"AMD64 Family 23 Model 96 Stepping 1, AuthenticAMD",12,7598,Windows-11-10.0.26200-SP0,N/A (prebuilt Python extension wheel),N/A,N/A (prebuilt wheel),pqcrypto,0.4.0,ML-KEM-768,decapsulation,11,71100,28921856,True,
86230baa-0c3e-43a8-8879-a0e633ce9dec,56e5dbbb-b79e-4bbd-82ac-528998b82b14,2026-08-12T16:54:12.980404+00:00,native_windows_x86_64,NATIVE_SOFTWARE,x86_64,"AMD64 Family 23 Model 96 Stepping 1, AuthenticAMD",12,7598,Windows-11-10.0.26200-SP0,N/A (prebuilt Python extension wheel),N/A,N/A (prebuilt wheel),pqcrypto,0.4.0,ML-KEM-768,keygen,12,248000,28921856,True,
86230baa-0c3e-43a8-8879-a0e633ce9dec,56e5dbbb-b79e-4bbd-82ac-528998b82b14,2026-08-12T16:54:12.980944+00:00,native_windows_x86_64,NATIVE_SOFTWARE,x86_64,"AMD64 Family 23 Model 96 Stepping 1, AuthenticAMD",12,7598,Windows-11-10.0.26200-SP0,N/A (prebuilt Python extension wheel),N/A,N/A (prebuilt wheel),pqcrypto,0.4.0,ML-KEM-768,encapsulation,12,180200,28921856,True,
86230baa-0c3e-43a8-8879-a0e633ce9dec,56e5dbbb-b79e-4bbd-82ac-528998b82b14,2026-08-12T16:54:12.981241+00:00,native_windows_x86_64,NATIVE_SOFTWARE,x86_64,"AMD64 Family 23 Model 96 Stepping 1, AuthenticAMD",12,7598,Windows-11-10.0.26200-SP0,N/A (prebuilt Python extension wheel),N/A,N/A (prebuilt wheel),pqcrypto,0.4.0,ML-KEM-768,decapsulation,12,71200,28921856,True,
86230baa-0c3e-43a8-8879-a0e633ce9dec,56e5dbbb-b79e-4bbd-82ac-528998b82b14,2026-08-12T16:54:12.981395+00:00,native_windows_x86_64,NATIVE_SOFTWARE,x86_64,"AMD64 Family 23 Model 96 Stepping 1, AuthenticAMD",12,7598,Windows-11-10.0.26200-SP0,N/A (prebuilt Python extension wheel),N/A,N/A (prebuilt wheel),pqcrypto,0.4.0,ML-KEM-768,keygen,13,186400,28921856,True,
86230baa-0c3e-43a8-8879-a0e633ce9dec,56e5dbbb-b79e-4bbd-82ac-528998b82b14,2026-08-12T16:54:12.981855+00:00,native_windows_x86_64,NATIVE_SOFTWARE,x86_64,"AMD64 Family 23 Model 96 Stepping 1, AuthenticAMD",12,7598,Windows-11-10.0.26200-SP0,N/A (prebuilt Python extension wheel),N/A,N/A (prebuilt wheel),pqcrypto,0.4.0,ML-KEM-768,encapsulation,13,199700,28921856,True,
86230baa-0c3e-43a8-8879-a0e633ce9dec,56e5dbbb-b79e-4bbd-82ac-528998b82b14,2026-08-12T16:54:12.982167+00:00,native_windows_x86_64,NATIVE_SOFTWARE,x86_64,"AMD64 Family 23 Model 96 Stepping 1, AuthenticAMD",12,7598,Windows-11-10.0.26200-SP0,N/A (prebuilt Python extension wheel),N/A,N/A (prebuilt wheel),pqcrypto,0.4.0,ML-KEM-768,decapsulation,13,71000,28921856,True,
86230baa-0c3e-43a8-8879-a0e633ce9dec,56e5dbbb-b79e-4bbd-82ac-528998b82b14,2026-08-12T16:54:12.982322+00:00,native_windows_x86_64,NATIVE_SOFTWARE,x86_64,"AMD64 Family 23 Model 96 Stepping 1, AuthenticAMD",12,7598,Windows-11-10.0.26200-SP0,N/A (prebuilt Python extension wheel),N/A,N/A (prebuilt wheel),pqcrypto,0.4.0,ML-KEM-768,keygen,14,193500,28921856,True,
86230baa-0c3e-43a8-8879-a0e633ce9dec,56e5dbbb-b79e-4bbd-82ac-528998b82b14,2026-08-12T16:54:12.982811+00:00,native_windows_x86_64,NATIVE_SOFTWARE,x86_64,"AMD64 Family 23 Model 96 Stepping 1, AuthenticAMD",12,7598,Windows-11-10.0.26200-SP0,N/A (prebuilt Python extension wheel),N/A,N/A (prebuilt wheel),pqcrypto,0.4.0,ML-KEM-768,encapsulation,14,179100,28921856,True,
86230baa-0c3e-43a8-8879-a0e633ce9dec,56e5dbbb-b79e-4bbd-82ac-528998b82b14,2026-08-12T16:54:12.983114+00:00,native_windows_x86_64,NATIVE_SOFTWARE,x86_64,"AMD64 Family 23 Model 96 Stepping 1, AuthenticAMD",12,7598,Windows-11-10.0.26200-SP0,N/A (prebuilt Python extension wheel),N/A,N/A (prebuilt wheel),pqcrypto,0.4.0,ML-KEM-768,decapsulation,14,71100,28921856,True,
86230baa-0c3e-43a8-8879-a0e633ce9dec,56e5dbbb-b79e-4bbd-82ac-528998b82b14,2026-08-12T16:54:12.983269+00:00,native_windows_x86_64,NATIVE_SOFTWARE,x86_64,"AMD64 Family 23 Model 96 Stepping 1, AuthenticAMD",12,7598,Windows-11-10.0.26200-SP0,N/A (prebuilt Python extension wheel),N/A,N/A (prebuilt wheel),pqcrypto,0.4.0,ML-KEM-768,keygen,15,203100,28921856,True,
86230baa-0c3e-43a8-8879-a0e633ce9dec,56e5dbbb-b79e-4bbd-82ac-528998b82b14,2026-08-12T16:54:12.983774+00:00,native_windows_x86_64,NATIVE_SOFTWARE,x86_64,"AMD64 Family 23 Model 96 Stepping 1, AuthenticAMD",12,7598,Windows-11-10.0.26200-SP0,N/A (prebuilt Python extension wheel),N/A,N/A (prebuilt wheel),pqcrypto,0.4.0,ML-KEM-768,encapsulation,15,181400,28921856,True,
86230baa-0c3e-43a8-8879-a0e633ce9dec,56e5dbbb-b79e-4bbd-82ac-528998b82b14,2026-08-12T16:54:12.984109+00:00,native_windows_x86_64,NATIVE_SOFTWARE,x86_64,"AMD64 Family 23 Model 96 Stepping 1, AuthenticAMD",12,7598,Windows-11-10.0.26200-SP0,N/A (prebuilt Python extension wheel),N/A,N/A (prebuilt wheel),pqcrypto,0.4.0,ML-KEM-768,decapsulation,15,72200,28921856,True,
86230baa-0c3e-43a8-8879-a0e633ce9dec,56e5dbbb-b79e-4bbd-82ac-528998b82b14,2026-08-12T16:54:12.984272+00:00,native_windows_x86_64,NATIVE_SOFTWARE,x86_64,"AMD64 Family 23 Model 96 Stepping 1, AuthenticAMD",12,7598,Windows-11-10.0.26200-SP0,N/A (prebuilt Python extension wheel),N/A,N/A (prebuilt wheel),pqcrypto,0.4.0,ML-KEM-768,keygen,16,240400,28921856,True,
86230baa-0c3e-43a8-8879-a0e633ce9dec,56e5dbbb-b79e-4bbd-82ac-528998b82b14,2026-08-12T16:54:12.984863+00:00,native_windows_x86_64,NATIVE_SOFTWARE,x86_64,"AMD64 Family 23 Model 96 Stepping 1, AuthenticAMD",12,7598,Windows-11-10.0.26200-SP0,N/A (prebuilt Python extension wheel),N/A,N/A (prebuilt wheel),pqcrypto,0.4.0,ML-KEM-768,encapsulation,16,177900,28921856,True,
86230baa-0c3e-43a8-8879-a0e633ce9dec,56e5dbbb-b79e-4bbd-82ac-528998b82b14,2026-08-12T16:54:12.985167+00:00,native_windows_x86_64,NATIVE_SOFTWARE,x86_64,"AMD64 Family 23 Model 96 Stepping 1, AuthenticAMD",12,7598,Windows-11-10.0.26200-SP0,N/A (prebuilt Python extension wheel),N/A,N/A (prebuilt wheel),pqcrypto,0.4.0,ML-KEM-768,decapsulation,16,72900,28921856,True,
86230baa-0c3e-43a8-8879-a0e633ce9dec,56e5dbbb-b79e-4bbd-82ac-528998b82b14,2026-08-12T16:54:12.985326+00:00,native_windows_x86_64,NATIVE_SOFTWARE,x86_64,"AMD64 Family 23 Model 96 Stepping 1, AuthenticAMD",12,7598,Windows-11-10.0.26200-SP0,N/A (prebuilt Python extension wheel),N/A,N/A (prebuilt wheel),pqcrypto,0.4.0,ML-KEM-768,keygen,17,201900,28921856,True,
86230baa-0c3e-43a8-8879-a0e633ce9dec,56e5dbbb-b79e-4bbd-82ac-528998b82b14,2026-08-12T16:54:12.985802+00:00,native_windows_x86_64,NATIVE_SOFTWARE,x86_64,"AMD64 Family 23 Model 96 Stepping 1, AuthenticAMD",12,7598,Windows-11-10.0.26200-SP0,N/A (prebuilt Python extension wheel),N/A,N/A (prebuilt wheel),pqcrypto,0.4.0,ML-KEM-768,encapsulation,17,174700,28921856,True,
86230baa-0c3e-43a8-8879-a0e633ce9dec,56e5dbbb-b79e-4bbd-82ac-528998b82b14,2026-08-12T16:54:12.986073+00:00,native_windows_x86_64,NATIVE_SOFTWARE,x86_64,"AMD64 Family 23 Model 96 Stepping 1, AuthenticAMD",12,7598,Windows-11-10.0.26200-SP0,N/A (prebuilt Python extension wheel),N/A,N/A (prebuilt wheel),pqcrypto,0.4.0,ML-KEM-768,decapsulation,17,69600,28921856,True,
86230baa-0c3e-43a8-8879-a0e633ce9dec,56e5dbbb-b79e-4bbd-82ac-528998b82b14,2026-08-12T16:54:12.986221+00:00,native_windows_x86_64,NATIVE_SOFTWARE,x86_64,"AMD64 Family 23 Model 96 Stepping 1, AuthenticAMD",12,7598,Windows-11-10.0.26200-SP0,N/A (prebuilt Python extension wheel),N/A,N/A (prebuilt wheel),pqcrypto,0.4.0,ML-KEM-768,keygen,18,175800,28921856,True,
86230baa-0c3e-43a8-8879-a0e633ce9dec,56e5dbbb-b79e-4bbd-82ac-528998b82b14,2026-08-12T16:54:12.986661+00:00,native_windows_x86_64,NATIVE_SOFTWARE,x86_64,"AMD64 Family 23 Model 96 Stepping 1, AuthenticAMD",12,7598,Windows-11-10.0.26200-SP0,N/A (prebuilt Python extension wheel),N/A,N/A (prebuilt wheel),pqcrypto,0.4.0,ML-KEM-768,encapsulation,18,180200,28921856,True,
86230baa-0c3e-43a8-8879-a0e633ce9dec,56e5dbbb-b79e-4bbd-82ac-528998b82b14,2026-08-12T16:54:12.986949+00:00,native_windows_x86_64,NATIVE_SOFTWARE,x86_64,"AMD64 Family 23 Model 96 Stepping 1, AuthenticAMD",12,7598,Windows-11-10.0.26200-SP0,N/A (prebuilt Python extension wheel),N/A,N/A (prebuilt wheel),pqcrypto,0.4.0,ML-KEM-768,decapsulation,18,69900,28921856,True,
86230baa-0c3e-43a8-8879-a0e633ce9dec,56e5dbbb-b79e-4bbd-82ac-528998b82b14,2026-08-12T16:54:12.987100+00:00,native_windows_x86_64,NATIVE_SOFTWARE,x86_64,"AMD64 Family 23 Model 96 Stepping 1, AuthenticAMD",12,7598,Windows-11-10.0.26200-SP0,N/A (prebuilt Python extension wheel),N/A,N/A (prebuilt wheel),pqcrypto,0.4.0,ML-KEM-768,keygen,19,184800,29057024,True,
86230baa-0c3e-43a8-8879-a0e633ce9dec,56e5dbbb-b79e-4bbd-82ac-528998b82b14,2026-08-12T16:54:12.987599+00:00,native_windows_x86_64,NATIVE_SOFTWARE,x86_64,"AMD64 Family 23 Model 96 Stepping 1, AuthenticAMD",12,7598,Windows-11-10.0.26200-SP0,N/A (prebuilt Python extension wheel),N/A,N/A (prebuilt wheel),pqcrypto,0.4.0,ML-KEM-768,encapsulation,19,175500,29065216,True,
86230baa-0c3e-43a8-8879-a0e633ce9dec,56e5dbbb-b79e-4bbd-82ac-528998b82b14,2026-08-12T16:54:12.988868+00:00,native_windows_x86_64,NATIVE_SOFTWARE,x86_64,"AMD64 Family 23 Model 96 Stepping 1, AuthenticAMD",12,7598,Windows-11-10.0.26200-SP0,N/A (prebuilt Python extension wheel),N/A,N/A (prebuilt wheel),pqcrypto,0.4.0,ML-KEM-768,decapsulation,19,82500,29065216,True,
86230baa-0c3e-43a8-8879-a0e633ce9dec,56e5dbbb-b79e-4bbd-82ac-528998b82b14,2026-08-12T16:54:12.989047+00:00,native_windows_x86_64,NATIVE_SOFTWARE,x86_64,"AMD64 Family 23 Model 96 Stepping 1, AuthenticAMD",12,7598,Windows-11-10.0.26200-SP0,N/A (prebuilt Python extension wheel),N/A,N/A (prebuilt wheel),pqcrypto,0.4.0,ML-KEM-768,keygen,20,256800,29065216,True,
86230baa-0c3e-43a8-8879-a0e633ce9dec,56e5dbbb-b79e-4bbd-82ac-528998b82b14,2026-08-12T16:54:12.989582+00:00,native_windows_x86_64,NATIVE_SOFTWARE,x86_64,"AMD64 Family 23 Model 96 Stepping 1, AuthenticAMD",12,7598,Windows-11-10.0.26200-SP0,N/A (prebuilt Python extension wheel),N/A,N/A (prebuilt wheel),pqcrypto,0.4.0,ML-KEM-768,encapsulation,20,177000,29065216,True,
86230baa-0c3e-43a8-8879-a0e633ce9dec,56e5dbbb-b79e-4bbd-82ac-528998b82b14,2026-08-12T16:54:12.989855+00:00,native_windows_x86_64,NATIVE_SOFTWARE,x86_64,"AMD64 Family 23 Model 96 Stepping 1, AuthenticAMD",12,7598,Windows-11-10.0.26200-SP0,N/A (prebuilt Python extension wheel),N/A,N/A (prebuilt wheel),pqcrypto,0.4.0,ML-KEM-768,decapsulation,20,69600,29065216,True,
86230baa-0c3e-43a8-8879-a0e633ce9dec,56e5dbbb-b79e-4bbd-82ac-528998b82b14,2026-08-12T16:54:12.990005+00:00,native_windows_x86_64,NATIVE_SOFTWARE,x86_64,"AMD64 Family 23 Model 96 Stepping 1, AuthenticAMD",12,7598,Windows-11-10.0.26200-SP0,N/A (prebuilt Python extension wheel),N/A,N/A (prebuilt wheel),pqcrypto,0.4.0,ML-KEM-768,keygen,21,187600,29065216,True,
86230baa-0c3e-43a8-8879-a0e633ce9dec,56e5dbbb-b79e-4bbd-82ac-528998b82b14,2026-08-12T16:54:12.990460+00:00,native_windows_x86_64,NATIVE_SOFTWARE,x86_64,"AMD64 Family 23 Model 96 Stepping 1, AuthenticAMD",12,7598,Windows-11-10.0.26200-SP0,N/A (prebuilt Python extension wheel),N/A,N/A (prebuilt wheel),pqcrypto,0.4.0,ML-KEM-768,encapsulation,21,173000,29065216,True,
86230baa-0c3e-43a8-8879-a0e633ce9dec,56e5dbbb-b79e-4bbd-82ac-528998b82b14,2026-08-12T16:54:12.990739+00:00,native_windows_x86_64,NATIVE_SOFTWARE,x86_64,"AMD64 Family 23 Model 96 Stepping 1, AuthenticAMD",12,7598,Windows-11-10.0.26200-SP0,N/A (prebuilt Python extension wheel),N/A,N/A (prebuilt wheel),pqcrypto,0.4.0,ML-KEM-768,decapsulation,21,73400,29065216,True,
86230baa-0c3e-43a8-8879-a0e633ce9dec,56e5dbbb-b79e-4bbd-82ac-528998b82b14,2026-08-12T16:54:12.990961+00:00,native_windows_x86_64,NATIVE_SOFTWARE,x86_64,"AMD64 Family 23 Model 96 Stepping 1, AuthenticAMD",12,7598,Windows-11-10.0.26200-SP0,N/A (prebuilt Python extension wheel),N/A,N/A (prebuilt wheel),pqcrypto,0.4.0,ML-KEM-768,keygen,22,303300,29065216,True,
86230baa-0c3e-43a8-8879-a0e633ce9dec,56e5dbbb-b79e-4bbd-82ac-528998b82b14,2026-08-12T16:54:12.991616+00:00,native_windows_x86_64,NATIVE_SOFTWARE,x86_64,"AMD64 Family 23 Model 96 Stepping 1, AuthenticAMD",12,7598,Windows-11-10.0.26200-SP0,N/A (prebuilt Python extension wheel),N/A,N/A (prebuilt wheel),pqcrypto,0.4.0,ML-KEM-768,encapsulation,22,177600,29069312,True,
86230baa-0c3e-43a8-8879-a0e633ce9dec,56e5dbbb-b79e-4bbd-82ac-528998b82b14,2026-08-12T16:54:12.991913+00:00,native_windows_x86_64,NATIVE_SOFTWARE,x86_64,"AMD64 Family 23 Model 96 Stepping 1, AuthenticAMD",12,7598,Windows-11-10.0.26200-SP0,N/A (prebuilt Python extension wheel),N/A,N/A (prebuilt wheel),pqcrypto,0.4.0,ML-KEM-768,decapsulation,22,70400,29069312,True,
86230baa-0c3e-43a8-8879-a0e633ce9dec,56e5dbbb-b79e-4bbd-82ac-528998b82b14,2026-08-12T16:54:12.992067+00:00,native_windows_x86_64,NATIVE_SOFTWARE,x86_64,"AMD64 Family 23 Model 96 Stepping 1, AuthenticAMD",12,7598,Windows-11-10.0.26200-SP0,N/A (prebuilt Python extension wheel),N/A,N/A (prebuilt wheel),pqcrypto,0.4.0,ML-KEM-768,keygen,23,181400,29073408,True,
86230baa-0c3e-43a8-8879-a0e633ce9dec,56e5dbbb-b79e-4bbd-82ac-528998b82b14,2026-08-12T16:54:12.992526+00:00,native_windows_x86_64,NATIVE_SOFTWARE,x86_64,"AMD64 Family 23 Model 96 Stepping 1, AuthenticAMD",12,7598,Windows-11-10.0.26200-SP0,N/A (prebuilt Python extension wheel),N/A,N/A (prebuilt wheel),pqcrypto,0.4.0,ML-KEM-768,encapsulation,23,182300,29073408,True,
86230baa-0c3e-43a8-8879-a0e633ce9dec,56e5dbbb-b79e-4bbd-82ac-528998b82b14,2026-08-12T16:54:12.992824+00:00,native_windows_x86_64,NATIVE_SOFTWARE,x86_64,"AMD64 Family 23 Model 96 Stepping 1, AuthenticAMD",12,7598,Windows-11-10.0.26200-SP0,N/A (prebuilt Python extension wheel),N/A,N/A (prebuilt wheel),pqcrypto,0.4.0,ML-KEM-768,decapsulation,23,71500,29073408,True,
86230baa-0c3e-43a8-8879-a0e633ce9dec,56e5dbbb-b79e-4bbd-82ac-528998b82b14,2026-08-12T16:54:12.992980+00:00,native_windows_x86_64,NATIVE_SOFTWARE,x86_64,"AMD64 Family 23 Model 96 Stepping 1, AuthenticAMD",12,7598,Windows-11-10.0.26200-SP0,N/A (prebuilt Python extension wheel),N/A,N/A (prebuilt wheel),pqcrypto,0.4.0,ML-KEM-768,keygen,24,202500,29073408,True,
86230baa-0c3e-43a8-8879-a0e633ce9dec,56e5dbbb-b79e-4bbd-82ac-528998b82b14,2026-08-12T16:54:12.993522+00:00,native_windows_x86_64,NATIVE_SOFTWARE,x86_64,"AMD64 Family 23 Model 96 Stepping 1, AuthenticAMD",12,7598,Windows-11-10.0.26200-SP0,N/A (prebuilt Python extension wheel),N/A,N/A (prebuilt wheel),pqcrypto,0.4.0,ML-KEM-768,encapsulation,24,177500,29073408,True,
86230baa-0c3e-43a8-8879-a0e633ce9dec,56e5dbbb-b79e-4bbd-82ac-528998b82b14,2026-08-12T16:54:12.993819+00:00,native_windows_x86_64,NATIVE_SOFTWARE,x86_64,"AMD64 Family 23 Model 96 Stepping 1, AuthenticAMD",12,7598,Windows-11-10.0.26200-SP0,N/A (prebuilt Python extension wheel),N/A,N/A (prebuilt wheel),pqcrypto,0.4.0,ML-KEM-768,decapsulation,24,70200,29073408,True,
86230baa-0c3e-43a8-8879-a0e633ce9dec,56e5dbbb-b79e-4bbd-82ac-528998b82b14,2026-08-12T16:54:12.993971+00:00,native_windows_x86_64,NATIVE_SOFTWARE,x86_64,"AMD64 Family 23 Model 96 Stepping 1, AuthenticAMD",12,7598,Windows-11-10.0.26200-SP0,N/A (prebuilt Python extension wheel),N/A,N/A (prebuilt wheel),pqcrypto,0.4.0,ML-KEM-768,keygen,25,196000,29073408,True,
86230baa-0c3e-43a8-8879-a0e633ce9dec,56e5dbbb-b79e-4bbd-82ac-528998b82b14,2026-08-12T16:54:12.994443+00:00,native_windows_x86_64,NATIVE_SOFTWARE,x86_64,"AMD64 Family 23 Model 96 Stepping 1, AuthenticAMD",12,7598,Windows-11-10.0.26200-SP0,N/A (prebuilt Python extension wheel),N/A,N/A (prebuilt wheel),pqcrypto,0.4.0,ML-KEM-768,encapsulation,25,176600,29073408,True,
86230baa-0c3e-43a8-8879-a0e633ce9dec,56e5dbbb-b79e-4bbd-82ac-528998b82b14,2026-08-12T16:54:12.994744+00:00,native_windows_x86_64,NATIVE_SOFTWARE,x86_64,"AMD64 Family 23 Model 96 Stepping 1, AuthenticAMD",12,7598,Windows-11-10.0.26200-SP0,N/A (prebuilt Python extension wheel),N/A,N/A (prebuilt wheel),pqcrypto,0.4.0,ML-KEM-768,decapsulation,25,74900,29073408,True,
86230baa-0c3e-43a8-8879-a0e633ce9dec,56e5dbbb-b79e-4bbd-82ac-528998b82b14,2026-08-12T16:54:12.994905+00:00,native_windows_x86_64,NATIVE_SOFTWARE,x86_64,"AMD64 Family 23 Model 96 Stepping 1, AuthenticAMD",12,7598,Windows-11-10.0.26200-SP0,N/A (prebuilt Python extension wheel),N/A,N/A (prebuilt wheel),pqcrypto,0.4.0,ML-KEM-768,keygen,26,200800,29073408,True,
86230baa-0c3e-43a8-8879-a0e633ce9dec,56e5dbbb-b79e-4bbd-82ac-528998b82b14,2026-08-12T16:54:12.995391+00:00,native_windows_x86_64,NATIVE_SOFTWARE,x86_64,"AMD64 Family 23 Model 96 Stepping 1, AuthenticAMD",12,7598,Windows-11-10.0.26200-SP0,N/A (prebuilt Python extension wheel),N/A,N/A (prebuilt wheel),pqcrypto,0.4.0,ML-KEM-768,encapsulation,26,177200,29073408,True,
86230baa-0c3e-43a8-8879-a0e633ce9dec,56e5dbbb-b79e-4bbd-82ac-528998b82b14,2026-08-12T16:54:12.995682+00:00,native_windows_x86_64,NATIVE_SOFTWARE,x86_64,"AMD64 Family 23 Model 96 Stepping 1, AuthenticAMD",12,7598,Windows-11-10.0.26200-SP0,N/A (prebuilt Python extension wheel),N/A,N/A (prebuilt wheel),pqcrypto,0.4.0,ML-KEM-768,decapsulation,26,70400,29073408,True,
86230baa-0c3e-43a8-8879-a0e633ce9dec,56e5dbbb-b79e-4bbd-82ac-528998b82b14,2026-08-12T16:54:12.995837+00:00,native_windows_x86_64,NATIVE_SOFTWARE,x86_64,"AMD64 Family 23 Model 96 Stepping 1, AuthenticAMD",12,7598,Windows-11-10.0.26200-SP0,N/A (prebuilt Python extension wheel),N/A,N/A (prebuilt wheel),pqcrypto,0.4.0,ML-KEM-768,keygen,27,189200,29073408,True,
86230baa-0c3e-43a8-8879-a0e633ce9dec,56e5dbbb-b79e-4bbd-82ac-528998b82b14,2026-08-12T16:54:12.996301+00:00,native_windows_x86_64,NATIVE_SOFTWARE,x86_64,"AMD64 Family 23 Model 96 Stepping 1, AuthenticAMD",12,7598,Windows-11-10.0.26200-SP0,N/A (prebuilt Python extension wheel),N/A,N/A (prebuilt wheel),pqcrypto,0.4.0,ML-KEM-768,encapsulation,27,175600,29073408,True,
86230baa-0c3e-43a8-8879-a0e633ce9dec,56e5dbbb-b79e-4bbd-82ac-528998b82b14,2026-08-12T16:54:12.996579+00:00,native_windows_x86_64,NATIVE_SOFTWARE,x86_64,"AMD64 Family 23 Model 96 Stepping 1, AuthenticAMD",12,7598,Windows-11-10.0.26200-SP0,N/A (prebuilt Python extension wheel),N/A,N/A (prebuilt wheel),pqcrypto,0.4.0,ML-KEM-768,decapsulation,27,70200,29073408,True,
86230baa-0c3e-43a8-8879-a0e633ce9dec,56e5dbbb-b79e-4bbd-82ac-528998b82b14,2026-08-12T16:54:12.996734+00:00,native_windows_x86_64,NATIVE_SOFTWARE,x86_64,"AMD64 Family 23 Model 96 Stepping 1, AuthenticAMD",12,7598,Windows-11-10.0.26200-SP0,N/A (prebuilt Python extension wheel),N/A,N/A (prebuilt wheel),pqcrypto,0.4.0,ML-KEM-768,keygen,28,192600,29073408,True,
86230baa-0c3e-43a8-8879-a0e633ce9dec,56e5dbbb-b79e-4bbd-82ac-528998b82b14,2026-08-12T16:54:12.997199+00:00,native_windows_x86_64,NATIVE_SOFTWARE,x86_64,"AMD64 Family 23 Model 96 Stepping 1, AuthenticAMD",12,7598,Windows-11-10.0.26200-SP0,N/A (prebuilt Python extension wheel),N/A,N/A (prebuilt wheel),pqcrypto,0.4.0,ML-KEM-768,encapsulation,28,189900,29073408,True,
86230baa-0c3e-43a8-8879-a0e633ce9dec,56e5dbbb-b79e-4bbd-82ac-528998b82b14,2026-08-12T16:54:12.997492+00:00,native_windows_x86_64,NATIVE_SOFTWARE,x86_64,"AMD64 Family 23 Model 96 Stepping 1, AuthenticAMD",12,7598,Windows-11-10.0.26200-SP0,N/A (prebuilt Python extension wheel),N/A,N/A (prebuilt wheel),pqcrypto,0.4.0,ML-KEM-768,decapsulation,28,69700,29073408,True,
86230baa-0c3e-43a8-8879-a0e633ce9dec,56e5dbbb-b79e-4bbd-82ac-528998b82b14,2026-08-12T16:54:12.997642+00:00,native_windows_x86_64,NATIVE_SOFTWARE,x86_64,"AMD64 Family 23 Model 96 Stepping 1, AuthenticAMD",12,7598,Windows-11-10.0.26200-SP0,N/A (prebuilt Python extension wheel),N/A,N/A (prebuilt wheel),pqcrypto,0.4.0,ML-KEM-768,keygen,29,191500,29073408,True,
86230baa-0c3e-43a8-8879-a0e633ce9dec,56e5dbbb-b79e-4bbd-82ac-528998b82b14,2026-08-12T16:54:12.998107+00:00,native_windows_x86_64,NATIVE_SOFTWARE,x86_64,"AMD64 Family 23 Model 96 Stepping 1, AuthenticAMD",12,7598,Windows-11-10.0.26200-SP0,N/A (prebuilt Python extension wheel),N/A,N/A (prebuilt wheel),pqcrypto,0.4.0,ML-KEM-768,encapsulation,29,177000,29073408,True,
86230baa-0c3e-43a8-8879-a0e633ce9dec,56e5dbbb-b79e-4bbd-82ac-528998b82b14,2026-08-12T16:54:12.998390+00:00,native_windows_x86_64,NATIVE_SOFTWARE,x86_64,"AMD64 Family 23 Model 96 Stepping 1, AuthenticAMD",12,7598,Windows-11-10.0.26200-SP0,N/A (prebuilt Python extension wheel),N/A,N/A (prebuilt wheel),pqcrypto,0.4.0,ML-KEM-768,decapsulation,29,69700,29073408,True,
86230baa-0c3e-43a8-8879-a0e633ce9dec,56e5dbbb-b79e-4bbd-82ac-528998b82b14,2026-08-12T16:54:12.998541+00:00,native_windows_x86_64,NATIVE_SOFTWARE,x86_64,"AMD64 Family 23 Model 96 Stepping 1, AuthenticAMD",12,7598,Windows-11-10.0.26200-SP0,N/A (prebuilt Python extension wheel),N/A,N/A (prebuilt wheel),pqcrypto,0.4.0,ML-KEM-768,keygen,30,185500,29073408,True,
86230baa-0c3e-43a8-8879-a0e633ce9dec,56e5dbbb-b79e-4bbd-82ac-528998b82b14,2026-08-12T16:54:12.999009+00:00,native_windows_x86_64,NATIVE_SOFTWARE,x86_64,"AMD64 Family 23 Model 96 Stepping 1, AuthenticAMD",12,7598,Windows-11-10.0.26200-SP0,N/A (prebuilt Python extension wheel),N/A,N/A (prebuilt wheel),pqcrypto,0.4.0,ML-KEM-768,encapsulation,30,184100,29073408,True,
86230baa-0c3e-43a8-8879-a0e633ce9dec,56e5dbbb-b79e-4bbd-82ac-528998b82b14,2026-08-12T16:54:12.999310+00:00,native_windows_x86_64,NATIVE_SOFTWARE,x86_64,"AMD64 Family 23 Model 96 Stepping 1, AuthenticAMD",12,7598,Windows-11-10.0.26200-SP0,N/A (prebuilt Python extension wheel),N/A,N/A (prebuilt wheel),pqcrypto,0.4.0,ML-KEM-768,decapsulation,30,70900,29073408,True,
86230baa-0c3e-43a8-8879-a0e633ce9dec,56e5dbbb-b79e-4bbd-82ac-528998b82b14,2026-08-12T16:54:12.999466+00:00,native_windows_x86_64,NATIVE_SOFTWARE,x86_64,"AMD64 Family 23 Model 96 Stepping 1, AuthenticAMD",12,7598,Windows-11-10.0.26200-SP0,N/A (prebuilt Python extension wheel),N/A,N/A (prebuilt wheel),pqcrypto,0.4.0,ML-KEM-768,keygen,31,197100,29073408,True,
86230baa-0c3e-43a8-8879-a0e633ce9dec,56e5dbbb-b79e-4bbd-82ac-528998b82b14,2026-08-12T16:54:12.999953+00:00,native_windows_x86_64,NATIVE_SOFTWARE,x86_64,"AMD64 Family 23 Model 96 Stepping 1, AuthenticAMD",12,7598,Windows-11-10.0.26200-SP0,N/A (prebuilt Python extension wheel),N/A,N/A (prebuilt wheel),pqcrypto,0.4.0,ML-KEM-768,encapsulation,31,175200,29073408,True,
86230baa-0c3e-43a8-8879-a0e633ce9dec,56e5dbbb-b79e-4bbd-82ac-528998b82b14,2026-08-12T16:54:13.000241+00:00,native_windows_x86_64,NATIVE_SOFTWARE,x86_64,"AMD64 Family 23 Model 96 Stepping 1, AuthenticAMD",12,7598,Windows-11-10.0.26200-SP0,N/A (prebuilt Python extension wheel),N/A,N/A (prebuilt wheel),pqcrypto,0.4.0,ML-KEM-768,decapsulation,31,70700,29077504,True,
86230baa-0c3e-43a8-8879-a0e633ce9dec,56e5dbbb-b79e-4bbd-82ac-528998b82b14,2026-08-12T16:54:13.000400+00:00,native_windows_x86_64,NATIVE_SOFTWARE,x86_64,"AMD64 Family 23 Model 96 Stepping 1, AuthenticAMD",12,7598,Windows-11-10.0.26200-SP0,N/A (prebuilt Python extension wheel),N/A,N/A (prebuilt wheel),pqcrypto,0.4.0,ML-KEM-768,keygen,32,185500,29077504,True,
86230baa-0c3e-43a8-8879-a0e633ce9dec,56e5dbbb-b79e-4bbd-82ac-528998b82b14,2026-08-12T16:54:13.000866+00:00,native_windows_x86_64,NATIVE_SOFTWARE,x86_64,"AMD64 Family 23 Model 96 Stepping 1, AuthenticAMD",12,7598,Windows-11-10.0.26200-SP0,N/A (prebuilt Python extension wheel),N/A,N/A (prebuilt wheel),pqcrypto,0.4.0,ML-KEM-768,encapsulation,32,174200,29077504,True,
86230baa-0c3e-43a8-8879-a0e633ce9dec,56e5dbbb-b79e-4bbd-82ac-528998b82b14,2026-08-12T16:54:13.001553+00:00,native_windows_x86_64,NATIVE_SOFTWARE,x86_64,"AMD64 Family 23 Model 96 Stepping 1, AuthenticAMD",12,7598,Windows-11-10.0.26200-SP0,N/A (prebuilt Python extension wheel),N/A,N/A (prebuilt wheel),pqcrypto,0.4.0,ML-KEM-768,decapsulation,32,74500,29077504,True,
86230baa-0c3e-43a8-8879-a0e633ce9dec,56e5dbbb-b79e-4bbd-82ac-528998b82b14,2026-08-12T16:54:13.001714+00:00,native_windows_x86_64,NATIVE_SOFTWARE,x86_64,"AMD64 Family 23 Model 96 Stepping 1, AuthenticAMD",12,7598,Windows-11-10.0.26200-SP0,N/A (prebuilt Python extension wheel),N/A,N/A (prebuilt wheel),pqcrypto,0.4.0,ML-KEM-768,keygen,33,217800,29077504,True,
86230baa-0c3e-43a8-8879-a0e633ce9dec,56e5dbbb-b79e-4bbd-82ac-528998b82b14,2026-08-12T16:54:13.002214+00:00,native_windows_x86_64,NATIVE_SOFTWARE,x86_64,"AMD64 Family 23 Model 96 Stepping 1, AuthenticAMD",12,7598,Windows-11-10.0.26200-SP0,N/A (prebuilt Python extension wheel),N/A,N/A (prebuilt wheel),pqcrypto,0.4.0,ML-KEM-768,encapsulation,33,186700,29077504,True,
86230baa-0c3e-43a8-8879-a0e633ce9dec,56e5dbbb-b79e-4bbd-82ac-528998b82b14,2026-08-12T16:54:13.002508+00:00,native_windows_x86_64,NATIVE_SOFTWARE,x86_64,"AMD64 Family 23 Model 96 Stepping 1, AuthenticAMD",12,7598,Windows-11-10.0.26200-SP0,N/A (prebuilt Python extension wheel),N/A,N/A (prebuilt wheel),pqcrypto,0.4.0,ML-KEM-768,decapsulation,33,70100,29077504,True,
86230baa-0c3e-43a8-8879-a0e633ce9dec,56e5dbbb-b79e-4bbd-82ac-528998b82b14,2026-08-12T16:54:13.002659+00:00,native_windows_x86_64,NATIVE_SOFTWARE,x86_64,"AMD64 Family 23 Model 96 Stepping 1, AuthenticAMD",12,7598,Windows-11-10.0.26200-SP0,N/A (prebuilt Python extension wheel),N/A,N/A (prebuilt wheel),pqcrypto,0.4.0,ML-KEM-768,keygen,34,194300,29077504,True,
86230baa-0c3e-43a8-8879-a0e633ce9dec,56e5dbbb-b79e-4bbd-82ac-528998b82b14,2026-08-12T16:54:13.003125+00:00,native_windows_x86_64,NATIVE_SOFTWARE,x86_64,"AMD64 Family 23 Model 96 Stepping 1, AuthenticAMD",12,7598,Windows-11-10.0.26200-SP0,N/A (prebuilt Python extension wheel),N/A,N/A (prebuilt wheel),pqcrypto,0.4.0,ML-KEM-768,encapsulation,34,174400,29077504,True,
86230baa-0c3e-43a8-8879-a0e633ce9dec,56e5dbbb-b79e-4bbd-82ac-528998b82b14,2026-08-12T16:54:13.003408+00:00,native_windows_x86_64,NATIVE_SOFTWARE,x86_64,"AMD64 Family 23 Model 96 Stepping 1, AuthenticAMD",12,7598,Windows-11-10.0.26200-SP0,N/A (prebuilt Python extension wheel),N/A,N/A (prebuilt wheel),pqcrypto,0.4.0,ML-KEM-768,decapsulation,34,70300,29077504,True,
86230baa-0c3e-43a8-8879-a0e633ce9dec,56e5dbbb-b79e-4bbd-82ac-528998b82b14,2026-08-12T16:54:13.003561+00:00,native_windows_x86_64,NATIVE_SOFTWARE,x86_64,"AMD64 Family 23 Model 96 Stepping 1, AuthenticAMD",12,7598,Windows-11-10.0.26200-SP0,N/A (prebuilt Python extension wheel),N/A,N/A (prebuilt wheel),pqcrypto,0.4.0,ML-KEM-768,keygen,35,230600,29077504,True,
86230baa-0c3e-43a8-8879-a0e633ce9dec,56e5dbbb-b79e-4bbd-82ac-528998b82b14,2026-08-12T16:54:13.004077+00:00,native_windows_x86_64,NATIVE_SOFTWARE,x86_64,"AMD64 Family 23 Model 96 Stepping 1, AuthenticAMD",12,7598,Windows-11-10.0.26200-SP0,N/A (prebuilt Python extension wheel),N/A,N/A (prebuilt wheel),pqcrypto,0.4.0,ML-KEM-768,encapsulation,35,174600,29077504,True,
86230baa-0c3e-43a8-8879-a0e633ce9dec,56e5dbbb-b79e-4bbd-82ac-528998b82b14,2026-08-12T16:54:13.004354+00:00,native_windows_x86_64,NATIVE_SOFTWARE,x86_64,"AMD64 Family 23 Model 96 Stepping 1, AuthenticAMD",12,7598,Windows-11-10.0.26200-SP0,N/A (prebuilt Python extension wheel),N/A,N/A (prebuilt wheel),pqcrypto,0.4.0,ML-KEM-768,decapsulation,35,69800,29077504,True,
86230baa-0c3e-43a8-8879-a0e633ce9dec,56e5dbbb-b79e-4bbd-82ac-528998b82b14,2026-08-12T16:54:13.004506+00:00,native_windows_x86_64,NATIVE_SOFTWARE,x86_64,"AMD64 Family 23 Model 96 Stepping 1, AuthenticAMD",12,7598,Windows-11-10.0.26200-SP0,N/A (prebuilt Python extension wheel),N/A,N/A (prebuilt wheel),pqcrypto,0.4.0,ML-KEM-768,keygen,36,182000,29077504,True,
86230baa-0c3e-43a8-8879-a0e633ce9dec,56e5dbbb-b79e-4bbd-82ac-528998b82b14,2026-08-12T16:54:13.004966+00:00,native_windows_x86_64,NATIVE_SOFTWARE,x86_64,"AMD64 Family 23 Model 96 Stepping 1, AuthenticAMD",12,7598,Windows-11-10.0.26200-SP0,N/A (prebuilt Python extension wheel),N/A,N/A (prebuilt wheel),pqcrypto,0.4.0,ML-KEM-768,encapsulation,36,174000,29077504,True,
86230baa-0c3e-43a8-8879-a0e633ce9dec,56e5dbbb-b79e-4bbd-82ac-528998b82b14,2026-08-12T16:54:13.005244+00:00,native_windows_x86_64,NATIVE_SOFTWARE,x86_64,"AMD64 Family 23 Model 96 Stepping 1, AuthenticAMD",12,7598,Windows-11-10.0.26200-SP0,N/A (prebuilt Python extension wheel),N/A,N/A (prebuilt wheel),pqcrypto,0.4.0,ML-KEM-768,decapsulation,36,69500,29077504,True,
86230baa-0c3e-43a8-8879-a0e633ce9dec,56e5dbbb-b79e-4bbd-82ac-528998b82b14,2026-08-12T16:54:13.005396+00:00,native_windows_x86_64,NATIVE_SOFTWARE,x86_64,"AMD64 Family 23 Model 96 Stepping 1, AuthenticAMD",12,7598,Windows-11-10.0.26200-SP0,N/A (prebuilt Python extension wheel),N/A,N/A (prebuilt wheel),pqcrypto,0.4.0,ML-KEM-768,keygen,37,183300,29077504,True,
86230baa-0c3e-43a8-8879-a0e633ce9dec,56e5dbbb-b79e-4bbd-82ac-528998b82b14,2026-08-12T16:54:13.005850+00:00,native_windows_x86_64,NATIVE_SOFTWARE,x86_64,"AMD64 Family 23 Model 96 Stepping 1, AuthenticAMD",12,7598,Windows-11-10.0.26200-SP0,N/A (prebuilt Python extension wheel),N/A,N/A (prebuilt wheel),pqcrypto,0.4.0,ML-KEM-768,encapsulation,37,174500,29077504,True,
86230baa-0c3e-43a8-8879-a0e633ce9dec,56e5dbbb-b79e-4bbd-82ac-528998b82b14,2026-08-12T16:54:13.006130+00:00,native_windows_x86_64,NATIVE_SOFTWARE,x86_64,"AMD64 Family 23 Model 96 Stepping 1, AuthenticAMD",12,7598,Windows-11-10.0.26200-SP0,N/A (prebuilt Python extension wheel),N/A,N/A (prebuilt wheel),pqcrypto,0.4.0,ML-KEM-768,decapsulation,37,70100,29077504,True,
86230baa-0c3e-43a8-8879-a0e633ce9dec,56e5dbbb-b79e-4bbd-82ac-528998b82b14,2026-08-12T16:54:13.006281+00:00,native_windows_x86_64,NATIVE_SOFTWARE,x86_64,"AMD64 Family 23 Model 96 Stepping 1, AuthenticAMD",12,7598,Windows-11-10.0.26200-SP0,N/A (prebuilt Python extension wheel),N/A,N/A (prebuilt wheel),pqcrypto,0.4.0,ML-KEM-768,keygen,38,186400,29077504,True,
86230baa-0c3e-43a8-8879-a0e633ce9dec,56e5dbbb-b79e-4bbd-82ac-528998b82b14,2026-08-12T16:54:13.006775+00:00,native_windows_x86_64,NATIVE_SOFTWARE,x86_64,"AMD64 Family 23 Model 96 Stepping 1, AuthenticAMD",12,7598,Windows-11-10.0.26200-SP0,N/A (prebuilt Python extension wheel),N/A,N/A (prebuilt wheel),pqcrypto,0.4.0,ML-KEM-768,encapsulation,38,182300,29077504,True,
86230baa-0c3e-43a8-8879-a0e633ce9dec,56e5dbbb-b79e-4bbd-82ac-528998b82b14,2026-08-12T16:54:13.007094+00:00,native_windows_x86_64,NATIVE_SOFTWARE,x86_64,"AMD64 Family 23 Model 96 Stepping 1, AuthenticAMD",12,7598,Windows-11-10.0.26200-SP0,N/A (prebuilt Python extension wheel),N/A,N/A (prebuilt wheel),pqcrypto,0.4.0,ML-KEM-768,decapsulation,38,73000,29077504,True,
86230baa-0c3e-43a8-8879-a0e633ce9dec,56e5dbbb-b79e-4bbd-82ac-528998b82b14,2026-08-12T16:54:13.007254+00:00,native_windows_x86_64,NATIVE_SOFTWARE,x86_64,"AMD64 Family 23 Model 96 Stepping 1, AuthenticAMD",12,7598,Windows-11-10.0.26200-SP0,N/A (prebuilt Python extension wheel),N/A,N/A (prebuilt wheel),pqcrypto,0.4.0,ML-KEM-768,keygen,39,200100,29077504,True,
86230baa-0c3e-43a8-8879-a0e633ce9dec,56e5dbbb-b79e-4bbd-82ac-528998b82b14,2026-08-12T16:54:13.007721+00:00,native_windows_x86_64,NATIVE_SOFTWARE,x86_64,"AMD64 Family 23 Model 96 Stepping 1, AuthenticAMD",12,7598,Windows-11-10.0.26200-SP0,N/A (prebuilt Python extension wheel),N/A,N/A (prebuilt wheel),pqcrypto,0.4.0,ML-KEM-768,encapsulation,39,191200,29077504,True,
86230baa-0c3e-43a8-8879-a0e633ce9dec,56e5dbbb-b79e-4bbd-82ac-528998b82b14,2026-08-12T16:54:13.008010+00:00,native_windows_x86_64,NATIVE_SOFTWARE,x86_64,"AMD64 Family 23 Model 96 Stepping 1, AuthenticAMD",12,7598,Windows-11-10.0.26200-SP0,N/A (prebuilt Python extension wheel),N/A,N/A (prebuilt wheel),pqcrypto,0.4.0,ML-KEM-768,decapsulation,39,69300,29077504,True,
86230baa-0c3e-43a8-8879-a0e633ce9dec,56e5dbbb-b79e-4bbd-82ac-528998b82b14,2026-08-12T16:54:13.008161+00:00,native_windows_x86_64,NATIVE_SOFTWARE,x86_64,"AMD64 Family 23 Model 96 Stepping 1, AuthenticAMD",12,7598,Windows-11-10.0.26200-SP0,N/A (prebuilt Python extension wheel),N/A,N/A (prebuilt wheel),pqcrypto,0.4.0,ML-KEM-768,keygen,40,176600,29077504,True,
86230baa-0c3e-43a8-8879-a0e633ce9dec,56e5dbbb-b79e-4bbd-82ac-528998b82b14,2026-08-12T16:54:13.008606+00:00,native_windows_x86_64,NATIVE_SOFTWARE,x86_64,"AMD64 Family 23 Model 96 Stepping 1, AuthenticAMD",12,7598,Windows-11-10.0.26200-SP0,N/A (prebuilt Python extension wheel),N/A,N/A (prebuilt wheel),pqcrypto,0.4.0,ML-KEM-768,encapsulation,40,176600,29077504,True,
86230baa-0c3e-43a8-8879-a0e633ce9dec,56e5dbbb-b79e-4bbd-82ac-528998b82b14,2026-08-12T16:54:13.008887+00:00,native_windows_x86_64,NATIVE_SOFTWARE,x86_64,"AMD64 Family 23 Model 96 Stepping 1, AuthenticAMD",12,7598,Windows-11-10.0.26200-SP0,N/A (prebuilt Python extension wheel),N/A,N/A (prebuilt wheel),pqcrypto,0.4.0,ML-KEM-768,decapsulation,40,69700,29077504,True,
86230baa-0c3e-43a8-8879-a0e633ce9dec,56e5dbbb-b79e-4bbd-82ac-528998b82b14,2026-08-12T16:54:13.009039+00:00,native_windows_x86_64,NATIVE_SOFTWARE,x86_64,"AMD64 Family 23 Model 96 Stepping 1, AuthenticAMD",12,7598,Windows-11-10.0.26200-SP0,N/A (prebuilt Python extension wheel),N/A,N/A (prebuilt wheel),pqcrypto,0.4.0,ML-KEM-768,keygen,41,188200,29077504,True,
86230baa-0c3e-43a8-8879-a0e633ce9dec,56e5dbbb-b79e-4bbd-82ac-528998b82b14,2026-08-12T16:54:13.009499+00:00,native_windows_x86_64,NATIVE_SOFTWARE,x86_64,"AMD64 Family 23 Model 96 Stepping 1, AuthenticAMD",12,7598,Windows-11-10.0.26200-SP0,N/A (prebuilt Python extension wheel),N/A,N/A (prebuilt wheel),pqcrypto,0.4.0,ML-KEM-768,encapsulation,41,176400,29077504,True,
86230baa-0c3e-43a8-8879-a0e633ce9dec,56e5dbbb-b79e-4bbd-82ac-528998b82b14,2026-08-12T16:54:13.009780+00:00,native_windows_x86_64,NATIVE_SOFTWARE,x86_64,"AMD64 Family 23 Model 96 Stepping 1, AuthenticAMD",12,7598,Windows-11-10.0.26200-SP0,N/A (prebuilt Python extension wheel),N/A,N/A (prebuilt wheel),pqcrypto,0.4.0,ML-KEM-768,decapsulation,41,72700,29077504,True,
86230baa-0c3e-43a8-8879-a0e633ce9dec,56e5dbbb-b79e-4bbd-82ac-528998b82b14,2026-08-12T16:54:13.009934+00:00,native_windows_x86_64,NATIVE_SOFTWARE,x86_64,"AMD64 Family 23 Model 96 Stepping 1, AuthenticAMD",12,7598,Windows-11-10.0.26200-SP0,N/A (prebuilt Python extension wheel),N/A,N/A (prebuilt wheel),pqcrypto,0.4.0,ML-KEM-768,keygen,42,186700,29077504,True,
86230baa-0c3e-43a8-8879-a0e633ce9dec,56e5dbbb-b79e-4bbd-82ac-528998b82b14,2026-08-12T16:54:13.010391+00:00,native_windows_x86_64,NATIVE_SOFTWARE,x86_64,"AMD64 Family 23 Model 96 Stepping 1, AuthenticAMD",12,7598,Windows-11-10.0.26200-SP0,N/A (prebuilt Python extension wheel),N/A,N/A (prebuilt wheel),pqcrypto,0.4.0,ML-KEM-768,encapsulation,42,174100,29077504,True,
86230baa-0c3e-43a8-8879-a0e633ce9dec,56e5dbbb-b79e-4bbd-82ac-528998b82b14,2026-08-12T16:54:13.010665+00:00,native_windows_x86_64,NATIVE_SOFTWARE,x86_64,"AMD64 Family 23 Model 96 Stepping 1, AuthenticAMD",12,7598,Windows-11-10.0.26200-SP0,N/A (prebuilt Python extension wheel),N/A,N/A (prebuilt wheel),pqcrypto,0.4.0,ML-KEM-768,decapsulation,42,69000,29077504,True,
86230baa-0c3e-43a8-8879-a0e633ce9dec,56e5dbbb-b79e-4bbd-82ac-528998b82b14,2026-08-12T16:54:13.010829+00:00,native_windows_x86_64,NATIVE_SOFTWARE,x86_64,"AMD64 Family 23 Model 96 Stepping 1, AuthenticAMD",12,7598,Windows-11-10.0.26200-SP0,N/A (prebuilt Python extension wheel),N/A,N/A (prebuilt wheel),pqcrypto,0.4.0,ML-KEM-768,keygen,43,181900,29077504,True,
86230baa-0c3e-43a8-8879-a0e633ce9dec,56e5dbbb-b79e-4bbd-82ac-528998b82b14,2026-08-12T16:54:13.011288+00:00,native_windows_x86_64,NATIVE_SOFTWARE,x86_64,"AMD64 Family 23 Model 96 Stepping 1, AuthenticAMD",12,7598,Windows-11-10.0.26200-SP0,N/A (prebuilt Python extension wheel),N/A,N/A (prebuilt wheel),pqcrypto,0.4.0,ML-KEM-768,encapsulation,43,181200,29077504,True,
86230baa-0c3e-43a8-8879-a0e633ce9dec,56e5dbbb-b79e-4bbd-82ac-528998b82b14,2026-08-12T16:54:13.011579+00:00,native_windows_x86_64,NATIVE_SOFTWARE,x86_64,"AMD64 Family 23 Model 96 Stepping 1, AuthenticAMD",12,7598,Windows-11-10.0.26200-SP0,N/A (prebuilt Python extension wheel),N/A,N/A (prebuilt wheel),pqcrypto,0.4.0,ML-KEM-768,decapsulation,43,70100,29077504,True,
86230baa-0c3e-43a8-8879-a0e633ce9dec,56e5dbbb-b79e-4bbd-82ac-528998b82b14,2026-08-12T16:54:13.011730+00:00,native_windows_x86_64,NATIVE_SOFTWARE,x86_64,"AMD64 Family 23 Model 96 Stepping 1, AuthenticAMD",12,7598,Windows-11-10.0.26200-SP0,N/A (prebuilt Python extension wheel),N/A,N/A (prebuilt wheel),pqcrypto,0.4.0,ML-KEM-768,keygen,44,185300,29077504,True,
86230baa-0c3e-43a8-8879-a0e633ce9dec,56e5dbbb-b79e-4bbd-82ac-528998b82b14,2026-08-12T16:54:13.012184+00:00,native_windows_x86_64,NATIVE_SOFTWARE,x86_64,"AMD64 Family 23 Model 96 Stepping 1, AuthenticAMD",12,7598,Windows-11-10.0.26200-SP0,N/A (prebuilt Python extension wheel),N/A,N/A (prebuilt wheel),pqcrypto,0.4.0,ML-KEM-768,encapsulation,44,184300,29081600,True,
86230baa-0c3e-43a8-8879-a0e633ce9dec,56e5dbbb-b79e-4bbd-82ac-528998b82b14,2026-08-12T16:54:13.012476+00:00,native_windows_x86_64,NATIVE_SOFTWARE,x86_64,"AMD64 Family 23 Model 96 Stepping 1, AuthenticAMD",12,7598,Windows-11-10.0.26200-SP0,N/A (prebuilt Python extension wheel),N/A,N/A (prebuilt wheel),pqcrypto,0.4.0,ML-KEM-768,decapsulation,44,69700,29081600,True,
86230baa-0c3e-43a8-8879-a0e633ce9dec,56e5dbbb-b79e-4bbd-82ac-528998b82b14,2026-08-12T16:54:13.012627+00:00,native_windows_x86_64,NATIVE_SOFTWARE,x86_64,"AMD64 Family 23 Model 96 Stepping 1, AuthenticAMD",12,7598,Windows-11-10.0.26200-SP0,N/A (prebuilt Python extension wheel),N/A,N/A (prebuilt wheel),pqcrypto,0.4.0,ML-KEM-768,keygen,45,202500,29081600,True,
86230baa-0c3e-43a8-8879-a0e633ce9dec,56e5dbbb-b79e-4bbd-82ac-528998b82b14,2026-08-12T16:54:13.013100+00:00,native_windows_x86_64,NATIVE_SOFTWARE,x86_64,"AMD64 Family 23 Model 96 Stepping 1, AuthenticAMD",12,7598,Windows-11-10.0.26200-SP0,N/A (prebuilt Python extension wheel),N/A,N/A (prebuilt wheel),pqcrypto,0.4.0,ML-KEM-768,encapsulation,45,203500,29085696,True,
86230baa-0c3e-43a8-8879-a0e633ce9dec,56e5dbbb-b79e-4bbd-82ac-528998b82b14,2026-08-12T16:54:13.013413+00:00,native_windows_x86_64,NATIVE_SOFTWARE,x86_64,"AMD64 Family 23 Model 96 Stepping 1, AuthenticAMD",12,7598,Windows-11-10.0.26200-SP0,N/A (prebuilt Python extension wheel),N/A,N/A (prebuilt wheel),pqcrypto,0.4.0,ML-KEM-768,decapsulation,45,70900,29085696,True,
86230baa-0c3e-43a8-8879-a0e633ce9dec,56e5dbbb-b79e-4bbd-82ac-528998b82b14,2026-08-12T16:54:13.014005+00:00,native_windows_x86_64,NATIVE_SOFTWARE,x86_64,"AMD64 Family 23 Model 96 Stepping 1, AuthenticAMD",12,7598,Windows-11-10.0.26200-SP0,N/A (prebuilt Python extension wheel),N/A,N/A (prebuilt wheel),pqcrypto,0.4.0,ML-KEM-768,keygen,46,221400,29085696,True,
86230baa-0c3e-43a8-8879-a0e633ce9dec,56e5dbbb-b79e-4bbd-82ac-528998b82b14,2026-08-12T16:54:13.014510+00:00,native_windows_x86_64,NATIVE_SOFTWARE,x86_64,"AMD64 Family 23 Model 96 Stepping 1, AuthenticAMD",12,7598,Windows-11-10.0.26200-SP0,N/A (prebuilt Python extension wheel),N/A,N/A (prebuilt wheel),pqcrypto,0.4.0,ML-KEM-768,encapsulation,46,176400,29085696,True,
86230baa-0c3e-43a8-8879-a0e633ce9dec,56e5dbbb-b79e-4bbd-82ac-528998b82b14,2026-08-12T16:54:13.014791+00:00,native_windows_x86_64,NATIVE_SOFTWARE,x86_64,"AMD64 Family 23 Model 96 Stepping 1, AuthenticAMD",12,7598,Windows-11-10.0.26200-SP0,N/A (prebuilt Python extension wheel),N/A,N/A (prebuilt wheel),pqcrypto,0.4.0,ML-KEM-768,decapsulation,46,74100,29085696,True,
86230baa-0c3e-43a8-8879-a0e633ce9dec,56e5dbbb-b79e-4bbd-82ac-528998b82b14,2026-08-12T16:54:13.014949+00:00,native_windows_x86_64,NATIVE_SOFTWARE,x86_64,"AMD64 Family 23 Model 96 Stepping 1, AuthenticAMD",12,7598,Windows-11-10.0.26200-SP0,N/A (prebuilt Python extension wheel),N/A,N/A (prebuilt wheel),pqcrypto,0.4.0,ML-KEM-768,keygen,47,186400,29085696,True,
86230baa-0c3e-43a8-8879-a0e633ce9dec,56e5dbbb-b79e-4bbd-82ac-528998b82b14,2026-08-12T16:54:13.015406+00:00,native_windows_x86_64,NATIVE_SOFTWARE,x86_64,"AMD64 Family 23 Model 96 Stepping 1, AuthenticAMD",12,7598,Windows-11-10.0.26200-SP0,N/A (prebuilt Python extension wheel),N/A,N/A (prebuilt wheel),pqcrypto,0.4.0,ML-KEM-768,encapsulation,47,177000,29085696,True,
86230baa-0c3e-43a8-8879-a0e633ce9dec,56e5dbbb-b79e-4bbd-82ac-528998b82b14,2026-08-12T16:54:13.015678+00:00,native_windows_x86_64,NATIVE_SOFTWARE,x86_64,"AMD64 Family 23 Model 96 Stepping 1, AuthenticAMD",12,7598,Windows-11-10.0.26200-SP0,N/A (prebuilt Python extension wheel),N/A,N/A (prebuilt wheel),pqcrypto,0.4.0,ML-KEM-768,decapsulation,47,69000,29085696,True,
86230baa-0c3e-43a8-8879-a0e633ce9dec,56e5dbbb-b79e-4bbd-82ac-528998b82b14,2026-08-12T16:54:13.015830+00:00,native_windows_x86_64,NATIVE_SOFTWARE,x86_64,"AMD64 Family 23 Model 96 Stepping 1, AuthenticAMD",12,7598,Windows-11-10.0.26200-SP0,N/A (prebuilt Python extension wheel),N/A,N/A (prebuilt wheel),pqcrypto,0.4.0,ML-KEM-768,keygen,48,182500,29085696,True,
86230baa-0c3e-43a8-8879-a0e633ce9dec,56e5dbbb-b79e-4bbd-82ac-528998b82b14,2026-08-12T16:54:13.016281+00:00,native_windows_x86_64,NATIVE_SOFTWARE,x86_64,"AMD64 Family 23 Model 96 Stepping 1, AuthenticAMD",12,7598,Windows-11-10.0.26200-SP0,N/A (prebuilt Python extension wheel),N/A,N/A (prebuilt wheel),pqcrypto,0.4.0,ML-KEM-768,encapsulation,48,186700,29085696,True,
86230baa-0c3e-43a8-8879-a0e633ce9dec,56e5dbbb-b79e-4bbd-82ac-528998b82b14,2026-08-12T16:54:13.016565+00:00,native_windows_x86_64,NATIVE_SOFTWARE,x86_64,"AMD64 Family 23 Model 96 Stepping 1, AuthenticAMD",12,7598,Windows-11-10.0.26200-SP0,N/A (prebuilt Python extension wheel),N/A,N/A (prebuilt wheel),pqcrypto,0.4.0,ML-KEM-768,decapsulation,48,70100,29085696,True,
86230baa-0c3e-43a8-8879-a0e633ce9dec,56e5dbbb-b79e-4bbd-82ac-528998b82b14,2026-08-12T16:54:13.016715+00:00,native_windows_x86_64,NATIVE_SOFTWARE,x86_64,"AMD64 Family 23 Model 96 Stepping 1, AuthenticAMD",12,7598,Windows-11-10.0.26200-SP0,N/A (prebuilt Python extension wheel),N/A,N/A (prebuilt wheel),pqcrypto,0.4.0,ML-KEM-768,keygen,49,181900,29085696,True,
86230baa-0c3e-43a8-8879-a0e633ce9dec,56e5dbbb-b79e-4bbd-82ac-528998b82b14,2026-08-12T16:54:13.017160+00:00,native_windows_x86_64,NATIVE_SOFTWARE,x86_64,"AMD64 Family 23 Model 96 Stepping 1, AuthenticAMD",12,7598,Windows-11-10.0.26200-SP0,N/A (prebuilt Python extension wheel),N/A,N/A (prebuilt wheel),pqcrypto,0.4.0,ML-KEM-768,encapsulation,49,179800,29085696,True,
86230baa-0c3e-43a8-8879-a0e633ce9dec,56e5dbbb-b79e-4bbd-82ac-528998b82b14,2026-08-12T16:54:13.017439+00:00,native_windows_x86_64,NATIVE_SOFTWARE,x86_64,"AMD64 Family 23 Model 96 Stepping 1, AuthenticAMD",12,7598,Windows-11-10.0.26200-SP0,N/A (prebuilt Python extension wheel),N/A,N/A (prebuilt wheel),pqcrypto,0.4.0,ML-KEM-768,decapsulation,49,69600,29085696,True,
86230baa-0c3e-43a8-8879-a0e633ce9dec,56e5dbbb-b79e-4bbd-82ac-528998b82b14,2026-08-12T16:54:13.017589+00:00,native_windows_x86_64,NATIVE_SOFTWARE,x86_64,"AMD64 Family 23 Model 96 Stepping 1, AuthenticAMD",12,7598,Windows-11-10.0.26200-SP0,N/A (prebuilt Python extension wheel),N/A,N/A (prebuilt wheel),pqcrypto,0.4.0,ML-KEM-768,keygen,50,180500,29085696,True,
86230baa-0c3e-43a8-8879-a0e633ce9dec,56e5dbbb-b79e-4bbd-82ac-528998b82b14,2026-08-12T16:54:13.018040+00:00,native_windows_x86_64,NATIVE_SOFTWARE,x86_64,"AMD64 Family 23 Model 96 Stepping 1, AuthenticAMD",12,7598,Windows-11-10.0.26200-SP0,N/A (prebuilt Python extension wheel),N/A,N/A (prebuilt wheel),pqcrypto,0.4.0,ML-KEM-768,encapsulation,50,176800,29085696,True,
86230baa-0c3e-43a8-8879-a0e633ce9dec,56e5dbbb-b79e-4bbd-82ac-528998b82b14,2026-08-12T16:54:13.018314+00:00,native_windows_x86_64,NATIVE_SOFTWARE,x86_64,"AMD64 Family 23 Model 96 Stepping 1, AuthenticAMD",12,7598,Windows-11-10.0.26200-SP0,N/A (prebuilt Python extension wheel),N/A,N/A (prebuilt wheel),pqcrypto,0.4.0,ML-KEM-768,decapsulation,50,70000,29085696,True,
86230baa-0c3e-43a8-8879-a0e633ce9dec,56e5dbbb-b79e-4bbd-82ac-528998b82b14,2026-08-12T16:54:13.018464+00:00,native_windows_x86_64,NATIVE_SOFTWARE,x86_64,"AMD64 Family 23 Model 96 Stepping 1, AuthenticAMD",12,7598,Windows-11-10.0.26200-SP0,N/A (prebuilt Python extension wheel),N/A,N/A (prebuilt wheel),pqcrypto,0.4.0,ML-KEM-768,keygen,51,174800,29085696,True,
86230baa-0c3e-43a8-8879-a0e633ce9dec,56e5dbbb-b79e-4bbd-82ac-528998b82b14,2026-08-12T16:54:13.018909+00:00,native_windows_x86_64,NATIVE_SOFTWARE,x86_64,"AMD64 Family 23 Model 96 Stepping 1, AuthenticAMD",12,7598,Windows-11-10.0.26200-SP0,N/A (prebuilt Python extension wheel),N/A,N/A (prebuilt wheel),pqcrypto,0.4.0,ML-KEM-768,encapsulation,51,171900,29085696,True,
86230baa-0c3e-43a8-8879-a0e633ce9dec,56e5dbbb-b79e-4bbd-82ac-528998b82b14,2026-08-12T16:54:13.019175+00:00,native_windows_x86_64,NATIVE_SOFTWARE,x86_64,"AMD64 Family 23 Model 96 Stepping 1, AuthenticAMD",12,7598,Windows-11-10.0.26200-SP0,N/A (prebuilt Python extension wheel),N/A,N/A (prebuilt wheel),pqcrypto,0.4.0,ML-KEM-768,decapsulation,51,69100,29085696,True,
86230baa-0c3e-43a8-8879-a0e633ce9dec,56e5dbbb-b79e-4bbd-82ac-528998b82b14,2026-08-12T16:54:13.019324+00:00,native_windows_x86_64,NATIVE_SOFTWARE,x86_64,"AMD64 Family 23 Model 96 Stepping 1, AuthenticAMD",12,7598,Windows-11-10.0.26200-SP0,N/A (prebuilt Python extension wheel),N/A,N/A (prebuilt wheel),pqcrypto,0.4.0,ML-KEM-768,keygen,52,178700,29085696,True,
86230baa-0c3e-43a8-8879-a0e633ce9dec,56e5dbbb-b79e-4bbd-82ac-528998b82b14,2026-08-12T16:54:13.019764+00:00,native_windows_x86_64,NATIVE_SOFTWARE,x86_64,"AMD64 Family 23 Model 96 Stepping 1, AuthenticAMD",12,7598,Windows-11-10.0.26200-SP0,N/A (prebuilt Python extension wheel),N/A,N/A (prebuilt wheel),pqcrypto,0.4.0,ML-KEM-768,encapsulation,52,179800,29085696,True,
86230baa-0c3e-43a8-8879-a0e633ce9dec,56e5dbbb-b79e-4bbd-82ac-528998b82b14,2026-08-12T16:54:13.020041+00:00,native_windows_x86_64,NATIVE_SOFTWARE,x86_64,"AMD64 Family 23 Model 96 Stepping 1, AuthenticAMD",12,7598,Windows-11-10.0.26200-SP0,N/A (prebuilt Python extension wheel),N/A,N/A (prebuilt wheel),pqcrypto,0.4.0,ML-KEM-768,decapsulation,52,68900,29085696,True,
86230baa-0c3e-43a8-8879-a0e633ce9dec,56e5dbbb-b79e-4bbd-82ac-528998b82b14,2026-08-12T16:54:13.020190+00:00,native_windows_x86_64,NATIVE_SOFTWARE,x86_64,"AMD64 Family 23 Model 96 Stepping 1, AuthenticAMD",12,7598,Windows-11-10.0.26200-SP0,N/A (prebuilt Python extension wheel),N/A,N/A (prebuilt wheel),pqcrypto,0.4.0,ML-KEM-768,keygen,53,174200,29085696,True,
86230baa-0c3e-43a8-8879-a0e633ce9dec,56e5dbbb-b79e-4bbd-82ac-528998b82b14,2026-08-12T16:54:13.020629+00:00,native_windows_x86_64,NATIVE_SOFTWARE,x86_64,"AMD64 Family 23 Model 96 Stepping 1, AuthenticAMD",12,7598,Windows-11-10.0.26200-SP0,N/A (prebuilt Python extension wheel),N/A,N/A (prebuilt wheel),pqcrypto,0.4.0,ML-KEM-768,encapsulation,53,180600,29085696,True,
86230baa-0c3e-43a8-8879-a0e633ce9dec,56e5dbbb-b79e-4bbd-82ac-528998b82b14,2026-08-12T16:54:13.020908+00:00,native_windows_x86_64,NATIVE_SOFTWARE,x86_64,"AMD64 Family 23 Model 96 Stepping 1, AuthenticAMD",12,7598,Windows-11-10.0.26200-SP0,N/A (prebuilt Python extension wheel),N/A,N/A (prebuilt wheel),pqcrypto,0.4.0,ML-KEM-768,decapsulation,53,69300,29085696,True,
86230baa-0c3e-43a8-8879-a0e633ce9dec,56e5dbbb-b79e-4bbd-82ac-528998b82b14,2026-08-12T16:54:13.021058+00:00,native_windows_x86_64,NATIVE_SOFTWARE,x86_64,"AMD64 Family 23 Model 96 Stepping 1, AuthenticAMD",12,7598,Windows-11-10.0.26200-SP0,N/A (prebuilt Python extension wheel),N/A,N/A (prebuilt wheel),pqcrypto,0.4.0,ML-KEM-768,keygen,54,174600,29085696,True,
86230baa-0c3e-43a8-8879-a0e633ce9dec,56e5dbbb-b79e-4bbd-82ac-528998b82b14,2026-08-12T16:54:13.021493+00:00,native_windows_x86_64,NATIVE_SOFTWARE,x86_64,"AMD64 Family 23 Model 96 Stepping 1, AuthenticAMD",12,7598,Windows-11-10.0.26200-SP0,N/A (prebuilt Python extension wheel),N/A,N/A (prebuilt wheel),pqcrypto,0.4.0,ML-KEM-768,encapsulation,54,177500,29085696,True,
86230baa-0c3e-43a8-8879-a0e633ce9dec,56e5dbbb-b79e-4bbd-82ac-528998b82b14,2026-08-12T16:54:13.021766+00:00,native_windows_x86_64,NATIVE_SOFTWARE,x86_64,"AMD64 Family 23 Model 96 Stepping 1, AuthenticAMD",12,7598,Windows-11-10.0.26200-SP0,N/A (prebuilt Python extension wheel),N/A,N/A (prebuilt wheel),pqcrypto,0.4.0,ML-KEM-768,decapsulation,54,69400,29085696,True,
86230baa-0c3e-43a8-8879-a0e633ce9dec,56e5dbbb-b79e-4bbd-82ac-528998b82b14,2026-08-12T16:54:13.021916+00:00,native_windows_x86_64,NATIVE_SOFTWARE,x86_64,"AMD64 Family 23 Model 96 Stepping 1, AuthenticAMD",12,7598,Windows-11-10.0.26200-SP0,N/A (prebuilt Python extension wheel),N/A,N/A (prebuilt wheel),pqcrypto,0.4.0,ML-KEM-768,keygen,55,351200,29085696,True,
86230baa-0c3e-43a8-8879-a0e633ce9dec,56e5dbbb-b79e-4bbd-82ac-528998b82b14,2026-08-12T16:54:13.022699+00:00,native_windows_x86_64,NATIVE_SOFTWARE,x86_64,"AMD64 Family 23 Model 96 Stepping 1, AuthenticAMD",12,7598,Windows-11-10.0.26200-SP0,N/A (prebuilt Python extension wheel),N/A,N/A (prebuilt wheel),pqcrypto,0.4.0,ML-KEM-768,encapsulation,55,207200,29085696,True,
86230baa-0c3e-43a8-8879-a0e633ce9dec,56e5dbbb-b79e-4bbd-82ac-528998b82b14,2026-08-12T16:54:13.023083+00:00,native_windows_x86_64,NATIVE_SOFTWARE,x86_64,"AMD64 Family 23 Model 96 Stepping 1, AuthenticAMD",12,7598,Windows-11-10.0.26200-SP0,N/A (prebuilt Python extension wheel),N/A,N/A (prebuilt wheel),pqcrypto,0.4.0,ML-KEM-768,decapsulation,55,75100,29085696,True,
86230baa-0c3e-43a8-8879-a0e633ce9dec,56e5dbbb-b79e-4bbd-82ac-528998b82b14,2026-08-12T16:54:13.023258+00:00,native_windows_x86_64,NATIVE_SOFTWARE,x86_64,"AMD64 Family 23 Model 96 Stepping 1, AuthenticAMD",12,7598,Windows-11-10.0.26200-SP0,N/A (prebuilt Python extension wheel),N/A,N/A (prebuilt wheel),pqcrypto,0.4.0,ML-KEM-768,keygen,56,315000,29085696,True,
86230baa-0c3e-43a8-8879-a0e633ce9dec,56e5dbbb-b79e-4bbd-82ac-528998b82b14,2026-08-12T16:54:13.023968+00:00,native_windows_x86_64,NATIVE_SOFTWARE,x86_64,"AMD64 Family 23 Model 96 Stepping 1, AuthenticAMD",12,7598,Windows-11-10.0.26200-SP0,N/A (prebuilt Python extension wheel),N/A,N/A (prebuilt wheel),pqcrypto,0.4.0,ML-KEM-768,encapsulation,56,196500,29085696,True,
86230baa-0c3e-43a8-8879-a0e633ce9dec,56e5dbbb-b79e-4bbd-82ac-528998b82b14,2026-08-12T16:54:13.024322+00:00,native_windows_x86_64,NATIVE_SOFTWARE,x86_64,"AMD64 Family 23 Model 96 Stepping 1, AuthenticAMD",12,7598,Windows-11-10.0.26200-SP0,N/A (prebuilt Python extension wheel),N/A,N/A (prebuilt wheel),pqcrypto,0.4.0,ML-KEM-768,decapsulation,56,73700,29085696,True,
86230baa-0c3e-43a8-8879-a0e633ce9dec,56e5dbbb-b79e-4bbd-82ac-528998b82b14,2026-08-12T16:54:13.024492+00:00,native_windows_x86_64,NATIVE_SOFTWARE,x86_64,"AMD64 Family 23 Model 96 Stepping 1, AuthenticAMD",12,7598,Windows-11-10.0.26200-SP0,N/A (prebuilt Python extension wheel),N/A,N/A (prebuilt wheel),pqcrypto,0.4.0,ML-KEM-768,keygen,57,234800,29085696,True,
86230baa-0c3e-43a8-8879-a0e633ce9dec,56e5dbbb-b79e-4bbd-82ac-528998b82b14,2026-08-12T16:54:13.025042+00:00,native_windows_x86_64,NATIVE_SOFTWARE,x86_64,"AMD64 Family 23 Model 96 Stepping 1, AuthenticAMD",12,7598,Windows-11-10.0.26200-SP0,N/A (prebuilt Python extension wheel),N/A,N/A (prebuilt wheel),pqcrypto,0.4.0,ML-KEM-768,encapsulation,57,196000,29085696,True,
86230baa-0c3e-43a8-8879-a0e633ce9dec,56e5dbbb-b79e-4bbd-82ac-528998b82b14,2026-08-12T16:54:13.025379+00:00,native_windows_x86_64,NATIVE_SOFTWARE,x86_64,"AMD64 Family 23 Model 96 Stepping 1, AuthenticAMD",12,7598,Windows-11-10.0.26200-SP0,N/A (prebuilt Python extension wheel),N/A,N/A (prebuilt wheel),pqcrypto,0.4.0,ML-KEM-768,decapsulation,57,73400,29089792,True,
86230baa-0c3e-43a8-8879-a0e633ce9dec,56e5dbbb-b79e-4bbd-82ac-528998b82b14,2026-08-12T16:54:13.025551+00:00,native_windows_x86_64,NATIVE_SOFTWARE,x86_64,"AMD64 Family 23 Model 96 Stepping 1, AuthenticAMD",12,7598,Windows-11-10.0.26200-SP0,N/A (prebuilt Python extension wheel),N/A,N/A (prebuilt wheel),pqcrypto,0.4.0,ML-KEM-768,keygen,58,202000,29089792,True,
86230baa-0c3e-43a8-8879-a0e633ce9dec,56e5dbbb-b79e-4bbd-82ac-528998b82b14,2026-08-12T16:54:13.026058+00:00,native_windows_x86_64,NATIVE_SOFTWARE,x86_64,"AMD64 Family 23 Model 96 Stepping 1, AuthenticAMD",12,7598,Windows-11-10.0.26200-SP0,N/A (prebuilt Python extension wheel),N/A,N/A (prebuilt wheel),pqcrypto,0.4.0,ML-KEM-768,encapsulation,58,210900,29089792,True,
86230baa-0c3e-43a8-8879-a0e633ce9dec,56e5dbbb-b79e-4bbd-82ac-528998b82b14,2026-08-12T16:54:13.026422+00:00,native_windows_x86_64,NATIVE_SOFTWARE,x86_64,"AMD64 Family 23 Model 96 Stepping 1, AuthenticAMD",12,7598,Windows-11-10.0.26200-SP0,N/A (prebuilt Python extension wheel),N/A,N/A (prebuilt wheel),pqcrypto,0.4.0,ML-KEM-768,decapsulation,58,77400,29093888,True,
86230baa-0c3e-43a8-8879-a0e633ce9dec,56e5dbbb-b79e-4bbd-82ac-528998b82b14,2026-08-12T16:54:13.027250+00:00,native_windows_x86_64,NATIVE_SOFTWARE,x86_64,"AMD64 Family 23 Model 96 Stepping 1, AuthenticAMD",12,7598,Windows-11-10.0.26200-SP0,N/A (prebuilt Python extension wheel),N/A,N/A (prebuilt wheel),pqcrypto,0.4.0,ML-KEM-768,keygen,59,327600,29093888,True,
86230baa-0c3e-43a8-8879-a0e633ce9dec,56e5dbbb-b79e-4bbd-82ac-528998b82b14,2026-08-12T16:54:13.027921+00:00,native_windows_x86_64,NATIVE_SOFTWARE,x86_64,"AMD64 Family 23 Model 96 Stepping 1, AuthenticAMD",12,7598,Windows-11-10.0.26200-SP0,N/A (prebuilt Python extension wheel),N/A,N/A (prebuilt wheel),pqcrypto,0.4.0,ML-KEM-768,encapsulation,59,204900,29093888,True,
86230baa-0c3e-43a8-8879-a0e633ce9dec,56e5dbbb-b79e-4bbd-82ac-528998b82b14,2026-08-12T16:54:13.028236+00:00,native_windows_x86_64,NATIVE_SOFTWARE,x86_64,"AMD64 Family 23 Model 96 Stepping 1, AuthenticAMD",12,7598,Windows-11-10.0.26200-SP0,N/A (prebuilt Python extension wheel),N/A,N/A (prebuilt wheel),pqcrypto,0.4.0,ML-KEM-768,decapsulation,59,71600,29093888,True,
86230baa-0c3e-43a8-8879-a0e633ce9dec,56e5dbbb-b79e-4bbd-82ac-528998b82b14,2026-08-12T16:54:13.028394+00:00,native_windows_x86_64,NATIVE_SOFTWARE,x86_64,"AMD64 Family 23 Model 96 Stepping 1, AuthenticAMD",12,7598,Windows-11-10.0.26200-SP0,N/A (prebuilt Python extension wheel),N/A,N/A (prebuilt wheel),pqcrypto,0.4.0,ML-KEM-768,keygen,60,192600,29093888,True,
86230baa-0c3e-43a8-8879-a0e633ce9dec,56e5dbbb-b79e-4bbd-82ac-528998b82b14,2026-08-12T16:54:13.028869+00:00,native_windows_x86_64,NATIVE_SOFTWARE,x86_64,"AMD64 Family 23 Model 96 Stepping 1, AuthenticAMD",12,7598,Windows-11-10.0.26200-SP0,N/A (prebuilt Python extension wheel),N/A,N/A (prebuilt wheel),pqcrypto,0.4.0,ML-KEM-768,encapsulation,60,188700,29093888,True,
86230baa-0c3e-43a8-8879-a0e633ce9dec,56e5dbbb-b79e-4bbd-82ac-528998b82b14,2026-08-12T16:54:13.029195+00:00,native_windows_x86_64,NATIVE_SOFTWARE,x86_64,"AMD64 Family 23 Model 96 Stepping 1, AuthenticAMD",12,7598,Windows-11-10.0.26200-SP0,N/A (prebuilt Python extension wheel),N/A,N/A (prebuilt wheel),pqcrypto,0.4.0,ML-KEM-768,decapsulation,60,72600,29093888,True,
86230baa-0c3e-43a8-8879-a0e633ce9dec,56e5dbbb-b79e-4bbd-82ac-528998b82b14,2026-08-12T16:54:13.029359+00:00,native_windows_x86_64,NATIVE_SOFTWARE,x86_64,"AMD64 Family 23 Model 96 Stepping 1, AuthenticAMD",12,7598,Windows-11-10.0.26200-SP0,N/A (prebuilt Python extension wheel),N/A,N/A (prebuilt wheel),pqcrypto,0.4.0,ML-KEM-768,keygen,61,201900,29093888,True,
86230baa-0c3e-43a8-8879-a0e633ce9dec,56e5dbbb-b79e-4bbd-82ac-528998b82b14,2026-08-12T16:54:13.029855+00:00,native_windows_x86_64,NATIVE_SOFTWARE,x86_64,"AMD64 Family 23 Model 96 Stepping 1, AuthenticAMD",12,7598,Windows-11-10.0.26200-SP0,N/A (prebuilt Python extension wheel),N/A,N/A (prebuilt wheel),pqcrypto,0.4.0,ML-KEM-768,encapsulation,61,178400,29093888,True,
86230baa-0c3e-43a8-8879-a0e633ce9dec,56e5dbbb-b79e-4bbd-82ac-528998b82b14,2026-08-12T16:54:13.030169+00:00,native_windows_x86_64,NATIVE_SOFTWARE,x86_64,"AMD64 Family 23 Model 96 Stepping 1, AuthenticAMD",12,7598,Windows-11-10.0.26200-SP0,N/A (prebuilt Python extension wheel),N/A,N/A (prebuilt wheel),pqcrypto,0.4.0,ML-KEM-768,decapsulation,61,73800,29093888,True,
86230baa-0c3e-43a8-8879-a0e633ce9dec,56e5dbbb-b79e-4bbd-82ac-528998b82b14,2026-08-12T16:54:13.030330+00:00,native_windows_x86_64,NATIVE_SOFTWARE,x86_64,"AMD64 Family 23 Model 96 Stepping 1, AuthenticAMD",12,7598,Windows-11-10.0.26200-SP0,N/A (prebuilt Python extension wheel),N/A,N/A (prebuilt wheel),pqcrypto,0.4.0,ML-KEM-768,keygen,62,190000,29093888,True,
86230baa-0c3e-43a8-8879-a0e633ce9dec,56e5dbbb-b79e-4bbd-82ac-528998b82b14,2026-08-12T16:54:13.030805+00:00,native_windows_x86_64,NATIVE_SOFTWARE,x86_64,"AMD64 Family 23 Model 96 Stepping 1, AuthenticAMD",12,7598,Windows-11-10.0.26200-SP0,N/A (prebuilt Python extension wheel),N/A,N/A (prebuilt wheel),pqcrypto,0.4.0,ML-KEM-768,encapsulation,62,180700,29093888,True,
86230baa-0c3e-43a8-8879-a0e633ce9dec,56e5dbbb-b79e-4bbd-82ac-528998b82b14,2026-08-12T16:54:13.031084+00:00,native_windows_x86_64,NATIVE_SOFTWARE,x86_64,"AMD64 Family 23 Model 96 Stepping 1, AuthenticAMD",12,7598,Windows-11-10.0.26200-SP0,N/A (prebuilt Python extension wheel),N/A,N/A (prebuilt wheel),pqcrypto,0.4.0,ML-KEM-768,decapsulation,62,69400,29093888,True,
86230baa-0c3e-43a8-8879-a0e633ce9dec,56e5dbbb-b79e-4bbd-82ac-528998b82b14,2026-08-12T16:54:13.031235+00:00,native_windows_x86_64,NATIVE_SOFTWARE,x86_64,"AMD64 Family 23 Model 96 Stepping 1, AuthenticAMD",12,7598,Windows-11-10.0.26200-SP0,N/A (prebuilt Python extension wheel),N/A,N/A (prebuilt wheel),pqcrypto,0.4.0,ML-KEM-768,keygen,63,183800,29093888,True,
86230baa-0c3e-43a8-8879-a0e633ce9dec,56e5dbbb-b79e-4bbd-82ac-528998b82b14,2026-08-12T16:54:13.031687+00:00,native_windows_x86_64,NATIVE_SOFTWARE,x86_64,"AMD64 Family 23 Model 96 Stepping 1, AuthenticAMD",12,7598,Windows-11-10.0.26200-SP0,N/A (prebuilt Python extension wheel),N/A,N/A (prebuilt wheel),pqcrypto,0.4.0,ML-KEM-768,encapsulation,63,177500,29093888,True,
86230baa-0c3e-43a8-8879-a0e633ce9dec,56e5dbbb-b79e-4bbd-82ac-528998b82b14,2026-08-12T16:54:13.031960+00:00,native_windows_x86_64,NATIVE_SOFTWARE,x86_64,"AMD64 Family 23 Model 96 Stepping 1, AuthenticAMD",12,7598,Windows-11-10.0.26200-SP0,N/A (prebuilt Python extension wheel),N/A,N/A (prebuilt wheel),pqcrypto,0.4.0,ML-KEM-768,decapsulation,63,69200,29093888,True,
86230baa-0c3e-43a8-8879-a0e633ce9dec,56e5dbbb-b79e-4bbd-82ac-528998b82b14,2026-08-12T16:54:13.032111+00:00,native_windows_x86_64,NATIVE_SOFTWARE,x86_64,"AMD64 Family 23 Model 96 Stepping 1, AuthenticAMD",12,7598,Windows-11-10.0.26200-SP0,N/A (prebuilt Python extension wheel),N/A,N/A (prebuilt wheel),pqcrypto,0.4.0,ML-KEM-768,keygen,64,177600,29093888,True,
86230baa-0c3e-43a8-8879-a0e633ce9dec,56e5dbbb-b79e-4bbd-82ac-528998b82b14,2026-08-12T16:54:13.032552+00:00,native_windows_x86_64,NATIVE_SOFTWARE,x86_64,"AMD64 Family 23 Model 96 Stepping 1, AuthenticAMD",12,7598,Windows-11-10.0.26200-SP0,N/A (prebuilt Python extension wheel),N/A,N/A (prebuilt wheel),pqcrypto,0.4.0,ML-KEM-768,encapsulation,64,174200,29093888,True,
86230baa-0c3e-43a8-8879-a0e633ce9dec,56e5dbbb-b79e-4bbd-82ac-528998b82b14,2026-08-12T16:54:13.032824+00:00,native_windows_x86_64,NATIVE_SOFTWARE,x86_64,"AMD64 Family 23 Model 96 Stepping 1, AuthenticAMD",12,7598,Windows-11-10.0.26200-SP0,N/A (prebuilt Python extension wheel),N/A,N/A (prebuilt wheel),pqcrypto,0.4.0,ML-KEM-768,decapsulation,64,73000,29093888,True,
86230baa-0c3e-43a8-8879-a0e633ce9dec,56e5dbbb-b79e-4bbd-82ac-528998b82b14,2026-08-12T16:54:13.032979+00:00,native_windows_x86_64,NATIVE_SOFTWARE,x86_64,"AMD64 Family 23 Model 96 Stepping 1, AuthenticAMD",12,7598,Windows-11-10.0.26200-SP0,N/A (prebuilt Python extension wheel),N/A,N/A (prebuilt wheel),pqcrypto,0.4.0,ML-KEM-768,keygen,65,174400,29093888,True,
86230baa-0c3e-43a8-8879-a0e633ce9dec,56e5dbbb-b79e-4bbd-82ac-528998b82b14,2026-08-12T16:54:13.033418+00:00,native_windows_x86_64,NATIVE_SOFTWARE,x86_64,"AMD64 Family 23 Model 96 Stepping 1, AuthenticAMD",12,7598,Windows-11-10.0.26200-SP0,N/A (prebuilt Python extension wheel),N/A,N/A (prebuilt wheel),pqcrypto,0.4.0,ML-KEM-768,encapsulation,65,172900,29093888,True,
86230baa-0c3e-43a8-8879-a0e633ce9dec,56e5dbbb-b79e-4bbd-82ac-528998b82b14,2026-08-12T16:54:13.033687+00:00,native_windows_x86_64,NATIVE_SOFTWARE,x86_64,"AMD64 Family 23 Model 96 Stepping 1, AuthenticAMD",12,7598,Windows-11-10.0.26200-SP0,N/A (prebuilt Python extension wheel),N/A,N/A (prebuilt wheel),pqcrypto,0.4.0,ML-KEM-768,decapsulation,65,69600,29093888,True,
86230baa-0c3e-43a8-8879-a0e633ce9dec,56e5dbbb-b79e-4bbd-82ac-528998b82b14,2026-08-12T16:54:13.033838+00:00,native_windows_x86_64,NATIVE_SOFTWARE,x86_64,"AMD64 Family 23 Model 96 Stepping 1, AuthenticAMD",12,7598,Windows-11-10.0.26200-SP0,N/A (prebuilt Python extension wheel),N/A,N/A (prebuilt wheel),pqcrypto,0.4.0,ML-KEM-768,keygen,66,180900,29093888,True,
86230baa-0c3e-43a8-8879-a0e633ce9dec,56e5dbbb-b79e-4bbd-82ac-528998b82b14,2026-08-12T16:54:13.034282+00:00,native_windows_x86_64,NATIVE_SOFTWARE,x86_64,"AMD64 Family 23 Model 96 Stepping 1, AuthenticAMD",12,7598,Windows-11-10.0.26200-SP0,N/A (prebuilt Python extension wheel),N/A,N/A (prebuilt wheel),pqcrypto,0.4.0,ML-KEM-768,encapsulation,66,175500,29093888,True,
86230baa-0c3e-43a8-8879-a0e633ce9dec,56e5dbbb-b79e-4bbd-82ac-528998b82b14,2026-08-12T16:54:13.034552+00:00,native_windows_x86_64,NATIVE_SOFTWARE,x86_64,"AMD64 Family 23 Model 96 Stepping 1, AuthenticAMD",12,7598,Windows-11-10.0.26200-SP0,N/A (prebuilt Python extension wheel),N/A,N/A (prebuilt wheel),pqcrypto,0.4.0,ML-KEM-768,decapsulation,66,69400,29093888,True,
86230baa-0c3e-43a8-8879-a0e633ce9dec,56e5dbbb-b79e-4bbd-82ac-528998b82b14,2026-08-12T16:54:13.034707+00:00,native_windows_x86_64,NATIVE_SOFTWARE,x86_64,"AMD64 Family 23 Model 96 Stepping 1, AuthenticAMD",12,7598,Windows-11-10.0.26200-SP0,N/A (prebuilt Python extension wheel),N/A,N/A (prebuilt wheel),pqcrypto,0.4.0,ML-KEM-768,keygen,67,193500,29093888,True,
86230baa-0c3e-43a8-8879-a0e633ce9dec,56e5dbbb-b79e-4bbd-82ac-528998b82b14,2026-08-12T16:54:13.035166+00:00,native_windows_x86_64,NATIVE_SOFTWARE,x86_64,"AMD64 Family 23 Model 96 Stepping 1, AuthenticAMD",12,7598,Windows-11-10.0.26200-SP0,N/A (prebuilt Python extension wheel),N/A,N/A (prebuilt wheel),pqcrypto,0.4.0,ML-KEM-768,encapsulation,67,179700,29093888,True,
86230baa-0c3e-43a8-8879-a0e633ce9dec,56e5dbbb-b79e-4bbd-82ac-528998b82b14,2026-08-12T16:54:13.035440+00:00,native_windows_x86_64,NATIVE_SOFTWARE,x86_64,"AMD64 Family 23 Model 96 Stepping 1, AuthenticAMD",12,7598,Windows-11-10.0.26200-SP0,N/A (prebuilt Python extension wheel),N/A,N/A (prebuilt wheel),pqcrypto,0.4.0,ML-KEM-768,decapsulation,67,70300,29093888,True,
86230baa-0c3e-43a8-8879-a0e633ce9dec,56e5dbbb-b79e-4bbd-82ac-528998b82b14,2026-08-12T16:54:13.035593+00:00,native_windows_x86_64,NATIVE_SOFTWARE,x86_64,"AMD64 Family 23 Model 96 Stepping 1, AuthenticAMD",12,7598,Windows-11-10.0.26200-SP0,N/A (prebuilt Python extension wheel),N/A,N/A (prebuilt wheel),pqcrypto,0.4.0,ML-KEM-768,keygen,68,188800,29093888,True,
86230baa-0c3e-43a8-8879-a0e633ce9dec,56e5dbbb-b79e-4bbd-82ac-528998b82b14,2026-08-12T16:54:13.036057+00:00,native_windows_x86_64,NATIVE_SOFTWARE,x86_64,"AMD64 Family 23 Model 96 Stepping 1, AuthenticAMD",12,7598,Windows-11-10.0.26200-SP0,N/A (prebuilt Python extension wheel),N/A,N/A (prebuilt wheel),pqcrypto,0.4.0,ML-KEM-768,encapsulation,68,181600,29093888,True,
86230baa-0c3e-43a8-8879-a0e633ce9dec,56e5dbbb-b79e-4bbd-82ac-528998b82b14,2026-08-12T16:54:13.036334+00:00,native_windows_x86_64,NATIVE_SOFTWARE,x86_64,"AMD64 Family 23 Model 96 Stepping 1, AuthenticAMD",12,7598,Windows-11-10.0.26200-SP0,N/A (prebuilt Python extension wheel),N/A,N/A (prebuilt wheel),pqcrypto,0.4.0,ML-KEM-768,decapsulation,68,69900,29093888,True,
86230baa-0c3e-43a8-8879-a0e633ce9dec,56e5dbbb-b79e-4bbd-82ac-528998b82b14,2026-08-12T16:54:13.036485+00:00,native_windows_x86_64,NATIVE_SOFTWARE,x86_64,"AMD64 Family 23 Model 96 Stepping 1, AuthenticAMD",12,7598,Windows-11-10.0.26200-SP0,N/A (prebuilt Python extension wheel),N/A,N/A (prebuilt wheel),pqcrypto,0.4.0,ML-KEM-768,keygen,69,179500,29093888,True,
86230baa-0c3e-43a8-8879-a0e633ce9dec,56e5dbbb-b79e-4bbd-82ac-528998b82b14,2026-08-12T16:54:13.036936+00:00,native_windows_x86_64,NATIVE_SOFTWARE,x86_64,"AMD64 Family 23 Model 96 Stepping 1, AuthenticAMD",12,7598,Windows-11-10.0.26200-SP0,N/A (prebuilt Python extension wheel),N/A,N/A (prebuilt wheel),pqcrypto,0.4.0,ML-KEM-768,encapsulation,69,182000,29093888,True,
86230baa-0c3e-43a8-8879-a0e633ce9dec,56e5dbbb-b79e-4bbd-82ac-528998b82b14,2026-08-12T16:54:13.037216+00:00,native_windows_x86_64,NATIVE_SOFTWARE,x86_64,"AMD64 Family 23 Model 96 Stepping 1, AuthenticAMD",12,7598,Windows-11-10.0.26200-SP0,N/A (prebuilt Python extension wheel),N/A,N/A (prebuilt wheel),pqcrypto,0.4.0,ML-KEM-768,decapsulation,69,70100,29093888,True,
86230baa-0c3e-43a8-8879-a0e633ce9dec,56e5dbbb-b79e-4bbd-82ac-528998b82b14,2026-08-12T16:54:13.037366+00:00,native_windows_x86_64,NATIVE_SOFTWARE,x86_64,"AMD64 Family 23 Model 96 Stepping 1, AuthenticAMD",12,7598,Windows-11-10.0.26200-SP0,N/A (prebuilt Python extension wheel),N/A,N/A (prebuilt wheel),pqcrypto,0.4.0,ML-KEM-768,keygen,70,179300,29093888,True,
86230baa-0c3e-43a8-8879-a0e633ce9dec,56e5dbbb-b79e-4bbd-82ac-528998b82b14,2026-08-12T16:54:13.037823+00:00,native_windows_x86_64,NATIVE_SOFTWARE,x86_64,"AMD64 Family 23 Model 96 Stepping 1, AuthenticAMD",12,7598,Windows-11-10.0.26200-SP0,N/A (prebuilt Python extension wheel),N/A,N/A (prebuilt wheel),pqcrypto,0.4.0,ML-KEM-768,encapsulation,70,173800,29093888,True,
86230baa-0c3e-43a8-8879-a0e633ce9dec,56e5dbbb-b79e-4bbd-82ac-528998b82b14,2026-08-12T16:54:13.038091+00:00,native_windows_x86_64,NATIVE_SOFTWARE,x86_64,"AMD64 Family 23 Model 96 Stepping 1, AuthenticAMD",12,7598,Windows-11-10.0.26200-SP0,N/A (prebuilt Python extension wheel),N/A,N/A (prebuilt wheel),pqcrypto,0.4.0,ML-KEM-768,decapsulation,70,79600,29093888,True,
86230baa-0c3e-43a8-8879-a0e633ce9dec,56e5dbbb-b79e-4bbd-82ac-528998b82b14,2026-08-12T16:54:13.038287+00:00,native_windows_x86_64,NATIVE_SOFTWARE,x86_64,"AMD64 Family 23 Model 96 Stepping 1, AuthenticAMD",12,7598,Windows-11-10.0.26200-SP0,N/A (prebuilt Python extension wheel),N/A,N/A (prebuilt wheel),pqcrypto,0.4.0,ML-KEM-768,keygen,71,197900,29097984,True,
86230baa-0c3e-43a8-8879-a0e633ce9dec,56e5dbbb-b79e-4bbd-82ac-528998b82b14,2026-08-12T16:54:13.038769+00:00,native_windows_x86_64,NATIVE_SOFTWARE,x86_64,"AMD64 Family 23 Model 96 Stepping 1, AuthenticAMD",12,7598,Windows-11-10.0.26200-SP0,N/A (prebuilt Python extension wheel),N/A,N/A (prebuilt wheel),pqcrypto,0.4.0,ML-KEM-768,encapsulation,71,174100,29097984,True,
86230baa-0c3e-43a8-8879-a0e633ce9dec,56e5dbbb-b79e-4bbd-82ac-528998b82b14,2026-08-12T16:54:13.039039+00:00,native_windows_x86_64,NATIVE_SOFTWARE,x86_64,"AMD64 Family 23 Model 96 Stepping 1, AuthenticAMD",12,7598,Windows-11-10.0.26200-SP0,N/A (prebuilt Python extension wheel),N/A,N/A (prebuilt wheel),pqcrypto,0.4.0,ML-KEM-768,decapsulation,71,73800,29097984,True,
86230baa-0c3e-43a8-8879-a0e633ce9dec,56e5dbbb-b79e-4bbd-82ac-528998b82b14,2026-08-12T16:54:13.039606+00:00,native_windows_x86_64,NATIVE_SOFTWARE,x86_64,"AMD64 Family 23 Model 96 Stepping 1, AuthenticAMD",12,7598,Windows-11-10.0.26200-SP0,N/A (prebuilt Python extension wheel),N/A,N/A (prebuilt wheel),pqcrypto,0.4.0,ML-KEM-768,keygen,72,192100,29097984,True,
86230baa-0c3e-43a8-8879-a0e633ce9dec,56e5dbbb-b79e-4bbd-82ac-528998b82b14,2026-08-12T16:54:13.040066+00:00,native_windows_x86_64,NATIVE_SOFTWARE,x86_64,"AMD64 Family 23 Model 96 Stepping 1, AuthenticAMD",12,7598,Windows-11-10.0.26200-SP0,N/A (prebuilt Python extension wheel),N/A,N/A (prebuilt wheel),pqcrypto,0.4.0,ML-KEM-768,encapsulation,72,174000,29097984,True,
86230baa-0c3e-43a8-8879-a0e633ce9dec,56e5dbbb-b79e-4bbd-82ac-528998b82b14,2026-08-12T16:54:13.040334+00:00,native_windows_x86_64,NATIVE_SOFTWARE,x86_64,"AMD64 Family 23 Model 96 Stepping 1, AuthenticAMD",12,7598,Windows-11-10.0.26200-SP0,N/A (prebuilt Python extension wheel),N/A,N/A (prebuilt wheel),pqcrypto,0.4.0,ML-KEM-768,decapsulation,72,70100,29097984,True,
86230baa-0c3e-43a8-8879-a0e633ce9dec,56e5dbbb-b79e-4bbd-82ac-528998b82b14,2026-08-12T16:54:13.040484+00:00,native_windows_x86_64,NATIVE_SOFTWARE,x86_64,"AMD64 Family 23 Model 96 Stepping 1, AuthenticAMD",12,7598,Windows-11-10.0.26200-SP0,N/A (prebuilt Python extension wheel),N/A,N/A (prebuilt wheel),pqcrypto,0.4.0,ML-KEM-768,keygen,73,181000,29097984,True,
86230baa-0c3e-43a8-8879-a0e633ce9dec,56e5dbbb-b79e-4bbd-82ac-528998b82b14,2026-08-12T16:54:13.040928+00:00,native_windows_x86_64,NATIVE_SOFTWARE,x86_64,"AMD64 Family 23 Model 96 Stepping 1, AuthenticAMD",12,7598,Windows-11-10.0.26200-SP0,N/A (prebuilt Python extension wheel),N/A,N/A (prebuilt wheel),pqcrypto,0.4.0,ML-KEM-768,encapsulation,73,177400,29097984,True,
86230baa-0c3e-43a8-8879-a0e633ce9dec,56e5dbbb-b79e-4bbd-82ac-528998b82b14,2026-08-12T16:54:13.041198+00:00,native_windows_x86_64,NATIVE_SOFTWARE,x86_64,"AMD64 Family 23 Model 96 Stepping 1, AuthenticAMD",12,7598,Windows-11-10.0.26200-SP0,N/A (prebuilt Python extension wheel),N/A,N/A (prebuilt wheel),pqcrypto,0.4.0,ML-KEM-768,decapsulation,73,69400,29097984,True,
86230baa-0c3e-43a8-8879-a0e633ce9dec,56e5dbbb-b79e-4bbd-82ac-528998b82b14,2026-08-12T16:54:13.041347+00:00,native_windows_x86_64,NATIVE_SOFTWARE,x86_64,"AMD64 Family 23 Model 96 Stepping 1, AuthenticAMD",12,7598,Windows-11-10.0.26200-SP0,N/A (prebuilt Python extension wheel),N/A,N/A (prebuilt wheel),pqcrypto,0.4.0,ML-KEM-768,keygen,74,177300,29097984,True,
86230baa-0c3e-43a8-8879-a0e633ce9dec,56e5dbbb-b79e-4bbd-82ac-528998b82b14,2026-08-12T16:54:13.041795+00:00,native_windows_x86_64,NATIVE_SOFTWARE,x86_64,"AMD64 Family 23 Model 96 Stepping 1, AuthenticAMD",12,7598,Windows-11-10.0.26200-SP0,N/A (prebuilt Python extension wheel),N/A,N/A (prebuilt wheel),pqcrypto,0.4.0,ML-KEM-768,encapsulation,74,176100,29097984,True,
86230baa-0c3e-43a8-8879-a0e633ce9dec,56e5dbbb-b79e-4bbd-82ac-528998b82b14,2026-08-12T16:54:13.042068+00:00,native_windows_x86_64,NATIVE_SOFTWARE,x86_64,"AMD64 Family 23 Model 96 Stepping 1, AuthenticAMD",12,7598,Windows-11-10.0.26200-SP0,N/A (prebuilt Python extension wheel),N/A,N/A (prebuilt wheel),pqcrypto,0.4.0,ML-KEM-768,decapsulation,74,69500,29097984,True,
86230baa-0c3e-43a8-8879-a0e633ce9dec,56e5dbbb-b79e-4bbd-82ac-528998b82b14,2026-08-12T16:54:13.042216+00:00,native_windows_x86_64,NATIVE_SOFTWARE,x86_64,"AMD64 Family 23 Model 96 Stepping 1, AuthenticAMD",12,7598,Windows-11-10.0.26200-SP0,N/A (prebuilt Python extension wheel),N/A,N/A (prebuilt wheel),pqcrypto,0.4.0,ML-KEM-768,keygen,75,176800,29097984,True,
86230baa-0c3e-43a8-8879-a0e633ce9dec,56e5dbbb-b79e-4bbd-82ac-528998b82b14,2026-08-12T16:54:13.042667+00:00,native_windows_x86_64,NATIVE_SOFTWARE,x86_64,"AMD64 Family 23 Model 96 Stepping 1, AuthenticAMD",12,7598,Windows-11-10.0.26200-SP0,N/A (prebuilt Python extension wheel),N/A,N/A (prebuilt wheel),pqcrypto,0.4.0,ML-KEM-768,encapsulation,75,175400,29097984,True,
86230baa-0c3e-43a8-8879-a0e633ce9dec,56e5dbbb-b79e-4bbd-82ac-528998b82b14,2026-08-12T16:54:13.042936+00:00,native_windows_x86_64,NATIVE_SOFTWARE,x86_64,"AMD64 Family 23 Model 96 Stepping 1, AuthenticAMD",12,7598,Windows-11-10.0.26200-SP0,N/A (prebuilt Python extension wheel),N/A,N/A (prebuilt wheel),pqcrypto,0.4.0,ML-KEM-768,decapsulation,75,69700,29097984,True,
86230baa-0c3e-43a8-8879-a0e633ce9dec,56e5dbbb-b79e-4bbd-82ac-528998b82b14,2026-08-12T16:54:13.043087+00:00,native_windows_x86_64,NATIVE_SOFTWARE,x86_64,"AMD64 Family 23 Model 96 Stepping 1, AuthenticAMD",12,7598,Windows-11-10.0.26200-SP0,N/A (prebuilt Python extension wheel),N/A,N/A (prebuilt wheel),pqcrypto,0.4.0,ML-KEM-768,keygen,76,185400,29097984,True,
86230baa-0c3e-43a8-8879-a0e633ce9dec,56e5dbbb-b79e-4bbd-82ac-528998b82b14,2026-08-12T16:54:13.043549+00:00,native_windows_x86_64,NATIVE_SOFTWARE,x86_64,"AMD64 Family 23 Model 96 Stepping 1, AuthenticAMD",12,7598,Windows-11-10.0.26200-SP0,N/A (prebuilt Python extension wheel),N/A,N/A (prebuilt wheel),pqcrypto,0.4.0,ML-KEM-768,encapsulation,76,173500,29097984,True,
86230baa-0c3e-43a8-8879-a0e633ce9dec,56e5dbbb-b79e-4bbd-82ac-528998b82b14,2026-08-12T16:54:13.043819+00:00,native_windows_x86_64,NATIVE_SOFTWARE,x86_64,"AMD64 Family 23 Model 96 Stepping 1, AuthenticAMD",12,7598,Windows-11-10.0.26200-SP0,N/A (prebuilt Python extension wheel),N/A,N/A (prebuilt wheel),pqcrypto,0.4.0,ML-KEM-768,decapsulation,76,71500,29097984,True,
86230baa-0c3e-43a8-8879-a0e633ce9dec,56e5dbbb-b79e-4bbd-82ac-528998b82b14,2026-08-12T16:54:13.043973+00:00,native_windows_x86_64,NATIVE_SOFTWARE,x86_64,"AMD64 Family 23 Model 96 Stepping 1, AuthenticAMD",12,7598,Windows-11-10.0.26200-SP0,N/A (prebuilt Python extension wheel),N/A,N/A (prebuilt wheel),pqcrypto,0.4.0,ML-KEM-768,keygen,77,193600,29097984,True,
86230baa-0c3e-43a8-8879-a0e633ce9dec,56e5dbbb-b79e-4bbd-82ac-528998b82b14,2026-08-12T16:54:13.044439+00:00,native_windows_x86_64,NATIVE_SOFTWARE,x86_64,"AMD64 Family 23 Model 96 Stepping 1, AuthenticAMD",12,7598,Windows-11-10.0.26200-SP0,N/A (prebuilt Python extension wheel),N/A,N/A (prebuilt wheel),pqcrypto,0.4.0,ML-KEM-768,encapsulation,77,196900,29097984,True,
86230baa-0c3e-43a8-8879-a0e633ce9dec,56e5dbbb-b79e-4bbd-82ac-528998b82b14,2026-08-12T16:54:13.044732+00:00,native_windows_x86_64,NATIVE_SOFTWARE,x86_64,"AMD64 Family 23 Model 96 Stepping 1, AuthenticAMD",12,7598,Windows-11-10.0.26200-SP0,N/A (prebuilt Python extension wheel),N/A,N/A (prebuilt wheel),pqcrypto,0.4.0,ML-KEM-768,decapsulation,77,69500,29097984,True,
86230baa-0c3e-43a8-8879-a0e633ce9dec,56e5dbbb-b79e-4bbd-82ac-528998b82b14,2026-08-12T16:54:13.044880+00:00,native_windows_x86_64,NATIVE_SOFTWARE,x86_64,"AMD64 Family 23 Model 96 Stepping 1, AuthenticAMD",12,7598,Windows-11-10.0.26200-SP0,N/A (prebuilt Python extension wheel),N/A,N/A (prebuilt wheel),pqcrypto,0.4.0,ML-KEM-768,keygen,78,182000,29097984,True,
86230baa-0c3e-43a8-8879-a0e633ce9dec,56e5dbbb-b79e-4bbd-82ac-528998b82b14,2026-08-12T16:54:13.045342+00:00,native_windows_x86_64,NATIVE_SOFTWARE,x86_64,"AMD64 Family 23 Model 96 Stepping 1, AuthenticAMD",12,7598,Windows-11-10.0.26200-SP0,N/A (prebuilt Python extension wheel),N/A,N/A (prebuilt wheel),pqcrypto,0.4.0,ML-KEM-768,encapsulation,78,174100,29097984,True,
86230baa-0c3e-43a8-8879-a0e633ce9dec,56e5dbbb-b79e-4bbd-82ac-528998b82b14,2026-08-12T16:54:13.045617+00:00,native_windows_x86_64,NATIVE_SOFTWARE,x86_64,"AMD64 Family 23 Model 96 Stepping 1, AuthenticAMD",12,7598,Windows-11-10.0.26200-SP0,N/A (prebuilt Python extension wheel),N/A,N/A (prebuilt wheel),pqcrypto,0.4.0,ML-KEM-768,decapsulation,78,69900,29097984,True,
86230baa-0c3e-43a8-8879-a0e633ce9dec,56e5dbbb-b79e-4bbd-82ac-528998b82b14,2026-08-12T16:54:13.045768+00:00,native_windows_x86_64,NATIVE_SOFTWARE,x86_64,"AMD64 Family 23 Model 96 Stepping 1, AuthenticAMD",12,7598,Windows-11-10.0.26200-SP0,N/A (prebuilt Python extension wheel),N/A,N/A (prebuilt wheel),pqcrypto,0.4.0,ML-KEM-768,keygen,79,178000,29097984,True,
86230baa-0c3e-43a8-8879-a0e633ce9dec,56e5dbbb-b79e-4bbd-82ac-528998b82b14,2026-08-12T16:54:13.046216+00:00,native_windows_x86_64,NATIVE_SOFTWARE,x86_64,"AMD64 Family 23 Model 96 Stepping 1, AuthenticAMD",12,7598,Windows-11-10.0.26200-SP0,N/A (prebuilt Python extension wheel),N/A,N/A (prebuilt wheel),pqcrypto,0.4.0,ML-KEM-768,encapsulation,79,174700,29097984,True,
86230baa-0c3e-43a8-8879-a0e633ce9dec,56e5dbbb-b79e-4bbd-82ac-528998b82b14,2026-08-12T16:54:13.046492+00:00,native_windows_x86_64,NATIVE_SOFTWARE,x86_64,"AMD64 Family 23 Model 96 Stepping 1, AuthenticAMD",12,7598,Windows-11-10.0.26200-SP0,N/A (prebuilt Python extension wheel),N/A,N/A (prebuilt wheel),pqcrypto,0.4.0,ML-KEM-768,decapsulation,79,69900,29097984,True,
86230baa-0c3e-43a8-8879-a0e633ce9dec,56e5dbbb-b79e-4bbd-82ac-528998b82b14,2026-08-12T16:54:13.046652+00:00,native_windows_x86_64,NATIVE_SOFTWARE,x86_64,"AMD64 Family 23 Model 96 Stepping 1, AuthenticAMD",12,7598,Windows-11-10.0.26200-SP0,N/A (prebuilt Python extension wheel),N/A,N/A (prebuilt wheel),pqcrypto,0.4.0,ML-KEM-768,keygen,80,178200,29097984,True,
86230baa-0c3e-43a8-8879-a0e633ce9dec,56e5dbbb-b79e-4bbd-82ac-528998b82b14,2026-08-12T16:54:13.047111+00:00,native_windows_x86_64,NATIVE_SOFTWARE,x86_64,"AMD64 Family 23 Model 96 Stepping 1, AuthenticAMD",12,7598,Windows-11-10.0.26200-SP0,N/A (prebuilt Python extension wheel),N/A,N/A (prebuilt wheel),pqcrypto,0.4.0,ML-KEM-768,encapsulation,80,206500,29097984,True,
86230baa-0c3e-43a8-8879-a0e633ce9dec,56e5dbbb-b79e-4bbd-82ac-528998b82b14,2026-08-12T16:54:13.047412+00:00,native_windows_x86_64,NATIVE_SOFTWARE,x86_64,"AMD64 Family 23 Model 96 Stepping 1, AuthenticAMD",12,7598,Windows-11-10.0.26200-SP0,N/A (prebuilt Python extension wheel),N/A,N/A (prebuilt wheel),pqcrypto,0.4.0,ML-KEM-768,decapsulation,80,69700,29097984,True,
86230baa-0c3e-43a8-8879-a0e633ce9dec,56e5dbbb-b79e-4bbd-82ac-528998b82b14,2026-08-12T16:54:13.047567+00:00,native_windows_x86_64,NATIVE_SOFTWARE,x86_64,"AMD64 Family 23 Model 96 Stepping 1, AuthenticAMD",12,7598,Windows-11-10.0.26200-SP0,N/A (prebuilt Python extension wheel),N/A,N/A (prebuilt wheel),pqcrypto,0.4.0,ML-KEM-768,keygen,81,177900,29097984,True,
86230baa-0c3e-43a8-8879-a0e633ce9dec,56e5dbbb-b79e-4bbd-82ac-528998b82b14,2026-08-12T16:54:13.048008+00:00,native_windows_x86_64,NATIVE_SOFTWARE,x86_64,"AMD64 Family 23 Model 96 Stepping 1, AuthenticAMD",12,7598,Windows-11-10.0.26200-SP0,N/A (prebuilt Python extension wheel),N/A,N/A (prebuilt wheel),pqcrypto,0.4.0,ML-KEM-768,encapsulation,81,183200,29097984,True,
86230baa-0c3e-43a8-8879-a0e633ce9dec,56e5dbbb-b79e-4bbd-82ac-528998b82b14,2026-08-12T16:54:13.048285+00:00,native_windows_x86_64,NATIVE_SOFTWARE,x86_64,"AMD64 Family 23 Model 96 Stepping 1, AuthenticAMD",12,7598,Windows-11-10.0.26200-SP0,N/A (prebuilt Python extension wheel),N/A,N/A (prebuilt wheel),pqcrypto,0.4.0,ML-KEM-768,decapsulation,81,69200,29097984,True,
86230baa-0c3e-43a8-8879-a0e633ce9dec,56e5dbbb-b79e-4bbd-82ac-528998b82b14,2026-08-12T16:54:13.048436+00:00,native_windows_x86_64,NATIVE_SOFTWARE,x86_64,"AMD64 Family 23 Model 96 Stepping 1, AuthenticAMD",12,7598,Windows-11-10.0.26200-SP0,N/A (prebuilt Python extension wheel),N/A,N/A (prebuilt wheel),pqcrypto,0.4.0,ML-KEM-768,keygen,82,179800,29097984,True,
86230baa-0c3e-43a8-8879-a0e633ce9dec,56e5dbbb-b79e-4bbd-82ac-528998b82b14,2026-08-12T16:54:13.048899+00:00,native_windows_x86_64,NATIVE_SOFTWARE,x86_64,"AMD64 Family 23 Model 96 Stepping 1, AuthenticAMD",12,7598,Windows-11-10.0.26200-SP0,N/A (prebuilt Python extension wheel),N/A,N/A (prebuilt wheel),pqcrypto,0.4.0,ML-KEM-768,encapsulation,82,176600,29097984,True,
86230baa-0c3e-43a8-8879-a0e633ce9dec,56e5dbbb-b79e-4bbd-82ac-528998b82b14,2026-08-12T16:54:13.049170+00:00,native_windows_x86_64,NATIVE_SOFTWARE,x86_64,"AMD64 Family 23 Model 96 Stepping 1, AuthenticAMD",12,7598,Windows-11-10.0.26200-SP0,N/A (prebuilt Python extension wheel),N/A,N/A (prebuilt wheel),pqcrypto,0.4.0,ML-KEM-768,decapsulation,82,69600,29097984,True,
86230baa-0c3e-43a8-8879-a0e633ce9dec,56e5dbbb-b79e-4bbd-82ac-528998b82b14,2026-08-12T16:54:13.049322+00:00,native_windows_x86_64,NATIVE_SOFTWARE,x86_64,"AMD64 Family 23 Model 96 Stepping 1, AuthenticAMD",12,7598,Windows-11-10.0.26200-SP0,N/A (prebuilt Python extension wheel),N/A,N/A (prebuilt wheel),pqcrypto,0.4.0,ML-KEM-768,keygen,83,176900,29097984,True,
86230baa-0c3e-43a8-8879-a0e633ce9dec,56e5dbbb-b79e-4bbd-82ac-528998b82b14,2026-08-12T16:54:13.049769+00:00,native_windows_x86_64,NATIVE_SOFTWARE,x86_64,"AMD64 Family 23 Model 96 Stepping 1, AuthenticAMD",12,7598,Windows-11-10.0.26200-SP0,N/A (prebuilt Python extension wheel),N/A,N/A (prebuilt wheel),pqcrypto,0.4.0,ML-KEM-768,encapsulation,83,180900,29097984,True,
86230baa-0c3e-43a8-8879-a0e633ce9dec,56e5dbbb-b79e-4bbd-82ac-528998b82b14,2026-08-12T16:54:13.050048+00:00,native_windows_x86_64,NATIVE_SOFTWARE,x86_64,"AMD64 Family 23 Model 96 Stepping 1, AuthenticAMD",12,7598,Windows-11-10.0.26200-SP0,N/A (prebuilt Python extension wheel),N/A,N/A (prebuilt wheel),pqcrypto,0.4.0,ML-KEM-768,decapsulation,83,69800,29097984,True,
86230baa-0c3e-43a8-8879-a0e633ce9dec,56e5dbbb-b79e-4bbd-82ac-528998b82b14,2026-08-12T16:54:13.050201+00:00,native_windows_x86_64,NATIVE_SOFTWARE,x86_64,"AMD64 Family 23 Model 96 Stepping 1, AuthenticAMD",12,7598,Windows-11-10.0.26200-SP0,N/A (prebuilt Python extension wheel),N/A,N/A (prebuilt wheel),pqcrypto,0.4.0,ML-KEM-768,keygen,84,198300,29102080,True,
86230baa-0c3e-43a8-8879-a0e633ce9dec,56e5dbbb-b79e-4bbd-82ac-528998b82b14,2026-08-12T16:54:13.050689+00:00,native_windows_x86_64,NATIVE_SOFTWARE,x86_64,"AMD64 Family 23 Model 96 Stepping 1, AuthenticAMD",12,7598,Windows-11-10.0.26200-SP0,N/A (prebuilt Python extension wheel),N/A,N/A (prebuilt wheel),pqcrypto,0.4.0,ML-KEM-768,encapsulation,84,176800,29106176,True,
86230baa-0c3e-43a8-8879-a0e633ce9dec,56e5dbbb-b79e-4bbd-82ac-528998b82b14,2026-08-12T16:54:13.050968+00:00,native_windows_x86_64,NATIVE_SOFTWARE,x86_64,"AMD64 Family 23 Model 96 Stepping 1, AuthenticAMD",12,7598,Windows-11-10.0.26200-SP0,N/A (prebuilt Python extension wheel),N/A,N/A (prebuilt wheel),pqcrypto,0.4.0,ML-KEM-768,decapsulation,84,73300,29110272,True,
86230baa-0c3e-43a8-8879-a0e633ce9dec,56e5dbbb-b79e-4bbd-82ac-528998b82b14,2026-08-12T16:54:13.051124+00:00,native_windows_x86_64,NATIVE_SOFTWARE,x86_64,"AMD64 Family 23 Model 96 Stepping 1, AuthenticAMD",12,7598,Windows-11-10.0.26200-SP0,N/A (prebuilt Python extension wheel),N/A,N/A (prebuilt wheel),pqcrypto,0.4.0,ML-KEM-768,keygen,85,177400,29110272,True,
86230baa-0c3e-43a8-8879-a0e633ce9dec,56e5dbbb-b79e-4bbd-82ac-528998b82b14,2026-08-12T16:54:13.052008+00:00,native_windows_x86_64,NATIVE_SOFTWARE,x86_64,"AMD64 Family 23 Model 96 Stepping 1, AuthenticAMD",12,7598,Windows-11-10.0.26200-SP0,N/A (prebuilt Python extension wheel),N/A,N/A (prebuilt wheel),pqcrypto,0.4.0,ML-KEM-768,encapsulation,85,173900,29110272,True,
86230baa-0c3e-43a8-8879-a0e633ce9dec,56e5dbbb-b79e-4bbd-82ac-528998b82b14,2026-08-12T16:54:13.052277+00:00,native_windows_x86_64,NATIVE_SOFTWARE,x86_64,"AMD64 Family 23 Model 96 Stepping 1, AuthenticAMD",12,7598,Windows-11-10.0.26200-SP0,N/A (prebuilt Python extension wheel),N/A,N/A (prebuilt wheel),pqcrypto,0.4.0,ML-KEM-768,decapsulation,85,69700,29110272,True,
86230baa-0c3e-43a8-8879-a0e633ce9dec,56e5dbbb-b79e-4bbd-82ac-528998b82b14,2026-08-12T16:54:13.052427+00:00,native_windows_x86_64,NATIVE_SOFTWARE,x86_64,"AMD64 Family 23 Model 96 Stepping 1, AuthenticAMD",12,7598,Windows-11-10.0.26200-SP0,N/A (prebuilt Python extension wheel),N/A,N/A (prebuilt wheel),pqcrypto,0.4.0,ML-KEM-768,keygen,86,180800,29110272,True,
86230baa-0c3e-43a8-8879-a0e633ce9dec,56e5dbbb-b79e-4bbd-82ac-528998b82b14,2026-08-12T16:54:13.052869+00:00,native_windows_x86_64,NATIVE_SOFTWARE,x86_64,"AMD64 Family 23 Model 96 Stepping 1, AuthenticAMD",12,7598,Windows-11-10.0.26200-SP0,N/A (prebuilt Python extension wheel),N/A,N/A (prebuilt wheel),pqcrypto,0.4.0,ML-KEM-768,encapsulation,86,176600,29110272,True,
86230baa-0c3e-43a8-8879-a0e633ce9dec,56e5dbbb-b79e-4bbd-82ac-528998b82b14,2026-08-12T16:54:13.053138+00:00,native_windows_x86_64,NATIVE_SOFTWARE,x86_64,"AMD64 Family 23 Model 96 Stepping 1, AuthenticAMD",12,7598,Windows-11-10.0.26200-SP0,N/A (prebuilt Python extension wheel),N/A,N/A (prebuilt wheel),pqcrypto,0.4.0,ML-KEM-768,decapsulation,86,69600,29110272,True,
86230baa-0c3e-43a8-8879-a0e633ce9dec,56e5dbbb-b79e-4bbd-82ac-528998b82b14,2026-08-12T16:54:13.053286+00:00,native_windows_x86_64,NATIVE_SOFTWARE,x86_64,"AMD64 Family 23 Model 96 Stepping 1, AuthenticAMD",12,7598,Windows-11-10.0.26200-SP0,N/A (prebuilt Python extension wheel),N/A,N/A (prebuilt wheel),pqcrypto,0.4.0,ML-KEM-768,keygen,87,218000,29110272,True,
86230baa-0c3e-43a8-8879-a0e633ce9dec,56e5dbbb-b79e-4bbd-82ac-528998b82b14,2026-08-12T16:54:13.053765+00:00,native_windows_x86_64,NATIVE_SOFTWARE,x86_64,"AMD64 Family 23 Model 96 Stepping 1, AuthenticAMD",12,7598,Windows-11-10.0.26200-SP0,N/A (prebuilt Python extension wheel),N/A,N/A (prebuilt wheel),pqcrypto,0.4.0,ML-KEM-768,encapsulation,87,333300,29110272,True,
86230baa-0c3e-43a8-8879-a0e633ce9dec,56e5dbbb-b79e-4bbd-82ac-528998b82b14,2026-08-12T16:54:13.054270+00:00,native_windows_x86_64,NATIVE_SOFTWARE,x86_64,"AMD64 Family 23 Model 96 Stepping 1, AuthenticAMD",12,7598,Windows-11-10.0.26200-SP0,N/A (prebuilt Python extension wheel),N/A,N/A (prebuilt wheel),pqcrypto,0.4.0,ML-KEM-768,decapsulation,87,121200,29110272,True,
86230baa-0c3e-43a8-8879-a0e633ce9dec,56e5dbbb-b79e-4bbd-82ac-528998b82b14,2026-08-12T16:54:13.054523+00:00,native_windows_x86_64,NATIVE_SOFTWARE,x86_64,"AMD64 Family 23 Model 96 Stepping 1, AuthenticAMD",12,7598,Windows-11-10.0.26200-SP0,N/A (prebuilt Python extension wheel),N/A,N/A (prebuilt wheel),pqcrypto,0.4.0,ML-KEM-768,keygen,88,243600,29110272,True,
86230baa-0c3e-43a8-8879-a0e633ce9dec,56e5dbbb-b79e-4bbd-82ac-528998b82b14,2026-08-12T16:54:13.055047+00:00,native_windows_x86_64,NATIVE_SOFTWARE,x86_64,"AMD64 Family 23 Model 96 Stepping 1, AuthenticAMD",12,7598,Windows-11-10.0.26200-SP0,N/A (prebuilt Python extension wheel),N/A,N/A (prebuilt wheel),pqcrypto,0.4.0,ML-KEM-768,encapsulation,88,175500,29110272,True,
86230baa-0c3e-43a8-8879-a0e633ce9dec,56e5dbbb-b79e-4bbd-82ac-528998b82b14,2026-08-12T16:54:13.055318+00:00,native_windows_x86_64,NATIVE_SOFTWARE,x86_64,"AMD64 Family 23 Model 96 Stepping 1, AuthenticAMD",12,7598,Windows-11-10.0.26200-SP0,N/A (prebuilt Python extension wheel),N/A,N/A (prebuilt wheel),pqcrypto,0.4.0,ML-KEM-768,decapsulation,88,69500,29110272,True,
86230baa-0c3e-43a8-8879-a0e633ce9dec,56e5dbbb-b79e-4bbd-82ac-528998b82b14,2026-08-12T16:54:13.055471+00:00,native_windows_x86_64,NATIVE_SOFTWARE,x86_64,"AMD64 Family 23 Model 96 Stepping 1, AuthenticAMD",12,7598,Windows-11-10.0.26200-SP0,N/A (prebuilt Python extension wheel),N/A,N/A (prebuilt wheel),pqcrypto,0.4.0,ML-KEM-768,keygen,89,190200,29110272,True,
86230baa-0c3e-43a8-8879-a0e633ce9dec,56e5dbbb-b79e-4bbd-82ac-528998b82b14,2026-08-12T16:54:13.055926+00:00,native_windows_x86_64,NATIVE_SOFTWARE,x86_64,"AMD64 Family 23 Model 96 Stepping 1, AuthenticAMD",12,7598,Windows-11-10.0.26200-SP0,N/A (prebuilt Python extension wheel),N/A,N/A (prebuilt wheel),pqcrypto,0.4.0,ML-KEM-768,encapsulation,89,195500,29110272,True,
86230baa-0c3e-43a8-8879-a0e633ce9dec,56e5dbbb-b79e-4bbd-82ac-528998b82b14,2026-08-12T16:54:13.056218+00:00,native_windows_x86_64,NATIVE_SOFTWARE,x86_64,"AMD64 Family 23 Model 96 Stepping 1, AuthenticAMD",12,7598,Windows-11-10.0.26200-SP0,N/A (prebuilt Python extension wheel),N/A,N/A (prebuilt wheel),pqcrypto,0.4.0,ML-KEM-768,decapsulation,89,71000,29110272,True,
86230baa-0c3e-43a8-8879-a0e633ce9dec,56e5dbbb-b79e-4bbd-82ac-528998b82b14,2026-08-12T16:54:13.056369+00:00,native_windows_x86_64,NATIVE_SOFTWARE,x86_64,"AMD64 Family 23 Model 96 Stepping 1, AuthenticAMD",12,7598,Windows-11-10.0.26200-SP0,N/A (prebuilt Python extension wheel),N/A,N/A (prebuilt wheel),pqcrypto,0.4.0,ML-KEM-768,keygen,90,175100,29110272,True,
86230baa-0c3e-43a8-8879-a0e633ce9dec,56e5dbbb-b79e-4bbd-82ac-528998b82b14,2026-08-12T16:54:13.056815+00:00,native_windows_x86_64,NATIVE_SOFTWARE,x86_64,"AMD64 Family 23 Model 96 Stepping 1, AuthenticAMD",12,7598,Windows-11-10.0.26200-SP0,N/A (prebuilt Python extension wheel),N/A,N/A (prebuilt wheel),pqcrypto,0.4.0,ML-KEM-768,encapsulation,90,198100,29110272,True,
86230baa-0c3e-43a8-8879-a0e633ce9dec,56e5dbbb-b79e-4bbd-82ac-528998b82b14,2026-08-12T16:54:13.057118+00:00,native_windows_x86_64,NATIVE_SOFTWARE,x86_64,"AMD64 Family 23 Model 96 Stepping 1, AuthenticAMD",12,7598,Windows-11-10.0.26200-SP0,N/A (prebuilt Python extension wheel),N/A,N/A (prebuilt wheel),pqcrypto,0.4.0,ML-KEM-768,decapsulation,90,70200,29110272,True,
86230baa-0c3e-43a8-8879-a0e633ce9dec,56e5dbbb-b79e-4bbd-82ac-528998b82b14,2026-08-12T16:54:13.057270+00:00,native_windows_x86_64,NATIVE_SOFTWARE,x86_64,"AMD64 Family 23 Model 96 Stepping 1, AuthenticAMD",12,7598,Windows-11-10.0.26200-SP0,N/A (prebuilt Python extension wheel),N/A,N/A (prebuilt wheel),pqcrypto,0.4.0,ML-KEM-768,keygen,91,177200,29110272,True,
86230baa-0c3e-43a8-8879-a0e633ce9dec,56e5dbbb-b79e-4bbd-82ac-528998b82b14,2026-08-12T16:54:13.057718+00:00,native_windows_x86_64,NATIVE_SOFTWARE,x86_64,"AMD64 Family 23 Model 96 Stepping 1, AuthenticAMD",12,7598,Windows-11-10.0.26200-SP0,N/A (prebuilt Python extension wheel),N/A,N/A (prebuilt wheel),pqcrypto,0.4.0,ML-KEM-768,encapsulation,91,175500,29110272,True,
86230baa-0c3e-43a8-8879-a0e633ce9dec,56e5dbbb-b79e-4bbd-82ac-528998b82b14,2026-08-12T16:54:13.057989+00:00,native_windows_x86_64,NATIVE_SOFTWARE,x86_64,"AMD64 Family 23 Model 96 Stepping 1, AuthenticAMD",12,7598,Windows-11-10.0.26200-SP0,N/A (prebuilt Python extension wheel),N/A,N/A (prebuilt wheel),pqcrypto,0.4.0,ML-KEM-768,decapsulation,91,71000,29110272,True,
86230baa-0c3e-43a8-8879-a0e633ce9dec,56e5dbbb-b79e-4bbd-82ac-528998b82b14,2026-08-12T16:54:13.058147+00:00,native_windows_x86_64,NATIVE_SOFTWARE,x86_64,"AMD64 Family 23 Model 96 Stepping 1, AuthenticAMD",12,7598,Windows-11-10.0.26200-SP0,N/A (prebuilt Python extension wheel),N/A,N/A (prebuilt wheel),pqcrypto,0.4.0,ML-KEM-768,keygen,92,190500,29110272,True,
86230baa-0c3e-43a8-8879-a0e633ce9dec,56e5dbbb-b79e-4bbd-82ac-528998b82b14,2026-08-12T16:54:13.058606+00:00,native_windows_x86_64,NATIVE_SOFTWARE,x86_64,"AMD64 Family 23 Model 96 Stepping 1, AuthenticAMD",12,7598,Windows-11-10.0.26200-SP0,N/A (prebuilt Python extension wheel),N/A,N/A (prebuilt wheel),pqcrypto,0.4.0,ML-KEM-768,encapsulation,92,174000,29110272,True,
86230baa-0c3e-43a8-8879-a0e633ce9dec,56e5dbbb-b79e-4bbd-82ac-528998b82b14,2026-08-12T16:54:13.058875+00:00,native_windows_x86_64,NATIVE_SOFTWARE,x86_64,"AMD64 Family 23 Model 96 Stepping 1, AuthenticAMD",12,7598,Windows-11-10.0.26200-SP0,N/A (prebuilt Python extension wheel),N/A,N/A (prebuilt wheel),pqcrypto,0.4.0,ML-KEM-768,decapsulation,92,70100,29110272,True,
86230baa-0c3e-43a8-8879-a0e633ce9dec,56e5dbbb-b79e-4bbd-82ac-528998b82b14,2026-08-12T16:54:13.059028+00:00,native_windows_x86_64,NATIVE_SOFTWARE,x86_64,"AMD64 Family 23 Model 96 Stepping 1, AuthenticAMD",12,7598,Windows-11-10.0.26200-SP0,N/A (prebuilt Python extension wheel),N/A,N/A (prebuilt wheel),pqcrypto,0.4.0,ML-KEM-768,keygen,93,175800,29110272,True,
86230baa-0c3e-43a8-8879-a0e633ce9dec,56e5dbbb-b79e-4bbd-82ac-528998b82b14,2026-08-12T16:54:13.059469+00:00,native_windows_x86_64,NATIVE_SOFTWARE,x86_64,"AMD64 Family 23 Model 96 Stepping 1, AuthenticAMD",12,7598,Windows-11-10.0.26200-SP0,N/A (prebuilt Python extension wheel),N/A,N/A (prebuilt wheel),pqcrypto,0.4.0,ML-KEM-768,encapsulation,93,172300,29110272,True,
86230baa-0c3e-43a8-8879-a0e633ce9dec,56e5dbbb-b79e-4bbd-82ac-528998b82b14,2026-08-12T16:54:13.059736+00:00,native_windows_x86_64,NATIVE_SOFTWARE,x86_64,"AMD64 Family 23 Model 96 Stepping 1, AuthenticAMD",12,7598,Windows-11-10.0.26200-SP0,N/A (prebuilt Python extension wheel),N/A,N/A (prebuilt wheel),pqcrypto,0.4.0,ML-KEM-768,decapsulation,93,69100,29110272,True,
86230baa-0c3e-43a8-8879-a0e633ce9dec,56e5dbbb-b79e-4bbd-82ac-528998b82b14,2026-08-12T16:54:13.059884+00:00,native_windows_x86_64,NATIVE_SOFTWARE,x86_64,"AMD64 Family 23 Model 96 Stepping 1, AuthenticAMD",12,7598,Windows-11-10.0.26200-SP0,N/A (prebuilt Python extension wheel),N/A,N/A (prebuilt wheel),pqcrypto,0.4.0,ML-KEM-768,keygen,94,179500,29110272,True,
86230baa-0c3e-43a8-8879-a0e633ce9dec,56e5dbbb-b79e-4bbd-82ac-528998b82b14,2026-08-12T16:54:13.060333+00:00,native_windows_x86_64,NATIVE_SOFTWARE,x86_64,"AMD64 Family 23 Model 96 Stepping 1, AuthenticAMD",12,7598,Windows-11-10.0.26200-SP0,N/A (prebuilt Python extension wheel),N/A,N/A (prebuilt wheel),pqcrypto,0.4.0,ML-KEM-768,encapsulation,94,178200,29110272,True,
86230baa-0c3e-43a8-8879-a0e633ce9dec,56e5dbbb-b79e-4bbd-82ac-528998b82b14,2026-08-12T16:54:13.060608+00:00,native_windows_x86_64,NATIVE_SOFTWARE,x86_64,"AMD64 Family 23 Model 96 Stepping 1, AuthenticAMD",12,7598,Windows-11-10.0.26200-SP0,N/A (prebuilt Python extension wheel),N/A,N/A (prebuilt wheel),pqcrypto,0.4.0,ML-KEM-768,decapsulation,94,69600,29110272,True,
86230baa-0c3e-43a8-8879-a0e633ce9dec,56e5dbbb-b79e-4bbd-82ac-528998b82b14,2026-08-12T16:54:13.060759+00:00,native_windows_x86_64,NATIVE_SOFTWARE,x86_64,"AMD64 Family 23 Model 96 Stepping 1, AuthenticAMD",12,7598,Windows-11-10.0.26200-SP0,N/A (prebuilt Python extension wheel),N/A,N/A (prebuilt wheel),pqcrypto,0.4.0,ML-KEM-768,keygen,95,176600,29110272,True,
86230baa-0c3e-43a8-8879-a0e633ce9dec,56e5dbbb-b79e-4bbd-82ac-528998b82b14,2026-08-12T16:54:13.061201+00:00,native_windows_x86_64,NATIVE_SOFTWARE,x86_64,"AMD64 Family 23 Model 96 Stepping 1, AuthenticAMD",12,7598,Windows-11-10.0.26200-SP0,N/A (prebuilt Python extension wheel),N/A,N/A (prebuilt wheel),pqcrypto,0.4.0,ML-KEM-768,encapsulation,95,172700,29110272,True,
86230baa-0c3e-43a8-8879-a0e633ce9dec,56e5dbbb-b79e-4bbd-82ac-528998b82b14,2026-08-12T16:54:13.061470+00:00,native_windows_x86_64,NATIVE_SOFTWARE,x86_64,"AMD64 Family 23 Model 96 Stepping 1, AuthenticAMD",12,7598,Windows-11-10.0.26200-SP0,N/A (prebuilt Python extension wheel),N/A,N/A (prebuilt wheel),pqcrypto,0.4.0,ML-KEM-768,decapsulation,95,69300,29110272,True,
86230baa-0c3e-43a8-8879-a0e633ce9dec,56e5dbbb-b79e-4bbd-82ac-528998b82b14,2026-08-12T16:54:13.061619+00:00,native_windows_x86_64,NATIVE_SOFTWARE,x86_64,"AMD64 Family 23 Model 96 Stepping 1, AuthenticAMD",12,7598,Windows-11-10.0.26200-SP0,N/A (prebuilt Python extension wheel),N/A,N/A (prebuilt wheel),pqcrypto,0.4.0,ML-KEM-768,keygen,96,176900,29110272,True,
86230baa-0c3e-43a8-8879-a0e633ce9dec,56e5dbbb-b79e-4bbd-82ac-528998b82b14,2026-08-12T16:54:13.062062+00:00,native_windows_x86_64,NATIVE_SOFTWARE,x86_64,"AMD64 Family 23 Model 96 Stepping 1, AuthenticAMD",12,7598,Windows-11-10.0.26200-SP0,N/A (prebuilt Python extension wheel),N/A,N/A (prebuilt wheel),pqcrypto,0.4.0,ML-KEM-768,encapsulation,96,192000,29110272,True,
86230baa-0c3e-43a8-8879-a0e633ce9dec,56e5dbbb-b79e-4bbd-82ac-528998b82b14,2026-08-12T16:54:13.062348+00:00,native_windows_x86_64,NATIVE_SOFTWARE,x86_64,"AMD64 Family 23 Model 96 Stepping 1, AuthenticAMD",12,7598,Windows-11-10.0.26200-SP0,N/A (prebuilt Python extension wheel),N/A,N/A (prebuilt wheel),pqcrypto,0.4.0,ML-KEM-768,decapsulation,96,69500,29110272,True,
86230baa-0c3e-43a8-8879-a0e633ce9dec,56e5dbbb-b79e-4bbd-82ac-528998b82b14,2026-08-12T16:54:13.062497+00:00,native_windows_x86_64,NATIVE_SOFTWARE,x86_64,"AMD64 Family 23 Model 96 Stepping 1, AuthenticAMD",12,7598,Windows-11-10.0.26200-SP0,N/A (prebuilt Python extension wheel),N/A,N/A (prebuilt wheel),pqcrypto,0.4.0,ML-KEM-768,keygen,97,178400,29110272,True,
86230baa-0c3e-43a8-8879-a0e633ce9dec,56e5dbbb-b79e-4bbd-82ac-528998b82b14,2026-08-12T16:54:13.062938+00:00,native_windows_x86_64,NATIVE_SOFTWARE,x86_64,"AMD64 Family 23 Model 96 Stepping 1, AuthenticAMD",12,7598,Windows-11-10.0.26200-SP0,N/A (prebuilt Python extension wheel),N/A,N/A (prebuilt wheel),pqcrypto,0.4.0,ML-KEM-768,encapsulation,97,171800,29114368,True,
86230baa-0c3e-43a8-8879-a0e633ce9dec,56e5dbbb-b79e-4bbd-82ac-528998b82b14,2026-08-12T16:54:13.063218+00:00,native_windows_x86_64,NATIVE_SOFTWARE,x86_64,"AMD64 Family 23 Model 96 Stepping 1, AuthenticAMD",12,7598,Windows-11-10.0.26200-SP0,N/A (prebuilt Python extension wheel),N/A,N/A (prebuilt wheel),pqcrypto,0.4.0,ML-KEM-768,decapsulation,97,69400,29118464,True,
86230baa-0c3e-43a8-8879-a0e633ce9dec,56e5dbbb-b79e-4bbd-82ac-528998b82b14,2026-08-12T16:54:13.063370+00:00,native_windows_x86_64,NATIVE_SOFTWARE,x86_64,"AMD64 Family 23 Model 96 Stepping 1, AuthenticAMD",12,7598,Windows-11-10.0.26200-SP0,N/A (prebuilt Python extension wheel),N/A,N/A (prebuilt wheel),pqcrypto,0.4.0,ML-KEM-768,keygen,98,175700,29188096,True,
86230baa-0c3e-43a8-8879-a0e633ce9dec,56e5dbbb-b79e-4bbd-82ac-528998b82b14,2026-08-12T16:54:13.064275+00:00,native_windows_x86_64,NATIVE_SOFTWARE,x86_64,"AMD64 Family 23 Model 96 Stepping 1, AuthenticAMD",12,7598,Windows-11-10.0.26200-SP0,N/A (prebuilt Python extension wheel),N/A,N/A (prebuilt wheel),pqcrypto,0.4.0,ML-KEM-768,encapsulation,98,179300,29188096,True,
86230baa-0c3e-43a8-8879-a0e633ce9dec,56e5dbbb-b79e-4bbd-82ac-528998b82b14,2026-08-12T16:54:13.064556+00:00,native_windows_x86_64,NATIVE_SOFTWARE,x86_64,"AMD64 Family 23 Model 96 Stepping 1, AuthenticAMD",12,7598,Windows-11-10.0.26200-SP0,N/A (prebuilt Python extension wheel),N/A,N/A (prebuilt wheel),pqcrypto,0.4.0,ML-KEM-768,decapsulation,98,74900,29188096,True,
86230baa-0c3e-43a8-8879-a0e633ce9dec,56e5dbbb-b79e-4bbd-82ac-528998b82b14,2026-08-12T16:54:13.064715+00:00,native_windows_x86_64,NATIVE_SOFTWARE,x86_64,"AMD64 Family 23 Model 96 Stepping 1, AuthenticAMD",12,7598,Windows-11-10.0.26200-SP0,N/A (prebuilt Python extension wheel),N/A,N/A (prebuilt wheel),pqcrypto,0.4.0,ML-KEM-768,keygen,99,180800,29188096,True,
86230baa-0c3e-43a8-8879-a0e633ce9dec,56e5dbbb-b79e-4bbd-82ac-528998b82b14,2026-08-12T16:54:13.065166+00:00,native_windows_x86_64,NATIVE_SOFTWARE,x86_64,"AMD64 Family 23 Model 96 Stepping 1, AuthenticAMD",12,7598,Windows-11-10.0.26200-SP0,N/A (prebuilt Python extension wheel),N/A,N/A (prebuilt wheel),pqcrypto,0.4.0,ML-KEM-768,encapsulation,99,175700,29188096,True,
86230baa-0c3e-43a8-8879-a0e633ce9dec,56e5dbbb-b79e-4bbd-82ac-528998b82b14,2026-08-12T16:54:13.065435+00:00,native_windows_x86_64,NATIVE_SOFTWARE,x86_64,"AMD64 Family 23 Model 96 Stepping 1, AuthenticAMD",12,7598,Windows-11-10.0.26200-SP0,N/A (prebuilt Python extension wheel),N/A,N/A (prebuilt wheel),pqcrypto,0.4.0,ML-KEM-768,decapsulation,99,69700,29188096,True,
86230baa-0c3e-43a8-8879-a0e633ce9dec,56e5dbbb-b79e-4bbd-82ac-528998b82b14,2026-08-12T16:54:13.065587+00:00,native_windows_x86_64,NATIVE_SOFTWARE,x86_64,"AMD64 Family 23 Model 96 Stepping 1, AuthenticAMD",12,7598,Windows-11-10.0.26200-SP0,N/A (prebuilt Python extension wheel),N/A,N/A (prebuilt wheel),pqcrypto,0.4.0,ML-KEM-768,keygen,100,176300,29188096,True,
86230baa-0c3e-43a8-8879-a0e633ce9dec,56e5dbbb-b79e-4bbd-82ac-528998b82b14,2026-08-12T16:54:13.066025+00:00,native_windows_x86_64,NATIVE_SOFTWARE,x86_64,"AMD64 Family 23 Model 96 Stepping 1, AuthenticAMD",12,7598,Windows-11-10.0.26200-SP0,N/A (prebuilt Python extension wheel),N/A,N/A (prebuilt wheel),pqcrypto,0.4.0,ML-KEM-768,encapsulation,100,173700,29188096,True,
86230baa-0c3e-43a8-8879-a0e633ce9dec,56e5dbbb-b79e-4bbd-82ac-528998b82b14,2026-08-12T16:54:13.066297+00:00,native_windows_x86_64,NATIVE_SOFTWARE,x86_64,"AMD64 Family 23 Model 96 Stepping 1, AuthenticAMD",12,7598,Windows-11-10.0.26200-SP0,N/A (prebuilt Python extension wheel),N/A,N/A (prebuilt wheel),pqcrypto,0.4.0,ML-KEM-768,decapsulation,100,69600,29188096,True,
86230baa-0c3e-43a8-8879-a0e633ce9dec,56e5dbbb-b79e-4bbd-82ac-528998b82b14,2026-08-12T16:54:13.066451+00:00,native_windows_x86_64,NATIVE_SOFTWARE,x86_64,"AMD64 Family 23 Model 96 Stepping 1, AuthenticAMD",12,7598,Windows-11-10.0.26200-SP0,N/A (prebuilt Python extension wheel),N/A,N/A (prebuilt wheel),pqcrypto,0.4.0,ML-KEM-1024,keygen,1,248200,29208576,True,
86230baa-0c3e-43a8-8879-a0e633ce9dec,56e5dbbb-b79e-4bbd-82ac-528998b82b14,2026-08-12T16:54:13.066999+00:00,native_windows_x86_64,NATIVE_SOFTWARE,x86_64,"AMD64 Family 23 Model 96 Stepping 1, AuthenticAMD",12,7598,Windows-11-10.0.26200-SP0,N/A (prebuilt Python extension wheel),N/A,N/A (prebuilt wheel),pqcrypto,0.4.0,ML-KEM-1024,encapsulation,1,211600,29208576,True,
86230baa-0c3e-43a8-8879-a0e633ce9dec,56e5dbbb-b79e-4bbd-82ac-528998b82b14,2026-08-12T16:54:13.067307+00:00,native_windows_x86_64,NATIVE_SOFTWARE,x86_64,"AMD64 Family 23 Model 96 Stepping 1, AuthenticAMD",12,7598,Windows-11-10.0.26200-SP0,N/A (prebuilt Python extension wheel),N/A,N/A (prebuilt wheel),pqcrypto,0.4.0,ML-KEM-1024,decapsulation,1,104200,29208576,True,
86230baa-0c3e-43a8-8879-a0e633ce9dec,56e5dbbb-b79e-4bbd-82ac-528998b82b14,2026-08-12T16:54:13.067492+00:00,native_windows_x86_64,NATIVE_SOFTWARE,x86_64,"AMD64 Family 23 Model 96 Stepping 1, AuthenticAMD",12,7598,Windows-11-10.0.26200-SP0,N/A (prebuilt Python extension wheel),N/A,N/A (prebuilt wheel),pqcrypto,0.4.0,ML-KEM-1024,keygen,2,204400,29208576,True,
86230baa-0c3e-43a8-8879-a0e633ce9dec,56e5dbbb-b79e-4bbd-82ac-528998b82b14,2026-08-12T16:54:13.067989+00:00,native_windows_x86_64,NATIVE_SOFTWARE,x86_64,"AMD64 Family 23 Model 96 Stepping 1, AuthenticAMD",12,7598,Windows-11-10.0.26200-SP0,N/A (prebuilt Python extension wheel),N/A,N/A (prebuilt wheel),pqcrypto,0.4.0,ML-KEM-1024,encapsulation,2,203400,29208576,True,
86230baa-0c3e-43a8-8879-a0e633ce9dec,56e5dbbb-b79e-4bbd-82ac-528998b82b14,2026-08-12T16:54:13.068288+00:00,native_windows_x86_64,NATIVE_SOFTWARE,x86_64,"AMD64 Family 23 Model 96 Stepping 1, AuthenticAMD",12,7598,Windows-11-10.0.26200-SP0,N/A (prebuilt Python extension wheel),N/A,N/A (prebuilt wheel),pqcrypto,0.4.0,ML-KEM-1024,decapsulation,2,102100,29208576,True,
86230baa-0c3e-43a8-8879-a0e633ce9dec,56e5dbbb-b79e-4bbd-82ac-528998b82b14,2026-08-12T16:54:13.068473+00:00,native_windows_x86_64,NATIVE_SOFTWARE,x86_64,"AMD64 Family 23 Model 96 Stepping 1, AuthenticAMD",12,7598,Windows-11-10.0.26200-SP0,N/A (prebuilt Python extension wheel),N/A,N/A (prebuilt wheel),pqcrypto,0.4.0,ML-KEM-1024,keygen,3,208200,29208576,True,
86230baa-0c3e-43a8-8879-a0e633ce9dec,56e5dbbb-b79e-4bbd-82ac-528998b82b14,2026-08-12T16:54:13.068977+00:00,native_windows_x86_64,NATIVE_SOFTWARE,x86_64,"AMD64 Family 23 Model 96 Stepping 1, AuthenticAMD",12,7598,Windows-11-10.0.26200-SP0,N/A (prebuilt Python extension wheel),N/A,N/A (prebuilt wheel),pqcrypto,0.4.0,ML-KEM-1024,encapsulation,3,200500,29208576,True,
86230baa-0c3e-43a8-8879-a0e633ce9dec,56e5dbbb-b79e-4bbd-82ac-528998b82b14,2026-08-12T16:54:13.069273+00:00,native_windows_x86_64,NATIVE_SOFTWARE,x86_64,"AMD64 Family 23 Model 96 Stepping 1, AuthenticAMD",12,7598,Windows-11-10.0.26200-SP0,N/A (prebuilt Python extension wheel),N/A,N/A (prebuilt wheel),pqcrypto,0.4.0,ML-KEM-1024,decapsulation,3,100500,29208576,True,
86230baa-0c3e-43a8-8879-a0e633ce9dec,56e5dbbb-b79e-4bbd-82ac-528998b82b14,2026-08-12T16:54:13.069474+00:00,native_windows_x86_64,NATIVE_SOFTWARE,x86_64,"AMD64 Family 23 Model 96 Stepping 1, AuthenticAMD",12,7598,Windows-11-10.0.26200-SP0,N/A (prebuilt Python extension wheel),N/A,N/A (prebuilt wheel),pqcrypto,0.4.0,ML-KEM-1024,keygen,4,300000,29208576,True,
86230baa-0c3e-43a8-8879-a0e633ce9dec,56e5dbbb-b79e-4bbd-82ac-528998b82b14,2026-08-12T16:54:13.070106+00:00,native_windows_x86_64,NATIVE_SOFTWARE,x86_64,"AMD64 Family 23 Model 96 Stepping 1, AuthenticAMD",12,7598,Windows-11-10.0.26200-SP0,N/A (prebuilt Python extension wheel),N/A,N/A (prebuilt wheel),pqcrypto,0.4.0,ML-KEM-1024,encapsulation,4,204200,29208576,True,
86230baa-0c3e-43a8-8879-a0e633ce9dec,56e5dbbb-b79e-4bbd-82ac-528998b82b14,2026-08-12T16:54:13.070413+00:00,native_windows_x86_64,NATIVE_SOFTWARE,x86_64,"AMD64 Family 23 Model 96 Stepping 1, AuthenticAMD",12,7598,Windows-11-10.0.26200-SP0,N/A (prebuilt Python extension wheel),N/A,N/A (prebuilt wheel),pqcrypto,0.4.0,ML-KEM-1024,decapsulation,4,101600,29208576,True,
86230baa-0c3e-43a8-8879-a0e633ce9dec,56e5dbbb-b79e-4bbd-82ac-528998b82b14,2026-08-12T16:54:13.070598+00:00,native_windows_x86_64,NATIVE_SOFTWARE,x86_64,"AMD64 Family 23 Model 96 Stepping 1, AuthenticAMD",12,7598,Windows-11-10.0.26200-SP0,N/A (prebuilt Python extension wheel),N/A,N/A (prebuilt wheel),pqcrypto,0.4.0,ML-KEM-1024,keygen,5,210100,29208576,True,
86230baa-0c3e-43a8-8879-a0e633ce9dec,56e5dbbb-b79e-4bbd-82ac-528998b82b14,2026-08-12T16:54:13.071107+00:00,native_windows_x86_64,NATIVE_SOFTWARE,x86_64,"AMD64 Family 23 Model 96 Stepping 1, AuthenticAMD",12,7598,Windows-11-10.0.26200-SP0,N/A (prebuilt Python extension wheel),N/A,N/A (prebuilt wheel),pqcrypto,0.4.0,ML-KEM-1024,encapsulation,5,206200,29208576,True,
86230baa-0c3e-43a8-8879-a0e633ce9dec,56e5dbbb-b79e-4bbd-82ac-528998b82b14,2026-08-12T16:54:13.071410+00:00,native_windows_x86_64,NATIVE_SOFTWARE,x86_64,"AMD64 Family 23 Model 96 Stepping 1, AuthenticAMD",12,7598,Windows-11-10.0.26200-SP0,N/A (prebuilt Python extension wheel),N/A,N/A (prebuilt wheel),pqcrypto,0.4.0,ML-KEM-1024,decapsulation,5,101000,29208576,True,
86230baa-0c3e-43a8-8879-a0e633ce9dec,56e5dbbb-b79e-4bbd-82ac-528998b82b14,2026-08-12T16:54:13.071593+00:00,native_windows_x86_64,NATIVE_SOFTWARE,x86_64,"AMD64 Family 23 Model 96 Stepping 1, AuthenticAMD",12,7598,Windows-11-10.0.26200-SP0,N/A (prebuilt Python extension wheel),N/A,N/A (prebuilt wheel),pqcrypto,0.4.0,ML-KEM-1024,keygen,6,222600,29208576,True,
86230baa-0c3e-43a8-8879-a0e633ce9dec,56e5dbbb-b79e-4bbd-82ac-528998b82b14,2026-08-12T16:54:13.072112+00:00,native_windows_x86_64,NATIVE_SOFTWARE,x86_64,"AMD64 Family 23 Model 96 Stepping 1, AuthenticAMD",12,7598,Windows-11-10.0.26200-SP0,N/A (prebuilt Python extension wheel),N/A,N/A (prebuilt wheel),pqcrypto,0.4.0,ML-KEM-1024,encapsulation,6,201800,29208576,True,
86230baa-0c3e-43a8-8879-a0e633ce9dec,56e5dbbb-b79e-4bbd-82ac-528998b82b14,2026-08-12T16:54:13.072409+00:00,native_windows_x86_64,NATIVE_SOFTWARE,x86_64,"AMD64 Family 23 Model 96 Stepping 1, AuthenticAMD",12,7598,Windows-11-10.0.26200-SP0,N/A (prebuilt Python extension wheel),N/A,N/A (prebuilt wheel),pqcrypto,0.4.0,ML-KEM-1024,decapsulation,6,101800,29208576,True,
86230baa-0c3e-43a8-8879-a0e633ce9dec,56e5dbbb-b79e-4bbd-82ac-528998b82b14,2026-08-12T16:54:13.072594+00:00,native_windows_x86_64,NATIVE_SOFTWARE,x86_64,"AMD64 Family 23 Model 96 Stepping 1, AuthenticAMD",12,7598,Windows-11-10.0.26200-SP0,N/A (prebuilt Python extension wheel),N/A,N/A (prebuilt wheel),pqcrypto,0.4.0,ML-KEM-1024,keygen,7,208000,29208576,True,
86230baa-0c3e-43a8-8879-a0e633ce9dec,56e5dbbb-b79e-4bbd-82ac-528998b82b14,2026-08-12T16:54:13.073118+00:00,native_windows_x86_64,NATIVE_SOFTWARE,x86_64,"AMD64 Family 23 Model 96 Stepping 1, AuthenticAMD",12,7598,Windows-11-10.0.26200-SP0,N/A (prebuilt Python extension wheel),N/A,N/A (prebuilt wheel),pqcrypto,0.4.0,ML-KEM-1024,encapsulation,7,204800,29208576,True,
86230baa-0c3e-43a8-8879-a0e633ce9dec,56e5dbbb-b79e-4bbd-82ac-528998b82b14,2026-08-12T16:54:13.073418+00:00,native_windows_x86_64,NATIVE_SOFTWARE,x86_64,"AMD64 Family 23 Model 96 Stepping 1, AuthenticAMD",12,7598,Windows-11-10.0.26200-SP0,N/A (prebuilt Python extension wheel),N/A,N/A (prebuilt wheel),pqcrypto,0.4.0,ML-KEM-1024,decapsulation,7,100100,29208576,True,
86230baa-0c3e-43a8-8879-a0e633ce9dec,56e5dbbb-b79e-4bbd-82ac-528998b82b14,2026-08-12T16:54:13.073599+00:00,native_windows_x86_64,NATIVE_SOFTWARE,x86_64,"AMD64 Family 23 Model 96 Stepping 1, AuthenticAMD",12,7598,Windows-11-10.0.26200-SP0,N/A (prebuilt Python extension wheel),N/A,N/A (prebuilt wheel),pqcrypto,0.4.0,ML-KEM-1024,keygen,8,201400,29208576,True,
86230baa-0c3e-43a8-8879-a0e633ce9dec,56e5dbbb-b79e-4bbd-82ac-528998b82b14,2026-08-12T16:54:13.074094+00:00,native_windows_x86_64,NATIVE_SOFTWARE,x86_64,"AMD64 Family 23 Model 96 Stepping 1, AuthenticAMD",12,7598,Windows-11-10.0.26200-SP0,N/A (prebuilt Python extension wheel),N/A,N/A (prebuilt wheel),pqcrypto,0.4.0,ML-KEM-1024,encapsulation,8,201200,29208576,True,
86230baa-0c3e-43a8-8879-a0e633ce9dec,56e5dbbb-b79e-4bbd-82ac-528998b82b14,2026-08-12T16:54:13.074391+00:00,native_windows_x86_64,NATIVE_SOFTWARE,x86_64,"AMD64 Family 23 Model 96 Stepping 1, AuthenticAMD",12,7598,Windows-11-10.0.26200-SP0,N/A (prebuilt Python extension wheel),N/A,N/A (prebuilt wheel),pqcrypto,0.4.0,ML-KEM-1024,decapsulation,8,100500,29208576,True,
86230baa-0c3e-43a8-8879-a0e633ce9dec,56e5dbbb-b79e-4bbd-82ac-528998b82b14,2026-08-12T16:54:13.074571+00:00,native_windows_x86_64,NATIVE_SOFTWARE,x86_64,"AMD64 Family 23 Model 96 Stepping 1, AuthenticAMD",12,7598,Windows-11-10.0.26200-SP0,N/A (prebuilt Python extension wheel),N/A,N/A (prebuilt wheel),pqcrypto,0.4.0,ML-KEM-1024,keygen,9,214500,29208576,True,
86230baa-0c3e-43a8-8879-a0e633ce9dec,56e5dbbb-b79e-4bbd-82ac-528998b82b14,2026-08-12T16:54:13.075086+00:00,native_windows_x86_64,NATIVE_SOFTWARE,x86_64,"AMD64 Family 23 Model 96 Stepping 1, AuthenticAMD",12,7598,Windows-11-10.0.26200-SP0,N/A (prebuilt Python extension wheel),N/A,N/A (prebuilt wheel),pqcrypto,0.4.0,ML-KEM-1024,encapsulation,9,199400,29339648,True,
86230baa-0c3e-43a8-8879-a0e633ce9dec,56e5dbbb-b79e-4bbd-82ac-528998b82b14,2026-08-12T16:54:13.075429+00:00,native_windows_x86_64,NATIVE_SOFTWARE,x86_64,"AMD64 Family 23 Model 96 Stepping 1, AuthenticAMD",12,7598,Windows-11-10.0.26200-SP0,N/A (prebuilt Python extension wheel),N/A,N/A (prebuilt wheel),pqcrypto,0.4.0,ML-KEM-1024,decapsulation,9,100800,29339648,True,
86230baa-0c3e-43a8-8879-a0e633ce9dec,56e5dbbb-b79e-4bbd-82ac-528998b82b14,2026-08-12T16:54:13.075609+00:00,native_windows_x86_64,NATIVE_SOFTWARE,x86_64,"AMD64 Family 23 Model 96 Stepping 1, AuthenticAMD",12,7598,Windows-11-10.0.26200-SP0,N/A (prebuilt Python extension wheel),N/A,N/A (prebuilt wheel),pqcrypto,0.4.0,ML-KEM-1024,keygen,10,204800,29343744,True,
86230baa-0c3e-43a8-8879-a0e633ce9dec,56e5dbbb-b79e-4bbd-82ac-528998b82b14,2026-08-12T16:54:13.076116+00:00,native_windows_x86_64,NATIVE_SOFTWARE,x86_64,"AMD64 Family 23 Model 96 Stepping 1, AuthenticAMD",12,7598,Windows-11-10.0.26200-SP0,N/A (prebuilt Python extension wheel),N/A,N/A (prebuilt wheel),pqcrypto,0.4.0,ML-KEM-1024,encapsulation,10,200800,29343744,True,
86230baa-0c3e-43a8-8879-a0e633ce9dec,56e5dbbb-b79e-4bbd-82ac-528998b82b14,2026-08-12T16:54:13.076414+00:00,native_windows_x86_64,NATIVE_SOFTWARE,x86_64,"AMD64 Family 23 Model 96 Stepping 1, AuthenticAMD",12,7598,Windows-11-10.0.26200-SP0,N/A (prebuilt Python extension wheel),N/A,N/A (prebuilt wheel),pqcrypto,0.4.0,ML-KEM-1024,decapsulation,10,101300,29347840,True,
86230baa-0c3e-43a8-8879-a0e633ce9dec,56e5dbbb-b79e-4bbd-82ac-528998b82b14,2026-08-12T16:54:13.076598+00:00,native_windows_x86_64,NATIVE_SOFTWARE,x86_64,"AMD64 Family 23 Model 96 Stepping 1, AuthenticAMD",12,7598,Windows-11-10.0.26200-SP0,N/A (prebuilt Python extension wheel),N/A,N/A (prebuilt wheel),pqcrypto,0.4.0,ML-KEM-1024,keygen,11,208000,29356032,True,
86230baa-0c3e-43a8-8879-a0e633ce9dec,56e5dbbb-b79e-4bbd-82ac-528998b82b14,2026-08-12T16:54:13.077512+00:00,native_windows_x86_64,NATIVE_SOFTWARE,x86_64,"AMD64 Family 23 Model 96 Stepping 1, AuthenticAMD",12,7598,Windows-11-10.0.26200-SP0,N/A (prebuilt Python extension wheel),N/A,N/A (prebuilt wheel),pqcrypto,0.4.0,ML-KEM-1024,encapsulation,11,224200,29356032,True,
86230baa-0c3e-43a8-8879-a0e633ce9dec,56e5dbbb-b79e-4bbd-82ac-528998b82b14,2026-08-12T16:54:13.077834+00:00,native_windows_x86_64,NATIVE_SOFTWARE,x86_64,"AMD64 Family 23 Model 96 Stepping 1, AuthenticAMD",12,7598,Windows-11-10.0.26200-SP0,N/A (prebuilt Python extension wheel),N/A,N/A (prebuilt wheel),pqcrypto,0.4.0,ML-KEM-1024,decapsulation,11,101400,29356032,True,
86230baa-0c3e-43a8-8879-a0e633ce9dec,56e5dbbb-b79e-4bbd-82ac-528998b82b14,2026-08-12T16:54:13.078018+00:00,native_windows_x86_64,NATIVE_SOFTWARE,x86_64,"AMD64 Family 23 Model 96 Stepping 1, AuthenticAMD",12,7598,Windows-11-10.0.26200-SP0,N/A (prebuilt Python extension wheel),N/A,N/A (prebuilt wheel),pqcrypto,0.4.0,ML-KEM-1024,keygen,12,204100,29356032,True,
86230baa-0c3e-43a8-8879-a0e633ce9dec,56e5dbbb-b79e-4bbd-82ac-528998b82b14,2026-08-12T16:54:13.078513+00:00,native_windows_x86_64,NATIVE_SOFTWARE,x86_64,"AMD64 Family 23 Model 96 Stepping 1, AuthenticAMD",12,7598,Windows-11-10.0.26200-SP0,N/A (prebuilt Python extension wheel),N/A,N/A (prebuilt wheel),pqcrypto,0.4.0,ML-KEM-1024,encapsulation,12,212400,29356032,True,
86230baa-0c3e-43a8-8879-a0e633ce9dec,56e5dbbb-b79e-4bbd-82ac-528998b82b14,2026-08-12T16:54:13.078822+00:00,native_windows_x86_64,NATIVE_SOFTWARE,x86_64,"AMD64 Family 23 Model 96 Stepping 1, AuthenticAMD",12,7598,Windows-11-10.0.26200-SP0,N/A (prebuilt Python extension wheel),N/A,N/A (prebuilt wheel),pqcrypto,0.4.0,ML-KEM-1024,decapsulation,12,100700,29356032,True,
86230baa-0c3e-43a8-8879-a0e633ce9dec,56e5dbbb-b79e-4bbd-82ac-528998b82b14,2026-08-12T16:54:13.079004+00:00,native_windows_x86_64,NATIVE_SOFTWARE,x86_64,"AMD64 Family 23 Model 96 Stepping 1, AuthenticAMD",12,7598,Windows-11-10.0.26200-SP0,N/A (prebuilt Python extension wheel),N/A,N/A (prebuilt wheel),pqcrypto,0.4.0,ML-KEM-1024,keygen,13,204300,29356032,True,
86230baa-0c3e-43a8-8879-a0e633ce9dec,56e5dbbb-b79e-4bbd-82ac-528998b82b14,2026-08-12T16:54:13.079498+00:00,native_windows_x86_64,NATIVE_SOFTWARE,x86_64,"AMD64 Family 23 Model 96 Stepping 1, AuthenticAMD",12,7598,Windows-11-10.0.26200-SP0,N/A (prebuilt Python extension wheel),N/A,N/A (prebuilt wheel),pqcrypto,0.4.0,ML-KEM-1024,encapsulation,13,200400,29356032,True,
86230baa-0c3e-43a8-8879-a0e633ce9dec,56e5dbbb-b79e-4bbd-82ac-528998b82b14,2026-08-12T16:54:13.079792+00:00,native_windows_x86_64,NATIVE_SOFTWARE,x86_64,"AMD64 Family 23 Model 96 Stepping 1, AuthenticAMD",12,7598,Windows-11-10.0.26200-SP0,N/A (prebuilt Python extension wheel),N/A,N/A (prebuilt wheel),pqcrypto,0.4.0,ML-KEM-1024,decapsulation,13,100100,29356032,True,
86230baa-0c3e-43a8-8879-a0e633ce9dec,56e5dbbb-b79e-4bbd-82ac-528998b82b14,2026-08-12T16:54:13.079972+00:00,native_windows_x86_64,NATIVE_SOFTWARE,x86_64,"AMD64 Family 23 Model 96 Stepping 1, AuthenticAMD",12,7598,Windows-11-10.0.26200-SP0,N/A (prebuilt Python extension wheel),N/A,N/A (prebuilt wheel),pqcrypto,0.4.0,ML-KEM-1024,keygen,14,203500,29356032,True,
86230baa-0c3e-43a8-8879-a0e633ce9dec,56e5dbbb-b79e-4bbd-82ac-528998b82b14,2026-08-12T16:54:13.080466+00:00,native_windows_x86_64,NATIVE_SOFTWARE,x86_64,"AMD64 Family 23 Model 96 Stepping 1, AuthenticAMD",12,7598,Windows-11-10.0.26200-SP0,N/A (prebuilt Python extension wheel),N/A,N/A (prebuilt wheel),pqcrypto,0.4.0,ML-KEM-1024,encapsulation,14,207100,29356032,True,
86230baa-0c3e-43a8-8879-a0e633ce9dec,56e5dbbb-b79e-4bbd-82ac-528998b82b14,2026-08-12T16:54:13.080768+00:00,native_windows_x86_64,NATIVE_SOFTWARE,x86_64,"AMD64 Family 23 Model 96 Stepping 1, AuthenticAMD",12,7598,Windows-11-10.0.26200-SP0,N/A (prebuilt Python extension wheel),N/A,N/A (prebuilt wheel),pqcrypto,0.4.0,ML-KEM-1024,decapsulation,14,100400,29356032,True,
86230baa-0c3e-43a8-8879-a0e633ce9dec,56e5dbbb-b79e-4bbd-82ac-528998b82b14,2026-08-12T16:54:13.080948+00:00,native_windows_x86_64,NATIVE_SOFTWARE,x86_64,"AMD64 Family 23 Model 96 Stepping 1, AuthenticAMD",12,7598,Windows-11-10.0.26200-SP0,N/A (prebuilt Python extension wheel),N/A,N/A (prebuilt wheel),pqcrypto,0.4.0,ML-KEM-1024,keygen,15,237600,29356032,True,
86230baa-0c3e-43a8-8879-a0e633ce9dec,56e5dbbb-b79e-4bbd-82ac-528998b82b14,2026-08-12T16:54:13.081477+00:00,native_windows_x86_64,NATIVE_SOFTWARE,x86_64,"AMD64 Family 23 Model 96 Stepping 1, AuthenticAMD",12,7598,Windows-11-10.0.26200-SP0,N/A (prebuilt Python extension wheel),N/A,N/A (prebuilt wheel),pqcrypto,0.4.0,ML-KEM-1024,encapsulation,15,212900,29356032,True,
86230baa-0c3e-43a8-8879-a0e633ce9dec,56e5dbbb-b79e-4bbd-82ac-528998b82b14,2026-08-12T16:54:13.081783+00:00,native_windows_x86_64,NATIVE_SOFTWARE,x86_64,"AMD64 Family 23 Model 96 Stepping 1, AuthenticAMD",12,7598,Windows-11-10.0.26200-SP0,N/A (prebuilt Python extension wheel),N/A,N/A (prebuilt wheel),pqcrypto,0.4.0,ML-KEM-1024,decapsulation,15,100200,29356032,True,
86230baa-0c3e-43a8-8879-a0e633ce9dec,56e5dbbb-b79e-4bbd-82ac-528998b82b14,2026-08-12T16:54:13.081968+00:00,native_windows_x86_64,NATIVE_SOFTWARE,x86_64,"AMD64 Family 23 Model 96 Stepping 1, AuthenticAMD",12,7598,Windows-11-10.0.26200-SP0,N/A (prebuilt Python extension wheel),N/A,N/A (prebuilt wheel),pqcrypto,0.4.0,ML-KEM-1024,keygen,16,204400,29356032,True,
86230baa-0c3e-43a8-8879-a0e633ce9dec,56e5dbbb-b79e-4bbd-82ac-528998b82b14,2026-08-12T16:54:13.082467+00:00,native_windows_x86_64,NATIVE_SOFTWARE,x86_64,"AMD64 Family 23 Model 96 Stepping 1, AuthenticAMD",12,7598,Windows-11-10.0.26200-SP0,N/A (prebuilt Python extension wheel),N/A,N/A (prebuilt wheel),pqcrypto,0.4.0,ML-KEM-1024,encapsulation,16,204000,29356032,True,
86230baa-0c3e-43a8-8879-a0e633ce9dec,56e5dbbb-b79e-4bbd-82ac-528998b82b14,2026-08-12T16:54:13.082766+00:00,native_windows_x86_64,NATIVE_SOFTWARE,x86_64,"AMD64 Family 23 Model 96 Stepping 1, AuthenticAMD",12,7598,Windows-11-10.0.26200-SP0,N/A (prebuilt Python extension wheel),N/A,N/A (prebuilt wheel),pqcrypto,0.4.0,ML-KEM-1024,decapsulation,16,100900,29356032,True,
86230baa-0c3e-43a8-8879-a0e633ce9dec,56e5dbbb-b79e-4bbd-82ac-528998b82b14,2026-08-12T16:54:13.082947+00:00,native_windows_x86_64,NATIVE_SOFTWARE,x86_64,"AMD64 Family 23 Model 96 Stepping 1, AuthenticAMD",12,7598,Windows-11-10.0.26200-SP0,N/A (prebuilt Python extension wheel),N/A,N/A (prebuilt wheel),pqcrypto,0.4.0,ML-KEM-1024,keygen,17,203400,29356032,True,
86230baa-0c3e-43a8-8879-a0e633ce9dec,56e5dbbb-b79e-4bbd-82ac-528998b82b14,2026-08-12T16:54:13.083439+00:00,native_windows_x86_64,NATIVE_SOFTWARE,x86_64,"AMD64 Family 23 Model 96 Stepping 1, AuthenticAMD",12,7598,Windows-11-10.0.26200-SP0,N/A (prebuilt Python extension wheel),N/A,N/A (prebuilt wheel),pqcrypto,0.4.0,ML-KEM-1024,encapsulation,17,204400,29356032,True,
86230baa-0c3e-43a8-8879-a0e633ce9dec,56e5dbbb-b79e-4bbd-82ac-528998b82b14,2026-08-12T16:54:13.083738+00:00,native_windows_x86_64,NATIVE_SOFTWARE,x86_64,"AMD64 Family 23 Model 96 Stepping 1, AuthenticAMD",12,7598,Windows-11-10.0.26200-SP0,N/A (prebuilt Python extension wheel),N/A,N/A (prebuilt wheel),pqcrypto,0.4.0,ML-KEM-1024,decapsulation,17,100400,29356032,True,
86230baa-0c3e-43a8-8879-a0e633ce9dec,56e5dbbb-b79e-4bbd-82ac-528998b82b14,2026-08-12T16:54:13.083919+00:00,native_windows_x86_64,NATIVE_SOFTWARE,x86_64,"AMD64 Family 23 Model 96 Stepping 1, AuthenticAMD",12,7598,Windows-11-10.0.26200-SP0,N/A (prebuilt Python extension wheel),N/A,N/A (prebuilt wheel),pqcrypto,0.4.0,ML-KEM-1024,keygen,18,207600,29356032,True,
86230baa-0c3e-43a8-8879-a0e633ce9dec,56e5dbbb-b79e-4bbd-82ac-528998b82b14,2026-08-12T16:54:13.084417+00:00,native_windows_x86_64,NATIVE_SOFTWARE,x86_64,"AMD64 Family 23 Model 96 Stepping 1, AuthenticAMD",12,7598,Windows-11-10.0.26200-SP0,N/A (prebuilt Python extension wheel),N/A,N/A (prebuilt wheel),pqcrypto,0.4.0,ML-KEM-1024,encapsulation,18,213500,29356032,True,
86230baa-0c3e-43a8-8879-a0e633ce9dec,56e5dbbb-b79e-4bbd-82ac-528998b82b14,2026-08-12T16:54:13.084725+00:00,native_windows_x86_64,NATIVE_SOFTWARE,x86_64,"AMD64 Family 23 Model 96 Stepping 1, AuthenticAMD",12,7598,Windows-11-10.0.26200-SP0,N/A (prebuilt Python extension wheel),N/A,N/A (prebuilt wheel),pqcrypto,0.4.0,ML-KEM-1024,decapsulation,18,100800,29356032,True,
86230baa-0c3e-43a8-8879-a0e633ce9dec,56e5dbbb-b79e-4bbd-82ac-528998b82b14,2026-08-12T16:54:13.084906+00:00,native_windows_x86_64,NATIVE_SOFTWARE,x86_64,"AMD64 Family 23 Model 96 Stepping 1, AuthenticAMD",12,7598,Windows-11-10.0.26200-SP0,N/A (prebuilt Python extension wheel),N/A,N/A (prebuilt wheel),pqcrypto,0.4.0,ML-KEM-1024,keygen,19,212400,29356032,True,
86230baa-0c3e-43a8-8879-a0e633ce9dec,56e5dbbb-b79e-4bbd-82ac-528998b82b14,2026-08-12T16:54:13.085520+00:00,native_windows_x86_64,NATIVE_SOFTWARE,x86_64,"AMD64 Family 23 Model 96 Stepping 1, AuthenticAMD",12,7598,Windows-11-10.0.26200-SP0,N/A (prebuilt Python extension wheel),N/A,N/A (prebuilt wheel),pqcrypto,0.4.0,ML-KEM-1024,encapsulation,19,477000,29356032,True,
86230baa-0c3e-43a8-8879-a0e633ce9dec,56e5dbbb-b79e-4bbd-82ac-528998b82b14,2026-08-12T16:54:13.086224+00:00,native_windows_x86_64,NATIVE_SOFTWARE,x86_64,"AMD64 Family 23 Model 96 Stepping 1, AuthenticAMD",12,7598,Windows-11-10.0.26200-SP0,N/A (prebuilt Python extension wheel),N/A,N/A (prebuilt wheel),pqcrypto,0.4.0,ML-KEM-1024,decapsulation,19,104500,29356032,True,
86230baa-0c3e-43a8-8879-a0e633ce9dec,56e5dbbb-b79e-4bbd-82ac-528998b82b14,2026-08-12T16:54:13.086423+00:00,native_windows_x86_64,NATIVE_SOFTWARE,x86_64,"AMD64 Family 23 Model 96 Stepping 1, AuthenticAMD",12,7598,Windows-11-10.0.26200-SP0,N/A (prebuilt Python extension wheel),N/A,N/A (prebuilt wheel),pqcrypto,0.4.0,ML-KEM-1024,keygen,20,224700,29356032,True,
86230baa-0c3e-43a8-8879-a0e633ce9dec,56e5dbbb-b79e-4bbd-82ac-528998b82b14,2026-08-12T16:54:13.086949+00:00,native_windows_x86_64,NATIVE_SOFTWARE,x86_64,"AMD64 Family 23 Model 96 Stepping 1, AuthenticAMD",12,7598,Windows-11-10.0.26200-SP0,N/A (prebuilt Python extension wheel),N/A,N/A (prebuilt wheel),pqcrypto,0.4.0,ML-KEM-1024,encapsulation,20,205600,29356032,True,
86230baa-0c3e-43a8-8879-a0e633ce9dec,56e5dbbb-b79e-4bbd-82ac-528998b82b14,2026-08-12T16:54:13.087252+00:00,native_windows_x86_64,NATIVE_SOFTWARE,x86_64,"AMD64 Family 23 Model 96 Stepping 1, AuthenticAMD",12,7598,Windows-11-10.0.26200-SP0,N/A (prebuilt Python extension wheel),N/A,N/A (prebuilt wheel),pqcrypto,0.4.0,ML-KEM-1024,decapsulation,20,104800,29356032,True,
86230baa-0c3e-43a8-8879-a0e633ce9dec,56e5dbbb-b79e-4bbd-82ac-528998b82b14,2026-08-12T16:54:13.087439+00:00,native_windows_x86_64,NATIVE_SOFTWARE,x86_64,"AMD64 Family 23 Model 96 Stepping 1, AuthenticAMD",12,7598,Windows-11-10.0.26200-SP0,N/A (prebuilt Python extension wheel),N/A,N/A (prebuilt wheel),pqcrypto,0.4.0,ML-KEM-1024,keygen,21,203400,29356032,True,
86230baa-0c3e-43a8-8879-a0e633ce9dec,56e5dbbb-b79e-4bbd-82ac-528998b82b14,2026-08-12T16:54:13.087934+00:00,native_windows_x86_64,NATIVE_SOFTWARE,x86_64,"AMD64 Family 23 Model 96 Stepping 1, AuthenticAMD",12,7598,Windows-11-10.0.26200-SP0,N/A (prebuilt Python extension wheel),N/A,N/A (prebuilt wheel),pqcrypto,0.4.0,ML-KEM-1024,encapsulation,21,203800,29356032,True,
86230baa-0c3e-43a8-8879-a0e633ce9dec,56e5dbbb-b79e-4bbd-82ac-528998b82b14,2026-08-12T16:54:13.088234+00:00,native_windows_x86_64,NATIVE_SOFTWARE,x86_64,"AMD64 Family 23 Model 96 Stepping 1, AuthenticAMD",12,7598,Windows-11-10.0.26200-SP0,N/A (prebuilt Python extension wheel),N/A,N/A (prebuilt wheel),pqcrypto,0.4.0,ML-KEM-1024,decapsulation,21,99200,29356032,True,
86230baa-0c3e-43a8-8879-a0e633ce9dec,56e5dbbb-b79e-4bbd-82ac-528998b82b14,2026-08-12T16:54:13.088416+00:00,native_windows_x86_64,NATIVE_SOFTWARE,x86_64,"AMD64 Family 23 Model 96 Stepping 1, AuthenticAMD",12,7598,Windows-11-10.0.26200-SP0,N/A (prebuilt Python extension wheel),N/A,N/A (prebuilt wheel),pqcrypto,0.4.0,ML-KEM-1024,keygen,22,202300,29356032,True,
86230baa-0c3e-43a8-8879-a0e633ce9dec,56e5dbbb-b79e-4bbd-82ac-528998b82b14,2026-08-12T16:54:13.088907+00:00,native_windows_x86_64,NATIVE_SOFTWARE,x86_64,"AMD64 Family 23 Model 96 Stepping 1, AuthenticAMD",12,7598,Windows-11-10.0.26200-SP0,N/A (prebuilt Python extension wheel),N/A,N/A (prebuilt wheel),pqcrypto,0.4.0,ML-KEM-1024,encapsulation,22,198700,29356032,True,
86230baa-0c3e-43a8-8879-a0e633ce9dec,56e5dbbb-b79e-4bbd-82ac-528998b82b14,2026-08-12T16:54:13.089199+00:00,native_windows_x86_64,NATIVE_SOFTWARE,x86_64,"AMD64 Family 23 Model 96 Stepping 1, AuthenticAMD",12,7598,Windows-11-10.0.26200-SP0,N/A (prebuilt Python extension wheel),N/A,N/A (prebuilt wheel),pqcrypto,0.4.0,ML-KEM-1024,decapsulation,22,99300,29356032,True,
86230baa-0c3e-43a8-8879-a0e633ce9dec,56e5dbbb-b79e-4bbd-82ac-528998b82b14,2026-08-12T16:54:13.089382+00:00,native_windows_x86_64,NATIVE_SOFTWARE,x86_64,"AMD64 Family 23 Model 96 Stepping 1, AuthenticAMD",12,7598,Windows-11-10.0.26200-SP0,N/A (prebuilt Python extension wheel),N/A,N/A (prebuilt wheel),pqcrypto,0.4.0,ML-KEM-1024,keygen,23,204600,29356032,True,
86230baa-0c3e-43a8-8879-a0e633ce9dec,56e5dbbb-b79e-4bbd-82ac-528998b82b14,2026-08-12T16:54:13.089897+00:00,native_windows_x86_64,NATIVE_SOFTWARE,x86_64,"AMD64 Family 23 Model 96 Stepping 1, AuthenticAMD",12,7598,Windows-11-10.0.26200-SP0,N/A (prebuilt Python extension wheel),N/A,N/A (prebuilt wheel),pqcrypto,0.4.0,ML-KEM-1024,encapsulation,23,203900,29356032,True,
86230baa-0c3e-43a8-8879-a0e633ce9dec,56e5dbbb-b79e-4bbd-82ac-528998b82b14,2026-08-12T16:54:13.090195+00:00,native_windows_x86_64,NATIVE_SOFTWARE,x86_64,"AMD64 Family 23 Model 96 Stepping 1, AuthenticAMD",12,7598,Windows-11-10.0.26200-SP0,N/A (prebuilt Python extension wheel),N/A,N/A (prebuilt wheel),pqcrypto,0.4.0,ML-KEM-1024,decapsulation,23,99500,29360128,True,
86230baa-0c3e-43a8-8879-a0e633ce9dec,56e5dbbb-b79e-4bbd-82ac-528998b82b14,2026-08-12T16:54:13.090387+00:00,native_windows_x86_64,NATIVE_SOFTWARE,x86_64,"AMD64 Family 23 Model 96 Stepping 1, AuthenticAMD",12,7598,Windows-11-10.0.26200-SP0,N/A (prebuilt Python extension wheel),N/A,N/A (prebuilt wheel),pqcrypto,0.4.0,ML-KEM-1024,keygen,24,203200,29360128,True,
86230baa-0c3e-43a8-8879-a0e633ce9dec,56e5dbbb-b79e-4bbd-82ac-528998b82b14,2026-08-12T16:54:13.091274+00:00,native_windows_x86_64,NATIVE_SOFTWARE,x86_64,"AMD64 Family 23 Model 96 Stepping 1, AuthenticAMD",12,7598,Windows-11-10.0.26200-SP0,N/A (prebuilt Python extension wheel),N/A,N/A (prebuilt wheel),pqcrypto,0.4.0,ML-KEM-1024,encapsulation,24,204100,29360128,True,
86230baa-0c3e-43a8-8879-a0e633ce9dec,56e5dbbb-b79e-4bbd-82ac-528998b82b14,2026-08-12T16:54:13.091578+00:00,native_windows_x86_64,NATIVE_SOFTWARE,x86_64,"AMD64 Family 23 Model 96 Stepping 1, AuthenticAMD",12,7598,Windows-11-10.0.26200-SP0,N/A (prebuilt Python extension wheel),N/A,N/A (prebuilt wheel),pqcrypto,0.4.0,ML-KEM-1024,decapsulation,24,100600,29360128,True,
86230baa-0c3e-43a8-8879-a0e633ce9dec,56e5dbbb-b79e-4bbd-82ac-528998b82b14,2026-08-12T16:54:13.091758+00:00,native_windows_x86_64,NATIVE_SOFTWARE,x86_64,"AMD64 Family 23 Model 96 Stepping 1, AuthenticAMD",12,7598,Windows-11-10.0.26200-SP0,N/A (prebuilt Python extension wheel),N/A,N/A (prebuilt wheel),pqcrypto,0.4.0,ML-KEM-1024,keygen,25,203100,29360128,True,
86230baa-0c3e-43a8-8879-a0e633ce9dec,56e5dbbb-b79e-4bbd-82ac-528998b82b14,2026-08-12T16:54:13.092262+00:00,native_windows_x86_64,NATIVE_SOFTWARE,x86_64,"AMD64 Family 23 Model 96 Stepping 1, AuthenticAMD",12,7598,Windows-11-10.0.26200-SP0,N/A (prebuilt Python extension wheel),N/A,N/A (prebuilt wheel),pqcrypto,0.4.0,ML-KEM-1024,encapsulation,25,205800,29360128,True,
86230baa-0c3e-43a8-8879-a0e633ce9dec,56e5dbbb-b79e-4bbd-82ac-528998b82b14,2026-08-12T16:54:13.092562+00:00,native_windows_x86_64,NATIVE_SOFTWARE,x86_64,"AMD64 Family 23 Model 96 Stepping 1, AuthenticAMD",12,7598,Windows-11-10.0.26200-SP0,N/A (prebuilt Python extension wheel),N/A,N/A (prebuilt wheel),pqcrypto,0.4.0,ML-KEM-1024,decapsulation,25,100000,29360128,True,
86230baa-0c3e-43a8-8879-a0e633ce9dec,56e5dbbb-b79e-4bbd-82ac-528998b82b14,2026-08-12T16:54:13.092745+00:00,native_windows_x86_64,NATIVE_SOFTWARE,x86_64,"AMD64 Family 23 Model 96 Stepping 1, AuthenticAMD",12,7598,Windows-11-10.0.26200-SP0,N/A (prebuilt Python extension wheel),N/A,N/A (prebuilt wheel),pqcrypto,0.4.0,ML-KEM-1024,keygen,26,205400,29360128,True,
86230baa-0c3e-43a8-8879-a0e633ce9dec,56e5dbbb-b79e-4bbd-82ac-528998b82b14,2026-08-12T16:54:13.093242+00:00,native_windows_x86_64,NATIVE_SOFTWARE,x86_64,"AMD64 Family 23 Model 96 Stepping 1, AuthenticAMD",12,7598,Windows-11-10.0.26200-SP0,N/A (prebuilt Python extension wheel),N/A,N/A (prebuilt wheel),pqcrypto,0.4.0,ML-KEM-1024,encapsulation,26,205000,29360128,True,
86230baa-0c3e-43a8-8879-a0e633ce9dec,56e5dbbb-b79e-4bbd-82ac-528998b82b14,2026-08-12T16:54:13.093541+00:00,native_windows_x86_64,NATIVE_SOFTWARE,x86_64,"AMD64 Family 23 Model 96 Stepping 1, AuthenticAMD",12,7598,Windows-11-10.0.26200-SP0,N/A (prebuilt Python extension wheel),N/A,N/A (prebuilt wheel),pqcrypto,0.4.0,ML-KEM-1024,decapsulation,26,99800,29360128,True,
86230baa-0c3e-43a8-8879-a0e633ce9dec,56e5dbbb-b79e-4bbd-82ac-528998b82b14,2026-08-12T16:54:13.093724+00:00,native_windows_x86_64,NATIVE_SOFTWARE,x86_64,"AMD64 Family 23 Model 96 Stepping 1, AuthenticAMD",12,7598,Windows-11-10.0.26200-SP0,N/A (prebuilt Python extension wheel),N/A,N/A (prebuilt wheel),pqcrypto,0.4.0,ML-KEM-1024,keygen,27,203500,29360128,True,
86230baa-0c3e-43a8-8879-a0e633ce9dec,56e5dbbb-b79e-4bbd-82ac-528998b82b14,2026-08-12T16:54:13.094218+00:00,native_windows_x86_64,NATIVE_SOFTWARE,x86_64,"AMD64 Family 23 Model 96 Stepping 1, AuthenticAMD",12,7598,Windows-11-10.0.26200-SP0,N/A (prebuilt Python extension wheel),N/A,N/A (prebuilt wheel),pqcrypto,0.4.0,ML-KEM-1024,encapsulation,27,199400,29360128,True,
86230baa-0c3e-43a8-8879-a0e633ce9dec,56e5dbbb-b79e-4bbd-82ac-528998b82b14,2026-08-12T16:54:13.094511+00:00,native_windows_x86_64,NATIVE_SOFTWARE,x86_64,"AMD64 Family 23 Model 96 Stepping 1, AuthenticAMD",12,7598,Windows-11-10.0.26200-SP0,N/A (prebuilt Python extension wheel),N/A,N/A (prebuilt wheel),pqcrypto,0.4.0,ML-KEM-1024,decapsulation,27,99300,29360128,True,
86230baa-0c3e-43a8-8879-a0e633ce9dec,56e5dbbb-b79e-4bbd-82ac-528998b82b14,2026-08-12T16:54:13.094688+00:00,native_windows_x86_64,NATIVE_SOFTWARE,x86_64,"AMD64 Family 23 Model 96 Stepping 1, AuthenticAMD",12,7598,Windows-11-10.0.26200-SP0,N/A (prebuilt Python extension wheel),N/A,N/A (prebuilt wheel),pqcrypto,0.4.0,ML-KEM-1024,keygen,28,203500,29360128,True,
86230baa-0c3e-43a8-8879-a0e633ce9dec,56e5dbbb-b79e-4bbd-82ac-528998b82b14,2026-08-12T16:54:13.095196+00:00,native_windows_x86_64,NATIVE_SOFTWARE,x86_64,"AMD64 Family 23 Model 96 Stepping 1, AuthenticAMD",12,7598,Windows-11-10.0.26200-SP0,N/A (prebuilt Python extension wheel),N/A,N/A (prebuilt wheel),pqcrypto,0.4.0,ML-KEM-1024,encapsulation,28,203300,29360128,True,
86230baa-0c3e-43a8-8879-a0e633ce9dec,56e5dbbb-b79e-4bbd-82ac-528998b82b14,2026-08-12T16:54:13.095493+00:00,native_windows_x86_64,NATIVE_SOFTWARE,x86_64,"AMD64 Family 23 Model 96 Stepping 1, AuthenticAMD",12,7598,Windows-11-10.0.26200-SP0,N/A (prebuilt Python extension wheel),N/A,N/A (prebuilt wheel),pqcrypto,0.4.0,ML-KEM-1024,decapsulation,28,99400,29360128,True,
86230baa-0c3e-43a8-8879-a0e633ce9dec,56e5dbbb-b79e-4bbd-82ac-528998b82b14,2026-08-12T16:54:13.095671+00:00,native_windows_x86_64,NATIVE_SOFTWARE,x86_64,"AMD64 Family 23 Model 96 Stepping 1, AuthenticAMD",12,7598,Windows-11-10.0.26200-SP0,N/A (prebuilt Python extension wheel),N/A,N/A (prebuilt wheel),pqcrypto,0.4.0,ML-KEM-1024,keygen,29,200900,29360128,True,
86230baa-0c3e-43a8-8879-a0e633ce9dec,56e5dbbb-b79e-4bbd-82ac-528998b82b14,2026-08-12T16:54:13.096163+00:00,native_windows_x86_64,NATIVE_SOFTWARE,x86_64,"AMD64 Family 23 Model 96 Stepping 1, AuthenticAMD",12,7598,Windows-11-10.0.26200-SP0,N/A (prebuilt Python extension wheel),N/A,N/A (prebuilt wheel),pqcrypto,0.4.0,ML-KEM-1024,encapsulation,29,198300,29360128,True,
86230baa-0c3e-43a8-8879-a0e633ce9dec,56e5dbbb-b79e-4bbd-82ac-528998b82b14,2026-08-12T16:54:13.096454+00:00,native_windows_x86_64,NATIVE_SOFTWARE,x86_64,"AMD64 Family 23 Model 96 Stepping 1, AuthenticAMD",12,7598,Windows-11-10.0.26200-SP0,N/A (prebuilt Python extension wheel),N/A,N/A (prebuilt wheel),pqcrypto,0.4.0,ML-KEM-1024,decapsulation,29,99500,29360128,True,
86230baa-0c3e-43a8-8879-a0e633ce9dec,56e5dbbb-b79e-4bbd-82ac-528998b82b14,2026-08-12T16:54:13.096632+00:00,native_windows_x86_64,NATIVE_SOFTWARE,x86_64,"AMD64 Family 23 Model 96 Stepping 1, AuthenticAMD",12,7598,Windows-11-10.0.26200-SP0,N/A (prebuilt Python extension wheel),N/A,N/A (prebuilt wheel),pqcrypto,0.4.0,ML-KEM-1024,keygen,30,233000,29360128,True,
86230baa-0c3e-43a8-8879-a0e633ce9dec,56e5dbbb-b79e-4bbd-82ac-528998b82b14,2026-08-12T16:54:13.097155+00:00,native_windows_x86_64,NATIVE_SOFTWARE,x86_64,"AMD64 Family 23 Model 96 Stepping 1, AuthenticAMD",12,7598,Windows-11-10.0.26200-SP0,N/A (prebuilt Python extension wheel),N/A,N/A (prebuilt wheel),pqcrypto,0.4.0,ML-KEM-1024,encapsulation,30,204700,29360128,True,
86230baa-0c3e-43a8-8879-a0e633ce9dec,56e5dbbb-b79e-4bbd-82ac-528998b82b14,2026-08-12T16:54:13.097454+00:00,native_windows_x86_64,NATIVE_SOFTWARE,x86_64,"AMD64 Family 23 Model 96 Stepping 1, AuthenticAMD",12,7598,Windows-11-10.0.26200-SP0,N/A (prebuilt Python extension wheel),N/A,N/A (prebuilt wheel),pqcrypto,0.4.0,ML-KEM-1024,decapsulation,30,99200,29360128,True,
86230baa-0c3e-43a8-8879-a0e633ce9dec,56e5dbbb-b79e-4bbd-82ac-528998b82b14,2026-08-12T16:54:13.097633+00:00,native_windows_x86_64,NATIVE_SOFTWARE,x86_64,"AMD64 Family 23 Model 96 Stepping 1, AuthenticAMD",12,7598,Windows-11-10.0.26200-SP0,N/A (prebuilt Python extension wheel),N/A,N/A (prebuilt wheel),pqcrypto,0.4.0,ML-KEM-1024,keygen,31,201200,29360128,True,
86230baa-0c3e-43a8-8879-a0e633ce9dec,56e5dbbb-b79e-4bbd-82ac-528998b82b14,2026-08-12T16:54:13.098129+00:00,native_windows_x86_64,NATIVE_SOFTWARE,x86_64,"AMD64 Family 23 Model 96 Stepping 1, AuthenticAMD",12,7598,Windows-11-10.0.26200-SP0,N/A (prebuilt Python extension wheel),N/A,N/A (prebuilt wheel),pqcrypto,0.4.0,ML-KEM-1024,encapsulation,31,198100,29360128,True,
86230baa-0c3e-43a8-8879-a0e633ce9dec,56e5dbbb-b79e-4bbd-82ac-528998b82b14,2026-08-12T16:54:13.098423+00:00,native_windows_x86_64,NATIVE_SOFTWARE,x86_64,"AMD64 Family 23 Model 96 Stepping 1, AuthenticAMD",12,7598,Windows-11-10.0.26200-SP0,N/A (prebuilt Python extension wheel),N/A,N/A (prebuilt wheel),pqcrypto,0.4.0,ML-KEM-1024,decapsulation,31,99600,29360128,True,
86230baa-0c3e-43a8-8879-a0e633ce9dec,56e5dbbb-b79e-4bbd-82ac-528998b82b14,2026-08-12T16:54:13.098602+00:00,native_windows_x86_64,NATIVE_SOFTWARE,x86_64,"AMD64 Family 23 Model 96 Stepping 1, AuthenticAMD",12,7598,Windows-11-10.0.26200-SP0,N/A (prebuilt Python extension wheel),N/A,N/A (prebuilt wheel),pqcrypto,0.4.0,ML-KEM-1024,keygen,32,201700,29360128,True,
86230baa-0c3e-43a8-8879-a0e633ce9dec,56e5dbbb-b79e-4bbd-82ac-528998b82b14,2026-08-12T16:54:13.099091+00:00,native_windows_x86_64,NATIVE_SOFTWARE,x86_64,"AMD64 Family 23 Model 96 Stepping 1, AuthenticAMD",12,7598,Windows-11-10.0.26200-SP0,N/A (prebuilt Python extension wheel),N/A,N/A (prebuilt wheel),pqcrypto,0.4.0,ML-KEM-1024,encapsulation,32,199700,29360128,True,
86230baa-0c3e-43a8-8879-a0e633ce9dec,56e5dbbb-b79e-4bbd-82ac-528998b82b14,2026-08-12T16:54:13.099397+00:00,native_windows_x86_64,NATIVE_SOFTWARE,x86_64,"AMD64 Family 23 Model 96 Stepping 1, AuthenticAMD",12,7598,Windows-11-10.0.26200-SP0,N/A (prebuilt Python extension wheel),N/A,N/A (prebuilt wheel),pqcrypto,0.4.0,ML-KEM-1024,decapsulation,32,99800,29360128,True,
86230baa-0c3e-43a8-8879-a0e633ce9dec,56e5dbbb-b79e-4bbd-82ac-528998b82b14,2026-08-12T16:54:13.099577+00:00,native_windows_x86_64,NATIVE_SOFTWARE,x86_64,"AMD64 Family 23 Model 96 Stepping 1, AuthenticAMD",12,7598,Windows-11-10.0.26200-SP0,N/A (prebuilt Python extension wheel),N/A,N/A (prebuilt wheel),pqcrypto,0.4.0,ML-KEM-1024,keygen,33,203500,29360128,True,
86230baa-0c3e-43a8-8879-a0e633ce9dec,56e5dbbb-b79e-4bbd-82ac-528998b82b14,2026-08-12T16:54:13.100083+00:00,native_windows_x86_64,NATIVE_SOFTWARE,x86_64,"AMD64 Family 23 Model 96 Stepping 1, AuthenticAMD",12,7598,Windows-11-10.0.26200-SP0,N/A (prebuilt Python extension wheel),N/A,N/A (prebuilt wheel),pqcrypto,0.4.0,ML-KEM-1024,encapsulation,33,202700,29360128,True,
86230baa-0c3e-43a8-8879-a0e633ce9dec,56e5dbbb-b79e-4bbd-82ac-528998b82b14,2026-08-12T16:54:13.100380+00:00,native_windows_x86_64,NATIVE_SOFTWARE,x86_64,"AMD64 Family 23 Model 96 Stepping 1, AuthenticAMD",12,7598,Windows-11-10.0.26200-SP0,N/A (prebuilt Python extension wheel),N/A,N/A (prebuilt wheel),pqcrypto,0.4.0,ML-KEM-1024,decapsulation,33,113900,29360128,True,
86230baa-0c3e-43a8-8879-a0e633ce9dec,56e5dbbb-b79e-4bbd-82ac-528998b82b14,2026-08-12T16:54:13.100599+00:00,native_windows_x86_64,NATIVE_SOFTWARE,x86_64,"AMD64 Family 23 Model 96 Stepping 1, AuthenticAMD",12,7598,Windows-11-10.0.26200-SP0,N/A (prebuilt Python extension wheel),N/A,N/A (prebuilt wheel),pqcrypto,0.4.0,ML-KEM-1024,keygen,34,240100,29360128,True,
86230baa-0c3e-43a8-8879-a0e633ce9dec,56e5dbbb-b79e-4bbd-82ac-528998b82b14,2026-08-12T16:54:13.101174+00:00,native_windows_x86_64,NATIVE_SOFTWARE,x86_64,"AMD64 Family 23 Model 96 Stepping 1, AuthenticAMD",12,7598,Windows-11-10.0.26200-SP0,N/A (prebuilt Python extension wheel),N/A,N/A (prebuilt wheel),pqcrypto,0.4.0,ML-KEM-1024,encapsulation,34,236700,29360128,True,
86230baa-0c3e-43a8-8879-a0e633ce9dec,56e5dbbb-b79e-4bbd-82ac-528998b82b14,2026-08-12T16:54:13.101519+00:00,native_windows_x86_64,NATIVE_SOFTWARE,x86_64,"AMD64 Family 23 Model 96 Stepping 1, AuthenticAMD",12,7598,Windows-11-10.0.26200-SP0,N/A (prebuilt Python extension wheel),N/A,N/A (prebuilt wheel),pqcrypto,0.4.0,ML-KEM-1024,decapsulation,34,101400,29364224,True,
86230baa-0c3e-43a8-8879-a0e633ce9dec,56e5dbbb-b79e-4bbd-82ac-528998b82b14,2026-08-12T16:54:13.101714+00:00,native_windows_x86_64,NATIVE_SOFTWARE,x86_64,"AMD64 Family 23 Model 96 Stepping 1, AuthenticAMD",12,7598,Windows-11-10.0.26200-SP0,N/A (prebuilt Python extension wheel),N/A,N/A (prebuilt wheel),pqcrypto,0.4.0,ML-KEM-1024,keygen,35,222400,29364224,True,
86230baa-0c3e-43a8-8879-a0e633ce9dec,56e5dbbb-b79e-4bbd-82ac-528998b82b14,2026-08-12T16:54:13.102249+00:00,native_windows_x86_64,NATIVE_SOFTWARE,x86_64,"AMD64 Family 23 Model 96 Stepping 1, AuthenticAMD",12,7598,Windows-11-10.0.26200-SP0,N/A (prebuilt Python extension wheel),N/A,N/A (prebuilt wheel),pqcrypto,0.4.0,ML-KEM-1024,encapsulation,35,210700,29364224,True,
86230baa-0c3e-43a8-8879-a0e633ce9dec,56e5dbbb-b79e-4bbd-82ac-528998b82b14,2026-08-12T16:54:13.102567+00:00,native_windows_x86_64,NATIVE_SOFTWARE,x86_64,"AMD64 Family 23 Model 96 Stepping 1, AuthenticAMD",12,7598,Windows-11-10.0.26200-SP0,N/A (prebuilt Python extension wheel),N/A,N/A (prebuilt wheel),pqcrypto,0.4.0,ML-KEM-1024,decapsulation,35,100300,29368320,True,
86230baa-0c3e-43a8-8879-a0e633ce9dec,56e5dbbb-b79e-4bbd-82ac-528998b82b14,2026-08-12T16:54:13.102758+00:00,native_windows_x86_64,NATIVE_SOFTWARE,x86_64,"AMD64 Family 23 Model 96 Stepping 1, AuthenticAMD",12,7598,Windows-11-10.0.26200-SP0,N/A (prebuilt Python extension wheel),N/A,N/A (prebuilt wheel),pqcrypto,0.4.0,ML-KEM-1024,keygen,36,248700,29368320,True,
86230baa-0c3e-43a8-8879-a0e633ce9dec,56e5dbbb-b79e-4bbd-82ac-528998b82b14,2026-08-12T16:54:13.103354+00:00,native_windows_x86_64,NATIVE_SOFTWARE,x86_64,"AMD64 Family 23 Model 96 Stepping 1, AuthenticAMD",12,7598,Windows-11-10.0.26200-SP0,N/A (prebuilt Python extension wheel),N/A,N/A (prebuilt wheel),pqcrypto,0.4.0,ML-KEM-1024,encapsulation,36,204300,29368320,True,
86230baa-0c3e-43a8-8879-a0e633ce9dec,56e5dbbb-b79e-4bbd-82ac-528998b82b14,2026-08-12T16:54:13.103663+00:00,native_windows_x86_64,NATIVE_SOFTWARE,x86_64,"AMD64 Family 23 Model 96 Stepping 1, AuthenticAMD",12,7598,Windows-11-10.0.26200-SP0,N/A (prebuilt Python extension wheel),N/A,N/A (prebuilt wheel),pqcrypto,0.4.0,ML-KEM-1024,decapsulation,36,100500,29372416,True,
86230baa-0c3e-43a8-8879-a0e633ce9dec,56e5dbbb-b79e-4bbd-82ac-528998b82b14,2026-08-12T16:54:13.103855+00:00,native_windows_x86_64,NATIVE_SOFTWARE,x86_64,"AMD64 Family 23 Model 96 Stepping 1, AuthenticAMD",12,7598,Windows-11-10.0.26200-SP0,N/A (prebuilt Python extension wheel),N/A,N/A (prebuilt wheel),pqcrypto,0.4.0,ML-KEM-1024,keygen,37,212500,29376512,True,
86230baa-0c3e-43a8-8879-a0e633ce9dec,56e5dbbb-b79e-4bbd-82ac-528998b82b14,2026-08-12T16:54:13.104839+00:00,native_windows_x86_64,NATIVE_SOFTWARE,x86_64,"AMD64 Family 23 Model 96 Stepping 1, AuthenticAMD",12,7598,Windows-11-10.0.26200-SP0,N/A (prebuilt Python extension wheel),N/A,N/A (prebuilt wheel),pqcrypto,0.4.0,ML-KEM-1024,encapsulation,37,205900,29376512,True,
86230baa-0c3e-43a8-8879-a0e633ce9dec,56e5dbbb-b79e-4bbd-82ac-528998b82b14,2026-08-12T16:54:13.105148+00:00,native_windows_x86_64,NATIVE_SOFTWARE,x86_64,"AMD64 Family 23 Model 96 Stepping 1, AuthenticAMD",12,7598,Windows-11-10.0.26200-SP0,N/A (prebuilt Python extension wheel),N/A,N/A (prebuilt wheel),pqcrypto,0.4.0,ML-KEM-1024,decapsulation,37,100200,29376512,True,
86230baa-0c3e-43a8-8879-a0e633ce9dec,56e5dbbb-b79e-4bbd-82ac-528998b82b14,2026-08-12T16:54:13.105329+00:00,native_windows_x86_64,NATIVE_SOFTWARE,x86_64,"AMD64 Family 23 Model 96 Stepping 1, AuthenticAMD",12,7598,Windows-11-10.0.26200-SP0,N/A (prebuilt Python extension wheel),N/A,N/A (prebuilt wheel),pqcrypto,0.4.0,ML-KEM-1024,keygen,38,220400,29376512,True,
86230baa-0c3e-43a8-8879-a0e633ce9dec,56e5dbbb-b79e-4bbd-82ac-528998b82b14,2026-08-12T16:54:13.105847+00:00,native_windows_x86_64,NATIVE_SOFTWARE,x86_64,"AMD64 Family 23 Model 96 Stepping 1, AuthenticAMD",12,7598,Windows-11-10.0.26200-SP0,N/A (prebuilt Python extension wheel),N/A,N/A (prebuilt wheel),pqcrypto,0.4.0,ML-KEM-1024,encapsulation,38,201800,29376512,True,
86230baa-0c3e-43a8-8879-a0e633ce9dec,56e5dbbb-b79e-4bbd-82ac-528998b82b14,2026-08-12T16:54:13.106143+00:00,native_windows_x86_64,NATIVE_SOFTWARE,x86_64,"AMD64 Family 23 Model 96 Stepping 1, AuthenticAMD",12,7598,Windows-11-10.0.26200-SP0,N/A (prebuilt Python extension wheel),N/A,N/A (prebuilt wheel),pqcrypto,0.4.0,ML-KEM-1024,decapsulation,38,99500,29376512,True,
86230baa-0c3e-43a8-8879-a0e633ce9dec,56e5dbbb-b79e-4bbd-82ac-528998b82b14,2026-08-12T16:54:13.106321+00:00,native_windows_x86_64,NATIVE_SOFTWARE,x86_64,"AMD64 Family 23 Model 96 Stepping 1, AuthenticAMD",12,7598,Windows-11-10.0.26200-SP0,N/A (prebuilt Python extension wheel),N/A,N/A (prebuilt wheel),pqcrypto,0.4.0,ML-KEM-1024,keygen,39,203100,29376512,True,
86230baa-0c3e-43a8-8879-a0e633ce9dec,56e5dbbb-b79e-4bbd-82ac-528998b82b14,2026-08-12T16:54:13.106818+00:00,native_windows_x86_64,NATIVE_SOFTWARE,x86_64,"AMD64 Family 23 Model 96 Stepping 1, AuthenticAMD",12,7598,Windows-11-10.0.26200-SP0,N/A (prebuilt Python extension wheel),N/A,N/A (prebuilt wheel),pqcrypto,0.4.0,ML-KEM-1024,encapsulation,39,198600,29376512,True,
86230baa-0c3e-43a8-8879-a0e633ce9dec,56e5dbbb-b79e-4bbd-82ac-528998b82b14,2026-08-12T16:54:13.107110+00:00,native_windows_x86_64,NATIVE_SOFTWARE,x86_64,"AMD64 Family 23 Model 96 Stepping 1, AuthenticAMD",12,7598,Windows-11-10.0.26200-SP0,N/A (prebuilt Python extension wheel),N/A,N/A (prebuilt wheel),pqcrypto,0.4.0,ML-KEM-1024,decapsulation,39,99400,29376512,True,
86230baa-0c3e-43a8-8879-a0e633ce9dec,56e5dbbb-b79e-4bbd-82ac-528998b82b14,2026-08-12T16:54:13.107288+00:00,native_windows_x86_64,NATIVE_SOFTWARE,x86_64,"AMD64 Family 23 Model 96 Stepping 1, AuthenticAMD",12,7598,Windows-11-10.0.26200-SP0,N/A (prebuilt Python extension wheel),N/A,N/A (prebuilt wheel),pqcrypto,0.4.0,ML-KEM-1024,keygen,40,212900,29376512,True,
86230baa-0c3e-43a8-8879-a0e633ce9dec,56e5dbbb-b79e-4bbd-82ac-528998b82b14,2026-08-12T16:54:13.107796+00:00,native_windows_x86_64,NATIVE_SOFTWARE,x86_64,"AMD64 Family 23 Model 96 Stepping 1, AuthenticAMD",12,7598,Windows-11-10.0.26200-SP0,N/A (prebuilt Python extension wheel),N/A,N/A (prebuilt wheel),pqcrypto,0.4.0,ML-KEM-1024,encapsulation,40,211300,29376512,True,
86230baa-0c3e-43a8-8879-a0e633ce9dec,56e5dbbb-b79e-4bbd-82ac-528998b82b14,2026-08-12T16:54:13.108111+00:00,native_windows_x86_64,NATIVE_SOFTWARE,x86_64,"AMD64 Family 23 Model 96 Stepping 1, AuthenticAMD",12,7598,Windows-11-10.0.26200-SP0,N/A (prebuilt Python extension wheel),N/A,N/A (prebuilt wheel),pqcrypto,0.4.0,ML-KEM-1024,decapsulation,40,100000,29376512,True,
86230baa-0c3e-43a8-8879-a0e633ce9dec,56e5dbbb-b79e-4bbd-82ac-528998b82b14,2026-08-12T16:54:13.108291+00:00,native_windows_x86_64,NATIVE_SOFTWARE,x86_64,"AMD64 Family 23 Model 96 Stepping 1, AuthenticAMD",12,7598,Windows-11-10.0.26200-SP0,N/A (prebuilt Python extension wheel),N/A,N/A (prebuilt wheel),pqcrypto,0.4.0,ML-KEM-1024,keygen,41,203000,29376512,True,
86230baa-0c3e-43a8-8879-a0e633ce9dec,56e5dbbb-b79e-4bbd-82ac-528998b82b14,2026-08-12T16:54:13.108786+00:00,native_windows_x86_64,NATIVE_SOFTWARE,x86_64,"AMD64 Family 23 Model 96 Stepping 1, AuthenticAMD",12,7598,Windows-11-10.0.26200-SP0,N/A (prebuilt Python extension wheel),N/A,N/A (prebuilt wheel),pqcrypto,0.4.0,ML-KEM-1024,encapsulation,41,200600,29376512,True,
86230baa-0c3e-43a8-8879-a0e633ce9dec,56e5dbbb-b79e-4bbd-82ac-528998b82b14,2026-08-12T16:54:13.109083+00:00,native_windows_x86_64,NATIVE_SOFTWARE,x86_64,"AMD64 Family 23 Model 96 Stepping 1, AuthenticAMD",12,7598,Windows-11-10.0.26200-SP0,N/A (prebuilt Python extension wheel),N/A,N/A (prebuilt wheel),pqcrypto,0.4.0,ML-KEM-1024,decapsulation,41,100200,29376512,True,
86230baa-0c3e-43a8-8879-a0e633ce9dec,56e5dbbb-b79e-4bbd-82ac-528998b82b14,2026-08-12T16:54:13.109264+00:00,native_windows_x86_64,NATIVE_SOFTWARE,x86_64,"AMD64 Family 23 Model 96 Stepping 1, AuthenticAMD",12,7598,Windows-11-10.0.26200-SP0,N/A (prebuilt Python extension wheel),N/A,N/A (prebuilt wheel),pqcrypto,0.4.0,ML-KEM-1024,keygen,42,205500,29376512,True,
86230baa-0c3e-43a8-8879-a0e633ce9dec,56e5dbbb-b79e-4bbd-82ac-528998b82b14,2026-08-12T16:54:13.109759+00:00,native_windows_x86_64,NATIVE_SOFTWARE,x86_64,"AMD64 Family 23 Model 96 Stepping 1, AuthenticAMD",12,7598,Windows-11-10.0.26200-SP0,N/A (prebuilt Python extension wheel),N/A,N/A (prebuilt wheel),pqcrypto,0.4.0,ML-KEM-1024,encapsulation,42,203200,29376512,True,
86230baa-0c3e-43a8-8879-a0e633ce9dec,56e5dbbb-b79e-4bbd-82ac-528998b82b14,2026-08-12T16:54:13.110057+00:00,native_windows_x86_64,NATIVE_SOFTWARE,x86_64,"AMD64 Family 23 Model 96 Stepping 1, AuthenticAMD",12,7598,Windows-11-10.0.26200-SP0,N/A (prebuilt Python extension wheel),N/A,N/A (prebuilt wheel),pqcrypto,0.4.0,ML-KEM-1024,decapsulation,42,99800,29376512,True,
86230baa-0c3e-43a8-8879-a0e633ce9dec,56e5dbbb-b79e-4bbd-82ac-528998b82b14,2026-08-12T16:54:13.110237+00:00,native_windows_x86_64,NATIVE_SOFTWARE,x86_64,"AMD64 Family 23 Model 96 Stepping 1, AuthenticAMD",12,7598,Windows-11-10.0.26200-SP0,N/A (prebuilt Python extension wheel),N/A,N/A (prebuilt wheel),pqcrypto,0.4.0,ML-KEM-1024,keygen,43,214400,29376512,True,
86230baa-0c3e-43a8-8879-a0e633ce9dec,56e5dbbb-b79e-4bbd-82ac-528998b82b14,2026-08-12T16:54:13.110740+00:00,native_windows_x86_64,NATIVE_SOFTWARE,x86_64,"AMD64 Family 23 Model 96 Stepping 1, AuthenticAMD",12,7598,Windows-11-10.0.26200-SP0,N/A (prebuilt Python extension wheel),N/A,N/A (prebuilt wheel),pqcrypto,0.4.0,ML-KEM-1024,encapsulation,43,198300,29376512,True,
86230baa-0c3e-43a8-8879-a0e633ce9dec,56e5dbbb-b79e-4bbd-82ac-528998b82b14,2026-08-12T16:54:13.111033+00:00,native_windows_x86_64,NATIVE_SOFTWARE,x86_64,"AMD64 Family 23 Model 96 Stepping 1, AuthenticAMD",12,7598,Windows-11-10.0.26200-SP0,N/A (prebuilt Python extension wheel),N/A,N/A (prebuilt wheel),pqcrypto,0.4.0,ML-KEM-1024,decapsulation,43,99500,29376512,True,
86230baa-0c3e-43a8-8879-a0e633ce9dec,56e5dbbb-b79e-4bbd-82ac-528998b82b14,2026-08-12T16:54:13.111222+00:00,native_windows_x86_64,NATIVE_SOFTWARE,x86_64,"AMD64 Family 23 Model 96 Stepping 1, AuthenticAMD",12,7598,Windows-11-10.0.26200-SP0,N/A (prebuilt Python extension wheel),N/A,N/A (prebuilt wheel),pqcrypto,0.4.0,ML-KEM-1024,keygen,44,206200,29376512,True,
86230baa-0c3e-43a8-8879-a0e633ce9dec,56e5dbbb-b79e-4bbd-82ac-528998b82b14,2026-08-12T16:54:13.111719+00:00,native_windows_x86_64,NATIVE_SOFTWARE,x86_64,"AMD64 Family 23 Model 96 Stepping 1, AuthenticAMD",12,7598,Windows-11-10.0.26200-SP0,N/A (prebuilt Python extension wheel),N/A,N/A (prebuilt wheel),pqcrypto,0.4.0,ML-KEM-1024,encapsulation,44,198700,29376512,True,
86230baa-0c3e-43a8-8879-a0e633ce9dec,56e5dbbb-b79e-4bbd-82ac-528998b82b14,2026-08-12T16:54:13.112013+00:00,native_windows_x86_64,NATIVE_SOFTWARE,x86_64,"AMD64 Family 23 Model 96 Stepping 1, AuthenticAMD",12,7598,Windows-11-10.0.26200-SP0,N/A (prebuilt Python extension wheel),N/A,N/A (prebuilt wheel),pqcrypto,0.4.0,ML-KEM-1024,decapsulation,44,100400,29376512,True,
86230baa-0c3e-43a8-8879-a0e633ce9dec,56e5dbbb-b79e-4bbd-82ac-528998b82b14,2026-08-12T16:54:13.112193+00:00,native_windows_x86_64,NATIVE_SOFTWARE,x86_64,"AMD64 Family 23 Model 96 Stepping 1, AuthenticAMD",12,7598,Windows-11-10.0.26200-SP0,N/A (prebuilt Python extension wheel),N/A,N/A (prebuilt wheel),pqcrypto,0.4.0,ML-KEM-1024,keygen,45,208400,29376512,True,
86230baa-0c3e-43a8-8879-a0e633ce9dec,56e5dbbb-b79e-4bbd-82ac-528998b82b14,2026-08-12T16:54:13.112690+00:00,native_windows_x86_64,NATIVE_SOFTWARE,x86_64,"AMD64 Family 23 Model 96 Stepping 1, AuthenticAMD",12,7598,Windows-11-10.0.26200-SP0,N/A (prebuilt Python extension wheel),N/A,N/A (prebuilt wheel),pqcrypto,0.4.0,ML-KEM-1024,encapsulation,45,199700,29376512,True,
86230baa-0c3e-43a8-8879-a0e633ce9dec,56e5dbbb-b79e-4bbd-82ac-528998b82b14,2026-08-12T16:54:13.112985+00:00,native_windows_x86_64,NATIVE_SOFTWARE,x86_64,"AMD64 Family 23 Model 96 Stepping 1, AuthenticAMD",12,7598,Windows-11-10.0.26200-SP0,N/A (prebuilt Python extension wheel),N/A,N/A (prebuilt wheel),pqcrypto,0.4.0,ML-KEM-1024,decapsulation,45,99900,29376512,True,
86230baa-0c3e-43a8-8879-a0e633ce9dec,56e5dbbb-b79e-4bbd-82ac-528998b82b14,2026-08-12T16:54:13.113166+00:00,native_windows_x86_64,NATIVE_SOFTWARE,x86_64,"AMD64 Family 23 Model 96 Stepping 1, AuthenticAMD",12,7598,Windows-11-10.0.26200-SP0,N/A (prebuilt Python extension wheel),N/A,N/A (prebuilt wheel),pqcrypto,0.4.0,ML-KEM-1024,keygen,46,207400,29376512,True,
86230baa-0c3e-43a8-8879-a0e633ce9dec,56e5dbbb-b79e-4bbd-82ac-528998b82b14,2026-08-12T16:54:13.113665+00:00,native_windows_x86_64,NATIVE_SOFTWARE,x86_64,"AMD64 Family 23 Model 96 Stepping 1, AuthenticAMD",12,7598,Windows-11-10.0.26200-SP0,N/A (prebuilt Python extension wheel),N/A,N/A (prebuilt wheel),pqcrypto,0.4.0,ML-KEM-1024,encapsulation,46,203400,29376512,True,
86230baa-0c3e-43a8-8879-a0e633ce9dec,56e5dbbb-b79e-4bbd-82ac-528998b82b14,2026-08-12T16:54:13.113963+00:00,native_windows_x86_64,NATIVE_SOFTWARE,x86_64,"AMD64 Family 23 Model 96 Stepping 1, AuthenticAMD",12,7598,Windows-11-10.0.26200-SP0,N/A (prebuilt Python extension wheel),N/A,N/A (prebuilt wheel),pqcrypto,0.4.0,ML-KEM-1024,decapsulation,46,99800,29376512,True,
86230baa-0c3e-43a8-8879-a0e633ce9dec,56e5dbbb-b79e-4bbd-82ac-528998b82b14,2026-08-12T16:54:13.114142+00:00,native_windows_x86_64,NATIVE_SOFTWARE,x86_64,"AMD64 Family 23 Model 96 Stepping 1, AuthenticAMD",12,7598,Windows-11-10.0.26200-SP0,N/A (prebuilt Python extension wheel),N/A,N/A (prebuilt wheel),pqcrypto,0.4.0,ML-KEM-1024,keygen,47,203700,29376512,True,
86230baa-0c3e-43a8-8879-a0e633ce9dec,56e5dbbb-b79e-4bbd-82ac-528998b82b14,2026-08-12T16:54:13.114634+00:00,native_windows_x86_64,NATIVE_SOFTWARE,x86_64,"AMD64 Family 23 Model 96 Stepping 1, AuthenticAMD",12,7598,Windows-11-10.0.26200-SP0,N/A (prebuilt Python extension wheel),N/A,N/A (prebuilt wheel),pqcrypto,0.4.0,ML-KEM-1024,encapsulation,47,205200,29376512,True,
86230baa-0c3e-43a8-8879-a0e633ce9dec,56e5dbbb-b79e-4bbd-82ac-528998b82b14,2026-08-12T16:54:13.114937+00:00,native_windows_x86_64,NATIVE_SOFTWARE,x86_64,"AMD64 Family 23 Model 96 Stepping 1, AuthenticAMD",12,7598,Windows-11-10.0.26200-SP0,N/A (prebuilt Python extension wheel),N/A,N/A (prebuilt wheel),pqcrypto,0.4.0,ML-KEM-1024,decapsulation,47,99800,29376512,True,
86230baa-0c3e-43a8-8879-a0e633ce9dec,56e5dbbb-b79e-4bbd-82ac-528998b82b14,2026-08-12T16:54:13.115118+00:00,native_windows_x86_64,NATIVE_SOFTWARE,x86_64,"AMD64 Family 23 Model 96 Stepping 1, AuthenticAMD",12,7598,Windows-11-10.0.26200-SP0,N/A (prebuilt Python extension wheel),N/A,N/A (prebuilt wheel),pqcrypto,0.4.0,ML-KEM-1024,keygen,48,203500,29376512,True,
86230baa-0c3e-43a8-8879-a0e633ce9dec,56e5dbbb-b79e-4bbd-82ac-528998b82b14,2026-08-12T16:54:13.115614+00:00,native_windows_x86_64,NATIVE_SOFTWARE,x86_64,"AMD64 Family 23 Model 96 Stepping 1, AuthenticAMD",12,7598,Windows-11-10.0.26200-SP0,N/A (prebuilt Python extension wheel),N/A,N/A (prebuilt wheel),pqcrypto,0.4.0,ML-KEM-1024,encapsulation,48,202000,29376512,True,
86230baa-0c3e-43a8-8879-a0e633ce9dec,56e5dbbb-b79e-4bbd-82ac-528998b82b14,2026-08-12T16:54:13.115911+00:00,native_windows_x86_64,NATIVE_SOFTWARE,x86_64,"AMD64 Family 23 Model 96 Stepping 1, AuthenticAMD",12,7598,Windows-11-10.0.26200-SP0,N/A (prebuilt Python extension wheel),N/A,N/A (prebuilt wheel),pqcrypto,0.4.0,ML-KEM-1024,decapsulation,48,101600,29380608,True,
86230baa-0c3e-43a8-8879-a0e633ce9dec,56e5dbbb-b79e-4bbd-82ac-528998b82b14,2026-08-12T16:54:13.116103+00:00,native_windows_x86_64,NATIVE_SOFTWARE,x86_64,"AMD64 Family 23 Model 96 Stepping 1, AuthenticAMD",12,7598,Windows-11-10.0.26200-SP0,N/A (prebuilt Python extension wheel),N/A,N/A (prebuilt wheel),pqcrypto,0.4.0,ML-KEM-1024,keygen,49,200800,29380608,True,
86230baa-0c3e-43a8-8879-a0e633ce9dec,56e5dbbb-b79e-4bbd-82ac-528998b82b14,2026-08-12T16:54:13.116634+00:00,native_windows_x86_64,NATIVE_SOFTWARE,x86_64,"AMD64 Family 23 Model 96 Stepping 1, AuthenticAMD",12,7598,Windows-11-10.0.26200-SP0,N/A (prebuilt Python extension wheel),N/A,N/A (prebuilt wheel),pqcrypto,0.4.0,ML-KEM-1024,encapsulation,49,208900,29384704,True,
86230baa-0c3e-43a8-8879-a0e633ce9dec,56e5dbbb-b79e-4bbd-82ac-528998b82b14,2026-08-12T16:54:13.116966+00:00,native_windows_x86_64,NATIVE_SOFTWARE,x86_64,"AMD64 Family 23 Model 96 Stepping 1, AuthenticAMD",12,7598,Windows-11-10.0.26200-SP0,N/A (prebuilt Python extension wheel),N/A,N/A (prebuilt wheel),pqcrypto,0.4.0,ML-KEM-1024,decapsulation,49,108500,29388800,True,
86230baa-0c3e-43a8-8879-a0e633ce9dec,56e5dbbb-b79e-4bbd-82ac-528998b82b14,2026-08-12T16:54:13.117171+00:00,native_windows_x86_64,NATIVE_SOFTWARE,x86_64,"AMD64 Family 23 Model 96 Stepping 1, AuthenticAMD",12,7598,Windows-11-10.0.26200-SP0,N/A (prebuilt Python extension wheel),N/A,N/A (prebuilt wheel),pqcrypto,0.4.0,ML-KEM-1024,keygen,50,209800,29396992,True,
86230baa-0c3e-43a8-8879-a0e633ce9dec,56e5dbbb-b79e-4bbd-82ac-528998b82b14,2026-08-12T16:54:13.118118+00:00,native_windows_x86_64,NATIVE_SOFTWARE,x86_64,"AMD64 Family 23 Model 96 Stepping 1, AuthenticAMD",12,7598,Windows-11-10.0.26200-SP0,N/A (prebuilt Python extension wheel),N/A,N/A (prebuilt wheel),pqcrypto,0.4.0,ML-KEM-1024,encapsulation,50,202100,29396992,True,
86230baa-0c3e-43a8-8879-a0e633ce9dec,56e5dbbb-b79e-4bbd-82ac-528998b82b14,2026-08-12T16:54:13.118419+00:00,native_windows_x86_64,NATIVE_SOFTWARE,x86_64,"AMD64 Family 23 Model 96 Stepping 1, AuthenticAMD",12,7598,Windows-11-10.0.26200-SP0,N/A (prebuilt Python extension wheel),N/A,N/A (prebuilt wheel),pqcrypto,0.4.0,ML-KEM-1024,decapsulation,50,100600,29396992,True,
86230baa-0c3e-43a8-8879-a0e633ce9dec,56e5dbbb-b79e-4bbd-82ac-528998b82b14,2026-08-12T16:54:13.118599+00:00,native_windows_x86_64,NATIVE_SOFTWARE,x86_64,"AMD64 Family 23 Model 96 Stepping 1, AuthenticAMD",12,7598,Windows-11-10.0.26200-SP0,N/A (prebuilt Python extension wheel),N/A,N/A (prebuilt wheel),pqcrypto,0.4.0,ML-KEM-1024,keygen,51,202600,29396992,True,
86230baa-0c3e-43a8-8879-a0e633ce9dec,56e5dbbb-b79e-4bbd-82ac-528998b82b14,2026-08-12T16:54:13.119093+00:00,native_windows_x86_64,NATIVE_SOFTWARE,x86_64,"AMD64 Family 23 Model 96 Stepping 1, AuthenticAMD",12,7598,Windows-11-10.0.26200-SP0,N/A (prebuilt Python extension wheel),N/A,N/A (prebuilt wheel),pqcrypto,0.4.0,ML-KEM-1024,encapsulation,51,200300,29396992,True,
86230baa-0c3e-43a8-8879-a0e633ce9dec,56e5dbbb-b79e-4bbd-82ac-528998b82b14,2026-08-12T16:54:13.119391+00:00,native_windows_x86_64,NATIVE_SOFTWARE,x86_64,"AMD64 Family 23 Model 96 Stepping 1, AuthenticAMD",12,7598,Windows-11-10.0.26200-SP0,N/A (prebuilt Python extension wheel),N/A,N/A (prebuilt wheel),pqcrypto,0.4.0,ML-KEM-1024,decapsulation,51,99900,29396992,True,
86230baa-0c3e-43a8-8879-a0e633ce9dec,56e5dbbb-b79e-4bbd-82ac-528998b82b14,2026-08-12T16:54:13.119569+00:00,native_windows_x86_64,NATIVE_SOFTWARE,x86_64,"AMD64 Family 23 Model 96 Stepping 1, AuthenticAMD",12,7598,Windows-11-10.0.26200-SP0,N/A (prebuilt Python extension wheel),N/A,N/A (prebuilt wheel),pqcrypto,0.4.0,ML-KEM-1024,keygen,52,210300,29396992,True,
86230baa-0c3e-43a8-8879-a0e633ce9dec,56e5dbbb-b79e-4bbd-82ac-528998b82b14,2026-08-12T16:54:13.120074+00:00,native_windows_x86_64,NATIVE_SOFTWARE,x86_64,"AMD64 Family 23 Model 96 Stepping 1, AuthenticAMD",12,7598,Windows-11-10.0.26200-SP0,N/A (prebuilt Python extension wheel),N/A,N/A (prebuilt wheel),pqcrypto,0.4.0,ML-KEM-1024,encapsulation,52,199200,29396992,True,
86230baa-0c3e-43a8-8879-a0e633ce9dec,56e5dbbb-b79e-4bbd-82ac-528998b82b14,2026-08-12T16:54:13.120367+00:00,native_windows_x86_64,NATIVE_SOFTWARE,x86_64,"AMD64 Family 23 Model 96 Stepping 1, AuthenticAMD",12,7598,Windows-11-10.0.26200-SP0,N/A (prebuilt Python extension wheel),N/A,N/A (prebuilt wheel),pqcrypto,0.4.0,ML-KEM-1024,decapsulation,52,99300,29396992,True,
86230baa-0c3e-43a8-8879-a0e633ce9dec,56e5dbbb-b79e-4bbd-82ac-528998b82b14,2026-08-12T16:54:13.120543+00:00,native_windows_x86_64,NATIVE_SOFTWARE,x86_64,"AMD64 Family 23 Model 96 Stepping 1, AuthenticAMD",12,7598,Windows-11-10.0.26200-SP0,N/A (prebuilt Python extension wheel),N/A,N/A (prebuilt wheel),pqcrypto,0.4.0,ML-KEM-1024,keygen,53,206300,29396992,True,
86230baa-0c3e-43a8-8879-a0e633ce9dec,56e5dbbb-b79e-4bbd-82ac-528998b82b14,2026-08-12T16:54:13.121039+00:00,native_windows_x86_64,NATIVE_SOFTWARE,x86_64,"AMD64 Family 23 Model 96 Stepping 1, AuthenticAMD",12,7598,Windows-11-10.0.26200-SP0,N/A (prebuilt Python extension wheel),N/A,N/A (prebuilt wheel),pqcrypto,0.4.0,ML-KEM-1024,encapsulation,53,197800,29396992,True,
86230baa-0c3e-43a8-8879-a0e633ce9dec,56e5dbbb-b79e-4bbd-82ac-528998b82b14,2026-08-12T16:54:13.121332+00:00,native_windows_x86_64,NATIVE_SOFTWARE,x86_64,"AMD64 Family 23 Model 96 Stepping 1, AuthenticAMD",12,7598,Windows-11-10.0.26200-SP0,N/A (prebuilt Python extension wheel),N/A,N/A (prebuilt wheel),pqcrypto,0.4.0,ML-KEM-1024,decapsulation,53,102500,29396992,True,
86230baa-0c3e-43a8-8879-a0e633ce9dec,56e5dbbb-b79e-4bbd-82ac-528998b82b14,2026-08-12T16:54:13.121514+00:00,native_windows_x86_64,NATIVE_SOFTWARE,x86_64,"AMD64 Family 23 Model 96 Stepping 1, AuthenticAMD",12,7598,Windows-11-10.0.26200-SP0,N/A (prebuilt Python extension wheel),N/A,N/A (prebuilt wheel),pqcrypto,0.4.0,ML-KEM-1024,keygen,54,204400,29396992,True,
86230baa-0c3e-43a8-8879-a0e633ce9dec,56e5dbbb-b79e-4bbd-82ac-528998b82b14,2026-08-12T16:54:13.122028+00:00,native_windows_x86_64,NATIVE_SOFTWARE,x86_64,"AMD64 Family 23 Model 96 Stepping 1, AuthenticAMD",12,7598,Windows-11-10.0.26200-SP0,N/A (prebuilt Python extension wheel),N/A,N/A (prebuilt wheel),pqcrypto,0.4.0,ML-KEM-1024,encapsulation,54,202800,29396992,True,
86230baa-0c3e-43a8-8879-a0e633ce9dec,56e5dbbb-b79e-4bbd-82ac-528998b82b14,2026-08-12T16:54:13.122330+00:00,native_windows_x86_64,NATIVE_SOFTWARE,x86_64,"AMD64 Family 23 Model 96 Stepping 1, AuthenticAMD",12,7598,Windows-11-10.0.26200-SP0,N/A (prebuilt Python extension wheel),N/A,N/A (prebuilt wheel),pqcrypto,0.4.0,ML-KEM-1024,decapsulation,54,100300,29396992,True,
86230baa-0c3e-43a8-8879-a0e633ce9dec,56e5dbbb-b79e-4bbd-82ac-528998b82b14,2026-08-12T16:54:13.122511+00:00,native_windows_x86_64,NATIVE_SOFTWARE,x86_64,"AMD64 Family 23 Model 96 Stepping 1, AuthenticAMD",12,7598,Windows-11-10.0.26200-SP0,N/A (prebuilt Python extension wheel),N/A,N/A (prebuilt wheel),pqcrypto,0.4.0,ML-KEM-1024,keygen,55,206600,29396992,True,
86230baa-0c3e-43a8-8879-a0e633ce9dec,56e5dbbb-b79e-4bbd-82ac-528998b82b14,2026-08-12T16:54:13.123016+00:00,native_windows_x86_64,NATIVE_SOFTWARE,x86_64,"AMD64 Family 23 Model 96 Stepping 1, AuthenticAMD",12,7598,Windows-11-10.0.26200-SP0,N/A (prebuilt Python extension wheel),N/A,N/A (prebuilt wheel),pqcrypto,0.4.0,ML-KEM-1024,encapsulation,55,200100,29396992,True,
86230baa-0c3e-43a8-8879-a0e633ce9dec,56e5dbbb-b79e-4bbd-82ac-528998b82b14,2026-08-12T16:54:13.123310+00:00,native_windows_x86_64,NATIVE_SOFTWARE,x86_64,"AMD64 Family 23 Model 96 Stepping 1, AuthenticAMD",12,7598,Windows-11-10.0.26200-SP0,N/A (prebuilt Python extension wheel),N/A,N/A (prebuilt wheel),pqcrypto,0.4.0,ML-KEM-1024,decapsulation,55,102900,29396992,True,
86230baa-0c3e-43a8-8879-a0e633ce9dec,56e5dbbb-b79e-4bbd-82ac-528998b82b14,2026-08-12T16:54:13.123493+00:00,native_windows_x86_64,NATIVE_SOFTWARE,x86_64,"AMD64 Family 23 Model 96 Stepping 1, AuthenticAMD",12,7598,Windows-11-10.0.26200-SP0,N/A (prebuilt Python extension wheel),N/A,N/A (prebuilt wheel),pqcrypto,0.4.0,ML-KEM-1024,keygen,56,201600,29396992,True,
86230baa-0c3e-43a8-8879-a0e633ce9dec,56e5dbbb-b79e-4bbd-82ac-528998b82b14,2026-08-12T16:54:13.123983+00:00,native_windows_x86_64,NATIVE_SOFTWARE,x86_64,"AMD64 Family 23 Model 96 Stepping 1, AuthenticAMD",12,7598,Windows-11-10.0.26200-SP0,N/A (prebuilt Python extension wheel),N/A,N/A (prebuilt wheel),pqcrypto,0.4.0,ML-KEM-1024,encapsulation,56,202500,29396992,True,
86230baa-0c3e-43a8-8879-a0e633ce9dec,56e5dbbb-b79e-4bbd-82ac-528998b82b14,2026-08-12T16:54:13.124280+00:00,native_windows_x86_64,NATIVE_SOFTWARE,x86_64,"AMD64 Family 23 Model 96 Stepping 1, AuthenticAMD",12,7598,Windows-11-10.0.26200-SP0,N/A (prebuilt Python extension wheel),N/A,N/A (prebuilt wheel),pqcrypto,0.4.0,ML-KEM-1024,decapsulation,56,99000,29396992,True,
86230baa-0c3e-43a8-8879-a0e633ce9dec,56e5dbbb-b79e-4bbd-82ac-528998b82b14,2026-08-12T16:54:13.124459+00:00,native_windows_x86_64,NATIVE_SOFTWARE,x86_64,"AMD64 Family 23 Model 96 Stepping 1, AuthenticAMD",12,7598,Windows-11-10.0.26200-SP0,N/A (prebuilt Python extension wheel),N/A,N/A (prebuilt wheel),pqcrypto,0.4.0,ML-KEM-1024,keygen,57,204300,29396992,True,
86230baa-0c3e-43a8-8879-a0e633ce9dec,56e5dbbb-b79e-4bbd-82ac-528998b82b14,2026-08-12T16:54:13.124953+00:00,native_windows_x86_64,NATIVE_SOFTWARE,x86_64,"AMD64 Family 23 Model 96 Stepping 1, AuthenticAMD",12,7598,Windows-11-10.0.26200-SP0,N/A (prebuilt Python extension wheel),N/A,N/A (prebuilt wheel),pqcrypto,0.4.0,ML-KEM-1024,encapsulation,57,201500,29396992,True,
86230baa-0c3e-43a8-8879-a0e633ce9dec,56e5dbbb-b79e-4bbd-82ac-528998b82b14,2026-08-12T16:54:13.125250+00:00,native_windows_x86_64,NATIVE_SOFTWARE,x86_64,"AMD64 Family 23 Model 96 Stepping 1, AuthenticAMD",12,7598,Windows-11-10.0.26200-SP0,N/A (prebuilt Python extension wheel),N/A,N/A (prebuilt wheel),pqcrypto,0.4.0,ML-KEM-1024,decapsulation,57,99400,29396992,True,
86230baa-0c3e-43a8-8879-a0e633ce9dec,56e5dbbb-b79e-4bbd-82ac-528998b82b14,2026-08-12T16:54:13.125434+00:00,native_windows_x86_64,NATIVE_SOFTWARE,x86_64,"AMD64 Family 23 Model 96 Stepping 1, AuthenticAMD",12,7598,Windows-11-10.0.26200-SP0,N/A (prebuilt Python extension wheel),N/A,N/A (prebuilt wheel),pqcrypto,0.4.0,ML-KEM-1024,keygen,58,204300,29396992,True,
86230baa-0c3e-43a8-8879-a0e633ce9dec,56e5dbbb-b79e-4bbd-82ac-528998b82b14,2026-08-12T16:54:13.125926+00:00,native_windows_x86_64,NATIVE_SOFTWARE,x86_64,"AMD64 Family 23 Model 96 Stepping 1, AuthenticAMD",12,7598,Windows-11-10.0.26200-SP0,N/A (prebuilt Python extension wheel),N/A,N/A (prebuilt wheel),pqcrypto,0.4.0,ML-KEM-1024,encapsulation,58,202300,29396992,True,
86230baa-0c3e-43a8-8879-a0e633ce9dec,56e5dbbb-b79e-4bbd-82ac-528998b82b14,2026-08-12T16:54:13.126222+00:00,native_windows_x86_64,NATIVE_SOFTWARE,x86_64,"AMD64 Family 23 Model 96 Stepping 1, AuthenticAMD",12,7598,Windows-11-10.0.26200-SP0,N/A (prebuilt Python extension wheel),N/A,N/A (prebuilt wheel),pqcrypto,0.4.0,ML-KEM-1024,decapsulation,58,99500,29396992,True,
86230baa-0c3e-43a8-8879-a0e633ce9dec,56e5dbbb-b79e-4bbd-82ac-528998b82b14,2026-08-12T16:54:13.126401+00:00,native_windows_x86_64,NATIVE_SOFTWARE,x86_64,"AMD64 Family 23 Model 96 Stepping 1, AuthenticAMD",12,7598,Windows-11-10.0.26200-SP0,N/A (prebuilt Python extension wheel),N/A,N/A (prebuilt wheel),pqcrypto,0.4.0,ML-KEM-1024,keygen,59,238200,29396992,True,
86230baa-0c3e-43a8-8879-a0e633ce9dec,56e5dbbb-b79e-4bbd-82ac-528998b82b14,2026-08-12T16:54:13.126942+00:00,native_windows_x86_64,NATIVE_SOFTWARE,x86_64,"AMD64 Family 23 Model 96 Stepping 1, AuthenticAMD",12,7598,Windows-11-10.0.26200-SP0,N/A (prebuilt Python extension wheel),N/A,N/A (prebuilt wheel),pqcrypto,0.4.0,ML-KEM-1024,encapsulation,59,207200,29396992,True,
86230baa-0c3e-43a8-8879-a0e633ce9dec,56e5dbbb-b79e-4bbd-82ac-528998b82b14,2026-08-12T16:54:13.127244+00:00,native_windows_x86_64,NATIVE_SOFTWARE,x86_64,"AMD64 Family 23 Model 96 Stepping 1, AuthenticAMD",12,7598,Windows-11-10.0.26200-SP0,N/A (prebuilt Python extension wheel),N/A,N/A (prebuilt wheel),pqcrypto,0.4.0,ML-KEM-1024,decapsulation,59,100800,29396992,True,
86230baa-0c3e-43a8-8879-a0e633ce9dec,56e5dbbb-b79e-4bbd-82ac-528998b82b14,2026-08-12T16:54:13.127429+00:00,native_windows_x86_64,NATIVE_SOFTWARE,x86_64,"AMD64 Family 23 Model 96 Stepping 1, AuthenticAMD",12,7598,Windows-11-10.0.26200-SP0,N/A (prebuilt Python extension wheel),N/A,N/A (prebuilt wheel),pqcrypto,0.4.0,ML-KEM-1024,keygen,60,202900,29396992,True,
86230baa-0c3e-43a8-8879-a0e633ce9dec,56e5dbbb-b79e-4bbd-82ac-528998b82b14,2026-08-12T16:54:13.127945+00:00,native_windows_x86_64,NATIVE_SOFTWARE,x86_64,"AMD64 Family 23 Model 96 Stepping 1, AuthenticAMD",12,7598,Windows-11-10.0.26200-SP0,N/A (prebuilt Python extension wheel),N/A,N/A (prebuilt wheel),pqcrypto,0.4.0,ML-KEM-1024,encapsulation,60,202900,29396992,True,
86230baa-0c3e-43a8-8879-a0e633ce9dec,56e5dbbb-b79e-4bbd-82ac-528998b82b14,2026-08-12T16:54:13.128244+00:00,native_windows_x86_64,NATIVE_SOFTWARE,x86_64,"AMD64 Family 23 Model 96 Stepping 1, AuthenticAMD",12,7598,Windows-11-10.0.26200-SP0,N/A (prebuilt Python extension wheel),N/A,N/A (prebuilt wheel),pqcrypto,0.4.0,ML-KEM-1024,decapsulation,60,99400,29396992,True,
86230baa-0c3e-43a8-8879-a0e633ce9dec,56e5dbbb-b79e-4bbd-82ac-528998b82b14,2026-08-12T16:54:13.128426+00:00,native_windows_x86_64,NATIVE_SOFTWARE,x86_64,"AMD64 Family 23 Model 96 Stepping 1, AuthenticAMD",12,7598,Windows-11-10.0.26200-SP0,N/A (prebuilt Python extension wheel),N/A,N/A (prebuilt wheel),pqcrypto,0.4.0,ML-KEM-1024,keygen,61,202500,29663232,True,
86230baa-0c3e-43a8-8879-a0e633ce9dec,56e5dbbb-b79e-4bbd-82ac-528998b82b14,2026-08-12T16:54:13.129008+00:00,native_windows_x86_64,NATIVE_SOFTWARE,x86_64,"AMD64 Family 23 Model 96 Stepping 1, AuthenticAMD",12,7598,Windows-11-10.0.26200-SP0,N/A (prebuilt Python extension wheel),N/A,N/A (prebuilt wheel),pqcrypto,0.4.0,ML-KEM-1024,encapsulation,61,200800,29663232,True,
86230baa-0c3e-43a8-8879-a0e633ce9dec,56e5dbbb-b79e-4bbd-82ac-528998b82b14,2026-08-12T16:54:13.129307+00:00,native_windows_x86_64,NATIVE_SOFTWARE,x86_64,"AMD64 Family 23 Model 96 Stepping 1, AuthenticAMD",12,7598,Windows-11-10.0.26200-SP0,N/A (prebuilt Python extension wheel),N/A,N/A (prebuilt wheel),pqcrypto,0.4.0,ML-KEM-1024,decapsulation,61,103700,29667328,True,
86230baa-0c3e-43a8-8879-a0e633ce9dec,56e5dbbb-b79e-4bbd-82ac-528998b82b14,2026-08-12T16:54:13.129496+00:00,native_windows_x86_64,NATIVE_SOFTWARE,x86_64,"AMD64 Family 23 Model 96 Stepping 1, AuthenticAMD",12,7598,Windows-11-10.0.26200-SP0,N/A (prebuilt Python extension wheel),N/A,N/A (prebuilt wheel),pqcrypto,0.4.0,ML-KEM-1024,keygen,62,208400,29667328,True,
86230baa-0c3e-43a8-8879-a0e633ce9dec,56e5dbbb-b79e-4bbd-82ac-528998b82b14,2026-08-12T16:54:13.129993+00:00,native_windows_x86_64,NATIVE_SOFTWARE,x86_64,"AMD64 Family 23 Model 96 Stepping 1, AuthenticAMD",12,7598,Windows-11-10.0.26200-SP0,N/A (prebuilt Python extension wheel),N/A,N/A (prebuilt wheel),pqcrypto,0.4.0,ML-KEM-1024,encapsulation,62,206600,29671424,True,
86230baa-0c3e-43a8-8879-a0e633ce9dec,56e5dbbb-b79e-4bbd-82ac-528998b82b14,2026-08-12T16:54:13.130298+00:00,native_windows_x86_64,NATIVE_SOFTWARE,x86_64,"AMD64 Family 23 Model 96 Stepping 1, AuthenticAMD",12,7598,Windows-11-10.0.26200-SP0,N/A (prebuilt Python extension wheel),N/A,N/A (prebuilt wheel),pqcrypto,0.4.0,ML-KEM-1024,decapsulation,62,99700,29671424,True,
86230baa-0c3e-43a8-8879-a0e633ce9dec,56e5dbbb-b79e-4bbd-82ac-528998b82b14,2026-08-12T16:54:13.130478+00:00,native_windows_x86_64,NATIVE_SOFTWARE,x86_64,"AMD64 Family 23 Model 96 Stepping 1, AuthenticAMD",12,7598,Windows-11-10.0.26200-SP0,N/A (prebuilt Python extension wheel),N/A,N/A (prebuilt wheel),pqcrypto,0.4.0,ML-KEM-1024,keygen,63,203000,29675520,True,
86230baa-0c3e-43a8-8879-a0e633ce9dec,56e5dbbb-b79e-4bbd-82ac-528998b82b14,2026-08-12T16:54:13.131393+00:00,native_windows_x86_64,NATIVE_SOFTWARE,x86_64,"AMD64 Family 23 Model 96 Stepping 1, AuthenticAMD",12,7598,Windows-11-10.0.26200-SP0,N/A (prebuilt Python extension wheel),N/A,N/A (prebuilt wheel),pqcrypto,0.4.0,ML-KEM-1024,encapsulation,63,200200,29675520,True,
86230baa-0c3e-43a8-8879-a0e633ce9dec,56e5dbbb-b79e-4bbd-82ac-528998b82b14,2026-08-12T16:54:13.131720+00:00,native_windows_x86_64,NATIVE_SOFTWARE,x86_64,"AMD64 Family 23 Model 96 Stepping 1, AuthenticAMD",12,7598,Windows-11-10.0.26200-SP0,N/A (prebuilt Python extension wheel),N/A,N/A (prebuilt wheel),pqcrypto,0.4.0,ML-KEM-1024,decapsulation,63,131700,29675520,True,
86230baa-0c3e-43a8-8879-a0e633ce9dec,56e5dbbb-b79e-4bbd-82ac-528998b82b14,2026-08-12T16:54:13.132003+00:00,native_windows_x86_64,NATIVE_SOFTWARE,x86_64,"AMD64 Family 23 Model 96 Stepping 1, AuthenticAMD",12,7598,Windows-11-10.0.26200-SP0,N/A (prebuilt Python extension wheel),N/A,N/A (prebuilt wheel),pqcrypto,0.4.0,ML-KEM-1024,keygen,64,350900,29675520,True,
86230baa-0c3e-43a8-8879-a0e633ce9dec,56e5dbbb-b79e-4bbd-82ac-528998b82b14,2026-08-12T16:54:13.132716+00:00,native_windows_x86_64,NATIVE_SOFTWARE,x86_64,"AMD64 Family 23 Model 96 Stepping 1, AuthenticAMD",12,7598,Windows-11-10.0.26200-SP0,N/A (prebuilt Python extension wheel),N/A,N/A (prebuilt wheel),pqcrypto,0.4.0,ML-KEM-1024,encapsulation,64,202300,29675520,True,
86230baa-0c3e-43a8-8879-a0e633ce9dec,56e5dbbb-b79e-4bbd-82ac-528998b82b14,2026-08-12T16:54:13.133025+00:00,native_windows_x86_64,NATIVE_SOFTWARE,x86_64,"AMD64 Family 23 Model 96 Stepping 1, AuthenticAMD",12,7598,Windows-11-10.0.26200-SP0,N/A (prebuilt Python extension wheel),N/A,N/A (prebuilt wheel),pqcrypto,0.4.0,ML-KEM-1024,decapsulation,64,104100,29675520,True,
86230baa-0c3e-43a8-8879-a0e633ce9dec,56e5dbbb-b79e-4bbd-82ac-528998b82b14,2026-08-12T16:54:13.133217+00:00,native_windows_x86_64,NATIVE_SOFTWARE,x86_64,"AMD64 Family 23 Model 96 Stepping 1, AuthenticAMD",12,7598,Windows-11-10.0.26200-SP0,N/A (prebuilt Python extension wheel),N/A,N/A (prebuilt wheel),pqcrypto,0.4.0,ML-KEM-1024,keygen,65,213800,29675520,True,
86230baa-0c3e-43a8-8879-a0e633ce9dec,56e5dbbb-b79e-4bbd-82ac-528998b82b14,2026-08-12T16:54:13.133738+00:00,native_windows_x86_64,NATIVE_SOFTWARE,x86_64,"AMD64 Family 23 Model 96 Stepping 1, AuthenticAMD",12,7598,Windows-11-10.0.26200-SP0,N/A (prebuilt Python extension wheel),N/A,N/A (prebuilt wheel),pqcrypto,0.4.0,ML-KEM-1024,encapsulation,65,207600,29675520,True,
86230baa-0c3e-43a8-8879-a0e633ce9dec,56e5dbbb-b79e-4bbd-82ac-528998b82b14,2026-08-12T16:54:13.134088+00:00,native_windows_x86_64,NATIVE_SOFTWARE,x86_64,"AMD64 Family 23 Model 96 Stepping 1, AuthenticAMD",12,7598,Windows-11-10.0.26200-SP0,N/A (prebuilt Python extension wheel),N/A,N/A (prebuilt wheel),pqcrypto,0.4.0,ML-KEM-1024,decapsulation,65,104100,29675520,True,
86230baa-0c3e-43a8-8879-a0e633ce9dec,56e5dbbb-b79e-4bbd-82ac-528998b82b14,2026-08-12T16:54:13.134284+00:00,native_windows_x86_64,NATIVE_SOFTWARE,x86_64,"AMD64 Family 23 Model 96 Stepping 1, AuthenticAMD",12,7598,Windows-11-10.0.26200-SP0,N/A (prebuilt Python extension wheel),N/A,N/A (prebuilt wheel),pqcrypto,0.4.0,ML-KEM-1024,keygen,66,246400,29675520,True,
86230baa-0c3e-43a8-8879-a0e633ce9dec,56e5dbbb-b79e-4bbd-82ac-528998b82b14,2026-08-12T16:54:13.134861+00:00,native_windows_x86_64,NATIVE_SOFTWARE,x86_64,"AMD64 Family 23 Model 96 Stepping 1, AuthenticAMD",12,7598,Windows-11-10.0.26200-SP0,N/A (prebuilt Python extension wheel),N/A,N/A (prebuilt wheel),pqcrypto,0.4.0,ML-KEM-1024,encapsulation,66,217400,29675520,True,
86230baa-0c3e-43a8-8879-a0e633ce9dec,56e5dbbb-b79e-4bbd-82ac-528998b82b14,2026-08-12T16:54:13.135251+00:00,native_windows_x86_64,NATIVE_SOFTWARE,x86_64,"AMD64 Family 23 Model 96 Stepping 1, AuthenticAMD",12,7598,Windows-11-10.0.26200-SP0,N/A (prebuilt Python extension wheel),N/A,N/A (prebuilt wheel),pqcrypto,0.4.0,ML-KEM-1024,decapsulation,66,104100,29675520,True,
86230baa-0c3e-43a8-8879-a0e633ce9dec,56e5dbbb-b79e-4bbd-82ac-528998b82b14,2026-08-12T16:54:13.135464+00:00,native_windows_x86_64,NATIVE_SOFTWARE,x86_64,"AMD64 Family 23 Model 96 Stepping 1, AuthenticAMD",12,7598,Windows-11-10.0.26200-SP0,N/A (prebuilt Python extension wheel),N/A,N/A (prebuilt wheel),pqcrypto,0.4.0,ML-KEM-1024,keygen,67,284000,29675520,True,
86230baa-0c3e-43a8-8879-a0e633ce9dec,56e5dbbb-b79e-4bbd-82ac-528998b82b14,2026-08-12T16:54:13.136096+00:00,native_windows_x86_64,NATIVE_SOFTWARE,x86_64,"AMD64 Family 23 Model 96 Stepping 1, AuthenticAMD",12,7598,Windows-11-10.0.26200-SP0,N/A (prebuilt Python extension wheel),N/A,N/A (prebuilt wheel),pqcrypto,0.4.0,ML-KEM-1024,encapsulation,67,208500,29675520,True,
86230baa-0c3e-43a8-8879-a0e633ce9dec,56e5dbbb-b79e-4bbd-82ac-528998b82b14,2026-08-12T16:54:13.136428+00:00,native_windows_x86_64,NATIVE_SOFTWARE,x86_64,"AMD64 Family 23 Model 96 Stepping 1, AuthenticAMD",12,7598,Windows-11-10.0.26200-SP0,N/A (prebuilt Python extension wheel),N/A,N/A (prebuilt wheel),pqcrypto,0.4.0,ML-KEM-1024,decapsulation,67,103700,29675520,True,
86230baa-0c3e-43a8-8879-a0e633ce9dec,56e5dbbb-b79e-4bbd-82ac-528998b82b14,2026-08-12T16:54:13.136642+00:00,native_windows_x86_64,NATIVE_SOFTWARE,x86_64,"AMD64 Family 23 Model 96 Stepping 1, AuthenticAMD",12,7598,Windows-11-10.0.26200-SP0,N/A (prebuilt Python extension wheel),N/A,N/A (prebuilt wheel),pqcrypto,0.4.0,ML-KEM-1024,keygen,68,274400,29675520,True,
86230baa-0c3e-43a8-8879-a0e633ce9dec,56e5dbbb-b79e-4bbd-82ac-528998b82b14,2026-08-12T16:54:13.137246+00:00,native_windows_x86_64,NATIVE_SOFTWARE,x86_64,"AMD64 Family 23 Model 96 Stepping 1, AuthenticAMD",12,7598,Windows-11-10.0.26200-SP0,N/A (prebuilt Python extension wheel),N/A,N/A (prebuilt wheel),pqcrypto,0.4.0,ML-KEM-1024,encapsulation,68,214800,29675520,True,
86230baa-0c3e-43a8-8879-a0e633ce9dec,56e5dbbb-b79e-4bbd-82ac-528998b82b14,2026-08-12T16:54:13.137613+00:00,native_windows_x86_64,NATIVE_SOFTWARE,x86_64,"AMD64 Family 23 Model 96 Stepping 1, AuthenticAMD",12,7598,Windows-11-10.0.26200-SP0,N/A (prebuilt Python extension wheel),N/A,N/A (prebuilt wheel),pqcrypto,0.4.0,ML-KEM-1024,decapsulation,68,114300,29675520,True,
86230baa-0c3e-43a8-8879-a0e633ce9dec,56e5dbbb-b79e-4bbd-82ac-528998b82b14,2026-08-12T16:54:13.137844+00:00,native_windows_x86_64,NATIVE_SOFTWARE,x86_64,"AMD64 Family 23 Model 96 Stepping 1, AuthenticAMD",12,7598,Windows-11-10.0.26200-SP0,N/A (prebuilt Python extension wheel),N/A,N/A (prebuilt wheel),pqcrypto,0.4.0,ML-KEM-1024,keygen,69,296300,29675520,True,
86230baa-0c3e-43a8-8879-a0e633ce9dec,56e5dbbb-b79e-4bbd-82ac-528998b82b14,2026-08-12T16:54:13.138451+00:00,native_windows_x86_64,NATIVE_SOFTWARE,x86_64,"AMD64 Family 23 Model 96 Stepping 1, AuthenticAMD",12,7598,Windows-11-10.0.26200-SP0,N/A (prebuilt Python extension wheel),N/A,N/A (prebuilt wheel),pqcrypto,0.4.0,ML-KEM-1024,encapsulation,69,205400,29675520,True,
86230baa-0c3e-43a8-8879-a0e633ce9dec,56e5dbbb-b79e-4bbd-82ac-528998b82b14,2026-08-12T16:54:13.138758+00:00,native_windows_x86_64,NATIVE_SOFTWARE,x86_64,"AMD64 Family 23 Model 96 Stepping 1, AuthenticAMD",12,7598,Windows-11-10.0.26200-SP0,N/A (prebuilt Python extension wheel),N/A,N/A (prebuilt wheel),pqcrypto,0.4.0,ML-KEM-1024,decapsulation,69,100500,29675520,True,
86230baa-0c3e-43a8-8879-a0e633ce9dec,56e5dbbb-b79e-4bbd-82ac-528998b82b14,2026-08-12T16:54:13.138941+00:00,native_windows_x86_64,NATIVE_SOFTWARE,x86_64,"AMD64 Family 23 Model 96 Stepping 1, AuthenticAMD",12,7598,Windows-11-10.0.26200-SP0,N/A (prebuilt Python extension wheel),N/A,N/A (prebuilt wheel),pqcrypto,0.4.0,ML-KEM-1024,keygen,70,205500,29675520,True,
86230baa-0c3e-43a8-8879-a0e633ce9dec,56e5dbbb-b79e-4bbd-82ac-528998b82b14,2026-08-12T16:54:13.139480+00:00,native_windows_x86_64,NATIVE_SOFTWARE,x86_64,"AMD64 Family 23 Model 96 Stepping 1, AuthenticAMD",12,7598,Windows-11-10.0.26200-SP0,N/A (prebuilt Python extension wheel),N/A,N/A (prebuilt wheel),pqcrypto,0.4.0,ML-KEM-1024,encapsulation,70,204400,29675520,True,
86230baa-0c3e-43a8-8879-a0e633ce9dec,56e5dbbb-b79e-4bbd-82ac-528998b82b14,2026-08-12T16:54:13.139809+00:00,native_windows_x86_64,NATIVE_SOFTWARE,x86_64,"AMD64 Family 23 Model 96 Stepping 1, AuthenticAMD",12,7598,Windows-11-10.0.26200-SP0,N/A (prebuilt Python extension wheel),N/A,N/A (prebuilt wheel),pqcrypto,0.4.0,ML-KEM-1024,decapsulation,70,101300,29675520,True,
86230baa-0c3e-43a8-8879-a0e633ce9dec,56e5dbbb-b79e-4bbd-82ac-528998b82b14,2026-08-12T16:54:13.140000+00:00,native_windows_x86_64,NATIVE_SOFTWARE,x86_64,"AMD64 Family 23 Model 96 Stepping 1, AuthenticAMD",12,7598,Windows-11-10.0.26200-SP0,N/A (prebuilt Python extension wheel),N/A,N/A (prebuilt wheel),pqcrypto,0.4.0,ML-KEM-1024,keygen,71,246800,29675520,True,
86230baa-0c3e-43a8-8879-a0e633ce9dec,56e5dbbb-b79e-4bbd-82ac-528998b82b14,2026-08-12T16:54:13.140702+00:00,native_windows_x86_64,NATIVE_SOFTWARE,x86_64,"AMD64 Family 23 Model 96 Stepping 1, AuthenticAMD",12,7598,Windows-11-10.0.26200-SP0,N/A (prebuilt Python extension wheel),N/A,N/A (prebuilt wheel),pqcrypto,0.4.0,ML-KEM-1024,encapsulation,71,327300,29675520,True,
86230baa-0c3e-43a8-8879-a0e633ce9dec,56e5dbbb-b79e-4bbd-82ac-528998b82b14,2026-08-12T16:54:13.141265+00:00,native_windows_x86_64,NATIVE_SOFTWARE,x86_64,"AMD64 Family 23 Model 96 Stepping 1, AuthenticAMD",12,7598,Windows-11-10.0.26200-SP0,N/A (prebuilt Python extension wheel),N/A,N/A (prebuilt wheel),pqcrypto,0.4.0,ML-KEM-1024,decapsulation,71,160700,29675520,True,
86230baa-0c3e-43a8-8879-a0e633ce9dec,56e5dbbb-b79e-4bbd-82ac-528998b82b14,2026-08-12T16:54:13.141554+00:00,native_windows_x86_64,NATIVE_SOFTWARE,x86_64,"AMD64 Family 23 Model 96 Stepping 1, AuthenticAMD",12,7598,Windows-11-10.0.26200-SP0,N/A (prebuilt Python extension wheel),N/A,N/A (prebuilt wheel),pqcrypto,0.4.0,ML-KEM-1024,keygen,72,402700,29675520,True,
86230baa-0c3e-43a8-8879-a0e633ce9dec,56e5dbbb-b79e-4bbd-82ac-528998b82b14,2026-08-12T16:54:13.142613+00:00,native_windows_x86_64,NATIVE_SOFTWARE,x86_64,"AMD64 Family 23 Model 96 Stepping 1, AuthenticAMD",12,7598,Windows-11-10.0.26200-SP0,N/A (prebuilt Python extension wheel),N/A,N/A (prebuilt wheel),pqcrypto,0.4.0,ML-KEM-1024,encapsulation,72,314400,29675520,True,
86230baa-0c3e-43a8-8879-a0e633ce9dec,56e5dbbb-b79e-4bbd-82ac-528998b82b14,2026-08-12T16:54:13.143169+00:00,native_windows_x86_64,NATIVE_SOFTWARE,x86_64,"AMD64 Family 23 Model 96 Stepping 1, AuthenticAMD",12,7598,Windows-11-10.0.26200-SP0,N/A (prebuilt Python extension wheel),N/A,N/A (prebuilt wheel),pqcrypto,0.4.0,ML-KEM-1024,decapsulation,72,155300,29675520,True,
86230baa-0c3e-43a8-8879-a0e633ce9dec,56e5dbbb-b79e-4bbd-82ac-528998b82b14,2026-08-12T16:54:13.143463+00:00,native_windows_x86_64,NATIVE_SOFTWARE,x86_64,"AMD64 Family 23 Model 96 Stepping 1, AuthenticAMD",12,7598,Windows-11-10.0.26200-SP0,N/A (prebuilt Python extension wheel),N/A,N/A (prebuilt wheel),pqcrypto,0.4.0,ML-KEM-1024,keygen,73,371300,29675520,True,
86230baa-0c3e-43a8-8879-a0e633ce9dec,56e5dbbb-b79e-4bbd-82ac-528998b82b14,2026-08-12T16:54:13.144322+00:00,native_windows_x86_64,NATIVE_SOFTWARE,x86_64,"AMD64 Family 23 Model 96 Stepping 1, AuthenticAMD",12,7598,Windows-11-10.0.26200-SP0,N/A (prebuilt Python extension wheel),N/A,N/A (prebuilt wheel),pqcrypto,0.4.0,ML-KEM-1024,encapsulation,73,341900,29675520,True,
86230baa-0c3e-43a8-8879-a0e633ce9dec,56e5dbbb-b79e-4bbd-82ac-528998b82b14,2026-08-12T16:54:13.144942+00:00,native_windows_x86_64,NATIVE_SOFTWARE,x86_64,"AMD64 Family 23 Model 96 Stepping 1, AuthenticAMD",12,7598,Windows-11-10.0.26200-SP0,N/A (prebuilt Python extension wheel),N/A,N/A (prebuilt wheel),pqcrypto,0.4.0,ML-KEM-1024,decapsulation,73,166500,29675520,True,
86230baa-0c3e-43a8-8879-a0e633ce9dec,56e5dbbb-b79e-4bbd-82ac-528998b82b14,2026-08-12T16:54:13.145276+00:00,native_windows_x86_64,NATIVE_SOFTWARE,x86_64,"AMD64 Family 23 Model 96 Stepping 1, AuthenticAMD",12,7598,Windows-11-10.0.26200-SP0,N/A (prebuilt Python extension wheel),N/A,N/A (prebuilt wheel),pqcrypto,0.4.0,ML-KEM-1024,keygen,74,395100,29679616,True,
86230baa-0c3e-43a8-8879-a0e633ce9dec,56e5dbbb-b79e-4bbd-82ac-528998b82b14,2026-08-12T16:54:13.146182+00:00,native_windows_x86_64,NATIVE_SOFTWARE,x86_64,"AMD64 Family 23 Model 96 Stepping 1, AuthenticAMD",12,7598,Windows-11-10.0.26200-SP0,N/A (prebuilt Python extension wheel),N/A,N/A (prebuilt wheel),pqcrypto,0.4.0,ML-KEM-1024,encapsulation,74,221200,29679616,True,
86230baa-0c3e-43a8-8879-a0e633ce9dec,56e5dbbb-b79e-4bbd-82ac-528998b82b14,2026-08-12T16:54:13.146552+00:00,native_windows_x86_64,NATIVE_SOFTWARE,x86_64,"AMD64 Family 23 Model 96 Stepping 1, AuthenticAMD",12,7598,Windows-11-10.0.26200-SP0,N/A (prebuilt Python extension wheel),N/A,N/A (prebuilt wheel),pqcrypto,0.4.0,ML-KEM-1024,decapsulation,74,101500,29683712,True,
86230baa-0c3e-43a8-8879-a0e633ce9dec,56e5dbbb-b79e-4bbd-82ac-528998b82b14,2026-08-12T16:54:13.146746+00:00,native_windows_x86_64,NATIVE_SOFTWARE,x86_64,"AMD64 Family 23 Model 96 Stepping 1, AuthenticAMD",12,7598,Windows-11-10.0.26200-SP0,N/A (prebuilt Python extension wheel),N/A,N/A (prebuilt wheel),pqcrypto,0.4.0,ML-KEM-1024,keygen,75,258300,29683712,True,
86230baa-0c3e-43a8-8879-a0e633ce9dec,56e5dbbb-b79e-4bbd-82ac-528998b82b14,2026-08-12T16:54:13.147491+00:00,native_windows_x86_64,NATIVE_SOFTWARE,x86_64,"AMD64 Family 23 Model 96 Stepping 1, AuthenticAMD",12,7598,Windows-11-10.0.26200-SP0,N/A (prebuilt Python extension wheel),N/A,N/A (prebuilt wheel),pqcrypto,0.4.0,ML-KEM-1024,encapsulation,75,293900,29687808,True,
86230baa-0c3e-43a8-8879-a0e633ce9dec,56e5dbbb-b79e-4bbd-82ac-528998b82b14,2026-08-12T16:54:13.148051+00:00,native_windows_x86_64,NATIVE_SOFTWARE,x86_64,"AMD64 Family 23 Model 96 Stepping 1, AuthenticAMD",12,7598,Windows-11-10.0.26200-SP0,N/A (prebuilt Python extension wheel),N/A,N/A (prebuilt wheel),pqcrypto,0.4.0,ML-KEM-1024,decapsulation,75,108600,29696000,True,
86230baa-0c3e-43a8-8879-a0e633ce9dec,56e5dbbb-b79e-4bbd-82ac-528998b82b14,2026-08-12T16:54:13.148268+00:00,native_windows_x86_64,NATIVE_SOFTWARE,x86_64,"AMD64 Family 23 Model 96 Stepping 1, AuthenticAMD",12,7598,Windows-11-10.0.26200-SP0,N/A (prebuilt Python extension wheel),N/A,N/A (prebuilt wheel),pqcrypto,0.4.0,ML-KEM-1024,keygen,76,259000,29696000,True,
86230baa-0c3e-43a8-8879-a0e633ce9dec,56e5dbbb-b79e-4bbd-82ac-528998b82b14,2026-08-12T16:54:13.149930+00:00,native_windows_x86_64,NATIVE_SOFTWARE,x86_64,"AMD64 Family 23 Model 96 Stepping 1, AuthenticAMD",12,7598,Windows-11-10.0.26200-SP0,N/A (prebuilt Python extension wheel),N/A,N/A (prebuilt wheel),pqcrypto,0.4.0,ML-KEM-1024,encapsulation,76,240600,29696000,True,
86230baa-0c3e-43a8-8879-a0e633ce9dec,56e5dbbb-b79e-4bbd-82ac-528998b82b14,2026-08-12T16:54:13.150388+00:00,native_windows_x86_64,NATIVE_SOFTWARE,x86_64,"AMD64 Family 23 Model 96 Stepping 1, AuthenticAMD",12,7598,Windows-11-10.0.26200-SP0,N/A (prebuilt Python extension wheel),N/A,N/A (prebuilt wheel),pqcrypto,0.4.0,ML-KEM-1024,decapsulation,76,103800,29696000,True,
86230baa-0c3e-43a8-8879-a0e633ce9dec,56e5dbbb-b79e-4bbd-82ac-528998b82b14,2026-08-12T16:54:13.150584+00:00,native_windows_x86_64,NATIVE_SOFTWARE,x86_64,"AMD64 Family 23 Model 96 Stepping 1, AuthenticAMD",12,7598,Windows-11-10.0.26200-SP0,N/A (prebuilt Python extension wheel),N/A,N/A (prebuilt wheel),pqcrypto,0.4.0,ML-KEM-1024,keygen,77,224900,29696000,True,
86230baa-0c3e-43a8-8879-a0e633ce9dec,56e5dbbb-b79e-4bbd-82ac-528998b82b14,2026-08-12T16:54:13.151116+00:00,native_windows_x86_64,NATIVE_SOFTWARE,x86_64,"AMD64 Family 23 Model 96 Stepping 1, AuthenticAMD",12,7598,Windows-11-10.0.26200-SP0,N/A (prebuilt Python extension wheel),N/A,N/A (prebuilt wheel),pqcrypto,0.4.0,ML-KEM-1024,encapsulation,77,212700,29696000,True,
86230baa-0c3e-43a8-8879-a0e633ce9dec,56e5dbbb-b79e-4bbd-82ac-528998b82b14,2026-08-12T16:54:13.151485+00:00,native_windows_x86_64,NATIVE_SOFTWARE,x86_64,"AMD64 Family 23 Model 96 Stepping 1, AuthenticAMD",12,7598,Windows-11-10.0.26200-SP0,N/A (prebuilt Python extension wheel),N/A,N/A (prebuilt wheel),pqcrypto,0.4.0,ML-KEM-1024,decapsulation,77,103200,29696000,True,
86230baa-0c3e-43a8-8879-a0e633ce9dec,56e5dbbb-b79e-4bbd-82ac-528998b82b14,2026-08-12T16:54:13.151679+00:00,native_windows_x86_64,NATIVE_SOFTWARE,x86_64,"AMD64 Family 23 Model 96 Stepping 1, AuthenticAMD",12,7598,Windows-11-10.0.26200-SP0,N/A (prebuilt Python extension wheel),N/A,N/A (prebuilt wheel),pqcrypto,0.4.0,ML-KEM-1024,keygen,78,232000,29696000,True,
86230baa-0c3e-43a8-8879-a0e633ce9dec,56e5dbbb-b79e-4bbd-82ac-528998b82b14,2026-08-12T16:54:13.152244+00:00,native_windows_x86_64,NATIVE_SOFTWARE,x86_64,"AMD64 Family 23 Model 96 Stepping 1, AuthenticAMD",12,7598,Windows-11-10.0.26200-SP0,N/A (prebuilt Python extension wheel),N/A,N/A (prebuilt wheel),pqcrypto,0.4.0,ML-KEM-1024,encapsulation,78,208500,29696000,True,
86230baa-0c3e-43a8-8879-a0e633ce9dec,56e5dbbb-b79e-4bbd-82ac-528998b82b14,2026-08-12T16:54:13.152555+00:00,native_windows_x86_64,NATIVE_SOFTWARE,x86_64,"AMD64 Family 23 Model 96 Stepping 1, AuthenticAMD",12,7598,Windows-11-10.0.26200-SP0,N/A (prebuilt Python extension wheel),N/A,N/A (prebuilt wheel),pqcrypto,0.4.0,ML-KEM-1024,decapsulation,78,99700,29696000,True,
86230baa-0c3e-43a8-8879-a0e633ce9dec,56e5dbbb-b79e-4bbd-82ac-528998b82b14,2026-08-12T16:54:13.152736+00:00,native_windows_x86_64,NATIVE_SOFTWARE,x86_64,"AMD64 Family 23 Model 96 Stepping 1, AuthenticAMD",12,7598,Windows-11-10.0.26200-SP0,N/A (prebuilt Python extension wheel),N/A,N/A (prebuilt wheel),pqcrypto,0.4.0,ML-KEM-1024,keygen,79,202200,29696000,True,
86230baa-0c3e-43a8-8879-a0e633ce9dec,56e5dbbb-b79e-4bbd-82ac-528998b82b14,2026-08-12T16:54:13.153229+00:00,native_windows_x86_64,NATIVE_SOFTWARE,x86_64,"AMD64 Family 23 Model 96 Stepping 1, AuthenticAMD",12,7598,Windows-11-10.0.26200-SP0,N/A (prebuilt Python extension wheel),N/A,N/A (prebuilt wheel),pqcrypto,0.4.0,ML-KEM-1024,encapsulation,79,198000,29696000,True,
86230baa-0c3e-43a8-8879-a0e633ce9dec,56e5dbbb-b79e-4bbd-82ac-528998b82b14,2026-08-12T16:54:13.153528+00:00,native_windows_x86_64,NATIVE_SOFTWARE,x86_64,"AMD64 Family 23 Model 96 Stepping 1, AuthenticAMD",12,7598,Windows-11-10.0.26200-SP0,N/A (prebuilt Python extension wheel),N/A,N/A (prebuilt wheel),pqcrypto,0.4.0,ML-KEM-1024,decapsulation,79,99500,29696000,True,
86230baa-0c3e-43a8-8879-a0e633ce9dec,56e5dbbb-b79e-4bbd-82ac-528998b82b14,2026-08-12T16:54:13.153709+00:00,native_windows_x86_64,NATIVE_SOFTWARE,x86_64,"AMD64 Family 23 Model 96 Stepping 1, AuthenticAMD",12,7598,Windows-11-10.0.26200-SP0,N/A (prebuilt Python extension wheel),N/A,N/A (prebuilt wheel),pqcrypto,0.4.0,ML-KEM-1024,keygen,80,203400,29696000,True,
86230baa-0c3e-43a8-8879-a0e633ce9dec,56e5dbbb-b79e-4bbd-82ac-528998b82b14,2026-08-12T16:54:13.154262+00:00,native_windows_x86_64,NATIVE_SOFTWARE,x86_64,"AMD64 Family 23 Model 96 Stepping 1, AuthenticAMD",12,7598,Windows-11-10.0.26200-SP0,N/A (prebuilt Python extension wheel),N/A,N/A (prebuilt wheel),pqcrypto,0.4.0,ML-KEM-1024,encapsulation,80,214800,29696000,True,
86230baa-0c3e-43a8-8879-a0e633ce9dec,56e5dbbb-b79e-4bbd-82ac-528998b82b14,2026-08-12T16:54:13.154628+00:00,native_windows_x86_64,NATIVE_SOFTWARE,x86_64,"AMD64 Family 23 Model 96 Stepping 1, AuthenticAMD",12,7598,Windows-11-10.0.26200-SP0,N/A (prebuilt Python extension wheel),N/A,N/A (prebuilt wheel),pqcrypto,0.4.0,ML-KEM-1024,decapsulation,80,102500,29696000,True,
86230baa-0c3e-43a8-8879-a0e633ce9dec,56e5dbbb-b79e-4bbd-82ac-528998b82b14,2026-08-12T16:54:13.154827+00:00,native_windows_x86_64,NATIVE_SOFTWARE,x86_64,"AMD64 Family 23 Model 96 Stepping 1, AuthenticAMD",12,7598,Windows-11-10.0.26200-SP0,N/A (prebuilt Python extension wheel),N/A,N/A (prebuilt wheel),pqcrypto,0.4.0,ML-KEM-1024,keygen,81,350400,29696000,True,
86230baa-0c3e-43a8-8879-a0e633ce9dec,56e5dbbb-b79e-4bbd-82ac-528998b82b14,2026-08-12T16:54:13.155764+00:00,native_windows_x86_64,NATIVE_SOFTWARE,x86_64,"AMD64 Family 23 Model 96 Stepping 1, AuthenticAMD",12,7598,Windows-11-10.0.26200-SP0,N/A (prebuilt Python extension wheel),N/A,N/A (prebuilt wheel),pqcrypto,0.4.0,ML-KEM-1024,encapsulation,81,325600,29696000,True,
86230baa-0c3e-43a8-8879-a0e633ce9dec,56e5dbbb-b79e-4bbd-82ac-528998b82b14,2026-08-12T16:54:13.156321+00:00,native_windows_x86_64,NATIVE_SOFTWARE,x86_64,"AMD64 Family 23 Model 96 Stepping 1, AuthenticAMD",12,7598,Windows-11-10.0.26200-SP0,N/A (prebuilt Python extension wheel),N/A,N/A (prebuilt wheel),pqcrypto,0.4.0,ML-KEM-1024,decapsulation,81,151700,29696000,True,
86230baa-0c3e-43a8-8879-a0e633ce9dec,56e5dbbb-b79e-4bbd-82ac-528998b82b14,2026-08-12T16:54:13.156600+00:00,native_windows_x86_64,NATIVE_SOFTWARE,x86_64,"AMD64 Family 23 Model 96 Stepping 1, AuthenticAMD",12,7598,Windows-11-10.0.26200-SP0,N/A (prebuilt Python extension wheel),N/A,N/A (prebuilt wheel),pqcrypto,0.4.0,ML-KEM-1024,keygen,82,351700,29700096,True,
86230baa-0c3e-43a8-8879-a0e633ce9dec,56e5dbbb-b79e-4bbd-82ac-528998b82b14,2026-08-12T16:54:13.157487+00:00,native_windows_x86_64,NATIVE_SOFTWARE,x86_64,"AMD64 Family 23 Model 96 Stepping 1, AuthenticAMD",12,7598,Windows-11-10.0.26200-SP0,N/A (prebuilt Python extension wheel),N/A,N/A (prebuilt wheel),pqcrypto,0.4.0,ML-KEM-1024,encapsulation,82,217100,29700096,True,
86230baa-0c3e-43a8-8879-a0e633ce9dec,56e5dbbb-b79e-4bbd-82ac-528998b82b14,2026-08-12T16:54:13.157845+00:00,native_windows_x86_64,NATIVE_SOFTWARE,x86_64,"AMD64 Family 23 Model 96 Stepping 1, AuthenticAMD",12,7598,Windows-11-10.0.26200-SP0,N/A (prebuilt Python extension wheel),N/A,N/A (prebuilt wheel),pqcrypto,0.4.0,ML-KEM-1024,decapsulation,82,102400,29700096,True,
86230baa-0c3e-43a8-8879-a0e633ce9dec,56e5dbbb-b79e-4bbd-82ac-528998b82b14,2026-08-12T16:54:13.158035+00:00,native_windows_x86_64,NATIVE_SOFTWARE,x86_64,"AMD64 Family 23 Model 96 Stepping 1, AuthenticAMD",12,7598,Windows-11-10.0.26200-SP0,N/A (prebuilt Python extension wheel),N/A,N/A (prebuilt wheel),pqcrypto,0.4.0,ML-KEM-1024,keygen,83,221100,29700096,True,
86230baa-0c3e-43a8-8879-a0e633ce9dec,56e5dbbb-b79e-4bbd-82ac-528998b82b14,2026-08-12T16:54:13.158565+00:00,native_windows_x86_64,NATIVE_SOFTWARE,x86_64,"AMD64 Family 23 Model 96 Stepping 1, AuthenticAMD",12,7598,Windows-11-10.0.26200-SP0,N/A (prebuilt Python extension wheel),N/A,N/A (prebuilt wheel),pqcrypto,0.4.0,ML-KEM-1024,encapsulation,83,204600,29700096,True,
86230baa-0c3e-43a8-8879-a0e633ce9dec,56e5dbbb-b79e-4bbd-82ac-528998b82b14,2026-08-12T16:54:13.158879+00:00,native_windows_x86_64,NATIVE_SOFTWARE,x86_64,"AMD64 Family 23 Model 96 Stepping 1, AuthenticAMD",12,7598,Windows-11-10.0.26200-SP0,N/A (prebuilt Python extension wheel),N/A,N/A (prebuilt wheel),pqcrypto,0.4.0,ML-KEM-1024,decapsulation,83,100900,29700096,True,
86230baa-0c3e-43a8-8879-a0e633ce9dec,56e5dbbb-b79e-4bbd-82ac-528998b82b14,2026-08-12T16:54:13.159063+00:00,native_windows_x86_64,NATIVE_SOFTWARE,x86_64,"AMD64 Family 23 Model 96 Stepping 1, AuthenticAMD",12,7598,Windows-11-10.0.26200-SP0,N/A (prebuilt Python extension wheel),N/A,N/A (prebuilt wheel),pqcrypto,0.4.0,ML-KEM-1024,keygen,84,215900,29700096,True,
86230baa-0c3e-43a8-8879-a0e633ce9dec,56e5dbbb-b79e-4bbd-82ac-528998b82b14,2026-08-12T16:54:13.159576+00:00,native_windows_x86_64,NATIVE_SOFTWARE,x86_64,"AMD64 Family 23 Model 96 Stepping 1, AuthenticAMD",12,7598,Windows-11-10.0.26200-SP0,N/A (prebuilt Python extension wheel),N/A,N/A (prebuilt wheel),pqcrypto,0.4.0,ML-KEM-1024,encapsulation,84,199400,29700096,True,
86230baa-0c3e-43a8-8879-a0e633ce9dec,56e5dbbb-b79e-4bbd-82ac-528998b82b14,2026-08-12T16:54:13.159875+00:00,native_windows_x86_64,NATIVE_SOFTWARE,x86_64,"AMD64 Family 23 Model 96 Stepping 1, AuthenticAMD",12,7598,Windows-11-10.0.26200-SP0,N/A (prebuilt Python extension wheel),N/A,N/A (prebuilt wheel),pqcrypto,0.4.0,ML-KEM-1024,decapsulation,84,99300,29700096,True,
86230baa-0c3e-43a8-8879-a0e633ce9dec,56e5dbbb-b79e-4bbd-82ac-528998b82b14,2026-08-12T16:54:13.160054+00:00,native_windows_x86_64,NATIVE_SOFTWARE,x86_64,"AMD64 Family 23 Model 96 Stepping 1, AuthenticAMD",12,7598,Windows-11-10.0.26200-SP0,N/A (prebuilt Python extension wheel),N/A,N/A (prebuilt wheel),pqcrypto,0.4.0,ML-KEM-1024,keygen,85,214600,29700096,True,
86230baa-0c3e-43a8-8879-a0e633ce9dec,56e5dbbb-b79e-4bbd-82ac-528998b82b14,2026-08-12T16:54:13.160559+00:00,native_windows_x86_64,NATIVE_SOFTWARE,x86_64,"AMD64 Family 23 Model 96 Stepping 1, AuthenticAMD",12,7598,Windows-11-10.0.26200-SP0,N/A (prebuilt Python extension wheel),N/A,N/A (prebuilt wheel),pqcrypto,0.4.0,ML-KEM-1024,encapsulation,85,204100,29700096,True,
86230baa-0c3e-43a8-8879-a0e633ce9dec,56e5dbbb-b79e-4bbd-82ac-528998b82b14,2026-08-12T16:54:13.160858+00:00,native_windows_x86_64,NATIVE_SOFTWARE,x86_64,"AMD64 Family 23 Model 96 Stepping 1, AuthenticAMD",12,7598,Windows-11-10.0.26200-SP0,N/A (prebuilt Python extension wheel),N/A,N/A (prebuilt wheel),pqcrypto,0.4.0,ML-KEM-1024,decapsulation,85,100000,29700096,True,
86230baa-0c3e-43a8-8879-a0e633ce9dec,56e5dbbb-b79e-4bbd-82ac-528998b82b14,2026-08-12T16:54:13.161041+00:00,native_windows_x86_64,NATIVE_SOFTWARE,x86_64,"AMD64 Family 23 Model 96 Stepping 1, AuthenticAMD",12,7598,Windows-11-10.0.26200-SP0,N/A (prebuilt Python extension wheel),N/A,N/A (prebuilt wheel),pqcrypto,0.4.0,ML-KEM-1024,keygen,86,226200,29700096,True,
86230baa-0c3e-43a8-8879-a0e633ce9dec,56e5dbbb-b79e-4bbd-82ac-528998b82b14,2026-08-12T16:54:13.161575+00:00,native_windows_x86_64,NATIVE_SOFTWARE,x86_64,"AMD64 Family 23 Model 96 Stepping 1, AuthenticAMD",12,7598,Windows-11-10.0.26200-SP0,N/A (prebuilt Python extension wheel),N/A,N/A (prebuilt wheel),pqcrypto,0.4.0,ML-KEM-1024,encapsulation,86,237200,29704192,True,
86230baa-0c3e-43a8-8879-a0e633ce9dec,56e5dbbb-b79e-4bbd-82ac-528998b82b14,2026-08-12T16:54:13.161971+00:00,native_windows_x86_64,NATIVE_SOFTWARE,x86_64,"AMD64 Family 23 Model 96 Stepping 1, AuthenticAMD",12,7598,Windows-11-10.0.26200-SP0,N/A (prebuilt Python extension wheel),N/A,N/A (prebuilt wheel),pqcrypto,0.4.0,ML-KEM-1024,decapsulation,86,110100,29704192,True,
86230baa-0c3e-43a8-8879-a0e633ce9dec,56e5dbbb-b79e-4bbd-82ac-528998b82b14,2026-08-12T16:54:13.162213+00:00,native_windows_x86_64,NATIVE_SOFTWARE,x86_64,"AMD64 Family 23 Model 96 Stepping 1, AuthenticAMD",12,7598,Windows-11-10.0.26200-SP0,N/A (prebuilt Python extension wheel),N/A,N/A (prebuilt wheel),pqcrypto,0.4.0,ML-KEM-1024,keygen,87,337700,29704192,True,
86230baa-0c3e-43a8-8879-a0e633ce9dec,56e5dbbb-b79e-4bbd-82ac-528998b82b14,2026-08-12T16:54:13.162884+00:00,native_windows_x86_64,NATIVE_SOFTWARE,x86_64,"AMD64 Family 23 Model 96 Stepping 1, AuthenticAMD",12,7598,Windows-11-10.0.26200-SP0,N/A (prebuilt Python extension wheel),N/A,N/A (prebuilt wheel),pqcrypto,0.4.0,ML-KEM-1024,encapsulation,87,210100,29704192,True,
86230baa-0c3e-43a8-8879-a0e633ce9dec,56e5dbbb-b79e-4bbd-82ac-528998b82b14,2026-08-12T16:54:13.163232+00:00,native_windows_x86_64,NATIVE_SOFTWARE,x86_64,"AMD64 Family 23 Model 96 Stepping 1, AuthenticAMD",12,7598,Windows-11-10.0.26200-SP0,N/A (prebuilt Python extension wheel),N/A,N/A (prebuilt wheel),pqcrypto,0.4.0,ML-KEM-1024,decapsulation,87,121400,29704192,True,
86230baa-0c3e-43a8-8879-a0e633ce9dec,56e5dbbb-b79e-4bbd-82ac-528998b82b14,2026-08-12T16:54:13.163491+00:00,native_windows_x86_64,NATIVE_SOFTWARE,x86_64,"AMD64 Family 23 Model 96 Stepping 1, AuthenticAMD",12,7598,Windows-11-10.0.26200-SP0,N/A (prebuilt Python extension wheel),N/A,N/A (prebuilt wheel),pqcrypto,0.4.0,ML-KEM-1024,keygen,88,376400,29708288,True,
86230baa-0c3e-43a8-8879-a0e633ce9dec,56e5dbbb-b79e-4bbd-82ac-528998b82b14,2026-08-12T16:54:13.164267+00:00,native_windows_x86_64,NATIVE_SOFTWARE,x86_64,"AMD64 Family 23 Model 96 Stepping 1, AuthenticAMD",12,7598,Windows-11-10.0.26200-SP0,N/A (prebuilt Python extension wheel),N/A,N/A (prebuilt wheel),pqcrypto,0.4.0,ML-KEM-1024,encapsulation,88,214000,29708288,True,
86230baa-0c3e-43a8-8879-a0e633ce9dec,56e5dbbb-b79e-4bbd-82ac-528998b82b14,2026-08-12T16:54:13.164634+00:00,native_windows_x86_64,NATIVE_SOFTWARE,x86_64,"AMD64 Family 23 Model 96 Stepping 1, AuthenticAMD",12,7598,Windows-11-10.0.26200-SP0,N/A (prebuilt Python extension wheel),N/A,N/A (prebuilt wheel),pqcrypto,0.4.0,ML-KEM-1024,decapsulation,88,105200,29708288,True,
86230baa-0c3e-43a8-8879-a0e633ce9dec,56e5dbbb-b79e-4bbd-82ac-528998b82b14,2026-08-12T16:54:13.164835+00:00,native_windows_x86_64,NATIVE_SOFTWARE,x86_64,"AMD64 Family 23 Model 96 Stepping 1, AuthenticAMD",12,7598,Windows-11-10.0.26200-SP0,N/A (prebuilt Python extension wheel),N/A,N/A (prebuilt wheel),pqcrypto,0.4.0,ML-KEM-1024,keygen,89,262100,29708288,True,
86230baa-0c3e-43a8-8879-a0e633ce9dec,56e5dbbb-b79e-4bbd-82ac-528998b82b14,2026-08-12T16:54:13.166033+00:00,native_windows_x86_64,NATIVE_SOFTWARE,x86_64,"AMD64 Family 23 Model 96 Stepping 1, AuthenticAMD",12,7598,Windows-11-10.0.26200-SP0,N/A (prebuilt Python extension wheel),N/A,N/A (prebuilt wheel),pqcrypto,0.4.0,ML-KEM-1024,encapsulation,89,205500,29708288,True,
86230baa-0c3e-43a8-8879-a0e633ce9dec,56e5dbbb-b79e-4bbd-82ac-528998b82b14,2026-08-12T16:54:13.166363+00:00,native_windows_x86_64,NATIVE_SOFTWARE,x86_64,"AMD64 Family 23 Model 96 Stepping 1, AuthenticAMD",12,7598,Windows-11-10.0.26200-SP0,N/A (prebuilt Python extension wheel),N/A,N/A (prebuilt wheel),pqcrypto,0.4.0,ML-KEM-1024,decapsulation,89,100600,29708288,True,
86230baa-0c3e-43a8-8879-a0e633ce9dec,56e5dbbb-b79e-4bbd-82ac-528998b82b14,2026-08-12T16:54:13.166545+00:00,native_windows_x86_64,NATIVE_SOFTWARE,x86_64,"AMD64 Family 23 Model 96 Stepping 1, AuthenticAMD",12,7598,Windows-11-10.0.26200-SP0,N/A (prebuilt Python extension wheel),N/A,N/A (prebuilt wheel),pqcrypto,0.4.0,ML-KEM-1024,keygen,90,209600,29708288,True,
86230baa-0c3e-43a8-8879-a0e633ce9dec,56e5dbbb-b79e-4bbd-82ac-528998b82b14,2026-08-12T16:54:13.167058+00:00,native_windows_x86_64,NATIVE_SOFTWARE,x86_64,"AMD64 Family 23 Model 96 Stepping 1, AuthenticAMD",12,7598,Windows-11-10.0.26200-SP0,N/A (prebuilt Python extension wheel),N/A,N/A (prebuilt wheel),pqcrypto,0.4.0,ML-KEM-1024,encapsulation,90,222800,29708288,True,
86230baa-0c3e-43a8-8879-a0e633ce9dec,56e5dbbb-b79e-4bbd-82ac-528998b82b14,2026-08-12T16:54:13.167381+00:00,native_windows_x86_64,NATIVE_SOFTWARE,x86_64,"AMD64 Family 23 Model 96 Stepping 1, AuthenticAMD",12,7598,Windows-11-10.0.26200-SP0,N/A (prebuilt Python extension wheel),N/A,N/A (prebuilt wheel),pqcrypto,0.4.0,ML-KEM-1024,decapsulation,90,107100,29708288,True,
86230baa-0c3e-43a8-8879-a0e633ce9dec,56e5dbbb-b79e-4bbd-82ac-528998b82b14,2026-08-12T16:54:13.167570+00:00,native_windows_x86_64,NATIVE_SOFTWARE,x86_64,"AMD64 Family 23 Model 96 Stepping 1, AuthenticAMD",12,7598,Windows-11-10.0.26200-SP0,N/A (prebuilt Python extension wheel),N/A,N/A (prebuilt wheel),pqcrypto,0.4.0,ML-KEM-1024,keygen,91,212700,29708288,True,
86230baa-0c3e-43a8-8879-a0e633ce9dec,56e5dbbb-b79e-4bbd-82ac-528998b82b14,2026-08-12T16:54:13.168118+00:00,native_windows_x86_64,NATIVE_SOFTWARE,x86_64,"AMD64 Family 23 Model 96 Stepping 1, AuthenticAMD",12,7598,Windows-11-10.0.26200-SP0,N/A (prebuilt Python extension wheel),N/A,N/A (prebuilt wheel),pqcrypto,0.4.0,ML-KEM-1024,encapsulation,91,217800,29708288,True,
86230baa-0c3e-43a8-8879-a0e633ce9dec,56e5dbbb-b79e-4bbd-82ac-528998b82b14,2026-08-12T16:54:13.168487+00:00,native_windows_x86_64,NATIVE_SOFTWARE,x86_64,"AMD64 Family 23 Model 96 Stepping 1, AuthenticAMD",12,7598,Windows-11-10.0.26200-SP0,N/A (prebuilt Python extension wheel),N/A,N/A (prebuilt wheel),pqcrypto,0.4.0,ML-KEM-1024,decapsulation,91,111300,29708288,True,
86230baa-0c3e-43a8-8879-a0e633ce9dec,56e5dbbb-b79e-4bbd-82ac-528998b82b14,2026-08-12T16:54:13.168742+00:00,native_windows_x86_64,NATIVE_SOFTWARE,x86_64,"AMD64 Family 23 Model 96 Stepping 1, AuthenticAMD",12,7598,Windows-11-10.0.26200-SP0,N/A (prebuilt Python extension wheel),N/A,N/A (prebuilt wheel),pqcrypto,0.4.0,ML-KEM-1024,keygen,92,304500,29708288,True,
86230baa-0c3e-43a8-8879-a0e633ce9dec,56e5dbbb-b79e-4bbd-82ac-528998b82b14,2026-08-12T16:54:13.169433+00:00,native_windows_x86_64,NATIVE_SOFTWARE,x86_64,"AMD64 Family 23 Model 96 Stepping 1, AuthenticAMD",12,7598,Windows-11-10.0.26200-SP0,N/A (prebuilt Python extension wheel),N/A,N/A (prebuilt wheel),pqcrypto,0.4.0,ML-KEM-1024,encapsulation,92,231000,29708288,True,
86230baa-0c3e-43a8-8879-a0e633ce9dec,56e5dbbb-b79e-4bbd-82ac-528998b82b14,2026-08-12T16:54:13.169887+00:00,native_windows_x86_64,NATIVE_SOFTWARE,x86_64,"AMD64 Family 23 Model 96 Stepping 1, AuthenticAMD",12,7598,Windows-11-10.0.26200-SP0,N/A (prebuilt Python extension wheel),N/A,N/A (prebuilt wheel),pqcrypto,0.4.0,ML-KEM-1024,decapsulation,92,103900,29708288,True,
86230baa-0c3e-43a8-8879-a0e633ce9dec,56e5dbbb-b79e-4bbd-82ac-528998b82b14,2026-08-12T16:54:13.170084+00:00,native_windows_x86_64,NATIVE_SOFTWARE,x86_64,"AMD64 Family 23 Model 96 Stepping 1, AuthenticAMD",12,7598,Windows-11-10.0.26200-SP0,N/A (prebuilt Python extension wheel),N/A,N/A (prebuilt wheel),pqcrypto,0.4.0,ML-KEM-1024,keygen,93,265400,29708288,True,
86230baa-0c3e-43a8-8879-a0e633ce9dec,56e5dbbb-b79e-4bbd-82ac-528998b82b14,2026-08-12T16:54:13.170699+00:00,native_windows_x86_64,NATIVE_SOFTWARE,x86_64,"AMD64 Family 23 Model 96 Stepping 1, AuthenticAMD",12,7598,Windows-11-10.0.26200-SP0,N/A (prebuilt Python extension wheel),N/A,N/A (prebuilt wheel),pqcrypto,0.4.0,ML-KEM-1024,encapsulation,93,218800,29708288,True,
86230baa-0c3e-43a8-8879-a0e633ce9dec,56e5dbbb-b79e-4bbd-82ac-528998b82b14,2026-08-12T16:54:13.171094+00:00,native_windows_x86_64,NATIVE_SOFTWARE,x86_64,"AMD64 Family 23 Model 96 Stepping 1, AuthenticAMD",12,7598,Windows-11-10.0.26200-SP0,N/A (prebuilt Python extension wheel),N/A,N/A (prebuilt wheel),pqcrypto,0.4.0,ML-KEM-1024,decapsulation,93,108400,29708288,True,
86230baa-0c3e-43a8-8879-a0e633ce9dec,56e5dbbb-b79e-4bbd-82ac-528998b82b14,2026-08-12T16:54:13.171299+00:00,native_windows_x86_64,NATIVE_SOFTWARE,x86_64,"AMD64 Family 23 Model 96 Stepping 1, AuthenticAMD",12,7598,Windows-11-10.0.26200-SP0,N/A (prebuilt Python extension wheel),N/A,N/A (prebuilt wheel),pqcrypto,0.4.0,ML-KEM-1024,keygen,94,255300,29708288,True,
86230baa-0c3e-43a8-8879-a0e633ce9dec,56e5dbbb-b79e-4bbd-82ac-528998b82b14,2026-08-12T16:54:13.171926+00:00,native_windows_x86_64,NATIVE_SOFTWARE,x86_64,"AMD64 Family 23 Model 96 Stepping 1, AuthenticAMD",12,7598,Windows-11-10.0.26200-SP0,N/A (prebuilt Python extension wheel),N/A,N/A (prebuilt wheel),pqcrypto,0.4.0,ML-KEM-1024,encapsulation,94,222800,29708288,True,
86230baa-0c3e-43a8-8879-a0e633ce9dec,56e5dbbb-b79e-4bbd-82ac-528998b82b14,2026-08-12T16:54:13.172288+00:00,native_windows_x86_64,NATIVE_SOFTWARE,x86_64,"AMD64 Family 23 Model 96 Stepping 1, AuthenticAMD",12,7598,Windows-11-10.0.26200-SP0,N/A (prebuilt Python extension wheel),N/A,N/A (prebuilt wheel),pqcrypto,0.4.0,ML-KEM-1024,decapsulation,94,102400,29708288,True,
86230baa-0c3e-43a8-8879-a0e633ce9dec,56e5dbbb-b79e-4bbd-82ac-528998b82b14,2026-08-12T16:54:13.172482+00:00,native_windows_x86_64,NATIVE_SOFTWARE,x86_64,"AMD64 Family 23 Model 96 Stepping 1, AuthenticAMD",12,7598,Windows-11-10.0.26200-SP0,N/A (prebuilt Python extension wheel),N/A,N/A (prebuilt wheel),pqcrypto,0.4.0,ML-KEM-1024,keygen,95,235300,29708288,True,
86230baa-0c3e-43a8-8879-a0e633ce9dec,56e5dbbb-b79e-4bbd-82ac-528998b82b14,2026-08-12T16:54:13.173061+00:00,native_windows_x86_64,NATIVE_SOFTWARE,x86_64,"AMD64 Family 23 Model 96 Stepping 1, AuthenticAMD",12,7598,Windows-11-10.0.26200-SP0,N/A (prebuilt Python extension wheel),N/A,N/A (prebuilt wheel),pqcrypto,0.4.0,ML-KEM-1024,encapsulation,95,306600,29708288,True,
86230baa-0c3e-43a8-8879-a0e633ce9dec,56e5dbbb-b79e-4bbd-82ac-528998b82b14,2026-08-12T16:54:13.173583+00:00,native_windows_x86_64,NATIVE_SOFTWARE,x86_64,"AMD64 Family 23 Model 96 Stepping 1, AuthenticAMD",12,7598,Windows-11-10.0.26200-SP0,N/A (prebuilt Python extension wheel),N/A,N/A (prebuilt wheel),pqcrypto,0.4.0,ML-KEM-1024,decapsulation,95,144200,29708288,True,
86230baa-0c3e-43a8-8879-a0e633ce9dec,56e5dbbb-b79e-4bbd-82ac-528998b82b14,2026-08-12T16:54:13.173863+00:00,native_windows_x86_64,NATIVE_SOFTWARE,x86_64,"AMD64 Family 23 Model 96 Stepping 1, AuthenticAMD",12,7598,Windows-11-10.0.26200-SP0,N/A (prebuilt Python extension wheel),N/A,N/A (prebuilt wheel),pqcrypto,0.4.0,ML-KEM-1024,keygen,96,318300,29708288,True,
86230baa-0c3e-43a8-8879-a0e633ce9dec,56e5dbbb-b79e-4bbd-82ac-528998b82b14,2026-08-12T16:54:13.174609+00:00,native_windows_x86_64,NATIVE_SOFTWARE,x86_64,"AMD64 Family 23 Model 96 Stepping 1, AuthenticAMD",12,7598,Windows-11-10.0.26200-SP0,N/A (prebuilt Python extension wheel),N/A,N/A (prebuilt wheel),pqcrypto,0.4.0,ML-KEM-1024,encapsulation,96,238900,29708288,True,
86230baa-0c3e-43a8-8879-a0e633ce9dec,56e5dbbb-b79e-4bbd-82ac-528998b82b14,2026-08-12T16:54:13.175108+00:00,native_windows_x86_64,NATIVE_SOFTWARE,x86_64,"AMD64 Family 23 Model 96 Stepping 1, AuthenticAMD",12,7598,Windows-11-10.0.26200-SP0,N/A (prebuilt Python extension wheel),N/A,N/A (prebuilt wheel),pqcrypto,0.4.0,ML-KEM-1024,decapsulation,96,114100,29708288,True,
86230baa-0c3e-43a8-8879-a0e633ce9dec,56e5dbbb-b79e-4bbd-82ac-528998b82b14,2026-08-12T16:54:13.175326+00:00,native_windows_x86_64,NATIVE_SOFTWARE,x86_64,"AMD64 Family 23 Model 96 Stepping 1, AuthenticAMD",12,7598,Windows-11-10.0.26200-SP0,N/A (prebuilt Python extension wheel),N/A,N/A (prebuilt wheel),pqcrypto,0.4.0,ML-KEM-1024,keygen,97,300600,29708288,True,
86230baa-0c3e-43a8-8879-a0e633ce9dec,56e5dbbb-b79e-4bbd-82ac-528998b82b14,2026-08-12T16:54:13.176057+00:00,native_windows_x86_64,NATIVE_SOFTWARE,x86_64,"AMD64 Family 23 Model 96 Stepping 1, AuthenticAMD",12,7598,Windows-11-10.0.26200-SP0,N/A (prebuilt Python extension wheel),N/A,N/A (prebuilt wheel),pqcrypto,0.4.0,ML-KEM-1024,encapsulation,97,249100,29708288,True,
86230baa-0c3e-43a8-8879-a0e633ce9dec,56e5dbbb-b79e-4bbd-82ac-528998b82b14,2026-08-12T16:54:13.176509+00:00,native_windows_x86_64,NATIVE_SOFTWARE,x86_64,"AMD64 Family 23 Model 96 Stepping 1, AuthenticAMD",12,7598,Windows-11-10.0.26200-SP0,N/A (prebuilt Python extension wheel),N/A,N/A (prebuilt wheel),pqcrypto,0.4.0,ML-KEM-1024,decapsulation,97,107100,29708288,True,
86230baa-0c3e-43a8-8879-a0e633ce9dec,56e5dbbb-b79e-4bbd-82ac-528998b82b14,2026-08-12T16:54:13.176712+00:00,native_windows_x86_64,NATIVE_SOFTWARE,x86_64,"AMD64 Family 23 Model 96 Stepping 1, AuthenticAMD",12,7598,Windows-11-10.0.26200-SP0,N/A (prebuilt Python extension wheel),N/A,N/A (prebuilt wheel),pqcrypto,0.4.0,ML-KEM-1024,keygen,98,273200,29708288,True,
86230baa-0c3e-43a8-8879-a0e633ce9dec,56e5dbbb-b79e-4bbd-82ac-528998b82b14,2026-08-12T16:54:13.177306+00:00,native_windows_x86_64,NATIVE_SOFTWARE,x86_64,"AMD64 Family 23 Model 96 Stepping 1, AuthenticAMD",12,7598,Windows-11-10.0.26200-SP0,N/A (prebuilt Python extension wheel),N/A,N/A (prebuilt wheel),pqcrypto,0.4.0,ML-KEM-1024,encapsulation,98,215900,29708288,True,
86230baa-0c3e-43a8-8879-a0e633ce9dec,56e5dbbb-b79e-4bbd-82ac-528998b82b14,2026-08-12T16:54:13.177644+00:00,native_windows_x86_64,NATIVE_SOFTWARE,x86_64,"AMD64 Family 23 Model 96 Stepping 1, AuthenticAMD",12,7598,Windows-11-10.0.26200-SP0,N/A (prebuilt Python extension wheel),N/A,N/A (prebuilt wheel),pqcrypto,0.4.0,ML-KEM-1024,decapsulation,98,102400,29708288,True,
86230baa-0c3e-43a8-8879-a0e633ce9dec,56e5dbbb-b79e-4bbd-82ac-528998b82b14,2026-08-12T16:54:13.177848+00:00,native_windows_x86_64,NATIVE_SOFTWARE,x86_64,"AMD64 Family 23 Model 96 Stepping 1, AuthenticAMD",12,7598,Windows-11-10.0.26200-SP0,N/A (prebuilt Python extension wheel),N/A,N/A (prebuilt wheel),pqcrypto,0.4.0,ML-KEM-1024,keygen,99,239800,29708288,True,
86230baa-0c3e-43a8-8879-a0e633ce9dec,56e5dbbb-b79e-4bbd-82ac-528998b82b14,2026-08-12T16:54:13.178421+00:00,native_windows_x86_64,NATIVE_SOFTWARE,x86_64,"AMD64 Family 23 Model 96 Stepping 1, AuthenticAMD",12,7598,Windows-11-10.0.26200-SP0,N/A (prebuilt Python extension wheel),N/A,N/A (prebuilt wheel),pqcrypto,0.4.0,ML-KEM-1024,encapsulation,99,210500,29708288,True,
86230baa-0c3e-43a8-8879-a0e633ce9dec,56e5dbbb-b79e-4bbd-82ac-528998b82b14,2026-08-12T16:54:13.178747+00:00,native_windows_x86_64,NATIVE_SOFTWARE,x86_64,"AMD64 Family 23 Model 96 Stepping 1, AuthenticAMD",12,7598,Windows-11-10.0.26200-SP0,N/A (prebuilt Python extension wheel),N/A,N/A (prebuilt wheel),pqcrypto,0.4.0,ML-KEM-1024,decapsulation,99,104100,29708288,True,
86230baa-0c3e-43a8-8879-a0e633ce9dec,56e5dbbb-b79e-4bbd-82ac-528998b82b14,2026-08-12T16:54:13.178943+00:00,native_windows_x86_64,NATIVE_SOFTWARE,x86_64,"AMD64 Family 23 Model 96 Stepping 1, AuthenticAMD",12,7598,Windows-11-10.0.26200-SP0,N/A (prebuilt Python extension wheel),N/A,N/A (prebuilt wheel),pqcrypto,0.4.0,ML-KEM-1024,keygen,100,322700,29708288,True,
86230baa-0c3e-43a8-8879-a0e633ce9dec,56e5dbbb-b79e-4bbd-82ac-528998b82b14,2026-08-12T16:54:13.179638+00:00,native_windows_x86_64,NATIVE_SOFTWARE,x86_64,"AMD64 Family 23 Model 96 Stepping 1, AuthenticAMD",12,7598,Windows-11-10.0.26200-SP0,N/A (prebuilt Python extension wheel),N/A,N/A (prebuilt wheel),pqcrypto,0.4.0,ML-KEM-1024,encapsulation,100,232200,29708288,True,
86230baa-0c3e-43a8-8879-a0e633ce9dec,56e5dbbb-b79e-4bbd-82ac-528998b82b14,2026-08-12T16:54:13.180027+00:00,native_windows_x86_64,NATIVE_SOFTWARE,x86_64,"AMD64 Family 23 Model 96 Stepping 1, AuthenticAMD",12,7598,Windows-11-10.0.26200-SP0,N/A (prebuilt Python extension wheel),N/A,N/A (prebuilt wheel),pqcrypto,0.4.0,ML-KEM-1024,decapsulation,100,103900,29708288,True,
